entity,fir_count,direct_complainants,investigative_connections
Aachal Agarwal,1,1,1
Aachal Aggarwal,1,1,0
Aachal Aurora,1,1,0
Aachal Babu,1,1,0
Aachal Balasubramanian,1,1,0
Aachal Banik,1,1,0
Aachal Buch,1,1,0
Aachal Chauhan,1,1,0
Aachal Choudhry,1,1,0
Aachal Dasgupta,1,1,0
Aachal Divan,1,1,0
Aachal Dyal,1,1,0
Aachal Grover,1,1,0
Aachal Kadakia,1,1,0
Aachal Kamdar,1,1,0
Aachal Kapadia,1,1,0
Aachal Kaur,1,1,0
Aachal Luthra,1,1,0
Aachal Mandal,1,1,0
Aachal Morar,2,2,0
Aachal Naidu,1,1,0
Aachal Palla,1,1,0
Aachal Patla,1,1,0
Aachal Prabhakar,1,1,0
Aachal Prakash,1,1,0
Aachal Prasad,1,1,1
Aachal Radhakrishnan,1,1,0
Aachal Ramesh,1,1,0
Aachal Rao,1,1,0
Aachal Sahota,1,1,0
Aachal Salvi,1,1,2
Aachal Sami,1,1,0
Aachal Sankar,1,1,0
Aachal Sankaran,1,1,0
Aachal Sant,1,1,0
Aachal Sarkar,1,1,0
Aachal Sem,1,1,0
Aachal Sharaf,1,1,0
Aachal Sinha,1,1,0
Aachal Sridhar,1,1,0
Aachal Tara,1,1,1
Aachal Tripathi,1,1,0
Aachal Upadhyay,2,2,0
Aachal Venkatesh,1,1,0
Aachal Wadhwa,1,1,1
Aachal Yogi,1,1,0
Aadhya Agarwal,1,1,0
Aadhya Ahuja,1,1,0
Aadhya Anand,1,1,0
Aadhya Bahl,1,1,0
Aadhya Bajwa,1,1,0
Aadhya Bhasin,1,1,0
Aadhya Borah,2,2,0
Aadhya Brahmbhatt,1,1,1
Aadhya Chada,1,1,0
Aadhya Chana,1,1,0
Aadhya Chandra,1,1,0
Aadhya Cheema,1,1,0
Aadhya Chopra,1,1,0
Aadhya Dave,1,1,1
Aadhya Dutta,1,1,0
Aadhya Ganesh,1,1,0
Aadhya Hans,1,1,0
Aadhya Hari,1,1,0
Aadhya Issac,1,1,0
Aadhya Kara,1,1,0
Aadhya Khare,1,1,0
Aadhya Lalla,1,1,0
Aadhya More,1,1,0
Aadhya Nadig,1,1,0
Aadhya Narang,1,1,0
Aadhya Pal,1,1,0
Aadhya Peri,1,1,1
Aadhya Ravi,1,1,0
Aadhya Saraf,2,2,1
Aadhya Sarma,1,1,0
Aadhya Sarraf,1,1,1
Aadhya Sen,1,1,0
Aadhya Sule,1,1,0
Aadhya Sunder,1,1,0
Aadhya Thakkar,1,1,1
Aadhya Vaidya,1,1,0
Aadhya Vala,1,1,0
Aadhya Varma,1,1,0
Aadhya Vig,1,1,0
Aadhya Warrior,1,1,1
Aadhya Yogi,1,1,0
Aadhya Zacharia,1,1,0
Aadi Ahluwalia,1,1,0
Aadi Bajaj,1,1,0
Aadi Banik,1,1,0
Aadi Bawa,1,1,0
Aadi Bedi,1,1,0
Aadi Bera,2,2,0
Aadi Bhavsar,1,1,0
Aadi Biswas,1,1,0
Aadi Buch,1,1,0
Aadi Bumb,1,1,0
Aadi Chadha,1,1,0
Aadi Chaudhari,1,1,0
Aadi Contractor,1,1,0
Aadi Dasgupta,1,1,0
Aadi Din,1,1,0
Aadi Dua,1,1,0
Aadi Ganesan,1,1,0
Aadi Grewal,1,1,1
Aadi Hari,2,2,1
Aadi Kapoor,1,1,0
Aadi Kata,1,1,0
Aadi Korpal,1,1,0
Aadi Kota,1,1,0
Aadi Krishna,1,1,0
Aadi Lad,1,1,0
Aadi Mallick,1,1,0
Aadi Manne,1,1,0
Aadi Modi,1,1,0
Aadi Munshi,1,1,0
Aadi Nair,1,1,0
Aadi Pandit,1,1,0
Aadi Prabhakar,1,1,0
Aadi Prabhu,1,1,0
Aadi Ramanathan,1,1,1
Aadi Sankaran,1,1,0
Aadi Sarkar,1,1,0
Aadi Seth,1,1,1
Aadi Sheth,1,1,0
Aadi Srivastava,1,1,0
Aadi Sule,1,1,0
Aadi Thaman,1,1,0
Aadi Wable,1,1,0
Aadi Wagle,1,1,0
Aahana Agate,1,1,0
Aahana Agrawal,1,1,0
Aahana Bahri,1,1,0
Aahana Bains,1,1,0
Aahana Batra,1,1,0
Aahana Bhakta,1,1,0
Aahana Bhardwaj,2,2,0
Aahana Chacko,1,1,0
Aahana Chakraborty,1,1,0
Aahana Chandra,1,1,0
Aahana Cheema,1,1,0
Aahana Cherian,1,1,1
Aahana Choudhary,1,1,0
Aahana Dave,2,2,0
Aahana Deo,1,1,1
Aahana Dhingra,1,1,1
Aahana Gaba,1,1,0
Aahana Gandhi,1,1,0
Aahana Guha,1,1,1
Aahana Joshi,1,1,0
Aahana Kala,1,1,0
Aahana Lal,1,1,0
Aahana Mandal,1,1,0
Aahana Mohanty,1,1,0
Aahana Mukhopadhyay,1,1,0
Aahana Nagarajan,1,1,0
Aahana Nair,1,1,0
Aahana Nayar,1,1,0
Aahana Oza,1,1,0
Aahana Parikh,2,2,0
Aahana Patel,1,1,0
Aahana Pau,1,1,0
Aahana Prabhu,1,1,0
Aahana Raghavan,1,1,0
Aahana Rege,1,1,0
Aahana Saini,1,1,0
Aahana Sandhu,1,1,0
Aahana Sani,1,1,0
Aahana Saran,1,1,0
Aahana Sen,1,1,1
Aahana Setty,1,1,0
Aahana Tiwari,1,1,0
Aahana Virk,1,1,1
Aahana Vora,1,1,0
Aahana Wali,2,2,0
Aahana Yogi,1,1,0
Aarav Atwal,1,1,0
Aarav Bali,1,1,0
Aarav Basak,2,2,0
Aarav Behl,1,1,0
Aarav Chand,1,1,0
Aarav Chaudhuri,1,1,0
Aarav Comar,1,1,0
Aarav Desai,1,1,0
Aarav Dey,1,1,0
Aarav Dhar,2,2,0
Aarav Dixit,1,1,1
Aarav Dugal,1,1,0
Aarav D’Alia,1,1,0
Aarav Gill,1,1,0
Aarav Gour,2,2,0
Aarav Issac,1,1,0
Aarav Johal,1,1,0
Aarav Kale,1,1,0
Aarav Kanda,1,1,0
Aarav Keer,1,1,0
Aarav Khanna,1,1,0
Aarav Korpal,1,1,0
Aarav Magar,1,1,0
Aarav Mand,1,1,0
Aarav Mani,1,1,0
Aarav Muni,1,1,0
Aarav Murthy,1,1,0
Aarav Nagar,1,1,0
Aarav Nagi,1,1,0
Aarav Narain,1,1,1
Aarav Narula,1,1,0
Aarav Nori,1,1,0
Aarav Raja,2,2,0
Aarav Rajan,1,1,0
Aarav Ramaswamy,1,1,1
Aarav Sampath,1,1,0
Aarav Sant,1,1,0
Aarav Sheth,1,1,0
Aarav Sule,1,1,0
Aarav Sunder,1,1,0
Aarav Tripathi,1,1,0
Aarini Badal,1,1,1
Aarini Bala,1,1,0
Aarini Balakrishnan,1,1,0
Aarini Baral,1,1,0
Aarini Basak,1,1,0
Aarini Bhatia,1,1,0
Aarini Dada,1,1,0
Aarini Dhawan,1,1,0
Aarini Din,1,1,0
Aarini Doctor,1,1,0
Aarini Dubey,1,1,0
Aarini Garg,1,1,1
Aarini Hora,1,1,0
Aarini Kalla,1,1,0
Aarini Karnik,1,1,0
Aarini Kaur,1,1,0
Aarini Khare,1,1,0
Aarini Kumar,1,1,0
Aarini Madan,1,1,0
Aarini Mahajan,1,1,0
Aarini Nanda,1,1,0
Aarini Palla,2,2,0
Aarini Pathak,1,1,0
Aarini Rajagopal,1,1,0
Aarini Ramachandran,1,1,0
Aarini Ramaswamy,1,1,0
Aarini Sarraf,1,1,0
Aarini Sawhney,1,1,0
Aarini Sharaf,1,1,0
Aarini Sidhu,1,1,0
Aarini Sura,1,1,0
Aarini Suresh,1,1,0
Aarini Taneja,1,1,0
Aarini Varughese,1,1,0
Aarna Agate,1,1,0
Aarna Badami,1,1,0
Aarna Batra,1,1,0
Aarna Bhandari,1,1,0
Aarna Chakraborty,1,1,0
Aarna Chand,2,2,0
Aarna Dara,1,1,0
Aarna Deol,1,1,1
Aarna Deshpande,1,1,0
Aarna Dhawan,1,1,0
Aarna Gaba,1,1,0
Aarna Ganguly,1,1,0
Aarna Gara,1,1,0
Aarna Issac,1,1,0
Aarna Jani,1,1,0
Aarna Kapur,1,1,0
Aarna Kara,1,1,1
Aarna Kunda,1,1,0
Aarna Mistry,1,1,0
Aarna Mittal,1,1,0
Aarna Padmanabhan,1,1,0
Aarna Pandya,1,1,0
Aarna Prabhu,1,1,0
Aarna Puri,1,1,0
Aarna Randhawa,1,1,0
Aarna Rattan,1,1,0
Aarna Raval,2,2,2
Aarna Sarma,1,1,0
Aarna Sarna,1,1,0
Aarna Sarraf,1,1,0
Aarna Seth,1,1,0
Aarna Shanker,1,1,0
Aarna Srinivasan,1,1,0
Aarna Swamy,1,1,1
Aarna Tailor,1,1,0
Aarna Thakur,1,1,0
Aarna Thaman,1,1,0
Aarna Uppal,1,1,0
Aarna Wadhwa,1,1,0
Aarnav Bandi,1,1,0
Aarnav Barad,1,1,0
Aarnav Basak,1,1,0
Aarnav Basu,1,1,0
Aarnav Ben,1,1,0
Aarnav Chakraborty,1,1,0
Aarnav Chand,1,1,0
Aarnav Chaudhari,1,1,1
Aarnav Choudhury,1,1,0
Aarnav Dey,2,2,1
Aarnav Dixit,1,1,0
Aarnav Kalla,1,1,0
Aarnav Kanda,1,1,0
Aarnav Korpal,1,1,0
Aarnav Kothari,1,1,0
Aarnav Krishna,1,1,0
Aarnav Kumar,2,2,0
Aarnav Kuruvilla,1,1,0
Aarnav Lala,1,1,0
Aarnav Lall,1,1,0
Aarnav Loke,1,1,0
Aarnav Majumdar,1,1,0
Aarnav Mammen,1,1,0
Aarnav Manda,1,1,0
Aarnav Mander,1,1,0
Aarnav Mane,1,1,0
Aarnav Memon,1,1,0
Aarnav Mistry,1,1,0
Aarnav Mukhopadhyay,1,1,0
Aarnav Naidu,1,1,0
Aarnav Natarajan,1,1,0
Aarnav Raj,1,1,0
Aarnav Sabharwal,1,1,0
Aarnav Sagar,1,1,0
Aarnav Sampath,1,1,1
Aarnav Sekhon,1,1,0
Aarnav Sodhi,1,1,0
Aarnav Soman,1,1,1
Aarnav Taneja,1,1,0
Aarnav Vaidya,1,1,0
Aarnav Varkey,1,1,0
Aarnav Wason,1,1,0
Aarush Aggarwal,1,1,0
Aarush Ahuja,1,1,0
Aarush Anand,1,1,0
Aarush Atwal,1,1,0
Aarush Bahl,1,1,0
Aarush Balasubramanian,1,1,0
Aarush Banik,1,1,0
Aarush Behl,1,1,0
Aarush Bhavsar,1,1,0
Aarush Borde,1,1,0
Aarush Chakraborty,1,1,0
Aarush Chander,1,1,0
Aarush Chandran,1,1,0
Aarush Chhabra,1,1,0
Aarush Contractor,1,1,0
Aarush Dada,1,1,0
Aarush Dhillon,1,1,0
Aarush Divan,1,1,0
Aarush Dutta,1,1,1
Aarush Gera,1,1,0
Aarush Gokhale,1,1,0
Aarush Golla,1,1,0
Aarush Goyal,1,1,0
Aarush Hayer,1,1,0
Aarush Jha,1,1,0
Aarush Kala,1,1,0
Aarush Kalla,1,1,0
Aarush Kata,1,1,1
Aarush Khatri,1,1,0
Aarush Korpal,1,1,0
Aarush Lad,1,1,0
Aarush Loyal,1,1,0
Aarush Memon,1,1,0
Aarush Mitra,1,1,0
Aarush Modi,1,1,0
Aarush Nagar,1,1,0
Aarush Parekh,1,1,0
Aarush Pau,1,1,0
Aarush Ranganathan,1,1,0
Aarush Ratti,1,1,0
Aarush Reddy,1,1,0
Aarush Sathe,1,1,0
Aarush Tara,2,2,1
Aarush Wali,1,1,0
Aashi Badami,1,1,0
Aashi Bahl,1,1,0
Aashi Bakshi,1,1,0
Aashi Banik,1,1,0
Aashi Barad,1,1,0
Aashi Barman,1,1,0
Aashi Batta,1,1,0
Aashi Ben,1,1,0
Aashi Bhatt,2,2,0
Aashi Bir,1,1,0
Aashi Bobal,1,1,0
Aashi Chada,1,1,0
Aashi Chakraborty,2,2,0
Aashi Chana,1,1,0
Aashi Chatterjee,1,1,0
Aashi Deep,1,1,0
Aashi Dixit,1,1,0
Aashi Grewal,1,1,0
Aashi Hari,2,2,0
Aashi Iyengar,1,1,0
Aashi Kaur,1,1,0
Aashi Khatri,1,1,0
Aashi Kunda,1,1,1
Aashi Lalla,1,1,0
Aashi Mohan,1,1,0
Aashi Mohanty,1,1,0
Aashi Murthy,1,1,0
Aashi Parekh,1,1,1
Aashi Pau,1,1,0
Aashi Prasad,1,1,0
Aashi Ramakrishnan,1,1,0
Aashi Ravi,1,1,0
Aashi Samra,1,1,0
Aashi Sawhney,1,1,0
Aashi Shankar,1,1,0
Aashi Shere,1,1,0
Aashi Shukla,1,1,0
Aashi Vaidya,1,1,0
Aashi Varkey,1,1,0
Aashi Wali,1,1,0
Aashi Warrior,1,1,0
Aayush Anand,1,1,0
Aayush Arora,1,1,0
Aayush Bahri,1,1,0
Aayush Bali,1,1,0
Aayush Banik,1,1,0
Aayush Barad,1,1,0
Aayush Barman,1,1,0
Aayush Basak,1,1,0
Aayush Basu,1,1,0
Aayush Bedi,1,1,0
Aayush Bhandari,1,1,0
Aayush Buch,1,1,0
Aayush Chander,1,1,0
Aayush Chaudry,1,1,0
Aayush Chauhan,1,1,0
Aayush Dani,1,1,0
Aayush Dayal,1,1,1
Aayush Deshpande,1,1,0
Aayush Gara,1,1,0
Aayush Jani,1,1,0
Aayush Keer,1,1,0
Aayush Khare,1,1,1
Aayush Koshy,1,1,0
Aayush Lall,1,1,0
Aayush Madan,1,1,1
Aayush Mandal,1,1,0
Aayush Mani,1,1,0
Aayush Mannan,1,1,0
Aayush Murty,1,1,0
Aayush Nair,1,1,0
Aayush Om,1,1,0
Aayush Pathak,1,1,0
Aayush Pillay,1,1,0
Aayush Rajagopal,1,1,0
Aayush Raju,1,1,0
Aayush Ratta,1,1,0
Aayush Sani,1,1,0
Aayush Sekhon,1,1,0
Aayush Shenoy,1,1,0
Aayush Soni,1,1,0
Aayush Sridhar,1,1,0
Aayush Tailor,1,1,0
Aayush Tiwari,1,1,0
Aayush Vig,1,1,0
Aayush Wali,1,1,0
Aayush Wason,1,1,0
Abdul Ahluwalia,1,1,0
Abdul Arya,1,1,0
Abdul Badal,1,1,0
Abdul Balay,1,1,0
Abdul Batta,1,1,1
Abdul Bhalla,1,1,0
Abdul Borah,1,1,0
Abdul Chacko,1,1,0
Abdul Chaudhry,1,1,0
Abdul Cherian,1,1,0
Abdul Chokshi,1,1,0
Abdul Dara,1,1,0
Abdul Dave,1,1,0
Abdul Divan,1,1,0
Abdul Garg,1,1,0
Abdul Goswami,1,1,0
Abdul Grover,1,1,0
Abdul Kamdar,1,1,0
Abdul Konda,1,1,0
Abdul Kumar,1,1,3
Abdul Mitra,1,1,0
Abdul Nazareth,1,1,0
Abdul Pingle,1,1,0
Abdul Prabhu,1,1,0
Abdul Rai,2,2,0
Abdul Reddy,1,1,0
Abdul Sagar,1,1,0
Abdul Sahota,1,1,0
Abdul Sangha,1,1,0
Abdul Sarkar,1,1,0
Abdul Sarma,1,1,0
Abdul Sarna,1,1,0
Abdul Saxena,1,1,0
Abdul Soni,1,1,0
Abdul Sunder,1,1,0
Abdul Tara,1,1,0
Abdul Vasa,2,2,0
Abdul Verma,1,1,0
Abdul Walla,1,1,0
Abdul Yadav,1,1,0
Abeer Agate,1,1,1
Abeer Arya,1,1,0
Abeer Atwal,1,1,0
Abeer Banik,1,1,0
Abeer Bansal,1,1,0
Abeer Bhardwaj,1,1,0
Abeer Bir,1,1,0
Abeer Boase,1,1,0
Abeer Chad,1,1,0
Abeer Chakrabarti,1,1,0
Abeer Dada,1,1,0
Abeer Datta,1,1,0
Abeer Devi,1,1,0
Abeer Dora,1,1,1
Abeer Gala,1,1,0
Abeer Gandhi,2,2,0
Abeer Gara,1,1,0
Abeer Goswami,1,1,0
Abeer Grewal,1,1,0
Abeer Hans,1,1,0
Abeer Hayre,1,1,0
Abeer Kamdar,1,1,0
Abeer Kant,1,1,0
Abeer Loyal,1,1,0
Abeer Mahajan,1,1,0
Abeer Mohanty,1,1,0
Abeer Murthy,1,1,1
Abeer Nagy,1,1,0
Abeer Pall,1,1,0
Abeer Purohit,1,1,0
Abeer Rajagopalan,1,1,0
Abeer Ram,1,1,0
Abeer Reddy,1,1,1
Abeer Rege,1,1,0
Abeer Sandhu,1,1,0
Abeer Sant,1,1,0
Abeer Sarma,1,1,0
Abeer Sengupta,1,1,0
Abeer Shenoy,1,1,0
Abeer Srivastava,1,1,0
Abeer Sura,1,1,0
Abeer Thaman,1,1,0
Abeer Varma,1,1,0
Abha Acharya,1,1,0
Abha Bains,1,1,0
Abha Bala,1,1,0
Abha Bath,1,1,0
Abha Bava,1,1,0
Abha Ben,1,1,0
Abha Chakrabarti,1,1,0
Abha Dani,1,1,0
Abha Dhingra,1,1,0
Abha Din,1,1,0
Abha Dixit,1,1,0
Abha Gara,1,1,0
Abha Grewal,1,1,0
Abha Guha,1,1,0
Abha Gupta,1,1,0
Abha Hayer,1,1,0
Abha Kant,2,2,0
Abha Kaul,1,1,0
Abha Madan,1,1,0
Abha Master,1,1,0
Abha Mital,1,1,1
Abha Modi,1,1,0
Abha Mukherjee,1,1,0
Abha Nagar,1,1,0
Abha Parmar,1,1,0
Abha Parsa,1,1,0
Abha Raju,1,1,0
Abha Rana,1,1,0
Abha Sen,1,1,0
Abha Sha,1,1,0
Abha Sibal,1,1,0
Abha Srinivas,1,1,0
Abha Srinivasan,1,1,0
Abha Varghese,1,1,0
Abha Varkey,1,1,0
Abha Varughese,1,1,0
Abha Vig,1,1,0
Abhimanyu Agrawal,1,1,0
Abhimanyu Banik,1,1,0
Abhimanyu Bir,1,1,0
Abhimanyu Borah,1,1,0
Abhimanyu Buch,1,1,1
Abhimanyu Bumb,1,1,0
Abhimanyu Chad,1,1,0
Abhimanyu Chatterjee,1,1,0
Abhimanyu Chopra,1,1,0
Abhimanyu Comar,1,1,0
Abhimanyu Dalal,1,1,0
Abhimanyu Dara,1,1,0
Abhimanyu Date,1,1,0
Abhimanyu De,1,1,1
Abhimanyu Desai,1,1,0
Abhimanyu Devan,1,1,0
Abhimanyu Dey,1,1,0
Abhimanyu Dhaliwal,1,1,0
Abhimanyu Dhawan,1,1,0
Abhimanyu Dhingra,1,1,0
Abhimanyu Ganguly,1,1,0
Abhimanyu Gole,1,1,0
Abhimanyu Golla,1,1,0
Abhimanyu Hans,1,1,1
Abhimanyu Hari,2,2,0
Abhimanyu Hegde,1,1,1
Abhimanyu Jaggi,1,1,0
Abhimanyu Kade,1,1,0
Abhimanyu Kalla,1,1,0
Abhimanyu Kant,1,1,0
Abhimanyu Kar,1,1,0
Abhimanyu Kari,1,1,0
Abhimanyu Kashyap,1,1,0
Abhimanyu Kaur,1,1,0
Abhimanyu Lad,1,1,0
Abhimanyu Mistry,1,1,0
Abhimanyu Mital,1,1,0
Abhimanyu Naidu,1,1,0
Abhimanyu Narayan,1,1,0
Abhimanyu Pandya,1,1,0
Abhimanyu Parekh,1,1,0
Abhimanyu Patla,1,1,0
Abhimanyu Puri,1,1,0
Abhimanyu Ramesh,1,1,0
Abhimanyu Rege,1,1,0
Abhimanyu Rout,1,1,0
Abhimanyu Sahota,2,2,0
Abhimanyu Sengupta,2,2,0
Abhimanyu Seth,1,1,1
Abhimanyu Shan,1,1,0
Abhimanyu Shroff,1,1,0
Abhimanyu Srinivas,1,1,0
Abhimanyu Subramanian,1,1,0
Abhimanyu Venkataraman,1,1,0
Abhimanyu Viswanathan,1,1,0
Abhimanyu Vyas,1,1,0
Abhimanyu Wali,1,1,0
Abhiram Anne,1,1,0
Abhiram Aurora,1,1,0
Abhiram Barad,1,1,0
Abhiram Bava,1,1,0
Abhiram Bhakta,1,1,0
Abhiram Bhandari,1,1,0
Abhiram Bhasin,1,1,0
Abhiram Bir,1,1,0
Abhiram Chander,1,1,0
Abhiram Choudhary,1,1,0
Abhiram Dalal,1,1,0
Abhiram Date,1,1,0
Abhiram Dhar,1,1,0
Abhiram Dora,1,1,0
Abhiram Gandhi,1,1,0
Abhiram Grewal,2,2,0
Abhiram Hayer,1,1,0
Abhiram Iyengar,1,1,0
Abhiram Kade,1,1,0
Abhiram Kamdar,1,1,0
Abhiram Karan,1,1,0
Abhiram Krishna,1,1,0
Abhiram Kumer,1,1,0
Abhiram Magar,1,1,1
Abhiram Mittal,1,1,0
Abhiram Oza,1,1,0
Abhiram Pandey,1,1,0
Abhiram Peri,1,1,0
Abhiram Puri,1,1,0
Abhiram Rao,1,1,0
Abhiram Rau,1,1,0
Abhiram Sangha,1,1,1
Abhiram Savant,1,1,0
Abhiram Sem,1,1,0
Abhiram Srinivasan,1,1,0
Abhiram Sundaram,1,1,0
Abhiram Varghese,1,1,0
Abhiram Vohra,1,1,0
Abhiram Yadav,1,1,0
Abhiram Zacharia,1,1,0
Aditya Babu,1,1,0
Aditya Badal,1,1,0
Aditya Bains,1,1,0
Aditya Banerjee,1,1,0
Aditya Baral,1,1,0
Aditya Bassi,1,1,0
Aditya Bhasin,1,1,0
Aditya Chauhan,1,1,0
Aditya Cheema,1,1,1
Aditya Dewan,1,1,0
Aditya D’Alia,1,1,0
Aditya Gaba,1,1,0
Aditya Ganguly,1,1,0
Aditya Garde,1,1,0
Aditya Guha,1,1,0
Aditya Gulati,1,1,0
Aditya Hari,1,1,0
Aditya Kata,1,1,0
Aditya Konda,1,1,1
Aditya Korpal,1,1,0
Aditya Loke,1,1,0
Aditya Loyal,1,1,1
Aditya Mody,1,1,1
Aditya Morar,1,1,0
Aditya Naidu,1,1,0
Aditya Nazareth,1,1,0
Aditya Oommen,1,1,0
Aditya Pai,1,1,0
Aditya Pall,1,1,0
Aditya Panchal,1,1,0
Aditya Prakash,1,1,0
Aditya Purohit,1,1,1
Aditya Rajagopal,2,2,0
Aditya Rastogi,1,1,0
Aditya Sandal,1,1,0
Aditya Sant,1,1,0
Aditya Sehgal,1,1,0
Aditya Sekhon,1,1,0
Aditya Singhal,1,1,0
Aditya Sodhi,1,1,0
Aditya Soman,1,1,0
Aditya Sridhar,1,1,0
Aditya Sule,1,1,0
Aditya Vala,1,1,0
Aditya Wali,2,2,1
Aditya Warrior,1,1,0
Advaith Ahluwalia,1,1,0
Advaith Anne,1,1,0
Advaith Badal,1,1,0
Advaith Badami,1,1,0
Advaith Bahl,1,1,0
Advaith Bala,1,1,0
Advaith Balasubramanian,1,1,0
Advaith Bhat,1,1,0
Advaith Bhatia,1,1,0
Advaith Bir,1,1,0
Advaith Chandran,1,1,0
Advaith Dara,1,1,0
Advaith Dey,1,1,0
Advaith Ganguly,1,1,0
Advaith Ghosh,1,1,0
Advaith Gill,1,1,0
Advaith Grewal,1,1,0
Advaith Kalita,1,1,0
Advaith Khosla,1,1,0
Advaith Kurian,1,1,0
Advaith Mander,1,1,0
Advaith Narula,1,1,0
Advaith Nath,1,1,0
Advaith Pai,1,1,0
Advaith Parikh,1,1,0
Advaith Pillai,1,1,0
Advaith Prabhakar,1,1,0
Advaith Radhakrishnan,1,1,0
Advaith Rana,1,1,0
Advaith Raval,1,1,0
Advaith Ray,1,1,0
Advaith Sabharwal,1,1,0
Advaith Sachar,1,1,0
Advaith Sachdeva,1,1,0
Advaith Sandal,1,1,0
Advaith Sankaran,1,1,0
Advaith Sengupta,1,1,0
Advaith Shan,1,1,0
Advaith Shere,1,1,0
Advaith Shukla,1,1,0
Advaith Singhal,1,1,0
Advaith Som,1,1,0
Advaith Sur,1,1,0
Advaith Tailor,1,1,0
Advaith Tak,2,2,1
Advaith Thaman,1,1,0
Advaith Tripathi,1,1,0
Advaith Virk,1,1,0
Advaith Walla,1,1,0
Advay Agrawal,1,1,0
Advay Andra,1,1,0
Advay Bath,1,1,0
Advay Chand,1,1,0
Advay Chauhan,1,1,1
Advay Choudhry,1,1,0
Advay Dhingra,1,1,0
Advay Din,1,1,0
Advay Doctor,1,1,0
Advay Gopal,2,2,0
Advay Goswami,1,1,0
Advay Hayer,1,1,0
Advay Jhaveri,1,1,0
Advay Kade,1,1,0
Advay Kanda,1,1,1
Advay Krishna,1,1,0
Advay Krishnamurthy,1,1,0
Advay Kulkarni,1,1,0
Advay Lal,1,1,1
Advay Lanka,1,1,0
Advay Mand,1,1,0
Advay Manne,1,1,0
Advay Memon,1,1,0
Advay Muni,1,1,0
Advay Murty,1,1,0
Advay Mutti,1,1,0
Advay Nagi,1,1,0
Advay Natt,1,1,0
Advay Om,1,1,0
Advay Pathak,1,1,0
Advay Pau,1,1,0
Advay Prabhu,1,1,0
Advay Raman,1,1,0
Advay Ranganathan,1,1,0
Advay Sagar,1,1,0
Advay Sandhu,1,1,0
Advay Sarraf,1,1,0
Advay Shan,1,1,0
Advay Shenoy,1,1,0
Advay Shukla,1,1,0
Advay Sidhu,1,1,0
Advay Vala,1,1,0
Advik Agarwal,1,1,0
Advik Aurora,1,1,0
Advik Bajaj,1,1,0
Advik Bhatt,1,1,0
Advik Bhavsar,1,1,0
Advik Bora,2,2,0
Advik Borah,1,1,0
Advik Chadha,1,1,0
Advik Chakraborty,1,1,0
Advik Chanda,1,1,0
Advik Choudhary,1,1,0
Advik Dar,1,1,0
Advik Dave,1,1,0
Advik Deshpande,1,1,0
Advik Dhawan,1,1,0
Advik Gaba,1,1,0
Advik Garg,1,1,0
Advik Gokhale,1,1,0
Advik Jhaveri,1,1,0
Advik Kara,1,1,0
Advik Karan,1,1,0
Advik Krishnamurthy,1,1,0
Advik Lala,1,1,0
Advik Lalla,1,1,0
Advik Mander,1,1,0
Advik Mani,1,1,0
Advik Mohan,1,1,0
Advik Nagar,1,1,0
Advik Patla,1,1,0
Advik Pillay,1,1,0
Advik Prasad,1,1,0
Advik Raj,1,1,0
Advik Randhawa,1,1,0
Advik Rau,1,1,0
Advik Reddy,1,1,0
Advik Sahota,1,1,0
Advik Sani,1,1,1
Advik Sathe,1,1,0
Advik Sem,1,1,0
Advik Sidhu,1,1,0
Advik Thaker,2,2,0
Advik Tiwari,1,1,0
Advik Toor,1,1,0
Advik Vaidya,1,1,0
Advik Viswanathan,1,1,0
Advik Wadhwa,1,1,0
Advik Wagle,1,1,0
Advik Wali,1,1,0
Advik Wason,1,1,0
Advika Agate,1,1,0
Advika Agrawal,1,1,0
Advika Bala,1,1,0
Advika Balay,1,1,0
Advika Bandi,1,1,0
Advika Barad,1,1,0
Advika Baria,1,1,0
Advika Bath,1,1,0
Advika Batta,1,1,0
Advika Bhandari,1,1,0
Advika Borah,1,1,0
Advika Chana,1,1,0
Advika Chaudhary,1,1,0
Advika Chaudry,1,1,0
Advika Choudhary,1,1,0
Advika Comar,1,1,0
Advika Das,1,1,0
Advika Dugar,1,1,0
Advika Goda,1,1,0
Advika Gokhale,1,1,0
Advika Guha,1,1,0
Advika Jha,1,1,0
Advika Kannan,1,1,0
Advika Karan,1,1,0
Advika Kaul,1,1,0
Advika Kota,1,1,0
Advika Krishnamurthy,1,1,0
Advika Madan,1,1,0
Advika Mangal,1,1,0
Advika Mishra,1,1,0
Advika Mohan,1,1,0
Advika Nadig,1,1,0
Advika Narasimhan,1,1,0
Advika Pai,1,1,0
Advika Pandya,1,1,0
Advika Patil,1,1,1
Advika Patla,1,1,0
Advika Pau,1,1,0
Advika Prashad,1,1,0
Advika Sahota,1,1,0
Advika Sampath,1,1,0
Advika Sen,1,1,0
Advika Sha,2,2,0
Advika Shah,1,1,0
Advika Sibal,1,1,0
Advika Soni,1,1,0
Advika Sur,1,1,0
Advika Varughese,1,1,0
Adweta Agate,1,1,0
Adweta Ahuja,1,1,0
Adweta Badami,1,1,0
Adweta Basu,1,1,0
Adweta Ben,1,1,0
Adweta Bhatt,1,1,0
Adweta Chada,1,1,0
Adweta Cheema,1,1,0
Adweta Cherian,1,1,0
Adweta Choudhury,1,1,0
Adweta Contractor,1,1,0
Adweta Dar,1,1,0
Adweta Dave,1,1,0
Adweta Dewan,1,1,0
Adweta Doctor,1,1,0
Adweta Dube,1,1,0
Adweta Dutt,1,1,0
Adweta Goyal,1,1,0
Adweta Kala,2,2,0
Adweta Kanda,1,1,1
Adweta Kapoor,1,1,0
Adweta Karpe,1,1,0
Adweta Kibe,1,1,0
Adweta Kurian,1,1,0
Adweta Loyal,1,1,0
Adweta Murty,1,1,0
Adweta Nagar,1,1,0
Adweta Nair,1,1,0
Adweta Narula,1,1,0
Adweta Om,1,1,0
Adweta Padmanabhan,1,1,0
Adweta Pai,1,1,0
Adweta Raghavan,1,1,0
Adweta Randhawa,1,1,0
Adweta Ravi,1,1,0
Adweta Reddy,2,2,0
Adweta Sachdev,1,1,0
Adweta Saha,1,1,0
Adweta Sandhu,1,1,0
Adweta Shanker,1,1,0
Adweta Vyas,1,1,0
Adweta Wagle,1,1,0
Adya Ahluwalia,1,1,0
Adya Bava,1,1,0
Adya Bhasin,1,1,1
Adya Bhattacharyya,1,1,0
Adya Bhatti,1,1,0
Adya Buch,1,1,0
Adya Chauhan,1,1,0
Adya Das,1,1,0
Adya Dave,1,1,0
Adya Deol,1,1,0
Adya Dora,2,2,0
Adya Gandhi,1,1,0
Adya Grover,1,1,0
Adya Kant,2,2,0
Adya Kaul,1,1,0
Adya Keer,1,1,0
Adya Khanna,1,1,0
Adya Kulkarni,1,1,0
Adya Kuruvilla,1,1,0
Adya Mani,1,1,0
Adya Merchant,1,1,0
Adya Nath,1,1,1
Adya Nazareth,1,1,0
Adya Pandya,1,1,0
Adya Patla,1,1,0
Adya Pillay,1,1,0
Adya Puri,1,1,0
Adya Ramesh,1,1,0
Adya Ravi,1,1,0
Adya Saini,1,1,1
Adya Sama,1,1,0
Adya Sandhu,1,1,0
Adya Sekhon,1,1,0
Adya Sengupta,1,1,0
Adya Sethi,1,1,0
Adya Shan,1,1,0
Adya Shanker,1,1,0
Adya Sharma,1,1,1
Adya Shere,1,1,0
Adya Sibal,1,1,0
Adya Singhal,1,1,0
Adya Solanki,1,1,0
Adya Sood,1,1,0
Adya Subramaniam,1,1,0
Adya Tak,1,1,0
Adya Taneja,1,1,0
Adya Tata,1,1,1
Adya Trivedi,1,1,0
Adya Vasa,1,1,0
Adya Vohra,1,1,0
Adya Wali,1,1,0
Adya Yohannan,1,1,0
Agastya Amble,2,2,1
Agastya Arya,1,1,0
Agastya Bajaj,1,1,0
Agastya Bal,1,1,0
Agastya Bhalla,1,1,0
Agastya Bhandari,1,1,0
Agastya Bhavsar,1,1,0
Agastya Boase,1,1,0
Agastya Buch,2,2,0
Agastya Chacko,1,1,0
Agastya Chandran,1,1,0
Agastya Chauhan,1,1,0
Agastya Comar,1,1,0
Agastya Dash,1,1,0
Agastya Devan,1,1,0
Agastya Gala,1,1,0
Agastya Hari,1,1,0
Agastya Hayer,1,1,0
Agastya Kade,1,1,1
Agastya Kala,1,1,0
Agastya Kari,1,1,0
Agastya Khosla,1,1,0
Agastya Loyal,1,1,0
Agastya Maharaj,1,1,0
Agastya Mangal,1,1,0
Agastya Merchant,2,2,0
Agastya Mishra,1,1,0
Agastya Mohan,1,1,0
Agastya Nagar,1,1,0
Agastya Narayanan,1,1,0
Agastya Nayak,1,1,0
Agastya Oak,1,1,1
Agastya Pall,1,1,0
Agastya Panchal,1,1,0
Agastya Prasad,1,1,0
Agastya Ramakrishnan,1,1,0
Agastya Ramesh,1,1,1
Agastya Ranganathan,1,1,0
Agastya Rastogi,1,1,0
Agastya Sagar,1,1,0
Agastya Sanghvi,1,1,0
Agastya Saraf,1,1,0
Agastya Shan,1,1,0
Agastya Shankar,1,1,1
Agastya Tailor,1,1,0
Agastya Tata,1,1,0
Agastya Tella,1,1,0
Agastya Tripathi,1,1,0
Agastya Trivedi,1,1,0
Agastya Uppal,1,1,0
Agastya Viswanathan,1,1,0
Aishani Bali,1,1,0
Aishani Barman,1,1,0
Aishani Bhatt,1,1,0
Aishani Butala,1,1,0
Aishani Chatterjee,1,1,0
Aishani Chhabra,1,1,0
Aishani Dara,1,1,0
Aishani Date,1,1,0
Aishani Dhawan,1,1,0
Aishani Din,1,1,0
Aishani Dube,1,1,0
Aishani Gade,1,1,0
Aishani Ganesan,1,1,0
Aishani Jain,1,1,0
Aishani Kala,1,1,0
Aishani Krishnan,1,1,0
Aishani Lal,1,1,0
Aishani Mallick,1,1,0
Aishani Menon,1,1,0
Aishani Mitter,1,1,0
Aishani Oza,1,1,0
Aishani Pall,1,1,0
Aishani Pathak,1,1,0
Aishani Rama,1,1,0
Aishani Rau,1,1,0
Aishani Sama,1,1,1
Aishani Sandhu,1,1,0
Aishani Sarna,1,1,0
Aishani Singhal,1,1,0
Aishani Subramaniam,1,1,0
Aishani Yohannan,1,1,1
Akshay Acharya,1,1,0
Akshay Andra,1,1,0
Akshay Bahl,1,1,0
Akshay Banik,1,1,0
Akshay Bassi,1,1,1
Akshay Bedi,1,1,0
Akshay Bhatia,1,1,0
Akshay Bumb,1,1,0
Akshay Chandra,1,1,0
Akshay Chaudry,1,1,0
Akshay Cherian,1,1,0
Akshay Choudhry,1,1,0
Akshay Dash,1,1,0
Akshay Dayal,1,1,0
Akshay Dhaliwal,1,1,0
Akshay Dubey,1,1,0
Akshay Dutt,1,1,0
Akshay Goswami,2,2,0
Akshay Gour,1,1,0
Akshay Jain,1,1,0
Akshay Joshi,1,1,0
Akshay Kale,1,1,0
Akshay Kar,1,1,0
Akshay Lad,1,1,0
Akshay Loyal,1,1,0
Akshay Madan,1,1,0
Akshay Mand,1,1,0
Akshay Nadig,2,2,0
Akshay Narayan,1,1,0
Akshay Narula,1,1,0
Akshay Nath,1,1,0
Akshay Natt,1,1,0
Akshay Palla,1,1,0
Akshay Parikh,1,1,0
Akshay Parmer,1,1,0
Akshay Rout,1,1,0
Akshay Sabharwal,1,1,0
Akshay Sachdev,1,1,0
Akshay Sama,1,1,0
Akshay Sami,1,1,0
Akshay Sant,1,1,0
Akshay Saraf,1,1,0
Akshay Saxena,1,1,0
Akshay Sem,1,1,0
Akshay Shankar,1,1,0
Akshay Srinivas,1,1,0
Akshay Subramaniam,1,1,0
Akshay Vala,1,1,0
Akshay Wali,1,1,0
Akshay Yohannan,1,1,0
Akshay Zachariah,1,1,0
Alexander Atwal,1,1,0
Alexander Bajwa,1,1,0
Alexander Balasubramanian,1,1,0
Alexander Bhalla,1,1,0
Alexander Bhandari,1,1,1
Alexander Biswas,1,1,0
Alexander Cherian,1,1,0
Alexander Chowdhury,1,1,0
Alexander Deol,1,1,0
Alexander Dugar,1,1,0
Alexander Dutt,1,1,0
Alexander Gala,1,1,0
Alexander Ganesh,1,1,0
Alexander Guha,1,1,0
Alexander Gupta,1,1,0
Alexander Hari,1,1,0
Alexander Jayaraman,1,1,1
Alexander Joshi,1,1,1
Alexander Kalita,1,1,0
Alexander Kant,1,1,0
Alexander Karan,1,1,0
Alexander Khanna,1,1,0
Alexander Krishnan,1,1,0
Alexander Kuruvilla,1,1,0
Alexander Lall,1,1,0
Alexander Lalla,1,1,0
Alexander Mishra,1,1,0
Alexander Mukhopadhyay,1,1,0
Alexander Nadkarni,1,1,0
Alexander Narain,1,1,0
Alexander Oommen,1,1,0
Alexander Patil,1,1,0
Alexander Pingle,1,1,0
Alexander Pradhan,1,1,0
Alexander Ramesh,1,1,0
Alexander Rana,1,1,0
Alexander Sampath,1,1,0
Alexander Saraf,2,2,0
Alexander Sarkar,1,1,0
Alexander Subramaniam,1,1,0
Alexander Swamy,1,1,0
Alexander Tara,1,1,0
Alexander Tata,1,1,0
Alexander Tella,1,1,0
Alexander Thakkar,1,1,0
Alka Amble,1,1,0
Alka Balay,1,1,0
Alka Bhardwaj,1,1,0
Alka Bora,1,1,0
Alka Bose,1,1,1
Alka Char,1,1,0
Alka Chowdhury,1,1,0
Alka Deo,1,1,0
Alka Dhaliwal,1,1,0
Alka Dhawan,1,1,0
Alka Doshi,1,1,0
Alka Goel,1,1,0
Alka Grewal,1,1,0
Alka Jani,1,1,0
Alka Kala,1,1,1
Alka Kata,2,2,0
Alka Kohli,1,1,0
Alka Kumar,1,1,0
Alka Mann,1,1,0
Alka Misra,1,1,0
Alka Mital,1,1,0
Alka Nadig,2,2,0
Alka Nadkarni,1,1,0
Alka Nayar,1,1,0
Alka Oommen,1,1,0
Alka Padmanabhan,1,1,0
Alka Pau,1,1,0
Alka Rana,1,1,0
Alka Rau,1,1,0
Alka Rout,1,1,0
Alka Salvi,1,1,0
Alka Saxena,1,1,0
Alka Seth,1,1,0
Alka Solanki,2,2,0
Alka Soman,1,1,0
Alka Tak,1,1,0
Alka Tella,1,1,0
Alka Thakur,1,1,0
Alka Varughese,1,1,0
Alka Warrior,1,1,0
Alka Zacharia,1,1,0
Alka Zachariah,1,1,0
Amaira Ahuja,1,1,0
Amaira Badami,1,1,0
Amaira Bal,1,1,0
Amaira Behl,1,1,0
Amaira Biswas,1,1,0
Amaira Chad,1,1,0
Amaira Chadha,1,1,0
Amaira Chauhan,1,1,0
Amaira Choudhary,1,1,0
Amaira Chowdhury,2,2,0
Amaira Dave,1,1,0
Amaira Devan,1,1,0
Amaira Dugar,1,1,0
Amaira Ganesan,1,1,0
Amaira Goyal,1,1,1
Amaira Kade,1,1,1
Amaira Kala,1,1,0
Amaira Kanda,1,1,0
Amaira Kant,1,1,1
Amaira Krish,1,1,0
Amaira Krishnan,1,1,0
Amaira Kulkarni,1,1,0
Amaira Kumar,1,1,0
Amaira Lanka,1,1,0
Amaira Lata,1,1,0
Amaira Mane,1,1,0
Amaira Muni,1,1,0
Amaira Murthy,1,1,0
Amaira Nanda,1,1,0
Amaira Nigam,1,1,0
Amaira Patel,1,1,0
Amaira Pathak,1,1,0
Amaira Sampath,1,1,0
Amaira Sangha,1,1,0
Amaira Sant,1,1,1
Amaira Saraf,1,1,0
Amaira Sarin,1,1,0
Amaira Sastry,1,1,0
Amaira Sharaf,1,1,0
Amaira Singh,1,1,0
Amaira Solanki,1,1,1
Amaira Taneja,1,1,0
Amara Anne,1,1,1
Amara Bains,1,1,0
Amara Bajwa,1,1,0
Amara Bal,1,1,0
Amara Balay,1,1,0
Amara Basu,1,1,0
Amara Chacko,1,1,0
Amara Chakrabarti,1,1,0
Amara Chakraborty,1,1,0
Amara Deshpande,1,1,0
Amara Devan,1,1,0
Amara Dhaliwal,1,1,0
Amara Dhillon,1,1,0
Amara Dhingra,1,1,0
Amara Dua,1,1,0
Amara Ganesan,1,1,0
Amara Gera,1,1,1
Amara Goel,1,1,0
Amara Gola,1,1,0
Amara Kala,2,2,0
Amara Khanna,1,1,0
Amara Luthra,1,1,1
Amara Mander,1,1,0
Amara Mital,1,1,1
Amara Nagy,1,1,0
Amara Pai,1,1,0
Amara Purohit,1,1,0
Amara Rai,1,1,0
Amara Sachdeva,1,1,0
Amara Sathe,1,1,0
Amara Sekhon,2,2,0
Amara Shah,1,1,0
Amara Sodhi,1,1,0
Amara Swaminathan,1,1,0
Amara Tak,1,1,0
Amara Tella,1,1,0
Amara Trivedi,1,1,0
Amara Vala,1,1,0
Amara Venkatesh,1,1,0
Amol Arya,1,1,0
Amol Bajaj,1,1,0
Amol Bajwa,1,1,0
Amol Banerjee,1,1,1
Amol Baria,1,1,1
Amol Bhardwaj,1,1,0
Amol Biswas,1,1,0
Amol Boase,1,1,0
Amol Chakrabarti,1,1,0
Amol Deep,1,1,0
Amol Dey,1,1,1
Amol Dhingra,1,1,0
Amol Dugar,1,1,0
Amol Gade,1,1,0
Amol Goel,1,1,0
Amol Goswami,1,1,0
Amol Gulati,1,1,0
Amol Kaur,1,1,0
Amol Kunda,1,1,0
Amol Lall,1,1,0
Amol Lata,1,1,0
Amol Magar,1,1,0
Amol Mahajan,1,1,0
Amol Merchant,1,1,0
Amol Pillay,1,1,0
Amol Rajan,1,1,0
Amol Ramakrishnan,1,1,0
Amol Ramaswamy,1,1,0
Amol Ratta,1,1,0
Amol Ravi,1,1,0
Amol Salvi,1,1,0
Amol Sami,1,1,0
Amol Sani,2,2,0
Amol Sethi,1,1,0
Amol Shanker,1,1,0
Amol Shroff,1,1,0
Amol Sibal,1,1,0
Amol Taneja,1,1,0
Amol Thaman,1,1,0
Amol Yohannan,1,1,0
Amol Zacharia,1,1,0
Amrita Acharya,1,1,0
Amrita Apte,1,1,0
Amrita Badami,1,1,0
Amrita Bahri,1,1,0
Amrita Barad,1,1,0
Amrita Bava,1,1,0
Amrita Bhatnagar,1,1,0
Amrita Bobal,1,1,0
Amrita Bora,1,1,1
Amrita Brar,1,1,0
Amrita Chahal,1,1,0
Amrita Chaudhary,1,1,0
Amrita Chaudhuri,1,1,0
Amrita De,1,1,1
Amrita Deo,1,1,0
Amrita Dubey,1,1,0
Amrita Edwin,1,1,0
Amrita Goswami,1,1,0
Amrita Hayer,1,1,0
Amrita Iyer,1,1,0
Amrita Jani,1,1,0
Amrita Kalla,1,1,0
Amrita Karpe,1,1,0
Amrita Khurana,1,1,0
Amrita Kumer,1,1,0
Amrita Lad,1,1,0
Amrita Lal,1,1,1
Amrita Loyal,1,1,0
Amrita Mahajan,1,1,0
Amrita Mander,1,1,1
Amrita Mane,1,1,0
Amrita Mannan,1,1,0
Amrita Manne,1,1,0
Amrita Minhas,1,1,0
Amrita Mishra,1,1,0
Amrita Morar,1,1,0
Amrita Natt,1,1,0
Amrita Pai,1,1,0
Amrita Pandya,1,1,1
Amrita Rama,1,1,0
Amrita Reddy,1,1,0
Amrita Rege,1,1,0
Amrita Sha,1,1,0
Amrita Shanker,1,1,0
Amrita Sidhu,1,1,0
Amrita Singhal,1,1,0
Amrita Srinivas,1,1,0
Amrita Toor,1,1,0
Amruta Acharya,1,1,0
Amruta Ahuja,1,1,0
Amruta Arya,1,1,0
Amruta Balakrishnan,1,1,0
Amruta Bhandari,1,1,1
Amruta Bhat,1,1,0
Amruta Chawla,2,2,1
Amruta Dhawan,1,1,0
Amruta Ganesh,1,1,0
Amruta Garg,1,1,0
Amruta Gole,1,1,0
Amruta Hegde,1,1,0
Amruta Jha,1,1,0
Amruta Kale,1,1,1
Amruta Khare,1,1,0
Amruta Krishna,1,1,1
Amruta Lal,1,1,0
Amruta Loyal,1,1,0
Amruta Mannan,1,1,0
Amruta Morar,1,1,0
Amruta More,1,1,0
Amruta Munshi,1,1,1
Amruta Murty,1,1,0
Amruta Narain,1,1,0
Amruta Nigam,1,1,0
Amruta Rai,1,1,0
Amruta Rajan,1,1,0
Amruta Sangha,1,1,0
Amruta Sathe,1,1,0
Amruta Sehgal,1,1,1
Amruta Sodhi,1,1,0
Amruta Soni,1,1,0
Amruta Sule,1,1,0
Amruta Suri,1,1,0
Amruta Taneja,1,1,0
Amruta Tripathi,1,1,0
Amruta Vala,1,1,0
Anamika Amble,1,1,0
Anamika Arora,1,1,0
Anamika Arya,1,1,0
Anamika Babu,1,1,0
Anamika Balakrishnan,1,1,0
Anamika Banerjee,1,1,0
Anamika Bhattacharyya,1,1,0
Anamika Chopra,1,1,0
Anamika Chowdhury,1,1,0
Anamika Ganesan,1,1,0
Anamika Gera,1,1,0
Anamika Kade,1,1,0
Anamika Kala,1,1,0
Anamika Khanna,1,1,1
Anamika Khatri,1,1,0
Anamika Kumer,1,1,0
Anamika Kuruvilla,1,1,1
Anamika Mukherjee,1,1,0
Anamika Muni,1,1,0
Anamika Mutti,1,1,0
Anamika Nigam,1,1,1
Anamika Oza,1,1,0
Anamika Padmanabhan,1,1,0
Anamika Pall,1,1,0
Anamika Pant,1,1,0
Anamika Pillay,1,1,0
Anamika Pradhan,1,1,0
Anamika Raja,1,1,0
Anamika Rajagopalan,1,1,0
Anamika Raman,1,1,0
Anamika Randhawa,1,1,0
Anamika Rao,1,1,0
Anamika Sane,1,1,0
Anamika Sankaran,1,1,0
Anamika Seth,1,1,0
Anamika Sharaf,1,1,0
Anamika Sharma,1,1,0
Anamika Sinha,1,1,0
Anamika Srivastava,2,2,0
Anamika Subramanian,1,1,0
Anamika Varghese,2,2,0
Anamika Varma,1,1,1
Anamika Venkataraman,1,1,0
Anamika Verma,1,1,1
Anay Balasubramanian,2,2,0
Anay Baral,1,1,0
Anay Bera,1,1,0
Anay Bhasin,2,2,0
Anay Bhatnagar,1,1,0
Anay Bhatti,1,1,0
Anay Bir,1,1,0
Anay Chander,1,1,0
Anay Dani,1,1,0
Anay Dave,1,1,0
Anay Dhawan,1,1,0
Anay Dugar,1,1,0
Anay Dutta,1,1,0
Anay Garg,1,1,0
Anay Gera,1,1,0
Anay Issac,1,1,0
Anay Kala,1,1,0
Anay Kanda,1,1,0
Anay Khurana,1,1,0
Anay Kumar,1,1,1
Anay Mand,1,1,0
Anay Mangal,1,1,0
Anay Mohanty,1,1,0
Anay Pandit,1,1,0
Anay Prabhu,1,1,0
Anay Prashad,1,1,0
Anay Purohit,1,1,0
Anay Rajagopal,1,1,0
Anay Rama,1,1,0
Anay Ravi,1,1,0
Anay Sachar,1,1,0
Anay Saini,1,1,0
Anay Sankaran,1,1,0
Anay Sarraf,3,3,0
Anay Sethi,1,1,0
Anay Taneja,1,1,0
Anay Tara,1,1,0
Anay Warrior,1,1,0
Anay Wason,1,1,0
Andrew Badal,1,1,0
Andrew Bandi,1,1,0
Andrew Bansal,1,1,1
Andrew Chakraborty,1,1,1
Andrew Chauhan,1,1,0
Andrew Chowdhury,1,1,0
Andrew Dalal,1,1,0
Andrew Dani,1,1,0
Andrew De,1,1,0
Andrew Dua,1,1,0
Andrew Dube,1,1,0
Andrew Goswami,1,1,0
Andrew Halder,1,1,0
Andrew Handa,1,1,0
Andrew Jani,1,1,0
Andrew Jayaraman,2,2,0
Andrew Kakar,1,1,0
Andrew Kota,1,1,0
Andrew Lall,1,1,0
Andrew Mannan,1,1,0
Andrew Nagar,1,1,1
Andrew Naik,1,1,0
Andrew Narain,1,1,0
Andrew Oak,1,1,0
Andrew Pall,1,1,0
Andrew Palla,1,1,0
Andrew Rastogi,1,1,1
Andrew Rattan,1,1,0
Andrew Ravi,1,1,0
Andrew Sant,1,1,0
Andrew Sathe,1,1,0
Andrew Shah,1,1,0
Andrew Tailor,1,1,0
Andrew Thaker,1,1,0
Andrew Thaman,2,2,0
Andrew Virk,1,1,0
Andrew Wable,1,1,0
Anika Bajwa,1,1,0
Anika Balan,2,2,0
Anika Baria,1,1,0
Anika Boase,1,1,0
Anika Borde,1,1,0
Anika Butala,1,1,0
Anika Chand,1,1,0
Anika Chatterjee,1,1,0
Anika Choudhury,1,1,0
Anika Chowdhury,1,1,0
Anika De,1,1,0
Anika Deshmukh,1,1,0
Anika Doshi,2,2,0
Anika Dugar,1,1,0
Anika Gaba,1,1,0
Anika Gade,1,1,1
Anika Grewal,1,1,0
Anika Hans,1,1,0
Anika Hora,1,1,0
Anika Kadakia,1,1,0
Anika Konda,1,1,0
Anika Kothari,1,1,0
Anika Krishnan,1,1,0
Anika Lad,1,1,0
Anika Loyal,1,1,1
Anika Madan,1,1,0
Anika Mammen,1,1,0
Anika Minhas,1,1,0
Anika Mitra,1,1,0
Anika More,1,1,0
Anika Nadig,1,1,0
Anika Nigam,1,1,0
Anika Pall,1,1,0
Anika Pillay,1,1,1
Anika Rai,1,1,0
Anika Raju,1,1,0
Anika Randhawa,1,1,0
Anika Rout,1,1,0
Anika Sabharwal,1,1,0
Anika Sachar,1,1,0
Anika Sahni,1,1,0
Anika Sandal,1,1,0
Anika Sane,1,1,0
Anika Sathe,1,1,0
Anika Shroff,1,1,0
Anika Sodhi,1,1,0
Anika Thaker,1,1,0
Anika Thakur,1,1,0
Anika Vohra,1,1,0
Anika Wable,1,1,0
Anirudh Andra,1,1,0
Anirudh Anne,1,1,0
Anirudh Atwal,1,1,0
Anirudh Babu,1,1,0
Anirudh Balay,2,2,0
Anirudh Bhatia,1,1,0
Anirudh Bhatt,1,1,0
Anirudh Bhattacharyya,1,1,0
Anirudh Bora,1,1,0
Anirudh Chada,1,1,0
Anirudh Cheema,1,1,0
Anirudh Chopra,1,1,0
Anirudh Dalal,1,1,0
Anirudh De,1,1,0
Anirudh Devi,1,1,0
Anirudh Dewan,1,1,1
Anirudh Doshi,1,1,0
Anirudh Dugal,1,1,0
Anirudh Dutt,1,1,0
Anirudh Gara,1,1,0
Anirudh Gole,1,1,0
Anirudh Golla,1,1,0
Anirudh Gopal,1,1,0
Anirudh Gulati,1,1,0
Anirudh Issac,1,1,0
Anirudh Jhaveri,1,1,0
Anirudh Karnik,2,2,0
Anirudh Khosla,1,1,0
Anirudh Lad,1,1,0
Anirudh Lanka,1,1,0
Anirudh Maharaj,1,1,0
Anirudh Mall,1,1,1
Anirudh Mane,1,1,0
Anirudh Menon,1,1,0
Anirudh Minhas,1,1,0
Anirudh Mishra,1,1,0
Anirudh Nagar,1,1,0
Anirudh Oommen,1,1,0
Anirudh Pal,1,1,0
Anirudh Patil,1,1,0
Anirudh Ramaswamy,1,1,0
Anirudh Rau,1,1,0
Anirudh Ravi,1,1,0
Anirudh Rout,1,1,0
Anirudh Sahni,1,1,0
Anirudh Sampath,1,1,0
Anirudh Sankar,1,1,0
Anirudh Sankaran,1,1,0
Anirudh Sawhney,1,1,2
Anirudh Shere,1,1,0
Anirudh Sunder,1,1,0
Anirudh Tripathi,1,1,0
Anirudh Yogi,1,1,0
Anita Acharya,1,1,0
Anita Bahl,1,1,0
Anita Bail,1,1,0
Anita Bhakta,1,1,0
Anita Bhatti,1,1,0
Anita Bumb,1,1,0
Anita Chander,1,1,0
Anita Char,1,1,0
Anita Chaudhari,1,1,0
Anita Choudhury,1,1,1
Anita Dar,1,1,0
Anita Deep,1,1,0
Anita Dewan,1,1,0
Anita Doctor,1,1,0
Anita Dugar,1,1,0
Anita Goda,1,1,0
Anita Grover,1,1,0
Anita Hayer,1,1,0
Anita Joshi,1,1,0
Anita Koshy,1,1,0
Anita Nanda,1,1,0
Anita Padmanabhan,1,1,0
Anita Parekh,1,1,0
Anita Parmar,1,1,0
Anita Radhakrishnan,1,1,0
Anita Raju,1,1,0
Anita Rastogi,1,1,0
Anita Sama,1,1,0
Anita Sha,1,1,0
Anita Shere,1,1,0
Anita Shroff,1,1,0
Anita Srinivas,1,1,0
Anita Subramaniam,1,1,0
Anita Suresh,1,1,0
Anita Tak,1,1,0
Anita Tandon,1,1,0
Anita Trivedi,1,1,0
Anita Virk,1,1,1
Anita Yohannan,1,1,0
Anjali Agrawal,1,1,0
Anjali Anand,1,1,1
Anjali Bal,1,1,0
Anjali Balasubramanian,1,1,1
Anjali Bansal,1,1,0
Anjali Bobal,1,1,0
Anjali Dalal,2,2,0
Anjali Das,1,1,0
Anjali Dave,1,1,0
Anjali Deshpande,1,1,0
Anjali Doshi,1,1,0
Anjali Dugar,1,1,0
Anjali Gola,1,1,0
Anjali Gole,1,1,1
Anjali Grover,1,1,1
Anjali Issac,1,1,0
Anjali Jha,1,1,0
Anjali Keer,1,1,0
Anjali Khalsa,1,1,0
Anjali Khurana,1,1,0
Anjali Kohli,1,1,0
Anjali Lad,3,3,0
Anjali Lall,1,1,0
Anjali Mand,1,1,0
Anjali Memon,2,2,1
Anjali Nath,1,1,0
Anjali Nayar,1,1,0
Anjali Nori,1,1,0
Anjali Padmanabhan,1,1,0
Anjali Pal,1,1,0
Anjali Prabhu,1,1,0
Anjali Raghavan,1,1,0
Anjali Rau,1,1,0
Anjali Reddy,1,1,0
Anjali Rege,1,1,0
Anjali Sami,1,1,0
Anjali Samra,1,1,0
Anjali Saxena,1,1,0
Anjali Sengupta,1,1,0
Anjali Shroff,1,1,1
Anjali Srinivasan,1,1,0
Anjali Srivastava,1,1,0
Anjali Tandon,1,1,0
Anjali Tata,1,1,0
Anjali Vaidya,1,1,0
Anjali Virk,1,1,0
Anjali Yogi,1,1,0
Anmol Agrawal,1,1,1
Anmol Arora,1,1,0
Anmol Aurora,1,1,0
Anmol Badami,1,1,0
Anmol Balay,1,1,0
Anmol Bandi,1,1,0
Anmol Barad,1,1,0
Anmol Baral,1,1,0
Anmol Bhagat,2,2,0
Anmol Chadha,1,1,0
Anmol Dass,1,1,1
Anmol Devan,1,1,0
Anmol Doctor,1,1,0
Anmol Dugar,1,1,0
Anmol Gole,1,1,0
Anmol Gupta,1,1,0
Anmol Iyer,1,1,0
Anmol Khalsa,1,1,0
Anmol Luthra,1,1,0
Anmol Madan,1,1,0
Anmol Mahajan,1,1,0
Anmol Mandal,1,1,0
Anmol Master,1,1,0
Anmol Minhas,1,1,0
Anmol Mohan,1,1,0
Anmol Muni,1,1,0
Anmol Narang,1,1,0
Anmol Natt,1,1,0
Anmol Padmanabhan,1,1,0
Anmol Parikh,1,1,1
Anmol Parmer,1,1,0
Anmol Prabhakar,1,1,0
Anmol Raghavan,1,1,0
Anmol Rajan,2,2,0
Anmol Ram,1,1,0
Anmol Ramachandran,1,1,0
Anmol Ramesh,1,1,0
Anmol Raval,1,1,0
Anmol Sarin,1,1,0
Anmol Sen,1,1,0
Anmol Seshadri,1,1,0
Anmol Seth,1,1,0
Anmol Sharma,2,2,0
Anmol Sheth,1,1,0
Anmol Tank,1,1,0
Anmol Vyas,1,1,0
Anmol Walla,1,1,0
Ansh Agarwal,1,1,0
Ansh Aurora,1,1,0
Ansh Badal,1,1,0
Ansh Bahri,1,1,0
Ansh Barad,1,1,0
Ansh Batra,1,1,0
Ansh Behl,1,1,0
Ansh Chana,1,1,0
Ansh Chawla,1,1,0
Ansh Dar,1,1,0
Ansh Dhar,1,1,0
Ansh Din,1,1,0
Ansh Gara,1,1,0
Ansh Gour,1,1,0
Ansh Halder,1,1,0
Ansh Iyengar,1,1,0
Ansh Jain,1,1,0
Ansh Kala,1,1,0
Ansh Karpe,1,1,0
Ansh Keer,1,1,0
Ansh Krishnan,1,1,0
Ansh Lall,1,1,1
Ansh Magar,1,1,0
Ansh Malhotra,1,1,0
Ansh Mand,1,1,0
Ansh Mistry,1,1,0
Ansh Mukhopadhyay,1,1,0
Ansh Nayak,1,1,0
Ansh Pandit,1,1,0
Ansh Parsa,1,1,0
Ansh Peri,1,1,0
Ansh Prabhakar,1,1,0
Ansh Puri,1,1,0
Ansh Rajagopalan,1,1,0
Ansh Raju,1,1,0
Ansh Ramachandran,1,1,0
Ansh Ravi,2,2,0
Ansh Savant,1,1,0
Ansh Sharma,1,1,0
Ansh Suresh,1,1,1
Ansh Taneja,1,1,0
Ansh Walla,1,1,0
Ansh Yogi,1,1,0
Anthony Anne,1,1,0
Anthony Basu,1,1,0
Anthony Batra,1,1,0
Anthony Bhalla,1,1,0
Anthony Borde,1,1,0
Anthony Brar,1,1,0
Anthony Chana,1,1,0
Anthony Dalal,1,1,0
Anthony Deo,1,1,1
Anthony Deshpande,1,1,0
Anthony Dixit,1,1,0
Anthony Gala,1,1,0
Anthony Garde,1,1,0
Anthony Gola,1,1,0
Anthony Hari,1,1,0
Anthony Hegde,1,1,0
Anthony Kalla,1,1,0
Anthony Korpal,1,1,0
Anthony Koshy,1,1,0
Anthony Kuruvilla,1,1,0
Anthony Mani,1,1,0
Anthony Mital,1,1,0
Anthony Oza,1,1,0
Anthony Parmer,1,1,2
Anthony Pillai,1,1,0
Anthony Sehgal,1,1,0
Anthony Seshadri,1,1,0
Anthony Shanker,1,1,0
Anthony Subramanian,1,1,0
Anthony Tara,1,1,0
Anthony Thaker,1,1,0
Anthony Thakur,1,1,0
Anthony Upadhyay,1,1,0
Anthony Vig,1,1,0
Anthony Wason,1,1,0
Anthony Zachariah,1,1,0
Anusha Agrawal,1,1,0
Anusha Atwal,1,1,0
Anusha Badami,1,1,0
Anusha Barman,1,1,0
Anusha Basak,1,1,0
Anusha Batta,1,1,0
Anusha Bose,1,1,1
Anusha Chacko,1,1,1
Anusha Cheema,1,1,0
Anusha Deo,1,1,0
Anusha Din,1,1,0
Anusha Gade,1,1,0
Anusha Gill,1,1,0
Anusha Gole,1,1,0
Anusha Grover,1,1,1
Anusha Gupta,1,1,0
Anusha Hayer,1,1,0
Anusha Issac,1,1,0
Anusha Kadakia,1,1,0
Anusha Kar,1,1,0
Anusha Kota,1,1,0
Anusha Krish,1,1,0
Anusha Lall,1,1,0
Anusha Loke,1,1,0
Anusha Mahal,1,1,0
Anusha Mital,1,1,1
Anusha Morar,1,1,1
Anusha More,1,1,0
Anusha Nanda,1,1,0
Anusha Narasimhan,1,1,0
Anusha Padmanabhan,1,1,0
Anusha Pandit,1,1,0
Anusha Ramaswamy,1,1,0
Anusha Salvi,1,1,0
Anusha Sama,1,1,0
Anusha Sangha,1,1,0
Anusha Saran,1,1,0
Anusha Sarin,1,1,1
Anusha Savant,1,1,0
Anusha Sethi,1,1,0
Anusha Singh,1,1,0
Anusha Venkatesh,1,1,0
Anusha Vyas,1,1,0
Anvi Atwal,1,1,0
Anvi Bhalla,1,1,0
Anvi Bora,1,1,0
Anvi Buch,1,1,0
Anvi Chacko,1,1,0
Anvi Chandra,1,1,0
Anvi Devi,1,1,0
Anvi Dixit,1,1,0
Anvi Dyal,1,1,0
Anvi Gaba,1,1,0
Anvi Gera,1,1,0
Anvi Ghose,1,1,0
Anvi Hegde,1,1,0
Anvi Johal,1,1,0
Anvi Karpe,1,1,0
Anvi Khatri,1,1,1
Anvi Krishna,1,1,0
Anvi Maharaj,1,1,0
Anvi Mani,1,1,0
Anvi Mistry,1,1,0
Anvi Mohanty,1,1,0
Anvi Nagi,1,1,0
Anvi Nanda,1,1,0
Anvi Oza,1,1,0
Anvi Pandey,1,1,0
Anvi Parsa,1,1,0
Anvi Pillay,1,1,0
Anvi Ramakrishnan,1,1,0
Anvi Ratti,1,1,0
Anvi Sachdev,1,1,0
Anvi Sehgal,1,1,0
Anvi Shroff,1,1,0
Anvi Sood,1,1,0
Anvi Sule,1,1,0
Anvi Swaminathan,1,1,0
Anvi Thakur,1,1,0
Anvi Toor,1,1,0
Anvi Walia,1,1,0
Anvi Yogi,1,1,0
Anya Agarwal,1,1,0
Anya Bajaj,1,1,0
Anya Behl,1,1,0
Anya Bora,1,1,0
Anya Chana,1,1,0
Anya Chauhan,1,1,0
Anya Cherian,1,1,0
Anya Dey,1,1,0
Anya Doctor,1,1,0
Anya Garg,1,1,0
Anya Golla,1,1,0
Anya Grewal,2,2,0
Anya Guha,1,1,0
Anya Gulati,1,1,0
Anya Hegde,1,1,0
Anya Issac,1,1,0
Anya Jaggi,1,1,0
Anya Kapur,1,1,0
Anya Khanna,1,1,0
Anya Majumdar,1,1,0
Anya Mani,1,1,0
Anya Mukhopadhyay,1,1,0
Anya Nanda,1,1,0
Anya Nigam,1,1,0
Anya Oak,1,1,0
Anya Parekh,1,1,0
Anya Patel,1,1,0
Anya Pathak,1,1,0
Anya Ramanathan,1,1,0
Anya Rana,1,1,0
Anya Ranganathan,1,1,1
Anya Rao,1,1,0
Anya Ratta,1,1,0
Anya Saha,2,2,0
Anya Saini,1,1,0
Anya Sanghvi,1,1,1
Anya Sant,1,1,0
Anya Sem,1,1,0
Anya Sengupta,1,1,0
Anya Shenoy,1,1,0
Anya Sibal,1,1,1
Anya Singh,1,1,1
Anya Subramaniam,1,1,0
Anya Thakkar,1,1,0
Anya Viswanathan,1,1,0
Anya Warrior,1,1,0
Aradhana Anand,1,1,0
Aradhana Bansal,1,1,0
Aradhana Barman,1,1,0
Aradhana Basak,1,1,0
Aradhana Batra,1,1,0
Aradhana Bhargava,1,1,1
Aradhana Bhasin,1,1,0
Aradhana Bhavsar,1,1,0
Aradhana Bir,1,1,0
Aradhana Bumb,1,1,0
Aradhana Chokshi,1,1,0
Aradhana Chopra,1,1,0
Aradhana Comar,1,1,0
Aradhana Deshmukh,1,1,0
Aradhana Dixit,1,1,0
Aradhana Dube,1,1,0
Aradhana Dutta,1,1,0
Aradhana Ganguly,1,1,0
Aradhana Gour,1,1,0
Aradhana Iyengar,1,1,0
Aradhana Jaggi,1,1,0
Aradhana Jha,1,1,0
Aradhana Kala,1,1,0
Aradhana Kaur,1,1,0
Aradhana Khatri,1,1,0
Aradhana Koshy,1,1,0
Aradhana Kota,1,1,0
Aradhana Kothari,1,1,0
Aradhana Krishnan,1,1,0
Aradhana Loyal,1,1,0
Aradhana Mani,1,1,0
Aradhana Memon,1,1,0
Aradhana Muni,1,1,0
Aradhana Natarajan,1,1,0
Aradhana Nazareth,1,1,0
Aradhana Parmar,1,1,0
Aradhana Ramakrishnan,1,1,0
Aradhana Rau,1,1,0
Aradhana Reddy,1,1,0
Aradhana Sahni,1,1,0
Aradhana Saini,1,1,0
Aradhana Saran,1,1,0
Aradhana Sen,1,1,2
Aradhana Sharma,1,1,0
Aradhana Shenoy,1,1,0
Aradhana Shere,1,1,0
Aradhana Singh,1,1,0
Aradhana Som,1,1,0
Aradhana Swamy,1,1,0
Aradhana Thakkar,1,1,0
Aradhana Vora,1,1,0
Arin Ahuja,2,2,0
Arin Atwal,1,1,0
Arin Bansal,1,1,0
Arin Bora,1,1,0
Arin Borra,1,1,0
Arin Cheema,1,1,0
Arin Dhingra,1,1,0
Arin Divan,1,1,0
Arin Dugar,1,1,0
Arin Grover,1,1,2
Arin Halder,1,1,0
Arin Kadakia,1,1,0
Arin Kala,1,1,0
Arin Kant,1,1,0
Arin Kapur,1,1,1
Arin Konda,1,1,0
Arin Kota,1,1,0
Arin Mannan,1,1,0
Arin Mishra,1,1,0
Arin Mohan,1,1,0
Arin Murthy,1,1,0
Arin Mutti,1,1,0
Arin Nadig,1,1,0
Arin Nair,1,1,0
Arin Oza,1,1,1
Arin Palan,1,1,0
Arin Patil,1,1,0
Arin Ranganathan,1,1,0
Arin Sawhney,1,1,0
Arin Sen,1,1,0
Arin Shankar,1,1,0
Arin Shenoy,1,1,0
Arin Sibal,1,1,1
Arin Soman,1,1,0
Arin Srinivas,1,1,0
Arin Sundaram,1,1,0
Arin Sur,2,2,0
Arin Swaminathan,1,1,0
Arin Talwar,1,1,0
Arin Tata,1,1,0
Arin Uppal,1,1,0
Arin Venkatesh,1,1,0
Arin Wagle,1,1,0
Arin Yogi,1,1,0
Arjun Balakrishnan,1,1,0
Arjun Balan,1,1,0
Arjun Banik,1,1,0
Arjun Baria,1,1,0
Arjun Batra,1,1,0
Arjun Bhakta,1,1,0
Arjun Bhalla,1,1,0
Arjun Bhat,1,1,0
Arjun Borah,1,1,0
Arjun Chand,1,1,0
Arjun Chanda,1,1,0
Arjun Chaudhari,1,1,0
Arjun Dasgupta,2,2,0
Arjun Dubey,1,1,0
Arjun Gade,1,1,0
Arjun Goswami,1,1,0
Arjun Gour,1,1,0
Arjun Guha,1,1,0
Arjun Hari,1,1,0
Arjun Kari,1,1,0
Arjun Kaul,1,1,0
Arjun Kothari,1,1,0
Arjun Lad,1,1,0
Arjun Mander,1,1,0
Arjun Mane,1,1,0
Arjun Mangat,1,1,0
Arjun Mistry,1,1,0
Arjun Muni,1,1,0
Arjun Nadig,1,1,0
Arjun Peri,1,1,0
Arjun Raman,1,1,0
Arjun Ranganathan,1,1,0
Arjun Ratta,1,1,0
Arjun Rau,1,1,0
Arjun Sagar,1,1,0
Arjun Sarkar,1,1,0
Arjun Shah,1,1,0
Arjun Shenoy,1,1,0
Arjun Shere,1,1,0
Arjun Shroff,1,1,0
Arjun Singh,1,1,0
Arjun Soni,1,1,0
Arjun Subramaniam,2,2,0
Arjun Wadhwa,1,1,0
Arjun Wagle,1,1,0
Arjun Wali,1,1,1
Arunima Barman,2,2,0
Arunima Bhandari,1,1,0
Arunima Bhattacharyya,1,1,1
Arunima Biswas,1,1,0
Arunima Borah,1,1,1
Arunima Chatterjee,1,1,0
Arunima Chaudhari,1,1,0
Arunima Choudhary,1,1,0
Arunima Desai,1,1,0
Arunima Dhawan,1,1,0
Arunima Dora,1,1,0
Arunima Gandhi,1,1,0
Arunima Garde,1,1,0
Arunima Goda,1,1,0
Arunima Gola,1,1,0
Arunima Kara,1,1,0
Arunima Kaul,1,1,0
Arunima Khare,1,1,0
Arunima Kibe,1,1,0
Arunima Kothari,1,1,0
Arunima Krish,1,1,0
Arunima Kurian,1,1,0
Arunima Lall,2,2,1
Arunima Lanka,1,1,0
Arunima Maharaj,1,1,0
Arunima More,1,1,0
Arunima Nadkarni,1,1,0
Arunima Oommen,1,1,0
Arunima Pandya,1,1,0
Arunima Pradhan,2,2,0
Arunima Puri,1,1,0
Arunima Raghavan,1,1,0
Arunima Rai,1,1,0
Arunima Raj,1,1,0
Arunima Rajan,1,1,0
Arunima Reddy,1,1,0
Arunima Sachdev,1,1,0
Arunima Sankar,1,1,0
Arunima Sen,1,1,0
Arunima Sunder,1,1,0
Arunima Suresh,1,1,1
Arunima Swamy,1,1,1
Arunima Trivedi,1,1,0
Arunima Virk,1,1,0
Arunima Wali,1,1,0
Arya Baral,1,1,1
Arya Borah,1,1,0
Arya Bose,1,1,0
Arya Bumb,1,1,1
Arya Chopra,1,1,0
Arya Choudhury,1,1,0
Arya Garg,1,1,0
Arya Halder,1,1,0
Arya Hayer,1,1,0
Arya Iyengar,1,1,0
Arya Kaul,1,1,0
Arya Khosla,1,1,0
Arya Kurian,1,1,0
Arya Lanka,1,1,0
Arya Mane,1,1,0
Arya Mann,1,1,0
Arya Mitter,1,1,0
Arya Morar,1,1,0
Arya Mutti,1,1,0
Arya Nagar,1,1,0
Arya Narayanan,1,1,1
Arya Om,1,1,0
Arya Puri,1,1,0
Arya Raman,1,1,0
Arya Ramanathan,1,1,0
Arya Rau,1,1,0
Arya Rout,1,1,0
Arya Sabharwal,1,1,0
Arya Sachar,1,1,0
Arya Sachdev,1,1,0
Arya Seshadri,1,1,0
Arya Shankar,2,2,0
Arya Shetty,1,1,0
Arya Subramaniam,1,1,0
Arya Wagle,1,1,0
Arya Yadav,1,1,0
Aryan Apte,1,1,0
Aryan Bal,1,1,0
Aryan Banik,1,1,0
Aryan Bhatt,1,1,0
Aryan Dara,1,1,0
Aryan Ganesh,1,1,0
Aryan Gopal,1,1,0
Aryan Jayaraman,1,1,0
Aryan Jhaveri,1,1,0
Aryan Kant,1,1,0
Aryan Kari,1,1,0
Aryan Lanka,1,1,0
Aryan Merchant,1,1,0
Aryan Minhas,1,1,0
Aryan Modi,1,1,0
Aryan Nadig,1,1,0
Aryan Nadkarni,1,1,0
Aryan Narain,1,1,0
Aryan Narayan,1,1,0
Aryan Nazareth,1,1,0
Aryan Nori,1,1,0
Aryan Oak,1,1,0
Aryan Pandit,1,1,0
Aryan Parsa,1,1,0
Aryan Patla,1,1,0
Aryan Prasad,1,1,0
Aryan Rana,1,1,0
Aryan Randhawa,1,1,0
Aryan Rattan,1,1,0
Aryan Rau,1,1,0
Aryan Reddy,1,1,0
Aryan Sachdev,1,1,0
Aryan Samra,1,1,0
Aryan Sant,1,1,0
Aryan Sarna,1,1,0
Aryan Solanki,1,1,0
Aryan Subramaniam,1,1,0
Aryan Tak,1,1,0
Aryan Thakur,1,1,0
Aryan Toor,1,1,1
Aryan Tripathi,1,1,0
Aryan Varughese,1,1,0
Aryan Vig,1,1,0
Aryan Wali,1,1,1
Atharv Bandi,1,1,0
Atharv Bhagat,1,1,0
Atharv Bhatt,1,1,0
Atharv Bir,2,2,0
Atharv Borra,1,1,0
Atharv Chacko,1,1,0
Atharv Dalal,1,1,0
Atharv Dasgupta,1,1,0
Atharv Dayal,1,1,1
Atharv Devan,1,1,0
Atharv Din,1,1,0
Atharv Dyal,1,1,0
Atharv Edwin,1,1,0
Atharv Gupta,1,1,0
Atharv Handa,1,1,0
Atharv Kanda,1,1,0
Atharv Kara,1,1,0
Atharv Khanna,1,1,0
Atharv Kibe,1,1,0
Atharv Lanka,1,1,0
Atharv Majumdar,1,1,0
Atharv Malhotra,1,1,0
Atharv Mann,1,1,0
Atharv Mitter,1,1,0
Atharv More,1,1,0
Atharv Murthy,1,1,0
Atharv Nagar,1,1,0
Atharv Nagarajan,1,1,0
Atharv Nayak,1,1,0
Atharv Nori,1,1,0
Atharv Prasad,1,1,0
Atharv Radhakrishnan,1,1,0
Atharv Raman,1,1,0
Atharv Ramaswamy,1,1,0
Atharv Randhawa,1,1,0
Atharv Reddy,1,1,0
Atharv Sanghvi,1,1,0
Atharv Saran,1,1,0
Atharv Sarin,1,1,0
Atharv Savant,1,1,0
Atharv Shetty,1,1,0
Atharv Sood,1,1,0
Atharv Srivastava,1,1,0
Atharv Subramaniam,1,1,0
Atharv Varma,2,2,0
Atharv Venkataraman,1,1,0
Atharv Vig,1,1,0
Atharv Vora,1,1,0
Atharv Walla,1,1,0
Ati Ben,1,1,0
Ati Bhalla,1,1,0
Ati Bhardwaj,1,1,0
Ati Bhavsar,1,1,1
Ati Brahmbhatt,1,1,0
Ati Brar,1,1,0
Ati Chauhan,1,1,0
Ati Dave,1,1,0
Ati Deol,1,1,0
Ati Dube,1,1,0
Ati Hayre,1,1,0
Ati Jani,1,1,0
Ati Kamdar,1,1,0
Ati Karnik,1,1,0
Ati Kibe,1,1,0
Ati Konda,1,1,0
Ati Lala,1,1,0
Ati Mahal,1,1,0
Ati Maharaj,1,1,0
Ati Mital,1,1,0
Ati Murty,1,1,1
Ati Oak,1,1,0
Ati Parekh,1,1,0
Ati Parikh,1,1,0
Ati Peri,1,1,0
Ati Rao,1,1,0
Ati Sachar,1,1,0
Ati Sandal,1,1,0
Ati Sharma,1,1,0
Ati Shenoy,1,1,0
Ati Sheth,1,1,0
Ati Sibal,1,1,0
Ati Singhal,1,1,0
Ati Tata,1,1,0
Ati Upadhyay,1,1,0
Ati Verma,1,1,0
Ati Wadhwa,1,1,0
Avi Arya,1,1,0
Avi Bail,1,1,0
Avi Balakrishnan,1,1,0
Avi Balan,1,1,0
Avi Bandi,1,1,0
Avi Barad,1,1,0
Avi Bhargava,1,1,0
Avi Chhabra,1,1,0
Avi Chowdhury,1,1,0
Avi Dey,1,1,0
Avi Dube,1,1,0
Avi Gala,1,1,0
Avi Gupta,1,1,0
Avi Iyengar,1,1,0
Avi Jayaraman,1,1,0
Avi Kakar,1,1,0
Avi Lall,1,1,0
Avi Manda,1,1,0
Avi Menon,1,1,0
Avi Minhas,1,1,0
Avi Prabhakar,1,1,0
Avi Puri,1,1,0
Avi Raja,1,1,1
Avi Reddy,1,1,0
Avi Sachdev,1,1,0
Avi Sachdeva,1,1,0
Avi Sahota,1,1,0
Avi Sinha,1,1,1
Avi Varghese,1,1,0
Avi Venkataraman,1,1,0
Avi Wason,1,1,0
Avni Ahluwalia,1,1,0
Avni Amble,1,1,0
Avni Anand,1,1,0
Avni Banik,1,1,0
Avni Baral,1,1,0
Avni Basu,1,1,0
Avni Bedi,1,1,0
Avni Ben,1,1,0
Avni Bhat,1,1,0
Avni Bhatnagar,1,1,1
Avni Bhattacharyya,2,2,0
Avni Borah,1,1,0
Avni Buch,1,1,1
Avni Butala,1,1,0
Avni Chada,1,1,1
Avni Chatterjee,1,1,0
Avni Choudhry,1,1,0
Avni Dara,1,1,0
Avni Das,1,1,0
Avni Dash,1,1,0
Avni Date,1,1,0
Avni Deshpande,1,1,0
Avni Dugar,1,1,0
Avni Gandhi,1,1,1
Avni Gole,1,1,0
Avni Jain,1,1,0
Avni Jha,1,1,0
Avni Kunda,1,1,0
Avni Kuruvilla,1,1,1
Avni Lal,2,2,1
Avni Memon,1,1,0
Avni Merchant,1,1,0
Avni Mohan,1,1,0
Avni Nanda,2,2,0
Avni Nayar,1,1,0
Avni Pall,1,1,0
Avni Palla,1,1,0
Avni Pandey,1,1,0
Avni Pradhan,1,1,1
Avni Purohit,1,1,0
Avni Radhakrishnan,1,1,0
Avni Ramaswamy,1,1,0
Avni Rana,1,1,0
Avni Sahni,1,1,0
Avni Sahota,1,1,0
Avni Sem,1,1,0
Avni Shah,1,1,0
Avni Shan,1,1,0
Avni Shenoy,1,1,0
Avni Singhal,1,1,0
Avni Som,1,1,0
Avni Subramaniam,1,1,0
Avni Vora,1,1,1
Avni Yohannan,1,1,0
Ayaan Arya,2,2,0
Ayaan Bandi,1,1,0
Ayaan Barman,1,1,0
Ayaan Basu,1,1,0
Ayaan Bera,1,1,0
Ayaan Bhalla,1,1,0
Ayaan Bhandari,1,1,0
Ayaan Borah,1,1,0
Ayaan Borde,1,1,0
Ayaan Borra,1,1,0
Ayaan Brahmbhatt,1,1,0
Ayaan Buch,1,1,0
Ayaan Chad,1,1,0
Ayaan Chand,1,1,0
Ayaan Choudhary,1,1,0
Ayaan Das,1,1,0
Ayaan Deshpande,1,1,0
Ayaan Dhingra,1,1,0
Ayaan Gandhi,1,1,0
Ayaan Ganesh,1,1,0
Ayaan Gill,1,1,0
Ayaan Hayer,1,1,0
Ayaan Jaggi,1,1,0
Ayaan Jain,1,1,0
Ayaan Kalla,1,1,0
Ayaan Kashyap,1,1,0
Ayaan Kata,1,1,0
Ayaan Keer,1,1,0
Ayaan Kulkarni,1,1,0
Ayaan Lala,1,1,0
Ayaan Mahajan,1,1,1
Ayaan Mammen,1,1,0
Ayaan Modi,1,1,1
Ayaan Murty,1,1,0
Ayaan Nadig,1,1,1
Ayaan Nadkarni,1,1,0
Ayaan Nagi,1,1,0
Ayaan Padmanabhan,1,1,0
Ayaan Rajan,1,1,0
Ayaan Ravel,1,1,0
Ayaan Sandhu,1,1,0
Ayaan Sarna,1,1,0
Ayaan Sarraf,1,1,0
Ayaan Sethi,1,1,2
Ayaan Yogi,1,1,0
Ayush Amble,1,1,0
Ayush Banerjee,1,1,1
Ayush Bhalla,1,1,0
Ayush Bhatti,1,1,0
Ayush Bose,1,1,0
Ayush Chakraborty,1,1,0
Ayush Choudhury,1,1,1
Ayush Deep,1,1,1
Ayush Dhaliwal,1,1,0
Ayush Dhar,1,1,0
Ayush Dhillon,1,1,0
Ayush Doshi,1,1,0
Ayush Gandhi,1,1,0
Ayush Grover,1,1,0
Ayush Issac,1,1,0
Ayush Jha,1,1,2
Ayush Kamdar,1,1,0
Ayush Kapur,1,1,0
Ayush Kashyap,1,1,0
Ayush Loyal,1,1,0
Ayush Mahal,1,1,0
Ayush Manne,1,1,0
Ayush Misra,1,1,0
Ayush Mittal,1,1,0
Ayush Mody,1,1,0
Ayush Munshi,1,1,0
Ayush Oommen,1,1,0
Ayush Oza,2,2,1
Ayush Parikh,1,1,0
Ayush Parmer,1,1,0
Ayush Raman,1,1,0
Ayush Ratta,1,1,0
Ayush Raval,1,1,0
Ayush Sabharwal,1,1,0
Ayush Sachdev,1,1,0
Ayush Sahni,1,1,0
Ayush Sathe,1,1,1
Ayush Sharma,1,1,0
Ayush Singhal,1,1,0
Ayush Soman,1,1,0
Ayush Sunder,1,1,0
Ayush Sur,1,1,0
Ayush Taneja,1,1,0
Ayush Uppal,1,1,0
Ayush Wagle,1,1,0
Ayush Zachariah,1,1,0
Ayushman Agarwal,1,1,0
Ayushman Bail,1,1,0
Ayushman Barad,1,1,0
Ayushman Boase,1,1,0
Ayushman Buch,1,1,0
Ayushman Chaudhary,1,1,0
Ayushman Cherian,1,1,1
Ayushman Dalal,1,1,0
Ayushman Dhillon,1,1,0
Ayushman Divan,1,1,1
Ayushman Dugal,1,1,0
Ayushman Dugar,1,1,0
Ayushman Gill,1,1,0
Ayushman Goswami,1,1,1
Ayushman Goyal,1,1,0
Ayushman Grewal,1,1,0
Ayushman Gupta,1,1,0
Ayushman Hayer,1,1,0
Ayushman Hora,1,1,0
Ayushman Jayaraman,1,1,0
Ayushman Kade,1,1,0
Ayushman Koshy,1,1,0
Ayushman Maharaj,1,1,0
Ayushman Mistry,1,1,0
Ayushman Mitter,1,1,0
Ayushman Nagi,1,1,0
Ayushman Nath,1,1,0
Ayushman Parikh,1,1,0
Ayushman Parsa,1,1,0
Ayushman Pingle,1,1,1
Ayushman Prabhakar,1,1,0
Ayushman Rajagopalan,1,1,0
Ayushman Rajan,1,1,0
Ayushman Ramanathan,1,1,0
Ayushman Ramesh,1,1,1
Ayushman Rana,1,1,0
Ayushman Rattan,1,1,0
Ayushman Ravi,1,1,0
Ayushman Shankar,1,1,0
Ayushman Soman,1,1,0
Ayushman Sunder,1,1,0
Ayushman Vohra,1,1,0
Ayushman Wadhwa,1,1,0
Ayushman Wason,1,1,0
Azaan Agate,1,1,0
Azaan Amble,1,1,0
Azaan Bakshi,1,1,0
Azaan Bobal,1,1,0
Azaan Bora,1,1,1
Azaan Brahmbhatt,1,1,0
Azaan Chadha,1,1,0
Azaan Chakrabarti,1,1,0
Azaan Chanda,1,1,0
Azaan Chaudhari,1,1,0
Azaan Dayal,1,1,0
Azaan Divan,1,1,0
Azaan Doctor,1,1,0
Azaan Edwin,1,1,0
Azaan Gade,1,1,1
Azaan Gill,1,1,1
Azaan Goel,1,1,0
Azaan Jain,1,1,0
Azaan Kala,1,1,0
Azaan Kale,1,1,0
Azaan Kamdar,1,1,0
Azaan Kata,1,1,0
Azaan Kothari,1,1,0
Azaan Krishna,1,1,0
Azaan Kumer,1,1,0
Azaan Loyal,1,1,0
Azaan Narayan,1,1,0
Azaan Nigam,1,1,0
Azaan Oza,2,2,0
Azaan Pal,1,1,0
Azaan Pradhan,1,1,1
Azaan Raghavan,1,1,0
Azaan Raju,1,1,0
Azaan Ramaswamy,1,1,0
Azaan Sagar,1,1,0
Azaan Samra,1,1,0
Azaan Sani,1,1,0
Azaan Sankaran,1,1,0
Azaan Sarraf,1,1,0
Azaan Shanker,1,1,1
Azaan Sharma,1,1,0
Azaan Shere,1,1,0
Azaan Som,1,1,0
Azaan Thakur,1,1,0
Azaan Verma,1,1,0
Azaan Vyas,1,1,0
Azaan Wagle,1,1,0
Azad Agate,1,1,0
Azad Ahluwalia,1,1,0
Azad Andra,1,1,0
Azad Anne,1,1,0
Azad Apte,1,1,0
Azad Bahl,1,1,0
Azad Bal,1,1,0
Azad Behl,1,1,0
Azad Bhandari,1,1,0
Azad Bhardwaj,1,1,0
Azad Biswas,1,1,0
Azad Bose,1,1,0
Azad Brar,1,1,0
Azad Chawla,1,1,0
Azad Chokshi,1,1,0
Azad Dani,1,1,0
Azad Dave,1,1,0
Azad Deshmukh,1,1,1
Azad Dhar,2,2,0
Azad Dua,1,1,0
Azad Dugar,1,1,0
Azad Dutt,1,1,0
Azad Hari,1,1,0
Azad Johal,1,1,0
Azad Kade,1,1,0
Azad Kapur,1,1,0
Azad Karpe,1,1,0
Azad Khatri,1,1,0
Azad Konda,1,1,0
Azad Korpal,1,1,0
Azad Krish,1,1,0
Azad Mahajan,1,1,0
Azad Mangat,1,1,0
Azad Nagarajan,1,1,0
Azad Nagi,1,1,0
Azad Nanda,1,1,0
Azad Narayanan,1,1,0
Azad Oommen,1,1,0
Azad Parmer,1,1,0
Azad Raghavan,1,1,0
Azad Ramachandran,1,1,0
Azad Sandhu,1,1,0
Azad Sanghvi,1,1,0
Azad Sarin,1,1,0
Azad Sidhu,2,2,0
Azad Srinivas,1,1,0
Azad Subramanian,1,1,1
Azad Tak,1,1,0
Azad Tandon,1,1,0
Azad Taneja,1,1,0
Azad Tripathi,1,1,0
Azad Upadhyay,1,1,0
Azad Uppal,2,2,2
Azad Varma,2,2,0
Azad Wagle,2,2,0
Bachittar Bajwa,1,1,0
Bachittar Basu,1,1,0
Bachittar Bath,1,1,0
Bachittar Chandran,1,1,0
Bachittar Chopra,1,1,0
Bachittar Choudhry,1,1,0
Bachittar Desai,1,1,0
Bachittar Dhingra,1,1,0
Bachittar Gara,1,1,1
Bachittar Hari,1,1,0
Bachittar Joshi,1,1,0
Bachittar Kamdar,1,1,0
Bachittar Kanda,1,1,0
Bachittar Kant,2,2,0
Bachittar Keer,1,1,0
Bachittar Khatri,1,1,0
Bachittar Mangal,1,1,0
Bachittar Muni,1,1,0
Bachittar Nagarajan,1,1,0
Bachittar Nanda,1,1,0
Bachittar Narula,1,1,0
Bachittar Oak,1,1,0
Bachittar Padmanabhan,1,1,0
Bachittar Pall,1,1,0
Bachittar Parikh,1,1,0
Bachittar Purohit,1,1,0
Bachittar Rai,1,1,0
Bachittar Rama,1,1,0
Bachittar Ranganathan,1,1,0
Bachittar Rege,1,1,0
Bachittar Samra,2,2,0
Bachittar Sathe,1,1,0
Bachittar Srinivasan,1,1,0
Bachittar Tailor,1,1,0
Bachittar Wali,1,1,0
Bachittar Walla,1,1,0
Bachittar Yohannan,1,1,1
Baghyawati Agrawal,1,1,0
Baghyawati Arora,1,1,0
Baghyawati Aurora,1,1,0
Baghyawati Bali,1,1,1
Baghyawati Banerjee,1,1,0
Baghyawati Bassi,1,1,0
Baghyawati Boase,1,1,0
Baghyawati Brar,1,1,0
Baghyawati Bumb,1,1,0
Baghyawati Chada,1,1,0
Baghyawati Dalal,2,2,0
Baghyawati Dass,1,1,0
Baghyawati Dhar,1,1,0
Baghyawati Dhawan,1,1,0
Baghyawati Gola,1,1,0
Baghyawati Goswami,1,1,0
Baghyawati Grewal,1,1,0
Baghyawati Hegde,1,1,0
Baghyawati Jaggi,1,1,0
Baghyawati Kapadia,1,1,0
Baghyawati Kapoor,1,1,0
Baghyawati Karnik,1,1,0
Baghyawati Kaur,1,1,0
Baghyawati Krishnan,1,1,0
Baghyawati Kumar,1,1,0
Baghyawati Lad,1,1,0
Baghyawati Mahal,1,1,0
Baghyawati Mukhopadhyay,1,1,0
Baghyawati Nagy,1,1,0
Baghyawati Narain,1,1,0
Baghyawati Parmer,1,1,0
Baghyawati Patla,1,1,0
Baghyawati Prabhu,1,1,0
Baghyawati Prasad,1,1,0
Baghyawati Ramanathan,1,1,0
Baghyawati Sandhu,2,2,0
Baghyawati Sangha,2,2,0
Baghyawati Sankar,1,1,0
Baghyawati Sarna,1,1,0
Baghyawati Shukla,1,1,0
Baghyawati Sinha,1,1,0
Baghyawati Solanki,1,1,0
Baghyawati Vig,1,1,1
Baghyawati Yogi,1,1,0
Baghyawati Zacharia,1,1,0
Bahadurjit Agarwal,1,1,0
Bahadurjit Apte,1,1,0
Bahadurjit Bains,1,1,0
Bahadurjit Balan,1,1,0
Bahadurjit Banik,1,1,0
Bahadurjit Basak,2,2,0
Bahadurjit Bassi,1,1,0
Bahadurjit Bhagat,1,1,0
Bahadurjit Bhatia,1,1,0
Bahadurjit Bose,1,1,1
Bahadurjit Chakrabarti,1,1,0
Bahadurjit Chatterjee,1,1,0
Bahadurjit Chaudhry,1,1,0
Bahadurjit Chaudry,1,1,0
Bahadurjit Chauhan,1,1,0
Bahadurjit Dutta,1,1,0
Bahadurjit Ghosh,1,1,0
Bahadurjit Gupta,1,1,0
Bahadurjit Hari,1,1,0
Bahadurjit Kara,1,1,0
Bahadurjit Khatri,1,1,0
Bahadurjit Kothari,1,1,0
Bahadurjit Krishnamurthy,1,1,0
Bahadurjit Mangat,1,1,0
Bahadurjit Mann,1,1,0
Bahadurjit Master,1,1,0
Bahadurjit Menon,1,1,1
Bahadurjit Merchant,1,1,0
Bahadurjit Morar,1,1,0
Bahadurjit Nagi,1,1,0
Bahadurjit Naik,1,1,0
Bahadurjit Nath,1,1,0
Bahadurjit Pal,1,1,1
Bahadurjit Panchal,1,1,1
Bahadurjit Prashad,1,1,0
Bahadurjit Rao,1,1,0
Bahadurjit Sabharwal,1,1,0
Bahadurjit Saha,1,1,0
Bahadurjit Sawhney,1,1,0
Bahadurjit Shenoy,1,1,0
Bahadurjit Som,1,1,0
Bahadurjit Sunder,1,1,0
Bahadurjit Wadhwa,1,1,0
Bahadurjit Warrior,1,1,0
Bakhshi Ahuja,1,1,0
Bakhshi Bains,1,1,0
Bakhshi Bajaj,1,1,0
Bakhshi Balay,1,1,0
Bakhshi Batra,1,1,0
Bakhshi Batta,1,1,0
Bakhshi Bhagat,1,1,0
Bakhshi Bhatnagar,1,1,0
Bakhshi Chander,1,1,0
Bakhshi Chhabra,1,1,0
Bakhshi Choudhury,1,1,0
Bakhshi Comar,1,1,0
Bakhshi Dalal,1,1,1
Bakhshi Dara,1,1,0
Bakhshi Dey,1,1,0
Bakhshi Dhingra,1,1,0
Bakhshi Dixit,1,1,0
Bakhshi Hayer,1,1,0
Bakhshi Hora,1,1,0
Bakhshi Kala,1,1,0
Bakhshi Kamdar,1,1,0
Bakhshi Koshy,3,3,1
Bakhshi Kunda,1,1,0
Bakhshi Kuruvilla,1,1,0
Bakhshi Madan,1,1,0
Bakhshi Mitra,1,1,0
Bakhshi Mukhopadhyay,1,1,0
Bakhshi Munshi,1,1,3
Bakhshi Nadkarni,1,1,0
Bakhshi Nazareth,1,1,0
Bakhshi Randhawa,1,1,0
Bakhshi Ratti,1,1,0
Bakhshi Ray,1,1,1
Bakhshi Sama,2,2,0
Bakhshi Sandal,1,1,0
Bakhshi Sarma,1,1,1
Bakhshi Solanki,1,1,1
Bakhshi Subramanian,1,1,0
Bakhshi Tak,1,1,0
Bakhshi Tella,1,1,0
Bakhshi Wable,1,1,0
Balendra Baria,1,1,0
Balendra Bawa,1,1,0
Balendra Butala,1,1,0
Balendra Chakrabarti,1,1,0
Balendra Choudhary,1,1,0
Balendra Dada,1,1,1
Balendra Date,1,1,0
Balendra Dugar,1,1,0
Balendra Gaba,1,1,0
Balendra Gade,1,1,0
Balendra Gour,1,1,0
Balendra Grover,1,1,0
Balendra Joshi,1,1,0
Balendra Kapoor,1,1,0
Balendra Kar,1,1,0
Balendra Kashyap,1,1,1
Balendra Konda,1,1,0
Balendra Kothari,1,1,0
Balendra Kumar,1,1,0
Balendra Kunda,1,1,0
Balendra Lad,1,1,0
Balendra Mahajan,1,1,0
Balendra Mahal,1,1,0
Balendra Memon,1,1,0
Balendra Mitra,1,1,0
Balendra Munshi,1,1,0
Balendra Murty,1,1,0
Balendra Nagar,1,1,0
Balendra Nagarajan,2,2,0
Balendra Oommen,1,1,0
Balendra Palla,2,2,0
Balendra Pillai,1,1,0
Balendra Raju,1,1,0
Balendra Raman,1,1,0
Balendra Ramaswamy,1,1,0
Balendra Randhawa,1,1,0
Balendra Raval,1,1,0
Balendra Ray,1,1,0
Balendra Reddy,1,1,0
Balendra Sahni,2,2,0
Balendra Sawhney,1,1,0
Balendra Sehgal,1,1,0
Balendra Sem,1,1,0
Balendra Sharaf,1,1,0
Balendra Sharma,1,1,0
Balendra Shroff,1,1,1
Balendra Sidhu,1,1,0
Balendra Sinha,1,1,0
Balendra Sood,1,1,0
Balendra Subramanian,1,1,0
Balendra Suri,1,1,0
Balendra Tiwari,1,1,0
Balendra Verma,1,1,0
Balendra Walia,1,1,0
Balendra Yohannan,2,2,0
Balhaar Bahl,1,1,0
Balhaar Bail,2,2,0
Balhaar Banik,1,1,1
Balhaar Baral,1,1,1
Balhaar Chadha,1,1,0
Balhaar Choudhry,1,1,0
Balhaar Dave,1,1,0
Balhaar Gade,1,1,0
Balhaar Gala,1,1,0
Balhaar Ganesh,1,1,0
Balhaar Gera,2,2,0
Balhaar Ghose,1,1,0
Balhaar Goswami,1,1,0
Balhaar Hora,1,1,1
Balhaar Joshi,1,1,0
Balhaar Kara,1,1,1
Balhaar Kothari,1,1,0
Balhaar Madan,1,1,0
Balhaar Mander,1,1,1
Balhaar Mitra,1,1,0
Balhaar Nagi,1,1,0
Balhaar Narain,1,1,0
Balhaar Pant,1,1,0
Balhaar Parikh,1,1,0
Balhaar Rai,1,1,0
Balhaar Rama,1,1,0
Balhaar Ramaswamy,1,1,1
Balhaar Sahota,1,1,0
Balhaar Seshadri,1,1,0
Balhaar Som,1,1,0
Balhaar Tiwari,1,1,0
Balhaar Upadhyay,1,1,0
Balhaar Vohra,1,1,0
Balhaar Warrior,1,1,0
Balhaar Yogi,1,1,0
Baljiwan Ahluwalia,1,1,0
Baljiwan Arya,1,1,0
Baljiwan Badal,1,1,0
Baljiwan Barad,1,1,0
Baljiwan Batta,1,1,0
Baljiwan Bhargava,1,1,0
Baljiwan Bhasin,1,1,1
Baljiwan Boase,2,2,0
Baljiwan Chada,1,1,0
Baljiwan Dar,1,1,0
Baljiwan Date,1,1,0
Baljiwan Dua,1,1,0
Baljiwan Garde,2,2,0
Baljiwan Handa,1,1,1
Baljiwan Hayre,1,1,0
Baljiwan Jayaraman,1,1,0
Baljiwan Kade,1,1,0
Baljiwan Kala,1,1,0
Baljiwan Kamdar,1,1,0
Baljiwan Kanda,1,1,0
Baljiwan Kaur,2,2,0
Baljiwan Keer,1,1,0
Baljiwan Khalsa,1,1,0
Baljiwan Khosla,1,1,0
Baljiwan Khurana,1,1,0
Baljiwan Konda,1,1,0
Baljiwan Kuruvilla,1,1,0
Baljiwan Lal,1,1,0
Baljiwan Misra,1,1,0
Baljiwan Mukherjee,1,1,0
Baljiwan Munshi,1,1,0
Baljiwan Nadkarni,1,1,0
Baljiwan Nanda,1,1,0
Baljiwan Narang,1,1,0
Baljiwan Peri,1,1,0
Baljiwan Pingle,1,1,0
Baljiwan Prakash,1,1,0
Baljiwan Saha,1,1,0
Baljiwan Saini,1,1,0
Baljiwan Sant,1,1,1
Baljiwan Sekhon,1,1,0
Baljiwan Sha,1,1,0
Baljiwan Shan,1,1,1
Baljiwan Tailor,1,1,0
Baljiwan Wable,1,1,0
Balvan Agrawal,2,2,0
Balvan Amble,1,1,0
Balvan Bahl,1,1,0
Balvan Bail,1,1,0
Balvan Balan,1,1,0
Balvan Balay,1,1,0
Balvan Bava,1,1,0
Balvan Bhagat,1,1,0
Balvan Bhattacharyya,1,1,0
Balvan Bhavsar,1,1,0
Balvan Borah,1,1,0
Balvan Chadha,1,1,0
Balvan Dara,1,1,0
Balvan Deep,1,1,0
Balvan Deol,1,1,0
Balvan Devi,1,1,0
Balvan Dugar,1,1,0
Balvan Edwin,1,1,0
Balvan Gandhi,1,1,0
Balvan Guha,1,1,0
Balvan Hayre,1,1,0
Balvan Jha,1,1,0
Balvan Kamdar,1,1,0
Balvan Koshy,1,1,0
Balvan Mammen,1,1,0
Balvan Mane,1,1,0
Balvan Misra,1,1,0
Balvan Mitra,1,1,0
Balvan Nagar,1,1,0
Balvan Patil,1,1,0
Balvan Radhakrishnan,1,1,0
Balvan Raj,1,1,0
Balvan Rege,1,1,0
Balvan Sagar,1,1,0
Balvan Saini,1,1,0
Balvan Saxena,1,1,0
Balvan Sethi,1,1,0
Balvan Thakur,1,1,0
Balvan Vasa,1,1,0
Balvan Vig,1,1,0
Balvan Vohra,1,1,0
Balvan Vora,1,1,0
Balveer Balay,1,1,0
Balveer Bali,1,1,0
Balveer Banik,2,2,0
Balveer Behl,1,1,0
Balveer Bir,1,1,0
Balveer Borah,1,1,0
Balveer Chandra,1,1,1
Balveer Dash,1,1,0
Balveer Dave,1,1,0
Balveer De,1,1,0
Balveer Ganesh,1,1,0
Balveer Garde,1,1,0
Balveer Gera,1,1,0
Balveer Gole,1,1,0
Balveer Kapadia,1,1,0
Balveer Karpe,1,1,0
Balveer Kota,1,1,0
Balveer Krishnan,1,1,0
Balveer Kulkarni,1,1,0
Balveer Mall,1,1,0
Balveer Mani,1,1,0
Balveer Narayan,1,1,0
Balveer Oza,1,1,0
Balveer Raj,1,1,0
Balveer Rajan,1,1,0
Balveer Ramanathan,1,1,0
Balveer Rana,1,1,0
Balveer Rastogi,1,1,0
Balveer Rout,1,1,0
Balveer Sachdev,1,1,0
Balveer Sahota,1,1,0
Balveer Sarkar,1,1,0
Balveer Seth,2,2,1
Balveer Som,1,1,0
Balveer Soman,1,1,0
Balveer Srinivasan,1,1,0
Balveer Sundaram,1,1,0
Balveer Varghese,1,1,1
Balveer Venkataraman,1,1,1
Balveer Viswanathan,1,1,0
Balveer Warrior,1,1,0
Banjeet Ahuja,1,1,0
Banjeet Anand,1,1,1
Banjeet Bahl,1,1,0
Banjeet Cherian,1,1,0
Banjeet Devi,1,1,0
Banjeet Edwin,1,1,0
Banjeet Gara,1,1,0
Banjeet Goswami,1,1,1
Banjeet Halder,1,1,0
Banjeet Kakar,2,2,0
Banjeet Kapoor,1,1,0
Banjeet Keer,1,1,1
Banjeet Khatri,1,1,0
Banjeet Khurana,1,1,0
Banjeet Kohli,1,1,0
Banjeet Korpal,1,1,0
Banjeet Krish,1,1,0
Banjeet Loke,1,1,0
Banjeet Mammen,1,1,0
Banjeet Menon,1,1,1
Banjeet Minhas,1,1,0
Banjeet Mukherjee,1,1,0
Banjeet Nagar,1,1,0
Banjeet Oak,1,1,0
Banjeet Pandit,1,1,0
Banjeet Prashad,1,1,1
Banjeet Ramakrishnan,1,1,0
Banjeet Rana,1,1,0
Banjeet Saraf,1,1,0
Banjeet Sarraf,1,1,0
Banjeet Sekhon,1,1,0
Banjeet Sharma,1,1,0
Banjeet Shetty,1,1,0
Banjeet Sodhi,1,1,0
Banjeet Sur,1,1,0
Banjeet Thaman,1,1,0
Banjeet Vala,1,1,1
Banjeet Virk,1,1,0
Banjeet Wali,2,2,0
Banjeet Walla,1,1,0
Banjeet Yohannan,1,1,0
Barkha Aggarwal,1,1,0
Barkha Andra,1,1,0
Barkha Bail,1,1,0
Barkha Balasubramanian,1,1,1
Barkha Bandi,1,1,1
Barkha Chandran,1,1,1
Barkha Deshmukh,1,1,0
Barkha Gala,1,1,0
Barkha Garde,1,1,0
Barkha Garg,2,2,0
Barkha Gola,1,1,0
Barkha Hegde,1,1,0
Barkha Issac,1,1,0
Barkha Karan,1,1,0
Barkha Kohli,1,1,0
Barkha Malhotra,1,1,0
Barkha Munshi,1,1,0
Barkha Nadkarni,1,1,0
Barkha Nagar,1,1,1
Barkha Narula,1,1,0
Barkha Natt,1,1,0
Barkha Parmar,1,1,0
Barkha Parmer,1,1,0
Barkha Prabhakar,1,1,0
Barkha Rana,1,1,0
Barkha Rau,1,1,0
Barkha Sant,1,1,0
Barkha Sastry,1,1,0
Barkha Sem,1,1,0
Barkha Sen,1,1,0
Barkha Setty,1,1,0
Barkha Shukla,1,1,0
Barkha Srivastava,1,1,0
Barkha Talwar,1,1,0
Barkha Thaman,1,1,0
Barkha Varkey,1,1,0
Benjamin Agarwal,1,1,0
Benjamin Bahl,1,1,0
Benjamin Bansal,1,1,1
Benjamin Barad,1,1,0
Benjamin Bath,1,1,0
Benjamin Bhandari,1,1,0
Benjamin Bhat,1,1,0
Benjamin Bhavsar,1,1,0
Benjamin Bose,1,1,0
Benjamin Buch,1,1,0
Benjamin Chand,1,1,0
Benjamin Chandra,1,1,0
Benjamin Chaudhari,1,1,0
Benjamin Dash,1,1,1
Benjamin Date,1,1,0
Benjamin Dubey,1,1,0
Benjamin Dugar,1,1,0
Benjamin Gala,1,1,0
Benjamin Gopal,1,1,0
Benjamin Gour,1,1,0
Benjamin Gupta,1,1,0
Benjamin Hora,1,1,0
Benjamin Issac,1,1,0
Benjamin Kibe,1,1,0
Benjamin Koshy,1,1,0
Benjamin Kulkarni,1,1,0
Benjamin Lal,1,1,0
Benjamin Merchant,1,1,0
Benjamin Mitter,1,1,0
Benjamin Nagy,1,1,1
Benjamin Natt,1,1,0
Benjamin Nazareth,1,1,0
Benjamin Pant,1,1,0
Benjamin Rama,1,1,0
Benjamin Randhawa,1,1,0
Benjamin Rau,1,1,0
Benjamin Sane,1,1,0
Benjamin Sarna,1,1,0
Benjamin Sheth,1,1,0
Benjamin Shroff,1,1,0
Benjamin Singh,1,1,0
Benjamin Sridhar,1,1,1
Benjamin Suri,1,1,0
Benjamin Vora,1,1,0
Bhanumati Bal,1,1,0
Bhanumati Balay,1,1,2
Bhanumati Banerjee,1,1,0
Bhanumati Barman,1,1,0
Bhanumati Basak,1,1,0
Bhanumati Bhalla,1,1,0
Bhanumati Biswas,1,1,0
Bhanumati Bose,1,1,0
Bhanumati Chopra,1,1,0
Bhanumati Dar,1,1,0
Bhanumati Deshpande,1,1,0
Bhanumati Dhillon,1,1,0
Bhanumati Doctor,2,2,1
Bhanumati Dubey,1,1,0
Bhanumati Dugar,1,1,0
Bhanumati Gala,1,1,0
Bhanumati Ghose,1,1,0
Bhanumati Issac,1,1,0
Bhanumati Kalla,1,1,0
Bhanumati Kant,1,1,0
Bhanumati Karan,1,1,0
Bhanumati Kata,1,1,0
Bhanumati Khatri,1,1,0
Bhanumati Lala,1,1,0
Bhanumati Mall,1,1,0
Bhanumati Mistry,1,1,0
Bhanumati Patla,1,1,0
Bhanumati Rana,1,1,0
Bhanumati Ranganathan,1,1,0
Bhanumati Sachar,1,1,0
Bhanumati Samra,1,1,0
Bhanumati Sant,1,1,0
Bhanumati Saraf,1,1,0
Bhanumati Savant,1,1,0
Bhanumati Shetty,1,1,0
Bhanumati Trivedi,1,1,1
Bhanumati Wable,1,1,0
Bhavani Agrawal,1,1,0
Bhavani Bahri,1,1,0
Bhavani Bajwa,1,1,0
Bhavani Balan,1,1,0
Bhavani Behl,1,1,0
Bhavani Bhattacharyya,1,1,1
Bhavani Biswas,1,1,0
Bhavani Borah,1,1,0
Bhavani Chander,1,1,0
Bhavani Chandra,1,1,0
Bhavani Chaudry,1,1,0
Bhavani Dalal,1,1,0
Bhavani Devan,1,1,0
Bhavani Dhaliwal,1,1,0
Bhavani Din,1,1,0
Bhavani Dugar,1,1,0
Bhavani Dyal,1,1,0
Bhavani Ganesan,1,1,0
Bhavani Gola,1,1,0
Bhavani Goswami,1,1,0
Bhavani Grewal,1,1,0
Bhavani Grover,1,1,1
Bhavani Guha,1,1,0
Bhavani Hari,1,1,0
Bhavani Jha,1,1,0
Bhavani Kadakia,1,1,1
Bhavani Kale,1,1,1
Bhavani Kalla,1,1,1
Bhavani Kapoor,1,1,0
Bhavani Kaur,1,1,0
Bhavani Keer,1,1,0
Bhavani Khalsa,1,1,0
Bhavani Khare,1,1,0
Bhavani Krishna,1,1,0
Bhavani Madan,1,1,0
Bhavani Mitter,1,1,0
Bhavani Mukhopadhyay,1,1,0
Bhavani Naik,1,1,0
Bhavani Nanda,1,1,0
Bhavani Prakash,1,1,0
Bhavani Ramaswamy,1,1,0
Bhavani Rao,1,1,0
Bhavani Sahni,1,1,0
Bhavani Sandal,1,1,0
Bhavani Savant,1,1,0
Bhavani Sha,1,1,0
Bhavani Shetty,1,1,1
Bhavani Srinivas,1,1,0
Bhavani Srinivasan,2,2,0
Bhavani Sur,1,1,0
Bhavani Talwar,1,1,0
Bhavani Uppal,1,1,0
Bhavani Wagle,1,1,1
Bhavika Agrawal,1,1,0
Bhavika Bail,1,1,1
Bhavika Balasubramanian,1,1,0
Bhavika Baral,1,1,0
Bhavika Bhatia,1,1,0
Bhavika Chad,1,1,0
Bhavika Chaudhary,1,1,1
Bhavika Dalal,1,1,0
Bhavika Dara,1,1,0
Bhavika Date,1,1,0
Bhavika Datta,1,1,0
Bhavika Dube,1,1,0
Bhavika Dutt,1,1,0
Bhavika Gala,1,1,0
Bhavika Gandhi,1,1,0
Bhavika Ganguly,2,2,0
Bhavika Goel,1,1,1
Bhavika Iyer,2,2,0
Bhavika Kale,1,1,0
Bhavika Kalita,1,1,0
Bhavika Kaul,1,1,0
Bhavika Khare,1,1,0
Bhavika Khosla,1,1,0
Bhavika Khurana,1,1,0
Bhavika Lad,2,2,1
Bhavika Lal,1,1,0
Bhavika Lalla,1,1,0
Bhavika Mammen,1,1,0
Bhavika Minhas,1,1,0
Bhavika Mital,1,1,0
Bhavika Nagar,1,1,0
Bhavika Nori,1,1,1
Bhavika Oak,1,1,0
Bhavika Pandit,2,2,0
Bhavika Pant,1,1,0
Bhavika Pradhan,1,1,0
Bhavika Sachdev,1,1,1
Bhavika Sandal,1,1,0
Bhavika Saran,2,2,0
Bhavika Sharaf,1,1,0
Bhavika Shukla,1,1,0
Bhavika Som,1,1,0
Bhavika Swaminathan,1,1,0
Bhavika Varghese,1,1,1
Bhavika Vasa,1,1,0
Bhavika Wable,1,1,0
Bhavika Wadhwa,1,1,0
Bhavini Atwal,1,1,0
Bhavini Bansal,1,1,0
Bhavini Barad,1,1,0
Bhavini Baral,1,1,0
Bhavini Choudhry,1,1,0
Bhavini Chowdhury,1,1,0
Bhavini Comar,1,1,1
Bhavini Dara,1,1,0
Bhavini Dash,1,1,0
Bhavini Dass,1,1,0
Bhavini Dayal,1,1,0
Bhavini Dyal,1,1,0
Bhavini Gade,1,1,0
Bhavini Gandhi,1,1,0
Bhavini Gara,1,1,0
Bhavini Garg,1,1,0
Bhavini Goswami,1,1,0
Bhavini Kala,1,1,0
Bhavini Kale,1,1,0
Bhavini Kamdar,1,1,0
Bhavini Khosla,1,1,0
Bhavini Kunda,1,1,0
Bhavini Lata,1,1,0
Bhavini Memon,2,2,0
Bhavini More,1,1,0
Bhavini Nair,1,1,0
Bhavini Oza,2,2,0
Bhavini Parekh,1,1,0
Bhavini Rama,1,1,0
Bhavini Ratta,1,1,0
Bhavini Sama,1,1,0
Bhavini Varkey,1,1,0
Bhavini Vig,1,1,1
Bhavini Zachariah,1,1,0
Bhavna Agate,1,1,0
Bhavna Agrawal,1,1,0
Bhavna Apte,1,1,0
Bhavna Arora,1,1,0
Bhavna Baria,1,1,0
Bhavna Buch,1,1,0
Bhavna Cherian,1,1,0
Bhavna Chhabra,1,1,1
Bhavna Choudhary,1,1,0
Bhavna Doctor,1,1,0
Bhavna Ganesan,1,1,0
Bhavna Ghose,1,1,0
Bhavna Golla,1,1,0
Bhavna Hans,1,1,0
Bhavna Jani,1,1,0
Bhavna Kala,1,1,0
Bhavna Kant,1,1,0
Bhavna Khanna,1,1,0
Bhavna Lal,1,1,0
Bhavna Lalla,1,1,0
Bhavna Loyal,1,1,0
Bhavna Mannan,1,1,0
Bhavna Mody,1,1,0
Bhavna Morar,1,1,0
Bhavna Nagi,1,1,0
Bhavna Nazareth,1,1,1
Bhavna Nori,1,1,0
Bhavna Parikh,1,1,0
Bhavna Prakash,1,1,0
Bhavna Rajagopal,1,1,0
Bhavna Rastogi,1,1,0
Bhavna Rege,1,1,0
Bhavna Sampath,1,1,0
Bhavna Sankaran,1,1,0
Bhavna Sarraf,1,1,0
Bhavna Savant,1,1,0
Bhavna Seshadri,1,1,0
Bhavna Shanker,1,1,1
Bhavna Tata,1,1,0
Bhavna Uppal,1,1,0
Bhavna Vaidya,1,1,0
Bhavna Walla,1,1,0
Bhavna Warrior,1,1,0
Bhavna Zacharia,2,2,1
Bhavya Arora,1,1,0
Bhavya Aurora,1,1,0
Bhavya Bakshi,1,1,0
Bhavya Bala,2,2,1
Bhavya Barad,2,2,0
Bhavya Bath,1,1,1
Bhavya Behl,1,1,0
Bhavya Bhandari,2,2,0
Bhavya Bhasin,1,1,0
Bhavya Dalal,1,1,0
Bhavya Deep,1,1,0
Bhavya Divan,1,1,0
Bhavya Dugal,1,1,0
Bhavya Ghosh,1,1,0
Bhavya Grover,1,1,0
Bhavya Jain,1,1,0
Bhavya Kannan,1,1,0
Bhavya Krishnan,1,1,0
Bhavya Lala,1,1,0
Bhavya Madan,1,1,0
Bhavya Manda,1,1,0
Bhavya Mohan,1,1,0
Bhavya Mohanty,1,1,0
Bhavya Munshi,1,1,0
Bhavya Nadig,1,1,0
Bhavya Patla,1,1,0
Bhavya Ramaswamy,1,1,0
Bhavya Sachar,1,1,0
Bhavya Saraf,1,1,0
Bhavya Sarraf,1,1,0
Bhavya Sha,1,1,0
Bhavya Shah,1,1,0
Bhavya Sunder,1,1,0
Bhavya Talwar,1,1,0
Bhavya Tandon,1,1,0
Bhavya Tara,1,1,0
Bhavya Tata,1,1,0
Bhavya Varkey,1,1,0
Bhavya Vig,1,1,0
Bhavya Wagle,1,1,0
Bimala Agrawal,2,2,0
Bimala Amble,1,1,0
Bimala Apte,1,1,0
Bimala Babu,1,1,0
Bimala Bath,1,1,0
Bimala Bhakta,1,1,1
Bimala Bhandari,1,1,1
Bimala Bhardwaj,1,1,2
Bimala Bhavsar,1,1,0
Bimala Bobal,1,1,0
Bimala Chaudry,1,1,0
Bimala Chokshi,1,1,0
Bimala Choudhry,1,1,0
Bimala Chowdhury,1,1,0
Bimala Dar,1,1,0
Bimala Dara,1,1,0
Bimala Dass,1,1,0
Bimala Divan,1,1,0
Bimala Dyal,1,1,0
Bimala Ganesan,1,1,0
Bimala Gara,1,1,0
Bimala Goel,1,1,0
Bimala Halder,1,1,0
Bimala Hayer,1,1,0
Bimala Iyer,1,1,0
Bimala Kapoor,1,1,0
Bimala Kaul,1,1,0
Bimala Kibe,1,1,0
Bimala Kurian,1,1,0
Bimala Luthra,2,2,0
Bimala Mall,1,1,0
Bimala Manne,1,1,0
Bimala Mitter,1,1,0
Bimala Mody,1,1,0
Bimala Narain,1,1,0
Bimala Nazareth,1,1,0
Bimala Nori,2,2,0
Bimala Oza,1,1,1
Bimala Palla,1,1,0
Bimala Pant,1,1,0
Bimala Prashad,1,1,1
Bimala Puri,1,1,0
Bimala Sankaran,1,1,0
Bimala Sarkar,1,1,0
Bimala Saxena,1,1,0
Bimala Sehgal,1,1,0
Bimala Sekhon,1,1,0
Bimala Sethi,1,1,0
Bimala Sodhi,1,1,0
Bimala Soman,1,1,0
Bimala Talwar,1,1,1
Bimala Varkey,1,1,0
Bimala Vasa,1,1,0
Bimala Wadhwa,1,1,0
Bimala Yohannan,1,1,1
Bina Bakshi,1,1,0
Bina Bhalla,1,1,0
Bina Chatterjee,1,1,0
Bina Choudhary,1,1,0
Bina Dalal,1,1,1
Bina Dey,1,1,0
Bina Divan,1,1,1
Bina Dora,1,1,0
Bina Goswami,1,1,0
Bina Issac,1,1,0
Bina Karnik,1,1,0
Bina Kaur,1,1,0
Bina Koshy,1,1,0
Bina Krish,1,1,0
Bina Krishnamurthy,1,1,0
Bina Krishnan,1,1,0
Bina Kuruvilla,1,1,0
Bina Lanka,1,1,0
Bina Madan,1,1,0
Bina Malhotra,1,1,0
Bina Mand,1,1,0
Bina Mandal,1,1,0
Bina Ramanathan,1,1,0
Bina Rao,2,2,0
Bina Ratti,1,1,0
Bina Rau,1,1,0
Bina Saha,1,1,0
Bina Sankar,1,1,0
Bina Sarin,1,1,0
Bina Sethi,1,1,0
Bina Shan,1,1,0
Bina Singhal,1,1,0
Bina Sura,1,1,0
Bina Varkey,1,1,0
Bina Zachariah,1,1,0
Bishakha Bala,1,1,0
Bishakha Banerjee,1,1,0
Bishakha Chaudhry,1,1,0
Bishakha Dani,1,1,0
Bishakha Dayal,1,1,0
Bishakha Divan,1,1,0
Bishakha Dora,1,1,0
Bishakha Dubey,1,1,0
Bishakha Gola,1,1,0
Bishakha Hans,1,1,0
Bishakha Hora,1,1,0
Bishakha Jhaveri,1,1,0
Bishakha Kadakia,1,1,0
Bishakha Kalita,1,1,0
Bishakha Kamdar,1,1,0
Bishakha Karan,1,1,0
Bishakha Khosla,1,1,0
Bishakha Lanka,1,1,0
Bishakha Lata,1,1,0
Bishakha Loyal,1,1,0
Bishakha Mahajan,1,1,0
Bishakha Mane,1,1,0
Bishakha Mannan,1,1,1
Bishakha Manne,1,1,0
Bishakha Muni,1,1,0
Bishakha Narang,1,1,0
Bishakha Natt,1,1,1
Bishakha Nayak,1,1,0
Bishakha Oak,1,1,0
Bishakha Om,1,1,0
Bishakha Pandya,1,1,0
Bishakha Pathak,1,1,0
Bishakha Pradhan,1,1,0
Bishakha Puri,1,1,1
Bishakha Rama,1,1,0
Bishakha Ramanathan,1,1,0
Bishakha Saini,1,1,0
Bishakha Sankar,1,1,0
Bishakha Sarna,1,1,0
Bishakha Saxena,2,2,0
Bishakha Shankar,1,1,0
Bishakha Shroff,1,1,0
Bishakha Sunder,1,1,0
Bishakha Tata,1,1,1
Bishakha Virk,1,1,0
Bishakha Viswanathan,1,1,0
Brijesh Atwal,1,1,0
Brijesh Badami,1,1,0
Brijesh Bakshi,1,1,0
Brijesh Balakrishnan,1,1,0
Brijesh Balay,1,1,0
Brijesh Bali,1,1,0
Brijesh Baral,1,1,1
Brijesh Bhatia,1,1,0
Brijesh Borde,1,1,0
Brijesh Chahal,1,1,0
Brijesh Chanda,1,1,0
Brijesh Chander,1,1,0
Brijesh Chaudhry,1,1,0
Brijesh Dada,1,1,0
Brijesh Dasgupta,1,1,0
Brijesh Dhar,2,2,0
Brijesh Dugar,1,1,0
Brijesh Hari,1,1,1
Brijesh Hayre,1,1,0
Brijesh Kapadia,1,1,1
Brijesh Karan,1,1,0
Brijesh Kashyap,1,1,0
Brijesh Kulkarni,1,1,0
Brijesh Lanka,1,1,0
Brijesh Mane,1,1,0
Brijesh Mani,1,1,0
Brijesh Minhas,1,1,0
Brijesh Mishra,1,1,1
Brijesh Nadig,1,1,0
Brijesh Nadkarni,1,1,0
Brijesh Narayan,1,1,0
Brijesh Natarajan,1,1,0
Brijesh Pau,1,1,0
Brijesh Pingle,1,1,0
Brijesh Rajan,2,2,0
Brijesh Sachdev,1,1,0
Brijesh Sankar,1,1,0
Brijesh Sarin,1,1,0
Brijesh Sastry,1,1,0
Brijesh Sengupta,1,1,0
Brijesh Sharaf,1,1,1
Brijesh Shere,1,1,0
Brijesh Sidhu,1,1,0
Brijesh Subramanian,1,1,0
Brijesh Sura,1,1,0
Brijesh Trivedi,1,1,0
Brijesh Zachariah,1,1,0
Brinda Badami,1,1,1
Brinda Bahri,1,1,0
Brinda Bali,1,1,0
Brinda Bansal,1,1,0
Brinda Barad,1,1,0
Brinda Barman,1,1,1
Brinda Bassi,1,1,0
Brinda Bhagat,1,1,0
Brinda Bhardwaj,1,1,0
Brinda Bhatnagar,1,1,0
Brinda Biswas,1,1,0
Brinda Chakraborty,1,1,0
Brinda Choudhury,1,1,0
Brinda Chowdhury,1,1,0
Brinda Dada,1,1,0
Brinda Das,1,1,1
Brinda De,1,1,0
Brinda Dixit,1,1,0
Brinda Gokhale,1,1,0
Brinda Gole,1,1,0
Brinda Halder,1,1,0
Brinda Jhaveri,1,1,0
Brinda Kalita,1,1,0
Brinda Kashyap,1,1,0
Brinda Lala,1,1,0
Brinda Madan,2,2,0
Brinda Mallick,1,1,0
Brinda Mukherjee,1,1,1
Brinda Narain,1,1,0
Brinda Oommen,1,1,0
Brinda Prabhu,1,1,0
Brinda Prashad,1,1,0
Brinda Rout,1,1,0
Brinda Roy,1,1,1
Brinda Sachdeva,1,1,0
Brinda Sandal,1,1,0
Brinda Saxena,1,1,0
Brinda Som,1,1,0
Brinda Subramanian,1,1,0
Brinda Sule,1,1,0
Brinda Suresh,1,1,1
Brinda Swaminathan,1,1,0
Brinda Tripathi,1,1,0
Brinda Varma,1,1,0
Brinda Warrior,1,1,0
Caleb Arya,1,1,0
Caleb Balan,1,1,1
Caleb Barman,1,1,0
Caleb Bedi,1,1,0
Caleb Bhatti,1,1,0
Caleb Brahmbhatt,1,1,0
Caleb Buch,1,1,0
Caleb Chad,1,1,0
Caleb Dani,1,1,0
Caleb Deshpande,1,1,0
Caleb Dhar,1,1,1
Caleb Ganesan,1,1,0
Caleb Gera,1,1,0
Caleb Goel,1,1,1
Caleb Karan,1,1,0
Caleb Kashyap,1,1,0
Caleb Khalsa,1,1,0
Caleb Kibe,1,1,0
Caleb Lanka,1,1,1
Caleb Mand,1,1,0
Caleb Mani,1,1,0
Caleb Misra,1,1,0
Caleb Narasimhan,1,1,0
Caleb Nath,1,1,0
Caleb Nigam,1,1,0
Caleb Prabhu,1,1,0
Caleb Ratti,1,1,0
Caleb Sachar,1,1,0
Caleb Sandal,1,1,0
Caleb Sarkar,1,1,0
Caleb Shetty,1,1,1
Caleb Sibal,2,2,0
Caleb Singh,1,1,0
Caleb Solanki,1,1,0
Caleb Srivastava,1,1,0
Caleb Sule,1,1,0
Caleb Sunder,1,1,0
Caleb Tiwari,1,1,0
Caleb Vala,1,1,0
Caleb Verma,1,1,0
Chaaya Aggarwal,1,1,1
Chaaya Bal,1,1,0
Chaaya Batta,1,1,0
Chaaya Bhasin,1,1,1
Chaaya Bhat,1,1,0
Chaaya Bhatia,1,1,1
Chaaya Bhatt,1,1,0
Chaaya Bhattacharyya,1,1,0
Chaaya Bhatti,1,1,0
Chaaya Bhavsar,1,1,0
Chaaya Chawla,1,1,0
Chaaya Cherian,1,1,0
Chaaya Chopra,1,1,0
Chaaya Dada,1,1,0
Chaaya Dash,1,1,0
Chaaya Dave,1,1,0
Chaaya Dhar,1,1,0
Chaaya Divan,1,1,0
Chaaya D’Alia,1,1,0
Chaaya Goda,1,1,0
Chaaya Grover,1,1,0
Chaaya Gupta,1,1,0
Chaaya Iyer,1,1,0
Chaaya Jain,1,1,0
Chaaya Jhaveri,1,1,0
Chaaya Kannan,1,1,0
Chaaya Karan,1,1,0
Chaaya Manne,1,1,0
Chaaya Minhas,1,1,0
Chaaya Mital,1,1,0
Chaaya Nayak,1,1,0
Chaaya Oak,1,1,0
Chaaya Oza,1,1,0
Chaaya Pandey,1,1,0
Chaaya Prabhu,1,1,0
Chaaya Pradhan,1,1,0
Chaaya Puri,1,1,0
Chaaya Raman,1,1,0
Chaaya Sachar,1,1,0
Chaaya Sanghvi,1,1,0
Chaaya Saran,1,1,0
Chaaya Sarraf,1,1,1
Chaaya Sastry,1,1,0
Chaaya Sengupta,1,1,0
Chaaya Shan,1,1,0
Chaaya Singhal,1,1,0
Chaaya Thakkar,1,1,0
Chaaya Varghese,1,1,0
Chaaya Viswanathan,1,1,0
Chaitaly Ahuja,1,1,0
Chaitaly Bahri,1,1,0
Chaitaly Bains,1,1,0
Chaitaly Barad,1,1,0
Chaitaly Batta,1,1,0
Chaitaly Ben,1,1,0
Chaitaly Bhandari,1,1,0
Chaitaly Bora,1,1,0
Chaitaly Bose,1,1,0
Chaitaly Chad,1,1,0
Chaitaly Chandra,1,1,0
Chaitaly Char,1,1,1
Chaitaly Chaudhuri,1,1,0
Chaitaly Chauhan,1,1,0
Chaitaly Dar,1,1,0
Chaitaly Das,1,1,0
Chaitaly Devi,1,1,0
Chaitaly Dewan,1,1,1
Chaitaly Dhar,1,1,0
Chaitaly Doctor,1,1,0
Chaitaly Dora,1,1,0
Chaitaly Garde,1,1,0
Chaitaly Jayaraman,1,1,0
Chaitaly Jha,1,1,0
Chaitaly Kadakia,1,1,0
Chaitaly Kari,1,1,0
Chaitaly Konda,1,1,0
Chaitaly Lata,1,1,0
Chaitaly Mittal,1,1,0
Chaitaly Mohanty,1,1,1
Chaitaly Nazareth,1,1,1
Chaitaly Pandey,1,1,0
Chaitaly Pant,1,1,0
Chaitaly Radhakrishnan,1,1,0
Chaitaly Rajagopal,1,1,0
Chaitaly Raju,1,1,0
Chaitaly Rastogi,1,1,0
Chaitaly Ravel,2,2,0
Chaitaly Sachdev,1,1,0
Chaitaly Sami,1,1,0
Chaitaly Sandal,1,1,0
Chaitaly Sarin,1,1,0
Chaitaly Sathe,1,1,0
Chaitaly Sengupta,1,1,0
Chaitaly Setty,1,1,0
Chaitaly Shanker,1,1,0
Chaitaly Uppal,1,1,0
Chaitaly Virk,1,1,0
Chaitaly Wable,1,1,0
Chaitanya Ahluwalia,1,1,0
Chaitanya Andra,1,1,1
Chaitanya Badami,1,1,0
Chaitanya Bail,1,1,1
Chaitanya Banerjee,1,1,0
Chaitanya Basak,1,1,0
Chaitanya Batta,1,1,0
Chaitanya Bava,1,1,0
Chaitanya Bhattacharyya,1,1,0
Chaitanya Bobal,1,1,0
Chaitanya Chahal,1,1,0
Chaitanya Chakraborty,1,1,0
Chaitanya Comar,1,1,1
Chaitanya Das,1,1,0
Chaitanya Datta,1,1,0
Chaitanya Deep,1,1,0
Chaitanya Deshmukh,1,1,0
Chaitanya Dua,1,1,0
Chaitanya Dugar,1,1,0
Chaitanya Garde,1,1,0
Chaitanya Joshi,1,1,0
Chaitanya Kamdar,2,2,0
Chaitanya Kant,1,1,0
Chaitanya Kapoor,1,1,0
Chaitanya Khare,1,1,0
Chaitanya Khurana,1,1,0
Chaitanya Krishna,1,1,0
Chaitanya Krishnan,1,1,0
Chaitanya Kunda,1,1,0
Chaitanya Madan,1,1,0
Chaitanya Mahajan,1,1,0
Chaitanya Mahal,1,1,0
Chaitanya Murty,1,1,0
Chaitanya Pal,1,1,0
Chaitanya Palan,1,1,0
Chaitanya Puri,1,1,0
Chaitanya Rana,1,1,0
Chaitanya Ravel,1,1,0
Chaitanya Ray,1,1,0
Chaitanya Savant,1,1,0
Chaitanya Singhal,1,1,0
Chaitanya Sood,1,1,0
Chaitanya Srinivas,1,1,0
Chaitanya Taneja,1,1,0
Chaitanya Tank,1,1,0
Chaitanya Tella,1,1,0
Chaitanya Thakkar,1,1,0
Chaitanya Tiwari,2,2,0
Chaitanya Toor,1,1,0
Chaitanya Vora,1,1,0
Chakradev Acharya,1,1,0
Chakradev Andra,1,1,0
Chakradev Arora,1,1,0
Chakradev Bajaj,1,1,0
Chakradev Bal,1,1,0
Chakradev Bali,1,1,0
Chakradev Bhandari,1,1,0
Chakradev Buch,1,1,0
Chakradev Chacko,1,1,0
Chakradev Chandra,1,1,0
Chakradev Chaudhary,3,3,0
Chakradev Dayal,2,2,0
Chakradev Dhar,2,2,2
Chakradev Ghose,1,1,0
Chakradev Hayre,1,1,0
Chakradev Johal,1,1,0
Chakradev Kar,1,1,0
Chakradev Khatri,1,1,0
Chakradev Lad,1,1,1
Chakradev Mallick,1,1,0
Chakradev Mishra,1,1,0
Chakradev Murty,1,1,0
Chakradev Nazareth,1,1,0
Chakradev Pai,1,1,0
Chakradev Pal,1,1,0
Chakradev Pall,1,1,0
Chakradev Patla,1,1,0
Chakradev Pau,1,1,0
Chakradev Pingle,1,1,0
Chakradev Raj,1,1,0
Chakradev Rajagopalan,1,1,0
Chakradev Rege,1,1,0
Chakradev Sangha,1,1,0
Chakradev Sarna,1,1,0
Chakradev Sibal,1,1,0
Chakradev Singh,1,1,1
Chakradev Sinha,1,1,0
Chakradev Soni,1,1,0
Chakradev Sridhar,1,1,0
Chakradev Suresh,1,1,0
Chakradev Swamy,1,1,0
Chakradev Varughese,1,1,0
Chakradhar Bahl,1,1,0
Chakradhar Bava,1,1,0
Chakradhar Bose,2,2,2
Chakradhar Chakraborty,1,1,1
Chakradhar Chandran,1,1,0
Chakradhar Chaudhuri,1,1,0
Chakradhar Cheema,1,1,0
Chakradhar Dara,1,1,0
Chakradhar Dass,1,1,0
Chakradhar De,1,1,0
Chakradhar Ganesan,1,1,0
Chakradhar Goel,1,1,0
Chakradhar Gopal,1,1,1
Chakradhar Gulati,1,1,0
Chakradhar Kamdar,1,1,0
Chakradhar Majumdar,1,1,0
Chakradhar Memon,1,1,0
Chakradhar Mohan,1,1,0
Chakradhar Mukhopadhyay,1,1,0
Chakradhar Muni,1,1,0
Chakradhar Narain,1,1,0
Chakradhar Narayanan,1,1,0
Chakradhar Oak,1,1,0
Chakradhar Patel,1,1,0
Chakradhar Ramachandran,1,1,1
Chakradhar Ramaswamy,2,2,0
Chakradhar Roy,1,1,0
Chakradhar Sachdev,1,1,0
Chakradhar Salvi,1,1,0
Chakradhar Saraf,1,1,0
Chakradhar Sarin,1,1,0
Chakradhar Sharaf,1,1,0
Chakradhar Som,1,1,0
Chakradhar Sridhar,1,1,0
Chakradhar Srinivasan,1,1,0
Chakradhar Varty,1,1,0
Chakradhar Vora,1,1,0
Chakrika Bakshi,1,1,0
Chakrika Bandi,1,1,1
Chakrika Bedi,1,1,0
Chakrika Bhavsar,1,1,0
Chakrika Borra,1,1,0
Chakrika Chander,1,1,0
Chakrika Chaudhari,1,1,1
Chakrika Choudhury,1,1,0
Chakrika Dar,1,1,1
Chakrika Divan,1,1,0
Chakrika Dugar,1,1,0
Chakrika Gandhi,1,1,0
Chakrika Garde,1,1,0
Chakrika Johal,1,1,0
Chakrika Kala,2,2,0
Chakrika Kara,1,1,0
Chakrika Karnik,1,1,0
Chakrika Lanka,1,1,0
Chakrika Mall,2,2,0
Chakrika Mallick,1,1,0
Chakrika Mohan,1,1,0
Chakrika Nagi,1,1,0
Chakrika Naik,1,1,0
Chakrika Parekh,1,1,1
Chakrika Pau,1,1,0
Chakrika Pingle,2,2,0
Chakrika Rastogi,1,1,0
Chakrika Roy,1,1,0
Chakrika Sachar,1,1,0
Chakrika Sahni,1,1,0
Chakrika Saini,1,1,0
Chakrika Setty,1,1,0
Chakrika Shah,1,1,0
Chakrika Sheth,1,1,0
Chakrika Vaidya,1,1,0
Chakrika Vig,1,1,0
Chakrika Wable,1,1,0
Chaman Anne,1,1,0
Chaman Arya,1,1,0
Chaman Bal,1,1,0
Chaman Balasubramanian,1,1,0
Chaman Bawa,1,1,0
Chaman Bobal,1,1,0
Chaman Bumb,1,1,0
Chaman Chandra,1,1,0
Chaman Choudhury,1,1,0
Chaman Dixit,1,1,0
Chaman Dora,2,2,0
Chaman Dutta,1,1,0
Chaman Hayre,1,1,0
Chaman Hegde,1,1,0
Chaman Jaggi,1,1,0
Chaman Kamdar,1,1,0
Chaman Khurana,1,1,0
Chaman Korpal,2,2,0
Chaman Madan,1,1,0
Chaman Mahal,1,1,0
Chaman Menon,1,1,0
Chaman Merchant,1,1,0
Chaman Mittal,1,1,0
Chaman Mohanty,1,1,0
Chaman Murty,1,1,0
Chaman Naik,1,1,0
Chaman Pall,1,1,0
Chaman Pau,1,1,0
Chaman Pradhan,1,1,0
Chaman Ravi,1,1,0
Chaman Sangha,1,1,0
Chaman Saran,1,1,0
Chaman Sodhi,1,1,0
Chaman Som,1,1,1
Chaman Tailor,1,1,0
Chaman Tandon,1,1,1
Chaman Varma,1,1,0
Chaman Yohannan,1,1,0
Chameli Arora,1,1,0
Chameli Badal,1,1,1
Chameli Bains,1,1,0
Chameli Batra,1,1,0
Chameli Behl,1,1,0
Chameli Bhasin,1,1,0
Chameli Chandran,1,1,0
Chameli Comar,1,1,0
Chameli Dara,2,2,0
Chameli Dash,1,1,1
Chameli Deo,1,1,0
Chameli Dhingra,1,1,0
Chameli Dugar,1,1,0
Chameli Ganesh,1,1,0
Chameli Kakar,1,1,0
Chameli Kala,1,1,0
Chameli Kamdar,1,1,0
Chameli Kant,1,1,0
Chameli Kashyap,1,1,0
Chameli Khalsa,1,1,0
Chameli Kohli,1,1,0
Chameli Korpal,1,1,0
Chameli Mall,1,1,0
Chameli Mani,1,1,0
Chameli Modi,1,1,0
Chameli Nagar,1,1,0
Chameli Naik,1,1,0
Chameli Om,1,1,0
Chameli Palla,1,1,0
Chameli Parmer,1,1,0
Chameli Ray,1,1,0
Chameli Sangha,1,1,0
Chameli Seshadri,1,1,0
Chameli Shankar,1,1,0
Chameli Sood,1,1,0
Chameli Subramaniam,1,1,1
Chameli Tandon,1,1,0
Chameli Tank,1,1,0
Chameli Tara,1,1,0
Chameli Upadhyay,1,1,0
Chameli Viswanathan,1,1,0
Chameli Vora,1,1,0
Champak Anand,1,1,0
Champak Atwal,1,1,0
Champak Badami,1,1,0
Champak Balasubramanian,1,1,0
Champak Bassi,1,1,0
Champak Basu,1,1,0
Champak Bedi,1,1,0
Champak Behl,1,1,0
Champak Bhasin,1,1,0
Champak Bhatti,1,1,1
Champak Bumb,1,1,0
Champak Chahal,1,1,0
Champak Chaudhary,1,1,0
Champak Chaudhuri,1,1,0
Champak Dash,1,1,1
Champak Deep,1,1,0
Champak Dhar,1,1,0
Champak Gaba,1,1,0
Champak Gole,1,1,0
Champak Gulati,1,1,0
Champak Hari,1,1,0
Champak Hegde,1,1,0
Champak Kamdar,1,1,0
Champak Kata,1,1,0
Champak Koshy,1,1,0
Champak Kunda,1,1,0
Champak Madan,1,1,1
Champak Mahajan,1,1,0
Champak Mani,1,1,0
Champak Merchant,1,1,0
Champak Mohanty,1,1,0
Champak Munshi,1,1,1
Champak Nagi,1,1,1
Champak Oza,1,1,0
Champak Pall,1,1,0
Champak Panchal,1,1,0
Champak Pandit,1,1,0
Champak Patla,1,1,0
Champak Prabhu,1,1,0
Champak Puri,1,1,0
Champak Ramesh,1,1,0
Champak Rana,1,1,0
Champak Rastogi,1,1,0
Champak Ravi,1,1,0
Champak Roy,2,2,0
Champak Sachdev,1,1,0
Champak Sankaran,1,1,0
Champak Saraf,1,1,1
Champak Sarna,1,1,0
Champak Sarraf,1,1,0
Champak Shankar,1,1,0
Champak Sur,1,1,0
Champak Suresh,1,1,0
Champak Upadhyay,1,1,0
Champak Varughese,1,1,0
Champak Vyas,1,1,0
Chanakya Aggarwal,1,1,1
Chanakya Amble,1,1,0
Chanakya Anand,2,2,0
Chanakya Bains,1,1,1
Chanakya Bal,1,1,0
Chanakya Bath,1,1,0
Chanakya Batta,1,1,0
Chanakya Bava,1,1,0
Chanakya Bhargava,1,1,0
Chanakya Bir,1,1,1
Chanakya Choudhary,1,1,0
Chanakya Doctor,1,1,0
Chanakya Dube,1,1,0
Chanakya Edwin,1,1,0
Chanakya Gara,1,1,0
Chanakya Goyal,1,1,0
Chanakya Grewal,1,1,0
Chanakya Halder,1,1,0
Chanakya Jha,1,1,0
Chanakya Krishna,1,1,0
Chanakya Kunda,1,1,0
Chanakya Loyal,1,1,0
Chanakya Magar,1,1,0
Chanakya Mani,1,1,0
Chanakya Mitra,1,1,0
Chanakya Mittal,1,1,0
Chanakya Mody,1,1,0
Chanakya Nadig,1,1,0
Chanakya Nadkarni,1,1,0
Chanakya Nagarajan,1,1,0
Chanakya Naidu,1,1,0
Chanakya Natt,1,1,0
Chanakya Parsa,1,1,0
Chanakya Pillai,1,1,0
Chanakya Sami,1,1,0
Chanakya Sarraf,1,1,0
Chanakya Savant,1,1,0
Chanakya Sem,1,1,0
Chanakya Sheth,1,1,0
Chanakya Sinha,1,1,0
Chanakya Sood,2,2,0
Chanakya Sundaram,1,1,1
Chanakya Suresh,2,2,0
Chanakya Suri,1,1,0
Chanakya Talwar,1,1,0
Chanakya Tank,1,1,0
Chanakya Thaker,1,1,1
Chanakya Upadhyay,1,1,0
Chanchal Agrawal,1,1,0
Chanchal Ahuja,1,1,0
Chanchal Apte,1,1,0
Chanchal Bali,1,1,0
Chanchal Banik,1,1,0
Chanchal Borah,1,1,0
Chanchal Chandran,1,1,0
Chanchal Chaudhari,1,1,0
Chanchal Chaudhary,1,1,0
Chanchal Contractor,1,1,0
Chanchal De,1,1,1
Chanchal Dhaliwal,1,1,0
Chanchal Dhar,1,1,0
Chanchal Dhawan,1,1,0
Chanchal Gokhale,1,1,0
Chanchal Gola,1,1,0
Chanchal Guha,1,1,0
Chanchal Hari,1,1,0
Chanchal Hora,1,1,0
Chanchal Kade,1,1,0
Chanchal Kant,1,1,1
Chanchal Luthra,1,1,0
Chanchal Madan,1,1,0
Chanchal Mane,1,1,0
Chanchal Mani,1,1,0
Chanchal Master,1,1,0
Chanchal Merchant,1,1,0
Chanchal Mishra,1,1,0
Chanchal Mitra,1,1,0
Chanchal Murthy,1,1,1
Chanchal Panchal,1,1,0
Chanchal Pandey,1,1,0
Chanchal Parmar,1,1,0
Chanchal Prakash,1,1,0
Chanchal Rai,1,1,0
Chanchal Rastogi,1,1,0
Chanchal Rattan,1,1,0
Chanchal Saha,1,1,0
Chanchal Sahota,1,1,0
Chanchal Sane,1,1,0
Chanchal Sant,1,1,0
Chanchal Shah,1,1,0
Chanchal Shroff,1,1,0
Chanchal Srinivas,2,2,0
Chanchal Talwar,1,1,0
Chanchal Tandon,1,1,0
Chanchal Vaidya,1,1,0
Chanchal Verma,1,1,0
Chanchal Yogi,1,1,0
Chandani Arora,1,1,0
Chandani Bahri,1,1,0
Chandani Bains,1,1,0
Chandani Bala,1,1,0
Chandani Balasubramanian,1,1,0
Chandani Borde,1,1,0
Chandani Buch,1,1,0
Chandani Chanda,1,1,0
Chandani Chaudhari,1,1,0
Chandani Dara,2,2,0
Chandani Dave,1,1,0
Chandani Desai,1,1,0
Chandani Dora,1,1,0
Chandani Hayre,1,1,0
Chandani Kala,1,1,0
Chandani Kapoor,1,1,0
Chandani Kata,1,1,0
Chandani Khurana,1,1,0
Chandani Kurian,1,1,0
Chandani Lanka,1,1,0
Chandani Mandal,1,1,0
Chandani Mangat,1,1,0
Chandani Mani,1,1,0
Chandani Menon,1,1,0
Chandani Nagy,1,1,0
Chandani Narayanan,1,1,0
Chandani Palla,1,1,0
Chandani Rai,1,1,0
Chandani Rao,1,1,0
Chandani Rau,1,1,0
Chandani Rege,1,1,0
Chandani Sahni,1,1,1
Chandani Sarkar,1,1,0
Chandani Shah,1,1,0
Chandani Sinha,1,1,0
Chandani Suresh,1,1,0
Chandani Talwar,1,1,0
Chandani Tiwari,1,1,0
Chandani Vaidya,1,1,0
Chandran Agarwal,1,1,0
Chandran Agate,1,1,0
Chandran Aurora,1,1,0
Chandran Bail,1,1,0
Chandran Balay,1,1,0
Chandran Bali,1,1,0
Chandran Bhagat,1,1,0
Chandran Borde,1,1,0
Chandran Brar,1,1,0
Chandran Chaudry,1,1,0
Chandran Chauhan,1,1,0
Chandran Choudhury,1,1,0
Chandran Dave,1,1,0
Chandran Dewan,1,1,1
Chandran Dhingra,1,1,0
Chandran Divan,1,1,0
Chandran Dugar,2,2,0
Chandran Garg,1,1,0
Chandran Ghose,1,1,0
Chandran Guha,2,2,0
Chandran Hari,1,1,0
Chandran Karnik,1,1,0
Chandran Khosla,1,1,0
Chandran Kohli,1,1,0
Chandran Manne,1,1,0
Chandran Mishra,1,1,0
Chandran Narula,2,2,0
Chandran Oommen,1,1,0
Chandran Oza,1,1,0
Chandran Pal,1,1,0
Chandran Parekh,1,1,0
Chandran Pradhan,1,1,0
Chandran Rana,1,1,0
Chandran Rao,1,1,0
Chandran Sabharwal,1,1,0
Chandran Sarraf,1,1,0
Chandran Seth,1,1,0
Chandran Srivastava,1,1,0
Chandran Tella,1,1,0
Chandran Thaker,1,1,0
Chandresh Agarwal,1,1,0
Chandresh Ahuja,1,1,0
Chandresh Banerjee,1,1,0
Chandresh Batta,1,1,0
Chandresh Bedi,1,1,0
Chandresh Brar,1,1,1
Chandresh Chakraborty,1,1,0
Chandresh Chowdhury,1,1,0
Chandresh De,1,1,0
Chandresh Dua,1,1,0
Chandresh Gaba,1,1,0
Chandresh Gade,1,1,0
Chandresh Goel,1,1,0
Chandresh Hayer,1,1,0
Chandresh Kala,1,1,0
Chandresh Khanna,1,1,0
Chandresh Kumar,1,1,0
Chandresh Lanka,1,1,0
Chandresh Mallick,1,1,0
Chandresh Mandal,2,2,0
Chandresh Mander,1,1,0
Chandresh Mani,2,2,0
Chandresh More,1,1,0
Chandresh Munshi,1,1,0
Chandresh Nadkarni,1,1,0
Chandresh Nagarajan,1,1,0
Chandresh Natarajan,1,1,0
Chandresh Palan,1,1,0
Chandresh Palla,1,1,1
Chandresh Parmer,1,1,0
Chandresh Rattan,1,1,0
Chandresh Sachar,1,1,0
Chandresh Sampath,1,1,0
Chandresh Sankar,1,1,0
Chandresh Sarin,1,1,0
Chandresh Sehgal,1,1,0
Chandresh Soman,1,1,0
Chandresh Srinivas,1,1,0
Chandresh Sura,1,1,0
Chandresh Varughese,1,1,0
Chandresh Wable,1,1,1
Charan Agarwal,1,1,1
Charan Agrawal,1,1,0
Charan Anand,1,1,1
Charan Arya,1,1,0
Charan Bawa,1,1,0
Charan Bhasin,1,1,0
Charan Bhavsar,1,1,1
Charan Biswas,1,1,0
Charan Brar,1,1,0
Charan Chad,1,1,0
Charan Chandra,1,1,1
Charan Devan,1,1,0
Charan Dhawan,1,1,0
Charan Dhillon,1,1,0
Charan Jain,1,1,1
Charan Kadakia,1,1,0
Charan Kannan,1,1,0
Charan Karnik,1,1,0
Charan Kohli,1,1,1
Charan Krishnamurthy,1,1,0
Charan Kumer,1,1,0
Charan Madan,1,1,0
Charan Mall,1,1,0
Charan Mannan,1,1,0
Charan Misra,1,1,0
Charan Mittal,1,1,0
Charan Mitter,1,1,0
Charan Pai,1,1,0
Charan Palan,1,1,0
Charan Parsa,1,1,0
Charan Patla,1,1,0
Charan Pradhan,1,1,0
Charan Raj,1,1,0
Charan Rattan,2,2,0
Charan Sachar,1,1,0
Charan Sarraf,1,1,0
Charan Saxena,1,1,0
Charan Shere,1,1,0
Charan Sibal,1,1,0
Charan Singhal,1,1,0
Charan Sinha,1,1,0
Charan Sodhi,1,1,0
Charan Solanki,1,1,0
Charan Suresh,1,1,0
Charan Tak,1,1,0
Charan Thaker,1,1,0
Charan Trivedi,1,1,0
Charan Varughese,1,1,1
Charan Vig,1,1,0
Charan Wagle,1,1,0
Charan Walia,1,1,0
Charita Agate,2,2,0
Charita Babu,1,1,0
Charita Banerjee,1,1,0
Charita Bedi,1,1,0
Charita Bhardwaj,1,1,0
Charita Bhattacharyya,1,1,0
Charita Bobal,1,1,0
Charita Brar,1,1,0
Charita Chandra,1,1,0
Charita Char,1,1,0
Charita Chhabra,1,1,0
Charita Chokshi,1,1,0
Charita Dave,1,1,0
Charita Dugar,1,1,0
Charita Ganesan,1,1,0
Charita Garde,1,1,0
Charita Garg,1,1,0
Charita Golla,1,1,0
Charita Guha,1,1,0
Charita Iyengar,1,1,1
Charita Khalsa,1,1,0
Charita Lala,1,1,0
Charita Mani,1,1,0
Charita More,1,1,0
Charita Munshi,1,1,0
Charita Mutti,2,2,1
Charita Naidu,1,1,0
Charita Nair,1,1,0
Charita Nath,1,1,0
Charita Pau,1,1,0
Charita Pradhan,2,2,0
Charita Ramaswamy,1,1,1
Charita Rao,1,1,0
Charita Ratti,1,1,0
Charita Rege,1,1,0
Charita Sane,1,1,1
Charita Sangha,1,1,0
Charita Saran,1,1,0
Charita Sawhney,1,1,0
Charita Sem,1,1,0
Charita Setty,1,1,0
Charita Singhal,1,1,0
Charita Subramaniam,1,1,0
Charita Subramanian,1,1,0
Charita Tella,1,1,0
Charita Wagle,1,1,0
Charita Yogi,1,1,0
Charles Bansal,1,1,0
Charles Barad,1,1,0
Charles Baria,1,1,0
Charles Barman,1,1,0
Charles Bhalla,1,1,0
Charles Bhasin,1,1,0
Charles Bhatt,1,1,0
Charles Brahmbhatt,1,1,0
Charles Chakraborty,1,1,0
Charles Chand,1,1,0
Charles De,1,1,1
Charles Dewan,1,1,0
Charles Dua,1,1,0
Charles Ganesan,1,1,0
Charles Goel,1,1,0
Charles Gola,2,2,0
Charles Gour,1,1,0
Charles Kala,1,1,0
Charles Khanna,1,1,0
Charles Lal,1,1,0
Charles Magar,1,1,0
Charles Mane,1,1,0
Charles Memon,1,1,1
Charles Mistry,1,1,0
Charles More,1,1,0
Charles Murty,1,1,0
Charles Mutti,1,1,0
Charles Parekh,1,1,0
Charles Patla,1,1,0
Charles Raja,1,1,0
Charles Rana,1,1,1
Charles Rattan,1,1,0
Charles Sawhney,1,1,0
Charles Sehgal,1,1,0
Charles Sharaf,1,1,0
Charles Shenoy,1,1,0
Charles Soni,1,1,0
Charles Varghese,1,1,0
Charvi Anand,1,1,0
Charvi Balan,2,2,1
Charvi Bath,1,1,0
Charvi Bhalla,1,1,0
Charvi Bhatia,1,1,0
Charvi Borra,1,1,0
Charvi Brahmbhatt,2,2,0
Charvi Buch,1,1,1
Charvi Butala,2,2,0
Charvi Chadha,1,1,0
Charvi Chaudry,1,1,0
Charvi Cheema,1,1,0
Charvi Chokshi,1,1,0
Charvi Choudhary,1,1,0
Charvi Dar,1,1,0
Charvi Das,1,1,0
Charvi Dubey,1,1,0
Charvi Gala,1,1,0
Charvi Kanda,1,1,0
Charvi Kashyap,1,1,0
Charvi Khatri,1,1,0
Charvi Lanka,1,1,0
Charvi Lata,1,1,0
Charvi Manda,1,1,0
Charvi Memon,1,1,0
Charvi Nagi,1,1,0
Charvi Narayan,1,1,0
Charvi Nigam,1,1,0
Charvi Nori,1,1,0
Charvi Palan,1,1,0
Charvi Raghavan,1,1,0
Charvi Rastogi,1,1,0
Charvi Reddy,1,1,0
Charvi Sabharwal,1,1,0
Charvi Sagar,1,1,0
Charvi Saha,1,1,0
Charvi Sami,2,2,0
Charvi Sandhu,2,2,0
Charvi Sankar,1,1,0
Charvi Sankaran,1,1,2
Charvi Seshadri,1,1,0
Charvi Sinha,1,1,0
Charvi Sule,1,1,0
Charvi Uppal,1,1,0
Charvi Varkey,1,1,0
Charvi Vig,2,2,1
Charvi Zachariah,1,1,0
Chasmum Agate,1,1,0
Chasmum Ahuja,1,1,0
Chasmum Bail,1,1,0
Chasmum Baral,1,1,0
Chasmum Bhagat,1,1,0
Chasmum Bhalla,1,1,0
Chasmum Borde,1,1,0
Chasmum Brar,1,1,0
Chasmum Chadha,1,1,0
Chasmum Chakraborty,1,1,0
Chasmum Dalal,1,1,0
Chasmum Date,1,1,0
Chasmum Dhawan,1,1,0
Chasmum Gill,1,1,0
Chasmum Goel,2,2,0
Chasmum Grover,1,1,0
Chasmum Hans,1,1,0
Chasmum Jayaraman,1,1,0
Chasmum Kala,1,1,0
Chasmum Kapoor,1,1,0
Chasmum Karnik,1,1,0
Chasmum Kaul,1,1,0
Chasmum Loke,1,1,0
Chasmum Mallick,1,1,0
Chasmum Mangal,1,1,0
Chasmum Mani,1,1,1
Chasmum Mittal,1,1,0
Chasmum Mohanty,1,1,0
Chasmum Oak,1,1,0
Chasmum Oommen,1,1,0
Chasmum Pai,1,1,0
Chasmum Panchal,1,1,0
Chasmum Prabhu,1,1,1
Chasmum Prakash,1,1,0
Chasmum Raj,1,1,0
Chasmum Ramakrishnan,1,1,0
Chasmum Sangha,1,1,0
Chasmum Sanghvi,1,1,0
Chasmum Saraf,2,2,1
Chasmum Saran,1,1,0
Chasmum Sarin,1,1,0
Chasmum Sarraf,1,1,0
Chasmum Seshadri,2,2,0
Chasmum Shere,1,1,0
Chasmum Singhal,1,1,0
Chasmum Sinha,2,2,0
Chasmum Sridhar,1,1,0
Chasmum Wali,1,1,0
Chasmum Warrior,1,1,0
Chatresh Ahuja,1,1,0
Chatresh Bajaj,1,1,2
Chatresh Bedi,1,1,0
Chatresh Bhardwaj,1,1,0
Chatresh Bhargava,1,1,0
Chatresh Bhatia,1,1,0
Chatresh Biswas,1,1,0
Chatresh Bora,1,1,0
Chatresh Chander,1,1,0
Chatresh Char,1,1,0
Chatresh Chatterjee,1,1,0
Chatresh Chaudhari,1,1,0
Chatresh Chaudhary,1,1,0
Chatresh Dar,1,1,0
Chatresh Das,1,1,0
Chatresh Date,1,1,0
Chatresh Deol,1,1,0
Chatresh Garde,1,1,1
Chatresh Ghose,1,1,0
Chatresh Gole,1,1,0
Chatresh Kade,1,1,0
Chatresh Kapur,1,1,0
Chatresh Khanna,1,1,0
Chatresh Kulkarni,1,1,0
Chatresh Mangal,1,1,0
Chatresh Manne,1,1,0
Chatresh Mital,1,1,0
Chatresh Modi,1,1,0
Chatresh Narayan,1,1,0
Chatresh Pandey,1,1,0
Chatresh Prabhakar,1,1,0
Chatresh Prakash,1,1,0
Chatresh Prasad,1,1,1
Chatresh Raghavan,1,1,0
Chatresh Rai,1,1,1
Chatresh Ram,1,1,0
Chatresh Ramachandran,1,1,0
Chatresh Ratta,1,1,0
Chatresh Saini,1,1,0
Chatresh Shan,1,1,0
Chatresh Shenoy,1,1,0
Chatresh Sodhi,1,1,1
Chatresh Sundaram,1,1,0
Chatresh Sunder,1,1,1
Chatresh Suresh,1,1,0
Chatresh Taneja,1,1,0
Chatresh Toor,1,1,0
Chatresh Varma,1,1,0
Chatresh Wali,1,1,0
Chatresh Yogi,1,1,0
Chatura Acharya,1,1,0
Chatura Ahuja,1,1,0
Chatura Apte,1,1,0
Chatura Arya,1,1,0
Chatura Bains,1,1,0
Chatura Borah,1,1,0
Chatura Bose,1,1,0
Chatura Chadha,1,1,0
Chatura Dara,1,1,0
Chatura Dasgupta,1,1,0
Chatura Dhar,1,1,0
Chatura Dugar,1,1,0
Chatura D’Alia,1,1,0
Chatura Kala,2,2,0
Chatura Kata,1,1,0
Chatura Mammen,1,1,0
Chatura Mangat,1,1,0
Chatura Misra,1,1,0
Chatura Prabhakar,1,1,0
Chatura Ratti,1,1,2
Chatura Reddy,2,2,0
Chatura Sandal,1,1,0
Chatura Sanghvi,2,2,0
Chatura Sant,1,1,1
Chatura Sharaf,1,1,0
Chatura Sharma,1,1,0
Chatura Sibal,1,1,0
Chatura Sule,1,1,0
Chatura Suresh,1,1,0
Chatura Thakur,2,2,1
Chatura Tiwari,1,1,1
Chatura Wali,1,1,1
Chavvi Aurora,1,1,0
Chavvi Bhakta,1,1,0
Chavvi Bhargava,1,1,0
Chavvi Bhatnagar,1,1,0
Chavvi Borah,1,1,0
Chavvi Butala,1,1,0
Chavvi Cherian,1,1,0
Chavvi Dara,1,1,1
Chavvi Date,1,1,0
Chavvi Dave,2,2,0
Chavvi Deep,1,1,0
Chavvi Deo,1,1,0
Chavvi Dhar,2,2,0
Chavvi Gaba,1,1,0
Chavvi Gala,1,1,0
Chavvi Ganesan,1,1,0
Chavvi Gola,1,1,0
Chavvi Grewal,1,1,0
Chavvi Issac,1,1,0
Chavvi Kala,1,1,0
Chavvi Khare,1,1,0
Chavvi Khosla,1,1,0
Chavvi Kibe,1,1,0
Chavvi Kulkarni,1,1,0
Chavvi Kumer,1,1,0
Chavvi Lata,1,1,0
Chavvi Manda,1,1,0
Chavvi Mitter,1,1,0
Chavvi Mody,1,1,0
Chavvi Murthy,1,1,0
Chavvi Nigam,1,1,0
Chavvi Pal,1,1,0
Chavvi Prasad,1,1,0
Chavvi Sami,1,1,0
Chavvi Sandhu,1,1,0
Chavvi Sekhon,1,1,0
Chavvi Seshadri,1,1,0
Chavvi Shah,1,1,0
Chavvi Sharma,1,1,0
Chavvi Singhal,1,1,0
Chavvi Sridhar,1,1,0
Chavvi Thakkar,1,1,0
Chavvi Thaman,1,1,0
Chavvi Uppal,1,1,0
Chavvi Verma,3,3,1
Chavvi Viswanathan,1,1,0
Christopher Bal,1,1,0
Christopher Bala,1,1,0
Christopher Basak,1,1,0
Christopher Bhakta,1,1,0
Christopher Bobal,1,1,0
Christopher Buch,1,1,0
Christopher Chahal,1,1,0
Christopher Chakrabarti,1,1,0
Christopher Char,1,1,0
Christopher Deshpande,1,1,0
Christopher Dewan,2,2,0
Christopher Dubey,1,1,0
Christopher Garde,1,1,0
Christopher Goda,1,1,0
Christopher Kala,1,1,0
Christopher Karan,1,1,0
Christopher Korpal,1,1,0
Christopher Lad,1,1,0
Christopher Lalla,1,1,0
Christopher Majumdar,1,1,0
Christopher Mand,1,1,0
Christopher Mitra,1,1,0
Christopher Naidu,1,1,0
Christopher Nair,1,1,0
Christopher Om,1,1,0
Christopher Oommen,1,1,0
Christopher Oza,1,1,1
Christopher Prabhakar,1,1,0
Christopher Sane,1,1,0
Christopher Sant,2,2,0
Christopher Saraf,1,1,0
Christopher Saxena,1,1,0
Christopher Sharaf,1,1,0
Christopher Shukla,2,2,0
Christopher Sibal,1,1,0
Christopher Soni,1,1,0
Christopher Sule,1,1,0
Christopher Swamy,1,1,0
Christopher Tata,1,1,0
Christopher Tripathi,1,1,0
Christopher Varkey,1,1,0
Christopher Wason,1,1,0
Daksh Arya,1,1,0
Daksh Badal,1,1,0
Daksh Bala,1,1,0
Daksh Balan,1,1,0
Daksh Baral,1,1,0
Daksh Baria,1,1,0
Daksh Chada,1,1,1
Daksh Contractor,1,1,0
Daksh Deo,1,1,0
Daksh Desai,1,1,0
Daksh D’Alia,1,1,0
Daksh Ghose,1,1,0
Daksh Gour,2,2,0
Daksh Gupta,1,1,0
Daksh Hari,1,1,0
Daksh Kapadia,1,1,0
Daksh Karnik,1,1,1
Daksh Keer,1,1,0
Daksh Korpal,2,2,0
Daksh Krishnamurthy,1,1,0
Daksh Loke,1,1,0
Daksh Loyal,1,1,0
Daksh Luthra,1,1,0
Daksh Mahal,1,1,0
Daksh Mall,1,1,0
Daksh Manda,1,1,0
Daksh Mangal,1,1,0
Daksh Nagar,1,1,0
Daksh Nagi,1,1,0
Daksh Naik,1,1,0
Daksh Natt,1,1,0
Daksh Padmanabhan,1,1,0
Daksh Pandey,1,1,0
Daksh Prasad,1,1,0
Daksh Ratta,1,1,0
Daksh Rege,1,1,0
Daksh Sachar,1,1,0
Daksh Sami,1,1,0
Daksh Sandal,1,1,0
Daksh Sharaf,1,1,0
Daksh Shere,1,1,0
Daksh Sinha,2,2,0
Daksh Srinivasan,1,1,0
Daksh Sunder,1,1,0
Daksh Sur,1,1,0
Daksh Viswanathan,1,1,0
Daksh Zacharia,1,1,0
Daksha Banerjee,1,1,0
Daksha Bera,1,1,0
Daksha Bhardwaj,1,1,0
Daksha Bhasin,1,1,0
Daksha Boase,1,1,0
Daksha Borra,1,1,0
Daksha Chander,1,1,0
Daksha Chandran,1,1,0
Daksha Chaudry,1,1,0
Daksha Chokshi,1,1,1
Daksha Dada,1,1,1
Daksha Deol,1,1,0
Daksha Dhar,1,1,0
Daksha Dugar,2,2,0
Daksha Garde,1,1,0
Daksha Guha,1,1,0
Daksha Hayer,2,2,0
Daksha Jani,1,1,0
Daksha Kala,1,1,0
Daksha Kant,1,1,0
Daksha Khatri,1,1,0
Daksha Khosla,1,1,0
Daksha Krishna,1,1,1
Daksha Krishnan,1,1,0
Daksha Loyal,1,1,0
Daksha Manda,1,1,0
Daksha Mangat,1,1,0
Daksha Nagarajan,1,1,0
Daksha Nigam,1,1,0
Daksha Palla,1,1,0
Daksha Pandey,1,1,0
Daksha Patla,1,1,0
Daksha Radhakrishnan,1,1,0
Daksha Rajagopal,1,1,0
Daksha Ramachandran,1,1,0
Daksha Ravi,1,1,0
Daksha Sanghvi,1,1,0
Daksha Sant,1,1,0
Daksha Shah,1,1,1
Daksha Trivedi,1,1,0
Daksha Uppal,1,1,0
Daksha Varkey,1,1,0
Daksha Vasa,1,1,0
Daksha Vohra,1,1,0
Dakshesh Bala,1,1,0
Dakshesh Bhattacharyya,1,1,0
Dakshesh Chacko,1,1,0
Dakshesh Chhabra,1,1,0
Dakshesh Choudhary,1,1,1
Dakshesh Dixit,1,1,0
Dakshesh Grewal,1,1,0
Dakshesh Gupta,1,1,1
Dakshesh Halder,1,1,0
Dakshesh Hans,1,1,0
Dakshesh Hayre,1,1,1
Dakshesh Kamdar,1,1,1
Dakshesh Karpe,1,1,0
Dakshesh Keer,1,1,0
Dakshesh Mahajan,1,1,0
Dakshesh Malhotra,1,1,0
Dakshesh Mand,1,1,0
Dakshesh Mander,1,1,0
Dakshesh Mangat,1,1,1
Dakshesh Mishra,1,1,1
Dakshesh Mohan,1,1,0
Dakshesh Mohanty,1,1,0
Dakshesh Mukhopadhyay,1,1,1
Dakshesh Natt,1,1,0
Dakshesh Nayak,1,1,0
Dakshesh Pall,1,1,1
Dakshesh Pandya,1,1,0
Dakshesh Puri,1,1,0
Dakshesh Raj,1,1,0
Dakshesh Ratti,1,1,0
Dakshesh Sahni,1,1,0
Dakshesh Savant,1,1,0
Dakshesh Shukla,1,1,0
Dakshesh Sridhar,1,1,1
Dakshesh Subramaniam,1,1,0
Dakshesh Subramanian,1,1,0
Dakshesh Talwar,1,1,0
Dakshesh Thaman,1,1,0
Dakshesh Tripathi,1,1,0
Dakshesh Vala,1,1,0
Dakshesh Vyas,1,1,1
Dakshesh Wali,1,1,1
Dakshesh Yadav,1,1,0
Dalaja Acharya,1,1,0
Dalaja Agate,1,1,0
Dalaja Arora,1,1,0
Dalaja Bansal,1,1,0
Dalaja Barad,1,1,0
Dalaja Bawa,1,1,1
Dalaja Bhatt,1,1,0
Dalaja Boase,1,1,0
Dalaja Brar,1,1,0
Dalaja Chandran,1,1,0
Dalaja Char,1,1,0
Dalaja Chaudry,1,1,1
Dalaja Chauhan,1,1,0
Dalaja Dar,1,1,0
Dalaja Dara,1,1,1
Dalaja Date,1,1,0
Dalaja Desai,1,1,1
Dalaja Deshpande,1,1,0
Dalaja Divan,1,1,0
Dalaja Dora,1,1,0
Dalaja Gandhi,1,1,0
Dalaja Kapur,1,1,0
Dalaja Kohli,1,1,0
Dalaja Lata,1,1,0
Dalaja Luthra,1,1,0
Dalaja Maharaj,1,1,0
Dalaja Mann,1,1,0
Dalaja Memon,1,1,0
Dalaja Minhas,1,1,0
Dalaja Mistry,1,1,0
Dalaja Mukherjee,1,1,0
Dalaja Nagar,1,1,0
Dalaja Narasimhan,1,1,0
Dalaja Oza,1,1,0
Dalaja Panchal,1,1,0
Dalaja Patla,1,1,0
Dalaja Raj,1,1,0
Dalaja Rastogi,1,1,0
Dalaja Ravi,1,1,0
Dalaja Rout,1,1,1
Dalaja Saraf,1,1,0
Dalaja Shroff,1,1,0
Dalaja Singh,1,1,0
Dalaja Som,1,1,1
Dalaja Sundaram,1,1,0
Dalaja Tak,1,1,0
Dalaja Tandon,1,1,0
Dalaja Tara,1,1,0
Dalaja Tata,1,1,0
Dalaja Viswanathan,1,1,0
Dalbir Bali,1,1,0
Dalbir Banerjee,1,1,0
Dalbir Bhavsar,1,1,0
Dalbir Chadha,1,1,0
Dalbir Chandran,1,1,0
Dalbir Dara,1,1,0
Dalbir Dhingra,1,1,0
Dalbir Divan,1,1,0
Dalbir Gour,1,1,0
Dalbir Goyal,1,1,0
Dalbir Hans,1,1,0
Dalbir Hayre,1,1,0
Dalbir Kala,1,1,0
Dalbir Khosla,1,1,0
Dalbir Kothari,2,2,0
Dalbir Lala,1,1,0
Dalbir Madan,2,2,0
Dalbir Magar,1,1,0
Dalbir Maharaj,1,1,0
Dalbir Mangat,1,1,0
Dalbir Memon,1,1,0
Dalbir Mitter,1,1,0
Dalbir Modi,1,1,0
Dalbir Muni,1,1,0
Dalbir Nagy,1,1,0
Dalbir Nanda,2,2,0
Dalbir Narang,1,1,0
Dalbir Natarajan,1,1,0
Dalbir Oak,1,1,0
Dalbir Pall,1,1,0
Dalbir Panchal,1,1,0
Dalbir Parekh,1,1,0
Dalbir Parikh,1,1,0
Dalbir Peri,1,1,0
Dalbir Rattan,2,2,0
Dalbir Rau,1,1,0
Dalbir Salvi,1,1,0
Dalbir Sathe,1,1,0
Dalbir Seth,1,1,0
Dalbir Sodhi,1,1,0
Dalbir Sundaram,1,1,0
Dalbir Sura,1,1,0
Dalbir Swamy,1,1,0
Dalbir Tripathi,1,1,0
Dalbir Walia,1,1,0
Dalbir Zacharia,1,1,0
Damini Anne,1,1,0
Damini Balay,1,1,0
Damini Bath,1,1,0
Damini Behl,1,1,0
Damini Bhargava,1,1,1
Damini Bhatt,1,1,0
Damini Bora,1,1,0
Damini Bose,1,1,0
Damini Chadha,2,2,0
Damini Chand,1,1,0
Damini Chaudhary,2,2,0
Damini Chaudhry,1,1,0
Damini Gokhale,1,1,0
Damini Gour,1,1,0
Damini Kadakia,1,1,0
Damini Kanda,1,1,0
Damini Kara,1,1,0
Damini Kibe,1,1,0
Damini Kohli,1,1,0
Damini Krishnan,1,1,0
Damini Kuruvilla,1,1,0
Damini Lall,1,1,0
Damini Loke,1,1,0
Damini Majumdar,1,1,0
Damini Mangal,1,1,0
Damini Mittal,1,1,0
Damini Nagarajan,1,1,0
Damini Nagi,1,1,0
Damini Naidu,1,1,0
Damini Naik,1,1,0
Damini Padmanabhan,1,1,0
Damini Pandit,1,1,0
Damini Pathak,1,1,0
Damini Prasad,1,1,0
Damini Purohit,1,1,0
Damini Rajagopalan,1,1,0
Damini Rama,1,1,0
Damini Ranganathan,1,1,0
Damini Ratti,1,1,0
Damini Sarraf,1,1,1
Damini Sem,1,1,0
Damini Sur,1,1,0
Damini Sura,1,1,0
Damini Tank,1,1,0
Damini Uppal,1,1,0
Damini Zachariah,1,1,0
Damyanti Bahl,1,1,0
Damyanti Barad,1,1,0
Damyanti Bava,1,1,0
Damyanti Bedi,1,1,0
Damyanti Bhatnagar,1,1,0
Damyanti Cherian,1,1,0
Damyanti Dara,1,1,0
Damyanti Dhingra,1,1,0
Damyanti Gaba,1,1,0
Damyanti Garde,1,1,0
Damyanti Grover,1,1,0
Damyanti Hans,1,1,0
Damyanti Hora,1,1,0
Damyanti Kanda,1,1,0
Damyanti Kaur,1,1,0
Damyanti Krishnamurthy,1,1,0
Damyanti Lanka,2,2,0
Damyanti Loke,1,1,0
Damyanti Loyal,1,1,0
Damyanti Mandal,1,1,0
Damyanti Manne,1,1,0
Damyanti Nadkarni,1,1,0
Damyanti Nair,1,1,0
Damyanti Narayanan,1,1,0
Damyanti Padmanabhan,1,1,1
Damyanti Parmer,1,1,0
Damyanti Pathak,1,1,0
Damyanti Pillai,1,1,1
Damyanti Pradhan,1,1,0
Damyanti Raj,1,1,0
Damyanti Ramakrishnan,1,1,0
Damyanti Ratta,1,1,0
Damyanti Ratti,1,1,0
Damyanti Sandal,1,1,0
Damyanti Sawhney,1,1,1
Damyanti Shetty,1,1,0
Damyanti Swamy,1,1,0
Damyanti Tank,1,1,0
Damyanti Tara,1,1,0
Damyanti Tata,1,1,0
Damyanti Varghese,1,1,0
Damyanti Varkey,1,1,0
Damyanti Varma,1,1,1
Damyanti Varughese,1,1,0
Damyanti Wason,1,1,0
Daniel Badami,1,1,0
Daniel Bahri,1,1,0
Daniel Batra,1,1,0
Daniel Bhandari,1,1,1
Daniel Bhasin,1,1,0
Daniel Bhatnagar,1,1,0
Daniel Boase,1,1,0
Daniel Buch,1,1,0
Daniel Chada,1,1,0
Daniel Chaudhuri,1,1,0
Daniel Chauhan,1,1,0
Daniel Chhabra,1,1,0
Daniel Kadakia,1,1,0
Daniel Kara,1,1,0
Daniel Karnik,1,1,0
Daniel Karpe,1,1,1
Daniel Keer,1,1,0
Daniel Loyal,1,1,0
Daniel Merchant,1,1,0
Daniel Nagy,1,1,0
Daniel Natarajan,1,1,0
Daniel Parekh,2,2,0
Daniel Prabhakar,2,2,0
Daniel Puri,1,1,0
Daniel Ranganathan,1,1,0
Daniel Roy,1,1,0
Daniel Sachar,1,1,1
Daniel Sachdeva,1,1,0
Daniel Sampath,1,1,0
Daniel Sankar,1,1,0
Daniel Seshadri,1,1,0
Daniel Seth,1,1,1
Daniel Shan,1,1,1
Daniel Sheth,1,1,0
Daniel Som,1,1,0
Daniel Srinivasan,1,1,0
Daniel Tandon,1,1,0
Daniel Thaker,1,1,0
Daniel Verma,1,1,0
Darika Apte,1,1,0
Darika Bandi,1,1,1
Darika Batra,1,1,0
Darika Bedi,1,1,0
Darika Ben,1,1,0
Darika Bhatnagar,1,1,0
Darika Bir,1,1,0
Darika Bose,1,1,0
Darika Dayal,1,1,0
Darika Deo,1,1,0
Darika Dhar,1,1,0
Darika Dhillon,1,1,0
Darika Doctor,1,1,0
Darika Dora,1,1,0
Darika Dua,1,1,0
Darika Golla,1,1,0
Darika Iyengar,1,1,0
Darika Jaggi,1,1,0
Darika Kar,1,1,0
Darika Kohli,1,1,0
Darika Konda,1,1,0
Darika Kuruvilla,1,1,0
Darika Lata,1,1,0
Darika Madan,1,1,0
Darika Majumdar,1,1,0
Darika Malhotra,1,1,0
Darika Muni,1,1,0
Darika Naidu,1,1,0
Darika Patla,1,1,0
Darika Raj,1,1,0
Darika Raju,1,1,0
Darika Ratti,2,2,1
Darika Sabharwal,1,1,0
Darika Sama,1,1,1
Darika Sandhu,1,1,0
Darika Sastry,1,1,0
Darika Sehgal,1,1,0
Darika Sheth,1,1,0
Darika Shukla,1,1,0
Darika Taneja,1,1,0
Darika Tella,1,1,0
Darika Thakkar,1,1,0
Darika Thaman,1,1,0
Darika Vala,1,1,0
Darika Vyas,1,1,0
Darika Wable,1,1,0
Darika Walla,1,1,0
Darika Wason,1,1,0
Darpan Bajwa,1,1,0
Darpan Barad,1,1,2
Darpan Ben,1,1,1
Darpan Bhavsar,1,1,0
Darpan Bir,1,1,0
Darpan Butala,1,1,0
Darpan Chaudry,1,1,0
Darpan Choudhary,1,1,0
Darpan Dada,1,1,0
Darpan Dani,2,2,0
Darpan Date,1,1,0
Darpan Dugal,1,1,0
Darpan Edwin,1,1,0
Darpan Gara,1,1,0
Darpan Gola,1,1,1
Darpan Golla,1,1,0
Darpan Goyal,1,1,0
Darpan Grover,1,1,0
Darpan Gupta,1,1,0
Darpan Kumer,1,1,0
Darpan Loyal,1,1,0
Darpan Mallick,1,1,0
Darpan Mani,1,1,0
Darpan Mital,1,1,0
Darpan Mitra,1,1,0
Darpan Murty,1,1,0
Darpan Nair,1,1,0
Darpan Natarajan,1,1,0
Darpan Nath,1,1,0
Darpan Pant,1,1,1
Darpan Pradhan,1,1,0
Darpan Raju,1,1,0
Darpan Ram,1,1,0
Darpan Rama,1,1,0
Darpan Rattan,1,1,0
Darpan Sani,1,1,0
Darpan Sekhon,1,1,0
Darpan Talwar,1,1,0
Darpan Trivedi,1,1,0
Darpan Varghese,1,1,0
Darpan Vyas,1,1,0
Darpan Wali,1,1,0
Darsh Anne,1,1,1
Darsh Arora,1,1,0
Darsh Arya,1,1,0
Darsh Bail,1,1,0
Darsh Bains,2,2,0
Darsh Balan,1,1,0
Darsh Bath,1,1,0
Darsh Bava,1,1,1
Darsh Borde,1,1,0
Darsh Chacko,1,1,0
Darsh Chawla,1,1,0
Darsh De,1,1,0
Darsh Dhaliwal,1,1,0
Darsh Dhingra,1,1,0
Darsh Dugal,1,1,0
Darsh Ghosh,2,2,1
Darsh Hans,1,1,0
Darsh Hegde,1,1,0
Darsh Iyengar,1,1,0
Darsh Jhaveri,1,1,0
Darsh Joshi,1,1,0
Darsh Kade,1,1,0
Darsh Kale,1,1,0
Darsh Kalita,1,1,0
Darsh Kant,1,1,0
Darsh Konda,1,1,0
Darsh Mander,1,1,0
Darsh Mukherjee,1,1,0
Darsh Narasimhan,1,1,0
Darsh Narula,1,1,0
Darsh Nazareth,1,1,0
Darsh Pai,1,1,0
Darsh Sachdev,1,1,0
Darsh Shan,1,1,0
Darsh Sheth,1,1,0
Darsh Soni,1,1,0
Darsh Sule,1,1,0
Darsh Taneja,1,1,0
Darsh Uppal,1,1,0
Darsh Virk,1,1,0
Darsh Wali,1,1,0
David Agate,1,1,0
David Balakrishnan,1,1,0
David Bath,1,1,0
David Bava,1,1,0
David Bhardwaj,1,1,0
David Bir,1,1,0
David Biswas,1,1,0
David Bose,1,1,0
David Bumb,1,1,0
David Dara,1,1,0
David Das,1,1,0
David Dass,1,1,0
David Dewan,1,1,0
David Dixit,1,1,0
David Dora,1,1,0
David Gera,1,1,0
David Kala,1,1,0
David Kari,1,1,0
David Krish,1,1,0
David Krishna,1,1,0
David Kumar,1,1,0
David Lalla,1,1,0
David Lata,1,1,0
David Menon,1,1,0
David Mohanty,1,1,0
David Nayak,1,1,0
David Oak,1,1,0
David Parsa,1,1,0
David Patel,1,1,0
David Prakash,1,1,0
David Rajagopal,1,1,0
David Rajagopalan,1,1,0
David Rajan,1,1,0
David Sampath,1,1,0
David Savant,1,1,0
David Shanker,1,1,0
David Shukla,1,1,0
David Tak,1,1,1
David Trivedi,1,1,0
David Upadhyay,1,1,0
David Verma,1,1,0
Dayamai Bhakta,1,1,0
Dayamai Borra,1,1,0
Dayamai Chandran,1,1,0
Dayamai Deep,1,1,0
Dayamai Dhar,1,1,0
Dayamai Dutta,1,1,0
Dayamai Goel,1,1,0
Dayamai Gola,1,1,0
Dayamai Kadakia,1,1,1
Dayamai Kakar,2,2,0
Dayamai Kapur,1,1,0
Dayamai Pant,1,1,0
Dayamai Prabhakar,1,1,0
Dayamai Pradhan,1,1,0
Dayamai Sani,1,1,0
Dayamai Savant,1,1,0
Dayamai Sridhar,1,1,0
Dayamai Sule,1,1,0
Dayamai Sunder,1,1,0
Dayamai Tella,1,1,0
Dayamai Thakkar,1,1,0
Dayamai Upadhyay,1,1,0
Dayamai Vaidya,1,1,0
Dayamai Varty,1,1,0
Dayita Andra,1,1,0
Dayita Apte,1,1,0
Dayita Babu,1,1,0
Dayita Balay,1,1,0
Dayita Banerjee,1,1,3
Dayita Bera,1,1,0
Dayita Boase,1,1,0
Dayita Chahal,1,1,0
Dayita Dugar,1,1,0
Dayita Dutt,1,1,1
Dayita Gola,1,1,0
Dayita Grewal,1,1,0
Dayita Kari,1,1,0
Dayita Khatri,1,1,0
Dayita Mane,1,1,0
Dayita Modi,1,1,0
Dayita Mukherjee,1,1,0
Dayita Narayanan,1,1,0
Dayita Oak,1,1,0
Dayita Oommen,1,1,0
Dayita Palan,1,1,0
Dayita Prabhakar,1,1,0
Dayita Raghavan,1,1,0
Dayita Rastogi,1,1,0
Dayita Ratti,1,1,0
Dayita Raval,1,1,0
Dayita Sabharwal,1,1,0
Dayita Samra,1,1,0
Dayita Sheth,1,1,0
Dayita Som,1,1,0
Dayita Subramaniam,1,1,0
Dayita Tella,1,1,0
Dayita Wable,1,1,0
Deepa Agarwal,1,1,1
Deepa Babu,1,1,0
Deepa Banerjee,1,1,0
Deepa Barman,1,1,0
Deepa Bera,1,1,0
Deepa Bhakta,1,1,0
Deepa Bhatnagar,1,1,0
Deepa Bhattacharyya,1,1,0
Deepa Bora,1,1,0
Deepa Borde,1,1,0
Deepa Borra,1,1,0
Deepa Chahal,1,1,0
Deepa Dani,1,1,0
Deepa Dubey,1,1,0
Deepa Dugar,1,1,0
Deepa Ghosh,1,1,0
Deepa Goda,2,2,0
Deepa Gola,1,1,0
Deepa Handa,1,1,0
Deepa Hari,1,1,0
Deepa Jaggi,1,1,0
Deepa Kara,1,1,0
Deepa Keer,1,1,0
Deepa Khalsa,1,1,0
Deepa Khare,1,1,0
Deepa Khurana,1,1,0
Deepa Madan,1,1,0
Deepa Naidu,1,1,0
Deepa Narain,1,1,0
Deepa Natarajan,1,1,0
Deepa Natt,1,1,0
Deepa Om,1,1,0
Deepa Padmanabhan,1,1,0
Deepa Pillay,1,1,0
Deepa Ratta,1,1,0
Deepa Salvi,1,1,0
Deepa Sarraf,1,1,0
Deepa Sastry,1,1,0
Deepa Sen,1,1,0
Deepa Sengupta,1,1,0
Deepa Shroff,1,1,0
Deepa Shukla,1,1,0
Deepa Suresh,1,1,0
Deepa Swamy,1,1,0
Deepa Vasa,1,1,0
Deepa Walla,1,1,0
Dev Acharya,1,1,0
Dev Amble,1,1,1
Dev Andra,2,2,0
Dev Bhasin,1,1,0
Dev Bhat,1,1,0
Dev Chad,1,1,0
Dev Chahal,1,1,0
Dev Chanda,1,1,0
Dev Char,1,1,0
Dev Chaudhari,1,1,0
Dev Dey,1,1,1
Dev Din,1,1,0
Dev Dubey,1,1,0
Dev Dutt,1,1,0
Dev Grewal,1,1,0
Dev Gulati,1,1,0
Dev Hari,1,1,0
Dev Kala,1,1,0
Dev Kari,1,1,0
Dev Karpe,1,1,0
Dev Koshy,1,1,0
Dev Kothari,1,1,0
Dev Krishnan,1,1,0
Dev Mangat,1,1,0
Dev Mistry,1,1,0
Dev Mohan,1,1,0
Dev Munshi,1,1,0
Dev Murty,1,1,0
Dev Narasimhan,1,1,0
Dev Narayan,1,1,0
Dev Pant,1,1,0
Dev Pillay,2,2,0
Dev Rajagopalan,1,1,0
Dev Raval,1,1,0
Dev Ray,1,1,0
Dev Samra,1,1,0
Dev Saran,1,1,0
Dev Sarkar,1,1,0
Dev Shankar,1,1,0
Dev Tak,1,1,0
Dev Tiwari,1,1,0
Dev Trivedi,1,1,0
Dev Viswanathan,1,1,0
Dev Vyas,1,1,0
Devansh Agrawal,1,1,0
Devansh Babu,1,1,0
Devansh Banerjee,1,1,1
Devansh Baral,1,1,0
Devansh Bobal,1,1,0
Devansh Brar,1,1,0
Devansh Chaudhuri,1,1,0
Devansh Deshpande,1,1,0
Devansh Doctor,1,1,0
Devansh Dua,1,1,0
Devansh Gandhi,1,1,0
Devansh Gokhale,1,1,1
Devansh Gour,2,2,0
Devansh Goyal,1,1,0
Devansh Grover,1,1,0
Devansh Gupta,2,2,1
Devansh Jaggi,1,1,0
Devansh Kalita,1,1,0
Devansh Kari,1,1,0
Devansh Kata,1,1,0
Devansh Lall,1,1,0
Devansh Lanka,1,1,0
Devansh Mand,1,1,0
Devansh Mander,1,1,0
Devansh Mitter,1,1,1
Devansh Mohan,1,1,0
Devansh Munshi,1,1,0
Devansh Naik,1,1,0
Devansh Oza,1,1,0
Devansh Padmanabhan,1,1,0
Devansh Pall,1,1,0
Devansh Parmer,1,1,0
Devansh Raghavan,1,1,0
Devansh Rama,1,1,0
Devansh Ramakrishnan,1,1,0
Devansh Ramanathan,1,1,0
Devansh Rastogi,1,1,0
Devansh Ratti,1,1,0
Devansh Sawhney,1,1,0
Devansh Sekhon,2,2,0
Devansh Shankar,1,1,0
Devansh Shukla,1,1,0
Devansh Toor,1,1,0
Devansh Wali,1,1,0
Devansh Zachariah,1,1,0
Devika Andra,1,1,0
Devika Balasubramanian,1,1,0
Devika Baral,1,1,0
Devika Bhatt,1,1,0
Devika Bhattacharyya,1,1,0
Devika Biswas,1,1,0
Devika Cherian,1,1,0
Devika Choudhary,1,1,0
Devika Choudhury,1,1,1
Devika Dar,1,1,0
Devika Dash,1,1,0
Devika Dixit,1,1,0
Devika Gera,1,1,0
Devika Golla,1,1,0
Devika Joshi,1,1,0
Devika Kapur,1,1,0
Devika Kar,1,1,0
Devika Keer,1,1,0
Devika Kunda,1,1,0
Devika Majumdar,1,1,0
Devika Mand,2,2,0
Devika Mani,1,1,0
Devika Menon,1,1,0
Devika Merchant,1,1,0
Devika Narang,1,1,1
Devika Natarajan,1,1,0
Devika Panchal,1,1,0
Devika Pandya,1,1,0
Devika Raman,1,1,0
Devika Rastogi,1,1,0
Devika Raval,1,1,0
Devika Sankaran,1,1,1
Devika Sarna,1,1,0
Devika Shan,1,1,0
Devika Sura,1,1,0
Devika Virk,1,1,0
Devika Walia,1,1,0
Devika Walla,1,1,0
Devika Yohannan,1,1,0
Dhriti Amble,1,1,1
Dhriti Bajaj,1,1,0
Dhriti Bajwa,1,1,0
Dhriti Chana,1,1,0
Dhriti Comar,1,1,0
Dhriti Dave,1,1,0
Dhriti Deshmukh,1,1,0
Dhriti Dugal,1,1,0
Dhriti Edwin,1,1,0
Dhriti Goel,1,1,1
Dhriti Halder,1,1,0
Dhriti Johal,1,1,0
Dhriti Kapadia,1,1,0
Dhriti Karan,1,1,0
Dhriti Khatri,1,1,0
Dhriti Kibe,1,1,0
Dhriti Lala,1,1,0
Dhriti Lata,1,1,0
Dhriti Majumdar,1,1,0
Dhriti Malhotra,1,1,0
Dhriti Mody,1,1,0
Dhriti Nayak,1,1,0
Dhriti Nazareth,1,1,1
Dhriti Om,1,1,0
Dhriti Palan,1,1,0
Dhriti Rau,1,1,0
Dhriti Rout,1,1,0
Dhriti Sachar,2,2,0
Dhriti Sahota,1,1,0
Dhriti Sampath,1,1,0
Dhriti Saran,1,1,0
Dhriti Seshadri,1,1,0
Dhriti Setty,1,1,0
Dhriti Sha,1,1,0
Dhriti Sinha,1,1,0
Dhriti Soni,1,1,0
Dhriti Sood,1,1,0
Dhriti Srinivasan,1,1,0
Dhriti Swamy,1,1,0
Dhriti Toor,1,1,0
Dhriti Vohra,1,1,0
Dhriti Warrior,1,1,0
Dhriti Yadav,1,1,1
Dhruv Bhargava,1,1,0
Dhruv Bhatti,1,1,0
Dhruv Bobal,1,1,0
Dhruv Dash,1,1,0
Dhruv Datta,1,1,0
Dhruv Deol,1,1,0
Dhruv Dhingra,1,1,0
Dhruv Ganguly,1,1,0
Dhruv Gill,1,1,0
Dhruv Goda,1,1,0
Dhruv Handa,1,1,0
Dhruv Iyer,1,1,0
Dhruv Johal,1,1,0
Dhruv Kata,1,1,0
Dhruv Loyal,1,1,0
Dhruv Malhotra,1,1,0
Dhruv Mody,1,1,0
Dhruv Nadig,1,1,0
Dhruv Nadkarni,1,1,0
Dhruv Nagy,1,1,0
Dhruv Nayak,1,1,0
Dhruv Padmanabhan,1,1,0
Dhruv Palan,1,1,0
Dhruv Pandya,1,1,1
Dhruv Pillai,1,1,0
Dhruv Rajagopal,1,1,0
Dhruv Rajan,1,1,0
Dhruv Raman,1,1,0
Dhruv Rastogi,2,2,0
Dhruv Rau,1,1,0
Dhruv Rout,1,1,0
Dhruv Sanghvi,1,1,0
Dhruv Sarna,1,1,1
Dhruv Sawhney,2,2,0
Dhruv Saxena,1,1,1
Dhruv Sekhon,1,1,0
Dhruv Sharma,1,1,0
Dhruv Tandon,1,1,0
Dhruv Thakur,1,1,0
Dhruv Virk,1,1,0
Dhruv Wali,1,1,0
Dhruv Yogi,1,1,0
Dipta Ahluwalia,1,1,0
Dipta Bains,1,1,0
Dipta Banerjee,2,2,0
Dipta Baral,2,2,0
Dipta Ben,1,1,0
Dipta Bhatt,1,1,0
Dipta Boase,1,1,0
Dipta Bora,1,1,0
Dipta Contractor,1,1,0
Dipta Dara,1,1,0
Dipta Deep,1,1,0
Dipta Gaba,1,1,0
Dipta Garg,1,1,0
Dipta Jayaraman,1,1,0
Dipta Kalla,1,1,0
Dipta Karnik,1,1,0
Dipta Keer,1,1,0
Dipta Khanna,1,1,0
Dipta Kumar,1,1,0
Dipta Lad,1,1,0
Dipta Majumdar,1,1,0
Dipta Mallick,1,1,0
Dipta Mander,1,1,0
Dipta Mann,1,1,0
Dipta Mishra,1,1,0
Dipta Nadkarni,1,1,0
Dipta Nazareth,1,1,0
Dipta Nigam,1,1,0
Dipta Om,1,1,0
Dipta Patel,1,1,0
Dipta Patil,1,1,0
Dipta Purohit,1,1,0
Dipta Raj,1,1,0
Dipta Randhawa,1,1,0
Dipta Ravel,1,1,0
Dipta Sachar,1,1,0
Dipta Soman,1,1,0
Dipta Sridhar,1,1,0
Dipta Subramanian,1,1,0
Dipta Talwar,1,1,0
Dipta Tella,1,1,0
Dipta Trivedi,1,1,0
Dipta Vala,1,1,1
Divya Arya,1,1,0
Divya Badal,1,1,1
Divya Badami,1,1,1
Divya Bail,1,1,0
Divya Bala,1,1,0
Divya Bassi,1,1,0
Divya Bhakta,1,1,0
Divya Brahmbhatt,1,1,0
Divya Chakraborty,1,1,0
Divya Chana,1,1,0
Divya Chauhan,1,1,0
Divya Cheema,1,1,0
Divya Date,1,1,0
Divya Divan,1,1,0
Divya Garg,1,1,0
Divya Ghosh,1,1,0
Divya Goda,1,1,0
Divya Jhaveri,1,1,0
Divya Kale,1,1,0
Divya Kar,1,1,1
Divya Keer,1,1,0
Divya Lad,1,1,0
Divya Manne,1,1,0
Divya Misra,1,1,0
Divya Muni,1,1,0
Divya Pal,1,1,0
Divya Parmer,1,1,0
Divya Raju,1,1,0
Divya Ram,1,1,0
Divya Ratti,1,1,0
Divya Reddy,1,1,0
Divya Sampath,1,1,0
Divya Sathe,2,2,0
Divya Sekhon,1,1,0
Divya Shah,1,1,0
Divya Sheth,1,1,0
Divya Singhal,1,1,0
Divya Soman,1,1,0
Divya Suresh,1,1,0
Divya Suri,1,1,0
Divya Taneja,1,1,0
Divya Uppal,1,1,0
Divya Venkataraman,1,1,0
Divya Virk,1,1,0
Divya Vohra,1,1,0
Divya Walla,1,1,0
Diya Aggarwal,1,1,0
Diya Bahri,1,1,1
Diya Barad,1,1,0
Diya Bera,1,1,0
Diya Bose,1,1,0
Diya Chander,1,1,0
Diya Char,1,1,0
Diya Cherian,2,2,0
Diya Comar,1,1,0
Diya Dara,1,1,0
Diya Dass,1,1,0
Diya Deol,1,1,0
Diya Deshpande,1,1,1
Diya Dhingra,1,1,0
Diya Dua,1,1,0
Diya Dubey,1,1,0
Diya Dugal,1,1,0
Diya Dugar,1,1,1
Diya Gade,1,1,0
Diya Kala,1,1,1
Diya Kalla,2,2,0
Diya Kapadia,1,1,0
Diya Keer,1,1,1
Diya Koshy,1,1,0
Diya Mahal,1,1,0
Diya Majumdar,1,1,0
Diya Manda,1,1,0
Diya Morar,1,1,0
Diya Nair,1,1,0
Diya Nayar,1,1,1
Diya Pant,1,1,0
Diya Rajagopal,1,1,0
Diya Ramaswamy,1,1,0
Diya Roy,1,1,1
Diya Sachdev,1,1,0
Diya Sampath,1,1,0
Diya Sen,1,1,0
Diya Singh,1,1,0
Diya Som,1,1,0
Diya Sood,1,1,0
Diya Thaker,1,1,0
Diya Warrior,1,1,0
Dominic Bala,1,1,0
Dominic Behl,1,1,0
Dominic Bhardwaj,1,1,0
Dominic Borra,1,1,0
Dominic Chad,1,1,0
Dominic Deep,1,1,0
Dominic Desai,1,1,0
Dominic Dhawan,1,1,0
Dominic Dixit,1,1,0
Dominic Gandhi,1,1,0
Dominic Ganguly,1,1,0
Dominic Ghose,2,2,1
Dominic Golla,1,1,0
Dominic Grover,1,1,0
Dominic Hegde,1,1,0
Dominic Karpe,1,1,0
Dominic Keer,1,1,0
Dominic Kuruvilla,1,1,0
Dominic Mahal,1,1,0
Dominic Mall,1,1,0
Dominic Mammen,1,1,0
Dominic Memon,1,1,0
Dominic Mital,1,1,0
Dominic Modi,1,1,0
Dominic More,1,1,1
Dominic Muni,1,1,1
Dominic Pathak,1,1,0
Dominic Patil,1,1,0
Dominic Raghavan,1,1,0
Dominic Rajan,1,1,0
Dominic Reddy,1,1,0
Dominic Sani,1,1,0
Dominic Saran,1,1,0
Dominic Shankar,1,1,0
Dominic Shere,1,1,0
Dominic Sidhu,1,1,0
Dominic Soni,1,1,0
Dominic Swaminathan,1,1,0
Dominic Tandon,1,1,0
Dominic Tara,1,1,0
Dominic Tripathi,1,1,0
Dominic Viswanathan,1,1,0
Dominic Yogi,1,1,0
Dominic Zachariah,1,1,0
Edhitha Arora,1,1,0
Edhitha Aurora,1,1,0
Edhitha Badami,1,1,1
Edhitha Bahl,1,1,0
Edhitha Bahri,1,1,0
Edhitha Bhandari,1,1,0
Edhitha Chahal,1,1,0
Edhitha Choudhry,1,1,0
Edhitha Dada,1,1,0
Edhitha Dave,1,1,0
Edhitha Dubey,1,1,0
Edhitha Goswami,1,1,0
Edhitha Grover,1,1,1
Edhitha Jha,1,1,0
Edhitha Johal,1,1,0
Edhitha Kala,1,1,0
Edhitha Kanda,1,1,0
Edhitha Kapadia,1,1,0
Edhitha Kapoor,1,1,0
Edhitha Khalsa,1,1,0
Edhitha Khare,1,1,0
Edhitha Lal,1,1,0
Edhitha Loyal,1,1,0
Edhitha Nadig,1,1,0
Edhitha Natt,1,1,0
Edhitha Prabhakar,1,1,0
Edhitha Radhakrishnan,1,1,0
Edhitha Raja,1,1,0
Edhitha Sachar,1,1,0
Edhitha Saha,1,1,0
Edhitha Sahota,1,1,0
Edhitha Sandhu,1,1,0
Edhitha Sanghvi,1,1,1
Edhitha Sha,1,1,0
Edhitha Shanker,1,1,0
Edhitha Shroff,1,1,0
Edhitha Soman,1,1,0
Edhitha Soni,2,2,0
Edhitha Srinivas,1,1,0
Edhitha Sule,1,1,0
Edhitha Tak,2,2,0
Edhitha Thaker,1,1,1
Edhitha Zacharia,1,1,0
Eesha Atwal,1,1,0
Eesha Aurora,1,1,0
Eesha Buch,1,1,0
Eesha Chand,1,1,0
Eesha Chaudry,1,1,0
Eesha Choudhry,1,1,0
Eesha Comar,1,1,0
Eesha Dasgupta,1,1,0
Eesha Dave,1,1,1
Eesha Dutta,1,1,0
Eesha Gade,1,1,0
Eesha Grewal,1,1,0
Eesha Hegde,1,1,1
Eesha Keer,1,1,0
Eesha Koshy,1,1,0
Eesha Kota,1,1,0
Eesha Loke,1,1,0
Eesha Manda,1,1,0
Eesha Mangat,1,1,0
Eesha Mani,1,1,0
Eesha Mann,1,1,0
Eesha Manne,1,1,0
Eesha Master,1,1,0
Eesha Mitra,1,1,0
Eesha Mody,1,1,0
Eesha Padmanabhan,1,1,0
Eesha Palla,2,2,0
Eesha Peri,1,1,0
Eesha Pingle,1,1,0
Eesha Shetty,1,1,0
Eesha Singhal,1,1,0
Eesha Sule,1,1,0
Eesha Venkatesh,1,1,0
Eesha Vyas,1,1,0
Eesha Wagle,1,1,0
Eiravati Amble,1,1,0
Eiravati Bal,1,1,0
Eiravati Balan,1,1,0
Eiravati Banik,1,1,0
Eiravati Bhatti,1,1,0
Eiravati Bobal,1,1,0
Eiravati Chaudhry,1,1,0
Eiravati Chopra,1,1,0
Eiravati Choudhry,1,1,0
Eiravati Choudhury,1,1,0
Eiravati Dani,1,1,1
Eiravati Das,1,1,0
Eiravati Date,1,1,0
Eiravati Dave,1,1,0
Eiravati Dua,1,1,0
Eiravati Gole,1,1,0
Eiravati Jha,1,1,0
Eiravati Kade,1,1,0
Eiravati Kapadia,1,1,0
Eiravati Karnik,1,1,0
Eiravati Krishnan,1,1,1
Eiravati Lal,1,1,0
Eiravati Luthra,1,1,0
Eiravati Maharaj,1,1,0
Eiravati Mishra,1,1,0
Eiravati Mukherjee,2,2,0
Eiravati Murty,1,1,0
Eiravati Nayak,1,1,0
Eiravati Oak,1,1,0
Eiravati Parmer,1,1,0
Eiravati Patel,1,1,0
Eiravati Purohit,1,1,0
Eiravati Ratti,1,1,0
Eiravati Ravel,1,1,0
Eiravati Sandhu,1,1,0
Eiravati Shah,1,1,0
Eiravati Soni,1,1,0
Eiravati Suri,1,1,0
Eiravati Talwar,1,1,0
Eiravati Upadhyay,1,1,0
Eiravati Varty,1,1,0
Ekaja Agate,1,1,0
Ekaja Balasubramanian,1,1,0
Ekaja Bandi,1,1,0
Ekaja Banerjee,1,1,0
Ekaja Barad,1,1,0
Ekaja Bobal,1,1,0
Ekaja Chadha,1,1,0
Ekaja Chatterjee,1,1,0
Ekaja Chaudhary,1,1,1
Ekaja Chawla,1,1,0
Ekaja Choudhary,1,1,0
Ekaja Contractor,1,1,0
Ekaja Dave,1,1,0
Ekaja Dua,1,1,0
Ekaja Hayer,1,1,0
Ekaja Issac,1,1,0
Ekaja Kadakia,1,1,0
Ekaja Kant,1,1,0
Ekaja Kari,1,1,1
Ekaja Kata,1,1,0
Ekaja Khanna,1,1,0
Ekaja Mahal,1,1,0
Ekaja Menon,1,1,0
Ekaja Naidu,1,1,0
Ekaja Narayan,1,1,0
Ekaja Narayanan,1,1,1
Ekaja Narula,1,1,0
Ekaja Nazareth,1,1,0
Ekaja Nigam,1,1,0
Ekaja Parmar,1,1,0
Ekaja Radhakrishnan,1,1,0
Ekaja Rao,1,1,0
Ekaja Rattan,1,1,0
Ekaja Sagar,1,1,0
Ekaja Saha,1,1,0
Ekaja Sangha,1,1,0
Ekaja Sankaran,2,2,0
Ekaja Sant,1,1,0
Ekaja Saran,1,1,1
Ekaja Sastry,1,1,0
Ekaja Sathe,1,1,0
Ekaja Shan,1,1,0
Ekaja Shankar,2,2,1
Ekaja Shroff,1,1,0
Ekaja Sridhar,1,1,0
Ekaja Tailor,1,1,0
Ekaja Trivedi,1,1,0
Ekaja Uppal,1,1,0
Ekaja Varma,1,1,0
Ekaja Walia,1,1,1
Ekalinga Bala,1,1,0
Ekalinga Bandi,1,1,0
Ekalinga Baral,1,1,0
Ekalinga Batta,1,1,0
Ekalinga Bedi,1,1,0
Ekalinga Bhasin,1,1,1
Ekalinga Bir,1,1,0
Ekalinga Char,1,1,0
Ekalinga Chaudhary,1,1,0
Ekalinga Chaudhry,1,1,0
Ekalinga Chawla,1,1,0
Ekalinga Dhar,2,2,0
Ekalinga Dube,1,1,0
Ekalinga Dugar,1,1,0
Ekalinga Ganguly,1,1,2
Ekalinga Golla,1,1,0
Ekalinga Kanda,1,1,0
Ekalinga Kannan,1,1,0
Ekalinga Kapadia,1,1,1
Ekalinga Kar,1,1,0
Ekalinga Khare,1,1,0
Ekalinga Krishna,1,1,0
Ekalinga Kumar,1,1,0
Ekalinga Loyal,1,1,0
Ekalinga Madan,1,1,0
Ekalinga Magar,1,1,0
Ekalinga Mand,1,1,0
Ekalinga Mannan,1,1,0
Ekalinga Mittal,1,1,0
Ekalinga Murty,1,1,1
Ekalinga Nagi,1,1,0
Ekalinga Narasimhan,1,1,0
Ekalinga Narula,1,1,0
Ekalinga Nori,1,1,0
Ekalinga Oza,1,1,0
Ekalinga Pandya,1,1,0
Ekalinga Parmer,1,1,0
Ekalinga Patil,1,1,0
Ekalinga Patla,1,1,0
Ekalinga Prabhu,1,1,1
Ekalinga Prashad,1,1,0
Ekalinga Rajan,1,1,0
Ekalinga Ramesh,1,1,0
Ekalinga Ratti,1,1,0
Ekalinga Reddy,1,1,0
Ekalinga Seshadri,1,1,0
Ekalinga Singh,1,1,0
Ekalinga Sinha,1,1,0
Ekalinga Varkey,1,1,0
Ekalinga Venkatesh,1,1,0
Ekalinga Vora,2,2,0
Ekalinga Walla,1,1,1
Ekani Behl,1,1,0
Ekani Bera,1,1,0
Ekani Bhasin,1,1,0
Ekani Butala,1,1,0
Ekani Chatterjee,1,1,0
Ekani Chaudhry,1,1,0
Ekani Chhabra,1,1,1
Ekani Chopra,1,1,1
Ekani Deshmukh,1,1,0
Ekani Dixit,1,1,0
Ekani Dugar,1,1,0
Ekani Grover,1,1,0
Ekani Kaul,1,1,0
Ekani Kota,1,1,0
Ekani Lad,1,1,0
Ekani Lanka,1,1,0
Ekani Manda,1,1,0
Ekani Mital,1,1,0
Ekani Muni,1,1,0
Ekani Nagar,1,1,0
Ekani Nagi,1,1,0
Ekani Nanda,1,1,1
Ekani Narasimhan,1,1,0
Ekani Nori,1,1,0
Ekani Oak,2,2,0
Ekani Pai,1,1,0
Ekani Palla,1,1,0
Ekani Puri,1,1,0
Ekani Rajan,1,1,0
Ekani Sachdeva,1,1,0
Ekani Sarna,1,1,0
Ekani Setty,1,1,0
Ekani Sha,1,1,0
Ekani Subramaniam,1,1,0
Ekani Toor,1,1,0
Ekani Vala,1,1,0
Ekani Vyas,1,1,0
Ekani Zachariah,1,1,0
Ekansh Bajaj,1,1,0
Ekansh Bandi,1,1,0
Ekansh Baral,2,2,1
Ekansh Baria,1,1,0
Ekansh Basak,1,1,0
Ekansh Bassi,2,2,0
Ekansh Chakraborty,1,1,0
Ekansh Char,1,1,0
Ekansh Date,1,1,0
Ekansh Dave,1,1,1
Ekansh Devan,1,1,0
Ekansh Din,1,1,0
Ekansh Gaba,1,1,0
Ekansh Gopal,1,1,0
Ekansh Gour,1,1,0
Ekansh Jayaraman,1,1,0
Ekansh Kade,1,1,0
Ekansh Kanda,1,1,0
Ekansh Kaur,1,1,0
Ekansh Khare,1,1,0
Ekansh Mand,1,1,0
Ekansh Mitra,1,1,1
Ekansh Murthy,1,1,0
Ekansh Murty,1,1,0
Ekansh Nadkarni,1,1,0
Ekansh Nanda,1,1,0
Ekansh Narain,1,1,0
Ekansh Narasimhan,1,1,0
Ekansh Natarajan,1,1,1
Ekansh Padmanabhan,1,1,1
Ekansh Pai,1,1,0
Ekansh Pal,1,1,0
Ekansh Pandya,1,1,0
Ekansh Prashad,1,1,1
Ekansh Raghavan,1,1,0
Ekansh Rajan,1,1,0
Ekansh Raju,1,1,0
Ekansh Sangha,1,1,0
Ekansh Sarkar,1,1,0
Ekansh Seshadri,1,1,0
Ekansh Sur,1,1,0
Ekansh Suresh,1,1,0
Ekansh Thaman,1,1,0
Ekansh Venkataraman,1,1,0
Ekansh Virk,1,1,0
Ekanta Agarwal,1,1,0
Ekanta Ahluwalia,1,1,0
Ekanta Arya,1,1,0
Ekanta Bhatt,1,1,0
Ekanta Biswas,1,1,0
Ekanta Chauhan,1,1,0
Ekanta Chowdhury,1,1,0
Ekanta Date,1,1,0
Ekanta Datta,1,1,0
Ekanta Dhar,1,1,0
Ekanta Edwin,1,1,0
Ekanta Gade,1,1,0
Ekanta Gara,1,1,0
Ekanta Goyal,1,1,0
Ekanta Hora,1,1,0
Ekanta Joshi,1,1,0
Ekanta Khanna,1,1,0
Ekanta Loke,1,1,0
Ekanta Madan,1,1,0
Ekanta Maharaj,2,2,0
Ekanta Mall,1,1,0
Ekanta Mittal,2,2,0
Ekanta Mody,1,1,1
Ekanta Nagarajan,1,1,0
Ekanta Pai,1,1,0
Ekanta Parsa,1,1,0
Ekanta Peri,1,1,0
Ekanta Rajagopal,1,1,0
Ekanta Rattan,1,1,0
Ekanta Ravi,1,1,0
Ekanta Ray,2,2,0
Ekanta Saha,1,1,0
Ekanta Salvi,1,1,0
Ekanta Sandhu,1,1,0
Ekanta Sani,1,1,0
Ekanta Sankaran,1,1,0
Ekanta Sathe,1,1,0
Ekanta Sha,1,1,0
Ekanta Shah,1,1,0
Ekanta Sood,1,1,0
Ekanta Srinivasan,1,1,0
Ekanta Sur,1,1,0
Ekanta Tailor,1,1,0
Ekanta Tandon,1,1,0
Ekanta Thakur,1,1,0
Ekanta Vala,2,2,0
Ekanta Wadhwa,1,1,0
Ekanta Wagle,1,1,0
Ekantika Agrawal,1,1,0
Ekantika Badami,1,1,1
Ekantika Bail,1,1,0
Ekantika Basak,1,1,0
Ekantika Bedi,1,1,1
Ekantika Bhargava,1,1,0
Ekantika Chahal,1,1,0
Ekantika Chander,1,1,0
Ekantika Chandra,1,1,0
Ekantika Chaudhry,2,2,0
Ekantika Chaudhuri,1,1,0
Ekantika Dar,1,1,0
Ekantika Das,2,2,0
Ekantika Date,1,1,0
Ekantika Dayal,1,1,0
Ekantika Deol,1,1,1
Ekantika Desai,1,1,0
Ekantika D’Alia,2,2,0
Ekantika Ganguly,1,1,0
Ekantika Garg,1,1,0
Ekantika Golla,1,1,0
Ekantika Grewal,1,1,0
Ekantika Iyer,1,1,0
Ekantika Kadakia,1,1,0
Ekantika Karpe,1,1,1
Ekantika Kashyap,1,1,0
Ekantika Koshy,1,1,0
Ekantika Krish,1,1,0
Ekantika Mallick,1,1,1
Ekantika Mangat,1,1,0
Ekantika Merchant,1,1,0
Ekantika Mital,1,1,0
Ekantika Nadig,1,1,0
Ekantika Naidu,1,1,1
Ekantika Naik,1,1,0
Ekantika Natt,1,1,0
Ekantika Pant,1,1,0
Ekantika Parsa,1,1,0
Ekantika Pillay,1,1,0
Ekantika Radhakrishnan,1,1,0
Ekantika Raj,1,1,0
Ekantika Rau,1,1,0
Ekantika Salvi,1,1,0
Ekantika Sen,1,1,0
Ekantika Sidhu,1,1,0
Ekantika Sridhar,1,1,0
Ekantika Sunder,1,1,0
Ekantika Tata,1,1,0
Ekantika Thakkar,1,1,1
Ekantika Thaman,1,1,0
Ekantika Trivedi,1,1,0
Ekapad Balay,1,1,0
Ekapad Basu,1,1,1
Ekapad Bhasin,1,1,0
Ekapad Bhatti,1,1,0
Ekapad Bir,1,1,0
Ekapad Chana,1,1,0
Ekapad Dass,1,1,1
Ekapad Date,1,1,0
Ekapad Devi,1,1,0
Ekapad Dutta,1,1,0
Ekapad Gera,1,1,0
Ekapad Goda,1,1,0
Ekapad Jani,1,1,0
Ekapad Kanda,1,1,0
Ekapad Kashyap,1,1,0
Ekapad Keer,1,1,0
Ekapad Khare,1,1,0
Ekapad Mahal,1,1,0
Ekapad Maharaj,1,1,1
Ekapad Mander,1,1,0
Ekapad Mittal,1,1,0
Ekapad Mutti,1,1,0
Ekapad Nagy,1,1,0
Ekapad Narain,1,1,0
Ekapad Natarajan,1,1,0
Ekapad Patla,1,1,0
Ekapad Prabhu,1,1,0
Ekapad Rai,1,1,0
Ekapad Raj,1,1,0
Ekapad Rout,1,1,0
Ekapad Sachdeva,1,1,0
Ekapad Saha,1,1,0
Ekapad Saini,1,1,0
Ekapad Sathe,2,2,0
Ekapad Sood,1,1,0
Ekapad Sundaram,2,2,1
Ekapad Sunder,1,1,0
Ekapad Suresh,1,1,0
Ekapad Varkey,1,1,0
Ekapad Wali,1,1,1
Ekapad Warrior,1,1,0
Ekapad Yohannan,1,1,0
Ekaraj Acharya,1,1,0
Ekaraj Basu,2,2,1
Ekaraj Boase,1,1,0
Ekaraj Brahmbhatt,1,1,1
Ekaraj Butala,1,1,1
Ekaraj Chad,1,1,0
Ekaraj Dash,1,1,0
Ekaraj Devan,1,1,0
Ekaraj Dugar,1,1,1
Ekaraj Gupta,1,1,0
Ekaraj Hayer,1,1,0
Ekaraj Kapoor,1,1,1
Ekaraj Krishna,1,1,0
Ekaraj Loyal,1,1,0
Ekaraj Mahal,1,1,0
Ekaraj Mammen,1,1,0
Ekaraj Mani,1,1,0
Ekaraj Mannan,1,1,0
Ekaraj Menon,1,1,0
Ekaraj Mitter,1,1,0
Ekaraj Murthy,1,1,0
Ekaraj Narang,1,1,0
Ekaraj Natt,1,1,0
Ekaraj Oza,1,1,0
Ekaraj Pandya,1,1,0
Ekaraj Patel,1,1,0
Ekaraj Peri,1,1,0
Ekaraj Pillai,1,1,0
Ekaraj Rege,1,1,0
Ekaraj Sabharwal,1,1,1
Ekaraj Sarna,1,1,0
Ekaraj Sen,1,1,0
Ekaraj Shah,1,1,0
Ekaraj Shroff,1,1,0
Ekaraj Soman,1,1,0
Ekaraj Sur,1,1,0
Ekaraj Tak,1,1,0
Ekaraj Taneja,1,1,0
Ekaraj Varughese,1,1,1
Ekaraj Walia,1,1,0
Ekavir Acharya,1,1,0
Ekavir Ahuja,1,1,1
Ekavir Andra,1,1,0
Ekavir Banerjee,1,1,0
Ekavir Baria,1,1,0
Ekavir Bawa,1,1,0
Ekavir Bhatt,1,1,0
Ekavir Bir,1,1,0
Ekavir Butala,1,1,0
Ekavir Chokshi,1,1,0
Ekavir Comar,1,1,0
Ekavir Dara,1,1,0
Ekavir Dass,1,1,0
Ekavir Deep,1,1,0
Ekavir Gulati,1,1,0
Ekavir Jain,1,1,0
Ekavir Jha,1,1,1
Ekavir Kalita,1,1,0
Ekavir Karnik,1,1,0
Ekavir Keer,1,1,0
Ekavir Khurana,1,1,0
Ekavir Kota,1,1,0
Ekavir Krishnan,1,1,1
Ekavir Loke,1,1,0
Ekavir Mahal,1,1,0
Ekavir Maharaj,1,1,0
Ekavir Malhotra,1,1,0
Ekavir Mand,1,1,0
Ekavir Manda,1,1,0
Ekavir Mander,1,1,0
Ekavir Minhas,1,1,0
Ekavir Misra,1,1,0
Ekavir Nair,1,1,0
Ekavir Pant,1,1,0
Ekavir Pathak,1,1,0
Ekavir Patil,1,1,0
Ekavir Rana,1,1,0
Ekavir Sabharwal,1,1,0
Ekavir Sagar,1,1,0
Ekavir Sekhon,1,1,0
Ekavir Shah,1,1,0
Ekavir Sheth,1,1,0
Ekavir Sinha,2,2,0
Ekavir Solanki,1,1,0
Ekavir Som,1,1,0
Ekavir Sundaram,1,1,0
Ekavir Vig,1,1,0
Ekavir Walia,1,1,0
Ekbal Acharya,1,1,0
Ekbal Bakshi,1,1,0
Ekbal Bawa,1,1,0
Ekbal Bedi,1,1,0
Ekbal Bhargava,1,1,1
Ekbal Bhasin,1,1,0
Ekbal Borah,1,1,0
Ekbal Brar,2,2,0
Ekbal Chanda,1,1,0
Ekbal Chaudhari,1,1,0
Ekbal Choudhury,1,1,0
Ekbal Dass,1,1,0
Ekbal De,1,1,0
Ekbal Desai,1,1,1
Ekbal Dubey,1,1,0
Ekbal Ganguly,1,1,0
Ekbal Goswami,1,1,0
Ekbal Gour,1,1,0
Ekbal Grewal,1,1,0
Ekbal Jani,1,1,1
Ekbal Kala,1,1,0
Ekbal Luthra,1,1,0
Ekbal Majumdar,1,1,0
Ekbal Mani,1,1,1
Ekbal Menon,1,1,0
Ekbal Minhas,1,1,0
Ekbal Modi,1,1,0
Ekbal Mutti,1,1,0
Ekbal Nayak,1,1,0
Ekbal Oak,1,1,0
Ekbal Om,1,1,0
Ekbal Pai,1,1,0
Ekbal Pal,1,1,0
Ekbal Pandya,1,1,0
Ekbal Patil,1,1,0
Ekbal Rai,1,1,0
Ekbal Rajan,1,1,0
Ekbal Ranganathan,1,1,0
Ekbal Ratta,1,1,0
Ekbal Rattan,1,1,0
Ekbal Ravi,1,1,0
Ekbal Rout,1,1,0
Ekbal Sachar,1,1,0
Ekbal Sachdeva,1,1,0
Ekbal Sarraf,1,1,0
Ekbal Sha,1,1,1
Ekbal Sheth,1,1,0
Ekbal Sinha,1,1,0
Ekbal Sura,1,1,0
Ekbal Tella,1,1,0
Ekbal Toor,1,1,0
Ekiya Arya,1,1,0
Ekiya Atwal,1,1,0
Ekiya Badal,1,1,1
Ekiya Bal,1,1,0
Ekiya Balakrishnan,1,1,0
Ekiya Behl,1,1,0
Ekiya Butala,1,1,0
Ekiya Chatterjee,1,1,0
Ekiya Chaudhry,1,1,0
Ekiya Chawla,1,1,0
Ekiya Dar,1,1,0
Ekiya Dass,1,1,0
Ekiya Deol,1,1,0
Ekiya Dhingra,1,1,1
Ekiya Gara,1,1,0
Ekiya Gopal,1,1,0
Ekiya Guha,1,1,0
Ekiya Kakar,1,1,0
Ekiya Kala,1,1,0
Ekiya Kaul,1,1,0
Ekiya Keer,1,1,0
Ekiya Khosla,1,1,0
Ekiya Kothari,1,1,0
Ekiya Krishna,1,1,0
Ekiya Kumer,1,1,0
Ekiya Mammen,1,1,0
Ekiya Mittal,1,1,0
Ekiya Mohanty,1,1,0
Ekiya Mukhopadhyay,1,1,0
Ekiya Parikh,1,1,0
Ekiya Pau,1,1,0
Ekiya Puri,1,1,0
Ekiya Rattan,1,1,0
Ekiya Raval,1,1,0
Ekiya Saha,1,1,0
Ekiya Sahni,1,1,0
Ekiya Saraf,1,1,0
Ekiya Sen,1,1,0
Ekiya Shukla,1,1,0
Ekiya Sidhu,1,1,0
Ekiya Solanki,2,2,0
Ekiya Wadhwa,1,1,1
Ekta Balay,1,1,0
Ekta Bera,1,1,0
Ekta Bhatia,1,1,0
Ekta Bobal,1,1,1
Ekta Bose,1,1,0
Ekta Butala,1,1,0
Ekta Chahal,1,1,0
Ekta Date,1,1,0
Ekta Dhillon,1,1,0
Ekta Hayer,1,1,0
Ekta Iyer,1,1,0
Ekta Jain,1,1,1
Ekta Joshi,1,1,0
Ekta Kannan,1,1,0
Ekta Kapadia,1,1,0
Ekta Mammen,1,1,0
Ekta Memon,2,2,0
Ekta Mittal,1,1,0
Ekta Mohanty,1,1,0
Ekta Munshi,1,1,0
Ekta Mutti,1,1,0
Ekta Parsa,1,1,0
Ekta Puri,1,1,0
Ekta Rau,1,1,1
Ekta Rege,1,1,0
Ekta Sachdeva,1,1,0
Ekta Sahni,1,1,0
Ekta Sampath,1,1,0
Ekta Sant,1,1,0
Ekta Sengupta,1,1,0
Ekta Sharaf,1,1,0
Ekta Shere,1,1,0
Ekta Sheth,1,1,0
Ekta Singhal,1,1,0
Ekta Tank,1,1,0
Ekta Tella,1,1,0
Ekta Thaman,1,1,0
Ekta Trivedi,1,1,0
Ekta Vyas,2,2,0
Elijah Bail,1,1,0
Elijah Bains,1,1,0
Elijah Balakrishnan,1,1,0
Elijah Bawa,1,1,1
Elijah Bhatnagar,1,1,0
Elijah Bir,1,1,0
Elijah Brar,1,1,1
Elijah Chada,1,1,0
Elijah Chanda,1,1,0
Elijah Chaudhari,1,1,0
Elijah Cherian,1,1,0
Elijah Chowdhury,1,1,1
Elijah Dada,1,1,0
Elijah Dani,1,1,0
Elijah Dash,1,1,0
Elijah Deo,1,1,0
Elijah Dhingra,1,1,0
Elijah Dube,1,1,0
Elijah D’Alia,1,1,0
Elijah Gokhale,1,1,0
Elijah Golla,1,1,0
Elijah Kakar,1,1,0
Elijah Kalita,1,1,0
Elijah Karnik,1,1,0
Elijah Krish,1,1,0
Elijah Maharaj,1,1,0
Elijah Majumdar,1,1,0
Elijah Mital,1,1,0
Elijah Mukherjee,1,1,1
Elijah Om,1,1,0
Elijah Parikh,1,1,0
Elijah Raj,1,1,0
Elijah Raja,1,1,0
Elijah Sawhney,1,1,1
Elijah Sekhon,1,1,0
Elijah Shere,1,1,1
Elijah Suri,1,1,0
Elijah Swaminathan,1,1,0
Elijah Tandon,1,1,0
Elijah Tata,1,1,0
Elijah Virk,1,1,0
Eshana Atwal,1,1,1
Eshana Bahri,1,1,0
Eshana Bajwa,1,1,0
Eshana Batta,1,1,0
Eshana Bera,1,1,0
Eshana Bhagat,1,1,1
Eshana Biswas,1,1,1
Eshana Bose,1,1,0
Eshana Buch,1,1,0
Eshana De,1,1,0
Eshana Dewan,1,1,0
Eshana Dhar,1,1,0
Eshana Dube,1,1,0
Eshana Gaba,1,1,1
Eshana Ganesan,1,1,0
Eshana Gara,1,1,0
Eshana Ghose,1,1,0
Eshana Gill,1,1,0
Eshana Gour,1,1,0
Eshana Goyal,1,1,0
Eshana Grover,1,1,0
Eshana Guha,1,1,0
Eshana Hayre,1,1,0
Eshana Hora,2,2,0
Eshana Kalla,1,1,1
Eshana Kapur,1,1,0
Eshana Karpe,1,1,1
Eshana Khanna,1,1,0
Eshana Khurana,1,1,0
Eshana Konda,1,1,0
Eshana Kothari,1,1,0
Eshana Lala,1,1,0
Eshana Lall,1,1,0
Eshana Manda,1,1,0
Eshana Master,1,1,0
Eshana Mitter,1,1,0
Eshana Mukherjee,2,2,0
Eshana Nayar,1,1,0
Eshana Palan,1,1,0
Eshana Pandey,1,1,0
Eshana Prashad,1,1,0
Eshana Raju,1,1,0
Eshana Ramanathan,1,1,0
Eshana Ratta,1,1,0
Eshana Saha,1,1,0
Eshana Sahni,1,1,0
Eshana Sanghvi,1,1,0
Eshana Sani,1,1,0
Eshana Saran,1,1,0
Eshana Setty,1,1,0
Eshana Shankar,1,1,0
Eshana Sidhu,1,1,0
Eshana Singh,1,1,0
Eshana Som,1,1,0
Eshana Sunder,1,1,0
Eshana Swaminathan,1,1,0
Eshana Toor,1,1,0
Eshana Tripathi,1,1,0
Eshana Varghese,2,2,1
Eshana Yohannan,1,1,0
Eshana Zacharia,1,1,0
Eta Ahuja,1,1,0
Eta Baria,1,1,1
Eta Basu,1,1,0
Eta Bava,1,1,0
Eta Bhasin,1,1,0
Eta Bhatnagar,1,1,0
Eta Chakrabarti,1,1,0
Eta Choudhury,1,1,0
Eta Contractor,1,1,0
Eta De,1,1,0
Eta Deo,1,1,0
Eta Devi,2,2,0
Eta Dugar,1,1,0
Eta Gala,1,1,0
Eta Golla,1,1,0
Eta Grewal,1,1,0
Eta Kakar,1,1,0
Eta Kala,1,1,0
Eta Karnik,1,1,0
Eta Krishnamurthy,1,1,0
Eta Krishnan,1,1,0
Eta Lad,1,1,0
Eta Lall,1,1,0
Eta Luthra,1,1,0
Eta Mann,1,1,0
Eta Misra,1,1,0
Eta Mitra,1,1,0
Eta Mukherjee,1,1,1
Eta Nagarajan,1,1,0
Eta Pandey,1,1,0
Eta Patla,1,1,0
Eta Prasad,1,1,0
Eta Rastogi,2,2,0
Eta Saha,1,1,0
Eta Sama,1,1,0
Eta Saraf,1,1,0
Eta Shroff,1,1,0
Eta Sridhar,1,1,0
Eta Subramaniam,1,1,0
Eta Suri,1,1,0
Eta Varghese,1,1,0
Eta Viswanathan,1,1,0
Eta Vohra,1,1,0
Eta Vyas,1,1,0
Eta Yogi,1,1,0
Ethan Arya,1,1,1
Ethan Atwal,1,1,0
Ethan Bajwa,1,1,0
Ethan Balay,1,1,0
Ethan Bhatia,1,1,0
Ethan Bir,1,1,0
Ethan Boase,1,1,0
Ethan Choudhury,1,1,0
Ethan Date,1,1,1
Ethan Dayal,1,1,0
Ethan Desai,1,1,0
Ethan Dey,2,2,0
Ethan Dhar,1,1,0
Ethan Dutt,1,1,0
Ethan Ghosh,1,1,0
Ethan Gulati,1,1,0
Ethan Handa,1,1,0
Ethan Issac,1,1,1
Ethan Iyengar,1,1,0
Ethan Jaggi,1,1,1
Ethan Kapoor,1,1,0
Ethan Karpe,1,1,0
Ethan Khare,1,1,0
Ethan Khatri,1,1,0
Ethan Koshy,2,2,1
Ethan Krish,1,1,0
Ethan Krishnan,1,1,0
Ethan Mann,1,1,0
Ethan Menon,1,1,0
Ethan Minhas,1,1,0
Ethan Narayan,1,1,0
Ethan Nigam,1,1,0
Ethan Padmanabhan,1,1,0
Ethan Pandit,1,1,0
Ethan Parsa,1,1,0
Ethan Purohit,1,1,0
Ethan Rai,1,1,0
Ethan Raj,2,2,0
Ethan Raman,1,1,0
Ethan Rout,1,1,0
Ethan Sachdeva,1,1,0
Ethan Sami,1,1,1
Ethan Shankar,1,1,0
Ethan Shetty,1,1,1
Ethan Soman,1,1,0
Ethan Talwar,1,1,0
Ethan Taneja,1,1,0
Ethan Thaman,1,1,0
Ethan Varty,1,1,0
Ethan Venkatesh,1,1,0
Ethan Yogi,1,1,0
Ethan Zacharia,1,1,0
Falak Ahuja,1,1,0
Falak Amble,1,1,0
Falak Batta,1,1,0
Falak Bava,1,1,0
Falak Bhat,1,1,0
Falak Borah,1,1,0
Falak Chakrabarti,1,1,0
Falak Dar,1,1,0
Falak Gaba,1,1,0
Falak Ghosh,1,1,0
Falak Halder,1,1,0
Falak Hans,1,1,0
Falak Hayre,1,1,0
Falak Jha,2,2,0
Falak Kadakia,1,1,0
Falak Mallick,1,1,0
Falak Mandal,2,2,2
Falak Master,1,1,0
Falak Mistry,1,1,0
Falak Mohanty,1,1,0
Falak Narain,1,1,0
Falak Narang,1,1,0
Falak Nayak,1,1,0
Falak Nayar,1,1,0
Falak Palla,1,1,0
Falak Parikh,1,1,0
Falak Puri,1,1,1
Falak Rattan,1,1,0
Falak Seshadri,1,1,0
Falak Sinha,1,1,0
Falak Srinivasan,1,1,0
Falak Srivastava,1,1,0
Falak Suresh,1,1,0
Falak Tella,1,1,0
Falak Varty,1,1,0
Falak Venkatesh,1,1,0
Falak Verma,1,1,0
Falak Wali,1,1,0
Falan Agate,1,1,0
Falan Badal,1,1,0
Falan Bedi,1,1,0
Falan Borah,1,1,1
Falan Chandran,1,1,0
Falan Cheema,1,1,0
Falan De,1,1,0
Falan Devi,1,1,0
Falan Gara,1,1,0
Falan Garg,1,1,0
Falan Goswami,1,1,0
Falan Iyengar,1,1,0
Falan Jhaveri,1,1,0
Falan Kala,1,1,0
Falan Kapur,1,1,0
Falan Karnik,1,1,0
Falan Lala,1,1,1
Falan Lall,1,1,0
Falan Luthra,1,1,0
Falan Mishra,1,1,0
Falan Mittal,1,1,0
Falan More,1,1,0
Falan Muni,2,2,0
Falan Nagar,1,1,0
Falan Nagi,1,1,0
Falan Nair,1,1,0
Falan Narayan,1,1,0
Falan Nayar,1,1,0
Falan Pall,1,1,1
Falan Rama,1,1,0
Falan Ramesh,1,1,0
Falan Sanghvi,1,1,0
Falan Sankar,1,1,0
Falan Sarma,1,1,0
Falan Sehgal,1,1,0
Falan Sha,1,1,0
Falan Srinivasan,1,1,0
Falan Suri,1,1,0
Falan Tak,1,1,0
Falan Trivedi,2,2,0
Falan Uppal,1,1,0
Falan Vaidya,1,1,0
Falan Vyas,1,1,0
Falan Yohannan,1,1,0
Falguni Babu,1,1,0
Falguni Balan,1,1,0
Falguni Banik,1,1,0
Falguni Bansal,1,1,0
Falguni Baria,1,1,0
Falguni Batta,1,1,0
Falguni Bera,1,1,0
Falguni Borde,1,1,0
Falguni Bose,1,1,0
Falguni Chacko,1,1,0
Falguni Dash,1,1,0
Falguni De,1,1,0
Falguni Dhawan,1,1,0
Falguni Dhingra,1,1,1
Falguni Garg,1,1,0
Falguni Goyal,1,1,0
Falguni Handa,1,1,0
Falguni Issac,2,2,0
Falguni Khanna,1,1,0
Falguni Kibe,1,1,0
Falguni Kumar,1,1,0
Falguni Mand,1,1,0
Falguni Mangat,1,1,0
Falguni Memon,1,1,0
Falguni Menon,2,2,0
Falguni Merchant,1,1,0
Falguni Mishra,1,1,1
Falguni Mistry,1,1,0
Falguni Nanda,1,1,2
Falguni Narang,1,1,0
Falguni Pillay,1,1,0
Falguni Pingle,1,1,0
Falguni Prabhu,1,1,0
Falguni Prasad,1,1,0
Falguni Rama,1,1,0
Falguni Rao,1,1,0
Falguni Sankar,1,1,0
Falguni Sha,1,1,0
Falguni Srinivas,1,1,0
Falguni Sura,1,1,0
Falguni Talwar,1,1,0
Falguni Thakkar,1,1,0
Falguni Venkatesh,1,1,0
Falguni Vig,1,1,0
Falguni Vohra,1,1,0
Faqid Agate,1,1,0
Faqid Andra,1,1,0
Faqid Apte,1,1,0
Faqid Bakshi,1,1,0
Faqid Bera,1,1,0
Faqid Chadha,1,1,0
Faqid Cheema,2,2,0
Faqid Dara,1,1,0
Faqid Deshpande,1,1,0
Faqid Divan,1,1,0
Faqid Dugar,1,1,0
Faqid Ganesan,1,1,0
Faqid Gara,1,1,1
Faqid Hegde,1,1,0
Faqid Jain,1,1,0
Faqid Jha,1,1,1
Faqid Kale,1,1,1
Faqid Karpe,2,2,0
Faqid Krishna,1,1,0
Faqid Mann,1,1,0
Faqid Mitter,1,1,0
Faqid Mohan,1,1,0
Faqid Murty,1,1,0
Faqid Narain,1,1,0
Faqid Patil,1,1,0
Faqid Pillay,1,1,0
Faqid Rai,1,1,0
Faqid Rege,1,1,0
Faqid Sampath,1,1,0
Faqid Sanghvi,1,1,0
Faqid Sankaran,1,1,0
Faqid Sarma,1,1,0
Faqid Sehgal,1,1,0
Faqid Sharma,1,1,0
Faqid Shenoy,1,1,0
Faqid Shere,1,1,0
Faqid Solanki,1,1,0
Faqid Soman,1,1,0
Faqid Tandon,1,1,0
Faqid Toor,1,1,0
Faqid Vasa,1,1,0
Faqid Yogi,1,1,0
Faraj Apte,1,1,0
Faraj Arora,1,1,0
Faraj Bajwa,1,1,0
Faraj Bhardwaj,1,1,0
Faraj Bhattacharyya,2,2,1
Faraj Butala,1,1,0
Faraj Choudhary,1,1,0
Faraj Dara,1,1,0
Faraj Datta,1,1,0
Faraj Deshmukh,2,2,0
Faraj Devi,1,1,0
Faraj Doctor,1,1,0
Faraj Dugar,1,1,0
Faraj Gaba,1,1,0
Faraj Gara,1,1,0
Faraj Ghose,1,1,0
Faraj Grover,1,1,0
Faraj Iyer,1,1,0
Faraj Kaul,1,1,0
Faraj Khalsa,1,1,1
Faraj Lad,1,1,0
Faraj Malhotra,1,1,1
Faraj Mander,1,1,0
Faraj Master,1,1,0
Faraj Menon,1,1,0
Faraj Morar,1,1,0
Faraj Murty,1,1,0
Faraj Narain,1,1,0
Faraj Narasimhan,1,1,0
Faraj Nayar,1,1,0
Faraj Pillay,1,1,0
Faraj Prabhakar,1,1,0
Faraj Pradhan,1,1,0
Faraj Ratta,1,1,0
Faraj Ratti,1,1,0
Faraj Sagar,1,1,0
Faraj Sankar,1,1,0
Faraj Setty,2,2,0
Faraj Shan,1,1,0
Faraj Srinivasan,1,1,1
Faraj Tandon,1,1,0
Faraj Tara,1,1,0
Faraj Thakur,2,2,0
Faraj Vaidya,1,1,0
Faraj Vyas,1,1,0
Faras Aggarwal,1,1,0
Faras Bala,1,1,0
Faras Balasubramanian,1,1,0
Faras Bali,1,1,0
Faras Batta,1,1,0
Faras Bhasin,2,2,0
Faras Bhatnagar,1,1,0
Faras Chander,2,2,0
Faras Chaudhari,1,1,0
Faras Chawla,1,1,0
Faras Dalal,1,1,0
Faras Dar,1,1,0
Faras Dash,1,1,0
Faras Dhaliwal,1,1,0
Faras Gera,1,1,0
Faras Goel,1,1,0
Faras Gour,1,1,0
Faras Hayer,1,1,0
Faras Hayre,1,1,0
Faras Jaggi,1,1,0
Faras Jani,1,1,0
Faras Kala,1,1,0
Faras Kannan,1,1,2
Faras Keer,1,1,0
Faras Khanna,1,1,0
Faras Khatri,1,1,0
Faras Konda,1,1,0
Faras Madan,1,1,0
Faras Malhotra,1,1,0
Faras Mane,1,1,1
Faras Mishra,1,1,0
Faras Naidu,1,1,0
Faras Pillay,1,1,0
Faras Prakash,1,1,0
Faras Rajan,1,1,0
Faras Ramesh,1,1,0
Faras Saran,1,1,0
Faras Seshadri,1,1,0
Faras Sood,1,1,0
Faras Thaker,1,1,0
Faras Venkatesh,1,1,0
Faras Virk,1,1,1
Farhan Balay,1,1,0
Farhan Barad,1,1,0
Farhan Barman,1,1,0
Farhan Bhagat,2,2,0
Farhan Bhatia,1,1,0
Farhan Borah,1,1,0
Farhan Chana,1,1,0
Farhan Dara,1,1,0
Farhan Dayal,1,1,0
Farhan Gera,2,2,0
Farhan Gour,1,1,0
Farhan Grover,1,1,0
Farhan Hari,1,1,0
Farhan Johal,1,1,0
Farhan Karnik,1,1,0
Farhan Kumer,1,1,0
Farhan Luthra,1,1,0
Farhan Mall,1,1,0
Farhan Merchant,1,1,0
Farhan Minhas,1,1,0
Farhan Misra,1,1,0
Farhan Nath,1,1,0
Farhan Rai,1,1,1
Farhan Rajan,1,1,0
Farhan Rama,1,1,0
Farhan Rattan,1,1,0
Farhan Ray,1,1,0
Farhan Sachar,2,2,0
Farhan Shankar,1,1,0
Farhan Sinha,1,1,0
Farhan Soman,1,1,0
Farhan Tandon,1,1,0
Farhan Tank,1,1,0
Farhan Tata,1,1,0
Farhan Upadhyay,1,1,0
Fariq Acharya,1,1,0
Fariq Apte,1,1,0
Fariq Arora,1,1,0
Fariq Bajaj,1,1,0
Fariq Baral,1,1,1
Fariq Bawa,1,1,0
Fariq Bhandari,1,1,0
Fariq Bhat,1,1,0
Fariq Chakraborty,1,1,0
Fariq Chaudhary,1,1,0
Fariq Comar,1,1,0
Fariq Dass,1,1,0
Fariq Gade,1,1,0
Fariq Ganesh,1,1,0
Fariq Ghose,1,1,0
Fariq Goswami,1,1,0
Fariq Hayer,1,1,0
Fariq Johal,1,1,1
Fariq Joshi,1,1,0
Fariq Kanda,1,1,0
Fariq Kapadia,1,1,0
Fariq Kara,1,1,0
Fariq Kaur,2,2,0
Fariq Konda,1,1,0
Fariq Lal,1,1,0
Fariq Magar,1,1,0
Fariq Maharaj,1,1,0
Fariq Memon,1,1,0
Fariq Mistry,1,1,0
Fariq Mohan,1,1,0
Fariq Nadig,1,1,0
Fariq Naik,1,1,0
Fariq Pai,1,1,0
Fariq Puri,1,1,0
Fariq Raghavan,1,1,0
Fariq Ramakrishnan,1,1,0
Fariq Rastogi,1,1,0
Fariq Rout,1,1,0
Fariq Roy,1,1,0
Fariq Sankaran,1,1,0
Fariq Saraf,1,1,0
Fariq Sarraf,1,1,0
Fariq Sharaf,1,1,1
Fariq Sheth,1,1,1
Fariq Tailor,1,1,0
Fariq Tata,1,1,0
Fariq Venkatesh,1,1,0
Fariq Warrior,1,1,0
Faris Amble,1,1,0
Faris Bhakta,2,2,0
Faris Bhargava,1,1,0
Faris Borah,2,2,0
Faris Brar,1,1,0
Faris Chaudhari,1,1,0
Faris Dara,1,1,0
Faris Dass,1,1,1
Faris Date,1,1,0
Faris De,1,1,0
Faris Devan,1,1,0
Faris Dhingra,1,1,0
Faris Dugar,1,1,0
Faris Ghosh,1,1,0
Faris Gill,2,2,0
Faris Gokhale,1,1,0
Faris Iyer,1,1,0
Faris Keer,1,1,0
Faris Khanna,1,1,0
Faris Khare,1,1,0
Faris Krishna,2,2,0
Faris Mani,1,1,0
Faris Mishra,1,1,0
Faris Misra,1,1,0
Faris Mohan,1,1,0
Faris Mukhopadhyay,2,2,0
Faris Nagar,1,1,0
Faris Nagi,1,1,0
Faris Nigam,1,1,0
Faris Oommen,1,1,0
Faris Pai,1,1,0
Faris Pal,1,1,0
Faris Pandey,1,1,0
Faris Ramakrishnan,1,1,0
Faris Ramesh,1,1,0
Faris Rao,1,1,0
Faris Ratta,1,1,0
Faris Rau,1,1,0
Faris Sami,1,1,0
Faris Shan,1,1,0
Faris Suresh,1,1,0
Faris Tak,1,1,0
Faris Talwar,1,1,0
Faris Tiwari,1,1,0
Faris Trivedi,1,1,0
Faris Vora,1,1,0
Faris Walia,1,1,0
Faris Wason,1,1,0
Faris Yadav,1,1,0
Finn Arora,1,1,0
Finn Bains,1,1,0
Finn Balakrishnan,1,1,0
Finn Barad,2,2,0
Finn Bumb,1,1,0
Finn Chaudry,2,2,0
Finn Contractor,1,1,0
Finn Dada,1,1,0
Finn Deol,1,1,0
Finn Dhawan,1,1,0
Finn Doshi,1,1,0
Finn Gala,1,1,0
Finn Ghosh,1,1,0
Finn Issac,1,1,0
Finn Jaggi,1,1,3
Finn Jhaveri,1,1,0
Finn Johal,1,1,0
Finn Kapoor,2,2,0
Finn Kari,1,1,0
Finn Kashyap,2,2,2
Finn Kumar,1,1,0
Finn Mahajan,1,1,0
Finn Mahal,1,1,0
Finn Manda,1,1,0
Finn Mane,1,1,0
Finn Misra,1,1,0
Finn Mistry,1,1,0
Finn Modi,1,1,0
Finn Mohanty,1,1,0
Finn Murthy,1,1,0
Finn Nagar,1,1,0
Finn Narula,1,1,0
Finn Rastogi,1,1,0
Finn Sandal,1,1,1
Finn Sankar,1,1,0
Finn Sathe,1,1,0
Finn Seshadri,1,1,0
Finn Sha,1,1,0
Finn Shah,1,1,0
Finn Sheth,1,1,0
Finn Sule,1,1,0
Finn Thaman,1,1,0
Finn Tiwari,1,1,0
Finn Wason,1,1,0
Fitan Bakshi,1,1,0
Fitan Balasubramanian,2,2,0
Fitan Behl,1,1,0
Fitan Bhandari,1,1,0
Fitan Bhatti,2,2,1
Fitan Bumb,1,1,0
Fitan Chandran,1,1,0
Fitan Deol,1,1,0
Fitan Deshpande,1,1,0
Fitan Dewan,1,1,0
Fitan Dhawan,1,1,0
Fitan Dugal,1,1,0
Fitan D’Alia,1,1,0
Fitan Gara,1,1,0
Fitan Garg,1,1,0
Fitan Grover,1,1,0
Fitan Halder,1,1,0
Fitan Hans,1,1,0
Fitan Hari,1,1,0
Fitan Jaggi,1,1,0
Fitan Jayaraman,1,1,0
Fitan Joshi,1,1,0
Fitan Kapadia,1,1,0
Fitan Kara,1,1,0
Fitan Kashyap,1,1,0
Fitan Keer,1,1,0
Fitan Lad,1,1,0
Fitan Loke,1,1,0
Fitan Mani,1,1,0
Fitan Manne,1,1,0
Fitan Panchal,1,1,0
Fitan Patla,1,1,0
Fitan Pillay,1,1,0
Fitan Raghavan,1,1,0
Fitan Raju,1,1,0
Fitan Ravi,2,2,0
Fitan Roy,1,1,0
Fitan Sahni,1,1,0
Fitan Sarkar,1,1,0
Fitan Sarraf,1,1,0
Fitan Sehgal,1,1,0
Fitan Sha,1,1,0
Fitan Solanki,1,1,0
Fitan Som,1,1,0
Fitan Sundaram,1,1,0
Fitan Swamy,1,1,0
Fitan Tailor,1,1,0
Fitan Tank,1,1,0
Fitan Thaker,2,2,0
Fitan Upadhyay,1,1,0
Fitan Verma,1,1,1
Fitan Walia,1,1,0
Fiyaz Bal,1,1,0
Fiyaz Barad,1,1,0
Fiyaz Baria,1,1,0
Fiyaz Bassi,1,1,1
Fiyaz Basu,1,1,0
Fiyaz Chana,1,1,0
Fiyaz Cheema,1,1,0
Fiyaz Chhabra,1,1,0
Fiyaz Date,1,1,0
Fiyaz Dora,1,1,0
Fiyaz Dugar,1,1,0
Fiyaz Ganesh,1,1,0
Fiyaz Grewal,1,1,0
Fiyaz Guha,1,1,0
Fiyaz Hegde,1,1,0
Fiyaz Hora,1,1,1
Fiyaz Iyengar,1,1,0
Fiyaz Jayaraman,1,1,0
Fiyaz Kakar,1,1,0
Fiyaz Kaur,1,1,0
Fiyaz Khalsa,1,1,0
Fiyaz Krishnan,1,1,1
Fiyaz Kuruvilla,1,1,0
Fiyaz Lal,1,1,1
Fiyaz Loyal,1,1,0
Fiyaz Mangal,1,1,0
Fiyaz Naidu,1,1,0
Fiyaz Patla,1,1,0
Fiyaz Pradhan,1,1,0
Fiyaz Raval,1,1,0
Fiyaz Sani,2,2,1
Fiyaz Sant,1,1,0
Fiyaz Saran,1,1,0
Fiyaz Sem,1,1,0
Fiyaz Shankar,1,1,0
Fiyaz Srinivasan,1,1,0
Fiyaz Talwar,1,1,0
Fiyaz Tank,1,1,0
Fiyaz Tiwari,2,2,0
Fiyaz Uppal,1,1,0
Fiyaz Vala,1,1,0
Fiyaz Zachariah,1,1,0
Forum Agrawal,1,1,0
Forum Bedi,1,1,0
Forum Bhakta,1,1,0
Forum Bhasin,1,1,0
Forum Bhattacharyya,1,1,1
Forum Chana,1,1,0
Forum Contractor,1,1,0
Forum Dara,1,1,1
Forum Dhaliwal,1,1,0
Forum Dutt,1,1,0
Forum Gour,1,1,1
Forum Hans,1,1,0
Forum Iyer,1,1,0
Forum Johal,1,1,0
Forum Khanna,1,1,0
Forum Mahajan,1,1,0
Forum Mittal,1,1,0
Forum Munshi,1,1,0
Forum Nadkarni,2,2,0
Forum Pall,1,1,0
Forum Pandya,2,2,0
Forum Purohit,1,1,0
Forum Raman,1,1,0
Forum Ramaswamy,1,1,0
Forum Ratti,1,1,0
Forum Sabharwal,1,1,0
Forum Sanghvi,1,1,0
Forum Sant,1,1,0
Forum Sharaf,1,1,0
Forum Srinivas,1,1,0
Forum Swaminathan,1,1,0
Forum Thaker,1,1,0
Forum Thakur,1,1,0
Forum Tiwari,1,1,0
Forum Trivedi,1,1,0
Forum Virk,1,1,0
Forum Wali,2,2,0
Forum Wason,1,1,0
Frado Apte,1,1,0
Frado Bail,1,1,0
Frado Baria,1,1,0
Frado Borra,1,1,0
Frado Chahal,1,1,0
Frado Chandra,1,1,0
Frado Dhillon,1,1,0
Frado Dugal,1,1,0
Frado Edwin,1,1,0
Frado Gade,1,1,0
Frado Gara,1,1,0
Frado Gill,1,1,0
Frado Kakar,1,1,0
Frado Khosla,1,1,1
Frado Korpal,1,1,0
Frado Kunda,1,1,0
Frado Lad,1,1,0
Frado Loke,1,1,0
Frado Magar,1,1,0
Frado Mane,1,1,0
Frado Merchant,1,1,0
Frado Mital,1,1,1
Frado Mittal,1,1,0
Frado Mohanty,1,1,0
Frado Murty,1,1,0
Frado Narasimhan,1,1,0
Frado Nazareth,1,1,0
Frado Parikh,1,1,0
Frado Peri,1,1,0
Frado Ramakrishnan,1,1,0
Frado Saha,1,1,0
Frado Samra,1,1,0
Frado Sankar,1,1,0
Frado Sem,1,1,1
Frado Sengupta,1,1,1
Frado Shan,1,1,0
Frado Sule,1,1,1
Frado Swaminathan,1,1,0
Frado Swamy,1,1,0
Frado Tella,1,1,2
Frado Thakur,1,1,0
Frado Varty,1,1,0
Frado Vig,1,1,0
Frado Walia,1,1,0
Frederick Bail,1,1,0
Frederick Banik,1,1,0
Frederick Barman,1,1,0
Frederick Basak,1,1,0
Frederick Basu,1,1,0
Frederick Bir,1,1,0
Frederick Buch,1,1,0
Frederick Butala,1,1,0
Frederick Cheema,1,1,0
Frederick Deo,1,1,0
Frederick Deshpande,1,1,0
Frederick Dube,1,1,0
Frederick Dugar,1,1,0
Frederick Gade,1,1,0
Frederick Gala,1,1,0
Frederick Garg,1,1,0
Frederick Gill,1,1,0
Frederick Goda,1,1,0
Frederick Hari,1,1,0
Frederick Jha,1,1,0
Frederick Kade,1,1,0
Frederick Kanda,1,1,0
Frederick Kibe,1,1,0
Frederick Krishna,1,1,0
Frederick Krishnan,1,1,0
Frederick Lalla,1,1,0
Frederick Lata,1,1,0
Frederick Madan,1,1,0
Frederick Mall,2,2,0
Frederick Manda,1,1,0
Frederick Memon,1,1,1
Frederick Mitra,1,1,0
Frederick Oak,1,1,1
Frederick Prasad,2,2,0
Frederick Ramakrishnan,1,1,0
Frederick Raval,1,1,0
Frederick Rege,1,1,0
Frederick Sabharwal,1,1,0
Frederick Samra,1,1,0
Frederick Saxena,1,1,0
Frederick Sha,1,1,0
Frederick Sharaf,1,1,0
Frederick Shetty,1,1,0
Frederick Som,1,1,0
Frederick Swamy,1,1,0
Frederick Thakkar,1,1,0
Frederick Tripathi,1,1,0
Gabriel Bajaj,1,1,0
Gabriel Bava,1,1,0
Gabriel Bhagat,1,1,0
Gabriel Bhardwaj,1,1,0
Gabriel Chana,1,1,0
Gabriel Chand,1,1,0
Gabriel Chopra,1,1,0
Gabriel Choudhary,1,1,0
Gabriel Chowdhury,1,1,0
Gabriel Din,2,2,0
Gabriel Dube,1,1,0
Gabriel Dugar,2,2,0
Gabriel Gaba,1,1,0
Gabriel Garde,1,1,0
Gabriel Grover,1,1,0
Gabriel Kakar,1,1,0
Gabriel Kala,1,1,0
Gabriel Kar,1,1,0
Gabriel Khanna,1,1,0
Gabriel Krishna,1,1,1
Gabriel Kunda,2,2,0
Gabriel Loyal,1,1,0
Gabriel Murty,1,1,0
Gabriel Nagy,1,1,1
Gabriel Naik,1,1,0
Gabriel Nair,1,1,0
Gabriel Narayan,1,1,1
Gabriel Palla,1,1,0
Gabriel Pradhan,2,2,0
Gabriel Rana,1,1,1
Gabriel Sarna,1,1,0
Gabriel Sathe,1,1,0
Gabriel Sethi,1,1,0
Gabriel Setty,1,1,0
Gabriel Sinha,1,1,0
Gabriel Soni,1,1,0
Gabriel Sule,1,1,0
Gabriel Sura,1,1,0
Gabriel Trivedi,1,1,0
Gabriel Vora,1,1,0
Gagan Acharya,1,1,0
Gagan Aggarwal,1,1,0
Gagan Ahuja,1,1,0
Gagan Anne,1,1,0
Gagan Bajwa,1,1,0
Gagan Balay,1,1,0
Gagan Bandi,1,1,0
Gagan Banerjee,1,1,0
Gagan Barad,1,1,0
Gagan Bath,1,1,0
Gagan Bava,1,1,0
Gagan Bhasin,1,1,0
Gagan Bhatt,1,1,0
Gagan Chana,1,1,0
Gagan Chawla,1,1,0
Gagan Chopra,1,1,1
Gagan Dalal,1,1,0
Gagan Deshmukh,1,1,0
Gagan Deshpande,1,1,0
Gagan Dhillon,1,1,0
Gagan Dutt,1,1,0
Gagan Grewal,1,1,0
Gagan Guha,1,1,0
Gagan Gulati,1,1,0
Gagan Hayer,1,1,0
Gagan Issac,1,1,0
Gagan Iyer,1,1,0
Gagan Jani,1,1,0
Gagan Johal,1,1,0
Gagan Kala,1,1,0
Gagan Kari,1,1,0
Gagan Keer,1,1,0
Gagan Kumar,1,1,1
Gagan Lalla,1,1,0
Gagan Lanka,1,1,0
Gagan Madan,1,1,0
Gagan Mahal,2,2,0
Gagan Master,1,1,0
Gagan Mukherjee,1,1,0
Gagan Munshi,1,1,0
Gagan Narasimhan,1,1,0
Gagan Narula,1,1,0
Gagan Natt,1,1,0
Gagan Palan,1,1,0
Gagan Pandey,1,1,0
Gagan Parsa,1,1,0
Gagan Pillai,1,1,0
Gagan Ramakrishnan,1,1,1
Gagan Raman,1,1,0
Gagan Raval,1,1,0
Gagan Sandal,1,1,0
Gagan Sankaran,1,1,1
Gagan Sarma,1,1,0
Gagan Sathe,1,1,0
Gagan Saxena,1,1,0
Gagan Sen,1,1,0
Gagan Shenoy,1,1,0
Gagan Solanki,1,1,0
Gagan Subramaniam,1,1,0
Gagan Viswanathan,1,1,0
Ganga Bail,1,1,1
Ganga Bains,1,1,0
Ganga Balakrishnan,1,1,0
Ganga Bassi,1,1,0
Ganga Bir,1,1,0
Ganga Bora,1,1,0
Ganga Borde,1,1,1
Ganga Borra,1,1,0
Ganga Chahal,1,1,0
Ganga Chaudry,1,1,0
Ganga Dube,1,1,0
Ganga Dugar,1,1,0
Ganga Dyal,3,3,2
Ganga Gade,1,1,0
Ganga Ganguly,1,1,0
Ganga Goel,1,1,0
Ganga Goswami,1,1,0
Ganga Jaggi,1,1,0
Ganga Jhaveri,1,1,0
Ganga Kala,2,2,0
Ganga Kapoor,1,1,0
Ganga Konda,1,1,0
Ganga Koshy,1,1,0
Ganga Kumer,1,1,0
Ganga Loke,1,1,0
Ganga Magar,1,1,0
Ganga Mander,1,1,0
Ganga Mangal,1,1,0
Ganga Mannan,1,1,0
Ganga Modi,1,1,0
Ganga Muni,1,1,0
Ganga Narayanan,1,1,0
Ganga Natt,1,1,0
Ganga Nayak,1,1,0
Ganga Parmer,1,1,0
Ganga Ramanathan,1,1,0
Ganga Ravel,1,1,0
Ganga Saran,1,1,0
Ganga Saxena,1,1,0
Ganga Sethi,1,1,0
Ganga Shah,1,1,0
Ganga Singh,1,1,0
Ganga Sunder,2,2,0
Ganga Suresh,1,1,0
Ganga Tank,1,1,0
Ganga Tara,1,1,1
Ganga Thaman,1,1,0
Ganga Wagle,1,1,0
Garima Agrawal,1,1,0
Garima Batta,1,1,0
Garima Bera,1,1,0
Garima Bhavsar,1,1,0
Garima Bobal,1,1,0
Garima Bora,1,1,0
Garima Buch,1,1,0
Garima Chandran,1,1,0
Garima Chaudhuri,1,1,0
Garima Cheema,1,1,0
Garima Deshmukh,1,1,0
Garima Dhaliwal,1,1,0
Garima Doshi,1,1,0
Garima Dugar,1,1,0
Garima Dutt,1,1,0
Garima Ganesh,1,1,0
Garima Ghose,1,1,0
Garima Hora,1,1,0
Garima Jain,1,1,0
Garima Kade,1,1,0
Garima Kant,1,1,0
Garima Kapur,1,1,0
Garima Khosla,1,1,0
Garima Kumer,1,1,0
Garima Lall,1,1,0
Garima Lanka,1,1,0
Garima Mallick,1,1,0
Garima Mani,1,1,0
Garima Manne,1,1,0
Garima Modi,1,1,0
Garima Pandit,1,1,0
Garima Parmar,1,1,1
Garima Patil,1,1,0
Garima Rajan,1,1,0
Garima Ram,1,1,0
Garima Ramaswamy,1,1,0
Garima Sandal,1,1,0
Garima Sane,1,1,0
Garima Sankar,1,1,0
Garima Sehgal,1,1,0
Garima Shah,1,1,0
Garima Sule,1,1,0
Garima Tailor,1,1,0
Garima Varghese,1,1,0
Garima Venkatesh,1,1,0
Garima Warrior,1,1,0
Gaurang Amble,1,1,0
Gaurang Balakrishnan,1,1,0
Gaurang Bandi,1,1,0
Gaurang Batra,1,1,0
Gaurang Bumb,1,1,0
Gaurang Chandran,1,1,1
Gaurang Gour,1,1,0
Gaurang Hans,1,1,1
Gaurang Hayer,2,2,0
Gaurang Kala,1,1,0
Gaurang Keer,1,1,0
Gaurang Khosla,1,1,0
Gaurang Lad,1,1,0
Gaurang Madan,1,1,0
Gaurang Majumdar,1,1,0
Gaurang Minhas,1,1,0
Gaurang Muni,1,1,0
Gaurang Nadkarni,1,1,0
Gaurang Oza,1,1,1
Gaurang Pandey,1,1,0
Gaurang Parsa,1,1,0
Gaurang Pathak,1,1,0
Gaurang Pingle,1,1,1
Gaurang Pradhan,1,1,0
Gaurang Purohit,1,1,0
Gaurang Rattan,1,1,0
Gaurang Seth,1,1,0
Gaurang Shah,1,1,0
Gaurang Som,1,1,0
Gaurang Soman,1,1,0
Gaurang Swamy,1,1,0
Gaurang Vala,1,1,0
Gaurang Vig,1,1,0
Gaurang Vyas,1,1,0
Gaurangi Agarwal,1,1,0
Gaurangi Amble,1,1,0
Gaurangi Arora,1,1,0
Gaurangi Bala,1,1,0
Gaurangi Balasubramanian,1,1,0
Gaurangi Baria,1,1,0
Gaurangi Behl,1,1,0
Gaurangi Bhatt,1,1,0
Gaurangi Chad,1,1,0
Gaurangi Dada,1,1,0
Gaurangi Gaba,1,1,0
Gaurangi Gala,1,1,2
Gaurangi Gopal,1,1,0
Gaurangi Kadakia,1,1,0
Gaurangi Kade,1,1,0
Gaurangi Kale,1,1,0
Gaurangi Kalla,1,1,0
Gaurangi Krish,1,1,0
Gaurangi Lad,1,1,0
Gaurangi Lata,1,1,0
Gaurangi Mahajan,1,1,0
Gaurangi Mand,1,1,0
Gaurangi Mann,1,1,0
Gaurangi Menon,1,1,0
Gaurangi Modi,1,1,0
Gaurangi Murty,1,1,0
Gaurangi Nagy,1,1,0
Gaurangi Naik,1,1,0
Gaurangi Narayan,1,1,0
Gaurangi Narayanan,1,1,0
Gaurangi Nayak,1,1,0
Gaurangi Om,1,1,0
Gaurangi Pau,1,1,0
Gaurangi Prabhu,1,1,0
Gaurangi Rao,1,1,1
Gaurangi Ratti,1,1,0
Gaurangi Ravel,1,1,0
Gaurangi Reddy,1,1,0
Gaurangi Sanghvi,1,1,0
Gaurangi Sastry,1,1,0
Gaurangi Setty,1,1,0
Gaurangi Sha,1,1,0
Gaurangi Solanki,1,1,0
Gaurangi Tata,1,1,0
Gaurangi Varty,1,1,0
Gaurangi Venkataraman,1,1,0
Gaurangi Viswanathan,1,1,0
Gaurangi Wagle,1,1,0
Gaurangi Warrior,1,1,0
Gaurangi Yogi,1,1,0
Gaurav Agate,2,2,0
Gaurav Aggarwal,1,1,0
Gaurav Ahluwalia,1,1,0
Gaurav Banik,1,1,0
Gaurav Bhargava,1,1,0
Gaurav Bhatti,1,1,0
Gaurav Biswas,1,1,0
Gaurav Borah,1,1,0
Gaurav Borra,1,1,0
Gaurav Chacko,1,1,0
Gaurav Chokshi,1,1,0
Gaurav Dash,1,1,0
Gaurav Deep,1,1,0
Gaurav Golla,1,1,0
Gaurav Gupta,1,1,0
Gaurav Hegde,1,1,2
Gaurav Jani,1,1,0
Gaurav Jayaraman,1,1,0
Gaurav Kalla,1,1,0
Gaurav Kapur,1,1,0
Gaurav Karnik,1,1,0
Gaurav Kata,1,1,0
Gaurav Keer,1,1,0
Gaurav Khare,2,2,0
Gaurav Mallick,1,1,0
Gaurav Mani,1,1,0
Gaurav Murthy,1,1,0
Gaurav Nagar,1,1,0
Gaurav Natt,1,1,0
Gaurav Nazareth,1,1,0
Gaurav Parmer,1,1,0
Gaurav Parsa,1,1,0
Gaurav Pillay,1,1,0
Gaurav Rana,1,1,0
Gaurav Sami,1,1,0
Gaurav Sarraf,1,1,0
Gaurav Shah,1,1,0
Gaurav Shankar,1,1,0
Gaurav Sheth,1,1,0
Gaurav Tailor,1,1,0
Gaurav Trivedi,1,1,0
Gaurav Venkataraman,1,1,0
Gaurav Walia,2,2,0
Gauri Agrawal,1,1,0
Gauri Bains,1,1,0
Gauri Balay,1,1,0
Gauri Bassi,1,1,0
Gauri Bhavsar,1,1,0
Gauri Bobal,2,2,0
Gauri Chada,1,1,0
Gauri Chandra,1,1,0
Gauri Dara,1,1,1
Gauri Deshpande,1,1,0
Gauri Dewan,1,1,0
Gauri Ghosh,2,2,0
Gauri Hayre,1,1,0
Gauri Jhaveri,1,1,1
Gauri Kapoor,1,1,0
Gauri Khatri,1,1,1
Gauri Khurana,1,1,0
Gauri Kibe,1,1,0
Gauri Krish,1,1,0
Gauri Krishnan,1,1,0
Gauri Mander,1,1,0
Gauri Manne,1,1,0
Gauri Om,1,1,0
Gauri Peri,1,1,0
Gauri Pingle,1,1,0
Gauri Ramesh,1,1,0
Gauri Ratta,1,1,0
Gauri Saxena,1,1,0
Gauri Sehgal,1,1,0
Gauri Shah,1,1,0
Gauri Sule,1,1,0
Gauri Sundaram,1,1,0
Gauri Thakkar,1,1,0
Gauri Vyas,1,1,0
Gauri Wadhwa,1,1,1
Gauri Walia,1,1,0
Gauri Yadav,1,1,1
Gauri Yogi,1,1,0
Gaurika Ahluwalia,2,2,0
Gaurika Bala,1,1,0
Gaurika Banerjee,1,1,1
Gaurika Banik,1,1,0
Gaurika Barad,1,1,0
Gaurika Bhagat,1,1,0
Gaurika Bhasin,1,1,0
Gaurika Bhatnagar,1,1,0
Gaurika Bhattacharyya,1,1,0
Gaurika Borde,1,1,0
Gaurika Bumb,1,1,0
Gaurika Chatterjee,2,2,1
Gaurika Chhabra,1,1,0
Gaurika Choudhry,1,1,0
Gaurika Chowdhury,1,1,0
Gaurika Dara,2,2,0
Gaurika Datta,1,1,0
Gaurika Dhar,2,2,1
Gaurika Gala,1,1,0
Gaurika Goda,1,1,0
Gaurika Karan,1,1,0
Gaurika Khanna,1,1,0
Gaurika Khurana,1,1,0
Gaurika Kohli,1,1,0
Gaurika Krish,1,1,2
Gaurika Lalla,1,1,1
Gaurika Mall,1,1,0
Gaurika Memon,1,1,0
Gaurika Morar,1,1,0
Gaurika Murthy,1,1,0
Gaurika Nanda,1,1,0
Gaurika Narayan,1,1,0
Gaurika Palla,1,1,0
Gaurika Pant,1,1,0
Gaurika Parsa,1,1,1
Gaurika Pathak,2,2,0
Gaurika Pau,1,1,0
Gaurika Ramaswamy,1,1,0
Gaurika Salvi,1,1,0
Gaurika Sama,1,1,0
Gaurika Sangha,1,1,0
Gaurika Sankar,1,1,1
Gaurika Sathe,1,1,0
Gaurika Srinivas,1,1,0
Gaurika Upadhyay,1,1,0
Gaurika Varty,2,2,1
Gaurika Venkatesh,1,1,0
Gaurika Wagle,1,1,0
Gautam Bala,1,1,0
Gautam Bhatti,1,1,0
Gautam Borde,1,1,0
Gautam Chad,1,1,0
Gautam Chakrabarti,1,1,1
Gautam Chandra,1,1,0
Gautam Choudhary,1,1,0
Gautam Dasgupta,1,1,0
Gautam Dey,1,1,0
Gautam Dhillon,1,1,0
Gautam Dhingra,1,1,0
Gautam Dugal,1,1,0
Gautam Edwin,1,1,0
Gautam Garg,1,1,0
Gautam Grewal,1,1,1
Gautam Jha,1,1,0
Gautam Kala,1,1,0
Gautam Kale,1,1,0
Gautam Kota,1,1,0
Gautam Master,1,1,0
Gautam More,1,1,0
Gautam Nagarajan,1,1,0
Gautam Nagy,1,1,0
Gautam Nair,1,1,0
Gautam Panchal,1,1,1
Gautam Pandya,1,1,0
Gautam Parikh,1,1,0
Gautam Rama,1,1,0
Gautam Ramachandran,1,1,0
Gautam Randhawa,1,1,0
Gautam Ranganathan,1,1,1
Gautam Rao,1,1,0
Gautam Saha,1,1,1
Gautam Sengupta,1,1,0
Gautam Sharma,1,1,0
Gautam Srivastava,1,1,1
Gautam Suri,1,1,0
Gautam Tank,1,1,0
Gautam Toor,2,2,0
Gautam Virk,2,2,0
Gautam Wason,1,1,0
Gautami Amble,1,1,0
Gautami Bajwa,1,1,0
Gautami Baria,1,1,0
Gautami Bera,1,1,0
Gautami Chada,1,1,0
Gautami Chahal,1,1,0
Gautami Chanda,1,1,0
Gautami Comar,1,1,0
Gautami Contractor,1,1,0
Gautami Dhar,2,2,0
Gautami Dhillon,1,1,0
Gautami Divan,1,1,0
Gautami Doshi,1,1,0
Gautami Kannan,2,2,0
Gautami Khalsa,1,1,0
Gautami Kibe,1,1,0
Gautami Mand,1,1,0
Gautami Memon,1,1,1
Gautami Mody,1,1,0
Gautami Mutti,1,1,0
Gautami Nayak,1,1,0
Gautami Pandit,1,1,0
Gautami Parmar,1,1,0
Gautami Rajan,1,1,0
Gautami Ramachandran,1,1,0
Gautami Ratta,1,1,0
Gautami Ravel,1,1,0
Gautami Sahni,1,1,0
Gautami Shah,1,1,1
Gautami Shere,1,1,0
Gautami Thaker,1,1,0
Gautami Verma,1,1,0
Gautami Walia,1,1,0
Gavin Aggarwal,1,1,0
Gavin Arora,1,1,0
Gavin Bahl,1,1,0
Gavin Chaudhuri,1,1,0
Gavin Cherian,1,1,0
Gavin Dar,1,1,0
Gavin Dhar,1,1,0
Gavin Dhillon,2,2,0
Gavin Dube,1,1,0
Gavin Gaba,1,1,0
Gavin Gulati,1,1,0
Gavin Gupta,1,1,0
Gavin Handa,1,1,1
Gavin Hegde,1,1,0
Gavin Kanda,1,1,0
Gavin Kunda,1,1,0
Gavin Lata,1,1,0
Gavin Mammen,1,1,0
Gavin Mand,1,1,0
Gavin Memon,1,1,0
Gavin Mitra,1,1,0
Gavin Nayak,1,1,0
Gavin Panchal,1,1,0
Gavin Parsa,1,1,0
Gavin Patla,1,1,0
Gavin Rajagopalan,1,1,0
Gavin Rama,1,1,0
Gavin Ravi,1,1,0
Gavin Roy,1,1,0
Gavin Sabharwal,1,1,0
Gavin Sachdev,1,1,0
Gavin Sahota,1,1,0
Gavin Sampath,1,1,0
Gavin Sawhney,1,1,0
Gavin Seth,1,1,0
Gavin Shetty,1,1,0
Gavin Swaminathan,2,2,0
Gavin Tandon,1,1,1
Gavin Taneja,1,1,0
Gavin Tara,1,1,0
Gavin Tella,1,1,0
Gavin Thakkar,1,1,1
Gavin Viswanathan,1,1,0
Gayathri Acharya,1,1,0
Gayathri Anne,1,1,0
Gayathri Aurora,1,1,0
Gayathri Badal,1,1,0
Gayathri Bera,1,1,0
Gayathri Bhattacharyya,1,1,0
Gayathri Bobal,1,1,0
Gayathri Chacko,1,1,0
Gayathri Chahal,1,1,0
Gayathri Contractor,1,1,0
Gayathri Dalal,1,1,0
Gayathri Deo,1,1,0
Gayathri Dhillon,2,2,0
Gayathri Goda,1,1,0
Gayathri Gokhale,1,1,0
Gayathri Gola,1,1,0
Gayathri Grover,1,1,0
Gayathri Iyer,1,1,0
Gayathri Kapoor,1,1,0
Gayathri Khanna,1,1,0
Gayathri Kibe,1,1,0
Gayathri Korpal,2,2,0
Gayathri Kothari,1,1,0
Gayathri Menon,1,1,0
Gayathri Mistry,1,1,0
Gayathri Mital,1,1,2
Gayathri Mohan,1,1,0
Gayathri Palan,1,1,0
Gayathri Pall,1,1,0
Gayathri Palla,1,1,0
Gayathri Patel,1,1,0
Gayathri Pradhan,1,1,0
Gayathri Ratta,1,1,0
Gayathri Rau,1,1,0
Gayathri Ravi,1,1,0
Gayathri Sahota,1,1,0
Gayathri Sarma,1,1,0
Gayathri Sarna,1,1,0
Gayathri Sathe,1,1,0
Gayathri Shetty,1,1,0
Gayathri Sodhi,1,1,0
Gayathri Tailor,1,1,0
Gayathri Thakkar,1,1,0
Gayathri Thakur,1,1,0
Gayathri Vaidya,1,1,0
Gayathri Vala,1,1,0
Gayathri Varughese,1,1,0
Gayathri Viswanathan,1,1,0
Gayathri Wali,1,1,0
Geetika Acharya,1,1,0
Geetika Babu,1,1,0
Geetika Badal,1,1,0
Geetika Barman,1,1,0
Geetika Batra,1,1,0
Geetika Ben,1,1,0
Geetika Bhagat,1,1,0
Geetika Bhatt,1,1,0
Geetika Bhattacharyya,1,1,0
Geetika Biswas,1,1,0
Geetika Chakrabarti,1,1,0
Geetika Dani,1,1,0
Geetika Dayal,1,1,0
Geetika Dubey,1,1,0
Geetika Gandhi,1,1,0
Geetika Ghose,1,1,1
Geetika Goel,2,2,0
Geetika Goswami,1,1,0
Geetika Hayre,1,1,0
Geetika Iyer,1,1,0
Geetika Jaggi,1,1,0
Geetika Kamdar,1,1,0
Geetika Kapadia,1,1,0
Geetika Karpe,1,1,0
Geetika Krishnan,1,1,0
Geetika Kumar,1,1,0
Geetika Luthra,1,1,0
Geetika Modi,1,1,0
Geetika Mukhopadhyay,1,1,0
Geetika Parikh,1,1,0
Geetika Sachdeva,1,1,0
Geetika Sagar,1,1,0
Geetika Sekhon,1,1,0
Geetika Sen,1,1,0
Geetika Sengupta,1,1,0
Geetika Sethi,1,1,0
Geetika Shankar,1,1,0
Geetika Subramaniam,2,2,0
Geetika Toor,1,1,1
Geetika Varghese,2,2,0
Geetika Venkataraman,1,1,0
George Ahluwalia,1,1,0
George Arya,1,1,0
George Bajwa,1,1,0
George Balay,1,1,0
George Ben,1,1,0
George Bhavsar,1,1,0
George Bobal,1,1,0
George Borde,1,1,0
George Buch,1,1,0
George Chanda,1,1,0
George Deo,1,1,0
George Gandhi,1,1,0
George Ghosh,1,1,0
George Majumdar,1,1,0
George Mannan,1,1,0
George Manne,1,1,0
George Naidu,1,1,0
George Nayar,1,1,0
George Pal,1,1,0
George Prabhakar,1,1,0
George Rege,1,1,1
George Sane,2,2,0
George Sekhon,1,1,0
George Sen,1,1,0
George Solanki,1,1,0
George Sur,1,1,0
George Vora,1,1,0
George Wali,1,1,0
George Yohannan,1,1,0
Girik Behl,2,2,0
Girik Bhatia,1,1,0
Girik Chad,1,1,0
Girik Chaudhari,1,1,0
Girik Chaudhary,1,1,0
Girik Chaudry,1,1,0
Girik Chokshi,1,1,0
Girik Chopra,1,1,0
Girik Dash,1,1,0
Girik Dayal,1,1,0
Girik Deshpande,1,1,0
Girik Dhingra,1,1,0
Girik Dutta,1,1,0
Girik Gulati,1,1,0
Girik Hayer,1,1,0
Girik Hora,1,1,0
Girik Issac,1,1,1
Girik Kala,1,1,0
Girik Kapadia,1,1,0
Girik Kar,1,1,0
Girik Khare,1,1,0
Girik Kurian,1,1,0
Girik Lall,1,1,0
Girik Murthy,1,1,0
Girik Murty,1,1,0
Girik Narain,1,1,0
Girik Narang,1,1,1
Girik Om,1,1,0
Girik Palla,1,1,0
Girik Parikh,1,1,0
Girik Patla,1,1,0
Girik Pau,1,1,0
Girik Rajagopal,1,1,0
Girik Raman,1,1,0
Girik Sahni,1,1,0
Girik Sami,1,1,0
Girik Shanker,1,1,0
Girik Soni,1,1,0
Girik Sundaram,1,1,0
Girik Sur,1,1,0
Girik Tara,1,1,0
Girik Tiwari,1,1,0
Girik Varkey,1,1,0
Girik Vasa,1,1,0
Girik Vyas,1,1,0
Girindra Anne,1,1,0
Girindra Bakshi,1,1,0
Girindra Baria,1,1,0
Girindra Bawa,1,1,0
Girindra Ben,1,1,0
Girindra Bhardwaj,1,1,0
Girindra Chahal,2,2,0
Girindra Chandran,1,1,0
Girindra Chaudhry,1,1,1
Girindra Chowdhury,1,1,0
Girindra Dhaliwal,1,1,0
Girindra Dugar,1,1,0
Girindra Ghose,1,1,0
Girindra Goda,1,1,0
Girindra Goswami,1,1,0
Girindra Halder,1,1,1
Girindra Joshi,1,1,0
Girindra Kibe,1,1,0
Girindra Korpal,1,1,0
Girindra Madan,1,1,1
Girindra Merchant,1,1,0
Girindra Muni,1,1,0
Girindra Murty,1,1,0
Girindra Nagy,1,1,0
Girindra Narayanan,1,1,0
Girindra Nazareth,1,1,0
Girindra Nigam,1,1,0
Girindra Palla,2,2,0
Girindra Parekh,1,1,0
Girindra Rajagopalan,1,1,0
Girindra Rao,1,1,0
Girindra Sahni,1,1,0
Girindra Sandhu,1,1,0
Girindra Sarma,1,1,0
Girindra Savant,1,1,0
Girindra Seth,1,1,0
Girindra Shah,1,1,0
Girindra Shanker,1,1,0
Girindra Varghese,1,1,0
Girindra Walla,1,1,0
Girindra Yohannan,1,1,0
Girish Badal,1,1,0
Girish Badami,1,1,0
Girish Bal,1,1,0
Girish Balakrishnan,1,1,0
Girish Baral,1,1,0
Girish Behl,1,1,0
Girish Bhatnagar,2,2,0
Girish Bora,1,1,2
Girish Brar,1,1,0
Girish Chanda,1,1,0
Girish Chopra,1,1,0
Girish Doctor,1,1,0
Girish Dua,1,1,0
Girish Dugar,1,1,0
Girish Hegde,1,1,0
Girish Jaggi,2,2,0
Girish Jha,1,1,0
Girish Jhaveri,1,1,0
Girish Kakar,1,1,0
Girish Karan,1,1,0
Girish Kashyap,1,1,0
Girish Krishnamurthy,1,1,0
Girish Mand,1,1,0
Girish Mani,1,1,0
Girish Modi,1,1,0
Girish Nadkarni,1,1,0
Girish Nagarajan,1,1,0
Girish Naidu,1,1,0
Girish Narayan,1,1,0
Girish Pandya,1,1,0
Girish Patla,1,1,0
Girish Purohit,1,1,0
Girish Raj,2,2,0
Girish Ranganathan,1,1,0
Girish Saran,1,1,0
Girish Sekhon,1,1,2
Girish Sodhi,1,1,0
Girish Suresh,1,1,0
Girish Tak,1,1,0
Girish Uppal,1,1,0
Girish Wali,1,1,0
Gopal Bail,1,1,0
Gopal Bajwa,1,1,0
Gopal Bala,1,1,1
Gopal Balasubramanian,1,1,0
Gopal Bava,1,1,0
Gopal Buch,1,1,0
Gopal Chacko,1,1,0
Gopal Choudhry,2,2,0
Gopal Chowdhury,1,1,0
Gopal Dhawan,1,1,0
Gopal Gara,1,1,0
Gopal Garg,1,1,0
Gopal Ghosh,1,1,0
Gopal Iyer,1,1,0
Gopal Jaggi,1,1,0
Gopal Johal,1,1,0
Gopal Kale,1,1,0
Gopal Kamdar,1,1,0
Gopal Khalsa,1,1,0
Gopal Kohli,1,1,0
Gopal Koshy,1,1,0
Gopal Krishnan,1,1,0
Gopal Loke,1,1,0
Gopal Malhotra,1,1,0
Gopal Mallick,1,1,0
Gopal Mangat,1,1,0
Gopal Mannan,2,2,0
Gopal Merchant,1,1,0
Gopal Mukhopadhyay,1,1,0
Gopal Mutti,1,1,0
Gopal Naik,1,1,0
Gopal Pandya,1,1,0
Gopal Pant,1,1,0
Gopal Parmar,1,1,0
Gopal Prasad,1,1,0
Gopal Puri,1,1,0
Gopal Sankaran,1,1,0
Gopal Sengupta,1,1,0
Gopal Shanker,1,1,0
Gopal Sibal,1,1,0
Gopal Sunder,1,1,0
Gopal Talwar,1,1,2
Gopal Vala,1,1,0
Gopal Vasa,1,1,0
Gopal Viswanathan,1,1,0
Gopal Yogi,1,1,1
Gunbir Aggarwal,1,1,0
Gunbir Biswas,1,1,0
Gunbir Chada,1,1,0
Gunbir Cheema,1,1,0
Gunbir Dani,1,1,0
Gunbir Doshi,1,1,0
Gunbir Gade,1,1,0
Gunbir Ganesh,2,2,0
Gunbir Gola,1,1,0
Gunbir Issac,1,1,0
Gunbir Iyengar,1,1,0
Gunbir Jain,1,1,0
Gunbir Jani,1,1,0
Gunbir Kala,1,1,0
Gunbir Kant,1,1,0
Gunbir Koshy,1,1,0
Gunbir Kothari,1,1,0
Gunbir Krishnamurthy,1,1,0
Gunbir Kunda,1,1,0
Gunbir Lala,1,1,0
Gunbir Mander,1,1,0
Gunbir Mangat,1,1,0
Gunbir Mannan,1,1,0
Gunbir Nadkarni,2,2,0
Gunbir Nazareth,1,1,0
Gunbir Om,1,1,0
Gunbir Patel,1,1,0
Gunbir Raman,1,1,0
Gunbir Rana,1,1,0
Gunbir Ranganathan,1,1,1
Gunbir Sen,1,1,0
Gunbir Sidhu,1,1,0
Gunbir Swaminathan,1,1,0
Gunbir Tandon,1,1,0
Gunbir Wadhwa,1,1,0
Gunbir Warrior,1,1,0
Gunbir Zacharia,1,1,0
Guneet Bala,1,1,0
Guneet Bali,1,1,0
Guneet Ben,1,1,0
Guneet Bera,1,1,0
Guneet Bumb,1,1,1
Guneet Butala,1,1,0
Guneet Chahal,1,1,0
Guneet Chhabra,1,1,0
Guneet Dasgupta,1,1,0
Guneet Deshpande,2,2,0
Guneet Devi,1,1,0
Guneet Dey,1,1,1
Guneet Gara,1,1,0
Guneet Garde,1,1,0
Guneet Goda,1,1,0
Guneet Goel,1,1,0
Guneet Jayaraman,1,1,0
Guneet Khare,1,1,0
Guneet Khosla,1,1,0
Guneet Khurana,1,1,0
Guneet Konda,1,1,0
Guneet Kurian,2,2,0
Guneet Lalla,1,1,0
Guneet Mall,1,1,0
Guneet Mani,1,1,0
Guneet Misra,1,1,0
Guneet Nadkarni,1,1,0
Guneet Patel,1,1,0
Guneet Ramakrishnan,1,1,0
Guneet Randhawa,1,1,0
Guneet Saxena,1,1,1
Guneet Subramaniam,1,1,0
Guneet Sule,1,1,0
Guneet Suresh,1,1,0
Guneet Trivedi,1,1,0
Guneet Varkey,1,1,0
Guneet Virk,1,1,0
Hamsini Bajaj,1,1,0
Hamsini Bala,1,1,0
Hamsini Balay,1,1,0
Hamsini Barad,1,1,0
Hamsini Bhakta,1,1,0
Hamsini Buch,1,1,0
Hamsini Chadha,1,1,0
Hamsini Chatterjee,1,1,0
Hamsini Chaudhuri,1,1,0
Hamsini Comar,1,1,0
Hamsini Dhar,1,1,0
Hamsini Dubey,1,1,0
Hamsini Dutt,1,1,1
Hamsini Ganesh,1,1,0
Hamsini Gour,1,1,0
Hamsini Guha,1,1,0
Hamsini Johal,1,1,0
Hamsini Khanna,1,1,0
Hamsini Lad,1,1,1
Hamsini Lalla,1,1,0
Hamsini Mall,1,1,0
Hamsini Nagar,1,1,1
Hamsini Nair,1,1,0
Hamsini Nanda,1,1,0
Hamsini Narayan,1,1,0
Hamsini Patla,1,1,0
Hamsini Peri,1,1,0
Hamsini Prashad,1,1,1
Hamsini Ramanathan,1,1,0
Hamsini Rau,1,1,0
Hamsini Roy,1,1,0
Hamsini Saran,1,1,1
Hamsini Sekhon,1,1,0
Hamsini Sen,1,1,0
Hamsini Sura,1,1,0
Hamsini Swaminathan,1,1,0
Hamsini Tandon,1,1,1
Hamsini Tank,1,1,0
Hamsini Vala,1,1,0
Hamsini Vora,1,1,0
Hardik Balay,1,1,0
Hardik Barad,1,1,0
Hardik Basak,1,1,0
Hardik Basu,1,1,1
Hardik Boase,1,1,0
Hardik Borah,1,1,0
Hardik Chad,1,1,1
Hardik Char,1,1,0
Hardik Chatterjee,1,1,1
Hardik Chowdhury,1,1,0
Hardik Dani,1,1,0
Hardik Date,1,1,0
Hardik Deol,1,1,0
Hardik Dhar,1,1,0
Hardik Dugal,1,1,0
Hardik Guha,1,1,0
Hardik Hayre,1,1,1
Hardik Kade,1,1,0
Hardik Kala,1,1,0
Hardik Kapoor,1,1,0
Hardik Loke,1,1,0
Hardik Mammen,1,1,0
Hardik Mani,1,1,0
Hardik Manne,1,1,0
Hardik Mishra,1,1,0
Hardik Misra,1,1,0
Hardik More,1,1,0
Hardik Naidu,1,1,0
Hardik Narang,1,1,0
Hardik Pal,1,1,0
Hardik Pandey,1,1,0
Hardik Patla,1,1,0
Hardik Peri,1,1,1
Hardik Purohit,1,1,0
Hardik Raj,1,1,0
Hardik Ramesh,1,1,0
Hardik Sachar,1,1,0
Hardik Saini,1,1,0
Hardik Sant,1,1,0
Hardik Saraf,1,1,0
Hardik Sarkar,1,1,0
Hardik Saxena,1,1,0
Hardik Sen,1,1,0
Hardik Sheth,1,1,0
Hardik Sibal,2,2,0
Hardik Solanki,1,1,0
Hardik Swamy,1,1,0
Hardik Talwar,1,1,0
Hardik Tara,1,1,0
Hardik Thakkar,1,1,0
Hardik Trivedi,1,1,0
Hardik Walla,1,1,0
Harinakshi Anne,2,2,0
Harinakshi Bahl,1,1,0
Harinakshi Bains,1,1,0
Harinakshi Bansal,1,1,0
Harinakshi Bassi,1,1,0
Harinakshi Bawa,1,1,0
Harinakshi Bhagat,1,1,0
Harinakshi Chada,1,1,0
Harinakshi Chaudhary,1,1,0
Harinakshi Chhabra,1,1,0
Harinakshi Dara,1,1,0
Harinakshi Dhar,1,1,0
Harinakshi Dixit,1,1,0
Harinakshi Dugar,1,1,0
Harinakshi Gera,1,1,0
Harinakshi Gole,1,1,0
Harinakshi Hans,1,1,1
Harinakshi Johal,1,1,0
Harinakshi Kala,1,1,0
Harinakshi Kaul,1,1,0
Harinakshi Keer,1,1,0
Harinakshi Koshy,2,2,0
Harinakshi Krishnan,1,1,0
Harinakshi Luthra,1,1,0
Harinakshi Madan,1,1,0
Harinakshi Mallick,1,1,0
Harinakshi Nadkarni,1,1,0
Harinakshi Sagar,1,1,0
Harinakshi Salvi,1,1,0
Harinakshi Sangha,1,1,0
Harinakshi Sha,1,1,1
Harinakshi Sinha,1,1,0
Harinakshi Thakur,2,2,0
Harinakshi Venkatesh,1,1,0
Harinakshi Vig,1,1,0
Harinakshi Wadhwa,1,1,0
Harinakshi Walla,1,1,0
Harinakshi Warrior,1,1,0
Harini Barad,1,1,0
Harini Baral,1,1,0
Harini Basu,1,1,0
Harini Bhalla,1,1,0
Harini Buch,1,1,0
Harini Cheema,1,1,0
Harini Choudhary,1,1,0
Harini Dar,1,1,0
Harini Dara,1,1,1
Harini Dewan,1,1,0
Harini Divan,1,1,0
Harini Dora,1,1,1
Harini Gandhi,1,1,0
Harini Garg,1,1,0
Harini Ghosh,1,1,0
Harini Goswami,1,1,0
Harini Gour,1,1,0
Harini Handa,1,1,0
Harini Kapadia,1,1,0
Harini Kaur,1,1,0
Harini Khosla,1,1,0
Harini Koshy,1,1,0
Harini Kothari,1,1,0
Harini Mall,1,1,0
Harini Mand,1,1,0
Harini Mangal,1,1,0
Harini Merchant,1,1,0
Harini Mohan,1,1,0
Harini Narain,1,1,1
Harini Pall,1,1,0
Harini Puri,1,1,0
Harini Raghavan,1,1,0
Harini Ratta,2,2,0
Harini Ravel,1,1,0
Harini Reddy,1,1,0
Harini Sabharwal,1,1,0
Harini Sampath,1,1,0
Harini Sarma,1,1,0
Harini Sehgal,1,1,0
Harini Soman,1,1,0
Harini Swamy,2,2,0
Harini Wali,1,1,0
Harish Arora,1,1,0
Harish Bajwa,1,1,0
Harish Barad,1,1,0
Harish Bath,1,1,0
Harish Batra,1,1,0
Harish Bhavsar,1,1,0
Harish Chopra,1,1,0
Harish Dara,1,1,0
Harish Deshmukh,1,1,0
Harish Dhar,1,1,0
Harish Dhillon,1,1,0
Harish Gandhi,1,1,0
Harish Ganesh,1,1,0
Harish Ghose,1,1,0
Harish Goel,1,1,0
Harish Gola,1,1,0
Harish Gopal,1,1,0
Harish Goyal,3,3,0
Harish Guha,1,1,0
Harish Jani,1,1,0
Harish Kata,1,1,0
Harish Keer,1,1,0
Harish Khare,1,1,0
Harish Majumdar,1,1,0
Harish Manda,1,1,1
Harish Mangat,1,1,0
Harish Merchant,1,1,0
Harish Misra,1,1,0
Harish Mohanty,1,1,0
Harish Nadkarni,2,2,0
Harish Prabhakar,1,1,0
Harish Prakash,1,1,0
Harish Purohit,1,1,0
Harish Rama,1,1,0
Harish Raman,1,1,1
Harish Rastogi,1,1,0
Harish Sachar,1,1,0
Harish Sampath,2,2,1
Harish Sarna,1,1,0
Harish Sehgal,1,1,0
Harish Setty,1,1,0
Harish Sharma,1,1,0
Harish Sidhu,1,1,0
Harish Som,1,1,0
Harish Sridhar,1,1,0
Harish Tata,1,1,1
Harish Thakur,1,1,0
Harish Upadhyay,1,1,0
Harish Wadhwa,1,1,1
Harish Wali,1,1,0
Harish Walia,1,1,0
Harita Agate,1,1,0
Harita Bahl,1,1,0
Harita Biswas,1,1,0
Harita Borra,1,1,0
Harita Chakrabarti,1,1,0
Harita Chaudhari,1,1,0
Harita Chaudry,1,1,0
Harita Chhabra,1,1,0
Harita Chopra,1,1,0
Harita Handa,1,1,1
Harita Hayre,1,1,0
Harita Kade,1,1,0
Harita Kala,1,1,0
Harita Kalla,1,1,0
Harita Karan,1,1,0
Harita Khare,1,1,0
Harita Kothari,1,1,0
Harita Krishna,1,1,0
Harita Mall,1,1,0
Harita Mann,1,1,0
Harita Mohanty,1,1,0
Harita Muni,1,1,0
Harita Pandit,1,1,0
Harita Pradhan,1,1,0
Harita Rege,1,1,0
Harita Shetty,1,1,0
Harita Srivastava,1,1,0
Harita Tailor,1,1,0
Harrison Acharya,1,1,0
Harrison Agarwal,1,1,0
Harrison Ahluwalia,1,1,0
Harrison Bakshi,1,1,0
Harrison Balakrishnan,1,1,0
Harrison Balay,1,1,0
Harrison Banerjee,1,1,0
Harrison Bedi,1,1,0
Harrison Bera,1,1,0
Harrison Bora,1,1,0
Harrison Buch,1,1,0
Harrison Chacko,1,1,0
Harrison Chand,1,1,1
Harrison Dash,1,1,0
Harrison Desai,1,1,1
Harrison Dhawan,2,2,0
Harrison Jain,1,1,0
Harrison Karpe,1,1,1
Harrison Kaul,1,1,0
Harrison Kibe,1,1,0
Harrison Kohli,1,1,0
Harrison Magar,1,1,0
Harrison Mahal,1,1,1
Harrison Memon,1,1,0
Harrison Mittal,1,1,0
Harrison Morar,1,1,1
Harrison Nair,1,1,0
Harrison Nori,1,1,0
Harrison Parikh,1,1,0
Harrison Parmar,1,1,0
Harrison Prasad,1,1,0
Harrison Rajan,1,1,0
Harrison Ramanathan,1,1,0
Harrison Rana,2,2,0
Harrison Samra,1,1,0
Harrison Savant,1,1,0
Harrison Seshadri,1,1,0
Harrison Subramaniam,1,1,0
Harrison Tara,1,1,0
Harrison Uppal,1,1,0
Harrison Walia,1,1,2
Harsh Aggarwal,1,1,0
Harsh Bains,1,1,1
Harsh Bajaj,1,1,0
Harsh Balakrishnan,1,1,0
Harsh Bandi,1,1,0
Harsh Ben,1,1,0
Harsh Bhattacharyya,1,1,0
Harsh Bobal,1,1,0
Harsh Buch,2,2,0
Harsh Char,1,1,0
Harsh Chaudhry,2,2,0
Harsh Comar,1,1,1
Harsh Doshi,1,1,1
Harsh Dugal,1,1,0
Harsh Gara,1,1,0
Harsh Ghose,1,1,0
Harsh Gokhale,1,1,0
Harsh Golla,1,1,0
Harsh Issac,1,1,0
Harsh Jaggi,1,1,0
Harsh Jhaveri,2,2,0
Harsh Khatri,1,1,0
Harsh Khosla,1,1,0
Harsh Konda,1,1,1
Harsh Koshy,1,1,0
Harsh Krish,1,1,0
Harsh Kurian,1,1,0
Harsh Mander,1,1,1
Harsh Mannan,1,1,0
Harsh Mital,1,1,0
Harsh Narain,1,1,0
Harsh Nath,1,1,0
Harsh Oak,1,1,0
Harsh Raja,1,1,0
Harsh Ramanathan,2,2,1
Harsh Raval,2,2,0
Harsh Sahni,1,1,0
Harsh Saini,1,1,0
Harsh Samra,1,1,0
Harsh Savant,1,1,1
Harsh Subramanian,1,1,1
Harsh Tailor,1,1,0
Harsh Tella,1,1,1
Harsh Tiwari,1,1,0
Harsh Toor,1,1,0
Harsh Viswanathan,1,1,0
Harsh Yogi,1,1,0
Harshil Ahluwalia,1,1,0
Harshil Anand,1,1,0
Harshil Babu,1,1,0
Harshil Basu,1,1,0
Harshil Bhatti,1,1,0
Harshil Bora,1,1,0
Harshil Chauhan,1,1,0
Harshil Choudhry,1,1,0
Harshil Chowdhury,1,1,0
Harshil Dalal,2,2,0
Harshil Dave,1,1,0
Harshil Deshmukh,1,1,0
Harshil Doshi,1,1,0
Harshil Gole,1,1,0
Harshil Kamdar,1,1,0
Harshil Kaur,1,1,0
Harshil Krish,1,1,0
Harshil Mahajan,1,1,0
Harshil Mammen,1,1,0
Harshil Mander,1,1,0
Harshil Murthy,1,1,0
Harshil Narang,1,1,0
Harshil Oommen,1,1,0
Harshil Puri,1,1,0
Harshil Raghavan,1,1,0
Harshil Raju,1,1,0
Harshil Ramaswamy,1,1,0
Harshil Ranganathan,1,1,0
Harshil Rege,1,1,0
Harshil Saha,1,1,0
Harshil Saraf,1,1,0
Harshil Sethi,1,1,0
Harshil Suri,1,1,0
Harshil Swamy,1,1,0
Harshil Uppal,1,1,0
Harshil Varma,1,1,0
Harshil Varughese,1,1,0
Harshil Wali,1,1,0
Harshil Walla,1,1,0
Hema Agarwal,1,1,0
Hema Ahluwalia,1,1,0
Hema Bajwa,1,1,0
Hema Banik,1,1,0
Hema Baral,1,1,1
Hema Basu,1,1,0
Hema Bhatia,1,1,1
Hema Bobal,1,1,0
Hema Borde,2,2,0
Hema Chand,1,1,0
Hema Dada,1,1,0
Hema Dara,2,2,0
Hema Dass,1,1,0
Hema Deo,1,1,0
Hema Dhar,1,1,0
Hema Dube,1,1,0
Hema Edwin,1,1,0
Hema Gade,1,1,0
Hema Gala,1,1,0
Hema Ghose,1,1,0
Hema Johal,1,1,0
Hema Joshi,1,1,0
Hema Kapadia,1,1,0
Hema Khalsa,1,1,1
Hema Lad,1,1,0
Hema Lata,1,1,0
Hema Mistry,1,1,0
Hema Mohanty,1,1,0
Hema Muni,1,1,0
Hema Padmanabhan,1,1,1
Hema Parmar,1,1,0
Hema Patel,1,1,1
Hema Patil,1,1,0
Hema Prashad,1,1,0
Hema Raghavan,1,1,0
Hema Ramachandran,1,1,0
Hema Rau,1,1,0
Hema Ravi,1,1,0
Hema Samra,1,1,0
Hema Sandal,1,1,0
Hema Sant,1,1,0
Hema Sehgal,1,1,0
Hema Som,1,1,0
Hema Sunder,1,1,0
Hema Taneja,1,1,0
Hema Wadhwa,1,1,0
Hema Walia,1,1,0
Hema Zachariah,1,1,0
Hemal Agarwal,1,1,0
Hemal Balasubramanian,1,1,0
Hemal Batta,1,1,0
Hemal Bora,1,1,0
Hemal Brar,2,2,0
Hemal Chad,1,1,0
Hemal Chowdhury,1,1,0
Hemal Contractor,1,1,1
Hemal Dash,1,1,0
Hemal Datta,1,1,0
Hemal Gaba,1,1,1
Hemal Goda,1,1,0
Hemal Gupta,1,1,0
Hemal Kade,1,1,0
Hemal Kant,1,1,0
Hemal Khatri,1,1,0
Hemal Koshy,1,1,0
Hemal Lal,1,1,0
Hemal Lalla,1,1,0
Hemal Mahal,1,1,0
Hemal Maharaj,1,1,0
Hemal Mandal,1,1,1
Hemal Mani,1,1,1
Hemal Master,1,1,0
Hemal Mitra,1,1,1
Hemal Modi,1,1,0
Hemal Mukhopadhyay,1,1,0
Hemal Nair,1,1,0
Hemal Narang,1,1,0
Hemal Narayanan,1,1,0
Hemal Nayak,1,1,1
Hemal Pandit,1,1,0
Hemal Pant,1,1,0
Hemal Parekh,1,1,1
Hemal Parikh,1,1,0
Hemal Pingle,1,1,0
Hemal Puri,1,1,0
Hemal Raghavan,1,1,0
Hemal Ramaswamy,1,1,0
Hemal Ratta,1,1,0
Hemal Ratti,1,1,0
Hemal Rout,1,1,0
Hemal Sahni,1,1,0
Hemal Salvi,1,1,0
Hemal Sarkar,1,1,0
Hemal Sarma,1,1,0
Hemal Savant,1,1,0
Hemal Seshadri,2,2,1
Hemal Sethi,1,1,0
Hemal Shenoy,1,1,0
Hemal Shetty,1,1,0
Hemal Soni,1,1,0
Hemal Talwar,1,1,0
Hemal Varkey,1,1,0
Hemal Verma,1,1,0
Hemal Wadhwa,1,1,0
Hemal Wali,1,1,2
Hemal Wason,1,1,0
Hemal Yogi,1,1,0
Hemang Agate,2,2,1
Hemang Arya,1,1,0
Hemang Atwal,1,1,0
Hemang Aurora,1,1,0
Hemang Babu,1,1,0
Hemang Banik,1,1,0
Hemang Barad,1,1,0
Hemang Bedi,1,1,0
Hemang Chandra,1,1,0
Hemang Chhabra,1,1,1
Hemang Dada,1,1,0
Hemang Dass,1,1,0
Hemang Date,1,1,0
Hemang Dora,1,1,0
Hemang Dugal,1,1,0
Hemang Golla,1,1,0
Hemang Gour,1,1,0
Hemang Grewal,1,1,0
Hemang Jayaraman,2,2,1
Hemang Kade,1,1,0
Hemang Kanda,1,1,0
Hemang Karnik,1,1,0
Hemang Krishnan,1,1,0
Hemang Kulkarni,1,1,0
Hemang Kumer,1,1,0
Hemang Kuruvilla,1,1,0
Hemang Lala,1,1,0
Hemang Lata,1,1,0
Hemang Madan,1,1,0
Hemang Mand,1,1,1
Hemang Manda,1,1,0
Hemang Mangat,1,1,0
Hemang Menon,1,1,0
Hemang Mody,1,1,2
Hemang Mohan,1,1,0
Hemang Mukhopadhyay,1,1,0
Hemang Nadkarni,1,1,0
Hemang Pant,1,1,0
Hemang Pau,1,1,0
Hemang Pillay,1,1,0
Hemang Ramesh,1,1,0
Hemang Rao,1,1,0
Hemang Rattan,1,1,0
Hemang Saini,1,1,0
Hemang Sant,1,1,0
Hemang Saran,1,1,0
Hemang Sarma,2,2,0
Hemang Setty,1,1,0
Hemang Sha,1,1,0
Hemang Shenoy,1,1,0
Hemang Tella,1,1,1
Hemang Venkatesh,1,1,0
Hemangini Andra,1,1,0
Hemangini Arya,1,1,0
Hemangini Bajaj,1,1,0
Hemangini Bala,2,2,0
Hemangini Balasubramanian,1,1,0
Hemangini Ben,1,1,0
Hemangini Bhalla,1,1,0
Hemangini Brahmbhatt,1,1,0
Hemangini Bumb,1,1,0
Hemangini Dani,1,1,0
Hemangini Desai,1,1,0
Hemangini Dutta,1,1,0
Hemangini Jani,1,1,0
Hemangini Jhaveri,1,1,0
Hemangini Kari,1,1,0
Hemangini Mand,1,1,0
Hemangini Mangal,1,1,1
Hemangini Merchant,1,1,1
Hemangini Mishra,1,1,1
Hemangini Mistry,1,1,0
Hemangini Mukhopadhyay,1,1,0
Hemangini Muni,1,1,0
Hemangini Narayanan,1,1,0
Hemangini Palla,1,1,0
Hemangini Pant,1,1,0
Hemangini Patel,1,1,0
Hemangini Raja,1,1,0
Hemangini Rama,1,1,0
Hemangini Raman,1,1,0
Hemangini Sabharwal,1,1,0
Hemangini Sahota,1,1,0
Hemangini Salvi,1,1,1
Hemangini Sami,1,1,0
Hemangini Sankaran,1,1,0
Hemangini Saraf,1,1,0
Hemangini Saran,1,1,0
Hemangini Shenoy,1,1,0
Hemangini Srivastava,1,1,0
Hemangini Swamy,1,1,0
Hemangini Tripathi,1,1,0
Hemangini Yadav,1,1,0
Hemangini Yohannan,1,1,0
Hemani Aggarwal,1,1,0
Hemani Ben,1,1,0
Hemani Bhalla,1,1,0
Hemani Bora,1,1,0
Hemani Bose,1,1,0
Hemani Chand,1,1,0
Hemani Chandra,1,1,0
Hemani Chaudhari,1,1,0
Hemani Chhabra,1,1,0
Hemani Chokshi,1,1,2
Hemani Dass,1,1,0
Hemani Issac,1,1,1
Hemani Kamdar,1,1,0
Hemani Khanna,1,1,0
Hemani Kibe,1,1,0
Hemani Kothari,1,1,0
Hemani Kumar,1,1,1
Hemani Loyal,1,1,0
Hemani Majumdar,1,1,0
Hemani Mall,1,1,0
Hemani Misra,1,1,0
Hemani Mistry,1,1,0
Hemani Mittal,1,1,0
Hemani Narasimhan,1,1,0
Hemani Nath,1,1,0
Hemani Om,1,1,0
Hemani Pandya,2,2,0
Hemani Prashad,1,1,0
Hemani Puri,1,1,0
Hemani Raman,1,1,0
Hemani Roy,1,1,1
Hemani Sastry,1,1,0
Hemani Shah,1,1,0
Hemani Shenoy,1,1,0
Hemani Shroff,1,1,0
Hemani Shukla,1,1,1
Hemani Subramaniam,1,1,0
Hemani Swamy,1,1,0
Hemani Vaidya,1,1,0
Henry Apte,1,1,0
Henry Badal,1,1,0
Henry Bahri,1,1,0
Henry Bakshi,1,1,0
Henry Balasubramanian,1,1,0
Henry Bansal,2,2,0
Henry Basu,1,1,0
Henry Bava,1,1,0
Henry Borde,1,1,0
Henry Borra,1,1,1
Henry Chand,1,1,0
Henry Chaudry,1,1,0
Henry Chauhan,1,1,0
Henry Comar,1,1,0
Henry Deol,1,1,1
Henry Dey,1,1,0
Henry Dhaliwal,1,1,0
Henry Dhar,1,1,0
Henry Dua,1,1,1
Henry Dube,1,1,0
Henry Gandhi,1,1,0
Henry Ghosh,1,1,0
Henry Gola,1,1,0
Henry Jha,1,1,0
Henry Kibe,1,1,0
Henry Krishnamurthy,1,1,0
Henry Lal,1,1,0
Henry Lall,1,1,0
Henry Lanka,1,1,0
Henry Mann,1,1,1
Henry Mishra,1,1,0
Henry Mital,1,1,0
Henry Mohanty,1,1,0
Henry More,1,1,0
Henry Naik,1,1,0
Henry Pall,1,1,0
Henry Patil,1,1,0
Henry Peri,1,1,0
Henry Pradhan,1,1,0
Henry Prashad,1,1,0
Henry Raghavan,1,1,0
Henry Raj,1,1,0
Henry Ramanathan,1,1,0
Henry Rastogi,1,1,0
Henry Ravi,1,1,0
Henry Sachdev,2,2,0
Henry Sachdeva,1,1,1
Henry Sandhu,1,1,0
Henry Sanghvi,1,1,0
Henry Saran,1,1,0
Henry Sarraf,1,1,0
Henry Sastry,1,1,0
Henry Sen,1,1,0
Henry Sha,2,2,0
Henry Shukla,1,1,0
Henry Tandon,1,1,0
Henry Tata,1,1,0
Henry Thakkar,1,1,1
Henry Tripathi,1,1,0
Henry Wali,1,1,0
Hiral Acharya,1,1,0
Hiral Arya,1,1,0
Hiral Bains,1,1,1
Hiral Bala,2,2,0
Hiral Baral,1,1,0
Hiral Bassi,1,1,0
Hiral Bir,1,1,0
Hiral Buch,1,1,0
Hiral Chaudry,1,1,1
Hiral Dar,1,1,0
Hiral Dass,2,2,0
Hiral Deo,1,1,0
Hiral Din,1,1,0
Hiral Gade,1,1,0
Hiral Gandhi,1,1,0
Hiral Ganesan,1,1,0
Hiral Garg,1,1,0
Hiral Johal,1,1,2
Hiral Kala,2,2,1
Hiral Khalsa,1,1,0
Hiral Khatri,1,1,0
Hiral Kumer,1,1,0
Hiral Mangat,1,1,0
Hiral More,1,1,0
Hiral Narayanan,1,1,0
Hiral Nigam,1,1,0
Hiral Pall,1,1,0
Hiral Parekh,1,1,0
Hiral Prakash,1,1,0
Hiral Raja,1,1,0
Hiral Rajan,1,1,0
Hiral Raju,1,1,0
Hiral Ramanathan,1,1,0
Hiral Ramaswamy,1,1,0
Hiral Sabharwal,2,2,1
Hiral Sama,1,1,0
Hiral Sehgal,1,1,0
Hiral Seshadri,1,1,0
Hiral Sethi,1,1,0
Hiral Singh,1,1,1
Hiral Soni,1,1,0
Hiral Thakur,2,2,1
Hiral Yogi,1,1,1
Hitesh Ahluwalia,1,1,0
Hitesh Anne,1,1,0
Hitesh Bir,1,1,0
Hitesh Borah,1,1,1
Hitesh Chaudhry,1,1,0
Hitesh Chaudry,1,1,0
Hitesh Dayal,1,1,0
Hitesh Dhaliwal,1,1,0
Hitesh Dugar,1,1,1
Hitesh Dutta,1,1,0
Hitesh Gara,1,1,0
Hitesh Gill,1,1,0
Hitesh Hans,1,1,0
Hitesh Kala,1,1,0
Hitesh Kapadia,1,1,0
Hitesh Konda,1,1,1
Hitesh Krishna,1,1,0
Hitesh Mistry,1,1,1
Hitesh Nagi,1,1,0
Hitesh Narula,1,1,0
Hitesh Natarajan,1,1,0
Hitesh Nayar,1,1,0
Hitesh Oza,1,1,0
Hitesh Panchal,1,1,0
Hitesh Parmar,1,1,0
Hitesh Pillay,1,1,0
Hitesh Rajan,1,1,0
Hitesh Reddy,1,1,0
Hitesh Sabharwal,1,1,0
Hitesh Sampath,1,1,0
Hitesh Sarma,1,1,0
Hitesh Sharma,1,1,0
Hitesh Sule,1,1,0
Hitesh Vala,1,1,0
Hitesh Vasa,1,1,0
Hredhaan Aggarwal,1,1,0
Hredhaan Bains,1,1,0
Hredhaan Bali,1,1,0
Hredhaan Bhandari,1,1,0
Hredhaan Bhargava,1,1,0
Hredhaan Bir,1,1,0
Hredhaan Bobal,1,1,1
Hredhaan Borah,1,1,1
Hredhaan Brahmbhatt,1,1,0
Hredhaan Chadha,1,1,0
Hredhaan Contractor,1,1,0
Hredhaan Datta,1,1,0
Hredhaan Divan,1,1,0
Hredhaan Doshi,1,1,0
Hredhaan Ghosh,1,1,0
Hredhaan Goswami,1,1,0
Hredhaan Gupta,1,1,1
Hredhaan Jain,1,1,0
Hredhaan Kala,1,1,1
Hredhaan Khare,1,1,0
Hredhaan Krish,1,1,0
Hredhaan Krishnamurthy,1,1,0
Hredhaan Kurian,1,1,0
Hredhaan Modi,1,1,0
Hredhaan Mohanty,1,1,0
Hredhaan Murthy,1,1,0
Hredhaan Narang,1,1,1
Hredhaan Nath,1,1,0
Hredhaan Nayar,1,1,0
Hredhaan Pathak,1,1,0
Hredhaan Patil,1,1,0
Hredhaan Prabhu,1,1,0
Hredhaan Prashad,1,1,0
Hredhaan Raju,1,1,0
Hredhaan Ramaswamy,1,1,0
Hredhaan Sachar,1,1,0
Hredhaan Sahni,1,1,0
Hredhaan Sani,1,1,0
Hredhaan Sankaran,1,1,0
Hredhaan Sarkar,1,1,0
Hredhaan Sarna,1,1,0
Hredhaan Sarraf,1,1,0
Hredhaan Setty,1,1,0
Hredhaan Sunder,1,1,0
Hredhaan Thakur,1,1,0
Hredhaan Varughese,1,1,0
Hredhaan Yohannan,1,1,0
Hritik Agrawal,1,1,0
Hritik Bassi,1,1,0
Hritik Ben,1,1,0
Hritik Chada,1,1,0
Hritik Chatterjee,1,1,0
Hritik Chaudhuri,1,1,0
Hritik Chaudry,1,1,0
Hritik Cherian,1,1,0
Hritik Dayal,1,1,0
Hritik De,1,1,0
Hritik Dhaliwal,1,1,0
Hritik Dhillon,1,1,0
Hritik Din,1,1,0
Hritik Divan,1,1,0
Hritik Dua,1,1,0
Hritik Golla,1,1,0
Hritik Goswami,1,1,0
Hritik Gour,1,1,0
Hritik Grover,1,1,0
Hritik Hari,1,1,0
Hritik Jaggi,1,1,0
Hritik Jain,1,1,0
Hritik Karpe,1,1,0
Hritik Kibe,2,2,1
Hritik Koshy,1,1,0
Hritik Mandal,1,1,0
Hritik Merchant,1,1,0
Hritik Mohan,1,1,0
Hritik Mukherjee,1,1,0
Hritik Natarajan,1,1,0
Hritik Pandya,1,1,0
Hritik Parikh,1,1,0
Hritik Patil,1,1,0
Hritik Peri,1,1,0
Hritik Purohit,1,1,0
Hritik Saini,1,1,0
Hritik Salvi,1,1,0
Hritik Saran,1,1,0
Hritik Sarin,1,1,0
Hritik Sathe,1,1,0
Hritik Shah,1,1,0
Hritik Shan,1,1,0
Hritik Shetty,1,1,0
Hritik Tak,1,1,0
Hritik Taneja,1,1,0
Hritik Upadhyay,2,2,0
Hritik Varkey,1,1,0
Hritik Vyas,2,2,0
Idika Atwal,1,1,0
Idika Bail,1,1,0
Idika Bajwa,1,1,0
Idika Bali,1,1,0
Idika Baral,1,1,0
Idika Behl,1,1,0
Idika Buch,1,1,0
Idika Chander,1,1,0
Idika Chhabra,1,1,0
Idika Choudhury,1,1,0
Idika Dara,1,1,1
Idika Dass,1,1,0
Idika Dave,1,1,0
Idika Desai,2,2,0
Idika Deshpande,1,1,0
Idika Dhaliwal,1,1,0
Idika Dugal,1,1,0
Idika Dutt,2,2,0
Idika D’Alia,1,1,0
Idika Gandhi,1,1,0
Idika Garg,1,1,0
Idika Grover,2,2,0
Idika Hari,1,1,0
Idika Jani,1,1,0
Idika Kala,1,1,0
Idika Kale,1,1,0
Idika Kalla,1,1,0
Idika Kant,1,1,0
Idika Kapadia,1,1,0
Idika Kohli,1,1,0
Idika Kulkarni,1,1,0
Idika Kumer,1,1,0
Idika Kurian,1,1,0
Idika Lall,1,1,0
Idika Memon,1,1,0
Idika Naik,2,2,1
Idika Nayar,1,1,0
Idika Rajagopal,1,1,0
Idika Ram,1,1,0
Idika Rana,1,1,0
Idika Ratta,1,1,0
Idika Saran,1,1,0
Idika Sha,1,1,0
Idika Shan,1,1,1
Idika Singh,1,1,0
Idika Swaminathan,1,1,0
Idika Tiwari,1,1,0
Idika Wali,1,1,0
Ijaya Arya,1,1,0
Ijaya Baral,1,1,0
Ijaya Bassi,1,1,0
Ijaya Bhakta,1,1,0
Ijaya Cheema,1,1,0
Ijaya Comar,1,1,0
Ijaya Dube,1,1,0
Ijaya Gola,1,1,0
Ijaya Grewal,1,1,0
Ijaya Guha,1,1,0
Ijaya Iyengar,1,1,0
Ijaya Johal,1,1,0
Ijaya Kota,1,1,0
Ijaya Krishnan,1,1,0
Ijaya Kumer,1,1,0
Ijaya Lad,1,1,0
Ijaya Mannan,1,1,0
Ijaya Menon,1,1,0
Ijaya Modi,1,1,0
Ijaya Murty,1,1,0
Ijaya Nagy,1,1,0
Ijaya Naik,1,1,0
Ijaya Palla,1,1,0
Ijaya Parikh,1,1,0
Ijaya Patla,1,1,0
Ijaya Pillay,2,2,0
Ijaya Purohit,1,1,0
Ijaya Rajagopalan,1,1,0
Ijaya Raju,1,1,0
Ijaya Ramakrishnan,1,1,0
Ijaya Samra,1,1,0
Ijaya Sant,1,1,0
Ijaya Sharma,1,1,0
Ijaya Soman,1,1,0
Ijaya Sood,1,1,0
Ijaya Subramaniam,1,1,0
Ijaya Thaman,1,1,0
Ijaya Toor,1,1,1
Ikbal Badami,1,1,0
Ikbal Bahri,1,1,0
Ikbal Bala,1,1,0
Ikbal Bali,1,1,0
Ikbal Barad,1,1,0
Ikbal Bhakta,1,1,0
Ikbal Bhandari,1,1,0
Ikbal Bora,1,1,0
Ikbal Chacko,1,1,0
Ikbal Chana,1,1,0
Ikbal Chaudhry,1,1,0
Ikbal Dash,1,1,0
Ikbal Dhar,1,1,0
Ikbal Gopal,1,1,0
Ikbal Grewal,1,1,0
Ikbal Halder,1,1,0
Ikbal Hari,1,1,1
Ikbal Kanda,1,1,1
Ikbal Khurana,1,1,0
Ikbal Krishnan,1,1,0
Ikbal Lanka,1,1,0
Ikbal Luthra,1,1,0
Ikbal Madan,1,1,0
Ikbal Mani,1,1,0
Ikbal Menon,1,1,0
Ikbal Morar,1,1,0
Ikbal Mukhopadhyay,1,1,0
Ikbal Narula,1,1,0
Ikbal Pai,1,1,1
Ikbal Patla,1,1,0
Ikbal Pau,1,1,0
Ikbal Prakash,1,1,0
Ikbal Rajagopal,1,1,0
Ikbal Ratti,1,1,0
Ikbal Ravi,1,1,1
Ikbal Reddy,1,1,0
Ikbal Sangha,1,1,0
Ikbal Sathe,1,1,0
Ikbal Sidhu,1,1,0
Ikbal Sule,1,1,0
Ikbal Thaker,1,1,1
Ikbal Varty,1,1,0
Ikbal Vasa,1,1,0
Ikbal Virk,1,1,0
Ikbal Vora,1,1,0
Ikbal Walla,1,1,0
Ikbal Yadav,1,1,1
Ikshita Acharya,1,1,1
Ikshita Balakrishnan,1,1,0
Ikshita Banik,2,2,0
Ikshita Bhargava,1,1,0
Ikshita Bhat,1,1,0
Ikshita Brahmbhatt,1,1,0
Ikshita Chadha,1,1,0
Ikshita Chakrabarti,1,1,0
Ikshita Chaudhuri,1,1,0
Ikshita Chokshi,1,1,0
Ikshita Comar,1,1,0
Ikshita Deol,1,1,0
Ikshita Dewan,1,1,0
Ikshita Dhar,1,1,0
Ikshita Dutta,1,1,0
Ikshita Dyal,1,1,0
Ikshita Gala,2,2,0
Ikshita Ghose,1,1,0
Ikshita Gulati,1,1,0
Ikshita Kapur,1,1,0
Ikshita Kari,1,1,0
Ikshita Khalsa,1,1,0
Ikshita Lal,1,1,0
Ikshita Mammen,1,1,0
Ikshita Muni,1,1,0
Ikshita Murthy,1,1,0
Ikshita Nadkarni,1,1,0
Ikshita Nanda,1,1,0
Ikshita Panchal,1,1,0
Ikshita Patel,1,1,0
Ikshita Ram,1,1,0
Ikshita Reddy,2,2,1
Ikshita Seshadri,1,1,0
Ikshita Shah,1,1,0
Ikshita Shankar,1,1,0
Ikshita Shanker,1,1,0
Ikshita Shukla,1,1,0
Ikshita Swamy,1,1,0
Ikshita Tara,1,1,0
Ikshita Viswanathan,1,1,0
Ikshita Walla,1,1,1
Imaran Agate,1,1,1
Imaran Atwal,1,1,0
Imaran Baria,1,1,1
Imaran Batra,1,1,0
Imaran Brahmbhatt,1,1,1
Imaran Chad,1,1,0
Imaran Chanda,1,1,0
Imaran Chandran,1,1,0
Imaran Dash,1,1,0
Imaran Dua,1,1,0
Imaran Dutta,1,1,0
Imaran Gade,1,1,0
Imaran Kadakia,1,1,0
Imaran Kara,1,1,0
Imaran Khanna,1,1,0
Imaran Khatri,1,1,0
Imaran Krishnan,1,1,0
Imaran Kunda,1,1,0
Imaran Lal,1,1,0
Imaran Loke,1,1,1
Imaran Mandal,1,1,0
Imaran Minhas,1,1,0
Imaran Mukherjee,1,1,0
Imaran Mutti,1,1,0
Imaran Nadig,1,1,0
Imaran Narayanan,1,1,0
Imaran Parekh,1,1,0
Imaran Pillay,1,1,0
Imaran Raghavan,1,1,0
Imaran Raman,1,1,0
Imaran Rao,1,1,0
Imaran Ratti,1,1,0
Imaran Ray,1,1,1
Imaran Saraf,1,1,0
Imaran Sarin,1,1,0
Imaran Sastry,1,1,0
Imaran Savant,1,1,0
Imaran Sengupta,1,1,0
Imaran Sethi,1,1,0
Imaran Sura,1,1,0
Imaran Tailor,1,1,1
Imaran Tak,1,1,0
Imaran Walia,1,1,0
Imaran Warrior,1,1,0
Inaya Aurora,2,2,0
Inaya Bakshi,1,1,0
Inaya Balay,1,1,0
Inaya Bali,1,1,0
Inaya Baral,1,1,0
Inaya Chadha,1,1,0
Inaya Chakraborty,1,1,0
Inaya Chandra,1,1,0
Inaya Char,1,1,0
Inaya Chaudhari,1,1,0
Inaya Chaudry,1,1,0
Inaya Contractor,1,1,0
Inaya Dada,1,1,0
Inaya Deol,1,1,0
Inaya Dhar,1,1,0
Inaya Dhawan,1,1,0
Inaya Handa,1,1,0
Inaya Issac,1,1,0
Inaya Kalla,1,1,0
Inaya Karpe,1,1,0
Inaya Korpal,1,1,0
Inaya Lall,1,1,0
Inaya Murty,1,1,0
Inaya Mutti,1,1,0
Inaya Nayak,1,1,0
Inaya Nigam,1,1,0
Inaya Pai,1,1,0
Inaya Pillai,1,1,0
Inaya Rajagopalan,1,1,0
Inaya Rama,1,1,0
Inaya Ravel,1,1,0
Inaya Rege,1,1,0
Inaya Sagar,1,1,0
Inaya Sandal,1,1,0
Inaya Saran,1,1,0
Inaya Sarin,1,1,0
Inaya Savant,1,1,0
Inaya Sha,1,1,0
Inaya Sidhu,1,1,0
Inaya Soni,1,1,0
Inaya Varma,1,1,0
Inaya Venkatesh,1,1,0
Indali Arya,1,1,0
Indali Bala,1,1,0
Indali Balakrishnan,1,1,0
Indali Bawa,1,1,0
Indali Bhasin,1,1,0
Indali Boase,1,1,0
Indali Bobal,1,1,0
Indali Bora,1,1,0
Indali Buch,1,1,0
Indali Chakraborty,1,1,0
Indali Contractor,1,1,0
Indali Dara,1,1,0
Indali Devi,1,1,0
Indali Doshi,1,1,0
Indali Goswami,1,1,0
Indali Gour,1,1,0
Indali Hans,1,1,0
Indali Kala,1,1,1
Indali Kannan,1,1,0
Indali Karpe,1,1,1
Indali Kaur,1,1,0
Indali Kota,1,1,0
Indali Mangal,1,1,0
Indali Menon,1,1,0
Indali Modi,1,1,0
Indali Mutti,2,2,0
Indali Nadig,1,1,0
Indali Om,1,1,0
Indali Parsa,1,1,0
Indali Prabhu,1,1,0
Indali Raja,2,2,0
Indali Ram,1,1,0
Indali Rege,1,1,0
Indali Rout,1,1,0
Indali Roy,1,1,0
Indali Sant,1,1,1
Indali Sehgal,1,1,0
Indali Sen,3,3,1
Indali Setty,1,1,0
Indali Sha,1,1,0
Indali Singhal,1,1,0
Indali Sridhar,1,1,0
Indali Swaminathan,1,1,0
Indali Varty,1,1,0
Indira Bajaj,1,1,0
Indira Bhat,1,1,0
Indira Bobal,1,1,0
Indira Borde,1,1,0
Indira Brar,1,1,0
Indira Butala,1,1,0
Indira Dewan,1,1,0
Indira Dubey,1,1,0
Indira Ganesh,1,1,0
Indira Handa,1,1,0
Indira Jhaveri,1,1,0
Indira Kale,1,1,0
Indira Kant,1,1,0
Indira Loke,1,1,0
Indira Malhotra,1,1,0
Indira Mander,1,1,0
Indira Mani,1,1,0
Indira Mann,1,1,0
Indira Mitter,1,1,0
Indira Mody,1,1,0
Indira Mohan,1,1,0
Indira Nadkarni,1,1,0
Indira Nigam,1,1,1
Indira Pant,1,1,0
Indira Pathak,1,1,0
Indira Patla,1,1,0
Indira Pillai,1,1,0
Indira Pingle,1,1,1
Indira Rai,1,1,0
Indira Rastogi,1,1,1
Indira Ratti,1,1,0
Indira Sandal,1,1,0
Indira Sarma,1,1,0
Indira Sastry,1,1,0
Indira Saxena,1,1,0
Indira Sem,1,1,0
Indira Sengupta,2,2,0
Indira Sharma,1,1,0
Indira Sur,1,1,0
Indira Thaker,1,1,0
Indira Vala,2,2,0
Indira Varughese,1,1,0
Indira Yohannan,1,1,0
Indrajit Arya,1,1,0
Indrajit Bandi,1,1,0
Indrajit Borde,1,1,0
Indrajit Buch,1,1,0
Indrajit Chaudry,1,1,0
Indrajit Deshmukh,1,1,0
Indrajit Dhar,1,1,0
Indrajit Dutt,1,1,0
Indrajit Dutta,1,1,0
Indrajit Edwin,1,1,0
Indrajit Jhaveri,1,1,0
Indrajit Kata,1,1,0
Indrajit Khurana,1,1,0
Indrajit Krishnan,1,1,0
Indrajit Kurian,3,3,0
Indrajit Lala,1,1,0
Indrajit Madan,1,1,1
Indrajit Mandal,1,1,0
Indrajit Misra,1,1,0
Indrajit Purohit,1,1,0
Indrajit Ram,1,1,0
Indrajit Ramachandran,1,1,0
Indrajit Ramaswamy,1,1,0
Indrajit Reddy,1,1,1
Indrajit Sachdeva,1,1,0
Indrajit Sarma,1,1,0
Indrajit Sastry,1,1,0
Indrajit Sem,1,1,0
Indrajit Setty,1,1,0
Indrajit Shroff,1,1,0
Indrajit Sidhu,1,1,0
Indrajit Swaminathan,1,1,0
Indrajit Thakkar,1,1,0
Indrajit Toor,1,1,0
Indrajit Varughese,1,1,0
Indrajit Wason,1,1,0
Indrajit Yogi,1,1,0
Ira Apte,1,1,0
Ira Balan,1,1,0
Ira Batra,1,1,0
Ira Bera,1,1,0
Ira Bhardwaj,1,1,0
Ira Bhat,1,1,0
Ira Boase,1,1,0
Ira Chakraborty,1,1,0
Ira Char,1,1,0
Ira Chaudry,1,1,0
Ira Datta,1,1,0
Ira Dhaliwal,1,1,0
Ira Dube,1,1,0
Ira Dutt,1,1,0
Ira Dutta,1,1,0
Ira Gupta,1,1,1
Ira Kashyap,1,1,1
Ira Khosla,1,1,0
Ira Kohli,1,1,0
Ira Krish,2,2,2
Ira Mandal,1,1,0
Ira Mann,1,1,0
Ira Master,1,1,0
Ira Mishra,1,1,0
Ira Misra,1,1,0
Ira Modi,1,1,0
Ira Nagar,1,1,0
Ira Narayan,1,1,0
Ira Narayanan,1,1,0
Ira Narula,1,1,0
Ira Palla,1,1,0
Ira Pandya,1,1,0
Ira Puri,1,1,0
Ira Rajan,1,1,0
Ira Raju,1,1,0
Ira Raman,1,1,0
Ira Rao,1,1,0
Ira Sabharwal,1,1,0
Ira Savant,1,1,0
Ira Shan,1,1,0
Ira Solanki,1,1,0
Ira Sule,1,1,0
Ira Tak,1,1,0
Ira Vala,1,1,0
Ira Verma,1,1,0
Ira Wali,1,1,0
Ira Yadav,1,1,0
Irya Ahuja,1,1,0
Irya Banerjee,1,1,0
Irya Barad,1,1,0
Irya Baria,1,1,0
Irya Bera,1,1,0
Irya Bora,1,1,0
Irya Buch,1,1,0
Irya Chander,1,1,1
Irya Dar,1,1,0
Irya Dara,1,1,0
Irya Devan,1,1,3
Irya Dube,1,1,0
Irya Dugar,1,1,0
Irya Garde,1,1,0
Irya Goda,1,1,0
Irya Goswami,1,1,0
Irya Guha,1,1,1
Irya Kala,2,2,1
Irya Kaur,1,1,0
Irya Khosla,1,1,0
Irya Kunda,1,1,0
Irya Kurian,1,1,0
Irya Lala,2,2,0
Irya Madan,1,1,0
Irya Mander,1,1,0
Irya Misra,1,1,0
Irya Rajan,1,1,0
Irya Raju,2,2,0
Irya Rao,1,1,0
Irya Rattan,1,1,0
Irya Rout,1,1,0
Irya Sami,1,1,0
Irya Sandhu,1,1,0
Irya Sankar,1,1,1
Irya Sastry,1,1,0
Irya Sethi,1,1,1
Irya Setty,1,1,0
Irya Sibal,1,1,0
Irya Subramaniam,1,1,0
Irya Thakkar,1,1,0
Irya Vasa,1,1,0
Irya Warrior,1,1,1
Irya Yadav,1,1,0
Isaac Ahuja,1,1,0
Isaac Arora,1,1,1
Isaac Bhakta,1,1,0
Isaac Bhalla,1,1,0
Isaac Bhasin,1,1,0
Isaac Bobal,1,1,0
Isaac Bora,1,1,0
Isaac Borah,1,1,0
Isaac Buch,2,2,1
Isaac Butala,1,1,0
Isaac Chacko,1,1,0
Isaac Chada,1,1,0
Isaac Chandran,1,1,0
Isaac Chokshi,1,1,0
Isaac De,1,1,0
Isaac Dhar,1,1,0
Isaac Doctor,1,1,0
Isaac Gara,1,1,0
Isaac Goswami,1,1,0
Isaac Hans,1,1,0
Isaac Joshi,1,1,0
Isaac Kapur,1,1,0
Isaac Keer,1,1,0
Isaac Koshy,1,1,0
Isaac Kulkarni,1,1,1
Isaac Kumar,1,1,0
Isaac Lal,1,1,0
Isaac Lala,1,1,0
Isaac Lalla,1,1,1
Isaac Malhotra,1,1,0
Isaac Murty,1,1,0
Isaac Nadig,1,1,0
Isaac Narasimhan,1,1,1
Isaac Natt,1,1,0
Isaac Nayak,1,1,0
Isaac Palan,1,1,0
Isaac Pau,1,1,0
Isaac Rajagopal,1,1,0
Isaac Ram,1,1,0
Isaac Rao,1,1,0
Isaac Rau,1,1,0
Isaac Ravi,1,1,0
Isaac Sagar,1,1,0
Isaac Samra,1,1,0
Isaac Sane,1,1,1
Isaac Saran,1,1,0
Isaac Sen,1,1,0
Isaac Sethi,1,1,0
Isaac Shroff,1,1,0
Isaac Sibal,1,1,0
Isaac Sunder,1,1,0
Isaac Zachariah,1,1,0
Isaiah Barman,1,1,0
Isaiah Bedi,1,1,0
Isaiah Bora,2,2,0
Isaiah Chacko,1,1,0
Isaiah Chad,1,1,0
Isaiah Choudhary,1,1,0
Isaiah Dhar,1,1,0
Isaiah Dua,1,1,0
Isaiah Dugar,1,1,0
Isaiah Gera,1,1,0
Isaiah Golla,1,1,0
Isaiah Goswami,2,2,0
Isaiah Handa,1,1,0
Isaiah Kalla,1,1,0
Isaiah Krishnan,1,1,0
Isaiah Lad,2,2,0
Isaiah Lal,1,1,1
Isaiah Loyal,2,2,0
Isaiah Mander,1,1,0
Isaiah Mangat,1,1,0
Isaiah Merchant,1,1,0
Isaiah Narayan,1,1,0
Isaiah Nigam,1,1,0
Isaiah Patla,1,1,0
Isaiah Rana,1,1,0
Isaiah Randhawa,1,1,0
Isaiah Sama,1,1,0
Isaiah Sandhu,1,1,1
Isaiah Sani,1,1,0
Isaiah Sarkar,1,1,0
Isaiah Sengupta,1,1,0
Isaiah Srinivasan,1,1,0
Isaiah Subramaniam,1,1,0
Isaiah Sundaram,1,1,0
Isaiah Suresh,1,1,0
Isaiah Varma,1,1,0
Isaiah Vasa,1,1,0
Isaiah Vyas,1,1,0
Isha Bal,1,1,2
Isha Bawa,1,1,0
Isha Ben,1,1,0
Isha Bhakta,2,2,0
Isha Bhasin,1,1,0
Isha Bhattacharyya,1,1,0
Isha Chaudry,1,1,0
Isha Dayal,1,1,1
Isha Dugal,1,1,0
Isha Gade,1,1,0
Isha Ganguly,1,1,0
Isha Goda,1,1,0
Isha Golla,1,1,0
Isha Gupta,1,1,0
Isha Hora,1,1,0
Isha Jain,1,1,0
Isha Jani,1,1,0
Isha Kalita,1,1,0
Isha Kannan,1,1,0
Isha Kaur,1,1,0
Isha Khosla,1,1,1
Isha Khurana,1,1,0
Isha Krishnan,1,1,0
Isha Maharaj,1,1,0
Isha Nagarajan,1,1,0
Isha Oza,1,1,0
Isha Patil,1,1,0
Isha Prabhakar,1,1,0
Isha Prashad,1,1,0
Isha Rao,1,1,0
Isha Ratti,1,1,0
Isha Rege,2,2,0
Isha Sharma,1,1,0
Isha Thakur,1,1,1
Isha Viswanathan,1,1,1
Isha Vora,1,1,0
Isha Wason,1,1,0
Isha Zacharia,1,1,0
Ishaan Atwal,1,1,0
Ishaan Balay,1,1,0
Ishaan Barman,1,1,0
Ishaan Batta,1,1,0
Ishaan Bhalla,1,1,0
Ishaan Bose,1,1,0
Ishaan Chakrabarti,1,1,0
Ishaan Char,2,2,0
Ishaan Chaudhary,1,1,0
Ishaan Date,1,1,0
Ishaan Deshpande,2,2,0
Ishaan Dhar,2,2,0
Ishaan Din,1,1,0
Ishaan Dora,1,1,0
Ishaan Dugal,1,1,0
Ishaan Edwin,1,1,0
Ishaan Garde,1,1,0
Ishaan Garg,1,1,0
Ishaan Golla,1,1,0
Ishaan Handa,1,1,0
Ishaan Iyer,1,1,0
Ishaan Kala,1,1,0
Ishaan Kata,1,1,0
Ishaan Kibe,1,1,1
Ishaan Konda,1,1,1
Ishaan Korpal,1,1,0
Ishaan Krishnan,1,1,0
Ishaan Lal,1,1,0
Ishaan Mammen,1,1,0
Ishaan Mangat,1,1,0
Ishaan Manne,1,1,0
Ishaan Munshi,1,1,0
Ishaan Murty,1,1,0
Ishaan Nanda,1,1,0
Ishaan Narayan,1,1,0
Ishaan Nori,1,1,0
Ishaan Pathak,1,1,0
Ishaan Patla,1,1,0
Ishaan Raju,1,1,0
Ishaan Ratta,1,1,0
Ishaan Ray,1,1,0
Ishaan Rege,1,1,0
Ishaan Samra,1,1,0
Ishaan Sant,1,1,0
Ishaan Sathe,1,1,0
Ishaan Solanki,1,1,0
Ishaan Tripathi,1,1,0
Ishaan Upadhyay,1,1,0
Ishaan Vaidya,1,1,0
Ishaan Venkatesh,1,1,0
Ishaan Warrior,1,1,0
Ishani Anand,1,1,0
Ishani Atwal,1,1,1
Ishani Bahri,1,1,0
Ishani Bains,1,1,0
Ishani Baral,1,1,0
Ishani Batra,1,1,0
Ishani Bhasin,1,1,0
Ishani Bhatia,1,1,0
Ishani Boase,1,1,0
Ishani Borde,1,1,1
Ishani Brahmbhatt,1,1,0
Ishani Butala,1,1,0
Ishani Chanda,1,1,0
Ishani Dass,1,1,0
Ishani Deep,1,1,1
Ishani Deol,1,1,0
Ishani Ghosh,1,1,0
Ishani Gopal,1,1,0
Ishani Kadakia,1,1,0
Ishani Kohli,1,1,0
Ishani Lall,1,1,0
Ishani Lanka,1,1,0
Ishani Lata,1,1,0
Ishani Magar,1,1,0
Ishani Mitra,1,1,0
Ishani Nanda,1,1,0
Ishani Pandit,1,1,0
Ishani Patla,1,1,1
Ishani Ranganathan,1,1,0
Ishani Sampath,1,1,0
Ishani Sankar,1,1,1
Ishani Sarraf,1,1,0
Ishani Sekhon,1,1,0
Ishani Sha,1,1,0
Ishani Shenoy,1,1,0
Ishani Sunder,1,1,0
Ishani Sur,1,1,1
Ishani Varghese,1,1,0
Ishani Venkatesh,1,1,0
Ishani Yadav,1,1,1
Ishanvi Agate,1,1,1
Ishanvi Arora,1,1,0
Ishanvi Bali,1,1,0
Ishanvi Bansal,1,1,0
Ishanvi Baral,1,1,0
Ishanvi Bath,1,1,0
Ishanvi Batra,1,1,0
Ishanvi Chacko,1,1,0
Ishanvi Chadha,1,1,0
Ishanvi Chaudhuri,2,2,0
Ishanvi Chauhan,1,1,1
Ishanvi Dada,1,1,0
Ishanvi Dass,1,1,1
Ishanvi Date,1,1,0
Ishanvi De,1,1,0
Ishanvi Dora,1,1,0
Ishanvi Gaba,1,1,0
Ishanvi Gala,1,1,0
Ishanvi Golla,1,1,1
Ishanvi Hans,1,1,0
Ishanvi Hari,1,1,1
Ishanvi Iyengar,1,1,1
Ishanvi Johal,1,1,0
Ishanvi Kalita,1,1,0
Ishanvi Kamdar,2,2,0
Ishanvi Karpe,1,1,0
Ishanvi Khurana,1,1,0
Ishanvi Lad,1,1,0
Ishanvi Lall,1,1,0
Ishanvi Manda,1,1,0
Ishanvi Mann,1,1,0
Ishanvi Mukherjee,1,1,0
Ishanvi Narain,1,1,0
Ishanvi Patel,1,1,0
Ishanvi Rajagopal,1,1,0
Ishanvi Ram,1,1,1
Ishanvi Rama,1,1,0
Ishanvi Ramanathan,2,2,0
Ishanvi Ratti,1,1,0
Ishanvi Saini,1,1,0
Ishanvi Samra,1,1,0
Ishanvi Sarkar,1,1,0
Ishanvi Sarraf,1,1,0
Ishanvi Sastry,1,1,0
Ishanvi Savant,1,1,0
Ishanvi Shukla,1,1,0
Ishanvi Sibal,1,1,0
Ishanvi Som,1,1,0
Ishanvi Varty,1,1,0
Ishanvi Wable,1,1,0
Ishanvi Yohannan,1,1,0
Ishita Acharya,1,1,0
Ishita Agate,1,1,0
Ishita Anand,1,1,0
Ishita Arora,2,2,0
Ishita Atwal,1,1,1
Ishita Bandi,1,1,0
Ishita Batta,1,1,0
Ishita Bedi,1,1,0
Ishita Bobal,1,1,0
Ishita Borra,1,1,0
Ishita Bumb,1,1,0
Ishita Chakrabarti,1,1,0
Ishita Chaudhuri,1,1,0
Ishita Dora,1,1,0
Ishita Gole,1,1,0
Ishita Jayaraman,1,1,0
Ishita Joshi,1,1,0
Ishita Kade,1,1,0
Ishita Kaur,1,1,0
Ishita Kohli,1,1,1
Ishita Kumer,2,2,0
Ishita Lalla,1,1,0
Ishita Loke,1,1,0
Ishita Malhotra,2,2,0
Ishita Mand,1,1,1
Ishita Mander,1,1,0
Ishita Mane,1,1,1
Ishita Merchant,1,1,0
Ishita Morar,1,1,0
Ishita Naik,1,1,0
Ishita Narayanan,1,1,0
Ishita Nazareth,1,1,1
Ishita Nigam,1,1,0
Ishita Oak,1,1,0
Ishita Om,1,1,0
Ishita Palan,1,1,0
Ishita Pandit,1,1,0
Ishita Patel,1,1,0
Ishita Peri,1,1,0
Ishita Roy,1,1,0
Ishita Sabharwal,1,1,0
Ishita Shere,1,1,0
Ishita Sidhu,1,1,1
Ishita Soni,1,1,2
Ishita Srinivasan,1,1,0
Ishita Tella,1,1,0
Ishita Toor,1,1,0
Ishita Uppal,1,1,0
Ishita Vala,1,1,0
Ishita Varughese,1,1,0
Ishita Verma,1,1,0
Ishita Wali,1,1,0
Ishita Yogi,1,1,0
Ishwar Bahri,1,1,0
Ishwar Bajaj,1,1,0
Ishwar Bassi,1,1,0
Ishwar Bava,1,1,0
Ishwar Bhalla,1,1,0
Ishwar Bhargava,1,1,0
Ishwar Bhatnagar,1,1,0
Ishwar Contractor,1,1,0
Ishwar Dada,1,1,0
Ishwar Dash,1,1,0
Ishwar Deo,1,1,0
Ishwar Garg,1,1,0
Ishwar Ghose,1,1,0
Ishwar Kaul,1,1,0
Ishwar Lad,1,1,0
Ishwar Luthra,1,1,0
Ishwar Mand,1,1,0
Ishwar Mangat,1,1,0
Ishwar Mishra,1,1,0
Ishwar Mody,1,1,0
Ishwar Morar,1,1,0
Ishwar Mukhopadhyay,1,1,0
Ishwar Naik,1,1,1
Ishwar Parmar,1,1,0
Ishwar Pathak,1,1,0
Ishwar Pau,2,2,0
Ishwar Pingle,1,1,0
Ishwar Ramachandran,1,1,0
Ishwar Saini,1,1,0
Ishwar Saran,1,1,0
Ishwar Shankar,1,1,0
Ishwar Sood,1,1,0
Ishwar Srinivas,1,1,0
Ishwar Sundaram,1,1,0
Ishwar Suresh,1,1,1
Ishwar Tella,1,1,0
Ishwar Thaman,1,1,0
Ishwar Tiwari,2,2,0
Ishwar Uppal,1,1,0
Ishwar Varkey,1,1,0
Jack Agrawal,1,1,1
Jack Balakrishnan,1,1,0
Jack Baral,1,1,0
Jack Bhakta,1,1,0
Jack Bhalla,1,1,0
Jack Bhattacharyya,1,1,0
Jack Chacko,1,1,0
Jack Chander,1,1,0
Jack Chaudhuri,2,2,0
Jack Chhabra,1,1,0
Jack Choudhry,1,1,0
Jack Dass,1,1,0
Jack Datta,1,1,0
Jack Dave,1,1,0
Jack Deo,1,1,0
Jack Deshmukh,1,1,0
Jack Dugar,2,2,0
Jack Ghose,1,1,0
Jack Jani,1,1,0
Jack Kalla,1,1,0
Jack Karnik,1,1,0
Jack Kibe,1,1,0
Jack Krish,1,1,0
Jack Kumar,1,1,0
Jack Lad,1,1,1
Jack Majumdar,1,1,0
Jack Manda,1,1,0
Jack Mani,1,1,0
Jack More,1,1,0
Jack Mukherjee,1,1,0
Jack Natt,1,1,0
Jack Nigam,1,1,0
Jack Palla,2,2,0
Jack Ramachandran,1,1,0
Jack Rastogi,1,1,0
Jack Rattan,1,1,0
Jack Rege,1,1,0
Jack Sani,1,1,0
Jack Savant,1,1,0
Jack Shukla,1,1,0
Jack Sibal,1,1,0
Jack Som,1,1,0
Jack Soni,1,1,0
Jack Sood,1,1,0
Jack Swaminathan,1,1,0
Jack Tank,1,1,0
Jack Vora,1,1,0
Jack Wali,1,1,0
Jack Wason,1,1,0
Jackson Arya,1,1,0
Jackson Babu,1,1,0
Jackson Badal,1,1,0
Jackson Balasubramanian,1,1,0
Jackson Barad,2,2,0
Jackson Chanda,1,1,0
Jackson Chatterjee,1,1,0
Jackson Chaudhuri,1,1,0
Jackson Cherian,1,1,0
Jackson Choudhury,1,1,0
Jackson Dara,1,1,0
Jackson Dass,1,1,0
Jackson Date,1,1,0
Jackson De,1,1,0
Jackson Devan,1,1,1
Jackson Edwin,1,1,1
Jackson Gera,1,1,0
Jackson Gokhale,1,1,0
Jackson Hora,1,1,0
Jackson Kade,1,1,0
Jackson Kalla,1,1,0
Jackson Karan,1,1,0
Jackson Khosla,1,1,0
Jackson Krishna,1,1,0
Jackson Lad,1,1,0
Jackson Madan,1,1,0
Jackson Mahal,1,1,1
Jackson Malhotra,1,1,0
Jackson Mani,3,3,0
Jackson Master,1,1,0
Jackson Merchant,1,1,0
Jackson Mittal,1,1,0
Jackson Mody,1,1,0
Jackson Natarajan,1,1,0
Jackson Oak,1,1,0
Jackson Parekh,1,1,0
Jackson Pillai,1,1,0
Jackson Pradhan,1,1,0
Jackson Ramachandran,1,1,0
Jackson Sanghvi,1,1,0
Jackson Sankaran,1,1,0
Jackson Sarna,1,1,0
Jackson Sathe,1,1,0
Jackson Saxena,1,1,0
Jackson Solanki,1,1,0
Jackson Srinivasan,1,1,0
Jackson Sundaram,1,1,0
Jacob Bajwa,1,1,0
Jacob Barad,2,2,0
Jacob Bava,1,1,0
Jacob Behl,1,1,0
Jacob Bhagat,1,1,0
Jacob Buch,1,1,0
Jacob Bumb,1,1,0
Jacob Chawla,1,1,0
Jacob Choudhury,1,1,0
Jacob Chowdhury,1,1,0
Jacob Dalal,1,1,0
Jacob Dasgupta,1,1,0
Jacob Dash,1,1,0
Jacob Deo,1,1,0
Jacob Gade,1,1,1
Jacob Gala,1,1,0
Jacob Ganesh,1,1,0
Jacob Gill,1,1,0
Jacob Goel,1,1,0
Jacob Gopal,1,1,0
Jacob Jha,1,1,0
Jacob Kadakia,1,1,0
Jacob Kala,1,1,0
Jacob Kale,1,1,0
Jacob Keer,1,1,0
Jacob Krishna,1,1,0
Jacob Kumer,1,1,0
Jacob Lal,1,1,0
Jacob Mangat,1,1,0
Jacob Mann,1,1,0
Jacob Minhas,1,1,0
Jacob Mitra,1,1,0
Jacob Mutti,1,1,0
Jacob Nadig,1,1,0
Jacob Narayan,1,1,0
Jacob Nayak,1,1,0
Jacob Prabhu,1,1,0
Jacob Ravel,1,1,0
Jacob Sama,1,1,0
Jacob Sandhu,1,1,0
Jacob Sant,1,1,0
Jacob Saraf,1,1,0
Jacob Sarkar,1,1,0
Jacob Sarna,1,1,0
Jacob Tara,1,1,0
Jacob Thaman,1,1,0
Jacob Tripathi,1,1,0
Jacob Varghese,1,1,0
Jacob Wadhwa,1,1,0
Jacob Wali,1,1,0
Jagat Anne,1,1,0
Jagat Apte,1,1,0
Jagat Bhalla,1,1,0
Jagat Bhasin,1,1,0
Jagat Chacko,1,1,0
Jagat Chahal,1,1,1
Jagat Chandra,1,1,1
Jagat Comar,1,1,0
Jagat Dara,1,1,0
Jagat Date,1,1,0
Jagat Deep,1,1,0
Jagat Deol,1,1,0
Jagat Dey,2,2,0
Jagat Divan,1,1,0
Jagat Dora,1,1,0
Jagat Dutta,1,1,0
Jagat Grover,1,1,0
Jagat Hans,1,1,0
Jagat Hora,1,1,0
Jagat Jha,1,1,0
Jagat Kala,1,1,0
Jagat Kaul,1,1,0
Jagat Khanna,1,1,0
Jagat Kohli,1,1,0
Jagat Kota,1,1,0
Jagat Krishnan,1,1,1
Jagat Kumar,1,1,0
Jagat Kunda,2,2,0
Jagat Lalla,1,1,0
Jagat Mannan,1,1,0
Jagat Minhas,1,1,0
Jagat More,1,1,0
Jagat Murty,1,1,0
Jagat Pathak,1,1,1
Jagat Patla,1,1,0
Jagat Raghavan,1,1,0
Jagat Ramesh,1,1,0
Jagat Rana,1,1,0
Jagat Randhawa,1,1,0
Jagat Rege,1,1,0
Jagat Sani,1,1,0
Jagat Sarkar,1,1,0
Jagat Sekhon,1,1,0
Jagat Srinivas,1,1,0
Jagat Subramaniam,1,1,0
Jagat Tak,1,1,0
Jagat Wali,1,1,0
Jagat Yogi,1,1,0
Jagdish Aurora,1,1,0
Jagdish Bahl,1,1,0
Jagdish Bal,1,1,0
Jagdish Balasubramanian,1,1,0
Jagdish Batta,2,2,0
Jagdish Behl,1,1,0
Jagdish Bhatti,1,1,0
Jagdish Chakraborty,1,1,0
Jagdish Chand,2,2,0
Jagdish Char,1,1,0
Jagdish Chauhan,1,1,0
Jagdish Cheema,1,1,0
Jagdish Dara,2,2,0
Jagdish Dhingra,1,1,1
Jagdish Dugal,1,1,0
Jagdish Ganesh,1,1,0
Jagdish Kapoor,1,1,0
Jagdish Kara,1,1,0
Jagdish Kaul,1,1,0
Jagdish Khanna,1,1,0
Jagdish Krishna,1,1,1
Jagdish Kumer,1,1,0
Jagdish Kurian,1,1,0
Jagdish Menon,1,1,0
Jagdish More,1,1,0
Jagdish Pandey,1,1,0
Jagdish Patil,2,2,0
Jagdish Ramakrishnan,1,1,0
Jagdish Sandhu,1,1,1
Jagdish Seth,1,1,0
Jagdish Sibal,1,1,0
Jagdish Sinha,1,1,1
Jagdish Soman,1,1,0
Jagdish Srinivas,1,1,0
Jagdish Suresh,1,1,0
Jagdish Tailor,1,1,0
Jagdish Tella,1,1,0
Jagdish Toor,1,1,0
Jagdish Vaidya,1,1,0
Jagdish Wali,1,1,0
Jagdish Yadav,1,1,0
Jagdish Zacharia,1,1,0
Jagrati Bath,1,1,0
Jagrati Bhakta,1,1,0
Jagrati Borde,1,1,0
Jagrati Chacko,1,1,0
Jagrati Chahal,1,1,0
Jagrati Chana,1,1,0
Jagrati Char,1,1,0
Jagrati Deo,1,1,0
Jagrati Dhar,1,1,0
Jagrati Dube,1,1,0
Jagrati Ganesan,1,1,0
Jagrati Grover,1,1,0
Jagrati Hayer,1,1,0
Jagrati Hora,1,1,0
Jagrati Kalla,1,1,0
Jagrati Krishnan,1,1,0
Jagrati Lalla,1,1,0
Jagrati Lata,1,1,0
Jagrati Luthra,1,1,1
Jagrati Maharaj,1,1,0
Jagrati Majumdar,1,1,0
Jagrati Mangat,1,1,0
Jagrati Murthy,1,1,0
Jagrati Nair,1,1,0
Jagrati Natarajan,1,1,0
Jagrati Pathak,1,1,0
Jagrati Ramakrishnan,2,2,0
Jagrati Rao,1,1,1
Jagrati Rege,1,1,0
Jagrati Sabharwal,1,1,0
Jagrati Sandhu,1,1,0
Jagrati Saran,1,1,0
Jagrati Shenoy,1,1,0
Jagrati Sibal,1,1,0
Jagrati Som,1,1,0
Jagrati Sunder,1,1,0
Jagrati Varkey,2,2,0
Jagrati Wali,1,1,0
Jagvi Agrawal,1,1,0
Jagvi Amble,1,1,0
Jagvi Bains,1,1,0
Jagvi Bala,1,1,0
Jagvi Balakrishnan,1,1,0
Jagvi Bansal,1,1,0
Jagvi Bora,1,1,0
Jagvi Chandra,1,1,0
Jagvi Chaudhary,1,1,0
Jagvi Chaudhuri,2,2,0
Jagvi Chawla,1,1,0
Jagvi Chopra,1,1,0
Jagvi Dara,1,1,0
Jagvi Dayal,1,1,0
Jagvi Din,1,1,0
Jagvi Iyengar,1,1,1
Jagvi Kakar,1,1,0
Jagvi Kalla,1,1,0
Jagvi Korpal,1,1,0
Jagvi Kunda,1,1,0
Jagvi Lanka,1,1,0
Jagvi Lata,1,1,0
Jagvi Mitra,1,1,0
Jagvi Mukhopadhyay,1,1,0
Jagvi Mutti,1,1,0
Jagvi Nagi,1,1,0
Jagvi Oza,1,1,0
Jagvi Patel,1,1,0
Jagvi Patla,1,1,0
Jagvi Rau,1,1,0
Jagvi Sani,1,1,0
Jagvi Sastry,1,1,1
Jagvi Sawhney,1,1,0
Jagvi Soni,1,1,1
Jagvi Sood,1,1,0
Jagvi Swamy,1,1,0
Jagvi Tailor,1,1,0
Jagvi Thaker,1,1,0
Jagvi Tripathi,1,1,0
Jagvi Vyas,1,1,0
Jagvi Walla,1,1,1
Jai Ahuja,1,1,0
Jai Arya,1,1,0
Jai Baria,1,1,0
Jai Barman,1,1,0
Jai Bhandari,1,1,0
Jai Bhatnagar,1,1,0
Jai Chaudry,1,1,0
Jai Chopra,1,1,0
Jai Dhawan,1,1,1
Jai Dua,1,1,0
Jai Dubey,1,1,1
Jai Dugar,1,1,0
Jai Gade,1,1,0
Jai Ganesh,1,1,0
Jai Gopal,1,1,0
Jai Hans,1,1,0
Jai Iyer,1,1,0
Jai Kibe,1,1,0
Jai Kumar,1,1,0
Jai Lala,1,1,1
Jai Majumdar,2,2,0
Jai Mannan,1,1,0
Jai Mittal,1,1,0
Jai Mitter,1,1,0
Jai Narang,1,1,0
Jai Palla,1,1,0
Jai Patla,1,1,0
Jai Pau,1,1,0
Jai Rama,1,1,0
Jai Ratta,1,1,0
Jai Rattan,1,1,0
Jai Roy,1,1,0
Jai Shukla,1,1,0
Jai Singh,1,1,0
Jai Som,1,1,0
Jai Soman,1,1,0
Jai Srinivasan,1,1,0
Jai Vala,1,1,0
Jai Varkey,1,1,0
Jai Varty,1,1,0
Jairaj Bains,1,1,0
Jairaj Bala,1,1,0
Jairaj Banik,1,1,0
Jairaj Barad,1,1,0
Jairaj Basak,1,1,0
Jairaj Batta,1,1,0
Jairaj Bose,1,1,0
Jairaj Bumb,1,1,0
Jairaj Chakraborty,1,1,0
Jairaj Dash,1,1,0
Jairaj Dey,1,1,0
Jairaj Dhar,1,1,1
Jairaj Edwin,1,1,0
Jairaj Gopal,1,1,0
Jairaj Handa,1,1,0
Jairaj Hans,2,2,0
Jairaj Hayer,1,1,0
Jairaj Jaggi,1,1,0
Jairaj Kala,1,1,0
Jairaj Korpal,1,1,0
Jairaj Koshy,1,1,0
Jairaj Kothari,1,1,0
Jairaj Luthra,1,1,0
Jairaj Madan,1,1,0
Jairaj Mahajan,1,1,0
Jairaj Mandal,1,1,0
Jairaj Mander,1,1,0
Jairaj Mody,1,1,0
Jairaj Mohanty,1,1,0
Jairaj More,1,1,0
Jairaj Patla,1,1,0
Jairaj Puri,1,1,0
Jairaj Ramachandran,1,1,0
Jairaj Sankar,1,1,0
Jairaj Sen,1,1,0
Jairaj Soni,1,1,0
Jairaj Srinivasan,1,1,0
Jairaj Srivastava,1,1,0
Jairaj Tank,1,1,0
Jairaj Tella,1,1,0
Jairaj Thaman,1,1,0
Jairaj Yohannan,1,1,0
Jalsa Bakshi,1,1,0
Jalsa Banerjee,1,1,0
Jalsa Bansal,1,1,0
Jalsa Barad,1,1,0
Jalsa Bose,1,1,0
Jalsa Chaudhary,1,1,0
Jalsa Dass,1,1,0
Jalsa Dutt,1,1,0
Jalsa Ganesh,1,1,0
Jalsa Jain,1,1,0
Jalsa Kala,2,2,0
Jalsa Kapadia,1,1,0
Jalsa Khanna,1,1,0
Jalsa Kohli,1,1,0
Jalsa Lall,1,1,0
Jalsa Madan,2,2,0
Jalsa Malhotra,1,1,0
Jalsa Mandal,1,1,0
Jalsa Mander,1,1,0
Jalsa Mangal,1,1,0
Jalsa Merchant,1,1,0
Jalsa Minhas,1,1,0
Jalsa Mukherjee,1,1,0
Jalsa Mutti,1,1,0
Jalsa Nath,1,1,0
Jalsa Om,1,1,0
Jalsa Palla,1,1,0
Jalsa Prabhu,1,1,0
Jalsa Prakash,1,1,0
Jalsa Prashad,1,1,0
Jalsa Radhakrishnan,1,1,0
Jalsa Rai,1,1,0
Jalsa Raj,1,1,0
Jalsa Ramesh,1,1,0
Jalsa Rao,1,1,0
Jalsa Sahota,1,1,0
Jalsa Salvi,1,1,0
Jalsa Sandal,1,1,0
Jalsa Sant,1,1,0
Jalsa Setty,1,1,1
Jalsa Taneja,1,1,0
Jalsa Varghese,1,1,0
Janaki Andra,1,1,0
Janaki Arora,2,2,0
Janaki Arya,1,1,0
Janaki Bajwa,1,1,0
Janaki Bakshi,1,1,0
Janaki Barad,1,1,0
Janaki Baria,1,1,0
Janaki Bassi,1,1,0
Janaki Bhatia,1,1,0
Janaki Bose,1,1,0
Janaki Chanda,1,1,0
Janaki Char,1,1,0
Janaki Dube,1,1,0
Janaki Garg,1,1,0
Janaki Golla,1,1,1
Janaki Guha,1,1,0
Janaki Hans,1,1,0
Janaki Kade,1,1,1
Janaki Kala,1,1,0
Janaki Kalita,1,1,0
Janaki Kar,1,1,0
Janaki Karan,1,1,0
Janaki Kata,1,1,0
Janaki Khanna,1,1,0
Janaki Kunda,1,1,0
Janaki Mandal,1,1,0
Janaki Mani,1,1,0
Janaki Manne,1,1,0
Janaki Nadkarni,1,1,0
Janaki Nagarajan,1,1,0
Janaki Narayanan,1,1,0
Janaki Natt,1,1,0
Janaki Parikh,1,1,0
Janaki Patla,2,2,0
Janaki Prashad,1,1,1
Janaki Raja,2,2,1
Janaki Rajagopalan,1,1,0
Janaki Ramanathan,1,1,0
Janaki Ramaswamy,1,1,1
Janaki Ravel,1,1,0
Janaki Sachdeva,1,1,0
Janaki Saini,1,1,0
Janaki Sarin,1,1,0
Janaki Sarkar,1,1,0
Janaki Saxena,1,1,0
Janaki Solanki,1,1,0
Janaki Sood,1,1,1
Janaki Srinivasan,1,1,0
Janaki Sule,1,1,0
Janaki Swamy,1,1,0
Janaki Talwar,1,1,0
Janaki Taneja,1,1,0
Janaki Varghese,1,1,0
Janaki Wadhwa,1,1,0
Janani Agarwal,1,1,0
Janani Anand,1,1,0
Janani Apte,1,1,0
Janani Bahri,1,1,0
Janani Batra,1,1,0
Janani Bhatti,1,1,0
Janani Bhavsar,1,1,0
Janani Brar,1,1,0
Janani Chatterjee,1,1,1
Janani Cherian,1,1,1
Janani Choudhry,1,1,0
Janani Dewan,1,1,0
Janani D’Alia,1,1,0
Janani Gade,1,1,0
Janani Ganesan,1,1,0
Janani Gole,1,1,0
Janani Guha,1,1,0
Janani Hegde,1,1,0
Janani Hora,1,1,0
Janani Johal,1,1,0
Janani Khurana,1,1,0
Janani Krishnamurthy,1,1,0
Janani Lala,1,1,0
Janani Maharaj,1,1,0
Janani Mammen,1,1,0
Janani Mand,1,1,0
Janani Mani,1,1,0
Janani Misra,1,1,0
Janani Morar,1,1,0
Janani Nadig,1,1,0
Janani Oza,2,2,0
Janani Pau,1,1,0
Janani Puri,1,1,0
Janani Ranganathan,1,1,0
Janani Rau,1,1,1
Janani Sangha,1,1,0
Janani Saran,1,1,0
Janani Sarraf,1,1,0
Janani Savant,1,1,0
Janani Seshadri,1,1,0
Janani Sethi,1,1,0
Janani Srinivasan,1,1,0
Janani Tank,1,1,0
Janani Toor,1,1,0
Janani Venkatesh,1,1,0
Janani Vohra,1,1,0
Janani Wable,1,1,0
Januja Bal,1,1,0
Januja Bandi,1,1,1
Januja Behl,1,1,0
Januja Bera,1,1,1
Januja Bhavsar,1,1,0
Januja Buch,1,1,0
Januja Chakraborty,1,1,0
Januja Chopra,1,1,0
Januja Choudhury,1,1,0
Januja Dar,1,1,0
Januja De,1,1,0
Januja Dixit,1,1,0
Januja Doctor,1,1,0
Januja Dora,1,1,0
Januja Ganesan,1,1,0
Januja Guha,1,1,0
Januja Gulati,1,1,0
Januja Kaur,1,1,0
Januja Lad,1,1,1
Januja Loyal,1,1,0
Januja Magar,1,1,1
Januja Malhotra,1,1,0
Januja Mammen,1,1,0
Januja Mani,1,1,0
Januja Mishra,1,1,0
Januja Mukhopadhyay,1,1,0
Januja Narasimhan,1,1,0
Januja Narayan,1,1,0
Januja Padmanabhan,1,1,0
Januja Pandey,1,1,0
Januja Patil,1,1,1
Januja Rai,1,1,0
Januja Ravel,1,1,0
Januja Ray,1,1,0
Januja Saini,1,1,0
Januja Sama,1,1,0
Januja Saran,1,1,0
Januja Seshadri,1,1,0
Januja Shan,1,1,0
Januja Shankar,1,1,0
Januja Shroff,1,1,0
Januja Tella,1,1,0
Januja Thaman,1,1,0
Januja Upadhyay,1,1,0
Januja Wable,1,1,0
Janya Andra,1,1,0
Janya Bahri,1,1,1
Janya Bakshi,1,1,0
Janya Bansal,1,1,0
Janya Batra,1,1,0
Janya Bhattacharyya,1,1,0
Janya Bir,1,1,0
Janya Chatterjee,1,1,0
Janya Chaudry,1,1,1
Janya Chawla,1,1,0
Janya Dani,1,1,0
Janya Dara,1,1,0
Janya Dhar,1,1,0
Janya Dugar,2,2,0
Janya Ghose,1,1,0
Janya Goel,1,1,0
Janya Golla,1,1,0
Janya Hayer,1,1,0
Janya Hora,1,1,0
Janya Issac,1,1,0
Janya Kumar,1,1,0
Janya Mane,1,1,0
Janya Mishra,1,1,0
Janya Nath,1,1,0
Janya Reddy,1,1,0
Janya Sachar,1,1,0
Janya Sachdev,1,1,0
Janya Sahota,1,1,0
Janya Sami,1,1,0
Janya Sem,2,2,0
Janya Sura,1,1,0
Janya Swaminathan,1,1,0
Janya Tata,1,1,0
Janya Vasa,1,1,0
Janya Vora,1,1,0
Jasmit Aggarwal,1,1,0
Jasmit Arya,1,1,0
Jasmit Bahri,1,1,0
Jasmit Balay,1,1,0
Jasmit Barman,1,1,0
Jasmit Bhasin,1,1,0
Jasmit Buch,1,1,0
Jasmit Chand,1,1,0
Jasmit Char,1,1,0
Jasmit Deshmukh,1,1,0
Jasmit Doshi,1,1,0
Jasmit Gola,1,1,1
Jasmit Gole,1,1,1
Jasmit Issac,1,1,0
Jasmit Iyer,1,1,0
Jasmit Joshi,1,1,0
Jasmit Kalla,1,1,0
Jasmit Kota,1,1,0
Jasmit Mann,1,1,0
Jasmit Mannan,1,1,0
Jasmit Menon,1,1,1
Jasmit Mohanty,1,1,0
Jasmit Nagi,1,1,0
Jasmit Nair,1,1,0
Jasmit Nayar,1,1,0
Jasmit Nori,1,1,1
Jasmit Palla,2,2,0
Jasmit Pandey,1,1,0
Jasmit Parekh,1,1,0
Jasmit Ramanathan,1,1,0
Jasmit Sahota,1,1,0
Jasmit Sani,1,1,0
Jasmit Sekhon,1,1,0
Jasmit Sem,2,2,0
Jasmit Shenoy,1,1,0
Jasmit Sur,1,1,0
Jasmit Swamy,1,1,0
Jasmit Talwar,1,1,1
Jasmit Tank,1,1,0
Jasmit Wadhwa,1,1,0
Jason Ahluwalia,1,1,0
Jason Badal,1,1,0
Jason Balasubramanian,1,1,0
Jason Barad,2,2,1
Jason Brahmbhatt,1,1,0
Jason Chahal,1,1,0
Jason Chaudhari,1,1,0
Jason Chaudhry,1,1,0
Jason Dass,1,1,0
Jason Datta,1,1,0
Jason Dubey,2,2,0
Jason Gala,1,1,0
Jason Gandhi,1,1,1
Jason Gara,1,1,0
Jason Gopal,1,1,0
Jason Goyal,1,1,0
Jason Gulati,1,1,0
Jason Halder,1,1,1
Jason Jain,1,1,0
Jason Jhaveri,1,1,0
Jason Kara,1,1,0
Jason Karnik,1,1,0
Jason Kashyap,1,1,0
Jason Khare,1,1,0
Jason Krish,1,1,0
Jason Krishna,1,1,0
Jason Krishnan,1,1,0
Jason Lad,1,1,0
Jason Luthra,1,1,0
Jason Mandal,1,1,1
Jason Mistry,1,1,0
Jason Mittal,1,1,0
Jason Nadig,1,1,0
Jason Naik,1,1,1
Jason Panchal,1,1,0
Jason Prabhakar,1,1,0
Jason Ramesh,1,1,1
Jason Raval,1,1,0
Jason Ray,1,1,0
Jason Rout,1,1,0
Jason Savant,1,1,0
Jason Shetty,1,1,0
Jason Singh,1,1,0
Jason Thaman,1,1,0
Jason Varghese,1,1,0
Jason Verma,1,1,1
Jason Wadhwa,1,1,1
Jatin Acharya,2,2,1
Jatin Bala,1,1,0
Jatin Balasubramanian,2,2,0
Jatin Bansal,1,1,0
Jatin Barad,1,1,0
Jatin Boase,1,1,0
Jatin Borde,1,1,0
Jatin Buch,1,1,0
Jatin Chad,1,1,0
Jatin Chanda,1,1,0
Jatin Dar,1,1,1
Jatin Dasgupta,1,1,0
Jatin Date,1,1,0
Jatin Devan,1,1,0
Jatin Dey,1,1,0
Jatin Dubey,1,1,0
Jatin Dyal,1,1,0
Jatin Gera,1,1,0
Jatin Goda,1,1,0
Jatin Kanda,1,1,0
Jatin Karnik,1,1,0
Jatin Keer,2,2,0
Jatin Lad,1,1,0
Jatin Malhotra,1,1,0
Jatin Mall,1,1,0
Jatin Mitter,1,1,0
Jatin Mody,1,1,0
Jatin Narang,1,1,0
Jatin Narayanan,1,1,0
Jatin Pai,1,1,0
Jatin Pandey,1,1,0
Jatin Parmer,1,1,0
Jatin Pillay,1,1,0
Jatin Rao,1,1,0
Jatin Raval,1,1,1
Jatin Sani,1,1,0
Jatin Sastry,1,1,0
Jatin Sawhney,1,1,0
Jatin Sengupta,1,1,0
Jatin Sethi,1,1,0
Jatin Shankar,2,2,0
Jatin Sridhar,2,2,0
Jatin Swaminathan,1,1,0
Jatin Tank,1,1,0
Jatin Thaker,1,1,0
Jatin Uppal,1,1,1
Jatin Vaidya,2,2,0
Jatin Varma,1,1,0
Jatin Vora,2,2,1
Jatin Yadav,1,1,0
Jeet Bali,1,1,0
Jeet Basak,1,1,0
Jeet Brar,1,1,0
Jeet Butala,1,1,0
Jeet Chhabra,1,1,1
Jeet Choudhry,1,1,0
Jeet Chowdhury,1,1,0
Jeet Dayal,1,1,0
Jeet Desai,1,1,0
Jeet Dey,1,1,0
Jeet Dixit,1,1,0
Jeet Gade,1,1,0
Jeet Goel,1,1,1
Jeet Handa,1,1,0
Jeet Hora,1,1,0
Jeet Iyer,1,1,1
Jeet Jaggi,1,1,0
Jeet Jhaveri,1,1,0
Jeet Joshi,1,1,0
Jeet Kalla,1,1,0
Jeet Khare,1,1,0
Jeet Khurana,1,1,0
Jeet Mammen,1,1,0
Jeet Minhas,1,1,1
Jeet Nagar,1,1,0
Jeet Naik,1,1,0
Jeet Pant,1,1,0
Jeet Rajagopalan,1,1,1
Jeet Raval,1,1,1
Jeet Ravel,1,1,0
Jeet Rout,1,1,0
Jeet Salvi,1,1,1
Jeet Sampath,1,1,0
Jeet Savant,1,1,0
Jeet Seshadri,1,1,0
Jeet Setty,1,1,1
Jeet Sood,1,1,0
Jeet Srinivasan,1,1,0
Jeet Thaker,1,1,0
Jeet Thaman,1,1,0
Jeet Varughese,1,1,0
Jeet Venkatesh,1,1,0
Jeevika Bakshi,1,1,0
Jeevika Basak,1,1,0
Jeevika Bath,1,1,0
Jeevika Batta,1,1,0
Jeevika Bera,1,1,0
Jeevika Buch,1,1,1
Jeevika Chand,1,1,0
Jeevika Char,1,1,0
Jeevika Chawla,1,1,0
Jeevika Chowdhury,1,1,1
Jeevika Comar,1,1,1
Jeevika Deol,1,1,0
Jeevika Dora,1,1,0
Jeevika Dyal,1,1,0
Jeevika Gola,1,1,0
Jeevika Golla,1,1,0
Jeevika Jhaveri,1,1,0
Jeevika Kashyap,1,1,0
Jeevika Khalsa,1,1,0
Jeevika Kumar,2,2,2
Jeevika Kumer,1,1,1
Jeevika Kurian,1,1,0
Jeevika Loke,1,1,0
Jeevika Loyal,2,2,0
Jeevika Maharaj,1,1,0
Jeevika Malhotra,2,2,1
Jeevika Mall,1,1,0
Jeevika Manda,1,1,0
Jeevika Mane,1,1,0
Jeevika Mishra,1,1,0
Jeevika Mistry,1,1,0
Jeevika Mitter,1,1,1
Jeevika More,1,1,0
Jeevika Nagy,1,1,0
Jeevika Pall,1,1,0
Jeevika Panchal,1,1,0
Jeevika Patla,1,1,0
Jeevika Pau,1,1,0
Jeevika Prakash,3,3,1
Jeevika Raghavan,1,1,0
Jeevika Raj,1,1,0
Jeevika Rana,1,1,0
Jeevika Rao,1,1,0
Jeevika Ratti,1,1,0
Jeevika Ravi,1,1,0
Jeevika Sahni,1,1,0
Jeevika Sharma,1,1,0
Jeevika Sinha,1,1,1
Jeevika Swaminathan,1,1,0
Jeevika Thakkar,1,1,0
Jeevika Varma,1,1,1
Jeevika Wadhwa,1,1,0
Jeevika Wali,1,1,0
Jeevika Walia,1,1,0
Jeevika Walla,1,1,0
Jeremiah Andra,1,1,0
Jeremiah Babu,2,2,1
Jeremiah Bandi,1,1,0
Jeremiah Basak,1,1,0
Jeremiah Bhagat,1,1,0
Jeremiah Bhatti,1,1,0
Jeremiah Bumb,1,1,0
Jeremiah Chakraborty,1,1,0
Jeremiah Chand,1,1,0
Jeremiah Char,1,1,0
Jeremiah Chaudhry,1,1,0
Jeremiah Dada,1,1,0
Jeremiah Dara,1,1,0
Jeremiah Dash,1,1,0
Jeremiah Deep,1,1,0
Jeremiah Deshpande,1,1,0
Jeremiah Dhingra,1,1,0
Jeremiah Dixit,1,1,0
Jeremiah Doshi,1,1,0
Jeremiah Dube,1,1,0
Jeremiah Dugar,1,1,1
Jeremiah Gaba,1,1,0
Jeremiah Gandhi,1,1,0
Jeremiah Goyal,1,1,0
Jeremiah Joshi,1,1,0
Jeremiah Karnik,1,1,0
Jeremiah Mallick,1,1,0
Jeremiah Manda,1,1,0
Jeremiah Mangat,1,1,0
Jeremiah Mani,1,1,0
Jeremiah Mann,1,1,0
Jeremiah Mital,1,1,0
Jeremiah Mukhopadhyay,1,1,0
Jeremiah Nagar,1,1,0
Jeremiah Nagarajan,1,1,0
Jeremiah Nair,1,1,1
Jeremiah Narayanan,1,1,0
Jeremiah Pandya,1,1,1
Jeremiah Ramesh,1,1,0
Jeremiah Rastogi,1,1,1
Jeremiah Rege,1,1,1
Jeremiah Saha,1,1,0
Jeremiah Sangha,1,1,0
Jeremiah Sarraf,1,1,0
Jeremiah Sen,1,1,0
Jeremiah Seshadri,1,1,0
Jeremiah Singhal,1,1,0
Jeremiah Sinha,1,1,0
Jeremiah Sridhar,1,1,0
Jeremiah Srivastava,1,1,0
Jeremiah Tata,1,1,0
Jeremiah Vasa,1,1,0
Jeremiah Vig,2,2,0
Jeremiah Vyas,1,1,0
Jeremiah Walia,1,1,0
Jhalak Amble,1,1,0
Jhalak Bahl,1,1,1
Jhalak Bail,1,1,0
Jhalak Bhakta,1,1,0
Jhalak Bhasin,1,1,0
Jhalak Buch,1,1,0
Jhalak Chand,1,1,0
Jhalak Char,1,1,0
Jhalak Date,1,1,0
Jhalak Din,1,1,0
Jhalak Dyal,1,1,0
Jhalak Ganesan,1,1,0
Jhalak Gill,1,1,0
Jhalak Jha,1,1,0
Jhalak Joshi,1,1,0
Jhalak Kakar,1,1,0
Jhalak Karnik,1,1,0
Jhalak Kuruvilla,1,1,0
Jhalak Lala,1,1,0
Jhalak Lanka,1,1,0
Jhalak Mani,1,1,0
Jhalak Misra,1,1,0
Jhalak Mistry,1,1,0
Jhalak Morar,1,1,0
Jhalak Nadkarni,1,1,0
Jhalak Nanda,1,1,0
Jhalak Pal,1,1,0
Jhalak Palla,1,1,0
Jhalak Panchal,1,1,1
Jhalak Prashad,1,1,0
Jhalak Purohit,1,1,0
Jhalak Raghavan,1,1,0
Jhalak Rastogi,1,1,0
Jhalak Rege,1,1,0
Jhalak Rout,1,1,0
Jhalak Sethi,2,2,0
Jhalak Setty,2,2,0
Jhalak Sibal,1,1,0
Jhalak Sidhu,1,1,0
Jhalak Singh,1,1,0
Jhalak Solanki,1,1,0
Jhalak Srinivasan,1,1,0
Jhalak Tata,2,2,0
Jhalak Wable,1,1,0
Jhalak Yohannan,1,1,0
Jonathan Aggarwal,1,1,0
Jonathan Ahuja,1,1,0
Jonathan Anne,1,1,0
Jonathan Apte,1,1,0
Jonathan Bahl,1,1,2
Jonathan Baral,1,1,0
Jonathan Barman,1,1,0
Jonathan Bawa,1,1,0
Jonathan Bedi,1,1,0
Jonathan Bhasin,1,1,0
Jonathan Bhattacharyya,1,1,0
Jonathan Borah,1,1,0
Jonathan Chacko,1,1,0
Jonathan Chakrabarti,1,1,0
Jonathan Chhabra,1,1,0
Jonathan Deshpande,1,1,0
Jonathan Gala,1,1,0
Jonathan Gandhi,1,1,0
Jonathan Goyal,1,1,0
Jonathan Grover,1,1,0
Jonathan Kale,2,2,0
Jonathan Kari,1,1,0
Jonathan Kata,1,1,0
Jonathan Keer,1,1,0
Jonathan Koshy,2,2,0
Jonathan Krishnamurthy,1,1,0
Jonathan Kumer,1,1,0
Jonathan Kuruvilla,1,1,0
Jonathan Lanka,1,1,0
Jonathan Lata,1,1,0
Jonathan Mallick,1,1,1
Jonathan Mammen,1,1,0
Jonathan Mangal,1,1,0
Jonathan Mittal,1,1,0
Jonathan Naik,1,1,0
Jonathan Narayanan,1,1,0
Jonathan Narula,1,1,0
Jonathan Nath,1,1,0
Jonathan Palla,1,1,0
Jonathan Parmer,1,1,0
Jonathan Purohit,1,1,0
Jonathan Ram,1,1,0
Jonathan Rama,1,1,0
Jonathan Ratti,1,1,1
Jonathan Sandhu,1,1,0
Jonathan Sangha,1,1,0
Jonathan Sant,1,1,1
Jonathan Sawhney,1,1,0
Jonathan Saxena,1,1,0
Jonathan Sengupta,1,1,0
Jonathan Seshadri,2,2,0
Jonathan Sidhu,1,1,1
Jonathan Varma,1,1,0
Jonathan Wable,1,1,0
Jonathan Wali,1,1,0
Jonathan Yohannan,1,1,0
Joshua Ahuja,1,1,0
Joshua Atwal,1,1,0
Joshua Badal,1,1,0
Joshua Balasubramanian,1,1,0
Joshua Barad,1,1,0
Joshua Bhatt,1,1,0
Joshua Bhattacharyya,1,1,0
Joshua Bir,1,1,0
Joshua Borah,1,1,0
Joshua Borra,1,1,0
Joshua Brar,1,1,0
Joshua Buch,1,1,0
Joshua Butala,1,1,0
Joshua Chandran,1,1,0
Joshua Chatterjee,1,1,1
Joshua Cherian,1,1,0
Joshua Deshpande,1,1,0
Joshua Doctor,1,1,0
Joshua Dugar,1,1,0
Joshua Dutt,1,1,0
Joshua Gour,1,1,0
Joshua Kade,1,1,0
Joshua Kalita,1,1,0
Joshua Kapadia,1,1,0
Joshua Kar,1,1,1
Joshua Kashyap,1,1,1
Joshua Kata,1,1,0
Joshua Krishnamurthy,1,1,0
Joshua Lal,1,1,0
Joshua Lata,1,1,0
Joshua Mand,1,1,0
Joshua Mannan,1,1,0
Joshua Nanda,1,1,0
Joshua Patel,1,1,0
Joshua Sagar,1,1,0
Joshua Saini,1,1,0
Joshua Sha,1,1,0
Joshua Shan,1,1,1
Joshua Shanker,1,1,0
Joshua Solanki,1,1,0
Joshua Swamy,1,1,0
Joshua Tata,1,1,0
Joshua Thaman,1,1,0
Joshua Tiwari,1,1,0
Joshua Vala,1,1,1
Jyoti Babu,1,1,0
Jyoti Bakshi,1,1,0
Jyoti Bala,1,1,0
Jyoti Balan,1,1,0
Jyoti Bassi,1,1,0
Jyoti Bhakta,1,1,0
Jyoti Chaudhari,1,1,0
Jyoti Chaudhry,1,1,0
Jyoti Chokshi,1,1,0
Jyoti Das,1,1,0
Jyoti Devi,1,1,0
Jyoti Dhaliwal,2,2,1
Jyoti Gara,1,1,0
Jyoti Iyengar,1,1,0
Jyoti Iyer,1,1,0
Jyoti Khanna,1,1,0
Jyoti Lall,1,1,0
Jyoti Majumdar,1,1,0
Jyoti Mandal,1,1,0
Jyoti Mangat,1,1,0
Jyoti Menon,1,1,0
Jyoti Murthy,1,1,0
Jyoti Nadkarni,1,1,0
Jyoti Natt,1,1,0
Jyoti Pillai,1,1,0
Jyoti Pingle,1,1,0
Jyoti Rajagopalan,1,1,0
Jyoti Raju,1,1,0
Jyoti Sandhu,1,1,0
Jyoti Sane,1,1,0
Jyoti Uppal,1,1,0
Jyoti Varghese,1,1,0
Jyoti Vasa,1,1,0
Jyoti Wali,1,1,0
Jyoti Walla,1,1,1
Kabir Amble,1,1,0
Kabir Badal,1,1,0
Kabir Balay,1,1,0
Kabir Bath,1,1,0
Kabir Bawa,1,1,0
Kabir Bedi,2,2,0
Kabir Bhakta,2,2,0
Kabir Chaudhry,1,1,0
Kabir Chaudry,1,1,0
Kabir Chawla,1,1,0
Kabir Deo,1,1,0
Kabir Dhar,1,1,0
Kabir Dua,1,1,0
Kabir Dugal,1,1,1
Kabir Dutta,1,1,0
Kabir Gandhi,1,1,0
Kabir Ganguly,1,1,0
Kabir Goda,1,1,0
Kabir Gour,1,1,1
Kabir Iyengar,1,1,0
Kabir Jain,1,1,0
Kabir Lal,1,1,0
Kabir Lalla,1,1,1
Kabir Mistry,1,1,0
Kabir Mukherjee,1,1,0
Kabir Mukhopadhyay,1,1,0
Kabir Narain,1,1,0
Kabir Natt,1,1,0
Kabir Oza,1,1,0
Kabir Padmanabhan,1,1,0
Kabir Pal,1,1,0
Kabir Pandey,1,1,0
Kabir Patil,1,1,0
Kabir Patla,1,1,0
Kabir Peri,1,1,0
Kabir Rama,1,1,0
Kabir Rana,1,1,0
Kabir Sachdev,1,1,0
Kabir Sarraf,1,1,0
Kabir Saxena,1,1,0
Kabir Shan,1,1,0
Kabir Shenoy,1,1,0
Kabir Sule,1,1,0
Kabir Tara,1,1,0
Kabir Vala,1,1,0
Kabir Vig,1,1,0
Kai Ahluwalia,1,1,0
Kai Apte,1,1,0
Kai Banerjee,1,1,0
Kai Behl,1,1,0
Kai Bumb,1,1,0
Kai Chakraborty,1,1,0
Kai Chauhan,1,1,1
Kai Dalal,1,1,0
Kai Dara,1,1,0
Kai Dasgupta,1,1,0
Kai Devi,1,1,0
Kai Dey,1,1,1
Kai Divan,1,1,0
Kai Edwin,1,1,0
Kai Garg,1,1,0
Kai Gola,1,1,0
Kai Hayre,1,1,0
Kai Jayaraman,1,1,0
Kai Kala,1,1,1
Kai Krish,1,1,0
Kai Mahal,1,1,0
Kai Maharaj,2,2,0
Kai Mall,1,1,0
Kai Mand,1,1,0
Kai Mangat,1,1,0
Kai Mukherjee,1,1,0
Kai Naik,1,1,0
Kai Pal,1,1,0
Kai Parekh,1,1,0
Kai Pillay,1,1,0
Kai Ramanathan,1,1,0
Kai Ranganathan,1,1,0
Kai Ray,1,1,0
Kai Sengupta,2,2,0
Kai Seshadri,1,1,0
Kai Shanker,1,1,0
Kai Solanki,1,1,0
Kai Thaker,1,1,0
Kai Venkatesh,1,1,0
Kai Vora,1,1,0
Kai Vyas,1,1,0
Kala Bahri,1,1,0
Kala Bajaj,1,1,0
Kala Bali,1,1,0
Kala Bava,1,1,0
Kala Bhandari,1,1,0
Kala Chad,1,1,1
Kala Chadha,1,1,0
Kala Choudhary,1,1,0
Kala Dalal,1,1,0
Kala Dave,1,1,0
Kala Deol,1,1,0
Kala Devi,1,1,0
Kala Dhaliwal,1,1,0
Kala Dhar,1,1,0
Kala Dhingra,1,1,0
Kala Dyal,1,1,0
Kala D’Alia,1,1,0
Kala Ganesh,1,1,1
Kala Ghosh,1,1,1
Kala Goda,1,1,1
Kala Goel,1,1,0
Kala Hans,1,1,0
Kala Kanda,1,1,0
Kala Khare,2,2,0
Kala Kunda,1,1,0
Kala Lad,1,1,0
Kala Lalla,1,1,0
Kala Magar,1,1,0
Kala Misra,1,1,0
Kala Mital,1,1,0
Kala Mitter,1,1,0
Kala Munshi,1,1,0
Kala Murthy,1,1,0
Kala Nanda,1,1,0
Kala Narula,1,1,0
Kala Nath,1,1,0
Kala Palla,1,1,0
Kala Parmer,1,1,0
Kala Ratta,1,1,0
Kala Ravi,1,1,0
Kala Sama,1,1,0
Kala Sarkar,1,1,0
Kala Shroff,1,1,0
Kala Shukla,1,1,0
Kala Soni,1,1,0
Kala Srinivasan,1,1,0
Kala Tandon,1,1,0
Kala Tara,1,1,0
Kala Wagle,1,1,0
Kalpit Balasubramanian,1,1,1
Kalpit Banerjee,1,1,0
Kalpit Barman,1,1,0
Kalpit Bawa,1,1,0
Kalpit Bhandari,2,2,0
Kalpit Dada,1,1,0
Kalpit Dalal,1,1,0
Kalpit Deo,1,1,0
Kalpit Dewan,1,1,0
Kalpit Dhar,1,1,0
Kalpit Din,1,1,0
Kalpit Gara,1,1,0
Kalpit Garde,1,1,0
Kalpit Halder,1,1,0
Kalpit Kakar,1,1,0
Kalpit Karpe,1,1,0
Kalpit Khosla,1,1,0
Kalpit Lall,1,1,0
Kalpit Loke,1,1,0
Kalpit Magar,1,1,0
Kalpit Master,1,1,0
Kalpit Murthy,1,1,0
Kalpit Panchal,1,1,0
Kalpit Pandey,1,1,0
Kalpit Parikh,1,1,0
Kalpit Patel,1,1,0
Kalpit Ram,1,1,0
Kalpit Ratti,1,1,0
Kalpit Ravi,1,1,0
Kalpit Rege,1,1,0
Kalpit Sahni,1,1,0
Kalpit Sami,1,1,0
Kalpit Sani,1,1,0
Kalpit Sen,1,1,0
Kalpit Sethi,1,1,0
Kalpit Sheth,1,1,0
Kalpit Srinivas,1,1,0
Kalpit Tripathi,1,1,0
Kalpit Trivedi,1,1,0
Kalpit Vig,1,1,0
Kamala Ahuja,1,1,0
Kamala Basak,1,1,0
Kamala Borra,1,1,0
Kamala Char,1,1,1
Kamala Chaudhry,2,2,0
Kamala Choudhary,1,1,0
Kamala Comar,1,1,0
Kamala Dada,1,1,1
Kamala Dara,1,1,0
Kamala De,1,1,0
Kamala Deshpande,1,1,0
Kamala Edwin,1,1,0
Kamala Iyer,1,1,0
Kamala Joshi,1,1,1
Kamala Khosla,1,1,0
Kamala Kohli,1,1,0
Kamala Krish,1,1,0
Kamala Luthra,1,1,0
Kamala Magar,1,1,0
Kamala Mahal,1,1,0
Kamala Mann,1,1,0
Kamala Munshi,2,2,0
Kamala Oza,1,1,0
Kamala Pal,1,1,0
Kamala Palan,1,1,0
Kamala Pall,1,1,0
Kamala Pandey,1,1,0
Kamala Parikh,1,1,0
Kamala Parsa,1,1,0
Kamala Patel,1,1,0
Kamala Patla,1,1,0
Kamala Pingle,2,2,0
Kamala Ram,1,1,0
Kamala Rana,1,1,0
Kamala Sarma,1,1,0
Kamala Setty,1,1,0
Kamala Shere,1,1,0
Kamala Solanki,1,1,0
Kamala Subramanian,1,1,0
Kamala Tak,1,1,0
Kamala Thaker,1,1,0
Kamala Venkatesh,1,1,0
Kamala Viswanathan,1,1,0
Kamala Vohra,1,1,1
Kamya Agrawal,1,1,0
Kamya Andra,1,1,0
Kamya Bali,1,1,0
Kamya Banerjee,1,1,1
Kamya Banik,1,1,0
Kamya Barad,1,1,0
Kamya Baral,1,1,0
Kamya Barman,1,1,0
Kamya Bedi,2,2,0
Kamya Ben,1,1,0
Kamya Bhalla,1,1,0
Kamya Bhardwaj,1,1,0
Kamya Chatterjee,1,1,0
Kamya Chopra,1,1,0
Kamya Choudhry,1,1,0
Kamya Dash,1,1,0
Kamya Dubey,1,1,0
Kamya Dugal,1,1,0
Kamya Gade,1,1,1
Kamya Goyal,2,2,0
Kamya Jaggi,1,1,0
Kamya Lal,1,1,0
Kamya Mander,1,1,0
Kamya Misra,1,1,0
Kamya Mital,1,1,0
Kamya Mutti,1,1,0
Kamya Nagi,1,1,0
Kamya Nagy,1,1,1
Kamya Nair,1,1,0
Kamya Narasimhan,1,1,1
Kamya Ram,1,1,0
Kamya Rao,1,1,0
Kamya Sandhu,1,1,0
Kamya Sarkar,1,1,0
Kamya Shah,1,1,0
Kamya Talwar,1,1,1
Kamya Vasa,1,1,0
Kamya Viswanathan,1,1,0
Kamya Wadhwa,1,1,2
Kamya Wali,1,1,0
Kamya Yohannan,1,1,0
Karan Badal,1,1,0
Karan Bakshi,1,1,0
Karan Bala,1,1,1
Karan Balasubramanian,1,1,0
Karan Barman,1,1,0
Karan Bawa,1,1,0
Karan Bedi,1,1,0
Karan Bhatnagar,1,1,0
Karan Biswas,1,1,0
Karan Boase,1,1,0
Karan Brahmbhatt,1,1,0
Karan Brar,1,1,0
Karan Dara,2,2,0
Karan Dayal,1,1,1
Karan Doshi,1,1,0
Karan Dubey,1,1,0
Karan Ganesan,1,1,0
Karan Hans,1,1,0
Karan Kale,1,1,0
Karan Kalla,1,1,0
Karan Kari,1,1,0
Karan Khosla,1,1,0
Karan Korpal,1,1,0
Karan Koshy,1,1,0
Karan Kumer,1,1,0
Karan Mallick,1,1,1
Karan Mander,1,1,0
Karan Mistry,1,1,0
Karan Panchal,1,1,0
Karan Parekh,1,1,0
Karan Pradhan,1,1,0
Karan Prakash,1,1,0
Karan Rai,1,1,0
Karan Saraf,1,1,0
Karan Sathe,1,1,1
Karan Sawhney,1,1,2
Karan Sen,1,1,0
Karan Seshadri,1,1,0
Karan Sha,1,1,0
Karan Thakur,1,1,0
Karan Verma,1,1,0
Karan Wali,1,1,0
Karan Yogi,1,1,1
Kashish Anand,1,1,0
Kashish Andra,1,1,1
Kashish Arya,2,2,0
Kashish Balasubramanian,1,1,0
Kashish Balay,1,1,0
Kashish Bhalla,1,1,1
Kashish Bhatt,1,1,0
Kashish Bhatti,1,1,0
Kashish Biswas,1,1,0
Kashish Bora,1,1,1
Kashish Brahmbhatt,1,1,1
Kashish Chahal,1,1,0
Kashish Chatterjee,1,1,0
Kashish Choudhry,1,1,1
Kashish Dara,1,1,0
Kashish Dayal,1,1,0
Kashish Desai,2,2,0
Kashish Dewan,1,1,0
Kashish Doshi,1,1,0
Kashish Gole,1,1,0
Kashish Golla,1,1,0
Kashish Grewal,1,1,0
Kashish Hora,2,2,0
Kashish Iyer,1,1,0
Kashish Kala,2,2,1
Kashish Kar,1,1,0
Kashish Kashyap,1,1,0
Kashish Kumer,1,1,0
Kashish Lall,1,1,0
Kashish Lanka,1,1,0
Kashish Mallick,1,1,1
Kashish Mandal,1,1,0
Kashish Manne,1,1,0
Kashish Natt,1,1,0
Kashish Nayar,1,1,0
Kashish Om,1,1,0
Kashish Pai,1,1,0
Kashish Patla,1,1,0
Kashish Purohit,2,2,0
Kashish Rai,1,1,1
Kashish Raja,1,1,0
Kashish Rama,1,1,0
Kashish Ranganathan,2,2,0
Kashish Sachdev,1,1,0
Kashish Saini,1,1,0
Kashish Saran,1,1,0
Kashish Sarraf,1,1,0
Kashish Sekhon,1,1,0
Kashish Sood,1,1,0
Kashish Subramanian,1,1,0
Kashish Suresh,1,1,0
Kashish Taneja,1,1,0
Kashish Thakur,1,1,0
Kashish Trivedi,1,1,0
Kashish Walia,1,1,0
Kashvi Badami,1,1,0
Kashvi Bahl,1,1,0
Kashvi Batta,1,1,0
Kashvi Bera,1,1,0
Kashvi Chaudhuri,1,1,0
Kashvi Dani,1,1,0
Kashvi Divan,1,1,0
Kashvi Dutta,1,1,0
Kashvi Gandhi,1,1,0
Kashvi Ganesan,1,1,1
Kashvi Ganguly,1,1,0
Kashvi Gara,2,2,1
Kashvi Hans,1,1,0
Kashvi Iyengar,1,1,0
Kashvi Jain,1,1,0
Kashvi Kade,1,1,0
Kashvi Kakar,1,1,0
Kashvi Kamdar,1,1,0
Kashvi Kara,1,1,0
Kashvi Kashyap,1,1,0
Kashvi Kibe,1,1,0
Kashvi Korpal,2,2,0
Kashvi Manda,1,1,0
Kashvi Merchant,1,1,0
Kashvi Mistry,1,1,0
Kashvi Munshi,1,1,0
Kashvi Nadkarni,1,1,1
Kashvi Naidu,1,1,0
Kashvi Padmanabhan,1,1,0
Kashvi Patel,1,1,0
Kashvi Pathak,1,1,0
Kashvi Pau,1,1,0
Kashvi Pillay,1,1,0
Kashvi Pingle,1,1,0
Kashvi Rajagopal,1,1,0
Kashvi Rajan,1,1,0
Kashvi Ramachandran,1,1,0
Kashvi Ramesh,1,1,0
Kashvi Ranganathan,1,1,0
Kashvi Raval,1,1,0
Kashvi Sami,1,1,0
Kashvi Sankaran,1,1,0
Kashvi Sarna,1,1,0
Kashvi Sawhney,1,1,0
Kashvi Saxena,1,1,0
Kashvi Sethi,2,2,0
Kashvi Sha,1,1,0
Kashvi Sheth,1,1,0
Kashvi Suresh,1,1,0
Kashvi Suri,1,1,0
Kashvi Tandon,1,1,0
Kashvi Thaman,1,1,0
Kashvi Vaidya,2,2,1
Kashvi Varty,1,1,0
Kashvi Vig,1,1,0
Kashvi Viswanathan,1,1,0
Kashvi Wali,1,1,0
Kashvi Walia,1,1,0
Kashvi Zacharia,1,1,0
Kavya Anne,1,1,0
Kavya Badal,1,1,1
Kavya Bassi,1,1,0
Kavya Bath,1,1,0
Kavya Bhakta,1,1,0
Kavya Bhandari,1,1,0
Kavya Bhatia,1,1,0
Kavya Bhatti,1,1,0
Kavya Buch,1,1,0
Kavya Chokshi,1,1,0
Kavya Comar,1,1,0
Kavya Dalal,1,1,0
Kavya Dani,1,1,0
Kavya Dara,1,1,0
Kavya Din,1,1,0
Kavya Dixit,1,1,0
Kavya Dutt,1,1,1
Kavya Gade,1,1,1
Kavya Ghose,1,1,0
Kavya Hayer,1,1,0
Kavya Kapur,1,1,0
Kavya Koshy,1,1,0
Kavya Kunda,1,1,1
Kavya Maharaj,1,1,0
Kavya Majumdar,1,1,0
Kavya Merchant,1,1,0
Kavya Modi,1,1,0
Kavya Mody,1,1,0
Kavya Murty,1,1,0
Kavya Nori,1,1,0
Kavya Pal,1,1,0
Kavya Pall,1,1,0
Kavya Pradhan,1,1,0
Kavya Purohit,1,1,0
Kavya Radhakrishnan,1,1,0
Kavya Ramachandran,1,1,0
Kavya Raman,1,1,0
Kavya Sami,1,1,0
Kavya Sampath,1,1,0
Kavya Sandal,1,1,0
Kavya Sangha,1,1,0
Kavya Sathe,1,1,0
Kavya Sehgal,1,1,0
Kavya Varghese,1,1,0
Kavya Varkey,1,1,0
Kavya Verma,1,1,0
Kavya Vohra,1,1,0
Kevin Ahluwalia,1,1,1
Kevin Amble,1,1,0
Kevin Anne,1,1,0
Kevin Arya,1,1,0
Kevin Bahl,1,1,0
Kevin Bahri,1,1,0
Kevin Bajwa,1,1,1
Kevin Bakshi,1,1,1
Kevin Balan,1,1,0
Kevin Bali,1,1,0
Kevin Bassi,1,1,0
Kevin Bhandari,1,1,0
Kevin Biswas,1,1,0
Kevin Borde,1,1,0
Kevin Chand,1,1,1
Kevin Chandra,1,1,0
Kevin Chaudhry,1,1,0
Kevin Datta,1,1,0
Kevin Dhawan,1,1,0
Kevin Gaba,1,1,0
Kevin Jhaveri,1,1,0
Kevin Joshi,1,1,0
Kevin Keer,1,1,0
Kevin Kibe,1,1,0
Kevin Kurian,1,1,0
Kevin Naik,1,1,0
Kevin Narula,1,1,0
Kevin Nayak,1,1,0
Kevin Pau,1,1,0
Kevin Prasad,1,1,0
Kevin Ramanathan,1,1,0
Kevin Rastogi,1,1,0
Kevin Sehgal,1,1,0
Kevin Sem,1,1,0
Kevin Shenoy,1,1,1
Kevin Taneja,1,1,0
Kevin Thakkar,1,1,0
Kevin Tripathi,1,1,0
Kevin Varghese,1,1,0
Kevin Varty,1,1,0
Kevin Varughese,1,1,0
Kevin Wali,1,1,0
Kevin Yadav,1,1,0
Keya Balan,1,1,0
Keya Bali,2,2,1
Keya Bassi,1,1,0
Keya Brar,1,1,0
Keya Chada,1,1,0
Keya Chaudhry,1,1,1
Keya Chaudhuri,1,1,1
Keya Chhabra,1,1,0
Keya Gola,1,1,0
Keya Goyal,1,1,0
Keya Gupta,1,1,0
Keya Jani,1,1,0
Keya Johal,1,1,0
Keya Kade,1,1,0
Keya Kanda,1,1,0
Keya Kapadia,1,1,0
Keya Kaur,1,1,0
Keya Khatri,1,1,0
Keya Kothari,1,1,0
Keya Krish,2,2,0
Keya Lall,1,1,0
Keya Lanka,1,1,0
Keya Lata,2,2,0
Keya Mallick,1,1,0
Keya Mandal,1,1,0
Keya Mangal,1,1,0
Keya Mani,1,1,0
Keya Mistry,1,1,0
Keya Nazareth,1,1,0
Keya Pall,1,1,0
Keya Parikh,1,1,0
Keya Pradhan,1,1,0
Keya Prakash,1,1,0
Keya Prasad,1,1,0
Keya Raj,1,1,0
Keya Randhawa,1,1,0
Keya Sant,1,1,0
Keya Solanki,2,2,1
Keya Taneja,1,1,0
Keya Wable,1,1,0
Keya Wason,1,1,0
Kiaan Arora,1,1,0
Kiaan Balay,1,1,0
Kiaan Bassi,1,1,0
Kiaan Bora,1,1,0
Kiaan Brahmbhatt,1,1,0
Kiaan Chaudhary,1,1,1
Kiaan Dhaliwal,1,1,0
Kiaan Dhingra,1,1,1
Kiaan Din,1,1,1
Kiaan Dutt,1,1,0
Kiaan Garde,1,1,0
Kiaan Gole,1,1,0
Kiaan Gour,1,1,0
Kiaan Gulati,1,1,0
Kiaan Handa,1,1,0
Kiaan Jani,1,1,0
Kiaan Jha,1,1,0
Kiaan Khatri,1,1,0
Kiaan Kunda,1,1,0
Kiaan Lall,1,1,0
Kiaan Lanka,1,1,0
Kiaan Magar,1,1,0
Kiaan Manda,1,1,0
Kiaan Minhas,1,1,0
Kiaan Modi,1,1,0
Kiaan Mukherjee,1,1,0
Kiaan Murthy,1,1,0
Kiaan Palla,1,1,0
Kiaan Pradhan,1,1,0
Kiaan Randhawa,1,1,0
Kiaan Ratti,1,1,0
Kiaan Ravi,2,2,0
Kiaan Shere,1,1,0
Kiaan Tripathi,1,1,0
Kiaan Vaidya,1,1,0
Kiaan Venkatesh,1,1,0
Kiaan Wason,1,1,0
Krish Aggarwal,1,1,0
Krish Baria,1,1,0
Krish Barman,1,1,0
Krish Bhagat,1,1,0
Krish Bhat,1,1,0
Krish Bhavsar,1,1,0
Krish Butala,1,1,0
Krish Chana,1,1,0
Krish Chatterjee,1,1,0
Krish Chaudry,1,1,0
Krish Deo,1,1,0
Krish Dewan,1,1,0
Krish Dhaliwal,1,1,0
Krish Dixit,1,1,0
Krish Dutt,1,1,0
Krish Jaggi,1,1,0
Krish Jayaraman,1,1,0
Krish Johal,1,1,0
Krish Kala,1,1,0
Krish Kari,2,2,0
Krish Kaul,1,1,0
Krish Krishna,1,1,0
Krish Lata,2,2,0
Krish Madan,1,1,0
Krish Mani,1,1,1
Krish Mannan,1,1,0
Krish Mistry,1,1,0
Krish Mital,1,1,0
Krish Mutti,1,1,0
Krish Nagar,1,1,0
Krish Nath,1,1,1
Krish Padmanabhan,1,1,0
Krish Pall,1,1,0
Krish Parmer,1,1,0
Krish Pingle,1,1,0
Krish Puri,1,1,0
Krish Ramesh,1,1,0
Krish Ratta,1,1,0
Krish Saini,1,1,1
Krish Sandal,1,1,0
Krish Sani,1,1,0
Krish Sharma,1,1,0
Krish Swaminathan,1,1,0
Krish Upadhyay,1,1,0
Krish Wable,1,1,0
Krish Wali,1,1,0
Krish Warrior,1,1,0
Krisha Barad,1,1,0
Krisha Barman,1,1,1
Krisha Bhandari,1,1,0
Krisha Bhargava,1,1,0
Krisha Bhatti,1,1,0
Krisha Chakrabarti,1,1,0
Krisha Chana,1,1,0
Krisha Chand,2,2,0
Krisha Chandra,1,1,0
Krisha Chaudhary,1,1,0
Krisha Chhabra,1,1,0
Krisha De,1,1,0
Krisha Desai,1,1,0
Krisha Devan,1,1,0
Krisha Dixit,1,1,0
Krisha Edwin,1,1,0
Krisha Gara,1,1,0
Krisha Garg,1,1,0
Krisha Grover,1,1,0
Krisha Halder,1,1,0
Krisha Jaggi,1,1,0
Krisha Jha,1,1,0
Krisha Karpe,1,1,0
Krisha Maharaj,1,1,0
Krisha Mall,1,1,0
Krisha Mane,1,1,0
Krisha Nagar,1,1,0
Krisha Narayan,1,1,0
Krisha Natarajan,1,1,1
Krisha Panchal,1,1,0
Krisha Peri,1,1,0
Krisha Reddy,1,1,0
Krisha Sachdeva,1,1,0
Krisha Sani,1,1,0
Krisha Sant,1,1,0
Krisha Sastry,1,1,0
Krisha Setty,1,1,0
Krisha Shukla,1,1,0
Krisha Soman,1,1,0
Krisha Taneja,1,1,0
Krisha Thakur,1,1,0
Krisha Toor,1,1,0
Krisha Wable,1,1,0
Krishna Acharya,1,1,0
Krishna Agarwal,1,1,0
Krishna Ahluwalia,1,1,0
Krishna Arya,1,1,0
Krishna Bajaj,1,1,0
Krishna Bajwa,1,1,0
Krishna Bal,2,2,1
Krishna Barad,1,1,0
Krishna Baral,1,1,0
Krishna Bassi,1,1,0
Krishna Ben,1,1,0
Krishna Bhargava,1,1,0
Krishna Bhat,1,1,0
Krishna Bora,1,1,0
Krishna Bose,1,1,0
Krishna Brahmbhatt,1,1,0
Krishna Chand,1,1,0
Krishna Chanda,1,1,0
Krishna Chandra,1,1,0
Krishna Chaudhari,1,1,0
Krishna Chauhan,1,1,0
Krishna Chopra,1,1,0
Krishna Choudhry,1,1,0
Krishna Dalal,1,1,0
Krishna Dar,1,1,0
Krishna Dara,1,1,0
Krishna Datta,1,1,0
Krishna Deep,1,1,1
Krishna Din,1,1,0
Krishna Dubey,1,1,0
Krishna Gaba,1,1,0
Krishna Ganguly,1,1,0
Krishna Gera,1,1,0
Krishna Goel,1,1,0
Krishna Gour,1,1,0
Krishna Grewal,1,1,0
Krishna Joshi,1,1,0
Krishna Kanda,1,1,0
Krishna Kara,1,1,0
Krishna Karan,1,1,0
Krishna Kari,1,1,0
Krishna Khanna,1,1,0
Krishna Khare,1,1,0
Krishna Koshy,1,1,0
Krishna Lad,1,1,0
Krishna Lall,1,1,0
Krishna Lata,1,1,0
Krishna Maharaj,1,1,0
Krishna Mander,1,1,1
Krishna Mangal,2,2,0
Krishna Misra,1,1,0
Krishna More,1,1,0
Krishna Mukhopadhyay,1,1,0
Krishna Nagi,1,1,0
Krishna Naidu,1,1,0
Krishna Naik,2,2,0
Krishna Nair,1,1,0
Krishna Nanda,1,1,0
Krishna Palla,1,1,0
Krishna Pillai,1,1,0
Krishna Pillay,1,1,0
Krishna Pingle,1,1,0
Krishna Prabhu,1,1,0
Krishna Prasad,1,1,0
Krishna Ramakrishnan,1,1,1
Krishna Ramesh,1,1,0
Krishna Raval,1,1,0
Krishna Sachdev,1,1,0
Krishna Saha,1,1,1
Krishna Sarin,1,1,0
Krishna Sengupta,1,1,0
Krishna Seth,1,1,0
Krishna Sethi,1,1,0
Krishna Sheth,1,1,0
Krishna Singh,1,1,1
Krishna Solanki,1,1,0
Krishna Srivastava,1,1,0
Krishna Subramanian,1,1,0
Krishna Tailor,1,1,0
Krishna Tak,1,1,0
Krishna Varkey,1,1,0
Kritika Anne,1,1,1
Kritika Bala,1,1,0
Kritika Bansal,1,1,0
Kritika Batta,1,1,0
Kritika Ben,1,1,0
Kritika Dasgupta,1,1,0
Kritika Deol,1,1,0
Kritika Dixit,2,2,0
Kritika Doctor,1,1,0
Kritika Guha,1,1,0
Kritika Handa,1,1,0
Kritika Hayre,1,1,0
Kritika Jain,1,1,0
Kritika Kadakia,1,1,0
Kritika Kalita,1,1,0
Kritika Khosla,1,1,0
Kritika Kohli,1,1,0
Kritika Kumar,1,1,0
Kritika Lala,1,1,0
Kritika Loke,1,1,0
Kritika Menon,1,1,0
Kritika Mohan,1,1,0
Kritika More,1,1,0
Kritika Nagarajan,1,1,0
Kritika Narasimhan,1,1,0
Kritika Narayanan,1,1,0
Kritika Nazareth,1,1,0
Kritika Parmer,1,1,0
Kritika Pingle,2,2,1
Kritika Prabhakar,1,1,0
Kritika Roy,1,1,0
Kritika Saha,1,1,0
Kritika Sastry,1,1,0
Kritika Sethi,1,1,0
Kritika Suri,2,2,0
Kritika Uppal,1,1,0
Kritika Varughese,1,1,0
Kritika Viswanathan,1,1,0
Kritika Wagle,1,1,0
Laban Ahuja,1,1,0
Laban Apte,1,1,1
Laban Basak,1,1,0
Laban Buch,1,1,0
Laban Chad,1,1,0
Laban Cheema,1,1,0
Laban Gade,1,1,0
Laban Goda,1,1,0
Laban Golla,1,1,1
Laban Hayre,1,1,0
Laban Kala,1,1,0
Laban Kale,1,1,0
Laban Kibe,1,1,0
Laban Kohli,1,1,0
Laban Kulkarni,1,1,0
Laban Kuruvilla,1,1,0
Laban Lad,1,1,0
Laban Loyal,1,1,0
Laban Maharaj,1,1,0
Laban Mangat,1,1,0
Laban Mistry,1,1,0
Laban Modi,1,1,0
Laban Mutti,1,1,1
Laban Nadig,1,1,0
Laban Nagarajan,1,1,0
Laban Pandya,1,1,0
Laban Pillay,1,1,0
Laban Prakash,1,1,0
Laban Radhakrishnan,1,1,0
Laban Randhawa,1,1,0
Laban Ravel,1,1,0
Laban Reddy,1,1,0
Laban Sehgal,1,1,0
Laban Shenoy,1,1,0
Laban Soman,1,1,0
Laban Sule,1,1,0
Laban Suri,1,1,0
Laban Varughese,1,1,0
Laban Vohra,1,1,0
Laban Warrior,1,1,0
Ladli Anne,1,1,0
Ladli Bali,1,1,1
Ladli Bansal,1,1,0
Ladli Behl,1,1,0
Ladli Bhalla,1,1,0
Ladli Bhargava,1,1,0
Ladli Bir,1,1,0
Ladli Chad,1,1,0
Ladli Chand,1,1,1
Ladli Deshpande,1,1,0
Ladli Doshi,1,1,0
Ladli Edwin,1,1,0
Ladli Ganesh,1,1,0
Ladli Garde,1,1,0
Ladli Gopal,1,1,0
Ladli Goswami,1,1,0
Ladli Gupta,2,2,0
Ladli Hans,1,1,0
Ladli Hayre,1,1,0
Ladli Kadakia,1,1,0
Ladli Kalla,1,1,0
Ladli Mahal,1,1,0
Ladli Mallick,1,1,0
Ladli Mani,1,1,0
Ladli Mishra,1,1,0
Ladli Mittal,1,1,0
Ladli Mohan,1,1,0
Ladli Mohanty,1,1,0
Ladli Muni,1,1,1
Ladli Narain,1,1,0
Ladli Narayanan,1,1,0
Ladli Natarajan,1,1,0
Ladli Patil,1,1,0
Ladli Prashad,1,1,0
Ladli Rattan,2,2,0
Ladli Sandal,1,1,0
Ladli Sandhu,1,1,0
Ladli Sastry,1,1,0
Ladli Shere,1,1,0
Ladli Sibal,1,1,0
Ladli Srivastava,1,1,0
Ladli Wagle,1,1,0
Lajita Aggarwal,1,1,0
Lajita Borde,1,1,0
Lajita Brahmbhatt,1,1,0
Lajita Chahal,1,1,1
Lajita Chatterjee,1,1,0
Lajita Chaudry,1,1,0
Lajita Doshi,1,1,0
Lajita D’Alia,1,1,0
Lajita Gara,1,1,0
Lajita Goel,2,2,0
Lajita Halder,1,1,0
Lajita Jain,1,1,0
Lajita Joshi,1,1,0
Lajita Lalla,1,1,0
Lajita Lanka,1,1,1
Lajita Lata,2,2,0
Lajita Mallick,1,1,0
Lajita Mittal,1,1,0
Lajita Modi,1,1,0
Lajita Morar,1,1,0
Lajita Nayar,1,1,0
Lajita Pradhan,1,1,0
Lajita Rau,1,1,0
Lajita Ravi,1,1,0
Lajita Sama,1,1,0
Lajita Sangha,1,1,0
Lajita Sankar,1,1,0
Lajita Sarin,1,1,0
Lajita Sastry,1,1,0
Lajita Seshadri,1,1,0
Lajita Shere,1,1,0
Lajita Singh,1,1,0
Lajita Srivastava,1,1,0
Lajita Taneja,1,1,0
Lajita Trivedi,1,1,0
Lajita Upadhyay,1,1,0
Lajita Yadav,1,1,0
Laksh Agrawal,1,1,0
Laksh Anand,1,1,0
Laksh Badami,1,1,1
Laksh Bal,1,1,1
Laksh Banerjee,1,1,0
Laksh Ben,1,1,0
Laksh Bhagat,1,1,0
Laksh Bumb,1,1,0
Laksh Chander,1,1,0
Laksh Choudhary,1,1,0
Laksh Deol,1,1,0
Laksh Deshmukh,1,1,0
Laksh Dixit,1,1,0
Laksh Dube,1,1,0
Laksh Hora,1,1,0
Laksh Kar,1,1,0
Laksh Keer,1,1,0
Laksh Krishnan,1,1,0
Laksh Lala,1,1,0
Laksh Mander,1,1,0
Laksh Memon,1,1,0
Laksh Mohan,1,1,0
Laksh Munshi,1,1,0
Laksh Narang,1,1,0
Laksh Oommen,1,1,0
Laksh Panchal,1,1,0
Laksh Pillay,1,1,0
Laksh Rajan,1,1,0
Laksh Rege,1,1,0
Laksh Rout,1,1,0
Laksh Saha,1,1,0
Laksh Sanghvi,1,1,0
Laksh Sankar,1,1,0
Laksh Sankaran,1,1,0
Laksh Saraf,1,1,0
Laksh Singhal,1,1,0
Laksh Srinivas,1,1,0
Laksh Sundaram,1,1,0
Laksh Suri,1,1,0
Laksh Tata,1,1,0
Laksh Tiwari,1,1,0
Laksh Vora,1,1,0
Lakshit Anne,1,1,0
Lakshit Badami,1,1,0
Lakshit Balan,1,1,0
Lakshit Balay,1,1,0
Lakshit Banik,1,1,1
Lakshit Barman,1,1,0
Lakshit Batra,1,1,0
Lakshit Bhatt,1,1,1
Lakshit Buch,1,1,0
Lakshit Chand,1,1,1
Lakshit Contractor,1,1,1
Lakshit Dalal,1,1,0
Lakshit Deep,1,1,0
Lakshit Ganesh,1,1,0
Lakshit Ghose,1,1,0
Lakshit Gulati,2,2,0
Lakshit Kamdar,1,1,0
Lakshit Karnik,1,1,0
Lakshit Kaul,2,2,0
Lakshit Keer,1,1,0
Lakshit Khalsa,1,1,0
Lakshit Khosla,1,1,0
Lakshit Kibe,2,2,0
Lakshit Kuruvilla,1,1,0
Lakshit Maharaj,1,1,0
Lakshit Mammen,1,1,0
Lakshit Mital,1,1,0
Lakshit Morar,1,1,0
Lakshit Panchal,1,1,0
Lakshit Pandey,1,1,0
Lakshit Parsa,1,1,0
Lakshit Pradhan,1,1,0
Lakshit Raghavan,1,1,0
Lakshit Rajagopalan,1,1,0
Lakshit Ram,1,1,0
Lakshit Rau,2,2,0
Lakshit Rout,1,1,0
Lakshit Sarkar,1,1,0
Lakshit Seshadri,1,1,0
Lakshit Solanki,1,1,1
Lakshit Soman,1,1,0
Lakshit Sood,1,1,0
Lakshit Tak,1,1,0
Lakshit Trivedi,1,1,0
Lakshit Wason,1,1,0
Lakshit Zacharia,1,1,0
Lakshmi Agarwal,1,1,0
Lakshmi Anand,2,2,0
Lakshmi Arora,1,1,0
Lakshmi Bhattacharyya,1,1,0
Lakshmi Brahmbhatt,1,1,0
Lakshmi Chanda,1,1,0
Lakshmi Cheema,1,1,0
Lakshmi Deshmukh,1,1,0
Lakshmi Din,1,1,0
Lakshmi Dube,1,1,0
Lakshmi Gole,1,1,0
Lakshmi Kala,1,1,0
Lakshmi Karan,1,1,0
Lakshmi Keer,1,1,0
Lakshmi Loke,1,1,0
Lakshmi Maharaj,1,1,0
Lakshmi Mandal,1,1,0
Lakshmi Mohan,1,1,0
Lakshmi Palan,1,1,0
Lakshmi Radhakrishnan,1,1,0
Lakshmi Rao,1,1,0
Lakshmi Rau,1,1,0
Lakshmi Ravel,1,1,0
Lakshmi Sahota,1,1,0
Lakshmi Sama,3,3,0
Lakshmi Sami,1,1,0
Lakshmi Sehgal,1,1,0
Lakshmi Sem,1,1,0
Lakshmi Seshadri,1,1,0
Lakshmi Subramanian,1,1,0
Lakshmi Sule,1,1,0
Lakshmi Tata,1,1,1
Lakshmi Varty,1,1,1
Lavanya Aggarwal,1,1,0
Lavanya Atwal,1,1,0
Lavanya Bansal,2,2,0
Lavanya Bhakta,1,1,0
Lavanya Bhasin,1,1,0
Lavanya Bhattacharyya,1,1,0
Lavanya Chacko,1,1,0
Lavanya Chakrabarti,1,1,0
Lavanya Chaudhuri,1,1,0
Lavanya Dada,1,1,0
Lavanya Deo,1,1,0
Lavanya Divan,1,1,0
Lavanya Dora,1,1,0
Lavanya Gole,1,1,0
Lavanya Guha,1,1,0
Lavanya Kalita,1,1,0
Lavanya Kannan,1,1,0
Lavanya Kari,1,1,0
Lavanya Khatri,1,1,0
Lavanya Lal,1,1,0
Lavanya Magar,1,1,0
Lavanya Maharaj,1,1,0
Lavanya Manda,1,1,0
Lavanya Menon,2,2,0
Lavanya Oak,2,2,0
Lavanya Pai,1,1,0
Lavanya Patla,1,1,0
Lavanya Pau,1,1,0
Lavanya Prakash,1,1,1
Lavanya Prasad,1,1,0
Lavanya Raghavan,1,1,0
Lavanya Ramesh,1,1,0
Lavanya Sandhu,1,1,0
Lavanya Saran,1,1,0
Lavanya Sastry,2,2,1
Lavanya Sen,1,1,0
Lavanya Shetty,1,1,0
Lavanya Sood,1,1,0
Lavanya Swamy,1,1,0
Lavanya Vala,1,1,0
Lavanya Varty,1,1,0
Lavanya Wable,1,1,0
Lavanya Wadhwa,1,1,0
Lavanya Wali,1,1,0
Lavanya Warrior,1,1,1
Leela Bail,1,1,0
Leela Bali,1,1,1
Leela Bir,1,1,0
Leela Chander,1,1,0
Leela Chandra,1,1,1
Leela Chatterjee,1,1,0
Leela Date,1,1,0
Leela Deol,1,1,0
Leela Dey,1,1,0
Leela Dhar,1,1,0
Leela Din,1,1,0
Leela Divan,1,1,0
Leela Dube,1,1,0
Leela Gaba,1,1,0
Leela Goel,1,1,0
Leela Gopal,1,1,0
Leela Hari,2,2,0
Leela Jain,1,1,0
Leela Kala,2,2,0
Leela Kamdar,1,1,0
Leela Kapoor,1,1,0
Leela Khatri,2,2,0
Leela Khurana,1,1,0
Leela Krish,1,1,0
Leela Krishnamurthy,2,2,1
Leela Kunda,2,2,0
Leela Kurian,1,1,0
Leela Lanka,1,1,0
Leela Memon,1,1,0
Leela Mohanty,1,1,0
Leela Muni,1,1,0
Leela Mutti,1,1,0
Leela Nath,1,1,0
Leela Panchal,1,1,0
Leela Parmar,1,1,0
Leela Prabhu,1,1,0
Leela Purohit,1,1,0
Leela Radhakrishnan,1,1,0
Leela Rao,1,1,0
Leela Rastogi,1,1,1
Leela Sandal,1,1,0
Leela Sathe,1,1,0
Leela Sengupta,1,1,0
Leela Shenoy,1,1,0
Leela Vohra,1,1,0
Leena Bakshi,1,1,0
Leena Bal,1,1,0
Leena Balasubramanian,1,1,0
Leena Behl,1,1,0
Leena Bera,1,1,1
Leena Chahal,1,1,0
Leena Choudhury,1,1,0
Leena Comar,1,1,0
Leena Desai,1,1,0
Leena Dora,1,1,0
Leena D’Alia,1,1,0
Leena Gola,1,1,0
Leena Gopal,1,1,0
Leena Iyengar,1,1,0
Leena Kala,1,1,1
Leena Kunda,1,1,0
Leena Mallick,1,1,0
Leena Mutti,1,1,0
Leena Nigam,1,1,0
Leena Raghavan,1,1,0
Leena Ramaswamy,1,1,0
Leena Sachar,1,1,0
Leena Sahota,1,1,0
Leena Sarkar,1,1,0
Leena Sawhney,1,1,0
Leena Sekhon,1,1,2
Leena Shah,1,1,0
Leena Sibal,1,1,0
Leena Solanki,1,1,0
Leena Srivastava,1,1,1
Leena Sule,1,1,0
Leena Tella,2,2,0
Leena Vaidya,1,1,0
Leena Vasa,1,1,0
Leena Venkatesh,1,1,0
Leena Vig,1,1,0
Leena Virk,1,1,0
Leena Vohra,1,1,0
Leena Warrior,1,1,0
Lekha Aurora,1,1,0
Lekha Bala,1,1,0
Lekha Banerjee,1,1,0
Lekha Bansal,1,1,0
Lekha Barad,1,1,0
Lekha Bhasin,1,1,0
Lekha Bobal,1,1,0
Lekha Buch,1,1,0
Lekha Chada,1,1,0
Lekha Chana,1,1,0
Lekha Chand,1,1,0
Lekha Chandran,1,1,0
Lekha Chawla,1,1,0
Lekha Choudhry,1,1,0
Lekha Dalal,1,1,0
Lekha Dani,1,1,0
Lekha Dass,1,1,0
Lekha Date,1,1,0
Lekha Dhar,1,1,0
Lekha Ganesan,1,1,0
Lekha Halder,2,2,0
Lekha Handa,1,1,0
Lekha Jha,1,1,0
Lekha Karan,1,1,0
Lekha Keer,1,1,0
Lekha Khosla,1,1,0
Lekha Kota,1,1,0
Lekha Maharaj,2,2,0
Lekha Mallick,1,1,0
Lekha Mammen,1,1,0
Lekha Manda,1,1,0
Lekha Mishra,1,1,0
Lekha Mital,1,1,0
Lekha Morar,1,1,0
Lekha Narayanan,1,1,0
Lekha Nigam,1,1,0
Lekha Nori,1,1,0
Lekha Prabhu,1,1,0
Lekha Pradhan,1,1,0
Lekha Raman,1,1,0
Lekha Rattan,1,1,0
Lekha Roy,1,1,0
Lekha Sarraf,1,1,0
Lekha Savant,1,1,0
Lekha Sen,1,1,0
Lekha Shan,1,1,0
Lekha Shukla,2,2,0
Lekha Singhal,2,2,1
Lekha Sinha,1,1,0
Lekha Srinivas,1,1,0
Lekha Thakkar,1,1,0
Lekha Varughese,1,1,0
Lekha Venkataraman,1,1,0
Liam Andra,1,1,0
Liam Balasubramanian,1,1,0
Liam Baral,1,1,0
Liam Bobal,1,1,0
Liam Buch,2,2,0
Liam Chacko,1,1,0
Liam Chanda,1,1,0
Liam Chaudhuri,1,1,0
Liam Dara,2,2,0
Liam Date,1,1,0
Liam Dube,1,1,0
Liam Gade,1,1,0
Liam Goswami,1,1,0
Liam Grover,1,1,0
Liam Hegde,1,1,0
Liam Hora,1,1,0
Liam Iyer,1,1,1
Liam Kanda,1,1,0
Liam Koshy,1,1,0
Liam Krishna,1,1,0
Liam Kulkarni,1,1,0
Liam Kunda,1,1,0
Liam Lall,1,1,0
Liam Lanka,1,1,0
Liam Madan,1,1,0
Liam Mall,2,2,0
Liam Misra,1,1,0
Liam Munshi,1,1,0
Liam Nadkarni,1,1,0
Liam Nanda,1,1,0
Liam Om,1,1,0
Liam Pal,1,1,0
Liam Puri,1,1,0
Liam Randhawa,1,1,0
Liam Rastogi,1,1,0
Liam Ratta,1,1,0
Liam Sachar,1,1,0
Liam Sachdeva,1,1,0
Liam Sane,1,1,1
Liam Sangha,1,1,0
Liam Sarin,1,1,0
Liam Sarraf,1,1,0
Liam Sen,1,1,0
Liam Sengupta,1,1,0
Liam Seth,1,1,0
Liam Shenoy,1,1,0
Liam Solanki,1,1,0
Liam Soman,1,1,0
Libni Arora,1,1,0
Libni Atwal,1,1,0
Libni Babu,1,1,0
Libni Bahl,1,1,0
Libni Behl,1,1,0
Libni Bhagat,1,1,0
Libni Bhat,1,1,0
Libni Brar,1,1,0
Libni Chander,1,1,0
Libni Chatterjee,1,1,0
Libni Cherian,1,1,0
Libni Date,1,1,0
Libni Dhaliwal,1,1,0
Libni Halder,1,1,0
Libni Hari,1,1,0
Libni Hora,1,1,0
Libni Kapur,1,1,0
Libni Karan,1,1,0
Libni Khare,1,1,0
Libni Kumer,1,1,0
Libni Magar,1,1,0
Libni Mannan,1,1,0
Libni Mishra,1,1,0
Libni Mittal,1,1,0
Libni Mukherjee,1,1,0
Libni Muni,1,1,0
Libni Naik,1,1,0
Libni Narain,1,1,0
Libni Pandya,1,1,0
Libni Pillay,2,2,0
Libni Prabhakar,1,1,0
Libni Prasad,1,1,0
Libni Purohit,1,1,0
Libni Ram,1,1,0
Libni Ray,1,1,0
Libni Sami,1,1,0
Libni Sandal,1,1,1
Libni Shan,1,1,0
Libni Sidhu,1,1,1
Libni Singhal,1,1,0
Libni Sridhar,1,1,0
Libni Suresh,1,1,0
Libni Taneja,1,1,0
Libni Vyas,1,1,0
Libni Yadav,1,1,0
Lila Bandi,1,1,0
Lila Bera,1,1,0
Lila Chana,1,1,1
Lila Chatterjee,1,1,0
Lila Cherian,1,1,0
Lila Contractor,1,1,0
Lila Dara,1,1,0
Lila Dass,1,1,0
Lila De,1,1,0
Lila Deshmukh,1,1,0
Lila Dhawan,1,1,1
Lila Dubey,1,1,0
Lila Dutt,1,1,0
Lila Gole,1,1,0
Lila Hegde,1,1,0
Lila Kala,1,1,0
Lila Kalita,1,1,0
Lila Kalla,1,1,0
Lila Keer,1,1,0
Lila Khare,1,1,0
Lila Khatri,1,1,0
Lila Korpal,1,1,0
Lila Lala,1,1,0
Lila Mann,1,1,0
Lila Murty,1,1,0
Lila Nagar,1,1,0
Lila Nayak,1,1,0
Lila Nayar,1,1,0
Lila Om,1,1,0
Lila Oommen,1,1,0
Lila Oza,1,1,0
Lila Padmanabhan,1,1,0
Lila Pau,1,1,1
Lila Ram,1,1,0
Lila Rao,1,1,0
Lila Rattan,1,1,0
Lila Sachdev,1,1,0
Lila Sandal,1,1,0
Lila Saraf,1,1,1
Lila Saran,1,1,0
Lila Sen,1,1,0
Lila Seth,1,1,0
Lila Sethi,1,1,0
Lila Sridhar,1,1,0
Lila Srivastava,1,1,0
Lila Swamy,1,1,0
Lila Talwar,1,1,0
Lila Tara,1,1,0
Lila Verma,1,1,0
Lila Wadhwa,1,1,0
Lila Warrior,1,1,0
Lila Yohannan,1,1,1
Lipika Ahluwalia,1,1,0
Lipika Bala,2,2,0
Lipika Balan,1,1,0
Lipika Bath,1,1,0
Lipika Batta,1,1,0
Lipika Behl,1,1,0
Lipika Bora,1,1,0
Lipika Buch,1,1,0
Lipika Bumb,1,1,0
Lipika Butala,1,1,0
Lipika Chana,1,1,1
Lipika Dada,1,1,0
Lipika Dara,1,1,1
Lipika Dayal,1,1,0
Lipika Deo,1,1,0
Lipika Dhillon,1,1,0
Lipika Doshi,1,1,0
Lipika Dua,1,1,0
Lipika Dyal,1,1,0
Lipika Gupta,1,1,1
Lipika Hayre,1,1,0
Lipika Issac,1,1,0
Lipika Jhaveri,1,1,0
Lipika Kala,1,1,0
Lipika Kanda,1,1,0
Lipika Kota,1,1,0
Lipika Kothari,1,1,0
Lipika Krishna,1,1,0
Lipika Mani,1,1,0
Lipika Memon,2,2,0
Lipika Mishra,1,1,0
Lipika Modi,1,1,0
Lipika Murty,1,1,0
Lipika Narayanan,1,1,1
Lipika Palla,1,1,0
Lipika Pandit,1,1,0
Lipika Parmer,1,1,0
Lipika Rau,1,1,1
Lipika Raval,1,1,0
Lipika Sagar,1,1,0
Lipika Saha,2,2,0
Lipika Saxena,1,1,0
Lipika Seshadri,1,1,0
Lipika Shah,1,1,0
Lipika Shankar,1,1,0
Lipika Singhal,1,1,0
Lipika Srinivas,1,1,0
Lipika Sule,1,1,0
Lipika Thaman,1,1,0
Lipika Vala,1,1,0
Lipika Varkey,1,1,0
Lipika Venkataraman,1,1,0
Lipika Vora,1,1,0
Logan Agarwal,1,1,0
Logan Ahluwalia,1,1,0
Logan Babu,1,1,0
Logan Badal,1,1,0
Logan Balay,1,1,0
Logan Basu,1,1,0
Logan Behl,1,1,0
Logan Bhatia,1,1,0
Logan Butala,1,1,0
Logan Chadha,1,1,0
Logan Chanda,1,1,0
Logan Chaudhari,1,1,0
Logan Das,1,1,0
Logan Dash,1,1,0
Logan Gala,1,1,0
Logan Ganesh,1,1,0
Logan Jain,1,1,0
Logan Johal,1,1,0
Logan Joshi,1,1,0
Logan Kamdar,1,1,0
Logan Kapadia,1,1,1
Logan Kar,1,1,0
Logan Krishnamurthy,1,1,0
Logan Kumar,1,1,0
Logan Kumer,1,1,0
Logan Mani,1,1,0
Logan Mohan,1,1,0
Logan Narang,1,1,1
Logan Natarajan,1,1,1
Logan Parmar,1,1,0
Logan Pathak,1,1,1
Logan Prabhu,1,1,0
Logan Puri,1,1,1
Logan Sachdev,2,2,0
Logan Sengupta,1,1,0
Logan Sethi,1,1,0
Logan Sharaf,2,2,1
Logan Sharma,1,1,0
Logan Sheth,1,1,0
Logan Srinivasan,1,1,0
Logan Tara,1,1,0
Logan Thakkar,1,1,0
Logan Vaidya,1,1,0
Logan Vasa,1,1,0
Lohit Acharya,1,1,0
Lohit Aggarwal,1,1,0
Lohit Ahuja,1,1,0
Lohit Atwal,1,1,0
Lohit Bail,1,1,0
Lohit Bajaj,1,1,0
Lohit Balasubramanian,1,1,1
Lohit Bali,1,1,0
Lohit Bansal,1,1,0
Lohit Bath,1,1,0
Lohit Batta,1,1,0
Lohit Borah,1,1,0
Lohit Borra,1,1,0
Lohit Chahal,1,1,0
Lohit Dua,1,1,0
Lohit Dugal,1,1,1
Lohit Edwin,1,1,0
Lohit Gaba,1,1,0
Lohit Garg,1,1,0
Lohit Iyer,1,1,1
Lohit Johal,1,1,0
Lohit Kamdar,1,1,0
Lohit Khare,1,1,0
Lohit Krishna,1,1,0
Lohit Majumdar,1,1,0
Lohit Mallick,1,1,0
Lohit Mander,1,1,0
Lohit Mangal,1,1,1
Lohit Misra,1,1,0
Lohit Nanda,1,1,0
Lohit Nayak,1,1,0
Lohit Nayar,1,1,0
Lohit Oza,1,1,0
Lohit Padmanabhan,1,1,0
Lohit Pal,1,1,0
Lohit Peri,1,1,0
Lohit Pillai,1,1,0
Lohit Rattan,1,1,0
Lohit Sachdeva,1,1,0
Lohit Sami,1,1,0
Lohit Shenoy,1,1,0
Lohit Shetty,1,1,0
Lohit Singhal,1,1,0
Lohit Solanki,1,1,0
Lohit Soni,1,1,0
Lohit Srinivas,1,1,0
Lohit Sundaram,1,1,0
Lohit Tata,1,1,0
Lohit Vaidya,1,1,0
Lohit Varty,1,1,0
Lohit Wable,1,1,0
Lohit Yogi,1,1,0
Lohit Zachariah,1,1,0
Lopa Acharya,1,1,0
Lopa Amble,1,1,0
Lopa Atwal,1,1,0
Lopa Balay,1,1,0
Lopa Bath,1,1,0
Lopa Batta,1,1,0
Lopa Chatterjee,1,1,2
Lopa Choudhry,1,1,0
Lopa Contractor,1,1,0
Lopa Karnik,1,1,0
Lopa Kata,1,1,0
Lopa Khalsa,1,1,0
Lopa Krishnamurthy,1,1,0
Lopa Kumer,2,2,0
Lopa Lad,1,1,0
Lopa Lall,1,1,0
Lopa Mahal,1,1,0
Lopa Mander,1,1,0
Lopa Mody,1,1,0
Lopa Morar,1,1,0
Lopa Murty,1,1,0
Lopa Nadkarni,1,1,0
Lopa Nagar,1,1,0
Lopa Narain,1,1,0
Lopa Nazareth,1,1,0
Lopa Oak,1,1,0
Lopa Pandey,1,1,0
Lopa Raj,1,1,0
Lopa Saha,2,2,1
Lopa Salvi,1,1,0
Lopa Sandhu,1,1,0
Lopa Sankar,1,1,0
Lopa Saran,1,1,0
Lopa Sarraf,1,1,0
Lopa Sem,1,1,0
Lopa Tella,1,1,0
Lopa Vora,1,1,0
Lopa Zacharia,1,1,0
Lopa Zachariah,1,1,0
Lucky Agrawal,1,1,0
Lucky Andra,1,1,0
Lucky Babu,1,1,0
Lucky Bail,1,1,0
Lucky Bakshi,1,1,0
Lucky Bala,1,1,0
Lucky Banik,1,1,0
Lucky Bansal,1,1,0
Lucky Bath,1,1,0
Lucky Bhargava,1,1,0
Lucky Bhatti,1,1,0
Lucky Bumb,1,1,0
Lucky Chad,1,1,1
Lucky Chahal,1,1,0
Lucky Contractor,1,1,1
Lucky Deol,1,1,0
Lucky Gera,1,1,0
Lucky Guha,1,1,0
Lucky Gupta,1,1,0
Lucky Jain,1,1,0
Lucky Kade,1,1,0
Lucky Kalla,1,1,0
Lucky Lanka,1,1,0
Lucky Mand,1,1,0
Lucky Mistry,1,1,0
Lucky Mital,1,1,0
Lucky Om,1,1,0
Lucky Pandey,2,2,0
Lucky Parekh,1,1,1
Lucky Pillay,1,1,0
Lucky Prasad,1,1,0
Lucky Radhakrishnan,1,1,0
Lucky Rai,1,1,0
Lucky Raja,2,2,0
Lucky Rana,1,1,0
Lucky Ranganathan,1,1,0
Lucky Rege,1,1,0
Lucky Sahota,1,1,0
Lucky Sami,1,1,0
Lucky Sanghvi,1,1,0
Lucky Sarma,1,1,0
Lucky Seth,1,1,0
Lucky Thakkar,1,1,0
Lucky Wagle,1,1,0
Lucky Wali,1,1,0
Luke Agarwal,1,1,0
Luke Arora,1,1,0
Luke Bahl,1,1,0
Luke Bhakta,1,1,0
Luke Bhalla,1,1,0
Luke Bhat,1,1,0
Luke Chandra,1,1,0
Luke Datta,1,1,0
Luke Deshmukh,1,1,0
Luke Dhaliwal,1,1,0
Luke Dubey,1,1,0
Luke Ghose,1,1,0
Luke Goel,1,1,0
Luke Gour,1,1,0
Luke Grewal,1,1,0
Luke Jhaveri,1,1,0
Luke Joshi,1,1,0
Luke Kapadia,1,1,0
Luke Kohli,1,1,0
Luke Korpal,1,1,0
Luke Krishnan,1,1,0
Luke Lad,1,1,0
Luke Lal,1,1,0
Luke Mander,1,1,0
Luke Mistry,1,1,0
Luke Mittal,1,1,0
Luke Mukherjee,1,1,0
Luke Mukhopadhyay,1,1,1
Luke Munshi,1,1,0
Luke Nath,1,1,0
Luke Oza,2,2,0
Luke Palla,1,1,0
Luke Prakash,1,1,0
Luke Rai,1,1,0
Luke Raj,1,1,0
Luke Rajagopalan,1,1,0
Luke Rau,1,1,0
Luke Ravi,1,1,0
Luke Sachar,1,1,0
Luke Sahota,3,3,0
Luke Sami,1,1,0
Luke Sathe,1,1,0
Luke Sekhon,1,1,0
Luke Sem,1,1,0
Luke Sethi,1,1,0
Luke Sharaf,1,1,0
Luke Sheth,1,1,0
Luke Soman,1,1,0
Luke Sundaram,1,1,0
Luke Tara,1,1,0
Luke Thaker,1,1,0
Luke Thaman,1,1,0
Luke Varghese,1,1,0
Luke Yadav,1,1,0
Luke Zachariah,1,1,3
Maanas Badami,1,1,0
Maanas Balay,1,1,0
Maanas Behl,1,1,1
Maanas Bera,1,1,0
Maanas Bhandari,1,1,0
Maanas Borde,1,1,0
Maanas Chaudry,1,1,0
Maanas Chawla,1,1,0
Maanas Chopra,1,1,0
Maanas Comar,1,1,0
Maanas Dayal,1,1,0
Maanas Devan,1,1,0
Maanas Dhar,1,1,0
Maanas Gaba,1,1,0
Maanas Gandhi,1,1,0
Maanas Golla,1,1,0
Maanas Gour,1,1,0
Maanas Iyengar,1,1,0
Maanas Kar,1,1,0
Maanas Keer,1,1,0
Maanas Korpal,1,1,0
Maanas Lalla,2,2,0
Maanas Mani,1,1,1
Maanas Misra,2,2,0
Maanas Pall,1,1,0
Maanas Palla,1,1,0
Maanas Parikh,1,1,0
Maanas Pingle,1,1,0
Maanas Pradhan,1,1,0
Maanas Raghavan,1,1,0
Maanas Raju,1,1,0
Maanas Ramakrishnan,1,1,0
Maanas Sastry,1,1,0
Maanas Sekhon,1,1,0
Maanas Sethi,1,1,0
Maanas Setty,1,1,0
Maanas Sinha,1,1,0
Maanas Srinivas,1,1,0
Maanas Sunder,1,1,0
Maanas Yohannan,1,1,0
Maanav Babu,1,1,0
Maanav Bakshi,1,1,0
Maanav Balan,1,1,0
Maanav Bassi,1,1,0
Maanav Bath,1,1,0
Maanav Bhatt,1,1,0
Maanav Bhattacharyya,1,1,0
Maanav Brahmbhatt,1,1,0
Maanav Chakrabarti,1,1,0
Maanav Chander,1,1,0
Maanav Chaudhary,1,1,0
Maanav Chhabra,1,1,0
Maanav Chowdhury,1,1,0
Maanav Dewan,1,1,0
Maanav Dhar,2,2,0
Maanav Dua,1,1,0
Maanav Dugar,1,1,0
Maanav Gandhi,1,1,1
Maanav Ganesan,1,1,0
Maanav Jhaveri,1,1,0
Maanav Kade,1,1,0
Maanav Kala,1,1,1
Maanav Kalla,1,1,0
Maanav Kamdar,2,2,0
Maanav Kaul,1,1,0
Maanav Khalsa,1,1,0
Maanav Lad,1,1,0
Maanav Lanka,1,1,0
Maanav Maharaj,1,1,0
Maanav Majumdar,1,1,0
Maanav Mall,1,1,0
Maanav Mani,1,1,0
Maanav Mital,1,1,0
Maanav Naik,1,1,0
Maanav Nath,1,1,0
Maanav Nori,1,1,0
Maanav Pandya,1,1,0
Maanav Pant,1,1,0
Maanav Parmar,1,1,0
Maanav Prakash,1,1,1
Maanav Ratta,1,1,0
Maanav Sachdev,1,1,0
Maanav Sandal,1,1,0
Maanav Sathe,1,1,0
Maanav Shanker,1,1,0
Maanav Sharaf,1,1,0
Maanav Sibal,1,1,1
Maanav Sidhu,1,1,0
Maanav Soni,1,1,0
Maanav Sood,1,1,0
Maanav Tripathi,1,1,0
Maanav Zachariah,1,1,0
Madhav Arya,1,1,0
Madhav Babu,1,1,0
Madhav Bal,1,1,0
Madhav Bali,1,1,0
Madhav Bose,1,1,0
Madhav Buch,1,1,0
Madhav Choudhary,1,1,0
Madhav Das,1,1,0
Madhav Deo,1,1,0
Madhav Dewan,1,1,0
Madhav Dutt,1,1,0
Madhav Gara,1,1,0
Madhav Goswami,1,1,0
Madhav Handa,1,1,0
Madhav Hayre,1,1,0
Madhav Iyer,1,1,0
Madhav Kalita,1,1,1
Madhav Keer,1,1,0
Madhav Kothari,1,1,0
Madhav Mand,1,1,0
Madhav Mannan,1,1,0
Madhav Menon,1,1,0
Madhav Misra,1,1,0
Madhav Modi,1,1,0
Madhav Nagy,1,1,0
Madhav Narula,1,1,0
Madhav Patla,1,1,0
Madhav Ramesh,1,1,0
Madhav Saha,1,1,0
Madhav Sane,1,1,0
Madhav Sant,1,1,0
Madhav Sunder,1,1,0
Madhav Tailor,1,1,0
Madhav Tata,1,1,0
Madhav Tella,1,1,0
Madhav Thakkar,1,1,1
Madhav Uppal,1,1,0
Madhav Varma,1,1,0
Madhav Vasa,1,1,0
Madhav Verma,1,1,0
Madhav Walla,1,1,0
Madhavi Agate,1,1,0
Madhavi Bahl,1,1,0
Madhavi Bakshi,1,1,1
Madhavi Ben,1,1,0
Madhavi Bhalla,1,1,0
Madhavi Bhatt,1,1,0
Madhavi Brar,1,1,0
Madhavi Chahal,1,1,0
Madhavi Chhabra,1,1,0
Madhavi Dar,1,1,0
Madhavi Dayal,1,1,0
Madhavi Deshmukh,1,1,0
Madhavi Din,1,1,0
Madhavi Dora,1,1,0
Madhavi Dutta,1,1,0
Madhavi Garde,1,1,0
Madhavi Gill,1,1,0
Madhavi Hayer,1,1,0
Madhavi Joshi,1,1,0
Madhavi Khosla,1,1,0
Madhavi Korpal,1,1,1
Madhavi Kurian,1,1,0
Madhavi Luthra,2,2,0
Madhavi Madan,1,1,0
Madhavi Magar,1,1,0
Madhavi Mahajan,1,1,1
Madhavi Mahal,1,1,0
Madhavi Malhotra,1,1,0
Madhavi Mane,1,1,0
Madhavi Mutti,1,1,0
Madhavi Narang,1,1,0
Madhavi Oak,1,1,0
Madhavi Pall,1,1,0
Madhavi Rana,1,1,0
Madhavi Sanghvi,1,1,0
Madhavi Shankar,1,1,0
Madhavi Shanker,1,1,1
Madhavi Solanki,1,1,0
Madhavi Som,1,1,0
Madhavi Srinivas,1,1,0
Mahika Amble,1,1,0
Mahika Bora,1,1,0
Mahika Bumb,1,1,0
Mahika Cheema,1,1,0
Mahika Dey,1,1,1
Mahika Dixit,1,1,0
Mahika Dyal,1,1,0
Mahika Gade,2,2,0
Mahika Gopal,1,1,0
Mahika Iyer,1,1,0
Mahika Kale,1,1,0
Mahika Kannan,2,2,1
Mahika Kapoor,1,1,0
Mahika Karan,1,1,1
Mahika Kota,1,1,0
Mahika Madan,1,1,0
Mahika Modi,1,1,0
Mahika Narayan,1,1,0
Mahika Oommen,1,1,0
Mahika Parekh,1,1,0
Mahika Pillay,1,1,0
Mahika Prabhu,1,1,0
Mahika Rajagopal,1,1,0
Mahika Rajan,1,1,0
Mahika Ramakrishnan,1,1,0
Mahika Sabharwal,1,1,0
Mahika Sami,1,1,0
Mahika Sen,1,1,0
Mahika Seshadri,1,1,0
Mahika Shankar,1,1,1
Mahika Shere,1,1,0
Mahika Tak,1,1,0
Mahika Thakur,1,1,0
Mahika Venkatesh,1,1,0
Mahika Zachariah,1,1,0
Manan Andra,1,1,0
Manan Aurora,1,1,0
Manan Badal,1,1,0
Manan Bala,1,1,0
Manan Barad,1,1,0
Manan Bava,1,1,0
Manan Bhandari,1,1,0
Manan Borra,1,1,1
Manan Buch,1,1,0
Manan Dey,1,1,0
Manan Dhaliwal,1,1,0
Manan Gokhale,1,1,0
Manan Hans,1,1,0
Manan Kade,1,1,0
Manan Kala,1,1,0
Manan Kant,1,1,0
Manan Khare,1,1,0
Manan Kota,1,1,0
Manan Mallick,1,1,0
Manan Mandal,1,1,0
Manan Mangal,1,1,0
Manan Mangat,1,1,0
Manan Mishra,1,1,0
Manan Mitra,1,1,0
Manan Modi,1,1,0
Manan Mohan,1,1,0
Manan Mohanty,1,1,0
Manan Munshi,1,1,0
Manan Nagy,1,1,0
Manan Oak,1,1,0
Manan Oommen,1,1,0
Manan Pandya,1,1,0
Manan Patla,1,1,0
Manan Saran,1,1,0
Manan Sarma,1,1,0
Manan Sarraf,1,1,0
Manan Srinivas,1,1,0
Manan Tailor,2,2,1
Manan Tandon,1,1,0
Manan Tara,1,1,0
Manan Thakur,1,1,0
Manan Vala,1,1,0
Manan Viswanathan,1,1,0
Manbir Bansal,1,1,0
Manbir Baral,2,2,0
Manbir Bath,1,1,0
Manbir Bedi,3,3,1
Manbir Bera,1,1,0
Manbir Borde,1,1,0
Manbir Chacko,1,1,0
Manbir Char,1,1,0
Manbir Choudhry,2,2,0
Manbir Dass,1,1,0
Manbir Date,1,1,0
Manbir Desai,2,2,0
Manbir Deshpande,1,1,0
Manbir Dixit,1,1,0
Manbir Dugar,1,1,0
Manbir Gola,1,1,0
Manbir Guha,1,1,0
Manbir Gulati,1,1,0
Manbir Kale,1,1,0
Manbir Kar,1,1,0
Manbir Karan,1,1,0
Manbir Korpal,1,1,0
Manbir Kothari,1,1,0
Manbir Kumar,1,1,0
Manbir Kumer,1,1,0
Manbir Lalla,1,1,0
Manbir Lanka,1,1,0
Manbir Magar,1,1,0
Manbir Mallick,1,1,0
Manbir Narayanan,1,1,0
Manbir Natarajan,1,1,0
Manbir Nigam,1,1,0
Manbir Nori,1,1,1
Manbir Palla,1,1,0
Manbir Patil,1,1,0
Manbir Prashad,1,1,0
Manbir Rai,1,1,1
Manbir Raj,1,1,0
Manbir Rout,1,1,0
Manbir Sachar,1,1,0
Manbir Sahota,1,1,0
Manbir Samra,1,1,0
Manbir Shankar,1,1,0
Manbir Shetty,1,1,0
Manbir Sibal,1,1,0
Manbir Sidhu,1,1,0
Manbir Sura,1,1,1
Manbir Thakkar,1,1,0
Manbir Thakur,1,1,0
Manbir Vala,1,1,0
Manbir Venkatesh,1,1,1
Manthan Bains,1,1,0
Manthan Bawa,1,1,0
Manthan Chaudhry,1,1,0
Manthan Datta,1,1,0
Manthan De,1,1,0
Manthan Dhawan,1,1,0
Manthan Din,1,1,0
Manthan D’Alia,1,1,0
Manthan Gokhale,1,1,0
Manthan Golla,1,1,0
Manthan Goswami,1,1,0
Manthan Guha,1,1,0
Manthan Hans,1,1,1
Manthan Kadakia,1,1,0
Manthan Kala,1,1,0
Manthan Kurian,1,1,0
Manthan Lata,1,1,0
Manthan Malhotra,1,1,1
Manthan Manda,1,1,0
Manthan Mane,1,1,0
Manthan Menon,1,1,0
Manthan Mishra,1,1,0
Manthan Mukhopadhyay,1,1,0
Manthan Nanda,1,1,0
Manthan Patel,2,2,0
Manthan Patla,1,1,0
Manthan Prabhakar,1,1,0
Manthan Ramesh,1,1,0
Manthan Sastry,1,1,0
Manthan Sawhney,1,1,0
Manthan Subramaniam,1,1,0
Manthan Sur,1,1,0
Manthan Swaminathan,1,1,0
Manthan Tara,1,1,0
Manthan Uppal,1,1,0
Manya Banerjee,1,1,0
Manya Bansal,1,1,0
Manya Bhasin,1,1,0
Manya Borah,1,1,0
Manya Butala,1,1,0
Manya Chaudhari,1,1,0
Manya Chaudhary,1,1,0
Manya Desai,1,1,0
Manya Dey,1,1,0
Manya Gaba,1,1,0
Manya Grover,2,2,1
Manya Gulati,1,1,1
Manya Khare,1,1,0
Manya Luthra,2,2,0
Manya Maharaj,1,1,1
Manya Memon,1,1,0
Manya Pai,1,1,0
Manya Parikh,1,1,0
Manya Parmar,1,1,0
Manya Prabhakar,1,1,1
Manya Prabhu,1,1,0
Manya Ramakrishnan,1,1,0
Manya Ramanathan,1,1,0
Manya Ray,1,1,0
Manya Sachdeva,1,1,0
Manya Sarin,1,1,0
Manya Sen,1,1,0
Manya Shankar,1,1,0
Manya Sidhu,1,1,0
Manya Taneja,1,1,0
Manya Vala,1,1,0
Mason Bakshi,1,1,0
Mason Bali,1,1,0
Mason Bassi,1,1,0
Mason Bhalla,1,1,0
Mason Bhasin,1,1,0
Mason Bhatia,1,1,0
Mason Bhatt,1,1,0
Mason Bhatti,3,3,1
Mason Bumb,1,1,0
Mason Chad,1,1,1
Mason Chahal,1,1,0
Mason Dar,1,1,0
Mason Deshpande,1,1,0
Mason Dhaliwal,1,1,0
Mason Dhawan,1,1,0
Mason Dubey,1,1,0
Mason Dugar,1,1,0
Mason Gokhale,1,1,0
Mason Hans,1,1,0
Mason Kade,1,1,0
Mason Kata,1,1,1
Mason Khare,1,1,0
Mason Krish,1,1,0
Mason Krishnamurthy,1,1,0
Mason Kurian,1,1,0
Mason Mannan,1,1,0
Mason Mukhopadhyay,1,1,0
Mason Naik,1,1,0
Mason Nayak,1,1,0
Mason Ramesh,1,1,0
Mason Randhawa,1,1,0
Mason Ray,1,1,1
Mason Saran,1,1,0
Mason Sarma,1,1,0
Mason Sastry,1,1,0
Mason Sehgal,1,1,0
Mason Sen,1,1,0
Mason Shah,1,1,0
Mason Shenoy,1,1,0
Mason Suri,1,1,0
Mason Tara,1,1,0
Mason Tata,1,1,0
Mason Thakkar,1,1,0
Mason Viswanathan,1,1,0
Mason Zachariah,1,1,0
Matthew Amble,1,1,0
Matthew Bhardwaj,1,1,0
Matthew Buch,1,1,0
Matthew Bumb,1,1,0
Matthew Chaudhry,1,1,0
Matthew Chauhan,1,1,0
Matthew Dalal,1,1,0
Matthew Dani,1,1,1
Matthew Dara,1,1,0
Matthew Dave,1,1,0
Matthew Deshpande,1,1,0
Matthew Dubey,1,1,0
Matthew Guha,1,1,0
Matthew Hans,1,1,0
Matthew Hayer,1,1,0
Matthew Kapoor,1,1,0
Matthew Keer,1,1,0
Matthew Krishna,1,1,0
Matthew Lanka,1,1,0
Matthew Loyal,1,1,0
Matthew Mallick,1,1,1
Matthew Nagi,1,1,0
Matthew Nazareth,1,1,0
Matthew Parekh,1,1,0
Matthew Pradhan,1,1,0
Matthew Raj,1,1,0
Matthew Rastogi,1,1,0
Matthew Ratta,1,1,0
Matthew Ray,1,1,0
Matthew Rege,1,1,1
Matthew Rout,1,1,0
Matthew Sami,1,1,0
Matthew Samra,1,1,0
Matthew Sandhu,1,1,0
Matthew Sarna,1,1,0
Matthew Sarraf,1,1,0
Matthew Sekhon,1,1,0
Matthew Shukla,1,1,0
Matthew Sinha,1,1,0
Matthew Subramaniam,1,1,0
Matthew Sunder,1,1,0
Matthew Tandon,1,1,0
Matthew Taneja,1,1,0
Matthew Vala,1,1,0
Matthew Varghese,2,2,0
Matthew Varty,1,1,0
Matthew Vasa,1,1,0
Max Agrawal,1,1,0
Max Aurora,1,1,0
Max Badami,1,1,0
Max Balay,1,1,0
Max Bandi,1,1,0
Max Basu,1,1,0
Max Bhatt,1,1,0
Max Borde,1,1,0
Max Brar,1,1,0
Max Butala,1,1,0
Max Chahal,1,1,0
Max Chandran,1,1,0
Max Choudhary,1,1,0
Max Dasgupta,1,1,0
Max Dixit,1,1,0
Max D’Alia,1,1,0
Max Gala,1,1,0
Max Gera,1,1,0
Max Grewal,1,1,0
Max Iyer,1,1,0
Max Jani,1,1,1
Max Kala,1,1,0
Max Korpal,1,1,0
Max Loyal,1,1,0
Max Luthra,1,1,0
Max Madan,1,1,1
Max Mittal,1,1,0
Max Mohanty,1,1,0
Max Muni,1,1,0
Max Nagar,1,1,0
Max Palan,1,1,0
Max Pandey,1,1,0
Max Pathak,1,1,0
Max Prabhu,2,2,0
Max Pradhan,1,1,0
Max Rai,1,1,0
Max Raman,1,1,0
Max Randhawa,2,2,0
Max Sabharwal,1,1,0
Max Salvi,1,1,0
Max Sant,1,1,0
Max Sathe,1,1,1
Max Seshadri,1,1,1
Max Sule,1,1,0
Max Toor,1,1,0
Max Vaidya,1,1,0
Max Varghese,1,1,1
Maya Aurora,1,1,0
Maya Bhat,1,1,0
Maya Borra,1,1,0
Maya Bose,1,1,0
Maya Buch,1,1,0
Maya Chad,1,1,0
Maya Char,1,1,0
Maya Comar,1,1,1
Maya Datta,1,1,0
Maya Dugar,1,1,0
Maya Garg,1,1,0
Maya Goswami,1,1,0
Maya Hayer,1,1,0
Maya Kale,1,1,0
Maya Kalita,1,1,0
Maya Kalla,1,1,0
Maya Kapoor,1,1,0
Maya Karpe,1,1,0
Maya Kaul,1,1,0
Maya Keer,1,1,0
Maya Konda,1,1,1
Maya Minhas,1,1,0
Maya Mitter,1,1,1
Maya Mohanty,1,1,0
Maya More,1,1,0
Maya Mukherjee,1,1,1
Maya Mukhopadhyay,1,1,0
Maya Mutti,1,1,0
Maya Narula,1,1,0
Maya Natarajan,1,1,0
Maya Natt,1,1,0
Maya Parmar,1,1,0
Maya Ramaswamy,1,1,0
Maya Sahota,1,1,0
Maya Sami,1,1,1
Maya Sankar,1,1,0
Maya Sarraf,1,1,0
Maya Shanker,1,1,0
Maya Solanki,1,1,0
Maya Sridhar,1,1,0
Maya Suri,1,1,0
Maya Virk,1,1,1
Meera Bala,1,1,0
Meera Buch,1,1,0
Meera Chatterjee,1,1,0
Meera Dhaliwal,1,1,1
Meera Dhillon,1,1,0
Meera Dugar,1,1,0
Meera D’Alia,1,1,0
Meera Jain,1,1,1
Meera Joshi,1,1,0
Meera Kale,1,1,0
Meera Kamdar,1,1,1
Meera Kaul,2,2,0
Meera Keer,1,1,0
Meera Khalsa,2,2,0
Meera Magar,1,1,0
Meera Murty,1,1,0
Meera Nadkarni,1,1,0
Meera Pandey,1,1,0
Meera Patil,1,1,0
Meera Patla,1,1,0
Meera Prashad,1,1,0
Meera Raval,1,1,0
Meera Sha,1,1,0
Meera Shankar,1,1,1
Meera Sheth,1,1,0
Meera Shetty,1,1,0
Meera Sur,1,1,0
Meera Upadhyay,1,1,0
Meera Zachariah,1,1,0
Megha Apte,1,1,0
Megha Behl,1,1,0
Megha Bhatt,1,1,0
Megha Bir,1,1,0
Megha Biswas,1,1,0
Megha Chand,1,1,1
Megha Chanda,1,1,1
Megha Chander,1,1,1
Megha Dara,1,1,0
Megha Ghosh,1,1,0
Megha Goswami,1,1,0
Megha Grewal,1,1,0
Megha Hegde,1,1,0
Megha Jani,1,1,0
Megha Jayaraman,1,1,0
Megha Kakar,1,1,0
Megha Kapur,1,1,0
Megha Keer,1,1,0
Megha Khosla,1,1,0
Megha Kothari,1,1,0
Megha Lall,1,1,0
Megha Majumdar,1,1,0
Megha Mitter,1,1,0
Megha Modi,1,1,0
Megha Nagar,1,1,0
Megha Narang,3,3,0
Megha Oza,1,1,0
Megha Padmanabhan,1,1,0
Megha Palan,1,1,0
Megha Pandey,2,2,0
Megha Patla,1,1,0
Megha Rajagopal,1,1,0
Megha Ramesh,1,1,0
Megha Ray,1,1,1
Megha Sani,1,1,0
Megha Sankaran,1,1,0
Megha Saraf,1,1,0
Megha Sarin,1,1,0
Megha Shan,1,1,0
Megha Shetty,1,1,0
Megha Sood,1,1,0
Megha Sridhar,1,1,0
Megha Subramanian,1,1,0
Megha Tara,1,1,0
Megha Tiwari,1,1,0
Megha Uppal,1,1,1
Megha Vaidya,1,1,0
Megha Zacharia,1,1,0
Meghana Agrawal,1,1,0
Meghana Bains,1,1,0
Meghana Borra,1,1,0
Meghana Chacko,1,1,0
Meghana Chadha,2,2,1
Meghana Dasgupta,1,1,0
Meghana Dayal,1,1,0
Meghana Deol,1,1,0
Meghana Deshpande,1,1,0
Meghana Dhillon,1,1,0
Meghana Garde,1,1,0
Meghana Goyal,1,1,0
Meghana Joshi,1,1,0
Meghana Kala,1,1,0
Meghana Kapoor,1,1,0
Meghana Khatri,1,1,0
Meghana Krish,1,1,1
Meghana Lad,1,1,0
Meghana Mohan,1,1,0
Meghana Muni,3,3,0
Meghana Murthy,1,1,0
Meghana Ramaswamy,2,2,0
Meghana Sachdeva,1,1,0
Meghana Sami,1,1,1
Meghana Sarin,1,1,1
Meghana Sengupta,1,1,0
Meghana Shere,1,1,0
Meghana Sundaram,1,1,0
Meghana Suri,1,1,0
Meghana Vohra,1,1,0
Meghana Wable,1,1,0
Meghana Walla,1,1,0
Meghana Zachariah,1,1,0
Mekhala Agarwal,1,1,0
Mekhala Anne,1,1,0
Mekhala Aurora,1,1,0
Mekhala Balakrishnan,1,1,0
Mekhala Bandi,1,1,1
Mekhala Basak,1,1,0
Mekhala Behl,1,1,0
Mekhala Bhasin,1,1,0
Mekhala Bose,1,1,1
Mekhala Buch,1,1,0
Mekhala Chad,1,1,1
Mekhala Chahal,1,1,0
Mekhala Chakrabarti,1,1,0
Mekhala Chauhan,1,1,0
Mekhala Cheema,1,1,0
Mekhala Cherian,1,1,0
Mekhala Chokshi,1,1,1
Mekhala Choudhry,1,1,0
Mekhala Dugal,1,1,0
Mekhala Dugar,1,1,0
Mekhala Gaba,1,1,1
Mekhala Gandhi,1,1,0
Mekhala Ghose,1,1,0
Mekhala Jha,1,1,0
Mekhala Kamdar,1,1,0
Mekhala Kumer,1,1,0
Mekhala Kunda,1,1,1
Mekhala Mann,1,1,1
Mekhala Manne,2,2,0
Mekhala Mukhopadhyay,1,1,0
Mekhala Nori,1,1,0
Mekhala Pal,1,1,0
Mekhala Patla,1,1,0
Mekhala Pillai,1,1,0
Mekhala Prabhakar,1,1,0
Mekhala Prashad,1,1,0
Mekhala Raman,1,1,0
Mekhala Randhawa,1,1,0
Mekhala Rao,1,1,0
Mekhala Sahni,1,1,0
Mekhala Sampath,1,1,1
Mekhala Sandal,1,1,0
Mekhala Saxena,1,1,0
Mekhala Shetty,1,1,0
Mekhala Sibal,1,1,1
Mekhala Som,1,1,0
Mekhala Suri,1,1,0
Mekhala Tailor,1,1,0
Mekhala Trivedi,1,1,0
Mekhala Vala,1,1,0
Michael Acharya,1,1,0
Michael Bajwa,1,1,0
Michael Bandi,1,1,0
Michael Barad,1,1,0
Michael Contractor,1,1,0
Michael Dalal,1,1,0
Michael Dara,1,1,0
Michael Deshpande,1,1,0
Michael Dey,1,1,0
Michael Dhingra,1,1,0
Michael Divan,1,1,0
Michael Dugar,2,2,0
Michael Ganesh,1,1,0
Michael Hans,1,1,0
Michael Hegde,1,1,1
Michael Johal,1,1,0
Michael Keer,1,1,0
Michael Khatri,1,1,0
Michael Kulkarni,1,1,0
Michael Kunda,1,1,0
Michael Mukherjee,1,1,0
Michael Nath,1,1,0
Michael Nori,1,1,0
Michael Pandit,1,1,0
Michael Parikh,1,1,1
Michael Parmer,1,1,0
Michael Peri,1,1,1
Michael Prabhu,1,1,0
Michael Radhakrishnan,1,1,0
Michael Ravel,1,1,0
Michael Saha,1,1,0
Michael Sen,1,1,0
Michael Shetty,1,1,1
Michael Sodhi,1,1,0
Michael Sridhar,1,1,1
Michael Sundaram,1,1,0
Michael Tara,1,1,0
Michael Thaker,1,1,0
Michael Varkey,1,1,0
Michael Wable,1,1,0
Michael Yadav,1,1,0
Mitali Bhandari,1,1,1
Mitali Bhasin,1,1,0
Mitali Bobal,1,1,0
Mitali Bora,1,1,0
Mitali Buch,1,1,0
Mitali Chaudhry,1,1,0
Mitali Cheema,2,2,0
Mitali Choudhry,1,1,1
Mitali D’Alia,1,1,0
Mitali Ganesh,1,1,0
Mitali Halder,1,1,0
Mitali Hegde,2,2,0
Mitali Iyer,2,2,0
Mitali Kale,1,1,0
Mitali Kashyap,1,1,0
Mitali Kaul,1,1,0
Mitali Krishnamurthy,1,1,0
Mitali Lalla,2,2,1
Mitali Lanka,2,2,0
Mitali Lata,1,1,0
Mitali Loke,1,1,0
Mitali Madan,1,1,0
Mitali Mahajan,1,1,0
Mitali Mandal,1,1,0
Mitali Mani,1,1,0
Mitali Menon,1,1,0
Mitali Mistry,2,2,0
Mitali Mohan,1,1,1
Mitali Munshi,1,1,0
Mitali Narang,1,1,0
Mitali Nazareth,1,1,0
Mitali Pal,1,1,0
Mitali Pandey,1,1,0
Mitali Pandya,1,1,1
Mitali Parekh,1,1,0
Mitali Patel,1,1,0
Mitali Ramachandran,1,1,0
Mitali Rout,1,1,0
Mitali Sani,1,1,0
Mitali Sarma,2,2,0
Mitali Sarna,1,1,0
Mitali Setty,2,2,0
Mitali Srinivas,1,1,0
Mitali Wagle,1,1,0
Mitesh Ahuja,1,1,0
Mitesh Baral,1,1,0
Mitesh Bhagat,1,1,0
Mitesh Bhakta,1,1,0
Mitesh Bhatti,1,1,0
Mitesh Bora,1,1,0
Mitesh Chanda,1,1,0
Mitesh Comar,1,1,0
Mitesh Devi,1,1,0
Mitesh Ghosh,1,1,0
Mitesh Goel,1,1,0
Mitesh Gopal,1,1,0
Mitesh Hora,1,1,0
Mitesh Kale,1,1,0
Mitesh Kalita,1,1,0
Mitesh Korpal,1,1,0
Mitesh Krishnamurthy,1,1,1
Mitesh Krishnan,1,1,1
Mitesh Lanka,1,1,0
Mitesh Malhotra,1,1,0
Mitesh Mall,1,1,0
Mitesh Mallick,1,1,0
Mitesh Mangal,1,1,0
Mitesh Manne,1,1,0
Mitesh Morar,1,1,0
Mitesh Nagar,1,1,0
Mitesh Narayan,1,1,1
Mitesh Nayar,1,1,0
Mitesh Oommen,1,1,0
Mitesh Pall,1,1,1
Mitesh Pandit,1,1,1
Mitesh Parmer,1,1,0
Mitesh Patel,1,1,0
Mitesh Patla,1,1,0
Mitesh Sane,1,1,0
Mitesh Sani,1,1,0
Mitesh Sarma,1,1,0
Mitesh Seth,1,1,1
Mitesh Shah,1,1,0
Mitesh Sibal,1,1,0
Mitesh Srinivasan,1,1,0
Mitesh Suri,1,1,0
Mitesh Swamy,1,1,0
Mitesh Tak,1,1,0
Mitesh Thakkar,1,1,0
Mitesh Uppal,1,1,0
Mitesh Varughese,1,1,0
Mitesh Verma,1,1,0
Mitesh Wable,1,1,0
Mitesh Wagle,1,1,1
Mohammed Ahluwalia,1,1,0
Mohammed Arya,1,1,0
Mohammed Bail,1,1,0
Mohammed Bal,1,1,0
Mohammed Balan,1,1,0
Mohammed Ben,1,1,1
Mohammed Bhandari,1,1,0
Mohammed Bhardwaj,1,1,0
Mohammed Boase,1,1,0
Mohammed Bumb,1,1,0
Mohammed Chana,1,1,0
Mohammed Chandra,1,1,0
Mohammed Chopra,1,1,0
Mohammed Ganguly,1,1,0
Mohammed Ghose,1,1,0
Mohammed Goel,1,1,0
Mohammed Hans,1,1,1
Mohammed Kade,1,1,0
Mohammed Kari,1,1,0
Mohammed Khare,1,1,0
Mohammed Kota,1,1,0
Mohammed Kothari,1,1,0
Mohammed Krishna,1,1,0
Mohammed Lall,1,1,0
Mohammed Mandal,1,1,0
Mohammed Mangal,1,1,0
Mohammed Mitter,1,1,0
Mohammed Mohanty,1,1,0
Mohammed Pai,1,1,0
Mohammed Pant,1,1,0
Mohammed Parikh,1,1,0
Mohammed Prabhakar,1,1,0
Mohammed Purohit,1,1,0
Mohammed Ramakrishnan,1,1,0
Mohammed Samra,1,1,0
Mohammed Sem,1,1,0
Mohammed Shah,1,1,0
Mohammed Shenoy,1,1,0
Mohammed Sridhar,1,1,0
Mohammed Sundaram,1,1,0
Mohammed Sunder,1,1,0
Mohammed Taneja,1,1,0
Mohammed Vaidya,1,1,0
Mohammed Venkataraman,1,1,0
Mohini Apte,1,1,0
Mohini Balakrishnan,1,1,1
Mohini Balasubramanian,1,1,0
Mohini Bandi,1,1,0
Mohini Bedi,1,1,0
Mohini Borah,1,1,1
Mohini Chadha,1,1,0
Mohini Chakraborty,1,1,0
Mohini Chaudhuri,1,1,0
Mohini Cherian,1,1,0
Mohini Dora,1,1,0
Mohini Gaba,1,1,0
Mohini Gandhi,1,1,0
Mohini Goda,1,1,0
Mohini Goel,1,1,0
Mohini Gole,1,1,1
Mohini Goyal,1,1,0
Mohini Jain,1,1,0
Mohini Jayaraman,1,1,0
Mohini Jha,1,1,0
Mohini Kala,1,1,0
Mohini Kalla,2,2,0
Mohini Kapadia,1,1,0
Mohini Kara,1,1,0
Mohini Kuruvilla,1,1,0
Mohini Lanka,1,1,0
Mohini Mittal,1,1,0
Mohini Modi,1,1,0
Mohini Naik,1,1,0
Mohini Nigam,1,1,0
Mohini Om,1,1,0
Mohini Pathak,1,1,0
Mohini Prabhakar,1,1,0
Mohini Ramesh,1,1,0
Mohini Rao,1,1,0
Mohini Roy,1,1,0
Mohini Sachdev,1,1,1
Mohini Sekhon,1,1,0
Mohini Sha,1,1,0
Mohini Sheth,1,1,0
Mohini Som,2,2,0
Mohini Subramanian,1,1,0
Mohini Tripathi,1,1,0
Mohini Trivedi,1,1,0
Mohini Virk,1,1,0
Mugdha Arora,1,1,0
Mugdha Banerjee,1,1,0
Mugdha Baria,1,1,0
Mugdha Bedi,1,1,0
Mugdha Behl,1,1,0
Mugdha Bhakta,1,1,0
Mugdha Bhargava,1,1,0
Mugdha Borah,1,1,0
Mugdha Cheema,1,1,0
Mugdha Dara,1,1,0
Mugdha Dave,1,1,0
Mugdha Devi,1,1,0
Mugdha Dhingra,1,1,0
Mugdha D’Alia,1,1,0
Mugdha Iyengar,1,1,0
Mugdha Kakar,1,1,1
Mugdha Kala,1,1,0
Mugdha Kaur,1,1,0
Mugdha Kibe,1,1,0
Mugdha Krishnamurthy,1,1,0
Mugdha Lad,1,1,0
Mugdha Mallick,1,1,1
Mugdha Modi,1,1,0
Mugdha Natt,1,1,0
Mugdha Palla,1,1,0
Mugdha Parsa,1,1,0
Mugdha Prabhu,1,1,0
Mugdha Sachar,1,1,1
Mugdha Sangha,1,1,0
Mugdha Sani,1,1,0
Mugdha Saraf,1,1,0
Mugdha Shankar,1,1,0
Mugdha Swaminathan,1,1,0
Mugdha Varghese,1,1,0
Mugdha Varty,1,1,0
Mugdha Wali,1,1,0
Mugdha Zacharia,1,1,0
Nachiket Aggarwal,1,1,0
Nachiket Ahuja,2,2,0
Nachiket Baral,1,1,0
Nachiket Baria,1,1,0
Nachiket Bhakta,1,1,0
Nachiket Borde,1,1,0
Nachiket Brar,1,1,1
Nachiket Chahal,1,1,0
Nachiket Chakraborty,1,1,0
Nachiket Chand,1,1,1
Nachiket Chopra,1,1,0
Nachiket Contractor,2,2,0
Nachiket Dash,1,1,0
Nachiket Divan,1,1,0
Nachiket Doshi,1,1,0
Nachiket Ganguly,2,2,1
Nachiket Gara,2,2,0
Nachiket Gera,1,1,0
Nachiket Gill,1,1,0
Nachiket Goda,1,1,0
Nachiket Grover,1,1,0
Nachiket Kakar,1,1,0
Nachiket Kala,1,1,0
Nachiket Kaur,1,1,0
Nachiket Keer,1,1,0
Nachiket Khare,1,1,0
Nachiket Lanka,1,1,0
Nachiket Mall,1,1,0
Nachiket Mann,1,1,0
Nachiket Mannan,1,1,1
Nachiket Mital,1,1,0
Nachiket Modi,1,1,0
Nachiket Mohanty,1,1,0
Nachiket Nadig,1,1,0
Nachiket Nagi,1,1,0
Nachiket Nanda,2,2,0
Nachiket Narayan,1,1,0
Nachiket Palan,1,1,0
Nachiket Parsa,1,1,1
Nachiket Prashad,1,1,0
Nachiket Raghavan,1,1,0
Nachiket Rajagopalan,1,1,0
Nachiket Rajan,2,2,1
Nachiket Ram,1,1,0
Nachiket Ramesh,1,1,0
Nachiket Sane,1,1,0
Nachiket Shenoy,1,1,0
Nachiket Subramaniam,1,1,0
Nachiket Subramanian,1,1,0
Nachiket Tak,1,1,0
Nachiket Thakkar,2,2,0
Nachiket Vala,1,1,0
Nachiket Varghese,1,1,0
Nachiket Wadhwa,1,1,0
Nachiket Wagle,1,1,0
Nachiket Zachariah,1,1,0
Naksh Arora,1,1,0
Naksh Arya,1,1,0
Naksh Bahl,1,1,0
Naksh Bhasin,1,1,0
Naksh Bora,1,1,0
Naksh Chaudhary,1,1,0
Naksh Chaudhry,1,1,0
Naksh Date,1,1,0
Naksh Doshi,1,1,0
Naksh Dubey,1,1,1
Naksh Dutta,1,1,0
Naksh Gaba,2,2,0
Naksh Ganesan,1,1,0
Naksh Goel,1,1,0
Naksh Goyal,1,1,0
Naksh Iyengar,1,1,0
Naksh Kanda,1,1,0
Naksh Krishna,1,1,0
Naksh Krishnamurthy,2,2,0
Naksh Mandal,1,1,0
Naksh Master,1,1,0
Naksh Morar,1,1,0
Naksh Pant,1,1,0
Naksh Parikh,1,1,0
Naksh Pathak,1,1,0
Naksh Radhakrishnan,1,1,0
Naksh Raja,1,1,0
Naksh Rajagopal,1,1,0
Naksh Rastogi,1,1,0
Naksh Sankaran,1,1,0
Naksh Sarma,1,1,0
Naksh Sawhney,1,1,0
Naksh Soman,1,1,0
Naksh Sunder,1,1,1
Naksh Suri,1,1,0
Naksh Varma,1,1,0
Naksh Varughese,1,1,0
Naksh Wable,1,1,0
Naksh Wadhwa,1,1,0
Naksh Wagle,1,1,0
Naksh Wason,1,1,0
Naksh Yohannan,1,1,0
Nakul Aurora,1,1,0
Nakul Babu,1,1,0
Nakul Badal,1,1,1
Nakul Bains,1,1,0
Nakul Bajwa,1,1,0
Nakul Banerjee,2,2,1
Nakul Bansal,1,1,0
Nakul Bath,1,1,0
Nakul Bhasin,1,1,1
Nakul Bhatnagar,1,1,0
Nakul Borra,1,1,0
Nakul Chacko,1,1,1
Nakul Chokshi,1,1,0
Nakul Dara,1,1,0
Nakul Dayal,1,1,0
Nakul Deol,1,1,0
Nakul Deshmukh,1,1,0
Nakul Dewan,1,1,0
Nakul Dhingra,1,1,0
Nakul Divan,1,1,0
Nakul Edwin,1,1,0
Nakul Gaba,1,1,1
Nakul Ganesan,1,1,0
Nakul Ganguly,1,1,0
Nakul Garg,1,1,0
Nakul Ghosh,1,1,0
Nakul Gola,2,2,0
Nakul Gulati,1,1,0
Nakul Gupta,1,1,0
Nakul Kannan,1,1,0
Nakul Kota,1,1,0
Nakul Krishna,1,1,0
Nakul Mane,1,1,0
Nakul Mannan,1,1,0
Nakul Merchant,1,1,0
Nakul Misra,1,1,0
Nakul Mody,1,1,0
Nakul Nagar,1,1,0
Nakul Nath,1,1,0
Nakul Padmanabhan,1,1,0
Nakul Palla,1,1,0
Nakul Parsa,1,1,0
Nakul Prasad,1,1,0
Nakul Puri,1,1,0
Nakul Ray,1,1,0
Nakul Sane,1,1,1
Nakul Sanghvi,1,1,0
Nakul Sehgal,1,1,1
Nakul Shanker,1,1,0
Nakul Sharaf,1,1,0
Nakul Shere,1,1,0
Nakul Sur,2,2,0
Nakul Tara,1,1,0
Nakul Thakkar,1,1,1
Nakul Varghese,1,1,0
Nakul Varma,1,1,0
Nakul Varughese,1,1,1
Nakul Yogi,1,1,1
Nakul Zachariah,1,1,0
Nandini Agate,1,1,0
Nandini Bala,1,1,0
Nandini Batra,1,1,0
Nandini Bhatnagar,1,1,0
Nandini Bhatti,1,1,0
Nandini Borde,1,1,0
Nandini Borra,1,1,0
Nandini Dara,1,1,0
Nandini Desai,1,1,1
Nandini Dhingra,1,1,0
Nandini Doctor,1,1,0
Nandini Edwin,1,1,1
Nandini Gala,1,1,0
Nandini Goel,1,1,0
Nandini Goyal,1,1,0
Nandini Gupta,1,1,0
Nandini Jayaraman,1,1,0
Nandini Joshi,1,1,1
Nandini Kade,1,1,0
Nandini Kibe,1,1,0
Nandini Mangal,1,1,0
Nandini Misra,1,1,0
Nandini Modi,1,1,0
Nandini Murty,1,1,0
Nandini Narain,1,1,1
Nandini Narayanan,1,1,0
Nandini Parekh,1,1,0
Nandini Pau,1,1,0
Nandini Sachar,1,1,0
Nandini Sarin,1,1,0
Nandini Sethi,1,1,0
Nandini Singh,1,1,0
Nandini Solanki,1,1,0
Nandini Sunder,1,1,1
Nandini Thakkar,1,1,0
Nandini Thakur,1,1,0
Nandini Uppal,1,1,0
Nandini Venkataraman,1,1,0
Nandini Vig,1,1,0
Nandini Yadav,1,1,0
Nandini Zacharia,1,1,0
Nathan Amble,1,1,1
Nathan Balay,1,1,0
Nathan Bobal,1,1,0
Nathan Char,1,1,0
Nathan Chatterjee,1,1,1
Nathan Dara,1,1,0
Nathan Dayal,1,1,0
Nathan Dhaliwal,1,1,0
Nathan Dhillon,1,1,0
Nathan Goda,1,1,0
Nathan Goel,1,1,0
Nathan Grewal,1,1,0
Nathan Karpe,1,1,1
Nathan Lanka,1,1,0
Nathan Mahal,1,1,0
Nathan Mangat,1,1,0
Nathan Mani,1,1,0
Nathan Modi,1,1,0
Nathan Mukherjee,1,1,0
Nathan Nagarajan,1,1,0
Nathan Nair,1,1,0
Nathan Patel,1,1,1
Nathan Pau,1,1,0
Nathan Prakash,1,1,1
Nathan Rastogi,1,1,0
Nathan Sani,1,1,1
Nathan Sant,1,1,0
Nathan Saran,1,1,0
Nathan Sidhu,1,1,0
Nathan Soni,1,1,0
Nathan Thakur,1,1,0
Nathan Tripathi,1,1,1
Nathan Varughese,1,1,0
Nathan Vig,1,1,0
Nathaniel Agarwal,1,1,0
Nathaniel Agate,1,1,1
Nathaniel Bala,1,1,0
Nathaniel Balan,1,1,0
Nathaniel Bali,1,1,0
Nathaniel Bhatnagar,1,1,0
Nathaniel Buch,1,1,1
Nathaniel Dada,1,1,0
Nathaniel Dar,1,1,0
Nathaniel Das,1,1,0
Nathaniel Dass,1,1,0
Nathaniel De,1,1,0
Nathaniel Doctor,1,1,0
Nathaniel Dubey,1,1,0
Nathaniel Gole,1,1,0
Nathaniel Goswami,1,1,0
Nathaniel Guha,1,1,0
Nathaniel Hayer,1,1,0
Nathaniel Jain,1,1,0
Nathaniel Kunda,1,1,0
Nathaniel Malhotra,1,1,0
Nathaniel Mand,1,1,0
Nathaniel Manda,1,1,0
Nathaniel Mani,1,1,0
Nathaniel Mann,1,1,0
Nathaniel Mital,1,1,0
Nathaniel Modi,1,1,0
Nathaniel Mody,1,1,0
Nathaniel Nagy,1,1,0
Nathaniel Nair,1,1,0
Nathaniel Panchal,1,1,0
Nathaniel Pandit,1,1,0
Nathaniel Parmar,1,1,0
Nathaniel Roy,2,2,0
Nathaniel Sane,1,1,0
Nathaniel Sengupta,2,2,1
Nathaniel Shah,1,1,0
Nathaniel Singh,1,1,0
Nathaniel Suri,1,1,0
Nathaniel Varkey,1,1,0
Nathaniel Wali,1,1,0
Nathaniel Zachariah,1,1,0
Naveen Bahl,1,1,0
Naveen Banerjee,1,1,1
Naveen Baral,1,1,1
Naveen Batta,1,1,0
Naveen Bhandari,1,1,0
Naveen Bhatia,2,2,0
Naveen Bhatnagar,1,1,0
Naveen Biswas,1,1,2
Naveen Bobal,1,1,0
Naveen Chana,1,1,0
Naveen Chaudhari,1,1,0
Naveen Choudhary,1,1,0
Naveen Chowdhury,1,1,0
Naveen Dada,1,1,0
Naveen Deshpande,1,1,0
Naveen Dhar,1,1,0
Naveen Dhawan,1,1,1
Naveen Dugar,1,1,0
Naveen Gade,1,1,0
Naveen Ghose,1,1,0
Naveen Gola,1,1,1
Naveen Hayer,1,1,0
Naveen Jayaraman,1,1,0
Naveen Korpal,1,1,0
Naveen Kumer,1,1,0
Naveen Mangal,1,1,0
Naveen Mannan,1,1,0
Naveen Master,1,1,0
Naveen Mitra,1,1,0
Naveen Morar,1,1,0
Naveen Mukhopadhyay,1,1,0
Naveen Nadig,1,1,1
Naveen Nayak,1,1,0
Naveen Oak,1,1,0
Naveen Pingle,1,1,0
Naveen Rama,1,1,0
Naveen Ratta,1,1,0
Naveen Ravi,1,1,0
Naveen Sabharwal,1,1,0
Naveen Sahni,2,2,0
Naveen Sastry,1,1,0
Naveen Sharma,1,1,0
Naveen Sheth,1,1,0
Naveen Shroff,1,1,0
Naveen Sidhu,1,1,0
Naveen Srivastava,1,1,0
Naveen Suresh,1,1,0
Naveen Tandon,1,1,0
Naveen Thakur,1,1,0
Naveen Tripathi,1,1,0
Naveen Uppal,1,1,0
Naveen Wali,1,1,1
Neel Agate,1,1,0
Neel Agrawal,1,1,0
Neel Andra,1,1,0
Neel Aurora,1,1,0
Neel Bahl,1,1,0
Neel Bail,1,1,1
Neel Banik,1,1,0
Neel Barad,1,1,1
Neel Barman,1,1,0
Neel Bhakta,1,1,0
Neel Bhattacharyya,2,2,0
Neel Dasgupta,1,1,0
Neel Dhillon,1,1,0
Neel Din,1,1,0
Neel Ganesan,1,1,0
Neel Gole,1,1,0
Neel Johal,1,1,0
Neel Karan,2,2,0
Neel Kashyap,1,1,0
Neel Keer,1,1,0
Neel Khanna,1,1,0
Neel Kumer,1,1,0
Neel Loyal,1,1,0
Neel Malhotra,1,1,1
Neel Narasimhan,1,1,0
Neel Pant,1,1,0
Neel Prashad,2,2,0
Neel Puri,1,1,0
Neel Rajan,1,1,0
Neel Ramesh,1,1,0
Neel Rao,1,1,0
Neel Ravel,1,1,0
Neel Sandal,1,1,0
Neel Sarkar,1,1,0
Neel Sengupta,1,1,0
Neel Seth,1,1,0
Neel Setty,1,1,0
Neel Sibal,1,1,0
Neel Srinivas,1,1,1
Neel Srinivasan,1,1,0
Neel Sundaram,1,1,0
Neel Sur,1,1,0
Neel Suresh,1,1,0
Neel Varma,1,1,0
Neel Warrior,1,1,0
Neelima Apte,1,1,0
Neelima Bajaj,1,1,0
Neelima Bath,1,1,0
Neelima Bava,1,1,0
Neelima Bhakta,1,1,0
Neelima Chaudhari,1,1,0
Neelima Gandhi,1,1,0
Neelima Gulati,1,1,0
Neelima Iyer,1,1,0
Neelima Kalita,1,1,0
Neelima Kamdar,1,1,0
Neelima Kanda,1,1,1
Neelima Karan,1,1,0
Neelima Kunda,1,1,1
Neelima Mahal,1,1,0
Neelima Narasimhan,1,1,0
Neelima Natt,1,1,0
Neelima Nayar,1,1,0
Neelima Pau,1,1,0
Neelima Prabhakar,1,1,0
Neelima Prakash,1,1,1
Neelima Ramesh,1,1,0
Neelima Savant,1,1,0
Neelima Srinivas,1,1,1
Neelima Upadhyay,1,1,0
Neelima Walla,1,1,0
Neha Ahluwalia,1,1,0
Neha Apte,1,1,0
Neha Balasubramanian,1,1,0
Neha Bhatnagar,1,1,0
Neha Biswas,1,1,0
Neha Borra,1,1,0
Neha Bumb,1,1,0
Neha Chandra,1,1,0
Neha Das,1,1,0
Neha Dasgupta,1,1,0
Neha Deshmukh,1,1,0
Neha Edwin,1,1,0
Neha Gara,1,1,0
Neha Gopal,1,1,0
Neha Goyal,1,1,0
Neha Gulati,1,1,0
Neha Halder,1,1,0
Neha Kanda,1,1,0
Neha Karan,2,2,1
Neha Khare,1,1,0
Neha Krish,1,1,1
Neha Krishnan,1,1,0
Neha Kuruvilla,1,1,0
Neha Lala,1,1,0
Neha Lanka,1,1,0
Neha Mangal,1,1,0
Neha Mani,1,1,0
Neha Mann,1,1,0
Neha Manne,1,1,0
Neha Modi,1,1,0
Neha Murthy,1,1,0
Neha Pall,1,1,0
Neha Prabhu,1,1,0
Neha Puri,1,1,0
Neha Ram,1,1,0
Neha Rama,1,1,0
Neha Rattan,1,1,0
Neha Sankar,1,1,0
Neha Sant,1,1,0
Neha Sarna,1,1,0
Neha Seshadri,1,1,0
Neha Sharaf,1,1,0
Neha Shroff,1,1,0
Neha Singhal,1,1,0
Neha Suri,1,1,0
Neha Swamy,1,1,0
Neha Tata,1,1,0
Neha Wali,1,1,0
Neha Wason,1,1,0
Neha Yadav,1,1,0
Netra Agate,1,1,0
Netra Arora,1,1,0
Netra Babu,1,1,0
Netra Bajaj,1,1,0
Netra Bal,1,1,0
Netra Balay,1,1,0
Netra Bali,1,1,1
Netra Bhandari,1,1,1
Netra Bhatia,1,1,0
Netra Chana,1,1,0
Netra Chokshi,1,1,0
Netra Comar,1,1,0
Netra Dhaliwal,1,1,0
Netra Dora,1,1,1
Netra Dugar,1,1,0
Netra Goda,1,1,0
Netra Hayre,1,1,0
Netra Kalita,1,1,0
Netra Kaur,1,1,0
Netra Keer,1,1,0
Netra Konda,1,1,0
Netra Krishnan,1,1,0
Netra Magar,1,1,0
Netra Mangal,1,1,0
Netra Mohanty,1,1,0
Netra Mutti,1,1,0
Netra Nagarajan,1,1,0
Netra Narayan,1,1,0
Netra Oommen,1,1,1
Netra Palla,1,1,1
Netra Pingle,1,1,0
Netra Ratta,1,1,0
Netra Rau,1,1,0
Netra Sachar,1,1,0
Netra Salvi,1,1,0
Netra Sanghvi,1,1,0
Netra Sarma,1,1,0
Netra Sethi,1,1,0
Netra Shanker,1,1,0
Netra Shukla,1,1,0
Netra Sule,1,1,0
Netra Tata,1,1,1
Netra Varughese,1,1,1
Netra Walia,1,1,0
Nicholas Anand,1,1,1
Nicholas Bajaj,1,1,0
Nicholas Behl,1,1,2
Nicholas Butala,1,1,0
Nicholas Chakraborty,1,1,0
Nicholas Choudhry,1,1,0
Nicholas Dada,1,1,0
Nicholas Dasgupta,1,1,0
Nicholas Dyal,1,1,0
Nicholas Gala,1,1,0
Nicholas Gole,2,2,0
Nicholas Kalita,1,1,0
Nicholas Koshy,1,1,0
Nicholas Krish,1,1,0
Nicholas Loyal,1,1,0
Nicholas Mallick,1,1,0
Nicholas Memon,1,1,0
Nicholas Menon,1,1,0
Nicholas Naidu,1,1,0
Nicholas Nanda,1,1,0
Nicholas Natt,1,1,0
Nicholas Nazareth,1,1,0
Nicholas Nigam,1,1,0
Nicholas Oak,1,1,0
Nicholas Pau,2,2,0
Nicholas Purohit,1,1,0
Nicholas Ramachandran,1,1,0
Nicholas Ray,1,1,0
Nicholas Sandhu,1,1,0
Nicholas Sankaran,1,1,0
Nicholas Sarin,2,2,0
Nicholas Shan,1,1,0
Nicholas Sharaf,1,1,0
Nicholas Sheth,1,1,1
Nicholas Singh,1,1,0
Nicholas Sridhar,1,1,0
Nicholas Subramanian,1,1,0
Nicholas Sura,1,1,1
Nicholas Taneja,1,1,0
Nicholas Vala,1,1,0
Nicholas Varma,1,1,0
Nicholas Verma,1,1,0
Nicholas Wadhwa,1,1,0
Nidhi Bail,1,1,0
Nidhi Banerjee,1,1,0
Nidhi Bath,1,1,1
Nidhi Ben,1,1,0
Nidhi Bera,1,1,0
Nidhi Bhatti,1,1,0
Nidhi Chander,1,1,0
Nidhi Chandra,1,1,1
Nidhi Chaudry,1,1,0
Nidhi De,1,1,0
Nidhi Deo,1,1,0
Nidhi Doshi,1,1,0
Nidhi Gera,1,1,0
Nidhi Ghosh,1,1,0
Nidhi Gola,1,1,0
Nidhi Khare,1,1,0
Nidhi Krishnamurthy,1,1,0
Nidhi Lad,1,1,0
Nidhi Lanka,1,1,0
Nidhi Loke,1,1,0
Nidhi Mallick,1,1,0
Nidhi Mane,1,1,0
Nidhi Mutti,1,1,0
Nidhi Nadig,1,1,0
Nidhi Pal,1,1,0
Nidhi Parmar,1,1,0
Nidhi Patel,1,1,0
Nidhi Prabhu,1,1,0
Nidhi Ramaswamy,1,1,2
Nidhi Ravel,2,2,0
Nidhi Reddy,1,1,0
Nidhi Sami,1,1,0
Nidhi Sawhney,2,2,0
Nidhi Sem,1,1,0
Nidhi Sen,1,1,0
Nidhi Seshadri,1,1,0
Nidhi Shanker,1,1,0
Nidhi Sodhi,2,2,0
Nidhi Sood,1,1,0
Nidhi Sridhar,2,2,0
Nidhi Suri,1,1,0
Nidhi Swamy,1,1,0
Nidhi Tara,1,1,0
Nidhi Tella,1,1,0
Nidra Bakshi,1,1,0
Nidra Bala,1,1,0
Nidra Bali,1,1,0
Nidra Behl,1,1,0
Nidra Bhargava,1,1,0
Nidra Bhat,1,1,0
Nidra Bhatnagar,1,1,0
Nidra Bora,1,1,0
Nidra Chakrabarti,1,1,0
Nidra Chhabra,1,1,0
Nidra Choudhary,1,1,0
Nidra Dani,1,1,0
Nidra Dara,1,1,0
Nidra Dewan,1,1,0
Nidra Dhaliwal,1,1,0
Nidra Garde,1,1,0
Nidra Garg,1,1,0
Nidra Ghose,1,1,0
Nidra Guha,1,1,0
Nidra Issac,1,1,0
Nidra Kade,1,1,0
Nidra Kala,1,1,0
Nidra Kibe,1,1,0
Nidra Kohli,1,1,0
Nidra Mannan,1,1,0
Nidra Mittal,1,1,0
Nidra Nadkarni,1,1,0
Nidra Patel,1,1,0
Nidra Patla,1,1,0
Nidra Pau,1,1,0
Nidra Pingle,1,1,0
Nidra Pradhan,1,1,0
Nidra Raja,1,1,0
Nidra Ray,1,1,0
Nidra Sama,1,1,0
Nidra Saxena,1,1,0
Nidra Seth,1,1,0
Nidra Shan,1,1,0
Nidra Solanki,1,1,0
Nidra Talwar,2,2,1
Nidra Thakkar,1,1,0
Nidra Vala,1,1,0
Nidra Vasa,1,1,0
Nidra Verma,1,1,0
Nihal Bahl,1,1,0
Nihal Bhasin,1,1,0
Nihal Bhatia,1,1,0
Nihal Borde,1,1,0
Nihal Buch,1,1,0
Nihal Chaudhuri,1,1,0
Nihal Devi,1,1,0
Nihal Ghose,1,1,0
Nihal Gole,1,1,0
Nihal Issac,1,1,1
Nihal Johal,1,1,0
Nihal Kala,1,1,1
Nihal Koshy,1,1,0
Nihal Kothari,1,1,0
Nihal Kuruvilla,1,1,0
Nihal Lal,1,1,0
Nihal Lata,1,1,0
Nihal Magar,1,1,0
Nihal Maharaj,1,1,0
Nihal Mandal,1,1,0
Nihal Mitter,1,1,0
Nihal Nayak,1,1,0
Nihal Palan,1,1,0
Nihal Palla,1,1,1
Nihal Pandya,2,2,0
Nihal Parikh,1,1,0
Nihal Prabhu,1,1,0
Nihal Prakash,1,1,0
Nihal Puri,1,1,0
Nihal Rana,1,1,0
Nihal Sahota,1,1,0
Nihal Sangha,1,1,0
Nihal Saran,1,1,0
Nihal Sarna,1,1,0
Nihal Varughese,1,1,0
Nihal Wable,2,2,0
Nihal Warrior,1,1,0
Niharika Ahuja,1,1,0
Niharika Aurora,1,1,0
Niharika Balay,1,1,0
Niharika Bali,1,1,0
Niharika Barman,1,1,0
Niharika Basu,1,1,0
Niharika Bhatia,1,1,0
Niharika Buch,1,1,0
Niharika Chacko,1,1,0
Niharika Dasgupta,1,1,0
Niharika Dass,1,1,0
Niharika De,1,1,0
Niharika Dewan,1,1,0
Niharika Dhillon,1,1,0
Niharika Edwin,1,1,0
Niharika Garg,1,1,0
Niharika Ghosh,1,1,0
Niharika Gopal,1,1,0
Niharika Iyer,1,1,0
Niharika Jain,1,1,0
Niharika Khanna,1,1,1
Niharika Khare,1,1,0
Niharika Konda,1,1,0
Niharika Mander,1,1,0
Niharika Mane,1,1,0
Niharika Mani,1,1,0
Niharika Merchant,2,2,0
Niharika Pai,2,2,0
Niharika Raj,1,1,0
Niharika Rege,1,1,0
Niharika Sahni,1,1,0
Niharika Sant,1,1,0
Niharika Sheth,1,1,0
Niharika Soman,1,1,0
Niharika Subramanian,1,1,0
Niharika Suresh,1,1,0
Niharika Uppal,1,1,0
Niharika Vig,1,1,0
Nikita Agate,1,1,0
Nikita Badami,1,1,0
Nikita Balasubramanian,1,1,0
Nikita Bera,1,1,0
Nikita Bhargava,1,1,0
Nikita Chaudhuri,1,1,0
Nikita Contractor,1,1,0
Nikita Dara,1,1,0
Nikita De,1,1,1
Nikita Deo,1,1,0
Nikita Doshi,1,1,0
Nikita Dubey,1,1,1
Nikita Jain,1,1,0
Nikita Kapadia,1,1,0
Nikita Kapoor,1,1,0
Nikita Kota,1,1,0
Nikita Lalla,1,1,0
Nikita Maharaj,1,1,1
Nikita Mandal,1,1,0
Nikita Mishra,1,1,1
Nikita Mitter,1,1,0
Nikita Munshi,1,1,0
Nikita Nadig,1,1,1
Nikita Naik,1,1,0
Nikita Parikh,1,1,0
Nikita Pillai,1,1,0
Nikita Pillay,1,1,0
Nikita Prasad,1,1,0
Nikita Rattan,1,1,0
Nikita Sankar,1,1,0
Nikita Saraf,1,1,0
Nikita Sarkar,1,1,0
Nikita Sathe,1,1,0
Nikita Shah,1,1,0
Nikita Srivastava,1,1,0
Nikita Tak,1,1,0
Nikita Tata,1,1,0
Nikita Thaker,1,1,0
Nikita Thakkar,1,1,0
Nikita Varkey,1,1,0
Nikita Vohra,1,1,0
Nilima Arora,1,1,1
Nilima Basu,1,1,0
Nilima Bhat,1,1,0
Nilima Bhatnagar,1,1,0
Nilima Chad,1,1,0
Nilima Chana,1,1,0
Nilima Chatterjee,1,1,0
Nilima Deep,1,1,0
Nilima Desai,1,1,1
Nilima Dhar,1,1,0
Nilima Dyal,1,1,0
Nilima Gara,1,1,0
Nilima Gour,1,1,0
Nilima Hans,1,1,0
Nilima Iyer,1,1,0
Nilima Jha,1,1,0
Nilima Jhaveri,1,1,0
Nilima Johal,1,1,0
Nilima Kadakia,1,1,0
Nilima Kala,1,1,0
Nilima Khare,1,1,0
Nilima Khatri,1,1,0
Nilima Kumar,1,1,0
Nilima Loke,1,1,0
Nilima Mammen,2,2,0
Nilima Merchant,1,1,0
Nilima Nagi,1,1,0
Nilima Narang,1,1,0
Nilima Rama,1,1,0
Nilima Rege,1,1,1
Nilima Sarraf,1,1,0
Nilima Shankar,2,2,0
Nilima Suri,1,1,0
Nilima Tandon,1,1,0
Nilima Varghese,1,1,1
Nilima Zacharia,1,1,0
Nimrat Agate,1,1,0
Nimrat Ahluwalia,1,1,0
Nimrat Aurora,1,1,0
Nimrat Bajwa,1,1,0
Nimrat Balay,1,1,1
Nimrat Bedi,2,2,1
Nimrat Bhat,1,1,0
Nimrat Bhatia,1,1,0
Nimrat Bora,2,2,0
Nimrat Buch,1,1,0
Nimrat Chander,2,2,0
Nimrat Dave,1,1,0
Nimrat De,1,1,0
Nimrat Ghose,1,1,0
Nimrat Gopal,1,1,0
Nimrat Johal,1,1,0
Nimrat Joshi,1,1,1
Nimrat Kala,1,1,0
Nimrat Kannan,1,1,0
Nimrat Karan,1,1,0
Nimrat Khalsa,1,1,1
Nimrat Konda,1,1,0
Nimrat Kurian,1,1,0
Nimrat Lala,1,1,0
Nimrat Loke,2,2,0
Nimrat Madan,1,1,0
Nimrat Merchant,2,2,0
Nimrat Munshi,1,1,0
Nimrat Nadig,1,1,1
Nimrat Nagar,1,1,0
Nimrat Nagi,1,1,0
Nimrat Padmanabhan,1,1,0
Nimrat Pai,1,1,0
Nimrat Pall,1,1,1
Nimrat Peri,1,1,0
Nimrat Pradhan,1,1,0
Nimrat Puri,1,1,0
Nimrat Raghavan,1,1,0
Nimrat Rajagopalan,1,1,0
Nimrat Rao,1,1,0
Nimrat Sant,1,1,0
Nimrat Sehgal,1,1,0
Nimrat Shanker,1,1,0
Nimrat Subramaniam,1,1,0
Nimrat Tank,1,1,0
Nimrat Varma,1,1,0
Nimrat Vasa,1,1,0
Nimrat Wagle,1,1,0
Nimrat Wali,1,1,0
Nimrat Walia,1,1,0
Nirja Aggarwal,1,1,1
Nirja Ahuja,1,1,0
Nirja Barad,1,1,0
Nirja Bhagat,1,1,0
Nirja Bhalla,1,1,0
Nirja Bhardwaj,1,1,0
Nirja Bhattacharyya,1,1,0
Nirja Chanda,1,1,0
Nirja Chandra,1,1,0
Nirja Datta,1,1,2
Nirja Dhar,1,1,0
Nirja Doshi,1,1,0
Nirja Dubey,2,2,0
Nirja Dyal,1,1,0
Nirja Ghosh,1,1,0
Nirja Gill,1,1,0
Nirja Gour,1,1,0
Nirja Hora,1,1,0
Nirja Iyer,1,1,0
Nirja Kannan,1,1,0
Nirja Keer,1,1,0
Nirja Krishnan,1,1,0
Nirja Kurian,1,1,0
Nirja Lad,1,1,0
Nirja Madan,1,1,0
Nirja Mane,1,1,1
Nirja Mital,1,1,0
Nirja Mutti,1,1,0
Nirja Palan,1,1,0
Nirja Pandya,1,1,0
Nirja Pathak,1,1,0
Nirja Raghavan,1,1,0
Nirja Raju,1,1,0
Nirja Ratti,1,1,0
Nirja Rout,1,1,0
Nirja Sankaran,1,1,0
Nirja Saran,1,1,0
Nirja Sathe,1,1,0
Nirja Saxena,1,1,0
Nirja Sethi,1,1,0
Nirja Som,1,1,0
Nirja Sur,1,1,1
Nirja Tata,1,1,0
Nirja Tripathi,1,1,0
Nirja Vohra,1,1,0
Nirja Wali,1,1,0
Nirja Walla,1,1,0
Nirja Zachariah,1,1,0
Nisha Ahuja,1,1,0
Nisha Badal,1,1,0
Nisha Balay,1,1,0
Nisha Bora,1,1,0
Nisha Chakraborty,1,1,0
Nisha Chauhan,1,1,0
Nisha Dalal,1,1,0
Nisha Dani,1,1,0
Nisha Dhingra,1,1,0
Nisha Dixit,1,1,0
Nisha Gera,1,1,0
Nisha Gola,1,1,0
Nisha Iyengar,1,1,0
Nisha Kant,1,1,0
Nisha Kara,1,1,0
Nisha Lala,1,1,0
Nisha Lall,1,1,0
Nisha Mall,1,1,0
Nisha Mand,1,1,0
Nisha Mangat,1,1,0
Nisha Mishra,1,1,0
Nisha Narang,1,1,0
Nisha Nigam,1,1,0
Nisha Oza,1,1,0
Nisha Parmar,1,1,0
Nisha Prakash,1,1,0
Nisha Radhakrishnan,1,1,0
Nisha Rama,1,1,0
Nisha Ravi,1,1,0
Nisha Sampath,1,1,0
Nisha Sanghvi,1,1,1
Nisha Sathe,2,2,0
Nisha Seth,1,1,0
Nisha Sheth,1,1,0
Nisha Sinha,1,1,0
Nisha Subramaniam,1,1,0
Nisha Thakkar,1,1,0
Nisha Thakur,1,1,0
Nitara Anand,1,1,0
Nitara Bahl,1,1,0
Nitara Balay,1,1,0
Nitara Barad,1,1,0
Nitara Ben,1,1,0
Nitara Bora,1,1,0
Nitara Chad,1,1,0
Nitara Char,1,1,0
Nitara Datta,1,1,0
Nitara Dayal,2,2,0
Nitara Dhar,1,1,0
Nitara Doshi,1,1,0
Nitara Ghosh,1,1,0
Nitara Gill,1,1,0
Nitara Gopal,1,1,0
Nitara Gupta,1,1,0
Nitara Karan,1,1,0
Nitara Lala,1,1,0
Nitara Madan,1,1,0
Nitara Magar,1,1,0
Nitara Manda,1,1,1
Nitara Merchant,1,1,0
Nitara Minhas,1,1,0
Nitara Mitra,1,1,0
Nitara More,1,1,0
Nitara Murthy,1,1,0
Nitara Nanda,1,1,0
Nitara Natt,1,1,0
Nitara Oza,1,1,0
Nitara Pandey,1,1,0
Nitara Radhakrishnan,1,1,0
Nitara Reddy,1,1,1
Nitara Rege,1,1,0
Nitara Sant,1,1,0
Nitara Sarin,1,1,0
Nitara Sathe,1,1,1
Nitara Setty,1,1,0
Nitara Sharma,1,1,0
Nitara Srinivasan,1,1,0
Nitara Trivedi,1,1,0
Nitara Vala,1,1,1
Nitara Vohra,1,1,0
Nitara Vora,1,1,1
Nitesh Bala,1,1,0
Nitesh Barad,1,1,0
Nitesh Baral,1,1,0
Nitesh Bhagat,1,1,1
Nitesh Bhargava,1,1,0
Nitesh Biswas,1,1,0
Nitesh Borah,1,1,1
Nitesh Butala,1,1,0
Nitesh Chander,1,1,0
Nitesh Chhabra,1,1,0
Nitesh Dada,1,1,0
Nitesh Deshmukh,1,1,0
Nitesh D’Alia,1,1,0
Nitesh Ganesan,1,1,0
Nitesh Garde,1,1,1
Nitesh Gera,1,1,0
Nitesh Gokhale,2,2,0
Nitesh Issac,1,1,0
Nitesh Kala,1,1,0
Nitesh Kalla,1,1,0
Nitesh Kari,1,1,0
Nitesh Kunda,1,1,1
Nitesh Kurian,1,1,0
Nitesh Kuruvilla,1,1,0
Nitesh Lall,1,1,1
Nitesh Loyal,1,1,0
Nitesh Memon,2,2,1
Nitesh Merchant,1,1,0
Nitesh Naik,1,1,0
Nitesh Narula,1,1,0
Nitesh Pandya,2,2,0
Nitesh Parmer,1,1,0
Nitesh Patil,1,1,0
Nitesh Puri,1,1,0
Nitesh Rajagopalan,1,1,0
Nitesh Ramakrishnan,1,1,0
Nitesh Ramesh,1,1,0
Nitesh Ranganathan,1,1,0
Nitesh Ravi,1,1,0
Nitesh Reddy,1,1,0
Nitesh Rout,1,1,0
Nitesh Sarna,1,1,0
Nitesh Sarraf,1,1,0
Nitesh Seshadri,1,1,0
Nitesh Seth,1,1,0
Nitesh Sethi,1,1,0
Nitesh Shan,1,1,1
Nitesh Sule,1,1,1
Nitesh Swaminathan,1,1,0
Nitesh Tara,1,1,0
Nitesh Upadhyay,1,1,0
Nitesh Varty,1,1,0
Nitesh Wable,1,1,0
Nitesh Warrior,1,1,0
Nitesh Wason,1,1,0
Noah Aggarwal,1,1,0
Noah Atwal,1,1,0
Noah Badami,1,1,0
Noah Bains,2,2,0
Noah Baria,1,1,0
Noah Bhat,1,1,0
Noah Bora,1,1,0
Noah Bose,1,1,0
Noah Buch,1,1,0
Noah Chakraborty,1,1,0
Noah Chand,1,1,0
Noah Char,1,1,0
Noah Chaudhuri,1,1,0
Noah Chawla,1,1,0
Noah Chopra,1,1,0
Noah Dani,1,1,0
Noah Dar,1,1,0
Noah Das,1,1,0
Noah Dhar,1,1,0
Noah Dugal,1,1,0
Noah Dyal,1,1,0
Noah Kapur,1,1,0
Noah Kata,2,2,0
Noah Krishna,1,1,0
Noah Mitter,1,1,0
Noah Mukhopadhyay,1,1,0
Noah Narayan,1,1,0
Noah Nazareth,1,1,0
Noah Oak,1,1,0
Noah Pal,1,1,0
Noah Pathak,1,1,0
Noah Pradhan,1,1,0
Noah Prasad,1,1,1
Noah Ram,1,1,1
Noah Ramakrishnan,1,1,0
Noah Ravel,1,1,0
Noah Sachdeva,1,1,0
Noah Sarna,1,1,0
Noah Shere,1,1,0
Noah Venkataraman,1,1,0
Noah Viswanathan,1,1,1
Noah Wable,1,1,0
Noah Zachariah,1,1,0
Odika Behl,1,1,0
Odika Bumb,1,1,0
Odika Chatterjee,1,1,1
Odika Chaudhary,1,1,0
Odika Chaudhuri,1,1,0
Odika Chhabra,1,1,0
Odika Dasgupta,1,1,0
Odika Dass,1,1,0
Odika Dhaliwal,1,1,0
Odika Dua,1,1,0
Odika Dyal,1,1,0
Odika Gopal,1,1,0
Odika Hans,1,1,0
Odika Issac,1,1,0
Odika Kale,1,1,1
Odika Kara,1,1,0
Odika Keer,1,1,0
Odika Konda,1,1,0
Odika Kota,1,1,0
Odika Lad,1,1,0
Odika Mahal,1,1,0
Odika Mander,1,1,0
Odika Mangal,1,1,0
Odika Mani,1,1,0
Odika Manne,1,1,0
Odika Mutti,1,1,0
Odika Nagi,1,1,0
Odika Naik,1,1,1
Odika Pall,1,1,0
Odika Pant,1,1,0
Odika Raman,1,1,0
Odika Ratta,1,1,0
Odika Sehgal,1,1,0
Odika Seth,1,1,1
Odika Solanki,1,1,1
Odika Tiwari,1,1,0
Odika Upadhyay,1,1,0
Oeshi Balasubramanian,1,1,0
Oeshi Bali,2,2,0
Oeshi Bandi,1,1,0
Oeshi Baral,2,2,0
Oeshi Ben,1,1,0
Oeshi Bhalla,1,1,0
Oeshi Bhandari,1,1,0
Oeshi Bhat,1,1,0
Oeshi Bhattacharyya,1,1,0
Oeshi Bhavsar,2,2,0
Oeshi Borde,1,1,0
Oeshi Chander,1,1,0
Oeshi Chopra,1,1,0
Oeshi Chowdhury,1,1,0
Oeshi Comar,1,1,1
Oeshi Dash,1,1,0
Oeshi Dave,1,1,0
Oeshi Deo,1,1,0
Oeshi Dey,1,1,0
Oeshi Gade,1,1,0
Oeshi Gala,1,1,0
Oeshi Grewal,1,1,0
Oeshi Guha,1,1,1
Oeshi Iyer,1,1,0
Oeshi Jaggi,1,1,0
Oeshi Jayaraman,1,1,0
Oeshi Kala,1,1,0
Oeshi Kale,1,1,0
Oeshi Kalla,1,1,0
Oeshi Kara,1,1,0
Oeshi Mall,1,1,0
Oeshi Mandal,1,1,0
Oeshi Mitra,1,1,0
Oeshi Nazareth,1,1,0
Oeshi Parmer,1,1,0
Oeshi Patla,1,1,0
Oeshi Prasad,1,1,0
Oeshi Rajagopalan,1,1,0
Oeshi Rege,1,1,0
Oeshi Sathe,1,1,0
Oeshi Sen,1,1,0
Oeshi Shetty,1,1,0
Oeshi Sidhu,1,1,0
Oeshi Sodhi,1,1,0
Oeshi Soman,1,1,1
Oeshi Sule,1,1,0
Oeshi Thaman,1,1,1
Ojas Aggarwal,1,1,0
Ojas Apte,1,1,0
Ojas Bal,1,1,0
Ojas Bala,1,1,0
Ojas Batra,1,1,1
Ojas Bava,1,1,0
Ojas Bhatt,2,2,1
Ojas Bhatti,1,1,0
Ojas Bobal,1,1,0
Ojas Brahmbhatt,2,2,0
Ojas Brar,1,1,1
Ojas Comar,1,1,0
Ojas Dalal,1,1,0
Ojas Deol,1,1,1
Ojas Dhingra,1,1,0
Ojas Edwin,1,1,0
Ojas Gade,1,1,0
Ojas Ganesh,1,1,0
Ojas Gara,1,1,0
Ojas Garde,1,1,0
Ojas Goda,1,1,0
Ojas Jhaveri,1,1,0
Ojas Kaul,1,1,1
Ojas Khanna,1,1,0
Ojas Kohli,1,1,0
Ojas Loyal,1,1,0
Ojas Madan,1,1,0
Ojas Mahajan,1,1,0
Ojas Maharaj,1,1,0
Ojas Mann,1,1,0
Ojas Menon,1,1,0
Ojas Mitra,1,1,0
Ojas Naik,1,1,0
Ojas Pai,1,1,0
Ojas Parmar,1,1,1
Ojas Pathak,1,1,0
Ojas Patil,1,1,0
Ojas Prashad,1,1,0
Ojas Rajagopalan,1,1,1
Ojas Ravel,1,1,0
Ojas Sawhney,1,1,0
Ojas Sehgal,1,1,0
Ojas Sen,1,1,0
Ojas Som,1,1,0
Ojas Venkatesh,1,1,0
Ojas Verma,1,1,0
Ojas Walla,1,1,0
Ojasvi Agrawal,1,1,0
Ojasvi Andra,1,1,0
Ojasvi Arya,1,1,0
Ojasvi Bains,1,1,0
Ojasvi Banik,1,1,0
Ojasvi Bhalla,1,1,0
Ojasvi Bir,1,1,0
Ojasvi Borra,1,1,0
Ojasvi Bose,1,1,0
Ojasvi Chad,1,1,0
Ojasvi Chander,1,1,0
Ojasvi Chaudhary,1,1,0
Ojasvi Choudhry,1,1,0
Ojasvi Dasgupta,1,1,0
Ojasvi Deshmukh,1,1,0
Ojasvi Din,1,1,0
Ojasvi Dugal,1,1,0
Ojasvi Handa,1,1,0
Ojasvi Hayre,1,1,0
Ojasvi Keer,1,1,0
Ojasvi Kuruvilla,1,1,0
Ojasvi Madan,1,1,0
Ojasvi Mani,1,1,0
Ojasvi Mohanty,1,1,0
Ojasvi Nath,1,1,1
Ojasvi Pall,1,1,0
Ojasvi Palla,1,1,0
Ojasvi Parmer,1,1,0
Ojasvi Patel,1,1,0
Ojasvi Raja,1,1,0
Ojasvi Reddy,2,2,0
Ojasvi Sen,1,1,0
Ojasvi Shanker,1,1,0
Ojasvi Sharma,1,1,0
Ojasvi Singh,1,1,0
Ojasvi Solanki,1,1,0
Ojasvi Sundaram,1,1,0
Ojasvi Tandon,1,1,0
Ojasvi Varghese,1,1,0
Ojasvi Verma,2,2,0
Ojasvi Warrior,1,1,0
Ojasvi Wason,1,1,0
Oliver Agate,1,1,0
Oliver Ahluwalia,1,1,0
Oliver Babu,1,1,0
Oliver Balakrishnan,1,1,0
Oliver Barad,1,1,0
Oliver Bath,1,1,0
Oliver Bhasin,1,1,0
Oliver Bir,1,1,0
Oliver Chadha,2,2,0
Oliver Chahal,1,1,0
Oliver Chana,1,1,1
Oliver Chandran,1,1,0
Oliver Char,1,1,0
Oliver Comar,1,1,0
Oliver Contractor,1,1,0
Oliver Deol,1,1,0
Oliver Dua,1,1,0
Oliver Dugal,1,1,0
Oliver Gaba,1,1,0
Oliver Garde,1,1,1
Oliver Goda,1,1,0
Oliver Hegde,1,1,0
Oliver Jani,1,1,0
Oliver Jayaraman,1,1,1
Oliver Kalla,1,1,0
Oliver Kant,1,1,0
Oliver Karan,1,1,0
Oliver Kibe,1,1,0
Oliver Lala,1,1,0
Oliver Mukhopadhyay,1,1,0
Oliver Nagi,1,1,0
Oliver Nazareth,1,1,0
Oliver Pall,1,1,1
Oliver Palla,1,1,0
Oliver Pandya,1,1,0
Oliver Purohit,1,1,0
Oliver Raghavan,1,1,0
Oliver Ravel,1,1,0
Oliver Rege,1,1,0
Oliver Sabharwal,1,1,0
Oliver Sant,1,1,0
Oliver Sarraf,1,1,0
Oliver Sehgal,1,1,0
Oliver Seshadri,1,1,0
Oliver Sheth,1,1,0
Oliver Singhal,1,1,1
Oliver Sodhi,1,1,1
Oliver Srivastava,1,1,0
Oliver Sundaram,1,1,0
Oliver Tailor,1,1,0
Oliver Talwar,1,1,0
Oliver Tiwari,1,1,0
Oliver Upadhyay,1,1,0
Oliver Vala,1,1,0
Oliver Vig,1,1,0
Oliver Walla,1,1,0
Om Anne,1,1,0
Om Balasubramanian,1,1,0
Om Bali,1,1,0
Om Chad,1,1,0
Om Chandra,1,1,0
Om Char,1,1,0
Om Cherian,1,1,1
Om Dada,1,1,0
Om Dhawan,1,1,0
Om Dora,1,1,0
Om Dugal,1,1,0
Om Hans,1,1,1
Om Jani,1,1,0
Om Kata,1,1,0
Om Khosla,1,1,0
Om Kibe,1,1,0
Om Lanka,1,1,0
Om Mohanty,2,2,0
Om Narain,2,2,1
Om Narasimhan,1,1,1
Om Nori,1,1,0
Om Om,1,1,0
Om Oommen,1,1,0
Om Radhakrishnan,1,1,0
Om Ramanathan,1,1,1
Om Rastogi,1,1,0
Om Ravel,1,1,0
Om Ravi,2,2,0
Om Reddy,1,1,0
Om Sachdev,1,1,0
Om Sagar,1,1,0
Om Tara,1,1,0
Om Toor,1,1,0
Om Vala,1,1,1
Om Warrior,1,1,0
Om Yogi,1,1,0
Om Yohannan,1,1,0
Om Zacharia,1,1,0
Omaja Anand,1,1,0
Omaja Aurora,1,1,0
Omaja Bhardwaj,1,1,0
Omaja Bhatt,1,1,0
Omaja Borde,1,1,1
Omaja Chadha,1,1,0
Omaja Char,1,1,0
Omaja Chokshi,1,1,0
Omaja Das,1,1,0
Omaja Dave,1,1,0
Omaja Desai,2,2,0
Omaja Devan,1,1,0
Omaja Dhingra,1,1,0
Omaja Dixit,1,1,0
Omaja Dutt,1,1,0
Omaja Gole,1,1,0
Omaja Gopal,1,1,0
Omaja Iyengar,1,1,0
Omaja Kale,1,1,0
Omaja Karan,2,2,0
Omaja Kata,1,1,0
Omaja Lata,1,1,0
Omaja Menon,1,1,0
Omaja Misra,1,1,0
Omaja Nagar,1,1,1
Omaja Pai,1,1,0
Omaja Pandya,1,1,1
Omaja Pathak,1,1,0
Omaja Pingle,1,1,0
Omaja Prabhu,1,1,1
Omaja Raghavan,1,1,1
Omaja Raju,1,1,0
Omaja Raman,1,1,0
Omaja Raval,1,1,0
Omaja Sachdev,1,1,0
Omaja Sachdeva,1,1,1
Omaja Sankaran,1,1,0
Omaja Sarna,1,1,0
Omaja Sood,1,1,0
Omaja Sundaram,1,1,0
Omaja Tara,1,1,0
Omaja Toor,1,1,0
Omaja Wali,1,1,0
Omisha Aggarwal,1,1,0
Omisha Apte,1,1,0
Omisha Atwal,1,1,0
Omisha Bail,2,2,0
Omisha Bajaj,1,1,0
Omisha Bajwa,1,1,1
Omisha Bakshi,1,1,0
Omisha Balan,1,1,0
Omisha Biswas,1,1,0
Omisha Bumb,1,1,0
Omisha Chana,1,1,0
Omisha Chandra,1,1,0
Omisha Chaudry,1,1,0
Omisha Cherian,1,1,0
Omisha Chokshi,1,1,0
Omisha Choudhary,2,2,0
Omisha Contractor,1,1,0
Omisha Edwin,1,1,0
Omisha Gulati,1,1,0
Omisha Hari,1,1,0
Omisha Kamdar,1,1,0
Omisha Kapoor,1,1,0
Omisha Kar,1,1,0
Omisha Kara,1,1,0
Omisha Karnik,1,1,0
Omisha Mallick,1,1,0
Omisha Mangat,1,1,0
Omisha Mani,1,1,0
Omisha Merchant,1,1,0
Omisha Mistry,1,1,0
Omisha Oza,1,1,0
Omisha Palla,1,1,0
Omisha Panchal,1,1,0
Omisha Parekh,1,1,0
Omisha Rai,1,1,0
Omisha Raju,1,1,0
Omisha Ramaswamy,2,2,1
Omisha Sagar,1,1,0
Omisha Sami,1,1,0
Omisha Sarna,1,1,0
Omisha Shanker,1,1,0
Omisha Singhal,1,1,1
Omisha Suresh,1,1,0
Omisha Tata,2,2,1
Omisha Tella,1,1,0
Omisha Trivedi,1,1,1
Omisha Vig,1,1,0
Omisha Vora,1,1,0
Omisha Zacharia,1,1,0
Omkaar Apte,1,1,0
Omkaar Arora,1,1,0
Omkaar Bajaj,1,1,0
Omkaar Bal,1,1,0
Omkaar Balakrishnan,1,1,0
Omkaar Banerjee,1,1,1
Omkaar Bansal,1,1,0
Omkaar Bhatti,1,1,0
Omkaar Bhavsar,1,1,0
Omkaar Bumb,1,1,0
Omkaar Chanda,1,1,0
Omkaar Comar,1,1,0
Omkaar Dugar,1,1,0
Omkaar Gandhi,1,1,0
Omkaar Ganesh,1,1,0
Omkaar Ghosh,1,1,1
Omkaar Gour,1,1,0
Omkaar Iyer,1,1,0
Omkaar Jain,1,1,0
Omkaar Kadakia,1,1,0
Omkaar Kala,1,1,0
Omkaar Kamdar,1,1,0
Omkaar Kanda,1,1,0
Omkaar Kant,1,1,0
Omkaar Kapoor,1,1,0
Omkaar Loyal,1,1,1
Omkaar Mandal,1,1,0
Omkaar Mani,1,1,0
Omkaar Nayak,1,1,1
Omkaar Oommen,1,1,0
Omkaar Pandey,1,1,0
Omkaar Pant,1,1,0
Omkaar Parsa,1,1,0
Omkaar Raghavan,1,1,0
Omkaar Raju,1,1,0
Omkaar Ram,1,1,0
Omkaar Rastogi,2,2,0
Omkaar Rege,1,1,0
Omkaar Salvi,1,1,0
Omkaar Sani,1,1,0
Omkaar Saran,1,1,0
Omkaar Sem,1,1,0
Omkaar Shan,1,1,0
Omkaar Subramanian,1,1,0
Omkaar Sule,1,1,0
Omkaar Talwar,1,1,0
Omkaar Tank,1,1,1
Omkaar Thakkar,1,1,0
Omkaar Thaman,1,1,0
Omkaar Viswanathan,1,1,0
Omkaar Vora,1,1,0
Omkaar Wable,1,1,0
Omya Ahuja,1,1,0
Omya Bajaj,2,2,0
Omya Banerjee,1,1,0
Omya Bera,1,1,0
Omya Bhargava,1,1,0
Omya Bhasin,2,2,0
Omya Bhavsar,1,1,0
Omya Borah,1,1,0
Omya Butala,1,1,0
Omya Chandra,1,1,0
Omya Contractor,1,1,0
Omya Dhar,2,2,0
Omya Doctor,1,1,0
Omya Dugar,1,1,0
Omya Dutta,2,2,0
Omya Goel,1,1,1
Omya Hegde,1,1,0
Omya Kanda,1,1,0
Omya Khanna,1,1,0
Omya Kohli,1,1,0
Omya Mall,1,1,0
Omya Mani,1,1,0
Omya Morar,2,2,0
Omya Munshi,1,1,0
Omya Nadig,1,1,0
Omya Naik,1,1,0
Omya Palla,2,2,0
Omya Pandya,2,2,0
Omya Peri,1,1,0
Omya Pingle,1,1,0
Omya Rajagopal,1,1,0
Omya Ravi,1,1,0
Omya Sahota,1,1,0
Omya Sandal,1,1,1
Omya Sandhu,1,1,0
Omya Sankar,1,1,0
Omya Sawhney,1,1,0
Omya Sethi,1,1,0
Omya Shah,1,1,0
Omya Shanker,1,1,0
Omya Walia,1,1,0
Oni Acharya,1,1,0
Oni Aurora,1,1,0
Oni Badami,1,1,0
Oni Bail,1,1,0
Oni Bava,2,2,0
Oni Borra,1,1,0
Oni Bose,1,1,0
Oni Brahmbhatt,1,1,0
Oni Chacko,1,1,0
Oni Chokshi,1,1,0
Oni Chopra,1,1,0
Oni Dara,1,1,0
Oni Devan,1,1,0
Oni Dey,1,1,0
Oni Doshi,1,1,0
Oni Ghose,1,1,0
Oni Goswami,1,1,0
Oni Iyengar,1,1,0
Oni Kaul,1,1,0
Oni Khosla,1,1,0
Oni Kohli,1,1,0
Oni Mallick,1,1,0
Oni Mannan,1,1,1
Oni Manne,1,1,0
Oni Master,1,1,0
Oni Memon,1,1,0
Oni Merchant,1,1,0
Oni Munshi,1,1,0
Oni Nagi,1,1,0
Oni Narayanan,1,1,1
Oni Pandey,1,1,0
Oni Patel,1,1,0
Oni Prakash,1,1,0
Oni Prashad,1,1,0
Oni Rai,1,1,0
Oni Ranganathan,2,2,0
Oni Ratta,1,1,0
Oni Rout,1,1,0
Oni Roy,1,1,0
Oni Sagar,1,1,0
Oni Sampath,1,1,0
Oni Sani,1,1,0
Oni Shetty,2,2,1
Oni Sinha,1,1,0
Oni Subramanian,1,1,0
Oni Swaminathan,1,1,0
Oni Varma,1,1,0
Oni Venkataraman,1,1,0
Onkar Anand,1,1,0
Onkar Balan,1,1,0
Onkar Bhatti,1,1,0
Onkar Bhavsar,1,1,0
Onkar Boase,1,1,0
Onkar Borah,1,1,0
Onkar Chaudhari,1,1,0
Onkar Chaudhary,1,1,0
Onkar Dugar,1,1,0
Onkar Gokhale,1,1,1
Onkar Hari,1,1,0
Onkar Korpal,1,1,0
Onkar Luthra,1,1,0
Onkar Mall,1,1,0
Onkar Mandal,1,1,0
Onkar Mani,1,1,1
Onkar Mohan,1,1,0
Onkar Narayanan,1,1,0
Onkar Nori,1,1,0
Onkar Parekh,1,1,0
Onkar Parmer,1,1,1
Onkar Pathak,1,1,0
Onkar Patil,1,1,0
Onkar Pau,1,1,0
Onkar Prabhakar,1,1,0
Onkar Raghavan,1,1,0
Onkar Rajagopal,1,1,1
Onkar Ramachandran,1,1,0
Onkar Ranganathan,1,1,0
Onkar Sahni,1,1,0
Onkar Sha,1,1,0
Onkar Sidhu,1,1,0
Onkar Srinivas,1,1,0
Onkar Tella,1,1,0
Onkar Trivedi,1,1,1
Onveer Aggarwal,1,1,0
Onveer Bajaj,1,1,0
Onveer Balakrishnan,1,1,0
Onveer Bhat,1,1,0
Onveer Bhatnagar,1,1,0
Onveer Bhatti,1,1,0
Onveer Boase,1,1,1
Onveer Borah,1,1,0
Onveer Chana,1,1,0
Onveer Cherian,1,1,0
Onveer Dalal,1,1,0
Onveer Dasgupta,2,2,0
Onveer Dugar,1,1,1
Onveer Grewal,1,1,0
Onveer Handa,1,1,0
Onveer Hayer,1,1,0
Onveer Issac,1,1,0
Onveer Jaggi,1,1,0
Onveer Jani,1,1,1
Onveer Kamdar,1,1,0
Onveer Khatri,2,2,0
Onveer Mani,1,1,0
Onveer Mohanty,1,1,0
Onveer Naik,1,1,0
Onveer Nanda,1,1,0
Onveer Pandit,1,1,0
Onveer Parmar,1,1,0
Onveer Rana,2,2,0
Onveer Ratti,1,1,0
Onveer Sabharwal,1,1,0
Onveer Saini,1,1,0
Onveer Sama,1,1,0
Onveer Sami,1,1,0
Onveer Sengupta,1,1,0
Onveer Shukla,2,2,0
Onveer Sinha,1,1,0
Onveer Som,1,1,0
Onveer Taneja,1,1,0
Onveer Thakur,1,1,0
Onveer Thaman,1,1,0
Onveer Varughese,1,1,0
Onveer Vohra,1,1,0
Onveer Wason,1,1,0
Orinder Ahuja,1,1,0
Orinder Bail,1,1,0
Orinder Chaudry,1,1,1
Orinder Dara,1,1,0
Orinder Datta,1,1,0
Orinder Gokhale,1,1,0
Orinder Grover,1,1,0
Orinder Johal,1,1,1
Orinder Kade,1,1,0
Orinder Karan,1,1,0
Orinder Kaur,1,1,0
Orinder Misra,1,1,0
Orinder Mistry,1,1,0
Orinder Mohan,1,1,0
Orinder Naidu,1,1,1
Orinder Narayanan,1,1,0
Orinder Oak,1,1,0
Orinder Oza,1,1,0
Orinder Pai,1,1,1
Orinder Rajagopal,2,2,0
Orinder Raval,1,1,0
Orinder Sachdeva,1,1,0
Orinder Sarma,2,2,0
Orinder Setty,1,1,0
Orinder Sharaf,1,1,0
Orinder Shenoy,1,1,0
Orinder Shetty,1,1,0
Orinder Sibal,1,1,0
Orinder Walla,1,1,1
Orinder Wason,1,1,0
Oscar Barman,1,1,0
Oscar Behl,1,1,0
Oscar Bhakta,1,1,0
Oscar Bhattacharyya,1,1,0
Oscar Bhatti,1,1,0
Oscar Bose,1,1,0
Oscar Chander,1,1,0
Oscar Chaudry,1,1,0
Oscar Chauhan,1,1,0
Oscar Comar,1,1,0
Oscar Das,1,1,0
Oscar Deo,1,1,0
Oscar Dhingra,1,1,0
Oscar Guha,1,1,0
Oscar Jhaveri,1,1,0
Oscar Kadakia,2,2,1
Oscar Kanda,1,1,0
Oscar Kannan,1,1,0
Oscar Korpal,1,1,1
Oscar Kurian,1,1,0
Oscar Kuruvilla,1,1,0
Oscar Lad,2,2,0
Oscar Lanka,1,1,0
Oscar Mangat,1,1,0
Oscar Master,1,1,0
Oscar Mohan,1,1,0
Oscar Mutti,1,1,0
Oscar Nagar,1,1,0
Oscar Parmer,1,1,1
Oscar Raja,1,1,0
Oscar Rama,1,1,0
Oscar Ramaswamy,1,1,0
Oscar Sawhney,1,1,0
Oscar Seshadri,1,1,0
Oscar Shah,1,1,0
Oscar Sibal,1,1,0
Oscar Singh,1,1,0
Oscar Srivastava,1,1,0
Oscar Suri,1,1,0
Oscar Tata,1,1,0
Oscar Tiwari,1,1,0
Oscar Varma,1,1,0
Oscar Venkatesh,1,1,0
Oscar Yogi,1,1,0
Osha Agarwal,1,1,0
Osha Bora,1,1,0
Osha Borde,1,1,0
Osha Chand,1,1,0
Osha Contractor,1,1,0
Osha Dar,1,1,0
Osha Dutta,2,2,0
Osha Ganguly,1,1,0
Osha Gara,1,1,0
Osha Gera,1,1,0
Osha Gour,1,1,0
Osha Grewal,1,1,0
Osha Hegde,1,1,0
Osha Kadakia,1,1,0
Osha Kala,1,1,0
Osha Kale,1,1,0
Osha Kapoor,1,1,0
Osha Lal,1,1,0
Osha Lanka,1,1,0
Osha Madan,1,1,0
Osha Manda,1,1,0
Osha Merchant,2,2,0
Osha Nagarajan,1,1,0
Osha Nair,1,1,0
Osha Nanda,1,1,0
Osha Pandey,1,1,0
Osha Pandit,1,1,0
Osha Patla,2,2,0
Osha Pradhan,1,1,0
Osha Radhakrishnan,1,1,0
Osha Rattan,1,1,0
Osha Rege,1,1,1
Osha Sahni,1,1,1
Osha Sant,1,1,1
Osha Sathe,1,1,0
Osha Shroff,1,1,0
Osha Subramaniam,1,1,1
Osha Sule,1,1,0
Osha Sur,1,1,1
Osha Verma,1,1,0
Osha Zacharia,1,1,0
Oviya Bhakta,1,1,0
Oviya Chada,1,1,0
Oviya Chakraborty,1,1,0
Oviya Chaudry,1,1,0
Oviya Chauhan,1,1,0
Oviya Chawla,1,1,0
Oviya Cherian,1,1,0
Oviya Date,1,1,0
Oviya Datta,1,1,0
Oviya Devan,1,1,1
Oviya Dhillon,1,1,0
Oviya Dutt,1,1,0
Oviya Gopal,1,1,0
Oviya Goswami,1,1,0
Oviya Grover,1,1,0
Oviya Hayer,1,1,0
Oviya Iyer,1,1,0
Oviya Kalla,1,1,0
Oviya Kari,2,2,0
Oviya Kota,1,1,0
Oviya Kunda,1,1,0
Oviya Madan,1,1,0
Oviya Malhotra,1,1,0
Oviya Mittal,1,1,0
Oviya Mody,1,1,0
Oviya Morar,1,1,0
Oviya Nayar,1,1,0
Oviya Raj,1,1,0
Oviya Rajan,1,1,0
Oviya Sabharwal,1,1,0
Oviya Sama,1,1,0
Oviya Samra,1,1,0
Oviya Sandhu,1,1,0
Oviya Sarin,1,1,0
Oviya Sarma,1,1,0
Oviya Sethi,1,1,0
Oviya Sidhu,1,1,1
Oviya Sule,1,1,1
Oviya Thaker,1,1,1
Oviya Wali,1,1,0
Oviya Zachariah,1,1,0
Owen Ahluwalia,1,1,0
Owen Anne,1,1,0
Owen Arora,1,1,0
Owen Aurora,1,1,0
Owen Badami,1,1,0
Owen Bali,1,1,1
Owen Baral,1,1,0
Owen Bava,1,1,0
Owen Chana,1,1,0
Owen Chanda,1,1,0
Owen Char,1,1,0
Owen Chaudhry,1,1,0
Owen Cheema,1,1,0
Owen Dalal,1,1,0
Owen Deshmukh,1,1,0
Owen Dhaliwal,1,1,0
Owen Dhingra,1,1,0
Owen Edwin,1,1,0
Owen Gaba,1,1,0
Owen Gandhi,1,1,0
Owen Keer,1,1,0
Owen Kuruvilla,1,1,0
Owen Lad,1,1,0
Owen Mandal,2,2,0
Owen Mangal,1,1,0
Owen Mistry,1,1,0
Owen Mitter,1,1,0
Owen Mody,1,1,0
Owen Muni,1,1,1
Owen Palla,1,1,0
Owen Panchal,1,1,0
Owen Parikh,1,1,0
Owen Pillay,2,2,2
Owen Raghavan,1,1,0
Owen Raja,1,1,0
Owen Ramachandran,1,1,1
Owen Ramanathan,1,1,0
Owen Samra,1,1,0
Owen Sandal,1,1,0
Owen Sawhney,1,1,0
Owen Sethi,1,1,0
Owen Shroff,1,1,0
Owen Sodhi,1,1,1
Owen Sood,1,1,0
Owen Srivastava,1,1,0
Owen Swaminathan,1,1,0
Owen Uppal,1,1,0
Owen Vaidya,1,1,0
Owen Yadav,1,1,0
Pahal Atwal,1,1,0
Pahal Balasubramanian,1,1,0
Pahal Baria,1,1,1
Pahal Behl,1,1,0
Pahal Buch,1,1,0
Pahal Chakraborty,1,1,0
Pahal Chana,1,1,0
Pahal Chandran,1,1,0
Pahal Char,1,1,0
Pahal Chatterjee,1,1,0
Pahal Chopra,1,1,0
Pahal Dani,1,1,0
Pahal Date,1,1,0
Pahal Deol,1,1,0
Pahal Deshpande,1,1,0
Pahal Dhar,1,1,0
Pahal Dutta,1,1,0
Pahal Gill,1,1,0
Pahal Kamdar,1,1,0
Pahal Kar,1,1,1
Pahal Kohli,1,1,1
Pahal Korpal,1,1,0
Pahal Lad,1,1,0
Pahal Lata,1,1,1
Pahal Loke,1,1,0
Pahal Nair,2,2,0
Pahal Palan,1,1,0
Pahal Parsa,1,1,0
Pahal Peri,1,1,0
Pahal Sem,1,1,0
Pahal Sheth,1,1,1
Pahal Soni,1,1,0
Pahal Srivastava,1,1,0
Pahal Tiwari,1,1,0
Pahal Yadav,1,1,0
Pallavi Ahuja,1,1,0
Pallavi Bala,1,1,0
Pallavi Balasubramanian,2,2,0
Pallavi Ben,1,1,0
Pallavi Boase,1,1,0
Pallavi Chaudhary,1,1,0
Pallavi Chaudhuri,1,1,0
Pallavi Dani,1,1,1
Pallavi Devan,1,1,0
Pallavi Din,2,2,0
Pallavi Doctor,1,1,0
Pallavi Dutt,1,1,0
Pallavi Dyal,1,1,0
Pallavi Goswami,1,1,0
Pallavi Gupta,1,1,0
Pallavi Halder,1,1,0
Pallavi Hari,1,1,0
Pallavi Hayer,1,1,0
Pallavi Konda,1,1,0
Pallavi Kulkarni,1,1,0
Pallavi Mander,1,1,0
Pallavi Mann,1,1,0
Pallavi Manne,1,1,0
Pallavi Minhas,1,1,0
Pallavi Mody,1,1,0
Pallavi Mohanty,1,1,0
Pallavi Nayar,1,1,0
Pallavi Nori,1,1,0
Pallavi Parmer,1,1,0
Pallavi Ravi,1,1,0
Pallavi Roy,1,1,0
Pallavi Sampath,1,1,0
Pallavi Sarkar,1,1,0
Pallavi Sarraf,1,1,0
Pallavi Shroff,1,1,0
Pallavi Som,1,1,0
Pallavi Vaidya,1,1,0
Pallavi Venkataraman,1,1,0
Pallavi Venkatesh,1,1,0
Pallavi Vyas,1,1,0
Panini Batra,1,1,0
Panini Bawa,1,1,0
Panini Bhasin,1,1,0
Panini Bhatti,1,1,0
Panini Bora,1,1,0
Panini Chadha,1,1,0
Panini Chander,1,1,0
Panini Chaudhuri,1,1,0
Panini Dani,1,1,0
Panini Dara,2,2,2
Panini Dasgupta,1,1,0
Panini Dass,1,1,0
Panini Dhar,1,1,0
Panini Dhawan,1,1,0
Panini Dhillon,1,1,0
Panini Din,1,1,0
Panini Dutta,1,1,0
Panini Edwin,1,1,0
Panini Gade,1,1,0
Panini Ghose,1,1,0
Panini Gokhale,1,1,0
Panini Guha,1,1,0
Panini Halder,1,1,0
Panini Johal,1,1,0
Panini Khalsa,1,1,0
Panini Lall,2,2,1
Panini Loyal,1,1,0
Panini Maharaj,1,1,0
Panini Memon,1,1,0
Panini Mohan,1,1,0
Panini Morar,1,1,0
Panini Mukhopadhyay,1,1,0
Panini Pall,1,1,0
Panini Pant,1,1,0
Panini Patel,1,1,0
Panini Purohit,1,1,0
Panini Rajagopalan,1,1,0
Panini Raman,1,1,0
Panini Ramanathan,1,1,0
Panini Ramesh,1,1,0
Panini Ratta,1,1,0
Panini Sankar,1,1,0
Panini Sathe,1,1,0
Panini Shankar,1,1,0
Panini Sharma,1,1,0
Panini Sidhu,1,1,0
Panini Sur,1,1,0
Panini Tandon,1,1,0
Panini Varkey,1,1,0
Panini Vig,1,1,0
Panini Wadhwa,1,1,0
Panini Walia,1,1,0
Panini Yohannan,1,1,0
Parth Aggarwal,1,1,0
Parth Bahl,1,1,0
Parth Bali,1,1,0
Parth Behl,1,1,1
Parth Biswas,1,1,0
Parth Brahmbhatt,1,1,0
Parth Brar,1,1,0
Parth Chakraborty,1,1,0
Parth Chatterjee,1,1,0
Parth Datta,1,1,0
Parth Dhaliwal,1,1,0
Parth Gera,1,1,0
Parth Gola,1,1,0
Parth Halder,1,1,0
Parth Hayer,1,1,1
Parth Karan,1,1,0
Parth Kota,1,1,0
Parth Kurian,1,1,0
Parth Kuruvilla,1,1,0
Parth Luthra,1,1,1
Parth Madan,1,1,0
Parth Mohanty,1,1,0
Parth Nath,1,1,0
Parth Nayak,1,1,0
Parth Parmar,1,1,1
Parth Puri,1,1,0
Parth Rana,1,1,0
Parth Ravi,1,1,0
Parth Rout,1,1,0
Parth Sachar,1,1,0
Parth Sarkar,1,1,0
Parth Sawhney,1,1,0
Parth Saxena,1,1,0
Parth Sem,1,1,0
Parth Seshadri,1,1,0
Parth Setty,1,1,0
Parth Sibal,1,1,0
Parth Soman,1,1,0
Parth Suri,1,1,0
Parth Tandon,1,1,0
Parth Thakur,1,1,0
Parth Thaman,1,1,0
Parth Toor,1,1,0
Parth Varma,1,1,0
Parth Wagle,1,1,0
Parth Walia,1,1,0
Patrick Atwal,1,1,0
Patrick Bains,2,2,0
Patrick Bhandari,1,1,1
Patrick Bhatia,1,1,0
Patrick Bhatnagar,1,1,0
Patrick Buch,1,1,0
Patrick Chada,1,1,0
Patrick Chadha,1,1,0
Patrick Chakraborty,1,1,1
Patrick Dani,1,1,0
Patrick Dara,1,1,0
Patrick Dasgupta,1,1,0
Patrick Dhawan,1,1,0
Patrick Dugar,2,2,0
Patrick Ganesan,1,1,1
Patrick Gola,1,1,0
Patrick Golla,1,1,0
Patrick Goyal,1,1,0
Patrick Joshi,1,1,0
Patrick Kadakia,1,1,0
Patrick Kamdar,1,1,0
Patrick Karnik,1,1,0
Patrick Kothari,1,1,1
Patrick Lala,1,1,0
Patrick Mahajan,1,1,1
Patrick Mahal,1,1,0
Patrick Mall,1,1,0
Patrick Mannan,1,1,0
Patrick Narasimhan,1,1,0
Patrick Natarajan,1,1,0
Patrick Padmanabhan,1,1,0
Patrick Peri,1,1,0
Patrick Prabhu,1,1,0
Patrick Raman,1,1,0
Patrick Randhawa,1,1,0
Patrick Ranganathan,1,1,0
Patrick Roy,1,1,0
Patrick Sachdev,1,1,0
Patrick Sankar,1,1,0
Patrick Sarna,1,1,0
Patrick Sengupta,1,1,0
Patrick Shetty,1,1,0
Patrick Som,1,1,0
Patrick Srinivas,1,1,0
Patrick Swaminathan,1,1,0
Patrick Tak,1,1,0
Patrick Talwar,1,1,0
Patrick Thaman,1,1,0
Patrick Vala,1,1,0
Patrick Vyas,1,1,0
Patrick Yadav,1,1,1
Pavani Agrawal,1,1,0
Pavani Ahluwalia,1,1,0
Pavani Anand,1,1,0
Pavani Badal,1,1,0
Pavani Bali,1,1,0
Pavani Bhavsar,1,1,0
Pavani Butala,1,1,0
Pavani Chakraborty,1,1,0
Pavani Cheema,2,2,0
Pavani Dass,1,1,0
Pavani Dhillon,1,1,0
Pavani Dubey,1,1,0
Pavani Dyal,1,1,0
Pavani Gandhi,1,1,0
Pavani Gole,1,1,0
Pavani Grewal,2,2,0
Pavani Halder,1,1,0
Pavani Kapoor,1,1,1
Pavani Kaur,1,1,1
Pavani Mammen,1,1,0
Pavani Mani,1,1,0
Pavani Mishra,1,1,0
Pavani Modi,1,1,0
Pavani Nagar,1,1,0
Pavani Narang,1,1,0
Pavani Nayak,1,1,0
Pavani Pal,1,1,0
Pavani Parmar,1,1,0
Pavani Prakash,1,1,0
Pavani Puri,1,1,0
Pavani Raghavan,1,1,0
Pavani Rajagopal,1,1,0
Pavani Rana,1,1,0
Pavani Ravi,1,1,0
Pavani Sama,1,1,0
Pavani Samra,1,1,0
Pavani Sanghvi,1,1,0
Pavani Sekhon,1,1,0
Pavani Sengupta,1,1,0
Pavani Sethi,1,1,0
Pavani Sha,1,1,1
Pavani Sibal,1,1,1
Pavani Sridhar,1,1,1
Pavani Thaker,1,1,0
Pavani Thaman,1,1,0
Peter Batra,1,1,1
Peter Behl,1,1,0
Peter Bhakta,1,1,0
Peter Bhardwaj,1,1,0
Peter Bhatia,1,1,0
Peter Borah,1,1,0
Peter Brar,2,2,1
Peter Chada,1,1,1
Peter Chaudry,1,1,0
Peter Dani,1,1,0
Peter Devi,1,1,0
Peter Dey,1,1,0
Peter Dyal,1,1,0
Peter Ganesh,1,1,0
Peter Golla,1,1,0
Peter Goyal,1,1,0
Peter Kala,2,2,1
Peter Kalita,1,1,0
Peter Kant,1,1,0
Peter Kara,1,1,0
Peter Keer,1,1,0
Peter Koshy,1,1,0
Peter Kota,1,1,0
Peter Lad,1,1,0
Peter Madan,1,1,0
Peter Mall,1,1,0
Peter Mital,1,1,0
Peter Mitter,1,1,0
Peter More,1,1,0
Peter Mukhopadhyay,1,1,0
Peter Natt,1,1,0
Peter Om,1,1,0
Peter Palan,1,1,0
Peter Pall,1,1,0
Peter Patel,1,1,0
Peter Raja,1,1,0
Peter Ratta,1,1,0
Peter Raval,1,1,0
Peter Sachar,1,1,0
Peter Sachdeva,1,1,0
Peter Sagar,1,1,0
Peter Sinha,1,1,0
Peter Subramanian,1,1,0
Peter Sule,1,1,0
Peter Tak,1,1,0
Peter Wali,1,1,0
Pooja Agrawal,1,1,0
Pooja Ahluwalia,1,1,0
Pooja Baria,1,1,0
Pooja Ben,3,3,0
Pooja Bhattacharyya,1,1,0
Pooja Brahmbhatt,1,1,0
Pooja Chahal,1,1,0
Pooja Chakraborty,1,1,0
Pooja Chandra,2,2,0
Pooja Dara,1,1,0
Pooja Dasgupta,1,1,0
Pooja Doctor,1,1,0
Pooja Goda,1,1,1
Pooja Hari,1,1,0
Pooja Kala,2,2,1
Pooja Kalla,1,1,0
Pooja Kapadia,1,1,0
Pooja Kar,1,1,0
Pooja Kashyap,1,1,0
Pooja Manne,1,1,0
Pooja Misra,1,1,0
Pooja Mital,1,1,0
Pooja Narula,1,1,0
Pooja Pall,1,1,0
Pooja Parmar,1,1,0
Pooja Pau,1,1,0
Pooja Peri,1,1,0
Pooja Randhawa,1,1,0
Pooja Ranganathan,1,1,0
Pooja Sachdev,1,1,0
Pooja Sagar,1,1,0
Pooja Sama,1,1,0
Pooja Sami,1,1,0
Pooja Sangha,1,1,0
Pooja Sengupta,1,1,0
Pooja Setty,1,1,0
Pooja Som,1,1,0
Pooja Sule,1,1,0
Pooja Sundaram,1,1,0
Pooja Taneja,1,1,0
Pooja Tank,1,1,0
Pooja Upadhyay,1,1,0
Pooja Venkatesh,1,1,0
Pooja Vig,1,1,0
Pranav Anne,1,1,0
Pranav Bandi,1,1,0
Pranav Basu,1,1,0
Pranav Bawa,2,2,0
Pranav Bhatnagar,1,1,0
Pranav Bhatt,1,1,0
Pranav Bhattacharyya,1,1,0
Pranav Boase,1,1,0
Pranav Bora,1,1,0
Pranav Chawla,1,1,1
Pranav Deol,1,1,0
Pranav Devi,1,1,0
Pranav Dewan,1,1,1
Pranav Dhar,1,1,1
Pranav Halder,1,1,0
Pranav Hegde,1,1,0
Pranav Jain,1,1,0
Pranav Kade,1,1,0
Pranav Kant,1,1,0
Pranav Kota,1,1,0
Pranav Kumar,1,1,0
Pranav Mital,1,1,0
Pranav Oommen,1,1,0
Pranav Palla,1,1,0
Pranav Parmar,1,1,1
Pranav Prakash,2,2,0
Pranav Raghavan,1,1,0
Pranav Raj,1,1,0
Pranav Rajagopalan,1,1,0
Pranav Ravi,1,1,0
Pranav Ray,1,1,0
Pranav Sabharwal,1,1,0
Pranav Sachdev,1,1,0
Pranav Sahni,1,1,0
Pranav Sangha,1,1,0
Pranav Sankaran,1,1,0
Pranav Sant,1,1,0
Pranav Saxena,1,1,0
Pranav Shanker,1,1,0
Pranav Singh,1,1,0
Pranav Suresh,1,1,0
Pranav Swaminathan,1,1,0
Pranav Tak,1,1,1
Pranav Tripathi,1,1,0
Pranav Vaidya,1,1,0
Pranav Varughese,1,1,0
Pranav Vora,1,1,0
Pranav Wable,1,1,0
Pranav Wali,1,1,0
Praneel Amble,1,1,0
Praneel Arya,1,1,0
Praneel Atwal,1,1,0
Praneel Basak,1,1,0
Praneel Bhatti,1,1,0
Praneel Brahmbhatt,1,1,0
Praneel Bumb,1,1,0
Praneel Butala,1,1,0
Praneel Comar,1,1,0
Praneel Dalal,1,1,0
Praneel Date,1,1,0
Praneel Dayal,1,1,0
Praneel Divan,1,1,0
Praneel Gala,1,1,0
Praneel Ghosh,1,1,0
Praneel Goda,1,1,0
Praneel Hari,1,1,0
Praneel Iyengar,1,1,1
Praneel Mand,1,1,0
Praneel Mangat,1,1,0
Praneel Mittal,1,1,0
Praneel Nagar,2,2,0
Praneel Natt,1,1,0
Praneel Palan,1,1,0
Praneel Palla,1,1,0
Praneel Pandit,1,1,0
Praneel Parikh,1,1,0
Praneel Purohit,1,1,0
Praneel Ram,1,1,0
Praneel Ramesh,1,1,0
Praneel Sandal,1,1,0
Praneel Sangha,1,1,0
Praneel Savant,1,1,0
Praneel Shah,1,1,0
Praneel Singhal,1,1,0
Praneel Som,1,1,0
Praneel Suri,1,1,0
Praneel Swaminathan,1,1,0
Praneel Tella,1,1,0
Praneel Thaker,1,1,0
Praneel Thakkar,1,1,0
Praneel Thaman,1,1,0
Praneel Vala,1,1,0
Praneel Varghese,1,1,0
Praneel Varkey,1,1,0
Praneel Varty,1,1,1
Pranit Agate,2,2,0
Pranit Bakshi,1,1,0
Pranit Balakrishnan,1,1,0
Pranit Bansal,1,1,0
Pranit Baral,1,1,0
Pranit Bhagat,1,1,0
Pranit Bhasin,1,1,0
Pranit Chad,1,1,0
Pranit Chakrabarti,1,1,0
Pranit Chakraborty,1,1,0
Pranit Chandra,1,1,0
Pranit Chawla,1,1,0
Pranit Choudhry,1,1,0
Pranit Choudhury,1,1,0
Pranit Dara,1,1,0
Pranit Devi,1,1,0
Pranit Dhar,1,1,0
Pranit Dubey,1,1,0
Pranit Dugar,1,1,0
Pranit Dyal,1,1,0
Pranit Gade,1,1,0
Pranit Ghose,1,1,0
Pranit Kadakia,1,1,1
Pranit Kale,1,1,0
Pranit Kapadia,1,1,0
Pranit Kaul,1,1,0
Pranit Khanna,1,1,0
Pranit Korpal,1,1,0
Pranit Koshy,1,1,0
Pranit Lanka,1,1,0
Pranit Lata,1,1,1
Pranit Madan,1,1,0
Pranit Mangat,1,1,0
Pranit Morar,1,1,0
Pranit Nagarajan,1,1,0
Pranit Nayar,1,1,1
Pranit Nori,1,1,0
Pranit Om,1,1,0
Pranit Pandya,1,1,0
Pranit Raghavan,1,1,0
Pranit Raval,1,1,0
Pranit Ravel,1,1,0
Pranit Reddy,1,1,0
Pranit Sampath,1,1,1
Pranit Sanghvi,1,1,0
Pranit Sarna,1,1,0
Pranit Sen,1,1,0
Pranit Shan,1,1,0
Pranit Sundaram,1,1,1
Pranit Sura,1,1,0
Pranit Thakkar,1,1,0
Pranit Thaman,1,1,0
Pranit Virk,1,1,0
Pratyush Bala,2,2,0
Pratyush Bali,1,1,0
Pratyush Bhagat,1,1,0
Pratyush Bhalla,1,1,0
Pratyush Bhargava,1,1,0
Pratyush Borde,1,1,0
Pratyush Butala,1,1,0
Pratyush Char,1,1,0
Pratyush Goel,1,1,0
Pratyush Gour,1,1,0
Pratyush Hari,1,1,1
Pratyush Khare,1,1,1
Pratyush Kohli,1,1,1
Pratyush Konda,1,1,0
Pratyush Koshy,1,1,0
Pratyush Kota,2,2,2
Pratyush Krishnan,1,1,0
Pratyush Kunda,1,1,0
Pratyush Lad,1,1,1
Pratyush Lall,1,1,0
Pratyush Luthra,1,1,0
Pratyush Maharaj,1,1,0
Pratyush Mangal,1,1,0
Pratyush Menon,1,1,0
Pratyush Mody,2,2,0
Pratyush Palla,1,1,0
Pratyush Panchal,3,3,0
Pratyush Parmar,1,1,0
Pratyush Peri,1,1,0
Pratyush Prasad,1,1,0
Pratyush Rama,1,1,0
Pratyush Ramachandran,1,1,0
Pratyush Raval,1,1,0
Pratyush Sangha,1,1,0
Pratyush Sankar,1,1,0
Pratyush Sant,1,1,0
Pratyush Sengupta,1,1,0
Pratyush Seth,1,1,0
Pratyush Sidhu,1,1,0
Pratyush Sood,1,1,0
Pratyush Srinivasan,1,1,0
Pratyush Taneja,1,1,0
Pratyush Tara,1,1,0
Pratyush Venkataraman,1,1,0
Prisha Ahuja,1,1,0
Prisha Amble,1,1,0
Prisha Arya,1,1,1
Prisha Bala,1,1,0
Prisha Baral,2,2,0
Prisha Bhagat,1,1,0
Prisha Bhattacharyya,1,1,0
Prisha Borah,1,1,0
Prisha Chaudhary,1,1,0
Prisha Dara,1,1,0
Prisha Dhaliwal,1,1,0
Prisha Hari,1,1,1
Prisha Jha,1,1,0
Prisha Kade,1,1,0
Prisha Kalita,1,1,0
Prisha Karan,1,1,0
Prisha Khurana,1,1,0
Prisha Krishna,1,1,1
Prisha Mammen,1,1,0
Prisha Mistry,1,1,0
Prisha Mukhopadhyay,1,1,0
Prisha Narayanan,2,2,0
Prisha Oak,1,1,0
Prisha Pall,1,1,0
Prisha Sharma,1,1,0
Prisha Srinivasan,1,1,0
Prisha Suresh,1,1,0
Prisha Tara,1,1,0
Prisha Tella,1,1,0
Prisha Uppal,1,1,0
Prisha Varughese,1,1,0
Prisha Viswanathan,1,1,0
Prisha Walia,1,1,1
Prisha Zachariah,1,1,0
Priya Andra,1,1,0
Priya Barman,1,1,0
Priya Bath,1,1,0
Priya Bawa,1,1,0
Priya Bhakta,1,1,0
Priya Buch,1,1,0
Priya Chad,1,1,0
Priya Chaudhary,1,1,0
Priya Chaudhuri,1,1,0
Priya Chaudry,1,1,0
Priya Choudhry,1,1,0
Priya Devi,1,1,0
Priya Divan,1,1,0
Priya Dube,1,1,0
Priya Gandhi,1,1,0
Priya Gola,1,1,0
Priya Gole,1,1,0
Priya Handa,1,1,0
Priya Hari,1,1,0
Priya Kadakia,1,1,0
Priya Kakar,1,1,0
Priya Kaur,1,1,0
Priya Khanna,1,1,0
Priya Khurana,1,1,0
Priya Kulkarni,1,1,0
Priya Lad,1,1,0
Priya Loyal,1,1,0
Priya Mander,1,1,0
Priya Mani,1,1,0
Priya Muni,1,1,0
Priya Narayan,1,1,0
Priya Nigam,1,1,0
Priya Parsa,1,1,1
Priya Ramaswamy,1,1,0
Priya Ray,1,1,0
Priya Samra,1,1,0
Priya Sehgal,1,1,0
Priya Sidhu,1,1,0
Priya Singh,1,1,0
Priya Sood,1,1,0
Priya Vora,1,1,0
Priya Zachariah,2,2,0
Pushti Arora,2,2,1
Pushti Aurora,1,1,0
Pushti Bail,1,1,0
Pushti Batta,1,1,0
Pushti Bhalla,1,1,0
Pushti Bhat,1,1,0
Pushti Bhatnagar,1,1,0
Pushti Bumb,1,1,0
Pushti Chakrabarti,1,1,0
Pushti Chander,1,1,0
Pushti Chaudhary,1,1,0
Pushti Chhabra,1,1,0
Pushti Dey,1,1,0
Pushti Doctor,1,1,1
Pushti Dube,1,1,0
Pushti Gill,1,1,0
Pushti Gole,1,1,0
Pushti Grewal,1,1,0
Pushti Grover,1,1,0
Pushti Hayer,2,2,0
Pushti Hora,1,1,1
Pushti Iyengar,1,1,0
Pushti Kanda,1,1,0
Pushti Kara,1,1,0
Pushti Kari,1,1,0
Pushti Kashyap,1,1,0
Pushti Kibe,1,1,0
Pushti Krishnamurthy,1,1,0
Pushti Maharaj,1,1,0
Pushti Mangal,1,1,0
Pushti Narang,1,1,0
Pushti Nayar,1,1,0
Pushti Nazareth,1,1,0
Pushti Om,1,1,0
Pushti Padmanabhan,1,1,0
Pushti Purohit,1,1,0
Pushti Ratta,1,1,1
Pushti Shah,1,1,0
Pushti Shankar,1,1,0
Pushti Singhal,1,1,0
Pushti Soni,1,1,0
Pushti Srinivasan,1,1,0
Pushti Sundaram,1,1,0
Pushti Suri,1,1,0
Pushti Tailor,1,1,0
Pushti Varughese,1,1,0
Pushti Vohra,1,1,0
Qabil Badal,1,1,0
Qabil Bandi,1,1,0
Qabil Banerjee,1,1,0
Qabil Bava,1,1,0
Qabil Behl,1,1,0
Qabil Bhakta,1,1,0
Qabil Bhalla,1,1,1
Qabil Chahal,1,1,1
Qabil Cherian,1,1,0
Qabil Das,1,1,0
Qabil Dass,1,1,0
Qabil Dave,1,1,0
Qabil Garde,1,1,0
Qabil Gole,1,1,1
Qabil Hans,1,1,0
Qabil Jhaveri,1,1,1
Qabil Kadakia,1,1,0
Qabil Kala,3,3,0
Qabil Madan,1,1,1
Qabil Mallick,1,1,0
Qabil Mangat,1,1,0
Qabil Mann,1,1,0
Qabil Mitter,1,1,0
Qabil Pandey,1,1,0
Qabil Prabhakar,1,1,0
Qabil Pradhan,1,1,0
Qabil Ram,1,1,1
Qabil Sama,1,1,0
Qabil Sarraf,1,1,0
Qabil Sawhney,1,1,0
Qabil Sem,1,1,0
Qabil Setty,1,1,0
Qabil Solanki,1,1,1
Qabil Thakur,1,1,0
Qabil Wagle,1,1,0
Qadim Aggarwal,1,1,1
Qadim Ahluwalia,1,1,1
Qadim Balakrishnan,1,1,0
Qadim Balasubramanian,1,1,0
Qadim Ben,1,1,0
Qadim Bhalla,1,1,0
Qadim Bora,1,1,0
Qadim Bumb,1,1,0
Qadim Dixit,1,1,0
Qadim Gola,1,1,0
Qadim Grover,1,1,0
Qadim Gupta,1,1,0
Qadim Jhaveri,1,1,0
Qadim Kara,1,1,0
Qadim Karpe,1,1,0
Qadim Khurana,1,1,0
Qadim Lad,1,1,0
Qadim Loke,1,1,0
Qadim Mand,1,1,0
Qadim Memon,1,1,0
Qadim More,1,1,0
Qadim Nadig,1,1,0
Qadim Nair,1,1,0
Qadim Natarajan,1,1,0
Qadim Oza,1,1,0
Qadim Parsa,1,1,0
Qadim Rai,1,1,0
Qadim Raj,1,1,0
Qadim Raja,1,1,0
Qadim Ramachandran,1,1,0
Qadim Ravel,1,1,0
Qadim Sarna,1,1,0
Qadim Shenoy,1,1,1
Qadim Sheth,1,1,0
Qadim Swamy,1,1,0
Qadim Tata,1,1,0
Qadim Toor,1,1,0
Qadim Varma,1,1,0
Qadim Vasa,1,1,0
Qarin Amble,1,1,0
Qarin Andra,1,1,1
Qarin Bail,1,1,0
Qarin Bajaj,1,1,0
Qarin Balan,1,1,0
Qarin Basu,1,1,0
Qarin Bath,1,1,0
Qarin Bhasin,1,1,0
Qarin Boase,1,1,0
Qarin Chadha,2,2,0
Qarin Chander,1,1,0
Qarin Dalal,1,1,0
Qarin Dave,1,1,0
Qarin Dhawan,1,1,0
Qarin Dora,1,1,0
Qarin Dubey,1,1,0
Qarin Gade,1,1,0
Qarin Garde,1,1,0
Qarin Garg,1,1,0
Qarin Goyal,1,1,0
Qarin Handa,1,1,0
Qarin Kale,1,1,0
Qarin Kaur,1,1,0
Qarin Kuruvilla,1,1,0
Qarin Lad,1,1,0
Qarin Mandal,1,1,0
Qarin Mander,1,1,0
Qarin More,2,2,0
Qarin Nadkarni,1,1,0
Qarin Narain,1,1,0
Qarin Om,1,1,0
Qarin Palan,1,1,0
Qarin Pall,1,1,0
Qarin Pau,1,1,0
Qarin Peri,1,1,0
Qarin Pillay,1,1,0
Qarin Rajagopal,1,1,0
Qarin Rao,1,1,0
Qarin Savant,1,1,0
Qarin Sethi,1,1,0
Qarin Setty,1,1,0
Qarin Shetty,1,1,0
Qarin Singh,1,1,0
Qarin Sodhi,1,1,0
Qarin Sule,2,2,0
Qarin Tandon,1,1,0
Qarin Varkey,1,1,1
Qarin Varma,1,1,0
Qarin Virk,1,1,0
Qasim Aggarwal,2,2,0
Qasim Apte,1,1,0
Qasim Arora,1,1,0
Qasim Bahri,1,1,0
Qasim Bal,1,1,0
Qasim Banerjee,1,1,0
Qasim Bassi,1,1,0
Qasim Bath,1,1,0
Qasim Bava,1,1,0
Qasim Chacko,1,1,0
Qasim Chand,1,1,0
Qasim Chaudhry,1,1,0
Qasim Chhabra,2,2,0
Qasim Comar,1,1,0
Qasim Dhar,2,2,0
Qasim Garg,1,1,0
Qasim Gera,1,1,0
Qasim Hora,1,1,0
Qasim Jaggi,1,1,0
Qasim Jha,1,1,0
Qasim Johal,1,1,0
Qasim Kant,1,1,0
Qasim Kar,1,1,0
Qasim Karan,1,1,0
Qasim Kari,1,1,0
Qasim Kulkarni,1,1,0
Qasim Kunda,1,1,0
Qasim Mangal,1,1,0
Qasim Menon,1,1,0
Qasim Nair,1,1,0
Qasim Pathak,1,1,0
Qasim Pillai,1,1,0
Qasim Prashad,1,1,0
Qasim Radhakrishnan,1,1,0
Qasim Ravel,1,1,0
Qasim Sant,1,1,0
Qasim Sarin,1,1,1
Qasim Sarna,1,1,1
Qasim Sastry,1,1,0
Qasim Shroff,1,1,1
Qasim Subramaniam,1,1,0
Qasim Taneja,1,1,0
Qasim Tella,1,1,0
Qasim Varma,1,1,0
Qasim Vyas,1,1,0
Qasim Walla,1,1,0
Quincy Agate,1,1,0
Quincy Bassi,1,1,0
Quincy Bhandari,1,1,0
Quincy Bora,1,1,0
Quincy Borde,1,1,0
Quincy Chada,1,1,0
Quincy Chadha,1,1,0
Quincy Choudhury,1,1,0
Quincy Dalal,1,1,1
Quincy Deep,1,1,0
Quincy Dyal,1,1,0
Quincy Gade,1,1,0
Quincy Ganguly,1,1,0
Quincy Gola,1,1,0
Quincy Grewal,1,1,0
Quincy Joshi,1,1,0
Quincy Kala,1,1,0
Quincy Kota,1,1,0
Quincy Lall,1,1,0
Quincy Mahajan,1,1,0
Quincy Menon,1,1,0
Quincy Minhas,1,1,1
Quincy Mitra,1,1,0
Quincy Nath,1,1,0
Quincy Nori,2,2,0
Quincy Oak,1,1,0
Quincy Panchal,1,1,0
Quincy Pandya,1,1,0
Quincy Patel,1,1,0
Quincy Prakash,1,1,0
Quincy Puri,1,1,0
Quincy Rajagopal,1,1,1
Quincy Rajan,1,1,2
Quincy Ramaswamy,1,1,0
Quincy Ranganathan,2,2,0
Quincy Rao,1,1,0
Quincy Rastogi,1,1,0
Quincy Sachdev,1,1,0
Quincy Sanghvi,1,1,0
Quincy Sankaran,1,1,0
Quincy Savant,1,1,0
Quincy Sharma,1,1,0
Quincy Shetty,1,1,0
Quincy Singhal,1,1,0
Quincy Solanki,1,1,1
Quincy Srivastava,1,1,0
Quincy Sundaram,1,1,0
Quincy Tella,1,1,1
Quincy Vyas,1,1,0
Quincy Wagle,1,1,0
Quincy Zacharia,1,1,1
Qushi Ahuja,1,1,0
Qushi Bassi,1,1,1
Qushi Bhatti,2,2,0
Qushi Chakrabarti,1,1,0
Qushi Chakraborty,1,1,0
Qushi Chandran,1,1,0
Qushi Chaudhuri,1,1,0
Qushi Choudhury,1,1,0
Qushi Dhawan,1,1,0
Qushi Dixit,1,1,0
Qushi Dube,1,1,0
Qushi Gara,1,1,0
Qushi Grewal,1,1,0
Qushi Iyer,1,1,1
Qushi Jaggi,1,1,0
Qushi Kala,1,1,0
Qushi Kota,1,1,0
Qushi Krish,1,1,0
Qushi Kunda,1,1,0
Qushi Minhas,1,1,0
Qushi More,1,1,1
Qushi Nadig,1,1,0
Qushi Pandya,1,1,1
Qushi Parsa,2,2,0
Qushi Prashad,2,2,0
Qushi Raghavan,1,1,0
Qushi Raj,1,1,0
Qushi Rama,1,1,0
Qushi Rattan,1,1,1
Qushi Sankar,1,1,0
Qushi Sarma,1,1,0
Qushi Seth,1,1,0
Qushi Sinha,1,1,0
Qushi Varkey,1,1,0
Qushi Vyas,1,1,0
Qushi Yogi,1,1,1
Qushi Yohannan,1,1,0
Qushi Zachariah,1,1,0
Raagini Arya,1,1,0
Raagini Bala,2,2,0
Raagini Banerjee,1,1,0
Raagini Bava,1,1,1
Raagini Behl,1,1,0
Raagini Bobal,1,1,0
Raagini Chander,1,1,0
Raagini Chandra,1,1,0
Raagini Chaudhuri,1,1,0
Raagini Dalal,1,1,1
Raagini Das,1,1,0
Raagini Dasgupta,1,1,0
Raagini Date,1,1,0
Raagini Dewan,1,1,0
Raagini Din,1,1,0
Raagini Gara,1,1,0
Raagini Hegde,1,1,0
Raagini Kadakia,1,1,0
Raagini Kale,2,2,0
Raagini Kapoor,1,1,0
Raagini Kapur,1,1,0
Raagini Kar,1,1,0
Raagini Kara,1,1,0
Raagini Khosla,1,1,0
Raagini Krishna,1,1,0
Raagini Krishnan,1,1,0
Raagini Lanka,1,1,0
Raagini Mandal,1,1,0
Raagini Mane,1,1,0
Raagini Mangal,1,1,0
Raagini Mangat,1,1,0
Raagini Master,1,1,1
Raagini Misra,1,1,0
Raagini Nadig,1,1,0
Raagini Nagi,1,1,0
Raagini Nanda,1,1,0
Raagini Parsa,1,1,0
Raagini Patla,1,1,0
Raagini Peri,1,1,0
Raagini Rai,1,1,0
Raagini Ratta,1,1,0
Raagini Samra,1,1,1
Raagini Sarin,1,1,0
Raagini Sathe,1,1,0
Raagini Savant,1,1,0
Raagini Sem,1,1,0
Raagini Subramaniam,2,2,0
Raagini Swamy,1,1,0
Raagini Trivedi,1,1,0
Raagini Varkey,1,1,0
Raagini Varughese,1,1,0
Raagini Viswanathan,1,1,0
Raagini Wagle,1,1,0
Raagini Walla,1,1,1
Raagini Yadav,1,1,0
Raagini Yogi,1,1,0
Rachana Ahluwalia,1,1,0
Rachana Ahuja,1,1,0
Rachana Anne,1,1,0
Rachana Badal,1,1,0
Rachana Badami,1,1,0
Rachana Barad,1,1,0
Rachana Bhat,1,1,0
Rachana Bhatt,1,1,0
Rachana Bhatti,1,1,0
Rachana Bora,1,1,0
Rachana Chandran,1,1,0
Rachana Cherian,1,1,0
Rachana Dewan,1,1,0
Rachana Din,1,1,0
Rachana Goda,1,1,0
Rachana Grewal,1,1,0
Rachana Handa,1,1,0
Rachana Kanda,1,1,0
Rachana Kothari,1,1,0
Rachana Misra,1,1,0
Rachana Murty,1,1,0
Rachana Palla,1,1,0
Rachana Parekh,1,1,0
Rachana Pradhan,1,1,0
Rachana Raval,1,1,0
Rachana Saini,1,1,0
Rachana Sehgal,1,1,0
Rachana Seshadri,1,1,0
Rachana Shere,2,2,0
Rachana Sood,1,1,0
Rachana Srinivasan,1,1,1
Rachana Subramaniam,1,1,0
Rachana Sundaram,2,2,0
Rachana Suri,1,1,0
Rachana Swamy,2,2,0
Rachana Taneja,1,1,0
Rachana Tata,1,1,0
Rachana Trivedi,1,1,0
Rachana Uppal,1,1,0
Rachana Verma,1,1,0
Rachana Wadhwa,1,1,0
Rachana Wagle,1,1,0
Rachit Agate,1,1,0
Rachit Babu,1,1,0
Rachit Barman,1,1,0
Rachit Basak,1,1,0
Rachit Behl,1,1,0
Rachit Bera,1,1,0
Rachit Bhardwaj,1,1,0
Rachit Bhavsar,1,1,0
Rachit Borah,2,2,1
Rachit Butala,1,1,0
Rachit Chand,1,1,0
Rachit Chandra,2,2,0
Rachit Char,1,1,0
Rachit Chhabra,1,1,0
Rachit Das,1,1,0
Rachit Date,1,1,0
Rachit Deep,1,1,0
Rachit Deshmukh,1,1,0
Rachit Dhar,1,1,0
Rachit Ghosh,1,1,0
Rachit Gola,1,1,0
Rachit Gulati,1,1,0
Rachit Jaggi,1,1,0
Rachit Kanda,1,1,1
Rachit Kari,1,1,1
Rachit Karpe,1,1,0
Rachit Kaul,1,1,0
Rachit Lanka,1,1,0
Rachit Majumdar,1,1,1
Rachit Mall,1,1,0
Rachit Mammen,1,1,0
Rachit Mand,1,1,0
Rachit Mandal,1,1,0
Rachit Misra,1,1,0
Rachit Mitter,1,1,0
Rachit Morar,1,1,0
Rachit Naidu,1,1,0
Rachit Naik,1,1,0
Rachit Nair,1,1,0
Rachit Pal,1,1,0
Rachit Prabhu,1,1,0
Rachit Radhakrishnan,1,1,0
Rachit Raj,1,1,0
Rachit Rastogi,1,1,0
Rachit Sandal,1,1,0
Rachit Sanghvi,1,1,0
Rachit Sarkar,1,1,0
Rachit Sarma,1,1,0
Rachit Sastry,1,1,0
Rachit Sem,1,1,0
Rachit Shroff,1,1,0
Rachit Sule,1,1,0
Rachit Sunder,1,1,0
Rachit Walia,1,1,0
Rachit Walla,1,1,0
Rachit Yohannan,1,1,0
Rachit Zacharia,1,1,0
Rachita Amble,1,1,0
Rachita Bal,1,1,0
Rachita Balan,1,1,0
Rachita Baria,1,1,1
Rachita Borde,1,1,1
Rachita Char,1,1,1
Rachita Comar,1,1,1
Rachita Dar,1,1,0
Rachita Dhawan,1,1,0
Rachita Din,1,1,0
Rachita Dua,1,1,0
Rachita Dyal,1,1,1
Rachita Garg,1,1,0
Rachita Goel,1,1,0
Rachita Gopal,1,1,0
Rachita Grover,1,1,0
Rachita Hegde,1,1,0
Rachita Hora,1,1,0
Rachita Kalita,1,1,0
Rachita Kamdar,1,1,0
Rachita Karan,1,1,0
Rachita Kari,1,1,0
Rachita Khanna,1,1,0
Rachita Krish,1,1,0
Rachita Kuruvilla,1,1,1
Rachita Malhotra,1,1,0
Rachita Mand,1,1,1
Rachita Mittal,1,1,0
Rachita Natt,1,1,0
Rachita Oommen,1,1,0
Rachita Patel,1,1,0
Rachita Pathak,1,1,0
Rachita Prabhakar,1,1,0
Rachita Radhakrishnan,1,1,0
Rachita Ramachandran,1,1,0
Rachita Ramaswamy,1,1,0
Rachita Rege,1,1,0
Rachita Sangha,1,1,0
Rachita Sankaran,1,1,0
Rachita Sarkar,1,1,0
Rachita Sarna,1,1,0
Rachita Sheth,1,1,0
Rachita Srivastava,1,1,0
Rachita Sule,1,1,0
Rachita Sundaram,1,1,0
Rachita Tank,1,1,0
Rachita Trivedi,2,2,0
Radha Aurora,1,1,0
Radha Balakrishnan,1,1,0
Radha Bali,1,1,0
Radha Bandi,1,1,0
Radha Barad,1,1,0
Radha Borra,1,1,0
Radha Comar,1,1,0
Radha Dalal,1,1,0
Radha Dani,1,1,1
Radha Dara,1,1,0
Radha Date,1,1,0
Radha Devi,1,1,0
Radha Dhar,1,1,0
Radha Dixit,1,1,0
Radha Dora,1,1,0
Radha Gade,1,1,0
Radha Kamdar,1,1,0
Radha Kant,1,1,0
Radha Khanna,1,1,0
Radha Konda,1,1,0
Radha Mahal,1,1,0
Radha Nagi,1,1,0
Radha Narain,1,1,0
Radha Narasimhan,1,1,0
Radha Nori,1,1,0
Radha Oak,1,1,0
Radha Oommen,1,1,1
Radha Pall,1,1,0
Radha Rout,1,1,0
Radha Sane,1,1,0
Radha Sani,1,1,0
Radha Tandon,1,1,0
Radha Varughese,1,1,0
Radha Venkataraman,1,1,0
Radhika Agrawal,1,1,0
Radhika Arya,1,1,0
Radhika Balan,1,1,0
Radhika Banik,1,1,0
Radhika Bansal,1,1,1
Radhika Batta,1,1,0
Radhika Bhargava,1,1,0
Radhika Bhasin,1,1,0
Radhika Bir,1,1,0
Radhika Butala,1,1,1
Radhika Chad,1,1,0
Radhika Chaudhary,1,1,0
Radhika Choudhary,1,1,0
Radhika Choudhry,1,1,0
Radhika Deshpande,1,1,0
Radhika Gaba,1,1,0
Radhika Ghosh,1,1,0
Radhika Jayaraman,1,1,0
Radhika Kaur,1,1,0
Radhika Krish,1,1,0
Radhika Kumar,1,1,0
Radhika Kumer,1,1,0
Radhika Lad,1,1,0
Radhika Lanka,1,1,0
Radhika Madan,1,1,0
Radhika Mander,1,1,0
Radhika Mangal,1,1,0
Radhika Mangat,1,1,1
Radhika Minhas,1,1,0
Radhika Muni,1,1,1
Radhika Naidu,1,1,0
Radhika Narain,1,1,0
Radhika Parmar,1,1,0
Radhika Patel,1,1,0
Radhika Pillai,1,1,2
Radhika Ratti,1,1,0
Radhika Sachar,1,1,0
Radhika Sandal,1,1,0
Radhika Savant,1,1,0
Radhika Seshadri,1,1,0
Radhika Shan,1,1,0
Radhika Wason,1,1,0
Raghav Ahuja,1,1,0
Raghav Bava,1,1,0
Raghav Bora,1,1,0
Raghav Chahal,1,1,0
Raghav Chaudhuri,1,1,0
Raghav Dalal,1,1,0
Raghav De,1,1,0
Raghav Devi,1,1,0
Raghav Garde,1,1,0
Raghav Garg,1,1,0
Raghav Handa,2,2,0
Raghav Jayaraman,1,1,0
Raghav Jhaveri,1,1,0
Raghav Kari,1,1,0
Raghav Kuruvilla,1,1,0
Raghav Lanka,1,1,0
Raghav Lata,1,1,1
Raghav Malhotra,1,1,0
Raghav Mallick,1,1,0
Raghav Mammen,1,1,0
Raghav Master,1,1,0
Raghav Minhas,1,1,0
Raghav Murthy,1,1,0
Raghav Nagi,1,1,0
Raghav Narasimhan,1,1,0
Raghav Parmer,1,1,0
Raghav Patel,1,1,0
Raghav Patil,1,1,0
Raghav Pradhan,1,1,0
Raghav Ramanathan,1,1,0
Raghav Rastogi,1,1,0
Raghav Rout,1,1,0
Raghav Sami,1,1,0
Raghav Sandal,1,1,0
Raghav Shan,1,1,0
Raghav Sharma,1,1,1
Raghav Singhal,1,1,0
Raghav Sood,1,1,0
Raghav Srinivasan,1,1,0
Raghav Vasa,1,1,1
Raghav Virk,1,1,0
Raghav Wable,1,1,1
Rajata Agarwal,1,1,0
Rajata Ahuja,1,1,0
Rajata Arya,1,1,0
Rajata Badal,1,1,0
Rajata Barman,1,1,0
Rajata Bhakta,1,1,0
Rajata Bhavsar,1,1,0
Rajata Borde,1,1,0
Rajata Borra,1,1,0
Rajata Chanda,1,1,1
Rajata Chaudhary,1,1,0
Rajata Cheema,1,1,0
Rajata Doctor,1,1,0
Rajata Ghosh,1,1,0
Rajata Iyer,1,1,0
Rajata Kala,1,1,0
Rajata Lad,1,1,0
Rajata Mammen,1,1,0
Rajata Menon,1,1,0
Rajata Muni,1,1,0
Rajata Nadkarni,1,1,0
Rajata Naidu,1,1,0
Rajata Nori,1,1,1
Rajata Pal,1,1,0
Rajata Pall,1,1,0
Rajata Parmer,1,1,0
Rajata Pingle,1,1,0
Rajata Rastogi,1,1,0
Rajata Sahni,1,1,0
Rajata Salvi,2,2,0
Rajata Sha,1,1,0
Rajata Toor,1,1,0
Rajata Vig,1,1,0
Rajata Vohra,1,1,0
Rajata Wason,1,1,1
Rajata Yohannan,1,1,0
Rajeshri Anne,1,1,0
Rajeshri Bahl,1,1,0
Rajeshri Balan,1,1,0
Rajeshri Bedi,1,1,0
Rajeshri Ben,2,2,0
Rajeshri Chakraborty,1,1,0
Rajeshri Chaudhary,1,1,0
Rajeshri Chowdhury,1,1,0
Rajeshri Dara,1,1,0
Rajeshri Dugar,2,2,0
Rajeshri Dutta,1,1,0
Rajeshri Edwin,1,1,0
Rajeshri Ganesh,1,1,0
Rajeshri Gour,1,1,0
Rajeshri Hayer,1,1,0
Rajeshri Hora,1,1,0
Rajeshri Iyer,1,1,0
Rajeshri Jani,1,1,0
Rajeshri Khanna,1,1,0
Rajeshri Lad,1,1,0
Rajeshri Loyal,1,1,0
Rajeshri Misra,1,1,0
Rajeshri Modi,1,1,0
Rajeshri Mody,1,1,0
Rajeshri Mohanty,1,1,0
Rajeshri Mukherjee,1,1,0
Rajeshri Nagi,1,1,1
Rajeshri Nigam,1,1,0
Rajeshri Oak,1,1,0
Rajeshri Om,1,1,0
Rajeshri Ranganathan,1,1,0
Rajeshri Sampath,1,1,0
Rajeshri Samra,1,1,0
Rajeshri Shankar,1,1,0
Rajeshri Shukla,1,1,0
Rajeshri Singh,1,1,0
Rajeshri Srinivasan,1,1,0
Rajeshri Tank,1,1,0
Rajeshri Tara,1,1,0
Rajeshri Vala,1,1,0
Rajeshri Varughese,1,1,1
Rajeshri Vig,1,1,0
Raksha Agate,1,1,0
Raksha Aggarwal,1,1,0
Raksha Arya,1,1,0
Raksha Badal,1,1,0
Raksha Barad,2,2,0
Raksha Ben,1,1,0
Raksha Bora,1,1,0
Raksha Borra,1,1,0
Raksha Chahal,1,1,0
Raksha Chawla,1,1,0
Raksha Deep,1,1,0
Raksha Dugal,1,1,0
Raksha Ganesh,1,1,0
Raksha Goel,1,1,0
Raksha Hari,1,1,0
Raksha Jani,1,1,0
Raksha Kakar,1,1,0
Raksha Kalla,1,1,0
Raksha Kannan,1,1,0
Raksha Lad,1,1,0
Raksha Madan,1,1,0
Raksha Manda,1,1,0
Raksha Mani,2,2,0
Raksha Mittal,1,1,0
Raksha Narula,1,1,0
Raksha Nori,1,1,0
Raksha Patil,1,1,0
Raksha Patla,1,1,0
Raksha Ranganathan,1,1,1
Raksha Rattan,1,1,0
Raksha Samra,1,1,0
Raksha Sani,1,1,0
Raksha Saxena,1,1,0
Raksha Shankar,1,1,1
Raksha Sheth,1,1,0
Raksha Suresh,1,1,0
Raksha Upadhyay,1,1,0
Raksha Wali,1,1,0
Ranbir Balasubramanian,1,1,0
Ranbir Bhatt,1,1,0
Ranbir Borah,1,1,0
Ranbir Chander,1,1,1
Ranbir Chawla,1,1,0
Ranbir Chopra,1,1,0
Ranbir Das,1,1,0
Ranbir Dass,1,1,0
Ranbir Devi,1,1,0
Ranbir Doshi,1,1,0
Ranbir Dua,1,1,0
Ranbir Dube,1,1,0
Ranbir Goel,1,1,0
Ranbir Hayer,1,1,1
Ranbir Kala,1,1,0
Ranbir Khalsa,1,1,0
Ranbir Korpal,1,1,0
Ranbir Lala,1,1,0
Ranbir Manda,1,1,0
Ranbir Mangat,1,1,0
Ranbir Mani,1,1,1
Ranbir Mann,1,1,1
Ranbir Mohan,1,1,0
Ranbir Morar,1,1,0
Ranbir Nadkarni,1,1,0
Ranbir Nath,1,1,0
Ranbir Nori,1,1,1
Ranbir Pandya,1,1,0
Ranbir Parikh,1,1,0
Ranbir Ramaswamy,1,1,0
Ranbir Sabharwal,1,1,0
Ranbir Sathe,1,1,0
Ranbir Saxena,1,1,0
Ranbir Soman,1,1,1
Ranbir Talwar,1,1,0
Ranbir Varty,1,1,0
Ranbir Verma,1,1,0
Ranbir Vora,1,1,0
Ranbir Wadhwa,2,2,1
Ranbir Wali,1,1,0
Ranveer Arya,1,1,0
Ranveer Balan,1,1,0
Ranveer Bawa,1,1,0
Ranveer Borra,1,1,0
Ranveer Chauhan,1,1,0
Ranveer Choudhury,1,1,0
Ranveer Desai,1,1,0
Ranveer Devi,1,1,0
Ranveer Grewal,1,1,0
Ranveer Hegde,1,1,0
Ranveer Jaggi,1,1,1
Ranveer Jayaraman,1,1,0
Ranveer Kapur,1,1,0
Ranveer Kibe,1,1,0
Ranveer Korpal,1,1,0
Ranveer Krish,1,1,0
Ranveer Kumer,1,1,0
Ranveer Kurian,1,1,0
Ranveer Lata,1,1,0
Ranveer Loke,1,1,0
Ranveer Maharaj,1,1,0
Ranveer Misra,1,1,1
Ranveer Morar,1,1,0
Ranveer Nagarajan,1,1,0
Ranveer Nath,2,2,0
Ranveer Pai,1,1,0
Ranveer Palla,1,1,0
Ranveer Parikh,1,1,0
Ranveer Prakash,1,1,0
Ranveer Ramakrishnan,2,2,0
Ranveer Raman,2,2,0
Ranveer Randhawa,1,1,0
Ranveer Sane,1,1,0
Ranveer Sani,1,1,0
Ranveer Sant,1,1,0
Ranveer Sawhney,1,1,0
Ranveer Shukla,1,1,0
Ranveer Suri,1,1,0
Ranveer Swaminathan,1,1,0
Ranveer Tripathi,1,1,0
Ranveer Wagle,1,1,0
Ranveer Wali,1,1,0
Rayaan Bahl,1,1,0
Rayaan Bains,1,1,0
Rayaan Bala,1,1,0
Rayaan Bandi,2,2,0
Rayaan Bhandari,1,1,0
Rayaan Borah,1,1,0
Rayaan Chadha,1,1,0
Rayaan Chakraborty,1,1,0
Rayaan Dani,1,1,0
Rayaan Datta,1,1,0
Rayaan Dhaliwal,1,1,0
Rayaan Dube,1,1,0
Rayaan Dutt,1,1,0
Rayaan Gandhi,1,1,0
Rayaan Garde,1,1,0
Rayaan Gera,1,1,0
Rayaan Golla,1,1,0
Rayaan Kale,1,1,1
Rayaan Karnik,1,1,0
Rayaan Khatri,1,1,0
Rayaan Malhotra,1,1,0
Rayaan Mander,1,1,0
Rayaan Mannan,1,1,0
Rayaan Natarajan,1,1,0
Rayaan Nath,1,1,0
Rayaan Panchal,1,1,0
Rayaan Parsa,1,1,0
Rayaan Ramakrishnan,1,1,1
Rayaan Sachdev,1,1,0
Rayaan Sandhu,1,1,0
Rayaan Sangha,1,1,0
Rayaan Shere,1,1,0
Rayaan Sidhu,1,1,0
Rayaan Singhal,1,1,0
Rayaan Sundaram,1,1,0
Rayaan Tripathi,1,1,0
Rayaan Uppal,1,1,0
Rayaan Vala,1,1,0
Rayaan Venkataraman,1,1,0
Rayaan Virk,1,1,0
Rayaan Warrior,1,1,1
Rayaan Yadav,1,1,0
Rehaan Agarwal,1,1,0
Rehaan Agrawal,1,1,0
Rehaan Bhargava,1,1,0
Rehaan Bhasin,1,1,0
Rehaan Chauhan,1,1,0
Rehaan Cherian,1,1,0
Rehaan Chhabra,1,1,0
Rehaan Dara,1,1,0
Rehaan Deshmukh,1,1,0
Rehaan Dhingra,1,1,0
Rehaan Divan,1,1,0
Rehaan Gara,1,1,0
Rehaan Golla,1,1,0
Rehaan Iyer,1,1,0
Rehaan Kalita,1,1,0
Rehaan Kothari,1,1,0
Rehaan Lad,1,1,0
Rehaan Lala,1,1,0
Rehaan Morar,1,1,0
Rehaan Nanda,1,1,0
Rehaan Narain,1,1,0
Rehaan Parekh,1,1,0
Rehaan Parsa,1,1,0
Rehaan Pathak,1,1,0
Rehaan Prashad,1,1,0
Rehaan Ratta,1,1,0
Rehaan Sahni,1,1,0
Rehaan Sanghvi,1,1,0
Rehaan Sastry,1,1,0
Rehaan Sekhon,1,1,0
Rehaan Shanker,2,2,0
Rehaan Shetty,1,1,0
Rehaan Sinha,1,1,0
Rehaan Sridhar,1,1,0
Rehaan Sur,1,1,0
Rehaan Thaker,1,1,1
Rehaan Toor,2,2,1
Rehaan Wadhwa,1,1,0
Rehaan Walia,1,1,0
Rehaan Yogi,1,1,0
Reva Bail,1,1,0
Reva Barad,1,1,0
Reva Behl,1,1,0
Reva Bhatti,1,1,0
Reva Biswas,1,1,0
Reva Bose,1,1,0
Reva Chad,2,2,0
Reva Chawla,1,1,0
Reva Choudhry,1,1,0
Reva Dani,1,1,0
Reva Das,1,1,0
Reva Dash,1,1,1
Reva Dass,1,1,0
Reva Desai,1,1,0
Reva Ganguly,1,1,0
Reva Gara,1,1,0
Reva Goel,2,2,0
Reva Gola,1,1,0
Reva Gole,1,1,0
Reva Grewal,1,1,0
Reva Jhaveri,1,1,0
Reva Kale,1,1,0
Reva Keer,1,1,1
Reva Krishna,1,1,0
Reva Lall,1,1,0
Reva Muni,1,1,1
Reva Murthy,1,1,0
Reva Prasad,1,1,0
Reva Radhakrishnan,1,1,0
Reva Ranganathan,1,1,0
Reva Ravel,1,1,0
Reva Ray,1,1,0
Reva Rout,1,1,0
Reva Sabharwal,1,1,0
Reva Sandal,1,1,1
Reva Sankar,1,1,0
Reva Savant,1,1,1
Reva Shah,1,1,0
Reva Sinha,1,1,0
Reva Solanki,1,1,0
Reva Suresh,1,1,0
Reva Tata,1,1,0
Reva Toor,1,1,1
Reva Wali,1,1,0
Reva Warrior,1,1,0
Reyansh Aggarwal,1,1,1
Reyansh Bal,1,1,0
Reyansh Bath,1,1,0
Reyansh Behl,1,1,0
Reyansh Bhat,1,1,0
Reyansh Bir,1,1,0
Reyansh Chandran,1,1,0
Reyansh Chaudhuri,1,1,0
Reyansh Chokshi,1,1,0
Reyansh Chopra,1,1,0
Reyansh Ganesan,1,1,0
Reyansh Ghosh,1,1,0
Reyansh Goel,1,1,0
Reyansh Grewal,1,1,0
Reyansh Iyengar,1,1,0
Reyansh Kale,1,1,0
Reyansh Karpe,1,1,0
Reyansh Krishnan,1,1,0
Reyansh Lal,1,1,0
Reyansh Lata,1,1,0
Reyansh Mammen,1,1,0
Reyansh Misra,1,1,0
Reyansh Nanda,1,1,0
Reyansh Narain,1,1,0
Reyansh Pandya,1,1,1
Reyansh Rai,1,1,0
Reyansh Rajagopalan,1,1,0
Reyansh Raman,1,1,0
Reyansh Ratta,1,1,1
Reyansh Sampath,1,1,0
Reyansh Sankar,1,1,0
Reyansh Sarna,1,1,0
Reyansh Sengupta,1,1,0
Reyansh Seth,1,1,0
Reyansh Sodhi,1,1,0
Reyansh Som,1,1,0
Reyansh Subramanian,1,1,0
Reyansh Sur,1,1,0
Reyansh Swamy,1,1,0
Reyansh Thaman,1,1,0
Reyansh Wadhwa,1,1,1
Reyansh Walla,1,1,0
Reyansh Warrior,1,1,0
Reyansh Yogi,1,1,0
Ria Agarwal,1,1,0
Ria Ahluwalia,1,1,1
Ria Banerjee,1,1,0
Ria Basak,1,1,0
Ria Bassi,1,1,0
Ria Chaudhry,1,1,0
Ria Chaudry,1,1,0
Ria Dani,1,1,0
Ria De,1,1,0
Ria Dubey,1,1,0
Ria Dugar,1,1,0
Ria Ganguly,1,1,0
Ria Gera,1,1,0
Ria Hans,1,1,0
Ria Hegde,1,1,0
Ria Iyer,1,1,0
Ria Jayaraman,1,1,0
Ria Kade,1,1,0
Ria Kannan,1,1,0
Ria Kar,1,1,0
Ria Kara,1,1,0
Ria Keer,1,1,0
Ria Mander,1,1,0
Ria Mani,1,1,0
Ria Mistry,1,1,0
Ria Morar,1,1,0
Ria Nath,1,1,0
Ria Patla,1,1,0
Ria Puri,1,1,1
Ria Raj,1,1,0
Ria Rau,1,1,1
Ria Ray,1,1,0
Ria Seth,1,1,0
Ria Shere,1,1,0
Ria Soman,1,1,0
Ria Srinivas,2,2,0
Ria Sundaram,1,1,0
Ria Suresh,1,1,0
Ria Thakkar,1,1,0
Ria Tiwari,1,1,0
Ria Vala,1,1,0
Ria Vohra,1,1,0
Ria Wali,1,1,0
Ria Walia,1,1,0
Ridhi Agrawal,1,1,0
Ridhi Bahri,1,1,0
Ridhi Bajwa,1,1,0
Ridhi Bawa,1,1,0
Ridhi Bhattacharyya,1,1,0
Ridhi Bhatti,1,1,0
Ridhi Boase,1,1,0
Ridhi Borah,1,1,0
Ridhi Buch,1,1,0
Ridhi Char,1,1,0
Ridhi Chokshi,1,1,0
Ridhi Dara,1,1,0
Ridhi Din,1,1,2
Ridhi Dixit,1,1,0
Ridhi Dutta,1,1,0
Ridhi D’Alia,1,1,0
Ridhi Gera,1,1,0
Ridhi Hans,1,1,0
Ridhi Hayre,1,1,0
Ridhi Kakar,1,1,0
Ridhi Kalita,1,1,0
Ridhi Kanda,1,1,0
Ridhi Khatri,1,1,0
Ridhi Kota,1,1,0
Ridhi Krishnamurthy,1,1,0
Ridhi Kumar,1,1,1
Ridhi Kurian,1,1,0
Ridhi Mallick,1,1,0
Ridhi Narayan,1,1,0
Ridhi Prabhu,1,1,0
Ridhi Raghavan,1,1,0
Ridhi Ravi,1,1,0
Ridhi Saha,1,1,0
Ridhi Sanghvi,1,1,0
Ridhi Sarraf,1,1,0
Ridhi Sastry,1,1,0
Ridhi Savant,1,1,0
Ridhi Sehgal,1,1,0
Ridhi Sekhon,1,1,0
Ridhi Sem,1,1,0
Ridhi Shenoy,1,1,0
Ridhi Tella,1,1,0
Ridhi Varty,1,1,0
Ridhi Vasa,1,1,1
Ridhi Viswanathan,1,1,0
Ridhi Walla,1,1,0
Ridhi Wason,1,1,0
Rishi Agate,1,1,0
Rishi Arya,1,1,0
Rishi Badal,2,2,0
Rishi Balan,1,1,0
Rishi Balay,1,1,0
Rishi Bath,1,1,0
Rishi Bobal,1,1,0
Rishi Borde,1,1,0
Rishi Butala,1,1,0
Rishi Chanda,1,1,0
Rishi Chaudhuri,1,1,0
Rishi Chaudry,2,2,0
Rishi Choudhary,1,1,0
Rishi Dar,1,1,0
Rishi Deshpande,1,1,0
Rishi Dugar,1,1,0
Rishi Dutt,1,1,1
Rishi Gade,1,1,0
Rishi Gara,1,1,0
Rishi Garde,1,1,0
Rishi Golla,1,1,0
Rishi Guha,1,1,0
Rishi Gupta,2,2,0
Rishi Halder,1,1,0
Rishi Hora,1,1,0
Rishi Kapoor,1,1,0
Rishi Karnik,2,2,0
Rishi Kaul,1,1,0
Rishi Korpal,1,1,0
Rishi Koshy,1,1,0
Rishi Memon,1,1,0
Rishi Mittal,1,1,0
Rishi Mody,1,1,0
Rishi Nagar,1,1,0
Rishi Narain,1,1,0
Rishi Narasimhan,2,2,1
Rishi Panchal,1,1,0
Rishi Peri,1,1,0
Rishi Raghavan,1,1,0
Rishi Raju,1,1,0
Rishi Rout,1,1,0
Rishi Sachar,1,1,0
Rishi Sane,1,1,0
Rishi Sarraf,1,1,0
Rishi Sathe,2,2,0
Rishi Shankar,1,1,0
Rishi Sharaf,1,1,0
Rishi Singh,1,1,1
Rishi Solanki,1,1,0
Rishi Soman,1,1,0
Rishi Soni,1,1,0
Rishi Subramanian,1,1,0
Rishi Sura,1,1,0
Rishi Suri,1,1,0
Rishi Swaminathan,1,1,0
Rishi Tak,1,1,0
Rishi Thaman,1,1,0
Rishi Trivedi,1,1,0
Rishi Varty,1,1,0
Rishi Verma,1,1,0
Rishi Viswanathan,1,1,0
Rishi Wason,1,1,0
Rishi Zachariah,1,1,0
Riya Acharya,1,1,0
Riya Arya,1,1,0
Riya Basak,1,1,0
Riya Bhat,1,1,0
Riya Chaudhari,1,1,0
Riya Chauhan,1,1,0
Riya Chhabra,1,1,0
Riya Date,1,1,0
Riya Deep,1,1,0
Riya Dixit,1,1,0
Riya Golla,1,1,1
Riya Gupta,1,1,0
Riya Hayre,1,1,0
Riya Korpal,1,1,0
Riya Krishnan,1,1,0
Riya Lata,1,1,0
Riya Madan,1,1,0
Riya Magar,1,1,1
Riya Mahal,1,1,0
Riya Mani,1,1,0
Riya Misra,1,1,1
Riya Morar,1,1,0
Riya Oak,1,1,0
Riya Palla,1,1,0
Riya Parekh,1,1,0
Riya Parmer,1,1,0
Riya Rajagopal,1,1,1
Riya Rajagopalan,1,1,0
Riya Raju,1,1,0
Riya Rao,1,1,0
Riya Rastogi,1,1,0
Riya Ray,1,1,0
Riya Sabharwal,1,1,0
Riya Seshadri,1,1,0
Riya Sood,1,1,0
Riya Tailor,1,1,0
Riya Talwar,1,1,1
Riya Virk,1,1,0
Riya Vohra,1,1,1
Riya Walla,1,1,0
Riya Warrior,1,1,0
Robert Ahuja,1,1,0
Robert Bail,1,1,0
Robert Bajaj,1,1,1
Robert Bala,1,1,0
Robert Banik,1,1,0
Robert Bhargava,1,1,0
Robert Chacko,1,1,0
Robert Chand,1,1,0
Robert Chhabra,1,1,0
Robert Contractor,1,1,0
Robert Dalal,1,1,0
Robert Dass,1,1,0
Robert D’Alia,1,1,0
Robert Gade,1,1,0
Robert Ghosh,1,1,0
Robert Gulati,1,1,0
Robert Hayre,1,1,1
Robert Kadakia,2,2,1
Robert Kara,1,1,0
Robert Khatri,1,1,0
Robert Kuruvilla,1,1,0
Robert Lall,2,2,0
Robert Loke,1,1,0
Robert Mand,1,1,0
Robert Mangal,1,1,0
Robert Mangat,1,1,0
Robert Nagy,1,1,0
Robert Naik,1,1,0
Robert Natt,1,1,0
Robert Pai,1,1,0
Robert Pal,2,2,0
Robert Pant,1,1,0
Robert Prabhu,1,1,0
Robert Raman,1,1,0
Robert Rao,1,1,0
Robert Rau,1,1,0
Robert Ravi,1,1,0
Robert Sachar,1,1,0
Robert Sandhu,1,1,0
Robert Sanghvi,1,1,0
Robert Sarkar,1,1,0
Robert Sethi,1,1,0
Robert Shan,2,2,1
Robert Shankar,1,1,1
Robert Sharma,1,1,0
Robert Shenoy,1,1,0
Robert Sodhi,1,1,0
Robert Sunder,1,1,1
Robert Swaminathan,1,1,0
Robert Tailor,1,1,0
Robert Wali,1,1,0
Rohan Ben,1,1,0
Rohan Chadha,1,1,0
Rohan Chaudhari,1,1,0
Rohan Chaudhary,1,1,0
Rohan Cheema,1,1,0
Rohan Dutta,1,1,0
Rohan Gokhale,1,1,0
Rohan Golla,1,1,0
Rohan Goyal,1,1,0
Rohan Kadakia,1,1,0
Rohan Kamdar,1,1,0
Rohan Konda,1,1,0
Rohan Krish,1,1,1
Rohan Krishna,1,1,0
Rohan Lanka,1,1,0
Rohan Loke,1,1,0
Rohan Mandal,1,1,0
Rohan Mani,1,1,0
Rohan Mohan,1,1,0
Rohan Murty,1,1,1
Rohan Pandya,1,1,0
Rohan Patla,1,1,0
Rohan Sangha,1,1,0
Rohan Sengupta,1,1,1
Rohan Sule,1,1,0
Rohan Suri,1,1,1
Rohan Thaker,1,1,0
Rohan Tiwari,1,1,0
Rohan Vasa,1,1,0
Rohan Wadhwa,1,1,0
Ronith Anand,1,1,1
Ronith Atwal,1,1,0
Ronith Babu,1,1,0
Ronith Bail,1,1,0
Ronith Balan,1,1,0
Ronith Chana,1,1,0
Ronith Das,1,1,0
Ronith Datta,1,1,1
Ronith Dave,1,1,0
Ronith Dixit,1,1,0
Ronith Dube,1,1,1
Ronith Garde,1,1,0
Ronith Gola,1,1,0
Ronith Grover,1,1,0
Ronith Hayer,1,1,0
Ronith Hayre,1,1,0
Ronith Hegde,1,1,0
Ronith Jaggi,1,1,1
Ronith Kale,1,1,0
Ronith Karpe,2,2,1
Ronith Khanna,1,1,0
Ronith Khatri,1,1,1
Ronith Kunda,1,1,0
Ronith Lanka,1,1,0
Ronith Malhotra,1,1,0
Ronith Mane,1,1,1
Ronith Mitra,1,1,0
Ronith Modi,1,1,1
Ronith Mutti,1,1,0
Ronith Narang,1,1,0
Ronith Narula,1,1,0
Ronith Natarajan,1,1,0
Ronith Oak,1,1,0
Ronith Pall,1,1,0
Ronith Palla,1,1,0
Ronith Parmer,1,1,0
Ronith Parsa,1,1,0
Ronith Prabhu,1,1,1
Ronith Puri,1,1,0
Ronith Raja,1,1,1
Ronith Rajagopalan,1,1,0
Ronith Ramachandran,1,1,0
Ronith Sami,1,1,0
Ronith Sarin,1,1,0
Ronith Sawhney,1,1,0
Ronith Shan,1,1,0
Ronith Sharaf,1,1,0
Ronith Thaker,1,1,0
Ronith Vala,1,1,0
Ronith Varghese,1,1,0
Ronith Vohra,1,1,1
Rudra Aggarwal,1,1,0
Rudra Anne,1,1,0
Rudra Badal,1,1,0
Rudra Bawa,1,1,0
Rudra Bhakta,1,1,0
Rudra Borde,1,1,0
Rudra Chaudry,1,1,0
Rudra Chauhan,1,1,0
Rudra Chopra,1,1,0
Rudra Golla,1,1,0
Rudra Issac,1,1,0
Rudra Kale,1,1,0
Rudra Kalla,1,1,0
Rudra Kara,1,1,0
Rudra Khatri,1,1,0
Rudra Khosla,1,1,0
Rudra Khurana,1,1,0
Rudra Mannan,1,1,0
Rudra Mitra,2,2,0
Rudra Murthy,1,1,0
Rudra Naidu,1,1,1
Rudra Nath,1,1,0
Rudra Parsa,2,2,1
Rudra Prakash,1,1,0
Rudra Rajan,1,1,0
Rudra Reddy,2,2,0
Rudra Salvi,1,1,0
Rudra Sama,1,1,0
Rudra Sandhu,1,1,0
Rudra Sawhney,1,1,0
Rudra Shah,1,1,0
Rudra Shan,1,1,0
Rudra Sidhu,1,1,0
Rudra Srinivasan,1,1,0
Rudra Vala,1,1,0
Rudra Varma,1,1,0
Rudra Walla,1,1,0
Rudra Wason,1,1,1
Rushil Arora,1,1,0
Rushil Baral,1,1,0
Rushil Behl,1,1,0
Rushil Bhat,1,1,0
Rushil Bobal,1,1,0
Rushil Buch,1,1,1
Rushil Chakraborty,1,1,0
Rushil Chaudhary,1,1,1
Rushil Choudhary,1,1,0
Rushil Comar,1,1,0
Rushil Dara,1,1,0
Rushil Dhaliwal,1,1,0
Rushil Dube,1,1,0
Rushil Dyal,1,1,0
Rushil Ganguly,1,1,0
Rushil Goel,1,1,0
Rushil Goyal,1,1,0
Rushil Gupta,1,1,0
Rushil Hari,1,1,1
Rushil Iyengar,1,1,0
Rushil Jhaveri,1,1,0
Rushil Kalla,1,1,0
Rushil Karpe,1,1,0
Rushil Korpal,1,1,0
Rushil Lala,1,1,0
Rushil Madan,1,1,0
Rushil Magar,1,1,0
Rushil Misra,1,1,0
Rushil Mohan,1,1,0
Rushil Nair,1,1,0
Rushil Nori,1,1,0
Rushil Pal,2,2,0
Rushil Palla,1,1,0
Rushil Rajan,1,1,0
Rushil Randhawa,1,1,0
Rushil Sabharwal,1,1,1
Rushil Sahni,1,1,0
Rushil Sani,1,1,0
Rushil Sankar,1,1,0
Rushil Saraf,1,1,0
Rushil Sarkar,1,1,0
Rushil Sekhon,1,1,0
Rushil Seshadri,1,1,0
Rushil Shah,1,1,0
Rushil Sinha,2,2,0
Rushil Tailor,1,1,0
Rushil Tripathi,1,1,0
Rushil Vig,1,1,0
Rushil Wagle,1,1,0
Rushil Wali,1,1,0
Rushil Yogi,1,1,0
Ryan Ahluwalia,1,1,0
Ryan Bassi,1,1,0
Ryan Bobal,1,1,0
Ryan Chaudhuri,1,1,0
Ryan Date,1,1,0
Ryan Dhawan,1,1,0
Ryan Doctor,1,1,0
Ryan Dyal,1,1,0
Ryan Goel,1,1,1
Ryan Gokhale,1,1,0
Ryan Grewal,1,1,0
Ryan Guha,1,1,0
Ryan Gupta,2,2,0
Ryan Krishnan,1,1,0
Ryan Mahajan,1,1,0
Ryan Minhas,1,1,1
Ryan Murty,1,1,0
Ryan Naik,1,1,0
Ryan Nanda,1,1,0
Ryan Narasimhan,1,1,0
Ryan Patel,1,1,0
Ryan Raghavan,1,1,0
Ryan Raja,1,1,0
Ryan Ramachandran,1,1,0
Ryan Roy,1,1,0
Ryan Sabharwal,1,1,0
Ryan Sant,1,1,0
Ryan Sen,1,1,0
Ryan Srinivas,1,1,0
Ryan Srivastava,1,1,0
Ryan Yogi,1,1,0
Saanvi Bajwa,1,1,0
Saanvi Bera,1,1,0
Saanvi Bhandari,1,1,0
Saanvi Brar,1,1,0
Saanvi Chad,1,1,0
Saanvi Chada,1,1,0
Saanvi Char,1,1,0
Saanvi Chaudhuri,1,1,1
Saanvi Chopra,1,1,0
Saanvi Deshpande,1,1,0
Saanvi Dube,1,1,0
Saanvi Ghosh,1,1,0
Saanvi Gour,1,1,0
Saanvi Hayre,1,1,0
Saanvi Jaggi,1,1,0
Saanvi Jhaveri,1,1,0
Saanvi Kapadia,1,1,0
Saanvi Khare,1,1,0
Saanvi Khatri,1,1,0
Saanvi Madan,1,1,0
Saanvi Malhotra,1,1,0
Saanvi Mangal,1,1,0
Saanvi Merchant,1,1,0
Saanvi Mohanty,1,1,0
Saanvi Mukherjee,1,1,0
Saanvi Muni,1,1,0
Saanvi Mutti,1,1,0
Saanvi Naidu,1,1,0
Saanvi Nori,1,1,0
Saanvi Pai,1,1,0
Saanvi Pal,1,1,0
Saanvi Palan,1,1,0
Saanvi Pall,1,1,0
Saanvi Pandey,1,1,0
Saanvi Pradhan,1,1,0
Saanvi Prasad,1,1,0
Saanvi Raju,1,1,0
Saanvi Ramachandran,1,1,0
Saanvi Rattan,1,1,0
Saanvi Saini,1,1,1
Saanvi Sawhney,1,1,0
Saanvi Talwar,1,1,0
Saanvi Uppal,1,1,0
Saanvi Vaidya,1,1,1
Saanvi Vala,1,1,0
Saanvi Virk,1,1,0
Saanvi Walla,1,1,0
Saanvi Wason,1,1,0
Sachi Acharya,1,1,0
Sachi Bajaj,1,1,0
Sachi Balan,1,1,0
Sachi Barad,2,2,0
Sachi Bhargava,1,1,0
Sachi Chander,1,1,0
Sachi Chaudhuri,1,1,0
Sachi Dar,1,1,0
Sachi Dash,1,1,0
Sachi Deshmukh,1,1,0
Sachi Dhillon,1,1,0
Sachi Garg,1,1,0
Sachi Gola,1,1,0
Sachi Golla,1,1,0
Sachi Kakar,1,1,0
Sachi Kara,1,1,0
Sachi Mandal,1,1,0
Sachi Memon,1,1,0
Sachi Narasimhan,1,1,0
Sachi Natarajan,1,1,0
Sachi Nigam,1,1,0
Sachi Om,1,1,0
Sachi Patel,1,1,0
Sachi Radhakrishnan,1,1,0
Sachi Raghavan,1,1,0
Sachi Rai,1,1,0
Sachi Ravi,1,1,0
Sachi Reddy,1,1,0
Sachi Rout,1,1,0
Sachi Samra,1,1,0
Sachi Sanghvi,1,1,0
Sachi Sem,1,1,0
Sachi Seshadri,1,1,0
Sachi Srinivasan,1,1,0
Sachi Sundaram,1,1,0
Sachi Tak,1,1,0
Sachi Tata,1,1,1
Sai Acharya,1,1,0
Sai Agarwal,1,1,0
Sai Agate,1,1,1
Sai Agrawal,2,2,0
Sai Aurora,1,1,0
Sai Bail,1,1,0
Sai Bala,1,1,0
Sai Bandi,1,1,0
Sai Barad,1,1,0
Sai Brar,1,1,0
Sai Chana,1,1,0
Sai Chand,1,1,0
Sai Char,1,1,0
Sai Chokshi,1,1,0
Sai Chopra,1,1,0
Sai Choudhary,1,1,0
Sai Chowdhury,1,1,0
Sai Dass,1,1,0
Sai Dayal,1,1,0
Sai Dhar,1,1,0
Sai Dhillon,1,1,0
Sai Dhingra,1,1,0
Sai Edwin,1,1,0
Sai Garde,1,1,0
Sai Ghose,1,1,0
Sai Guha,1,1,1
Sai Halder,1,1,0
Sai Hari,1,1,1
Sai Iyengar,1,1,0
Sai Kaur,1,1,0
Sai Keer,1,1,0
Sai Khalsa,1,1,0
Sai Kumer,1,1,0
Sai Kunda,1,1,0
Sai Kurian,1,1,0
Sai Kuruvilla,1,1,1
Sai Lanka,1,1,0
Sai Loyal,1,1,0
Sai Malhotra,1,1,0
Sai Mangat,1,1,0
Sai Minhas,1,1,0
Sai Mohan,1,1,0
Sai Nagar,1,1,0
Sai Narasimhan,1,1,0
Sai Oak,1,1,0
Sai Panchal,1,1,0
Sai Pandit,1,1,0
Sai Pandya,1,1,0
Sai Parekh,1,1,0
Sai Parmar,1,1,0
Sai Patil,1,1,0
Sai Patla,2,2,0
Sai Puri,1,1,0
Sai Ram,1,1,0
Sai Ramachandran,1,1,0
Sai Ramaswamy,1,1,0
Sai Raval,1,1,0
Sai Sachdeva,1,1,0
Sai Saini,1,1,0
Sai Sanghvi,1,1,0
Sai Sarkar,1,1,0
Sai Sen,1,1,0
Sai Singh,1,1,0
Sai Solanki,2,2,0
Sai Soman,2,2,3
Sai Sood,1,1,0
Sai Srinivas,1,1,0
Sai Sundaram,1,1,1
Sai Sur,1,1,0
Sai Suresh,1,1,0
Sai Tara,1,1,0
Sai Tella,1,1,0
Sai Upadhyay,1,1,0
Sai Vala,1,1,0
Sai Varghese,1,1,0
Sai Venkataraman,1,1,0
Sai Vora,1,1,0
Sai Vyas,1,1,0
Sai Zacharia,1,1,0
Saksham Apte,1,1,0
Saksham Bajwa,1,1,0
Saksham Bose,1,1,0
Saksham Chakrabarti,1,1,0
Saksham Dalal,1,1,0
Saksham Dasgupta,1,1,0
Saksham Dave,1,1,0
Saksham Din,1,1,0
Saksham Ghosh,1,1,0
Saksham Handa,1,1,0
Saksham Hayer,1,1,0
Saksham Hora,1,1,0
Saksham Iyer,1,1,0
Saksham Jhaveri,1,1,0
Saksham Kant,1,1,1
Saksham Kashyap,1,1,0
Saksham Khalsa,1,1,1
Saksham Maharaj,2,2,0
Saksham Mani,1,1,0
Saksham Morar,1,1,0
Saksham Nagi,1,1,0
Saksham Narayanan,1,1,0
Saksham Narula,1,1,0
Saksham Pai,1,1,0
Saksham Palla,1,1,0
Saksham Puri,1,1,0
Saksham Raja,1,1,0
Saksham Ram,1,1,0
Saksham Ranganathan,1,1,0
Saksham Ratta,1,1,0
Saksham Ravi,1,1,0
Saksham Sandal,1,1,0
Saksham Sarna,1,1,0
Saksham Sekhon,1,1,0
Saksham Setty,1,1,0
Saksham Sharaf,1,1,0
Saksham Shukla,1,1,0
Saksham Sidhu,2,2,1
Saksham Soni,1,1,0
Saksham Sur,1,1,0
Saksham Swamy,1,1,0
Saksham Varty,1,1,0
Saksham Walia,1,1,0
Saksham Yadav,1,1,1
Samaksh Acharya,1,1,0
Samaksh Aggarwal,1,1,0
Samaksh Bahl,1,1,0
Samaksh Bahri,1,1,0
Samaksh Bajwa,1,1,0
Samaksh Bandi,1,1,0
Samaksh Bhargava,1,1,0
Samaksh Bhatnagar,2,2,1
Samaksh Bora,1,1,0
Samaksh Bose,1,1,0
Samaksh Brahmbhatt,1,1,0
Samaksh Chahal,1,1,0
Samaksh Devi,1,1,0
Samaksh Gaba,1,1,0
Samaksh Ghose,1,1,0
Samaksh Ghosh,1,1,0
Samaksh Goel,1,1,0
Samaksh Gopal,1,1,0
Samaksh Gulati,1,1,0
Samaksh Jain,1,1,0
Samaksh Karan,1,1,0
Samaksh Kohli,1,1,0
Samaksh Krish,1,1,0
Samaksh Lad,1,1,0
Samaksh Lal,1,1,0
Samaksh Lalla,1,1,0
Samaksh Mand,1,1,0
Samaksh Manne,1,1,0
Samaksh Mittal,1,1,0
Samaksh Mukhopadhyay,1,1,0
Samaksh Muni,1,1,0
Samaksh Murthy,1,1,1
Samaksh Narayan,1,1,0
Samaksh Nori,1,1,0
Samaksh Pal,1,1,0
Samaksh Parekh,1,1,0
Samaksh Patla,1,1,0
Samaksh Raman,2,2,0
Samaksh Ramanathan,2,2,0
Samaksh Ravel,1,1,0
Samaksh Roy,1,1,0
Samaksh Sama,1,1,0
Samaksh Seshadri,1,1,0
Samaksh Sood,1,1,0
Samaksh Srinivas,1,1,0
Samaksh Varty,1,1,0
Samaksh Venkataraman,1,1,0
Samaksh Wadhwa,1,1,0
Samaksh Yohannan,1,1,0
Samar Agate,1,1,0
Samar Anand,1,1,0
Samar Andra,1,1,0
Samar Chacko,1,1,0
Samar Chad,1,1,0
Samar Chander,1,1,0
Samar Chaudhary,1,1,0
Samar Chowdhury,1,1,0
Samar Dara,1,1,0
Samar Dhar,1,1,0
Samar Din,1,1,0
Samar Divan,1,1,0
Samar Dube,1,1,0
Samar Dubey,1,1,0
Samar Dugar,1,1,0
Samar Ganesh,1,1,0
Samar Gera,1,1,0
Samar Goda,1,1,0
Samar Gopal,1,1,0
Samar Goyal,2,2,0
Samar Kala,1,1,0
Samar Kanda,1,1,0
Samar Kata,1,1,0
Samar Kibe,1,1,0
Samar Krishna,1,1,0
Samar Lala,1,1,0
Samar Mahajan,1,1,0
Samar Mand,1,1,0
Samar Misra,1,1,0
Samar Mitra,1,1,1
Samar Nagar,1,1,0
Samar Nair,1,1,0
Samar Pandya,1,1,1
Samar Pingle,1,1,0
Samar Raman,1,1,0
Samar Ratti,1,1,0
Samar Rout,1,1,0
Samar Saha,1,1,1
Samar Saraf,1,1,0
Samar Sarma,1,1,0
Samar Sastry,1,1,0
Samar Shah,1,1,0
Samar Sharaf,1,1,0
Samar Shukla,1,1,0
Samar Sodhi,1,1,0
Samar Solanki,1,1,0
Samar Sridhar,1,1,0
Samar Subramaniam,1,1,0
Samar Talwar,1,1,0
Samar Verma,1,1,0
Samar Vora,1,1,0
Samar Wable,1,1,0
Samarth Bajwa,1,1,0
Samarth Baria,1,1,0
Samarth Basu,1,1,0
Samarth Ben,1,1,0
Samarth Bhat,1,1,0
Samarth Bir,1,1,0
Samarth Borah,1,1,0
Samarth Chander,2,2,0
Samarth Chaudhary,1,1,0
Samarth Cheema,1,1,0
Samarth Chopra,1,1,0
Samarth Dhar,1,1,1
Samarth Dhingra,1,1,0
Samarth Gara,1,1,0
Samarth Golla,1,1,0
Samarth Halder,1,1,0
Samarth Hari,1,1,0
Samarth Issac,1,1,0
Samarth Kannan,1,1,0
Samarth Koshy,1,1,0
Samarth Krishnamurthy,1,1,0
Samarth Lanka,1,1,0
Samarth Mahajan,1,1,0
Samarth Merchant,1,1,0
Samarth Mohanty,1,1,0
Samarth Nagar,1,1,0
Samarth Pal,1,1,1
Samarth Pathak,1,1,1
Samarth Pau,1,1,0
Samarth Raja,1,1,0
Samarth Raman,1,1,0
Samarth Randhawa,1,1,0
Samarth Rout,1,1,0
Samarth Sachdev,1,1,0
Samarth Setty,1,1,0
Samarth Shan,1,1,0
Samarth Sheth,1,1,0
Samarth Sibal,1,1,1
Samarth Singh,1,1,0
Samarth Sule,1,1,1
Samarth Suresh,1,1,0
Samarth Suri,1,1,0
Samarth Talwar,1,1,1
Samarth Tandon,1,1,0
Samarth Uppal,1,1,0
Samarth Wadhwa,1,1,0
Samarth Warrior,1,1,0
Samesh Ahluwalia,1,1,0
Samesh Anne,1,1,1
Samesh Barman,1,1,0
Samesh Basak,1,1,0
Samesh Batta,1,1,0
Samesh Bhatia,1,1,0
Samesh Biswas,1,1,0
Samesh Butala,1,1,0
Samesh Chanda,1,1,1
Samesh Chaudhari,1,1,0
Samesh Comar,1,1,0
Samesh Dani,1,1,0
Samesh Dara,1,1,0
Samesh Din,1,1,0
Samesh Dixit,1,1,0
Samesh Dube,1,1,0
Samesh Dyal,1,1,0
Samesh Gade,1,1,0
Samesh Gandhi,1,1,0
Samesh Gour,1,1,0
Samesh Goyal,1,1,0
Samesh Grewal,1,1,0
Samesh Kar,1,1,0
Samesh Karan,1,1,0
Samesh Khosla,1,1,0
Samesh Kothari,1,1,0
Samesh Madan,1,1,0
Samesh Mahajan,1,1,0
Samesh Mukhopadhyay,1,1,1
Samesh Narayan,1,1,0
Samesh Pathak,1,1,0
Samesh Ranganathan,1,1,0
Samesh Rau,1,1,0
Samesh Ravel,1,1,1
Samesh Sama,2,2,0
Samesh Sandal,1,1,0
Samesh Saraf,1,1,0
Samesh Srivastava,2,2,0
Samesh Sunder,1,1,0
Samesh Suresh,1,1,0
Samesh Swaminathan,1,1,0
Samesh Swamy,1,1,0
Samesh Tak,1,1,1
Samesh Thakur,1,1,0
Samuel Ahluwalia,1,1,0
Samuel Amble,1,1,0
Samuel Bandi,1,1,0
Samuel Baral,1,1,0
Samuel Bhattacharyya,1,1,0
Samuel Bhavsar,1,1,0
Samuel Bobal,1,1,0
Samuel Chanda,1,1,0
Samuel Chandra,1,1,0
Samuel Chaudhary,1,1,0
Samuel Chopra,1,1,0
Samuel Comar,1,1,0
Samuel Dayal,1,1,0
Samuel Deshmukh,1,1,0
Samuel Devi,1,1,1
Samuel Dhawan,1,1,0
Samuel Divan,1,1,0
Samuel Gokhale,1,1,1
Samuel Handa,1,1,0
Samuel Hora,1,1,0
Samuel Issac,1,1,0
Samuel Jaggi,1,1,0
Samuel Khanna,1,1,0
Samuel Luthra,1,1,1
Samuel Magar,1,1,0
Samuel Minhas,1,1,0
Samuel Mohan,1,1,0
Samuel Murty,2,2,1
Samuel Pai,1,1,0
Samuel Puri,1,1,0
Samuel Rastogi,1,1,0
Samuel Samra,1,1,0
Samuel Sastry,1,1,0
Samuel Sinha,1,1,0
Samuel Soman,1,1,0
Samuel Srinivas,1,1,0
Samuel Tandon,1,1,0
Samuel Tiwari,1,1,1
Samuel Varghese,1,1,0
Samuel Wadhwa,1,1,0
Sanaya Agrawal,1,1,0
Sanaya Balay,1,1,0
Sanaya Bassi,1,1,0
Sanaya Biswas,1,1,0
Sanaya Boase,1,1,0
Sanaya Bora,1,1,0
Sanaya Chana,1,1,0
Sanaya Chatterjee,1,1,0
Sanaya Chaudhari,1,1,0
Sanaya Date,1,1,0
Sanaya Dhar,1,1,0
Sanaya Din,1,1,0
Sanaya Dora,1,1,0
Sanaya Gera,1,1,0
Sanaya Gour,1,1,0
Sanaya Hari,1,1,0
Sanaya Jha,1,1,0
Sanaya Krishnamurthy,1,1,0
Sanaya Lala,1,1,0
Sanaya Lata,1,1,0
Sanaya Loyal,1,1,0
Sanaya Mander,1,1,0
Sanaya Mangal,1,1,0
Sanaya Master,1,1,0
Sanaya Modi,1,1,0
Sanaya Murthy,1,1,0
Sanaya Murty,1,1,0
Sanaya Narain,1,1,0
Sanaya Narayanan,1,1,1
Sanaya Pathak,1,1,1
Sanaya Patil,1,1,1
Sanaya Raju,2,2,0
Sanaya Ramakrishnan,1,1,0
Sanaya Ray,1,1,0
Sanaya Sandal,1,1,0
Sanaya Sandhu,1,1,0
Sanaya Sanghvi,1,1,0
Sanaya Sarkar,1,1,0
Sanaya Sarma,1,1,0
Sanaya Sengupta,1,1,0
Sanaya Seth,2,2,0
Sanaya Suresh,1,1,0
Sanaya Toor,1,1,0
Sanaya Yogi,1,1,0
Sanaya Zachariah,1,1,0
Sanya Agate,1,1,0
Sanya Amble,1,1,0
Sanya Chahal,1,1,1
Sanya Chakraborty,1,1,0
Sanya Chand,1,1,0
Sanya Chander,1,1,0
Sanya Cheema,1,1,0
Sanya Dayal,1,1,0
Sanya Deol,1,1,0
Sanya Deshpande,1,1,0
Sanya Divan,1,1,0
Sanya Dutt,1,1,0
Sanya Gandhi,1,1,0
Sanya Garg,1,1,0
Sanya Gera,1,1,0
Sanya Ghosh,1,1,0
Sanya Grewal,1,1,0
Sanya Handa,1,1,0
Sanya Kannan,1,1,0
Sanya Kapadia,1,1,0
Sanya Kara,1,1,0
Sanya Karpe,1,1,0
Sanya Kashyap,1,1,0
Sanya Kata,1,1,0
Sanya Khatri,1,1,0
Sanya Khosla,1,1,0
Sanya Kota,1,1,0
Sanya Kuruvilla,1,1,0
Sanya Mallick,1,1,0
Sanya Nagarajan,1,1,0
Sanya Narang,1,1,0
Sanya Nigam,1,1,0
Sanya Patla,1,1,0
Sanya Raj,1,1,0
Sanya Rattan,1,1,0
Sanya Sachdeva,1,1,0
Sanya Sani,1,1,0
Sanya Sarna,1,1,0
Sanya Som,1,1,0
Sanya Sura,1,1,0
Sanya Suresh,1,1,0
Sanya Tella,1,1,1
Sanya Tiwari,1,1,0
Sanya Toor,1,1,0
Sanya Wadhwa,1,1,0
Sanya Zachariah,1,1,0
Sara Behl,1,1,0
Sara Bhakta,1,1,0
Sara Chakrabarti,1,1,0
Sara Chand,1,1,0
Sara Chanda,1,1,0
Sara Chandra,1,1,0
Sara Chatterjee,1,1,0
Sara Chaudhari,1,1,0
Sara Chaudry,1,1,0
Sara Chopra,1,1,0
Sara Choudhary,2,2,1
Sara Dhaliwal,1,1,0
Sara Dhawan,1,1,0
Sara Ganesan,1,1,0
Sara Ganguly,1,1,0
Sara Gera,1,1,0
Sara Gulati,1,1,0
Sara Jhaveri,1,1,0
Sara Malhotra,1,1,0
Sara Mane,1,1,0
Sara Mannan,1,1,0
Sara Nadkarni,1,1,0
Sara Natt,1,1,0
Sara Nazareth,1,1,0
Sara Oak,1,1,0
Sara Palla,1,1,0
Sara Pingle,1,1,0
Sara Prabhu,1,1,0
Sara Raju,1,1,0
Sara Rana,1,1,0
Sara Ratta,1,1,0
Sara Sahota,1,1,0
Sara Sami,1,1,0
Sara Seth,1,1,0
Sara Shankar,1,1,0
Sara Sodhi,1,1,0
Sara Suri,1,1,0
Sara Vig,1,1,0
Sarthak Ahluwalia,1,1,0
Sarthak Amble,1,1,0
Sarthak Arora,2,2,0
Sarthak Bala,2,2,0
Sarthak Bath,1,1,0
Sarthak Bhagat,1,1,0
Sarthak Bobal,1,1,1
Sarthak Chana,1,1,0
Sarthak Chandra,1,1,0
Sarthak Chauhan,1,1,0
Sarthak Chopra,1,1,0
Sarthak Choudhry,1,1,0
Sarthak Deep,1,1,0
Sarthak Dhillon,1,1,0
Sarthak Dube,2,2,0
Sarthak Garde,1,1,0
Sarthak Goel,1,1,0
Sarthak Gour,1,1,1
Sarthak Johal,1,1,0
Sarthak Kakar,1,1,1
Sarthak Kanda,1,1,0
Sarthak Kaur,1,1,0
Sarthak Kota,1,1,0
Sarthak Kumer,1,1,0
Sarthak Lata,1,1,1
Sarthak Loyal,1,1,0
Sarthak Madan,1,1,0
Sarthak Mane,1,1,0
Sarthak Manne,2,2,0
Sarthak Minhas,1,1,0
Sarthak Muni,1,1,0
Sarthak Murty,1,1,0
Sarthak Nadkarni,1,1,0
Sarthak Narayanan,1,1,1
Sarthak Palla,1,1,0
Sarthak Parmar,1,1,0
Sarthak Raghavan,1,1,0
Sarthak Raja,2,2,0
Sarthak Salvi,1,1,0
Sarthak Sane,1,1,0
Sarthak Sangha,2,2,0
Sarthak Sem,1,1,1
Sarthak Sen,1,1,0
Sarthak Srinivas,1,1,0
Sarthak Tak,1,1,0
Sarthak Taneja,1,1,1
Sarthak Tata,1,1,0
Sarthak Vala,1,1,0
Sarthak Wadhwa,1,1,0
Sarthak Warrior,1,1,0
Sarthak Wason,1,1,0
Sathvik Agate,1,1,0
Sathvik Badal,1,1,0
Sathvik Bala,1,1,0
Sathvik Banik,1,1,0
Sathvik Bedi,1,1,0
Sathvik Bhandari,1,1,0
Sathvik Bhattacharyya,1,1,0
Sathvik Buch,1,1,0
Sathvik Chahal,1,1,0
Sathvik Chatterjee,1,1,0
Sathvik Deshmukh,1,1,0
Sathvik Gara,1,1,0
Sathvik Gole,1,1,0
Sathvik Gopal,1,1,0
Sathvik Jaggi,1,1,0
Sathvik Khalsa,1,1,0
Sathvik Loyal,1,1,0
Sathvik Manne,2,2,0
Sathvik Mishra,1,1,0
Sathvik Munshi,1,1,0
Sathvik Murthy,1,1,0
Sathvik Naik,1,1,0
Sathvik Nair,1,1,0
Sathvik Oza,1,1,0
Sathvik Palan,1,1,0
Sathvik Panchal,1,1,0
Sathvik Parsa,1,1,0
Sathvik Purohit,1,1,0
Sathvik Raja,1,1,0
Sathvik Rajagopal,1,1,0
Sathvik Ramachandran,1,1,0
Sathvik Rastogi,1,1,0
Sathvik Saxena,1,1,0
Sathvik Seth,1,1,0
Sathvik Sethi,1,1,0
Sathvik Sha,1,1,0
Sathvik Solanki,1,1,0
Sathvik Sridhar,1,1,0
Sathvik Sur,1,1,0
Sathvik Tiwari,1,1,0
Sathvik Verma,2,2,0
Sathvik Walla,1,1,0
Saumya Apte,1,1,0
Saumya Arya,1,1,0
Saumya Babu,1,1,0
Saumya Bali,1,1,1
Saumya Bera,1,1,0
Saumya Bhalla,1,1,0
Saumya Bhargava,1,1,0
Saumya Bhatnagar,1,1,0
Saumya Bhattacharyya,1,1,0
Saumya Brar,1,1,0
Saumya Bumb,1,1,0
Saumya Cheema,1,1,0
Saumya Chokshi,1,1,0
Saumya Dani,1,1,0
Saumya Deol,1,1,0
Saumya Dhar,1,1,0
Saumya Ghosh,1,1,0
Saumya Guha,1,1,0
Saumya Hari,1,1,0
Saumya Jaggi,1,1,0
Saumya Jha,1,1,0
Saumya Kala,1,1,0
Saumya Kanda,1,1,0
Saumya Kapoor,1,1,0
Saumya Majumdar,1,1,0
Saumya Mann,1,1,0
Saumya Master,1,1,0
Saumya Memon,1,1,0
Saumya Muni,1,1,0
Saumya Nath,1,1,1
Saumya Oak,1,1,1
Saumya Pall,1,1,0
Saumya Pant,1,1,0
Saumya Peri,1,1,0
Saumya Prabhakar,1,1,0
Saumya Ramaswamy,1,1,0
Saumya Rege,1,1,0
Saumya Saha,1,1,0
Saumya Sandhu,1,1,0
Saumya Shetty,1,1,0
Saumya Sidhu,1,1,0
Saumya Sood,1,1,0
Saumya Thakur,1,1,0
Saumya Vala,1,1,0
Shaurya Andra,1,1,0
Shaurya Anne,1,1,0
Shaurya Bahl,1,1,0
Shaurya Balasubramanian,1,1,0
Shaurya Basak,1,1,0
Shaurya Basu,1,1,0
Shaurya Batra,1,1,0
Shaurya Bera,1,1,0
Shaurya Bhagat,1,1,0
Shaurya Bir,1,1,0
Shaurya Borah,1,1,0
Shaurya Cheema,1,1,1
Shaurya Dalal,1,1,0
Shaurya Date,1,1,1
Shaurya De,1,1,0
Shaurya Devan,1,1,0
Shaurya Doctor,1,1,0
Shaurya Dyal,1,1,0
Shaurya Grewal,1,1,0
Shaurya Kapadia,1,1,0
Shaurya Kata,1,1,0
Shaurya Korpal,1,1,0
Shaurya Kota,1,1,0
Shaurya Krishna,1,1,0
Shaurya Kulkarni,1,1,0
Shaurya Kumar,1,1,0
Shaurya Lad,1,1,0
Shaurya Loke,1,1,1
Shaurya Luthra,1,1,0
Shaurya Mitra,1,1,0
Shaurya Mitter,1,1,0
Shaurya Nadig,1,1,0
Shaurya Nagi,1,1,0
Shaurya Nayak,1,1,0
Shaurya Parmar,1,1,0
Shaurya Puri,1,1,0
Shaurya Ravel,1,1,0
Shaurya Rout,2,2,1
Shaurya Sama,1,1,0
Shaurya Sangha,1,1,1
Shaurya Sastry,1,1,0
Shaurya Sharma,1,1,0
Shaurya Shroff,1,1,1
Shaurya Sibal,2,2,0
Shaurya Soni,1,1,0
Shaurya Subramanian,1,1,0
Shaurya Tak,1,1,0
Shaurya Thaker,1,1,0
Shaurya Verma,1,1,0
Shaurya Viswanathan,1,1,0
Shaurya Wason,1,1,0
Shaurya Zacharia,1,1,0
Shivani Ahluwalia,1,1,1
Shivani Aurora,1,1,0
Shivani Balakrishnan,1,1,0
Shivani Barad,1,1,0
Shivani Baria,1,1,0
Shivani Bhat,1,1,0
Shivani Bora,1,1,0
Shivani Chad,1,1,0
Shivani Chana,1,1,0
Shivani Chander,1,1,0
Shivani Chaudhry,1,1,0
Shivani Dara,1,1,0
Shivani Dhaliwal,1,1,0
Shivani Dugar,1,1,1
Shivani Gera,2,2,1
Shivani Gopal,1,1,1
Shivani Hayre,1,1,0
Shivani Jani,1,1,0
Shivani Kala,1,1,0
Shivani Kapadia,1,1,0
Shivani Kara,1,1,0
Shivani Kaur,1,1,0
Shivani Krishnamurthy,1,1,0
Shivani Magar,1,1,0
Shivani Mammen,1,1,0
Shivani Mangal,1,1,0
Shivani Narula,1,1,0
Shivani Natarajan,1,1,0
Shivani Nayak,1,1,0
Shivani Oommen,1,1,0
Shivani Panchal,2,2,1
Shivani Patel,1,1,0
Shivani Patla,1,1,0
Shivani Rai,1,1,0
Shivani Raju,1,1,0
Shivani Raman,1,1,0
Shivani Sahota,1,1,0
Shivani Sarraf,1,1,0
Shivani Sehgal,1,1,0
Shivani Sethi,1,1,0
Shivani Shenoy,1,1,0
Shivani Sibal,1,1,0
Shivani Sinha,1,1,1
Shivani Sur,1,1,0
Shivani Swaminathan,1,1,0
Shivani Tak,1,1,0
Shivani Tella,1,1,0
Shivani Thaman,1,1,0
Shivani Tripathi,1,1,0
Shivani Vig,1,1,0
Shivansh Babu,1,1,0
Shivansh Bali,1,1,0
Shivansh Barad,1,1,0
Shivansh Chacko,1,1,0
Shivansh Chatterjee,1,1,0
Shivansh Cheema,1,1,0
Shivansh Chopra,1,1,0
Shivansh Dave,1,1,0
Shivansh Dubey,1,1,0
Shivansh Goda,1,1,0
Shivansh Halder,1,1,0
Shivansh Handa,1,1,1
Shivansh Jayaraman,1,1,0
Shivansh Jhaveri,1,1,0
Shivansh Kakar,1,1,0
Shivansh Kala,2,2,0
Shivansh Karnik,1,1,0
Shivansh Khanna,1,1,0
Shivansh Luthra,1,1,0
Shivansh Nanda,1,1,1
Shivansh Om,1,1,0
Shivansh Oommen,1,1,0
Shivansh Palla,1,1,0
Shivansh Pandit,1,1,0
Shivansh Patil,1,1,0
Shivansh Prabhu,1,1,0
Shivansh Ramanathan,1,1,0
Shivansh Ramesh,1,1,0
Shivansh Sabharwal,1,1,0
Shivansh Salvi,1,1,1
Shivansh Sani,1,1,0
Shivansh Sethi,1,1,0
Shivansh Shanker,1,1,1
Shivansh Shukla,1,1,1
Shivansh Sodhi,1,1,0
Shivansh Sundaram,1,1,0
Shivansh Sur,1,1,0
Shivansh Sura,1,1,0
Shivansh Tailor,1,1,0
Shivansh Thaker,1,1,0
Shivansh Thakkar,1,1,0
Shivansh Uppal,1,1,0
Shivansh Vasa,1,1,0
Shivansh Verma,1,1,0
Shivansh Wagle,1,1,0
Shivansh Warrior,1,1,0
Shivansh Yadav,1,1,0
Shivansh Zacharia,1,1,0
Shravya Atwal,1,1,0
Shravya Bains,1,1,0
Shravya Banik,1,1,0
Shravya Bera,1,1,0
Shravya Bhardwaj,1,1,0
Shravya Bhatti,1,1,0
Shravya Chaudhuri,1,1,0
Shravya Comar,2,2,0
Shravya Dutta,1,1,0
Shravya Ghose,1,1,0
Shravya Goel,2,2,0
Shravya Goswami,1,1,0
Shravya Jhaveri,1,1,1
Shravya Kala,1,1,1
Shravya Kalita,1,1,0
Shravya Kalla,1,1,0
Shravya Kibe,1,1,0
Shravya Mammen,1,1,0
Shravya Mangat,1,1,0
Shravya Mannan,1,1,0
Shravya Manne,1,1,0
Shravya Misra,1,1,1
Shravya More,1,1,0
Shravya Muni,1,1,0
Shravya Murthy,1,1,0
Shravya Pandey,1,1,0
Shravya Pandya,1,1,0
Shravya Ramesh,1,1,0
Shravya Rao,1,1,0
Shravya Rastogi,1,1,0
Shravya Sanghvi,1,1,1
Shravya Sani,1,1,0
Shravya Shanker,1,1,0
Shravya Sheth,1,1,0
Shravya Sood,1,1,0
Shravya Tailor,1,1,0
Shravya Tara,1,1,0
Shravya Toor,1,1,0
Shravya Yadav,1,1,0
Shravya Zachariah,1,1,0
Siddharth Andra,1,1,0
Siddharth Babu,1,1,0
Siddharth Bassi,1,1,0
Siddharth Chakrabarti,1,1,1
Siddharth Chandra,1,1,0
Siddharth Cherian,1,1,0
Siddharth Dalal,1,1,0
Siddharth Desai,1,1,0
Siddharth Dewan,1,1,0
Siddharth Dora,1,1,0
Siddharth Dutt,1,1,0
Siddharth Gade,1,1,0
Siddharth Handa,1,1,1
Siddharth Iyengar,1,1,0
Siddharth Kadakia,1,1,0
Siddharth Keer,1,1,0
Siddharth Khosla,1,1,0
Siddharth Mann,2,2,1
Siddharth Merchant,1,1,1
Siddharth Mody,1,1,0
Siddharth Morar,1,1,1
Siddharth Pall,1,1,0
Siddharth Parekh,1,1,0
Siddharth Parsa,1,1,0
Siddharth Pau,1,1,0
Siddharth Purohit,1,1,0
Siddharth Ratta,1,1,0
Siddharth Sangha,1,1,0
Siddharth Sant,1,1,0
Siddharth Setty,1,1,0
Siddharth Shah,1,1,0
Siddharth Shan,1,1,0
Siddharth Sharaf,1,1,0
Siddharth Sibal,1,1,0
Siddharth Subramaniam,2,2,1
Siddharth Thaman,1,1,0
Siddharth Trivedi,1,1,1
Siddharth Vig,1,1,0
Siddharth Yogi,1,1,0
Simon Bhat,1,1,0
Simon Bhatti,1,1,0
Simon Chander,1,1,1
Simon Choudhary,1,1,0
Simon Chowdhury,1,1,1
Simon Dave,1,1,0
Simon Deep,1,1,0
Simon Desai,1,1,0
Simon Devan,1,1,0
Simon D’Alia,1,1,0
Simon Gala,1,1,0
Simon Gour,1,1,0
Simon Gulati,1,1,0
Simon Kakar,1,1,0
Simon Kari,1,1,0
Simon Mand,1,1,0
Simon Mangal,1,1,0
Simon Muni,1,1,0
Simon Nagarajan,1,1,0
Simon Narain,1,1,0
Simon Pandya,1,1,0
Simon Parikh,1,1,0
Simon Prakash,1,1,0
Simon Rajagopal,1,1,0
Simon Sama,1,1,0
Simon Saxena,1,1,0
Simon Sehgal,1,1,0
Simon Setty,1,1,0
Simon Shan,1,1,0
Simon Sharma,1,1,0
Simon Shere,1,1,0
Simon Sidhu,1,1,0
Simon Subramaniam,1,1,0
Simon Sunder,2,2,0
Simon Suresh,1,1,0
Simon Tank,1,1,0
Simon Walla,1,1,0
Siya Arora,1,1,0
Siya Barad,1,1,0
Siya Baria,1,1,0
Siya Chaudhry,2,2,0
Siya Chopra,1,1,0
Siya Comar,1,1,0
Siya Dhaliwal,1,1,0
Siya Dhar,1,1,0
Siya Dube,1,1,0
Siya Edwin,1,1,0
Siya Gour,1,1,0
Siya Grover,1,1,0
Siya Johal,1,1,0
Siya Kade,1,1,0
Siya Kala,1,1,0
Siya Kohli,1,1,0
Siya Kota,1,1,0
Siya Mangal,1,1,0
Siya Mody,1,1,0
Siya Mukherjee,1,1,0
Siya Murty,1,1,0
Siya Narang,1,1,0
Siya Palla,1,1,0
Siya Pandya,1,1,1
Siya Pant,1,1,0
Siya Patla,1,1,0
Siya Pradhan,1,1,0
Siya Raju,1,1,0
Siya Ramaswamy,1,1,0
Siya Ranganathan,1,1,0
Siya Roy,1,1,0
Siya Sengupta,1,1,0
Siya Singhal,1,1,0
Siya Sridhar,1,1,0
Siya Talwar,1,1,0
Siya Vala,1,1,0
Siya Wali,1,1,0
Sneha Arya,1,1,0
Sneha Bahri,1,1,0
Sneha Baria,1,1,0
Sneha Basak,1,1,0
Sneha Bhatia,1,1,1
Sneha Chandra,1,1,0
Sneha Chawla,1,1,0
Sneha Comar,1,1,0
Sneha Dhaliwal,1,1,1
Sneha Dugal,1,1,0
Sneha Edwin,1,1,1
Sneha Gara,1,1,0
Sneha Gole,1,1,0
Sneha Handa,1,1,0
Sneha Jayaraman,1,1,0
Sneha Kala,1,1,0
Sneha Kapadia,1,1,1
Sneha Kapur,1,1,0
Sneha Khatri,1,1,0
Sneha Kota,2,2,0
Sneha Kothari,1,1,1
Sneha Krishnamurthy,2,2,1
Sneha Lad,1,1,0
Sneha Lala,1,1,0
Sneha Madan,1,1,0
Sneha Mallick,1,1,0
Sneha Narula,1,1,0
Sneha Patla,1,1,0
Sneha Ramakrishnan,1,1,0
Sneha Sahni,1,1,0
Sneha Sandal,1,1,0
Sneha Sani,1,1,0
Sneha Sekhon,1,1,1
Sneha Sengupta,1,1,0
Sneha Shan,1,1,0
Sneha Sinha,1,1,0
Sneha Srivastava,1,1,1
Sneha Tandon,1,1,0
Sneha Thakur,1,1,0
Sneha Vasa,1,1,0
Sneha Venkatesh,1,1,0
Sudiksha Anand,1,1,0
Sudiksha Badami,1,1,0
Sudiksha Bera,1,1,0
Sudiksha Bhagat,1,1,0
Sudiksha Bose,1,1,0
Sudiksha Cherian,1,1,0
Sudiksha Dash,1,1,1
Sudiksha Dhawan,1,1,0
Sudiksha Dora,1,1,0
Sudiksha Dube,1,1,0
Sudiksha Dubey,1,1,0
Sudiksha Gandhi,1,1,0
Sudiksha Golla,1,1,1
Sudiksha Gour,1,1,1
Sudiksha Goyal,1,1,0
Sudiksha Hari,1,1,0
Sudiksha Kari,1,1,1
Sudiksha Kurian,1,1,0
Sudiksha Kuruvilla,1,1,0
Sudiksha Lala,1,1,0
Sudiksha Luthra,1,1,0
Sudiksha Madan,1,1,0
Sudiksha Memon,1,1,0
Sudiksha Mitra,1,1,0
Sudiksha Mohan,1,1,0
Sudiksha Nadig,1,1,0
Sudiksha Nadkarni,1,1,0
Sudiksha Om,1,1,0
Sudiksha Oommen,1,1,0
Sudiksha Pandya,1,1,0
Sudiksha Prasad,1,1,0
Sudiksha Randhawa,1,1,0
Sudiksha Raval,1,1,0
Sudiksha Ravi,1,1,0
Sudiksha Rege,1,1,1
Sudiksha Sahni,1,1,0
Sudiksha Saini,1,1,0
Sudiksha Sandal,1,1,0
Sudiksha Sangha,1,1,0
Sudiksha Sanghvi,1,1,0
Sudiksha Sani,1,1,0
Sudiksha Sheth,1,1,0
Sudiksha Soman,1,1,0
Sudiksha Sura,1,1,0
Sudiksha Tandon,1,1,0
Sudiksha Taneja,1,1,0
Sudiksha Tata,1,1,0
Sudiksha Trivedi,1,1,0
Sudiksha Wali,1,1,0
Suhani Bajwa,1,1,0
Suhani Bedi,1,1,0
Suhani Cheema,1,1,0
Suhani Dhar,1,1,1
Suhani Grover,1,1,1
Suhani Gupta,1,1,0
Suhani Handa,2,2,0
Suhani Issac,1,1,0
Suhani Jaggi,1,1,0
Suhani Jain,1,1,0
Suhani Kala,1,1,0
Suhani Kara,1,1,1
Suhani Kuruvilla,1,1,0
Suhani Lata,1,1,0
Suhani Mand,1,1,0
Suhani Mangat,1,1,0
Suhani Mohan,1,1,0
Suhani Nanda,1,1,0
Suhani Narasimhan,1,1,0
Suhani Nath,1,1,0
Suhani Nigam,1,1,0
Suhani Panchal,1,1,0
Suhani Parsa,1,1,0
Suhani Patla,1,1,0
Suhani Peri,1,1,0
Suhani Sahni,1,1,0
Suhani Sampath,1,1,0
Suhani Sridhar,1,1,0
Suhani Srinivas,1,1,0
Suhani Tara,1,1,0
Suhani Wadhwa,1,1,0
Tamanna Aggarwal,1,1,0
Tamanna Atwal,1,1,0
Tamanna Chander,1,1,0
Tamanna Chandra,1,1,0
Tamanna Dora,1,1,0
Tamanna Ghosh,1,1,1
Tamanna Iyengar,1,1,0
Tamanna Johal,1,1,0
Tamanna Karpe,1,1,0
Tamanna Khalsa,1,1,0
Tamanna Khanna,1,1,0
Tamanna Kota,1,1,0
Tamanna Lad,2,2,0
Tamanna Malhotra,1,1,1
Tamanna Mann,1,1,0
Tamanna Narasimhan,1,1,0
Tamanna Nayak,1,1,0
Tamanna Peri,1,1,0
Tamanna Pradhan,1,1,0
Tamanna Raja,1,1,0
Tamanna Randhawa,1,1,0
Tamanna Ratta,1,1,0
Tamanna Ravel,1,1,0
Tamanna Reddy,1,1,0
Tamanna Sahni,1,1,0
Tamanna Sahota,1,1,0
Tamanna Sandal,1,1,0
Tamanna Sangha,1,1,0
Tamanna Sankar,1,1,0
Tamanna Sankaran,1,1,0
Tamanna Sheth,1,1,0
Tamanna Singh,1,1,0
Tamanna Sood,1,1,1
Tamanna Srinivasan,1,1,0
Tamanna Subramaniam,1,1,0
Tamanna Talwar,1,1,0
Tamanna Tiwari,1,1,0
Tanay Ahluwalia,1,1,0
Tanay Arora,1,1,0
Tanay Bal,1,1,0
Tanay Basak,1,1,0
Tanay Bawa,1,1,0
Tanay Bhakta,1,1,0
Tanay Brar,1,1,0
Tanay Chhabra,1,1,1
Tanay Dalal,1,1,0
Tanay Dasgupta,1,1,0
Tanay Devan,1,1,0
Tanay Dhawan,1,1,0
Tanay Dugar,1,1,0
Tanay Goswami,1,1,0
Tanay Goyal,1,1,0
Tanay Jhaveri,1,1,0
Tanay Kadakia,1,1,0
Tanay Kalita,1,1,0
Tanay Kara,1,1,0
Tanay Khalsa,1,1,0
Tanay Khare,1,1,0
Tanay Kothari,1,1,0
Tanay Lalla,1,1,1
Tanay Luthra,1,1,0
Tanay Modi,1,1,0
Tanay Morar,1,1,0
Tanay Mukherjee,1,1,0
Tanay Narayan,1,1,0
Tanay Nori,1,1,1
Tanay Purohit,1,1,0
Tanay Raman,1,1,0
Tanay Ranganathan,1,1,0
Tanay Sandal,1,1,0
Tanay Sastry,1,1,0
Tanay Seshadri,1,1,0
Tanay Sidhu,1,1,0
Tanay Singhal,1,1,0
Tanay Srinivasan,1,1,0
Tanay Subramanian,1,1,0
Tanay Sura,1,1,0
Tanay Uppal,1,1,0
Tanay Vala,1,1,0
Tanay Wable,1,1,0
Tanish Anand,1,1,0
Tanish Babu,1,1,0
Tanish Bahl,1,1,0
Tanish Bakshi,1,1,0
Tanish Bassi,1,1,0
Tanish Bir,1,1,0
Tanish Buch,1,1,0
Tanish Chander,1,1,0
Tanish Chokshi,1,1,0
Tanish Dar,2,2,1
Tanish Grewal,1,1,0
Tanish Jani,1,1,0
Tanish Kapadia,1,1,0
Tanish Kari,1,1,0
Tanish Keer,1,1,0
Tanish Kulkarni,1,1,0
Tanish Madan,2,2,0
Tanish Mandal,1,1,0
Tanish Mutti,1,1,1
Tanish Oak,1,1,1
Tanish Pai,1,1,0
Tanish Palla,1,1,0
Tanish Parekh,1,1,0
Tanish Parmer,1,1,0
Tanish Patla,1,1,0
Tanish Pau,1,1,0
Tanish Prashad,1,1,1
Tanish Ravel,1,1,0
Tanish Ray,1,1,0
Tanish Sachdeva,1,1,0
Tanish Samra,1,1,0
Tanish Sastry,1,1,0
Tanish Seshadri,1,1,0
Tanish Shah,1,1,0
Tanish Shankar,1,1,0
Tanish Shanker,1,1,0
Tanish Sidhu,1,1,1
Tanish Singhal,1,1,0
Tanish Sundaram,1,1,0
Tanish Sura,1,1,0
Tanish Varma,1,1,0
Tanish Varughese,1,1,0
Tanish Virk,1,1,0
Tanmayi Aggarwal,1,1,0
Tanmayi Ahuja,1,1,0
Tanmayi Apte,1,1,0
Tanmayi Behl,1,1,0
Tanmayi Bhatti,1,1,0
Tanmayi Bhavsar,1,1,0
Tanmayi Boase,1,1,0
Tanmayi Brahmbhatt,1,1,0
Tanmayi Chaudhari,1,1,0
Tanmayi Cheema,1,1,0
Tanmayi Dada,1,1,0
Tanmayi Dayal,1,1,0
Tanmayi Dhaliwal,1,1,1
Tanmayi Dhar,1,1,0
Tanmayi Din,1,1,0
Tanmayi Divan,1,1,0
Tanmayi Dugar,1,1,0
Tanmayi Dutta,1,1,0
Tanmayi Ganesan,1,1,0
Tanmayi Guha,1,1,0
Tanmayi Issac,1,1,0
Tanmayi Kale,1,1,0
Tanmayi Kant,1,1,0
Tanmayi Kari,1,1,0
Tanmayi Karnik,2,2,0
Tanmayi Khanna,1,1,0
Tanmayi Lad,1,1,0
Tanmayi Mahajan,1,1,0
Tanmayi Maharaj,1,1,0
Tanmayi Mangal,1,1,0
Tanmayi Mani,1,1,0
Tanmayi Mittal,1,1,0
Tanmayi Nori,1,1,0
Tanmayi Padmanabhan,1,1,0
Tanmayi Parikh,1,1,0
Tanmayi Parmer,1,1,0
Tanmayi Parsa,1,1,0
Tanmayi Rajagopal,1,1,0
Tanmayi Rajagopalan,1,1,0
Tanmayi Ratta,1,1,0
Tanmayi Raval,1,1,0
Tanmayi Ravi,1,1,1
Tanmayi Sachdev,1,1,0
Tanmayi Sampath,1,1,0
Tanmayi Samra,2,2,0
Tanmayi Soni,1,1,0
Tanmayi Sura,1,1,0
Tanmayi Tak,1,1,0
Tanmayi Talwar,1,1,0
Tanmayi Toor,1,1,0
Tanmayi Wable,1,1,0
Tanmayi Warrior,1,1,0
Tanmayi Yadav,1,1,0
Tanveer Aggarwal,1,1,0
Tanveer Apte,1,1,0
Tanveer Basak,1,1,0
Tanveer Boase,1,1,0
Tanveer Buch,1,1,0
Tanveer Chandra,1,1,0
Tanveer Chandran,1,1,0
Tanveer Chauhan,1,1,0
Tanveer Chopra,1,1,0
Tanveer Ganesan,1,1,0
Tanveer Ghosh,1,1,0
Tanveer Hora,1,1,0
Tanveer Kapoor,1,1,0
Tanveer Kari,1,1,0
Tanveer Kata,1,1,0
Tanveer Kaur,1,1,0
Tanveer Khurana,1,1,0
Tanveer Lal,1,1,0
Tanveer Madan,1,1,0
Tanveer Mammen,1,1,0
Tanveer Mistry,1,1,0
Tanveer Mohanty,1,1,0
Tanveer More,1,1,0
Tanveer Patla,1,1,0
Tanveer Purohit,1,1,0
Tanveer Rattan,1,1,0
Tanveer Saha,1,1,0
Tanveer Saini,1,1,1
Tanveer Sangha,1,1,0
Tanveer Sarkar,1,1,0
Tanveer Shah,1,1,0
Tanveer Srivastava,1,1,1
Tanveer Subramaniam,1,1,1
Tanveer Suri,1,1,0
Tanveer Tailor,1,1,0
Tanveer Tara,1,1,0
Tanveer Tata,1,1,0
Tanveer Varty,1,1,0
Tanveer Viswanathan,1,1,0
Tanveer Vora,1,1,0
Tanveer Yogi,2,2,0
Tanvi Balan,1,1,1
Tanvi Bali,1,1,0
Tanvi Bandi,1,1,0
Tanvi Bedi,1,1,0
Tanvi Bera,1,1,0
Tanvi Biswas,1,1,0
Tanvi Borde,1,1,0
Tanvi Chada,1,1,0
Tanvi Chokshi,1,1,0
Tanvi Datta,2,2,1
Tanvi Hegde,1,1,0
Tanvi Jayaraman,1,1,0
Tanvi Kadakia,1,1,0
Tanvi Kara,1,1,0
Tanvi Kohli,1,1,0
Tanvi Kota,1,1,0
Tanvi Kumer,1,1,0
Tanvi Kurian,1,1,0
Tanvi Lata,1,1,0
Tanvi Mahajan,1,1,0
Tanvi Morar,2,2,0
Tanvi Nagy,1,1,0
Tanvi Narasimhan,1,1,0
Tanvi Parsa,1,1,1
Tanvi Patla,1,1,0
Tanvi Rattan,1,1,0
Tanvi Sandhu,1,1,1
Tanvi Saraf,1,1,0
Tanvi Sastry,1,1,0
Tanvi Savant,1,1,0
Tanvi Sheth,1,1,0
Tanvi Srivastava,1,1,0
Tanvi Swaminathan,1,1,0
Tanvi Tak,1,1,1
Tanvi Taneja,1,1,0
Tanvi Uppal,1,1,0
Tanvi Varty,1,1,0
Tanvi Vasa,2,2,0
Tanvi Wadhwa,1,1,0
Tanvi Warrior,1,1,1
Tara Arora,1,1,0
Tara Badami,1,1,0
Tara Balan,1,1,0
Tara Balasubramanian,1,1,0
Tara Barad,1,1,0
Tara Bassi,1,1,0
Tara Chahal,1,1,0
Tara Chaudhari,1,1,0
Tara Chawla,1,1,0
Tara Chopra,1,1,0
Tara Dani,1,1,0
Tara Devi,1,1,0
Tara Dugal,1,1,0
Tara Dyal,1,1,0
Tara Gala,1,1,0
Tara Gopal,1,1,0
Tara Goyal,1,1,0
Tara Gupta,1,1,0
Tara Handa,1,1,0
Tara Kala,1,1,0
Tara Karnik,1,1,0
Tara Khatri,1,1,0
Tara Kuruvilla,1,1,0
Tara Mannan,1,1,0
Tara Misra,1,1,0
Tara Modi,1,1,0
Tara More,1,1,0
Tara Nanda,1,1,0
Tara Nigam,1,1,0
Tara Palan,1,1,0
Tara Palla,1,1,0
Tara Pillai,1,1,0
Tara Radhakrishnan,1,1,0
Tara Rau,1,1,1
Tara Raval,1,1,0
Tara Sagar,1,1,0
Tara Sami,1,1,0
Tara Sampath,1,1,0
Tara Sehgal,2,2,0
Tara Shanker,1,1,0
Tara Singh,1,1,0
Tara Sinha,1,1,0
Tara Sundaram,1,1,1
Tara Thakkar,1,1,0
Tara Verma,1,1,0
Tara Vora,1,1,0
Tara Wadhwa,1,1,0
Tarak Andra,1,1,0
Tarak Bakshi,1,1,0
Tarak Bal,1,1,0
Tarak Bala,1,1,0
Tarak Bhasin,1,1,0
Tarak Buch,1,1,0
Tarak Dar,1,1,0
Tarak Deo,1,1,0
Tarak Dhaliwal,1,1,0
Tarak Dixit,1,1,0
Tarak Gade,1,1,0
Tarak Ganguly,1,1,0
Tarak Ghose,1,1,0
Tarak Ghosh,1,1,0
Tarak Gokhale,1,1,1
Tarak Jaggi,1,1,0
Tarak Johal,1,1,0
Tarak Kalita,1,1,0
Tarak Kanda,1,1,0
Tarak Keer,1,1,0
Tarak Kuruvilla,1,1,0
Tarak Magar,1,1,0
Tarak Mall,1,1,0
Tarak Memon,1,1,0
Tarak Misra,1,1,0
Tarak Oak,1,1,0
Tarak Oommen,1,1,0
Tarak Pai,1,1,0
Tarak Pandey,1,1,0
Tarak Parmar,1,1,0
Tarak Prabhakar,1,1,0
Tarak Rama,1,1,0
Tarak Raval,1,1,0
Tarak Sankaran,1,1,0
Tarak Saraf,1,1,0
Tarak Sehgal,1,1,0
Tarak Sodhi,1,1,0
Tarak Sridhar,1,1,1
Tarak Srinivas,1,1,0
Tarak Srinivasan,1,1,0
Tarak Tailor,1,1,0
Tarak Vyas,1,1,0
Tarak Wali,1,1,0
Tarak Zacharia,1,1,0
Teerth Bail,1,1,0
Teerth Balan,1,1,0
Teerth Bhargava,1,1,0
Teerth Bhatt,1,1,0
Teerth Bhatti,1,1,0
Teerth Boase,1,1,0
Teerth Borah,1,1,0
Teerth Borra,1,1,1
Teerth Buch,1,1,0
Teerth Chadha,1,1,0
Teerth Chahal,1,1,0
Teerth Chandran,1,1,0
Teerth Comar,1,1,0
Teerth Dasgupta,1,1,0
Teerth Deshmukh,1,1,1
Teerth Dey,1,1,0
Teerth Dora,1,1,0
Teerth Dutta,1,1,0
Teerth Dyal,1,1,0
Teerth Kakar,1,1,0
Teerth Kannan,1,1,0
Teerth Kara,1,1,0
Teerth Kota,1,1,0
Teerth Lala,1,1,0
Teerth Mall,1,1,0
Teerth Mann,1,1,0
Teerth More,1,1,0
Teerth Nath,1,1,1
Teerth Natt,1,1,0
Teerth Pant,1,1,0
Teerth Ramesh,2,2,0
Teerth Raval,1,1,0
Teerth Ravi,1,1,0
Teerth Reddy,1,1,1
Teerth Sabharwal,1,1,0
Teerth Saha,1,1,1
Teerth Sathe,1,1,0
Teerth Sodhi,1,1,0
Teerth Soni,1,1,0
Teerth Swamy,1,1,0
Teerth Tara,2,2,0
Teerth Vig,1,1,0
Teerth Wadhwa,1,1,0
Teerth Wagle,2,2,0
Teerth Zacharia,1,1,0
Tejas Acharya,1,1,1
Tejas Agarwal,1,1,0
Tejas Anne,1,1,0
Tejas Badami,1,1,0
Tejas Bajaj,1,1,0
Tejas Bhat,1,1,0
Tejas Boase,1,1,0
Tejas Brahmbhatt,1,1,1
Tejas Chatterjee,1,1,0
Tejas Chawla,1,1,0
Tejas Cherian,1,1,0
Tejas Dar,1,1,0
Tejas Deshmukh,1,1,0
Tejas Dey,1,1,0
Tejas Dhawan,2,2,0
Tejas Dugar,2,2,1
Tejas Goel,2,2,0
Tejas Khalsa,1,1,0
Tejas Konda,2,2,0
Tejas Korpal,1,1,0
Tejas Lall,1,1,0
Tejas Mangat,1,1,0
Tejas Menon,1,1,0
Tejas Misra,1,1,0
Tejas Mukherjee,1,1,0
Tejas Nair,1,1,0
Tejas Om,1,1,0
Tejas Parmer,1,1,1
Tejas Parsa,1,1,0
Tejas Sachdeva,1,1,0
Tejas Sagar,1,1,0
Tejas Sangha,1,1,0
Tejas Savant,1,1,0
Tejas Sawhney,1,1,0
Tejas Sehgal,1,1,0
Tejas Shetty,1,1,0
Tejas Sur,1,1,1
Tejas Thakkar,1,1,0
Tejas Venkataraman,1,1,0
Tejas Vohra,1,1,0
Tejas Wable,1,1,0
Tejas Wagle,1,1,0
Tejas Wali,1,1,0
Tejas Zachariah,1,1,0
Theodore Ahluwalia,1,1,0
Theodore Anand,1,1,0
Theodore Andra,1,1,0
Theodore Bali,1,1,0
Theodore Barman,1,1,0
Theodore Basu,1,1,1
Theodore Bedi,1,1,0
Theodore Bhakta,1,1,0
Theodore Buch,1,1,0
Theodore Bumb,1,1,1
Theodore Chakraborty,1,1,0
Theodore Chand,1,1,0
Theodore Chander,1,1,0
Theodore Chhabra,1,1,0
Theodore Das,1,1,0
Theodore Dash,1,1,0
Theodore Dave,1,1,0
Theodore Deol,1,1,0
Theodore Dewan,1,1,0
Theodore Ghose,1,1,0
Theodore Ghosh,1,1,0
Theodore Goswami,1,1,0
Theodore Hari,1,1,0
Theodore Hayre,1,1,0
Theodore Kannan,1,1,0
Theodore Krishnamurthy,1,1,0
Theodore Krishnan,1,1,0
Theodore Lall,1,1,0
Theodore Mammen,1,1,0
Theodore Merchant,1,1,0
Theodore Mody,1,1,0
Theodore Mohanty,1,1,0
Theodore Morar,1,1,0
Theodore Mukhopadhyay,1,1,0
Theodore Murthy,1,1,0
Theodore Narasimhan,1,1,0
Theodore Narula,1,1,0
Theodore Natt,1,1,0
Theodore Padmanabhan,1,1,0
Theodore Pall,1,1,0
Theodore Pant,1,1,0
Theodore Prabhakar,2,2,0
Theodore Prasad,1,1,0
Theodore Prashad,1,1,0
Theodore Radhakrishnan,1,1,0
Theodore Ratti,1,1,0
Theodore Ravel,1,1,0
Theodore Reddy,1,1,0
Theodore Saha,1,1,0
Theodore Sankar,1,1,0
Theodore Saraf,1,1,0
Theodore Sarma,1,1,0
Theodore Shankar,1,1,0
Theodore Sharaf,1,1,0
Theodore Sridhar,1,1,0
Theodore Suri,1,1,0
Theodore Varty,1,1,1
Theodore Vasa,1,1,0
Thomas Agrawal,1,1,0
Thomas Bajaj,1,1,0
Thomas Bawa,1,1,0
Thomas Buch,1,1,0
Thomas Chad,1,1,0
Thomas D’Alia,1,1,0
Thomas Garde,1,1,0
Thomas Gill,1,1,0
Thomas Gupta,1,1,0
Thomas Hayer,1,1,0
Thomas Kant,1,1,0
Thomas Kara,1,1,0
Thomas Kata,1,1,0
Thomas Khare,1,1,0
Thomas Mall,1,1,0
Thomas Mishra,1,1,0
Thomas Muni,1,1,0
Thomas Naik,1,1,0
Thomas Narang,1,1,0
Thomas Narula,1,1,0
Thomas Nath,1,1,0
Thomas Nayak,1,1,0
Thomas Nori,1,1,1
Thomas Patla,1,1,0
Thomas Ramachandran,1,1,0
Thomas Raval,1,1,0
Thomas Sant,1,1,0
Thomas Sem,1,1,0
Thomas Setty,1,1,0
Thomas Sha,1,1,0
Thomas Sharaf,1,1,0
Thomas Sinha,1,1,0
Thomas Suresh,1,1,0
Thomas Tank,1,1,0
Thomas Tata,1,1,1
Timothy Bahri,1,1,0
Timothy Banik,1,1,0
Timothy Bhargava,1,1,0
Timothy Bhattacharyya,1,1,0
Timothy Bobal,1,1,0
Timothy Chandra,1,1,1
Timothy Chaudry,1,1,0
Timothy Choudhury,1,1,0
Timothy Chowdhury,1,1,0
Timothy Dalal,1,1,0
Timothy Dar,1,1,0
Timothy Dave,1,1,0
Timothy Dayal,1,1,0
Timothy Deshpande,1,1,0
Timothy Dora,1,1,0
Timothy Dutt,1,1,1
Timothy D’Alia,1,1,0
Timothy Gole,1,1,0
Timothy Gopal,1,1,0
Timothy Grover,1,1,0
Timothy Kannan,1,1,0
Timothy Kapur,1,1,0
Timothy Kaul,1,1,0
Timothy Khatri,1,1,0
Timothy Kurian,1,1,0
Timothy Lall,1,1,0
Timothy Majumdar,1,1,0
Timothy Menon,1,1,0
Timothy Mistry,1,1,0
Timothy Mittal,1,1,0
Timothy Narasimhan,1,1,0
Timothy Pai,1,1,0
Timothy Pradhan,1,1,0
Timothy Raju,1,1,0
Timothy Rastogi,1,1,0
Timothy Reddy,1,1,0
Timothy Rout,1,1,0
Timothy Sachdeva,2,2,0
Timothy Sama,1,1,0
Timothy Sampath,1,1,0
Timothy Sawhney,1,1,0
Timothy Tailor,1,1,0
Timothy Talwar,1,1,0
Timothy Tara,1,1,0
Timothy Vaidya,1,1,0
Timothy Yohannan,1,1,0
Tripti Bahri,2,2,0
Tripti Balakrishnan,1,1,0
Tripti Bath,1,1,0
Tripti Batra,1,1,0
Tripti Bawa,1,1,0
Tripti Bera,1,1,0
Tripti Bir,1,1,0
Tripti Chahal,1,1,0
Tripti Chandra,1,1,1
Tripti Dara,1,1,0
Tripti Dasgupta,1,1,0
Tripti Din,1,1,0
Tripti Gaba,1,1,1
Tripti Gola,1,1,0
Tripti Issac,1,1,0
Tripti Iyengar,1,1,0
Tripti Jayaraman,1,1,0
Tripti Keer,1,1,0
Tripti Khosla,1,1,0
Tripti Khurana,1,1,0
Tripti Kulkarni,1,1,0
Tripti Mahajan,1,1,0
Tripti Majumdar,1,1,0
Tripti Mane,1,1,0
Tripti Mani,1,1,0
Tripti Modi,1,1,0
Tripti Mohanty,1,1,0
Tripti More,1,1,0
Tripti Pal,1,1,0
Tripti Pall,1,1,0
Tripti Parmer,1,1,0
Tripti Pillay,1,1,0
Tripti Raghavan,1,1,0
Tripti Rajan,1,1,0
Tripti Ram,1,1,0
Tripti Ratti,1,1,0
Tripti Salvi,1,1,0
Tripti Sama,1,1,0
Tripti Sampath,1,1,0
Tripti Seth,1,1,0
Tripti Shan,1,1,0
Tripti Shukla,1,1,0
Tripti Sibal,1,1,0
Tripti Sodhi,2,2,0
Tripti Taneja,1,1,0
Tripti Tata,1,1,0
Tripti Thaman,1,1,0
Tripti Tiwari,1,1,0
Tripti Trivedi,1,1,0
Tripti Varkey,1,1,0
Tripti Verma,1,1,0
Tripti Viswanathan,1,1,0
Tripti Wagle,1,1,0
Tristan Aurora,1,1,1
Tristan Bandi,1,1,0
Tristan Bedi,1,1,0
Tristan Bhalla,2,2,0
Tristan Das,1,1,0
Tristan Gaba,1,1,0
Tristan Goswami,1,1,0
Tristan Halder,1,1,0
Tristan Keer,1,1,0
Tristan Mallick,1,1,0
Tristan Mane,1,1,0
Tristan Menon,1,1,0
Tristan Mody,1,1,0
Tristan Mukherjee,1,1,0
Tristan Murthy,1,1,0
Tristan Nazareth,1,1,0
Tristan Nigam,1,1,0
Tristan Pall,1,1,0
Tristan Pandit,1,1,0
Tristan Patil,1,1,0
Tristan Pillai,1,1,0
Tristan Pingle,1,1,1
Tristan Raja,1,1,0
Tristan Ramesh,1,1,0
Tristan Ratti,1,1,0
Tristan Rege,1,1,0
Tristan Saha,1,1,0
Tristan Sama,1,1,0
Tristan Sanghvi,1,1,1
Tristan Sawhney,1,1,0
Tristan Subramanian,1,1,0
Tristan Swamy,1,1,0
Tristan Thaman,1,1,0
Tristan Viswanathan,1,1,0
Triveni Aggarwal,1,1,0
Triveni Bandi,1,1,0
Triveni Barad,1,1,0
Triveni Bedi,1,1,0
Triveni Bhargava,1,1,1
Triveni Boase,1,1,0
Triveni Bose,1,1,0
Triveni Chada,1,1,0
Triveni Choudhury,1,1,0
Triveni Deol,1,1,0
Triveni Dhaliwal,1,1,0
Triveni Dutta,1,1,0
Triveni Ganesan,1,1,0
Triveni Ganesh,1,1,0
Triveni Gill,1,1,0
Triveni Kadakia,1,1,0
Triveni Kakar,1,1,0
Triveni Kapadia,1,1,0
Triveni Korpal,1,1,0
Triveni Krish,1,1,0
Triveni Madan,2,2,1
Triveni Mani,1,1,0
Triveni Mannan,1,1,0
Triveni Mohanty,1,1,0
Triveni Muni,1,1,0
Triveni Nagi,1,1,0
Triveni Oak,1,1,0
Triveni Pai,1,1,0
Triveni Patla,1,1,0
Triveni Rajagopal,1,1,0
Triveni Rama,1,1,0
Triveni Rattan,3,3,0
Triveni Rout,1,1,0
Triveni Sagar,1,1,0
Triveni Saini,1,1,0
Triveni Sanghvi,1,1,0
Triveni Sani,1,1,1
Triveni Sarin,1,1,0
Triveni Shah,1,1,0
Triveni Shanker,1,1,0
Triveni Shroff,1,1,0
Triveni Sidhu,1,1,0
Triveni Sinha,1,1,0
Triveni Suri,1,1,0
Triveni Tak,1,1,0
Triveni Toor,1,1,0
Triveni Vohra,1,1,0
Triya Ahluwalia,1,1,0
Triya Bal,1,1,0
Triya Baria,1,1,0
Triya Batra,1,1,1
Triya Bhalla,1,1,0
Triya Bhardwaj,1,1,0
Triya Borde,1,1,0
Triya Chakraborty,1,1,0
Triya Chaudhuri,1,1,1
Triya Chopra,1,1,0
Triya Desai,1,1,0
Triya Dhaliwal,1,1,0
Triya Dixit,1,1,0
Triya Doshi,1,1,0
Triya Gole,1,1,0
Triya Grewal,1,1,0
Triya Handa,1,1,0
Triya Hegde,1,1,0
Triya Iyengar,1,1,0
Triya Iyer,1,1,0
Triya Jain,1,1,0
Triya Kanda,1,1,0
Triya Karpe,1,1,0
Triya Keer,1,1,0
Triya Korpal,2,2,0
Triya Kumer,2,2,0
Triya Kunda,1,1,0
Triya More,1,1,0
Triya Nath,1,1,1
Triya Pau,1,1,0
Triya Prabhu,1,1,0
Triya Rai,1,1,0
Triya Ramakrishnan,1,1,0
Triya Sem,1,1,0
Triya Sengupta,1,1,0
Triya Shukla,1,1,0
Triya Soman,1,1,0
Triya Sood,2,2,2
Triya Vala,1,1,0
Triya Venkatesh,2,2,0
Triya Viswanathan,1,1,0
Triya Vora,1,1,0
Turvi Babu,1,1,0
Turvi Bail,1,1,1
Turvi Bajaj,1,1,0
Turvi Barman,1,1,0
Turvi Bhagat,1,1,0
Turvi Bhatti,1,1,0
Turvi Bobal,1,1,0
Turvi Buch,1,1,1
Turvi Chana,1,1,0
Turvi Chauhan,1,1,0
Turvi Chhabra,1,1,0
Turvi Deo,1,1,0
Turvi Deol,1,1,0
Turvi Dhingra,1,1,0
Turvi D’Alia,1,1,0
Turvi Edwin,1,1,0
Turvi Ganesan,1,1,0
Turvi Golla,1,1,0
Turvi Grover,1,1,0
Turvi Gulati,1,1,0
Turvi Jaggi,1,1,0
Turvi Jha,1,1,0
Turvi Johal,1,1,0
Turvi Kakar,1,1,0
Turvi Kumar,1,1,0
Turvi Maharaj,1,1,0
Turvi Mangat,1,1,0
Turvi Mann,1,1,0
Turvi Mannan,1,1,1
Turvi Modi,1,1,0
Turvi Narain,1,1,0
Turvi Narang,1,1,0
Turvi Oommen,1,1,0
Turvi Oza,1,1,0
Turvi Parikh,1,1,0
Turvi Rao,1,1,0
Turvi Saha,1,1,0
Turvi Sengupta,1,1,0
Turvi Sharaf,1,1,0
Turvi Shetty,1,1,0
Turvi Soni,1,1,0
Turvi Srinivasan,1,1,0
Turvi Sunder,1,1,0
Turvi Thakkar,1,1,0
Turvi Varghese,1,1,0
Turvi Varma,1,1,0
Ubika Apte,1,1,0
Ubika Bahri,1,1,0
Ubika Basu,1,1,0
Ubika Bera,1,1,0
Ubika Bhagat,1,1,0
Ubika Bhandari,1,1,0
Ubika Bhat,1,1,0
Ubika Bhatt,1,1,0
Ubika Buch,2,2,0
Ubika Chhabra,1,1,0
Ubika Choudhry,1,1,0
Ubika Choudhury,1,1,0
Ubika Date,1,1,0
Ubika Dayal,1,1,0
Ubika Deo,1,1,0
Ubika Deshmukh,1,1,0
Ubika Dhar,1,1,0
Ubika Dixit,1,1,0
Ubika Gara,1,1,0
Ubika Jha,1,1,0
Ubika Kala,1,1,1
Ubika Kaul,1,1,0
Ubika Khosla,2,2,0
Ubika Lad,1,1,1
Ubika Luthra,1,1,1
Ubika Madan,1,1,0
Ubika Nadkarni,1,1,0
Ubika Nori,1,1,0
Ubika Parmar,1,1,0
Ubika Ramaswamy,1,1,0
Ubika Raval,1,1,0
Ubika Ravi,1,1,0
Ubika Salvi,1,1,0
Ubika Sangha,1,1,0
Ubika Sant,1,1,0
Ubika Sastry,1,1,0
Ubika Sheth,1,1,0
Ubika Sood,1,1,1
Ubika Thaman,1,1,0
Ubika Verma,1,1,0
Ucchal Aggarwal,1,1,0
Ucchal Ahluwalia,1,1,0
Ucchal Balakrishnan,1,1,0
Ucchal Balasubramanian,1,1,0
Ucchal Bhatia,1,1,0
Ucchal Bhatnagar,1,1,1
Ucchal Bobal,1,1,0
Ucchal Butala,1,1,0
Ucchal Chacko,1,1,0
Ucchal Chatterjee,1,1,0
Ucchal Chopra,1,1,0
Ucchal Comar,1,1,0
Ucchal Date,1,1,0
Ucchal Dhillon,1,1,0
Ucchal Goel,1,1,0
Ucchal Halder,1,1,0
Ucchal Hari,1,1,0
Ucchal Hayre,1,1,1
Ucchal Jha,1,1,0
Ucchal Kadakia,1,1,0
Ucchal Kaur,1,1,0
Ucchal Khare,1,1,0
Ucchal Lata,1,1,0
Ucchal Luthra,1,1,0
Ucchal Mangat,1,1,0
Ucchal Mody,1,1,1
Ucchal Nadig,1,1,0
Ucchal Naik,1,1,0
Ucchal Nayar,1,1,0
Ucchal Pall,1,1,0
Ucchal Palla,1,1,0
Ucchal Pillai,1,1,0
Ucchal Radhakrishnan,1,1,0
Ucchal Raj,1,1,0
Ucchal Rajagopalan,1,1,0
Ucchal Rau,1,1,0
Ucchal Rout,1,1,0
Ucchal Sahni,1,1,0
Ucchal Sandhu,1,1,0
Ucchal Sankar,1,1,0
Ucchal Sarna,1,1,0
Ucchal Sem,1,1,0
Ucchal Sinha,1,1,0
Ucchal Som,1,1,0
Ucchal Sule,1,1,1
Ucchal Tata,1,1,0
Ucchal Thaker,1,1,0
Ucchal Vig,1,1,1
Ucchal Wali,1,1,0
Ucchal Yadav,1,1,0
Udant Agarwal,1,1,0
Udant Amble,1,1,0
Udant Bahl,1,1,0
Udant Bakshi,1,1,0
Udant Bala,1,1,1
Udant Bansal,1,1,0
Udant Bera,1,1,0
Udant Chanda,1,1,0
Udant Chandra,1,1,0
Udant Chaudhuri,1,1,0
Udant Cheema,1,1,0
Udant Chhabra,1,1,0
Udant Deol,1,1,0
Udant Devan,2,2,0
Udant Devi,1,1,0
Udant Dhar,1,1,0
Udant Dyal,1,1,0
Udant Gala,1,1,0
Udant Gokhale,1,1,0
Udant Hayre,1,1,0
Udant Hora,1,1,0
Udant Jain,1,1,0
Udant Kannan,1,1,1
Udant Kota,1,1,0
Udant Madan,1,1,1
Udant Mangal,1,1,0
Udant Master,1,1,1
Udant Menon,1,1,0
Udant Misra,1,1,0
Udant Morar,1,1,0
Udant Murthy,1,1,0
Udant Naik,1,1,0
Udant Nigam,1,1,0
Udant Padmanabhan,1,1,0
Udant Palla,1,1,0
Udant Prabhakar,1,1,0
Udant Rajagopal,1,1,0
Udant Ram,1,1,0
Udant Rastogi,1,1,0
Udant Ratti,1,1,0
Udant Saran,1,1,0
Udant Sastry,1,1,0
Udant Sethi,1,1,0
Udant Soman,1,1,0
Udant Sood,1,1,0
Udant Tailor,1,1,0
Udant Talwar,1,1,0
Udant Taneja,1,1,0
Udant Tata,1,1,0
Udant Varma,1,1,0
Udant Vohra,1,1,0
Udant Wali,1,1,0
Udarsh Acharya,1,1,0
Udarsh Andra,1,1,0
Udarsh Arora,1,1,0
Udarsh Aurora,1,1,0
Udarsh Bahri,1,1,0
Udarsh Bail,1,1,0
Udarsh Bera,1,1,0
Udarsh Bhasin,1,1,1
Udarsh Bora,2,2,0
Udarsh Brar,1,1,0
Udarsh Char,1,1,0
Udarsh Chawla,1,1,0
Udarsh Chokshi,1,1,0
Udarsh Chopra,1,1,0
Udarsh Deol,1,1,0
Udarsh Devi,2,2,1
Udarsh Dhar,1,1,0
Udarsh Doshi,1,1,2
Udarsh Dua,1,1,0
Udarsh Ganguly,2,2,0
Udarsh Kant,1,1,0
Udarsh Kara,1,1,0
Udarsh Kaul,1,1,0
Udarsh Khurana,1,1,0
Udarsh Kibe,2,2,0
Udarsh Konda,1,1,1
Udarsh Krishnamurthy,1,1,0
Udarsh Kurian,1,1,0
Udarsh Nagarajan,1,1,0
Udarsh Nagy,1,1,0
Udarsh Nath,1,1,0
Udarsh Pai,1,1,0
Udarsh Parmer,1,1,0
Udarsh Prabhu,1,1,0
Udarsh Raja,1,1,0
Udarsh Sagar,1,1,1
Udarsh Sarkar,1,1,0
Udarsh Sem,1,1,0
Udarsh Sen,1,1,0
Udarsh Sheth,1,1,0
Udarsh Shukla,1,1,0
Udarsh Sidhu,1,1,0
Udarsh Tara,1,1,1
Udarsh Thakkar,1,1,0
Udarsh Thaman,1,1,0
Udarsh Toor,2,2,0
Udarsh Trivedi,1,1,0
Udarsh Uppal,1,1,0
Udarsh Varghese,1,1,0
Udarsh Vasa,1,1,0
Udyati Bains,1,1,0
Udyati Bhakta,1,1,0
Udyati Cheema,1,1,0
Udyati Chokshi,1,1,0
Udyati Chopra,1,1,0
Udyati Comar,1,1,0
Udyati Dani,2,2,1
Udyati De,1,1,0
Udyati Garde,1,1,0
Udyati Goswami,1,1,0
Udyati Iyengar,1,1,0
Udyati Jaggi,1,1,0
Udyati Jani,1,1,0
Udyati Jhaveri,1,1,1
Udyati Kamdar,1,1,0
Udyati Karnik,1,1,0
Udyati Kumer,1,1,0
Udyati Lanka,1,1,0
Udyati Loke,1,1,0
Udyati Mane,1,1,0
Udyati Mangat,1,1,0
Udyati Manne,1,1,0
Udyati Mohan,1,1,0
Udyati Mukherjee,1,1,0
Udyati Muni,1,1,0
Udyati Nagi,1,1,1
Udyati Naidu,1,1,0
Udyati Narula,1,1,0
Udyati Nori,1,1,0
Udyati Parmar,1,1,0
Udyati Ramakrishnan,1,1,0
Udyati Sabharwal,1,1,0
Udyati Sachdeva,1,1,0
Udyati Sama,1,1,1
Udyati Sampath,1,1,0
Udyati Sangha,1,1,0
Udyati Sarraf,1,1,0
Udyati Shanker,1,1,1
Udyati Sheth,1,1,0
Udyati Tella,1,1,0
Udyati Uppal,1,1,0
Udyati Varughese,1,1,0
Udyati Walia,1,1,0
Udyati Wason,1,1,0
Umang Agate,1,1,0
Umang Badal,1,1,0
Umang Balan,1,1,0
Umang Behl,1,1,0
Umang Bhandari,1,1,0
Umang Bhatia,1,1,1
Umang Chadha,1,1,0
Umang Chaudhry,1,1,0
Umang Das,1,1,0
Umang Dash,1,1,0
Umang Dave,1,1,0
Umang Dey,1,1,0
Umang Dhaliwal,1,1,0
Umang Gandhi,1,1,1
Umang Ganesh,1,1,0
Umang Garde,1,1,0
Umang Gokhale,1,1,0
Umang Halder,1,1,0
Umang Hans,1,1,0
Umang Kade,1,1,0
Umang Kaul,1,1,1
Umang Kaur,1,1,1
Umang Kuruvilla,1,1,0
Umang Lad,1,1,0
Umang Malhotra,1,1,0
Umang Mistry,1,1,0
Umang Naik,1,1,0
Umang Nazareth,1,1,0
Umang Palan,1,1,0
Umang Pandey,1,1,0
Umang Patla,1,1,1
Umang Pingle,1,1,0
Umang Prashad,1,1,0
Umang Raja,1,1,0
Umang Rajagopalan,1,1,0
Umang Sachdev,1,1,0
Umang Sandhu,1,1,0
Umang Sane,1,1,0
Umang Saran,1,1,0
Umang Saxena,1,1,0
Umang Sen,1,1,0
Umang Shah,1,1,0
Umang Shere,1,1,0
Umang Singhal,1,1,0
Umang Srivastava,1,1,0
Umang Sunder,2,2,1
Umang Tandon,1,1,0
Umang Tella,1,1,0
Umang Uppal,1,1,1
Umang Venkataraman,1,1,1
Umang Vig,1,1,0
Umang Vora,1,1,0
Unnati Babu,1,1,0
Unnati Badami,1,1,0
Unnati Bains,1,1,0
Unnati Bhandari,1,1,0
Unnati Bora,1,1,0
Unnati Borra,1,1,0
Unnati Brar,1,1,0
Unnati Chokshi,1,1,0
Unnati Comar,1,1,0
Unnati Dasgupta,1,1,0
Unnati Ghosh,1,1,0
Unnati Hayre,1,1,1
Unnati Jaggi,1,1,0
Unnati Kari,1,1,0
Unnati Khalsa,1,1,0
Unnati Khatri,1,1,0
Unnati Kothari,1,1,0
Unnati Lala,1,1,0
Unnati Mahajan,1,1,0
Unnati Mangat,1,1,0
Unnati Mistry,1,1,0
Unnati Modi,1,1,0
Unnati Munshi,1,1,0
Unnati Nair,1,1,0
Unnati Radhakrishnan,1,1,1
Unnati Ram,1,1,0
Unnati Sami,1,1,0
Unnati Samra,1,1,1
Unnati Sani,1,1,0
Unnati Sem,1,1,0
Unnati Sethi,1,1,0
Unnati Singh,1,1,0
Unnati Tara,1,1,0
Unnati Trivedi,1,1,1
Unnati Vora,1,1,0
Unnati Walla,1,1,0
Unni Apte,1,1,0
Unni Bal,1,1,0
Unni Bala,1,1,0
Unni Bandi,1,1,0
Unni Banerjee,1,1,0
Unni Baria,1,1,0
Unni Basu,1,1,0
Unni Biswas,1,1,0
Unni Borde,1,1,0
Unni Bumb,1,1,0
Unni Chada,1,1,1
Unni Chadha,1,1,0
Unni Chahal,1,1,0
Unni Chaudhuri,1,1,0
Unni Chauhan,2,2,0
Unni Chhabra,1,1,1
Unni Chokshi,1,1,0
Unni Datta,1,1,0
Unni Desai,1,1,0
Unni Deshmukh,2,2,0
Unni Kalita,1,1,0
Unni Kar,1,1,0
Unni Kaul,1,1,0
Unni Khosla,1,1,0
Unni Koshy,1,1,0
Unni Kothari,1,1,0
Unni Lalla,1,1,0
Unni Luthra,1,1,0
Unni Malhotra,1,1,0
Unni Mall,1,1,0
Unni Mangat,1,1,0
Unni Modi,1,1,0
Unni Nadkarni,1,1,0
Unni Narayanan,1,1,1
Unni Natarajan,1,1,0
Unni Pant,1,1,0
Unni Raja,1,1,0
Unni Ram,1,1,0
Unni Ramachandran,1,1,0
Unni Ranganathan,1,1,1
Unni Sabharwal,1,1,0
Unni Sahota,1,1,0
Unni Sampath,1,1,0
Unni Seshadri,1,1,0
Unni Sethi,1,1,0
Unni Shah,1,1,0
Unni Shan,1,1,1
Unni Srinivasan,1,1,0
Unni Suri,1,1,1
Unni Thaman,1,1,1
Unni Zachariah,1,1,0
Upadhriti Bajaj,1,1,1
Upadhriti Bakshi,1,1,0
Upadhriti Baral,1,1,0
Upadhriti Batra,1,1,0
Upadhriti Chad,1,1,0
Upadhriti Choudhry,1,1,0
Upadhriti Choudhury,1,1,0
Upadhriti Dara,1,1,0
Upadhriti Deep,1,1,0
Upadhriti Deol,1,1,0
Upadhriti Din,1,1,0
Upadhriti Dutta,1,1,0
Upadhriti Gola,1,1,0
Upadhriti Guha,1,1,1
Upadhriti Jani,2,2,0
Upadhriti Johal,1,1,0
Upadhriti Joshi,1,1,0
Upadhriti Karan,1,1,1
Upadhriti Kata,1,1,0
Upadhriti Khare,1,1,0
Upadhriti Luthra,1,1,0
Upadhriti Mammen,1,1,0
Upadhriti Manda,1,1,0
Upadhriti Minhas,1,1,0
Upadhriti Mohanty,1,1,0
Upadhriti Mukhopadhyay,1,1,0
Upadhriti Narain,1,1,0
Upadhriti Natarajan,1,1,0
Upadhriti Parsa,1,1,0
Upadhriti Rai,1,1,0
Upadhriti Rastogi,1,1,0
Upadhriti Shah,2,2,0
Upadhriti Shukla,1,1,0
Upadhriti Singhal,1,1,1
Upadhriti Tailor,1,1,0
Upadhriti Talwar,1,1,0
Upadhriti Virk,1,1,1
Upasna Agarwal,1,1,0
Upasna Anand,1,1,0
Upasna Arora,1,1,0
Upasna Balay,1,1,0
Upasna Bali,1,1,0
Upasna Batta,1,1,0
Upasna Bedi,1,1,0
Upasna Behl,1,1,0
Upasna Bera,1,1,0
Upasna Bhargava,1,1,0
Upasna Bhatt,1,1,0
Upasna Bhattacharyya,1,1,0
Upasna Bhatti,1,1,0
Upasna Butala,1,1,0
Upasna Chander,1,1,0
Upasna Chandran,1,1,1
Upasna Char,1,1,0
Upasna Chatterjee,1,1,0
Upasna Cheema,1,1,0
Upasna Goel,1,1,0
Upasna Hari,1,1,0
Upasna Kala,1,1,0
Upasna Kanda,1,1,0
Upasna Khosla,1,1,0
Upasna Kibe,1,1,0
Upasna Kumer,1,1,1
Upasna Mani,2,2,0
Upasna Menon,1,1,0
Upasna Munshi,1,1,0
Upasna Nadig,1,1,0
Upasna Narayanan,1,1,0
Upasna Natarajan,1,1,0
Upasna Palan,1,1,0
Upasna Patil,1,1,0
Upasna Raja,1,1,0
Upasna Ramanathan,1,1,0
Upasna Rattan,1,1,0
Upasna Sachar,2,2,1
Upasna Sagar,1,1,0
Upasna Salvi,1,1,0
Upasna Sanghvi,1,1,0
Upasna Sehgal,1,1,0
Upasna Seshadri,2,2,0
Upasna Sunder,2,2,0
Upasna Wason,1,1,0
Upasna Yogi,1,1,0
Upkaar Bhagat,2,2,0
Upkaar Bora,1,1,0
Upkaar Borah,1,1,0
Upkaar Chaudhuri,1,1,0
Upkaar Dar,2,2,0
Upkaar Deo,1,1,0
Upkaar Dhillon,1,1,0
Upkaar Doctor,1,1,0
Upkaar Dua,1,1,0
Upkaar Ganesan,1,1,0
Upkaar Ghose,1,1,0
Upkaar Gill,1,1,0
Upkaar Iyer,2,2,0
Upkaar Kade,1,1,0
Upkaar Kala,1,1,0
Upkaar Kaur,1,1,0
Upkaar Khurana,1,1,0
Upkaar Krishna,1,1,0
Upkaar Mallick,1,1,0
Upkaar Mangat,1,1,0
Upkaar Master,1,1,0
Upkaar Murty,1,1,0
Upkaar Mutti,1,1,0
Upkaar Naik,1,1,0
Upkaar Natt,1,1,0
Upkaar Nori,1,1,0
Upkaar Pal,1,1,0
Upkaar Prakash,1,1,0
Upkaar Raghavan,1,1,0
Upkaar Raju,1,1,0
Upkaar Randhawa,1,1,0
Upkaar Ranganathan,1,1,0
Upkaar Sandal,1,1,0
Upkaar Sarkar,1,1,0
Upkaar Sarma,1,1,0
Upkaar Seshadri,1,1,0
Upkaar Seth,1,1,0
Upkaar Shanker,1,1,2
Upkaar Solanki,1,1,0
Upkaar Srinivasan,1,1,0
Upkaar Vaidya,1,1,0
Upkaar Vala,1,1,0
Upkaar Vora,1,1,0
Upkaar Walla,1,1,0
Upma Anand,1,1,0
Upma Bal,1,1,0
Upma Banerjee,1,1,0
Upma Bhalla,1,1,1
Upma Biswas,1,1,1
Upma Chad,1,1,0
Upma Chander,1,1,0
Upma Char,1,1,0
Upma Chatterjee,1,1,1
Upma Chhabra,1,1,0
Upma Das,2,2,0
Upma Date,1,1,0
Upma Dave,1,1,0
Upma Deep,1,1,0
Upma Dubey,1,1,0
Upma Gala,1,1,0
Upma Ganesh,1,1,0
Upma Gopal,1,1,0
Upma Hegde,1,1,0
Upma Jain,1,1,1
Upma Johal,1,1,0
Upma Keer,1,1,0
Upma Krishnamurthy,1,1,0
Upma Kurian,1,1,0
Upma Lall,1,1,1
Upma Lalla,1,1,0
Upma Madan,1,1,0
Upma Mallick,1,1,0
Upma Menon,1,1,0
Upma Minhas,1,1,0
Upma Mital,1,1,0
Upma Morar,1,1,0
Upma Mukherjee,1,1,0
Upma Nagarajan,1,1,0
Upma Narayan,1,1,0
Upma Padmanabhan,1,1,0
Upma Patla,1,1,0
Upma Pillai,1,1,0
Upma Raja,1,1,0
Upma Ramachandran,1,1,0
Upma Sandhu,1,1,0
Upma Sarin,1,1,0
Upma Sawhney,1,1,0
Upma Setty,1,1,0
Upma Shroff,1,1,0
Upma Shukla,1,1,0
Upma Sodhi,1,1,0
Upma Tak,1,1,0
Upma Tella,1,1,0
Upma Thaker,1,1,1
Upma Thakkar,1,1,0
Upma Varty,1,1,0
Urishilla Babu,1,1,0
Urishilla Bajaj,1,1,0
Urishilla Bali,1,1,0
Urishilla Bhagat,1,1,0
Urishilla Bhakta,2,2,0
Urishilla Bhalla,1,1,0
Urishilla Brar,1,1,0
Urishilla Chadha,1,1,0
Urishilla Cherian,1,1,0
Urishilla Dixit,1,1,0
Urishilla Dua,1,1,1
Urishilla Guha,1,1,0
Urishilla Gulati,1,1,0
Urishilla Kala,1,1,0
Urishilla Kata,1,1,0
Urishilla Lall,1,1,0
Urishilla Madan,2,2,0
Urishilla Mahal,1,1,0
Urishilla Mani,1,1,0
Urishilla Manne,1,1,0
Urishilla Nagarajan,1,1,0
Urishilla Om,1,1,0
Urishilla Palla,1,1,0
Urishilla Panchal,1,1,0
Urishilla Parmar,1,1,0
Urishilla Pau,1,1,0
Urishilla Pillai,1,1,0
Urishilla Pradhan,1,1,0
Urishilla Puri,1,1,0
Urishilla Rai,1,1,0
Urishilla Rajan,1,1,0
Urishilla Ramakrishnan,1,1,0
Urishilla Ramesh,1,1,0
Urishilla Sachar,1,1,0
Urishilla Sahota,1,1,0
Urishilla Sankar,1,1,0
Urishilla Sankaran,1,1,0
Urishilla Saran,1,1,0
Urishilla Sehgal,2,2,0
Urishilla Sharaf,1,1,0
Urishilla Solanki,1,1,0
Urishilla Sura,1,1,0
Urishilla Tailor,1,1,0
Urmi Acharya,1,1,0
Urmi Agarwal,1,1,0
Urmi Andra,1,1,0
Urmi Atwal,1,1,0
Urmi Bahl,1,1,0
Urmi Bains,1,1,0
Urmi Basak,1,1,0
Urmi Basu,1,1,0
Urmi Bhagat,1,1,0
Urmi Bhardwaj,1,1,0
Urmi Bhavsar,1,1,0
Urmi Borde,1,1,0
Urmi Chadha,1,1,0
Urmi Chana,1,1,0
Urmi Chander,1,1,0
Urmi Chhabra,1,1,0
Urmi Choudhury,1,1,1
Urmi Dayal,1,1,0
Urmi Deo,1,1,0
Urmi Divan,1,1,0
Urmi Doctor,1,1,0
Urmi Dubey,1,1,0
Urmi D’Alia,1,1,0
Urmi Gade,1,1,0
Urmi Gandhi,1,1,0
Urmi Iyengar,1,1,0
Urmi Kaur,1,1,0
Urmi Khanna,1,1,0
Urmi Khatri,1,1,1
Urmi Kothari,1,1,0
Urmi Krish,1,1,0
Urmi Mann,1,1,0
Urmi Mittal,1,1,0
Urmi Mitter,1,1,0
Urmi Mody,1,1,0
Urmi Munshi,1,1,0
Urmi Murty,1,1,1
Urmi Nagarajan,1,1,1
Urmi Nair,1,1,0
Urmi Nazareth,1,1,0
Urmi Panchal,1,1,0
Urmi Pingle,1,1,0
Urmi Prakash,1,1,0
Urmi Radhakrishnan,1,1,0
Urmi Raja,1,1,0
Urmi Raman,1,1,0
Urmi Ravel,1,1,0
Urmi Saini,1,1,0
Urmi Sama,1,1,0
Urmi Sarkar,1,1,0
Urmi Sastry,1,1,0
Urmi Savant,1,1,0
Urmi Sawhney,1,1,0
Urmi Setty,1,1,0
Urmi Sharaf,1,1,0
Urmi Shenoy,1,1,0
Urmi Sinha,1,1,0
Urmi Srinivas,1,1,0
Urmi Tandon,1,1,0
Urmi Venkatesh,1,1,0
Urmi Virk,1,1,0
Urmi Wali,1,1,0
Urmi Yohannan,1,1,1
Urvashi Balakrishnan,1,1,0
Urvashi Bansal,1,1,0
Urvashi Bhagat,1,1,0
Urvashi Bhalla,1,1,0
Urvashi Bhavsar,1,1,0
Urvashi Brahmbhatt,2,2,0
Urvashi Buch,1,1,0
Urvashi Chadha,1,1,0
Urvashi Chanda,1,1,0
Urvashi Comar,1,1,0
Urvashi Dara,1,1,0
Urvashi Dhar,1,1,0
Urvashi Dixit,2,2,0
Urvashi Dora,1,1,0
Urvashi Doshi,1,1,0
Urvashi Dugal,1,1,1
Urvashi Goyal,1,1,0
Urvashi Gupta,1,1,0
Urvashi Issac,1,1,0
Urvashi Jaggi,1,1,0
Urvashi Kapoor,1,1,0
Urvashi Kara,1,1,0
Urvashi Keer,1,1,0
Urvashi Khalsa,2,2,0
Urvashi Konda,1,1,0
Urvashi Kumar,1,1,0
Urvashi Lall,1,1,0
Urvashi Mandal,1,1,0
Urvashi Mander,1,1,0
Urvashi Menon,1,1,0
Urvashi Mody,1,1,0
Urvashi Mutti,1,1,0
Urvashi Padmanabhan,1,1,1
Urvashi Pillai,1,1,0
Urvashi Ramesh,1,1,0
Urvashi Sarraf,1,1,0
Urvashi Sastry,1,1,0
Urvashi Saxena,1,1,0
Urvashi Sehgal,1,1,0
Urvashi Setty,1,1,0
Urvashi Subramaniam,1,1,0
Urvashi Sundaram,1,1,0
Urvashi Swamy,1,1,0
Urvashi Tiwari,1,1,0
Urvashi Warrior,1,1,0
Urvi Bahl,1,1,1
Urvi Bakshi,1,1,0
Urvi Baria,1,1,0
Urvi Bava,1,1,0
Urvi Bera,2,2,0
Urvi Bhatt,1,1,0
Urvi Dass,1,1,0
Urvi Dugar,1,1,0
Urvi Ganesan,1,1,0
Urvi Gola,1,1,0
Urvi Guha,1,1,0
Urvi Hora,1,1,0
Urvi Khanna,1,1,0
Urvi Kohli,1,1,0
Urvi Konda,1,1,0
Urvi Krishnan,1,1,0
Urvi Lalla,1,1,0
Urvi Magar,1,1,0
Urvi Mandal,1,1,0
Urvi Mistry,1,1,0
Urvi Mital,1,1,0
Urvi Naidu,1,1,0
Urvi Pai,1,1,0
Urvi Palan,1,1,0
Urvi Raghavan,1,1,0
Urvi Ramanathan,1,1,0
Urvi Rana,1,1,0
Urvi Ratti,1,1,0
Urvi Raval,1,1,0
Urvi Rege,1,1,0
Urvi Sachdev,1,1,0
Urvi Sastry,1,1,0
Urvi Savant,1,1,0
Urvi Shan,1,1,0
Urvi Sheth,1,1,0
Urvi Sibal,1,1,1
Urvi Tailor,1,1,0
Urvi Vasa,1,1,0
Urvi Vohra,1,1,0
Utkarsh Ahuja,1,1,0
Utkarsh Aurora,1,1,0
Utkarsh Bakshi,1,1,0
Utkarsh Bansal,1,1,0
Utkarsh Bera,1,1,0
Utkarsh Biswas,1,1,0
Utkarsh Bora,1,1,0
Utkarsh Chaudhry,1,1,0
Utkarsh Chaudry,1,1,1
Utkarsh Cherian,1,1,0
Utkarsh Choudhry,1,1,0
Utkarsh Dada,1,1,0
Utkarsh Dar,1,1,0
Utkarsh Das,1,1,0
Utkarsh Dayal,1,1,0
Utkarsh Gandhi,1,1,0
Utkarsh Ganesan,1,1,0
Utkarsh Gopal,1,1,0
Utkarsh Gupta,1,1,0
Utkarsh Kala,1,1,0
Utkarsh Kalita,1,1,0
Utkarsh Kapoor,2,2,0
Utkarsh Kapur,1,1,0
Utkarsh Kari,1,1,0
Utkarsh Karnik,1,1,0
Utkarsh Khanna,1,1,0
Utkarsh Kurian,1,1,0
Utkarsh Kuruvilla,1,1,0
Utkarsh Lanka,1,1,0
Utkarsh Loyal,2,2,0
Utkarsh Luthra,1,1,0
Utkarsh Majumdar,1,1,0
Utkarsh Mammen,1,1,0
Utkarsh Merchant,1,1,0
Utkarsh Mistry,1,1,0
Utkarsh Naidu,1,1,0
Utkarsh Narain,1,1,0
Utkarsh Natt,1,1,0
Utkarsh Nayar,1,1,0
Utkarsh Oak,1,1,0
Utkarsh Pathak,1,1,0
Utkarsh Peri,2,2,1
Utkarsh Raj,1,1,0
Utkarsh Rajan,1,1,1
Utkarsh Rana,1,1,0
Utkarsh Sandhu,1,1,0
Utkarsh Sarin,1,1,0
Utkarsh Sen,1,1,0
Utkarsh Singh,2,2,0
Utkarsh Sodhi,1,1,0
Utkarsh Sridhar,1,1,0
Utkarsh Sura,1,1,0
Utkarsh Taneja,1,1,0
Utkarsh Virk,1,1,0
Vaishnavi Amble,1,1,0
Vaishnavi Bail,1,1,0
Vaishnavi Barman,1,1,0
Vaishnavi Bedi,1,1,0
Vaishnavi Bhattacharyya,1,1,0
Vaishnavi Chaudhuri,1,1,0
Vaishnavi Chokshi,1,1,0
Vaishnavi Comar,1,1,0
Vaishnavi Dani,1,1,0
Vaishnavi Dara,1,1,0
Vaishnavi Deshmukh,1,1,0
Vaishnavi Dhingra,1,1,0
Vaishnavi Dube,1,1,0
Vaishnavi Jain,1,1,0
Vaishnavi Jani,1,1,0
Vaishnavi Kala,1,1,0
Vaishnavi Kalita,1,1,0
Vaishnavi Kari,1,1,0
Vaishnavi Kulkarni,1,1,0
Vaishnavi Lad,1,1,0
Vaishnavi Loyal,1,1,0
Vaishnavi Madan,1,1,0
Vaishnavi Maharaj,1,1,1
Vaishnavi Master,1,1,0
Vaishnavi Mitter,1,1,0
Vaishnavi Nath,1,1,0
Vaishnavi Oommen,1,1,0
Vaishnavi Parmar,1,1,0
Vaishnavi Parsa,1,1,0
Vaishnavi Pau,1,1,0
Vaishnavi Prashad,2,2,0
Vaishnavi Rao,1,1,0
Vaishnavi Raval,1,1,0
Vaishnavi Sachdeva,1,1,0
Vaishnavi Sahota,1,1,0
Vaishnavi Singh,1,1,0
Vaishnavi Swamy,1,1,0
Vaishnavi Vig,1,1,0
Vaishnavi Walla,1,1,0
Vamakshi Bala,1,1,0
Vamakshi Batta,1,1,0
Vamakshi Bava,1,1,0
Vamakshi Bobal,1,1,0
Vamakshi Chaudhry,1,1,0
Vamakshi Choudhry,1,1,0
Vamakshi Deep,1,1,0
Vamakshi Deshmukh,1,1,0
Vamakshi Dhar,1,1,0
Vamakshi Ghose,1,1,0
Vamakshi Hayre,1,1,0
Vamakshi Jhaveri,1,1,0
Vamakshi Kalla,1,1,0
Vamakshi Kara,1,1,0
Vamakshi Khatri,1,1,0
Vamakshi Kumer,1,1,0
Vamakshi Kuruvilla,1,1,0
Vamakshi Maharaj,1,1,0
Vamakshi Malhotra,1,1,1
Vamakshi Manda,1,1,1
Vamakshi Mani,1,1,0
Vamakshi Master,1,1,0
Vamakshi Misra,1,1,0
Vamakshi Mody,1,1,0
Vamakshi Mukhopadhyay,1,1,0
Vamakshi Naidu,2,2,1
Vamakshi Nair,1,1,0
Vamakshi Narayanan,1,1,0
Vamakshi Pai,1,1,1
Vamakshi Pant,1,1,0
Vamakshi Peri,1,1,1
Vamakshi Raghavan,1,1,0
Vamakshi Raja,1,1,0
Vamakshi Sha,1,1,0
Vamakshi Shan,1,1,0
Vamakshi Shankar,1,1,0
Vamakshi Shanker,1,1,0
Vamakshi Sura,2,2,0
Vamakshi Swamy,1,1,0
Vamakshi Thaker,1,1,0
Vamakshi Thaman,1,1,0
Vamakshi Toor,1,1,0
Vamakshi Uppal,1,1,0
Vamakshi Varkey,1,1,0
Vamakshi Walia,1,1,0
Vamakshi Walla,1,1,0
Vamakshi Wason,1,1,0
Vansha Bedi,1,1,1
Vansha Behl,1,1,0
Vansha Borra,1,1,0
Vansha Chandra,1,1,0
Vansha Chaudhry,1,1,0
Vansha Dass,1,1,0
Vansha Devi,1,1,0
Vansha Dhawan,1,1,0
Vansha Dugar,1,1,0
Vansha Dutt,1,1,0
Vansha Edwin,2,2,0
Vansha Garde,1,1,0
Vansha Gulati,1,1,1
Vansha Hora,1,1,0
Vansha Jaggi,1,1,2
Vansha Karan,1,1,0
Vansha Kaul,1,1,0
Vansha Kumar,2,2,0
Vansha Lala,1,1,0
Vansha Mall,1,1,0
Vansha Morar,1,1,0
Vansha Pal,1,1,0
Vansha Parsa,1,1,0
Vansha Pau,1,1,1
Vansha Pillay,1,1,0
Vansha Rajan,1,1,0
Vansha Ram,1,1,0
Vansha Ramaswamy,1,1,0
Vansha Sagar,1,1,0
Vansha Sahni,1,1,0
Vansha Sawhney,1,1,0
Vansha Shah,1,1,0
Vansha Sharma,1,1,0
Vansha Srinivas,1,1,0
Vanya Ahluwalia,1,1,1
Vanya Anand,1,1,0
Vanya Apte,1,1,1
Vanya Bansal,1,1,0
Vanya Basu,1,1,0
Vanya Bhandari,1,1,0
Vanya Bhargava,2,2,0
Vanya Bhattacharyya,1,1,0
Vanya Date,1,1,0
Vanya Divan,1,1,0
Vanya Gala,1,1,0
Vanya Golla,1,1,1
Vanya Gopal,1,1,1
Vanya Grewal,1,1,0
Vanya Kashyap,1,1,0
Vanya Kata,1,1,0
Vanya Kuruvilla,1,1,0
Vanya Lata,1,1,1
Vanya Mall,1,1,0
Vanya Memon,1,1,0
Vanya Narasimhan,1,1,0
Vanya Parekh,1,1,0
Vanya Parsa,1,1,0
Vanya Pillay,1,1,0
Vanya Prasad,1,1,0
Vanya Rai,1,1,0
Vanya Rajagopalan,1,1,0
Vanya Ram,1,1,0
Vanya Rao,1,1,0
Vanya Reddy,1,1,0
Vanya Rout,1,1,0
Vanya Sachdev,1,1,0
Vanya Sahota,1,1,0
Vanya Sampath,1,1,1
Vanya Sidhu,1,1,0
Vanya Sodhi,1,1,0
Vanya Taneja,1,1,0
Vanya Warrior,1,1,0
Vanya Zacharia,1,1,0
Varenya Acharya,1,1,0
Varenya Amble,1,1,0
Varenya Anne,1,1,1
Varenya Bahri,1,1,0
Varenya Basak,2,2,0
Varenya Bawa,1,1,0
Varenya Ben,1,1,0
Varenya Bora,1,1,0
Varenya Borra,1,1,0
Varenya Bose,1,1,0
Varenya Buch,1,1,0
Varenya Bumb,1,1,0
Varenya Chakraborty,1,1,0
Varenya Chauhan,1,1,0
Varenya Chhabra,1,1,0
Varenya Deo,1,1,1
Varenya Dixit,1,1,0
Varenya Dua,1,1,0
Varenya Dyal,1,1,1
Varenya Gaba,1,1,0
Varenya Ganguly,1,1,1
Varenya Kale,1,1,0
Varenya Kota,1,1,0
Varenya Mahal,1,1,0
Varenya Minhas,1,1,0
Varenya Mutti,2,2,0
Varenya Natarajan,2,2,0
Varenya Nazareth,1,1,0
Varenya Palla,1,1,0
Varenya Pandey,1,1,0
Varenya Rajagopal,1,1,0
Varenya Ramaswamy,1,1,0
Varenya Ratta,1,1,0
Varenya Rau,1,1,1
Varenya Rege,1,1,0
Varenya Sachdev,1,1,0
Varenya Sandhu,2,2,0
Varenya Saxena,1,1,0
Varenya Seshadri,1,1,0
Varenya Tank,1,1,0
Varenya Thaker,1,1,0
Varenya Tiwari,1,1,0
Varenya Venkatesh,1,1,0
Varenya Walia,1,1,0
Varenya Wason,1,1,0
Varenya Yohannan,1,1,0
Varsha Anand,1,1,0
Varsha Babu,1,1,0
Varsha Balay,1,1,0
Varsha Basu,1,1,0
Varsha Bhakta,1,1,0
Varsha Bhatt,1,1,0
Varsha Bhavsar,1,1,0
Varsha Bobal,1,1,1
Varsha Borah,1,1,0
Varsha Dasgupta,1,1,1
Varsha Dayal,1,1,0
Varsha Deo,1,1,0
Varsha Dhar,1,1,0
Varsha Dhawan,1,1,0
Varsha Dubey,1,1,0
Varsha Gokhale,1,1,0
Varsha Grover,1,1,1
Varsha Kadakia,1,1,0
Varsha Kakar,1,1,0
Varsha Kalla,1,1,0
Varsha Kuruvilla,1,1,0
Varsha Maharaj,1,1,0
Varsha Majumdar,1,1,0
Varsha Mandal,1,1,0
Varsha Mittal,1,1,0
Varsha Mohanty,1,1,0
Varsha Nadkarni,1,1,0
Varsha Narayanan,1,1,0
Varsha Oommen,1,1,0
Varsha Parmer,1,1,0
Varsha Parsa,1,1,0
Varsha Patla,1,1,0
Varsha Pau,1,1,0
Varsha Radhakrishnan,1,1,1
Varsha Rana,1,1,0
Varsha Sathe,1,1,0
Varsha Seshadri,1,1,0
Varsha Sheth,1,1,0
Varsha Subramaniam,1,1,0
Varsha Suresh,1,1,0
Varsha Tailor,1,1,0
Varsha Tak,1,1,0
Varsha Varughese,1,1,0
Varsha Yogi,1,1,0
Vasana Balasubramanian,1,1,0
Vasana Banerjee,1,1,0
Vasana Barman,2,2,0
Vasana Basak,1,1,0
Vasana Ben,1,1,0
Vasana Bhakta,3,3,0
Vasana Bose,1,1,0
Vasana Chanda,1,1,0
Vasana Chaudhari,1,1,0
Vasana Doctor,1,1,0
Vasana Dube,1,1,0
Vasana Gala,1,1,0
Vasana Gera,1,1,0
Vasana Grewal,1,1,0
Vasana Konda,1,1,0
Vasana Lata,1,1,0
Vasana Mahal,1,1,0
Vasana Manda,1,1,0
Vasana Mane,1,1,0
Vasana Mohanty,1,1,0
Vasana Muni,1,1,0
Vasana Nadkarni,1,1,0
Vasana Nigam,1,1,1
Vasana Prabhakar,1,1,0
Vasana Rajagopal,1,1,0
Vasana Rama,1,1,0
Vasana Ramaswamy,1,1,0
Vasana Ratti,1,1,0
Vasana Salvi,1,1,0
Vasana Sami,1,1,0
Vasana Sankaran,1,1,0
Vasana Savant,1,1,0
Vasana Sharma,1,1,0
Vasana Soni,1,1,0
Vasana Sridhar,1,1,0
Vasana Sule,1,1,1
Vasana Tara,1,1,0
Vasana Toor,1,1,0
Vasana Virk,1,1,0
Vasana Viswanathan,1,1,0
Vasana Walia,1,1,0
Vasatika Bakshi,1,1,0
Vasatika Bala,1,1,0
Vasatika Balay,1,1,0
Vasatika Bandi,1,1,0
Vasatika Barman,1,1,0
Vasatika Brar,1,1,0
Vasatika Chad,1,1,1
Vasatika Chadha,1,1,0
Vasatika Chand,1,1,0
Vasatika Chanda,1,1,0
Vasatika Chatterjee,1,1,0
Vasatika Comar,1,1,0
Vasatika Dasgupta,1,1,0
Vasatika Dhar,1,1,0
Vasatika Doshi,1,1,0
Vasatika Dutt,1,1,0
Vasatika Ganesh,1,1,0
Vasatika Garg,1,1,0
Vasatika Gupta,1,1,0
Vasatika Handa,1,1,0
Vasatika Kari,1,1,0
Vasatika Khurana,1,1,0
Vasatika Kohli,1,1,0
Vasatika Krish,1,1,0
Vasatika Kunda,1,1,0
Vasatika Kuruvilla,1,1,0
Vasatika Lalla,1,1,0
Vasatika Luthra,1,1,0
Vasatika Majumdar,1,1,0
Vasatika Mandal,1,1,0
Vasatika Minhas,1,1,0
Vasatika Morar,1,1,0
Vasatika Narang,1,1,0
Vasatika Narasimhan,1,1,0
Vasatika Nath,1,1,0
Vasatika Pandit,1,1,0
Vasatika Parekh,1,1,1
Vasatika Patla,1,1,0
Vasatika Peri,1,1,0
Vasatika Pingle,1,1,1
Vasatika Raj,1,1,1
Vasatika Ravi,1,1,0
Vasatika Rout,1,1,0
Vasatika Sachdeva,1,1,1
Vasatika Samra,1,1,0
Vasatika Saraf,1,1,0
Vasatika Sastry,1,1,0
Vasatika Saxena,1,1,0
Vasatika Sethi,1,1,0
Vasatika Shan,2,2,0
Vasatika Tailor,1,1,0
Vasatika Tella,1,1,0
Vasatika Thaker,1,1,0
Vasatika Varma,1,1,0
Vasudha Bal,1,1,1
Vasudha Banerjee,1,1,0
Vasudha Baria,1,1,0
Vasudha Bhalla,1,1,0
Vasudha Bobal,1,1,0
Vasudha Bose,1,1,0
Vasudha Chahal,1,1,0
Vasudha Chana,1,1,0
Vasudha Chaudhuri,1,1,0
Vasudha Cheema,1,1,0
Vasudha Dass,1,1,0
Vasudha Devi,1,1,0
Vasudha Dhingra,1,1,0
Vasudha Doctor,1,1,0
Vasudha Dua,1,1,0
Vasudha Guha,1,1,0
Vasudha Hari,1,1,0
Vasudha Kapur,1,1,0
Vasudha Karnik,1,1,1
Vasudha Kaur,1,1,0
Vasudha Keer,1,1,0
Vasudha Khanna,1,1,0
Vasudha Khurana,1,1,0
Vasudha Krish,1,1,0
Vasudha Kunda,1,1,0
Vasudha Loke,1,1,0
Vasudha Mall,1,1,0
Vasudha Mandal,1,1,0
Vasudha Mangat,1,1,0
Vasudha Mani,1,1,0
Vasudha Minhas,1,1,1
Vasudha More,1,1,0
Vasudha Natarajan,1,1,0
Vasudha Pillay,1,1,0
Vasudha Prabhu,1,1,0
Vasudha Rajan,1,1,0
Vasudha Roy,1,1,0
Vasudha Sachdeva,1,1,0
Vasudha Vaidya,1,1,0
Vasudha Verma,1,1,0
Vasudha Vig,1,1,0
Vasudha Wagle,1,1,0
Veda Apte,1,1,0
Veda Arya,2,2,0
Veda Banerjee,1,1,0
Veda Barman,2,2,0
Veda Behl,1,1,0
Veda Bhargava,1,1,0
Veda Chaudhari,1,1,0
Veda Chopra,1,1,0
Veda Das,1,1,0
Veda Dhar,1,1,0
Veda Goda,1,1,0
Veda Gulati,1,1,0
Veda Hegde,1,1,0
Veda Keer,1,1,0
Veda Kota,1,1,0
Veda Lalla,1,1,0
Veda Loke,1,1,0
Veda Luthra,1,1,0
Veda Memon,1,1,0
Veda Nazareth,1,1,0
Veda Pant,1,1,1
Veda Parmer,1,1,0
Veda Patla,1,1,0
Veda Ravel,1,1,0
Veda Roy,1,1,0
Veda Sabharwal,1,1,0
Veda Sachar,2,2,0
Veda Sahota,3,3,0
Veda Salvi,1,1,0
Veda Sampath,1,1,1
Veda Sastry,1,1,0
Veda Sekhon,1,1,0
Veda Sengupta,1,1,0
Veda Shenoy,1,1,0
Veda Shroff,1,1,0
Veda Sule,2,2,0
Veda Sura,1,1,1
Veda Swamy,1,1,0
Veda Tank,1,1,0
Veda Upadhyay,1,1,0
Veda Varty,1,1,0
Veda Verma,1,1,0
Veda Wali,1,1,0
Veda Yohannan,1,1,0
Veda Zachariah,1,1,0
Vedant Balan,1,1,0
Vedant Bhagat,1,1,0
Vedant Boase,1,1,0
Vedant Borde,1,1,0
Vedant Buch,2,2,0
Vedant Chandra,1,1,0
Vedant Dara,1,1,0
Vedant Dasgupta,1,1,0
Vedant Dutta,1,1,0
Vedant Gala,1,1,0
Vedant Goda,1,1,0
Vedant Gola,1,1,0
Vedant Gopal,1,1,0
Vedant Kamdar,1,1,0
Vedant Khare,1,1,0
Vedant Magar,1,1,0
Vedant Mall,1,1,0
Vedant Mitra,1,1,0
Vedant Mutti,1,1,0
Vedant Nagi,1,1,0
Vedant Narain,1,1,0
Vedant Narasimhan,1,1,0
Vedant Nori,1,1,0
Vedant Parmer,1,1,0
Vedant Pingle,1,1,0
Vedant Prakash,1,1,0
Vedant Raj,1,1,0
Vedant Ramakrishnan,1,1,1
Vedant Sengupta,1,1,0
Vedant Shanker,1,1,0
Vedant Shenoy,1,1,1
Vedant Tailor,1,1,0
Vedant Tandon,1,1,1
Vedant Thakkar,1,1,0
Vedhika Agarwal,1,1,0
Vedhika Andra,1,1,0
Vedhika Arora,1,1,0
Vedhika Bains,1,1,0
Vedhika Bajwa,1,1,0
Vedhika Balakrishnan,1,1,0
Vedhika Barman,1,1,0
Vedhika Bawa,1,1,0
Vedhika Bhatt,1,1,0
Vedhika Bhatti,1,1,0
Vedhika Bir,1,1,0
Vedhika Chacko,1,1,0
Vedhika Chada,1,1,0
Vedhika Chahal,2,2,1
Vedhika Chana,1,1,0
Vedhika Dave,1,1,0
Vedhika De,1,1,0
Vedhika Dewan,2,2,0
Vedhika Dua,1,1,0
Vedhika Dubey,1,1,0
Vedhika Golla,1,1,0
Vedhika Goswami,1,1,0
Vedhika Kari,1,1,0
Vedhika Kaul,1,1,0
Vedhika Khalsa,1,1,0
Vedhika Khurana,1,1,0
Vedhika Mane,1,1,0
Vedhika Mishra,1,1,0
Vedhika Mohanty,1,1,0
Vedhika Nagarajan,1,1,0
Vedhika Nori,1,1,0
Vedhika Pant,1,1,0
Vedhika Prakash,1,1,1
Vedhika Rajagopal,2,2,0
Vedhika Ramakrishnan,1,1,0
Vedhika Rege,1,1,0
Vedhika Sane,1,1,0
Vedhika Sarkar,1,1,0
Vedhika Savant,1,1,0
Vedhika Sawhney,1,1,0
Vedhika Shah,1,1,0
Vedhika Shenoy,1,1,0
Vedhika Sibal,1,1,0
Vedhika Sinha,1,1,0
Vedhika Sule,1,1,0
Vedhika Tailor,1,1,1
Vedhika Thakkar,1,1,0
Vedhika Varghese,1,1,0
Vedhika Yadav,1,1,0
Vedika Arya,1,1,0
Vedika Bal,1,1,0
Vedika Baria,1,1,0
Vedika Bhalla,1,1,0
Vedika Bhavsar,1,1,0
Vedika Bobal,1,1,0
Vedika Borde,1,1,0
Vedika Chandran,1,1,0
Vedika Chaudry,1,1,0
Vedika Comar,1,1,0
Vedika Dasgupta,1,1,0
Vedika Dayal,1,1,0
Vedika Deep,1,1,0
Vedika Din,1,1,1
Vedika Grover,1,1,0
Vedika Hayer,1,1,0
Vedika Kara,1,1,0
Vedika Karnik,1,1,0
Vedika Karpe,1,1,0
Vedika Kashyap,1,1,0
Vedika Kumar,1,1,0
Vedika Lall,1,1,0
Vedika Maharaj,2,2,0
Vedika Mammen,1,1,0
Vedika Nagarajan,1,1,0
Vedika Nayar,2,2,0
Vedika Pal,2,2,0
Vedika Palla,1,1,0
Vedika Puri,1,1,0
Vedika Raju,1,1,0
Vedika Sagar,1,1,0
Vedika Samra,1,1,0
Vedika Sarkar,1,1,0
Vedika Sekhon,1,1,0
Vedika Shah,1,1,0
Vedika Sheth,1,1,1
Vedika Srinivasan,1,1,0
Vedika Sundaram,1,1,0
Vedika Sur,1,1,0
Vedika Suri,2,2,0
Vedika Tiwari,1,1,0
Vedika Tripathi,1,1,0
Veer Bala,1,1,0
Veer Barman,1,1,0
Veer Chand,1,1,0
Veer Chaudhary,1,1,0
Veer Chaudry,1,1,1
Veer Dass,1,1,0
Veer Date,1,1,1
Veer Din,1,1,1
Veer Edwin,1,1,0
Veer Ganesh,1,1,0
Veer Goda,1,1,0
Veer Gopal,1,1,0
Veer Issac,1,1,0
Veer Iyengar,1,1,0
Veer Kadakia,1,1,0
Veer Kakar,1,1,0
Veer Kala,1,1,0
Veer Kurian,1,1,0
Veer Loyal,1,1,0
Veer Mane,1,1,0
Veer Mani,1,1,0
Veer Misra,1,1,0
Veer Mittal,1,1,0
Veer Modi,1,1,0
Veer Nagi,1,1,0
Veer Narayanan,1,1,0
Veer Narula,1,1,0
Veer Nigam,1,1,1
Veer Palla,1,1,0
Veer Patel,1,1,0
Veer Pillay,1,1,0
Veer Rajan,1,1,0
Veer Reddy,1,1,0
Veer Rege,1,1,0
Veer Sachdev,1,1,0
Veer Sachdeva,1,1,0
Veer Sem,1,1,0
Veer Shankar,1,1,0
Veer Subramaniam,1,1,0
Veer Swamy,1,1,0
Veer Tata,1,1,1
Veer Vasa,1,1,0
Veer Virk,1,1,0
Veer Wali,1,1,0
Victor Arora,1,1,0
Victor Bali,2,2,0
Victor Baral,2,2,0
Victor Batta,1,1,0
Victor Bhat,1,1,0
Victor Boase,1,1,0
Victor Chandra,1,1,0
Victor Dada,1,1,0
Victor Dalal,1,1,0
Victor Dara,1,1,0
Victor Dayal,1,1,0
Victor Dewan,1,1,0
Victor Dugal,1,1,0
Victor D’Alia,1,1,0
Victor Hegde,1,1,0
Victor Kade,1,1,0
Victor Kalla,1,1,0
Victor Kari,1,1,1
Victor Kuruvilla,1,1,0
Victor Lala,1,1,0
Victor Lalla,1,1,0
Victor Mandal,1,1,0
Victor Memon,1,1,0
Victor Mital,1,1,0
Victor Mittal,1,1,1
Victor Modi,1,1,0
Victor Nanda,1,1,0
Victor Narang,1,1,0
Victor Narula,1,1,0
Victor Nayak,1,1,0
Victor Nazareth,1,1,0
Victor Nigam,1,1,1
Victor Om,1,1,0
Victor Purohit,1,1,0
Victor Raju,1,1,0
Victor Ramaswamy,1,1,0
Victor Rege,1,1,0
Victor Rout,1,1,0
Victor Sanghvi,1,1,0
Victor Sarma,1,1,0
Victor Sastry,1,1,0
Victor Sem,1,1,0
Victor Sengupta,1,1,0
Victor Shankar,1,1,0
Victor Sharma,1,1,0
Victor Sunder,1,1,0
Victor Swaminathan,1,1,0
Victor Taneja,1,1,0
Victor Varty,1,1,0
Victor Virk,1,1,0
Vidhi Agrawal,1,1,0
Vidhi Atwal,1,1,0
Vidhi Badami,1,1,0
Vidhi Bajaj,1,1,0
Vidhi Bal,1,1,0
Vidhi Balakrishnan,1,1,0
Vidhi Bansal,1,1,0
Vidhi Barman,1,1,0
Vidhi Borde,1,1,0
Vidhi Bose,1,1,1
Vidhi Brar,1,1,0
Vidhi Chaudhuri,1,1,0
Vidhi Choudhary,1,1,0
Vidhi Dalal,1,1,0
Vidhi Dasgupta,1,1,0
Vidhi De,1,1,0
Vidhi Deol,2,2,0
Vidhi Dugar,1,1,0
Vidhi Gade,1,1,0
Vidhi Garde,1,1,0
Vidhi Goswami,1,1,0
Vidhi Jha,1,1,0
Vidhi Kakar,1,1,0
Vidhi Kapoor,1,1,0
Vidhi Keer,1,1,0
Vidhi Khare,1,1,0
Vidhi Kumer,1,1,0
Vidhi Madan,1,1,0
Vidhi Manda,1,1,0
Vidhi Minhas,1,1,0
Vidhi More,1,1,0
Vidhi Murthy,1,1,0
Vidhi Nayak,1,1,0
Vidhi Nayar,2,2,0
Vidhi Prabhakar,1,1,0
Vidhi Rau,1,1,0
Vidhi Sabharwal,1,1,0
Vidhi Sagar,1,1,0
Vidhi Sant,1,1,0
Vidhi Sem,1,1,0
Vidhi Sinha,2,2,0
Vidhi Srinivas,1,1,0
Vidhi Talwar,1,1,0
Vidhi Vaidya,1,1,1
Vidhi Vasa,1,1,0
Vihaan Anand,1,1,0
Vihaan Basak,1,1,0
Vihaan Bawa,1,1,1
Vihaan Bhagat,1,1,0
Vihaan Bhatnagar,1,1,0
Vihaan Brahmbhatt,1,1,0
Vihaan Chatterjee,1,1,0
Vihaan Dash,1,1,0
Vihaan Deol,1,1,0
Vihaan Garde,1,1,0
Vihaan Gour,1,1,1
Vihaan Grewal,1,1,0
Vihaan Kamdar,1,1,0
Vihaan Kannan,1,1,0
Vihaan Khurana,1,1,0
Vihaan Krishna,1,1,0
Vihaan Luthra,1,1,0
Vihaan Mahajan,1,1,0
Vihaan Mahal,1,1,0
Vihaan Maharaj,1,1,0
Vihaan Mittal,1,1,0
Vihaan Mody,1,1,1
Vihaan Mohanty,1,1,0
Vihaan Mutti,1,1,0
Vihaan Nagar,1,1,0
Vihaan Nagy,1,1,0
Vihaan Nayar,1,1,0
Vihaan Pai,1,1,0
Vihaan Pau,1,1,0
Vihaan Peri,1,1,0
Vihaan Pradhan,1,1,0
Vihaan Ranganathan,1,1,0
Vihaan Rastogi,1,1,0
Vihaan Sachar,1,1,0
Vihaan Sahota,1,1,0
Vihaan Saini,1,1,0
Vihaan Sha,1,1,0
Vihaan Srivastava,1,1,0
Vihaan Venkatesh,1,1,0
Vihaan Vora,1,1,0
Vihaan Wagle,1,1,0
Vinaya Bail,1,1,0
Vinaya Bava,1,1,0
Vinaya Bhargava,1,1,0
Vinaya Borah,1,1,0
Vinaya Chawla,2,2,0
Vinaya Dalal,1,1,1
Vinaya Dewan,1,1,0
Vinaya Dhawan,1,1,0
Vinaya Dugal,1,1,0
Vinaya Gole,1,1,1
Vinaya Iyer,1,1,0
Vinaya Jaggi,1,1,0
Vinaya Kanda,1,1,0
Vinaya Khare,1,1,0
Vinaya Kohli,1,1,0
Vinaya Korpal,1,1,0
Vinaya Lall,1,1,0
Vinaya Lalla,1,1,0
Vinaya Loyal,1,1,0
Vinaya Mallick,1,1,0
Vinaya Mander,1,1,1
Vinaya Merchant,1,1,0
Vinaya Mukhopadhyay,2,2,0
Vinaya Nagy,1,1,0
Vinaya Narasimhan,1,1,0
Vinaya Natarajan,1,1,0
Vinaya Nath,2,2,0
Vinaya Parekh,1,1,0
Vinaya Rajan,1,1,0
Vinaya Raman,1,1,0
Vinaya Reddy,1,1,0
Vinaya Sahni,1,1,0
Vinaya Sandal,1,1,0
Vinaya Sanghvi,1,1,0
Vinaya Sarna,1,1,0
Vinaya Sarraf,1,1,0
Vinaya Sastry,1,1,1
Vinaya Sathe,1,1,0
Vinaya Saxena,1,1,0
Vinaya Sen,1,1,0
Vinaya Setty,1,1,0
Vinaya Shanker,1,1,0
Vinaya Varughese,1,1,0
Vinaya Warrior,1,1,1
Vincent Aurora,1,1,0
Vincent Babu,1,1,0
Vincent Batta,1,1,0
Vincent Bawa,1,1,0
Vincent Bhat,1,1,0
Vincent Chakrabarti,1,1,0
Vincent Chandran,1,1,0
Vincent Chaudhuri,1,1,0
Vincent Choudhury,1,1,0
Vincent Comar,1,1,0
Vincent Dani,1,1,0
Vincent Date,1,1,0
Vincent Doshi,1,1,0
Vincent Dugar,1,1,0
Vincent Gala,1,1,0
Vincent Ganesh,1,1,0
Vincent Goyal,1,1,0
Vincent Khanna,1,1,0
Vincent Koshy,1,1,0
Vincent Kothari,1,1,0
Vincent Lall,1,1,0
Vincent Manne,1,1,0
Vincent Mody,1,1,0
Vincent Naidu,1,1,0
Vincent Narain,1,1,0
Vincent Oza,1,1,0
Vincent Padmanabhan,1,1,0
Vincent Pai,1,1,0
Vincent Pandit,1,1,0
Vincent Pant,1,1,0
Vincent Pau,1,1,0
Vincent Rout,1,1,0
Vincent Sagar,1,1,0
Vincent Soni,1,1,0
Vincent Tandon,1,1,0
Vincent Thakur,1,1,0
Vincent Wadhwa,1,1,1
Vincent Walia,1,1,0
Viraj Agrawal,1,1,0
Viraj Arora,1,1,1
Viraj Bala,1,1,0
Viraj Baria,1,1,0
Viraj Cheema,1,1,0
Viraj Cherian,1,1,0
Viraj Contractor,1,1,0
Viraj Dayal,1,1,0
Viraj Dhaliwal,1,1,0
Viraj Doshi,1,1,0
Viraj Gade,1,1,0
Viraj Gara,1,1,0
Viraj Gera,1,1,0
Viraj Gulati,1,1,0
Viraj Hayre,1,1,0
Viraj Johal,1,1,0
Viraj Kara,1,1,0
Viraj Keer,1,1,0
Viraj Khare,1,1,0
Viraj Khurana,1,1,0
Viraj Krish,1,1,0
Viraj Mammen,1,1,0
Viraj Mangat,1,1,0
Viraj Menon,1,1,0
Viraj Misra,1,1,0
Viraj Mitra,1,1,0
Viraj Mitter,1,1,0
Viraj Mohan,1,1,0
Viraj Nanda,1,1,0
Viraj Narain,1,1,0
Viraj Narayan,1,1,0
Viraj Pandit,1,1,0
Viraj Sachar,1,1,0
Viraj Sandhu,2,2,0
Viraj Sanghvi,1,1,0
Viraj Sathe,1,1,1
Viraj Sen,1,1,0
Viraj Shere,1,1,0
Viraj Sood,1,1,0
Viraj Srinivasan,1,1,0
Viraj Subramaniam,1,1,0
Viraj Subramanian,1,1,0
Viraj Sunder,1,1,0
Viraj Tara,1,1,0
Viraj Uppal,1,1,0
Vivaan Ahluwalia,1,1,0
Vivaan Badal,1,1,0
Vivaan Bava,1,1,0
Vivaan Bhalla,1,1,0
Vivaan Borde,1,1,0
Vivaan Borra,1,1,0
Vivaan Brar,1,1,0
Vivaan Chadha,1,1,1
Vivaan Chakrabarti,1,1,0
Vivaan Chaudhry,1,1,0
Vivaan Chaudry,1,1,0
Vivaan Das,1,1,0
Vivaan Dhar,1,1,0
Vivaan Gaba,1,1,0
Vivaan Guha,1,1,1
Vivaan Hayre,1,1,0
Vivaan Jaggi,1,1,0
Vivaan Johal,1,1,0
Vivaan Kala,1,1,0
Vivaan Karpe,1,1,0
Vivaan Kohli,1,1,0
Vivaan Kothari,1,1,0
Vivaan Lanka,1,1,0
Vivaan Malhotra,1,1,0
Vivaan Mital,1,1,0
Vivaan Morar,1,1,0
Vivaan Munshi,1,1,0
Vivaan Naidu,1,1,0
Vivaan Naik,1,1,0
Vivaan Nanda,2,2,0
Vivaan Nath,1,1,0
Vivaan Nori,1,1,0
Vivaan Palan,1,1,0
Vivaan Palla,1,1,0
Vivaan Pandya,1,1,0
Vivaan Prabhu,2,2,0
Vivaan Rama,1,1,1
Vivaan Rastogi,1,1,0
Vivaan Reddy,1,1,0
Vivaan Sabharwal,1,1,1
Vivaan Sahota,1,1,1
Vivaan Sampath,1,1,0
Vivaan Sarin,1,1,0
Vivaan Singhal,1,1,0
Vivaan Swamy,1,1,0
Vivaan Thakkar,1,1,0
Vivaan Wadhwa,1,1,0
Vrinda Agate,1,1,0
Vrinda Bakshi,1,1,0
Vrinda Bhasin,1,1,0
Vrinda Bhattacharyya,1,1,0
Vrinda Chad,1,1,0
Vrinda Chaudry,1,1,0
Vrinda Chokshi,2,2,0
Vrinda Dasgupta,1,1,0
Vrinda Deep,1,1,0
Vrinda Dugar,1,1,0
Vrinda Gara,1,1,0
Vrinda Goda,1,1,0
Vrinda Hora,1,1,0
Vrinda Kamdar,1,1,0
Vrinda Khare,1,1,0
Vrinda Koshy,1,1,0
Vrinda Krishnan,1,1,0
Vrinda Mani,1,1,0
Vrinda Merchant,1,1,0
Vrinda Naik,1,1,0
Vrinda Nair,2,2,0
Vrinda Natarajan,1,1,0
Vrinda Natt,1,1,0
Vrinda Parikh,1,1,0
Vrinda Pathak,1,1,0
Vrinda Pradhan,1,1,0
Vrinda Prashad,1,1,1
Vrinda Purohit,1,1,0
Vrinda Ramanathan,1,1,0
Vrinda Raval,1,1,0
Vrinda Ravi,1,1,0
Vrinda Sant,2,2,0
Vrinda Seshadri,1,1,1
Vrinda Shetty,1,1,1
Vrinda Shukla,1,1,1
Vrinda Solanki,1,1,0
Vrinda Sundaram,1,1,0
Vrinda Tella,1,1,0
Vrinda Warrior,1,1,0
Vrinda Yogi,1,1,0
Vrinda Yohannan,1,1,0
Vrishti Andra,1,1,0
Vrishti Bal,2,2,0
Vrishti Batra,1,1,0
Vrishti Bhakta,1,1,1
Vrishti Boase,1,1,0
Vrishti Borah,1,1,0
Vrishti Butala,1,1,0
Vrishti Das,1,1,0
Vrishti Deshmukh,2,2,0
Vrishti Dewan,1,1,0
Vrishti Gandhi,1,1,0
Vrishti Gokhale,1,1,0
Vrishti Gopal,1,1,0
Vrishti Grewal,1,1,0
Vrishti Handa,1,1,0
Vrishti Kumar,1,1,0
Vrishti Lad,1,1,0
Vrishti Lanka,1,1,0
Vrishti Memon,1,1,0
Vrishti Menon,1,1,0
Vrishti Mitter,1,1,0
Vrishti Murty,1,1,1
Vrishti Nanda,1,1,0
Vrishti Oak,1,1,1
Vrishti Pai,1,1,0
Vrishti Parsa,1,1,0
Vrishti Patel,1,1,0
Vrishti Pillay,1,1,0
Vrishti Puri,1,1,0
Vrishti Purohit,1,1,0
Vrishti Rai,1,1,1
Vrishti Rama,1,1,0
Vrishti Ramachandran,1,1,0
Vrishti Rana,1,1,0
Vrishti Raval,1,1,0
Vrishti Ravel,1,1,0
Vrishti Ray,1,1,0
Vrishti Salvi,1,1,0
Vrishti Sama,1,1,0
Vrishti Savant,1,1,0
Vrishti Sengupta,1,1,0
Vrishti Seth,1,1,0
Vrishti Shah,3,3,0
Vrishti Shan,1,1,0
Vrishti Sibal,1,1,0
Vrishti Subramanian,1,1,0
Vrishti Talwar,1,1,0
Vrishti Tandon,1,1,0
Vrishti Tiwari,1,1,0
Vrishti Upadhyay,1,1,0
Vrishti Varughese,1,1,0
Vrishti Verma,1,1,0
Vrishti Zachariah,1,1,0
Vritti Agrawal,1,1,0
Vritti Arora,1,1,0
Vritti Balasubramanian,1,1,0
Vritti Barman,1,1,0
Vritti Bedi,1,1,0
Vritti Chana,1,1,0
Vritti Chaudhari,1,1,0
Vritti Dass,1,1,1
Vritti Dua,1,1,0
Vritti Dube,1,1,0
Vritti Dugal,1,1,0
Vritti Dyal,1,1,0
Vritti Jha,1,1,1
Vritti Kapadia,1,1,0
Vritti Krishnan,1,1,1
Vritti Mittal,1,1,0
Vritti Mody,1,1,0
Vritti Murthy,1,1,0
Vritti Narang,1,1,0
Vritti Narayanan,1,1,0
Vritti Peri,1,1,1
Vritti Pillai,1,1,0
Vritti Raj,1,1,0
Vritti Rama,1,1,0
Vritti Randhawa,1,1,0
Vritti Ranganathan,1,1,1
Vritti Ray,1,1,0
Vritti Sabharwal,1,1,0
Vritti Sandal,1,1,0
Vritti Sandhu,1,1,0
Vritti Sangha,1,1,0
Vritti Saxena,1,1,0
Vritti Solanki,1,1,0
Vritti Sood,1,1,0
Vritti Tailor,1,1,0
Vritti Tara,1,1,0
Vritti Tata,1,1,0
Vritti Tripathi,2,2,0
Vritti Venkataraman,1,1,0
Vritti Wali,1,1,0
Vyanjana Agate,1,1,0
Vyanjana Arora,1,1,0
Vyanjana Badami,1,1,0
Vyanjana Bajwa,1,1,2
Vyanjana Baral,1,1,0
Vyanjana Batra,2,2,0
Vyanjana Biswas,1,1,0
Vyanjana Chad,1,1,0
Vyanjana Chandra,1,1,0
Vyanjana Dara,2,2,0
Vyanjana Deol,1,1,0
Vyanjana Din,1,1,0
Vyanjana Dubey,1,1,0
Vyanjana Gandhi,1,1,0
Vyanjana Goel,1,1,0
Vyanjana Golla,1,1,0
Vyanjana Gupta,1,1,0
Vyanjana Issac,1,1,0
Vyanjana Jain,1,1,0
Vyanjana Kala,1,1,0
Vyanjana Kota,1,1,0
Vyanjana Magar,1,1,0
Vyanjana Mandal,1,1,0
Vyanjana Minhas,1,1,0
Vyanjana Murthy,1,1,0
Vyanjana Narayan,1,1,0
Vyanjana Pall,1,1,0
Vyanjana Palla,1,1,0
Vyanjana Pathak,1,1,0
Vyanjana Pingle,1,1,0
Vyanjana Pradhan,1,1,0
Vyanjana Rajagopalan,1,1,0
Vyanjana Sami,1,1,0
Vyanjana Shah,1,1,0
Vyanjana Shenoy,1,1,0
Vyanjana Sibal,1,1,0
Vyanjana Suresh,1,1,0
Vyanjana Varghese,1,1,0
Wahab Bakshi,1,1,0
Wahab Bandi,1,1,0
Wahab Bava,1,1,0
Wahab Borra,1,1,0
Wahab Choudhary,1,1,0
Wahab Dash,1,1,0
Wahab Dass,1,1,0
Wahab Dugal,1,1,0
Wahab Ganesh,1,1,0
Wahab Gera,1,1,0
Wahab Gola,1,1,0
Wahab Kade,1,1,0
Wahab Kala,1,1,1
Wahab Kaul,1,1,0
Wahab Khalsa,1,1,1
Wahab Khurana,1,1,0
Wahab Konda,1,1,0
Wahab Kulkarni,1,1,0
Wahab Kunda,2,2,0
Wahab Loke,1,1,1
Wahab Magar,1,1,0
Wahab Mistry,1,1,0
Wahab Mohan,1,1,0
Wahab Muni,1,1,1
Wahab Narain,1,1,0
Wahab Natt,1,1,0
Wahab Palan,1,1,0
Wahab Pandey,1,1,0
Wahab Parikh,1,1,0
Wahab Pathak,1,1,0
Wahab Purohit,1,1,0
Wahab Sachdeva,1,1,0
Wahab Samra,1,1,0
Wahab Sodhi,1,1,0
Wahab Srinivas,2,2,0
Wahab Thaker,1,1,0
Wahab Tripathi,1,1,0
Wahab Viswanathan,1,1,1
Wahab Walla,1,1,0
Waida Acharya,1,1,0
Waida Anand,1,1,0
Waida Aurora,1,1,0
Waida Badal,1,1,0
Waida Bains,1,1,0
Waida Bali,1,1,0
Waida Barad,1,1,1
Waida Bath,1,1,0
Waida Bhalla,1,1,0
Waida Bhat,1,1,0
Waida Boase,1,1,0
Waida Bumb,1,1,0
Waida Chad,1,1,0
Waida Choudhary,1,1,0
Waida Dani,1,1,0
Waida Dasgupta,1,1,0
Waida Deol,1,1,0
Waida Desai,1,1,1
Waida Dora,1,1,0
Waida Gaba,1,1,0
Waida Gandhi,1,1,0
Waida Goda,1,1,0
Waida Hari,1,1,0
Waida Hora,1,1,0
Waida Jhaveri,1,1,0
Waida Kanda,1,1,0
Waida Kari,1,1,0
Waida Kaul,1,1,0
Waida Keer,1,1,1
Waida Krish,1,1,0
Waida Krishnamurthy,1,1,0
Waida Loke,1,1,0
Waida Magar,1,1,0
Waida Misra,1,1,0
Waida Mohanty,1,1,0
Waida Oommen,1,1,0
Waida Pandey,1,1,0
Waida Parikh,1,1,0
Waida Prasad,1,1,0
Waida Prashad,1,1,0
Waida Rajan,1,1,0
Waida Sahota,2,2,0
Waida Sankar,1,1,0
Waida Saraf,1,1,0
Waida Saxena,1,1,0
Waida Sehgal,1,1,1
Waida Sharaf,1,1,0
Waida Shukla,1,1,0
Waida Singh,1,1,0
Waida Sinha,1,1,0
Waida Sood,1,1,1
Waida Subramanian,1,1,0
Waida Talwar,1,1,0
Waida Yadav,1,1,0
Waida Zacharia,1,1,0
Waida Zachariah,1,1,0
Wakeeta Badal,1,1,1
Wakeeta Bail,1,1,0
Wakeeta Bala,1,1,0
Wakeeta Banerjee,1,1,0
Wakeeta Bora,1,1,0
Wakeeta Borah,1,1,0
Wakeeta Borra,1,1,0
Wakeeta Chad,1,1,0
Wakeeta Dara,1,1,0
Wakeeta Das,1,1,0
Wakeeta Deshmukh,2,2,0
Wakeeta Devan,2,2,0
Wakeeta Dewan,1,1,0
Wakeeta Dey,1,1,0
Wakeeta Din,2,2,0
Wakeeta Dube,1,1,1
Wakeeta Hans,1,1,0
Wakeeta Kari,1,1,0
Wakeeta Kaul,2,2,0
Wakeeta Khalsa,1,1,0
Wakeeta Konda,1,1,0
Wakeeta Loke,1,1,0
Wakeeta Madan,1,1,1
Wakeeta Majumdar,1,1,0
Wakeeta Memon,1,1,0
Wakeeta Mohan,1,1,0
Wakeeta Nayar,1,1,0
Wakeeta Nigam,1,1,0
Wakeeta Oak,1,1,0
Wakeeta Parikh,1,1,0
Wakeeta Pingle,1,1,0
Wakeeta Radhakrishnan,1,1,0
Wakeeta Raja,1,1,0
Wakeeta Rana,1,1,0
Wakeeta Randhawa,1,1,0
Wakeeta Rao,1,1,0
Wakeeta Ravel,2,2,1
Wakeeta Rout,1,1,0
Wakeeta Sachar,2,2,0
Wakeeta Sachdeva,1,1,0
Wakeeta Sami,1,1,0
Wakeeta Sampath,1,1,0
Wakeeta Samra,1,1,0
Wakeeta Sankaran,1,1,0
Wakeeta Sarna,1,1,1
Wakeeta Savant,1,1,0
Wakeeta Shah,1,1,0
Wakeeta Shetty,1,1,0
Wakeeta Sidhu,1,1,0
Wakeeta Tandon,1,1,0
Wakeeta Tata,1,1,0
Wakeeta Yogi,1,1,0
Warda Acharya,1,1,0
Warda Anne,1,1,0
Warda Barman,1,1,1
Warda Batra,1,1,0
Warda Bawa,1,1,0
Warda Brar,1,1,0
Warda Chakrabarti,1,1,0
Warda Dass,1,1,0
Warda Date,2,2,0
Warda Deol,1,1,1
Warda Dhillon,1,1,0
Warda Edwin,1,1,0
Warda Joshi,1,1,0
Warda Kaur,1,1,1
Warda Khanna,1,1,0
Warda Khare,1,1,0
Warda Kumar,1,1,0
Warda Lad,1,1,0
Warda Mane,1,1,1
Warda Mannan,1,1,0
Warda Merchant,1,1,0
Warda Mistry,1,1,0
Warda Nagy,1,1,0
Warda Narasimhan,1,1,0
Warda Palla,1,1,0
Warda Patil,1,1,0
Warda Patla,1,1,0
Warda Rajagopalan,1,1,0
Warda Ramaswamy,1,1,0
Warda Ranganathan,1,1,1
Warda Ratta,1,1,0
Warda Roy,1,1,0
Warda Sahni,1,1,0
Warda Sani,1,1,0
Warda Sarna,1,1,0
Warda Shah,1,1,0
Warda Singhal,1,1,0
Warda Soni,1,1,0
Warda Srinivas,1,1,0
Warda Swamy,1,1,0
Warda Tandon,1,1,1
Warda Thaker,1,1,0
Warda Thaman,1,1,0
Warda Vala,1,1,0
Warda Varghese,1,1,0
Warda Varughese,1,1,0
Warda Verma,2,2,0
Warda Vohra,1,1,0
Warda Wali,1,1,0
Warda Yogi,1,1,0
Warhi Barad,1,1,0
Warhi Batta,1,1,0
Warhi Bhagat,1,1,0
Warhi Bhatt,1,1,0
Warhi Butala,1,1,0
Warhi Chada,1,1,0
Warhi Contractor,1,1,0
Warhi Dani,1,1,0
Warhi Din,1,1,1
Warhi Dugar,2,2,0
Warhi Gaba,1,1,0
Warhi Gill,1,1,0
Warhi Grewal,1,1,0
Warhi Gulati,1,1,0
Warhi Hans,2,2,0
Warhi Kade,1,1,0
Warhi Kalla,1,1,0
Warhi Karpe,1,1,0
Warhi Kashyap,1,1,0
Warhi Khare,1,1,0
Warhi Kohli,1,1,1
Warhi Kothari,1,1,0
Warhi Kurian,1,1,0
Warhi Lata,1,1,0
Warhi Majumdar,1,1,0
Warhi Mall,1,1,0
Warhi Mohan,1,1,1
Warhi Muni,1,1,0
Warhi Narasimhan,1,1,0
Warhi Narula,1,1,1
Warhi Nayak,1,1,0
Warhi Pai,1,1,0
Warhi Prabhakar,2,2,0
Warhi Prashad,1,1,0
Warhi Raghavan,1,1,0
Warhi Raja,1,1,0
Warhi Ramanathan,1,1,1
Warhi Sane,1,1,0
Warhi Sangha,1,1,0
Warhi Sani,1,1,0
Warhi Sarin,1,1,0
Warhi Sinha,1,1,0
Warhi Soni,1,1,0
Warhi Srinivasan,1,1,0
Warhi Sur,1,1,0
Warhi Tailor,1,1,0
Warhi Thakkar,1,1,0
Warhi Varughese,1,1,0
Warinder Apte,1,1,0
Warinder Aurora,2,2,0
Warinder Bahri,1,1,0
Warinder Bala,1,1,0
Warinder Bera,1,1,0
Warinder Bhargava,1,1,0
Warinder Bumb,1,1,0
Warinder Chakraborty,1,1,0
Warinder Chander,1,1,0
Warinder Chaudhari,1,1,0
Warinder Chaudhuri,1,1,0
Warinder Choudhry,1,1,0
Warinder Dhar,1,1,0
Warinder Gera,1,1,0
Warinder Ghosh,1,1,0
Warinder Goel,1,1,0
Warinder Jhaveri,1,1,0
Warinder Kalita,1,1,0
Warinder Koshy,1,1,0
Warinder Kunda,1,1,0
Warinder Madan,1,1,0
Warinder Maharaj,1,1,0
Warinder Mangal,1,1,0
Warinder Mangat,1,1,0
Warinder Mani,1,1,0
Warinder Merchant,1,1,0
Warinder Murthy,1,1,0
Warinder Narayanan,1,1,0
Warinder Oommen,1,1,0
Warinder Palla,1,1,0
Warinder Panchal,1,1,0
Warinder Pandit,1,1,0
Warinder Pant,1,1,0
Warinder Prashad,1,1,0
Warinder Raja,1,1,0
Warinder Raman,1,1,0
Warinder Rastogi,1,1,0
Warinder Ray,1,1,0
Warinder Saini,1,1,0
Warinder Sarna,1,1,0
Warinder Sathe,1,1,0
Warinder Setty,1,1,0
Warinder Sur,1,1,0
Warinder Thakur,1,1,0
Warinder Trivedi,1,1,0
Warinder Vala,1,1,0
Warinder Venkatesh,1,1,0
Warinder Wadhwa,1,1,0
Warjas Bajaj,1,1,0
Warjas Behl,1,1,1
Warjas Bhagat,1,1,0
Warjas Bhandari,1,1,0
Warjas Chacko,1,1,0
Warjas Dara,1,1,0
Warjas Dasgupta,1,1,0
Warjas Dugar,1,1,0
Warjas Grewal,1,1,0
Warjas Grover,1,1,0
Warjas Jhaveri,1,1,0
Warjas Kamdar,1,1,0
Warjas Kaur,1,1,0
Warjas Khanna,1,1,0
Warjas Malhotra,1,1,0
Warjas Mistry,1,1,0
Warjas Narayanan,1,1,0
Warjas Pal,2,2,0
Warjas Puri,1,1,1
Warjas Raju,1,1,0
Warjas Randhawa,1,1,0
Warjas Rao,1,1,0
Warjas Rattan,1,1,0
Warjas Sachdev,2,2,0
Warjas Samra,1,1,0
Warjas Sandhu,1,1,0
Warjas Sarkar,1,1,0
Warjas Sathe,1,1,0
Warjas Tiwari,1,1,0
Warjas Varghese,1,1,0
Warjas Vohra,1,1,0
Watika Agarwal,2,2,0
Watika Agate,1,1,0
Watika Aggarwal,1,1,0
Watika Bakshi,1,1,1
Watika Bawa,1,1,0
Watika Ben,1,1,0
Watika Bhalla,1,1,0
Watika Borah,1,1,0
Watika Bose,1,1,1
Watika Chandran,1,1,0
Watika Chatterjee,1,1,0
Watika Chopra,1,1,1
Watika Comar,1,1,1
Watika Dasgupta,1,1,0
Watika Dhawan,1,1,0
Watika Divan,1,1,0
Watika Gole,1,1,0
Watika Grewal,1,1,0
Watika Guha,1,1,0
Watika Hayer,1,1,0
Watika Kala,1,1,0
Watika Khanna,1,1,0
Watika Kuruvilla,1,1,0
Watika Lad,1,1,0
Watika Lala,1,1,0
Watika Mammen,1,1,0
Watika Mane,1,1,0
Watika Mitra,1,1,0
Watika Narain,1,1,0
Watika Narula,1,1,1
Watika Palla,1,1,0
Watika Radhakrishnan,1,1,0
Watika Rajagopal,1,1,0
Watika Ramesh,1,1,0
Watika Rattan,2,2,0
Watika Rege,1,1,0
Watika Sahota,1,1,0
Watika Sampath,2,2,0
Watika Sem,1,1,0
Watika Sharaf,1,1,0
Watika Singh,1,1,0
Watika Srinivasan,1,1,0
Watika Tripathi,1,1,0
Watika Upadhyay,1,1,0
Watika Venkatesh,1,1,0
Watika Vyas,1,1,0
Watika Walla,1,1,0
Watika Zachariah,1,1,0
Wazir Ahluwalia,1,1,0
Wazir Badal,1,1,1
Wazir Bail,1,1,0
Wazir Bala,1,1,0
Wazir Balan,1,1,0
Wazir Baria,1,1,0
Wazir Bhardwaj,1,1,0
Wazir Bhatnagar,1,1,0
Wazir Bhatti,1,1,0
Wazir Biswas,2,2,0
Wazir Bora,1,1,0
Wazir Chand,1,1,0
Wazir Chowdhury,1,1,0
Wazir Dara,1,1,0
Wazir Dave,1,1,0
Wazir Dayal,2,2,0
Wazir Dey,1,1,0
Wazir Gade,1,1,0
Wazir Ganesan,1,1,0
Wazir Gopal,1,1,0
Wazir Hora,1,1,0
Wazir Jain,1,1,0
Wazir Jayaraman,1,1,0
Wazir Kant,1,1,0
Wazir Khatri,1,1,0
Wazir Kuruvilla,1,1,1
Wazir Lalla,1,1,0
Wazir Magar,1,1,0
Wazir Mall,1,1,0
Wazir Mallick,1,1,1
Wazir More,1,1,0
Wazir Nagy,1,1,0
Wazir Natarajan,1,1,0
Wazir Nayar,1,1,0
Wazir Nigam,1,1,0
Wazir Palla,2,2,0
Wazir Parikh,1,1,0
Wazir Parmer,1,1,0
Wazir Patil,1,1,0
Wazir Patla,1,1,0
Wazir Pau,1,1,0
Wazir Prabhakar,1,1,0
Wazir Prabhu,1,1,0
Wazir Radhakrishnan,1,1,0
Wazir Ramesh,1,1,0
Wazir Roy,1,1,0
Wazir Sastry,1,1,0
Wazir Sinha,1,1,0
Wazir Solanki,1,1,1
Wazir Soman,1,1,0
Wazir Soni,1,1,0
Wazir Subramaniam,1,1,0
Wazir Sura,1,1,0
Wazir Taneja,1,1,0
Wazir Tata,1,1,0
Wazir Walia,1,1,0
Widisha Anne,1,1,0
Widisha Bahl,1,1,1
Widisha Bains,1,1,0
Widisha Bajwa,2,2,1
Widisha Bala,1,1,0
Widisha Bassi,1,1,0
Widisha Batta,1,1,0
Widisha Bhardwaj,1,1,0
Widisha Boase,1,1,0
Widisha Bobal,1,1,0
Widisha Chahal,1,1,0
Widisha Chhabra,1,1,0
Widisha Deep,1,1,0
Widisha Dhar,2,2,0
Widisha Divan,1,1,0
Widisha Dora,1,1,1
Widisha Gade,1,1,0
Widisha Gera,1,1,0
Widisha Gill,1,1,0
Widisha Goda,1,1,0
Widisha Gulati,1,1,0
Widisha Hayer,1,1,0
Widisha Iyengar,1,1,0
Widisha Kadakia,1,1,0
Widisha Majumdar,1,1,0
Widisha Mohan,1,1,1
Widisha Mohanty,1,1,0
Widisha Nagy,1,1,1
Widisha Narang,1,1,0
Widisha Natarajan,1,1,0
Widisha Pau,1,1,0
Widisha Rajan,1,1,0
Widisha Rattan,1,1,0
Widisha Sachdev,1,1,0
Widisha Sodhi,1,1,1
Widisha Solanki,1,1,0
Widisha Thaker,1,1,0
Widisha Toor,1,1,0
Widisha Varma,1,1,0
William Aggarwal,1,1,0
William Bhavsar,1,1,0
William Biswas,1,1,0
William Bose,1,1,0
William Brar,1,1,0
William Bumb,1,1,0
William Chacko,1,1,0
William Chatterjee,1,1,0
William Chaudhari,1,1,0
William Chaudry,1,1,0
William Chawla,1,1,0
William Chopra,1,1,1
William Dara,1,1,0
William Dasgupta,1,1,0
William Dyal,1,1,0
William Gandhi,1,1,0
William Ganesan,1,1,1
William Goda,1,1,0
William Hegde,1,1,0
William Johal,1,1,0
William Kara,1,1,0
William Konda,1,1,0
William Lad,1,1,0
William Mandal,1,1,0
William Mani,1,1,0
William Minhas,1,1,0
William Mitter,2,2,0
William Modi,1,1,0
William Oommen,1,1,0
William Pillai,1,1,0
William Prakash,1,1,0
William Rai,1,1,0
William Randhawa,1,1,0
William Ravel,1,1,0
William Sarraf,1,1,0
William Shenoy,1,1,0
William Singh,1,1,0
William Thaker,2,2,0
William Trivedi,1,1,0
William Upadhyay,1,1,1
William Varma,2,2,0
William Varty,1,1,0
William Vasa,1,1,1
William Virk,1,1,0
William Wali,3,3,0
William Yogi,1,1,0
Wishi Anne,1,1,0
Wishi Apte,1,1,1
Wishi Bir,1,1,0
Wishi Bobal,1,1,0
Wishi Buch,1,1,0
Wishi Ghose,1,1,0
Wishi Gokhale,1,1,0
Wishi Gola,1,1,0
Wishi Hayre,1,1,0
Wishi Kamdar,1,1,0
Wishi Kant,1,1,0
Wishi Kar,2,2,0
Wishi Kaur,1,1,1
Wishi Korpal,1,1,0
Wishi Kurian,1,1,0
Wishi Minhas,1,1,0
Wishi Nagi,1,1,0
Wishi Panchal,1,1,0
Wishi Pandit,1,1,0
Wishi Parmer,2,2,0
Wishi Purohit,1,1,0
Wishi Raj,1,1,0
Wishi Ravel,1,1,1
Wishi Reddy,1,1,0
Wishi Roy,1,1,0
Wishi Sahni,1,1,0
Wishi Seth,1,1,0
Wishi Tank,1,1,0
Wishi Tata,1,1,0
Wishi Upadhyay,2,2,0
Wishi Varma,1,1,1
Wishi Wagle,1,1,1
Wishi Zacharia,1,1,0
Wriddhish Acharya,1,1,0
Wriddhish Badal,1,1,0
Wriddhish Bahl,1,1,0
Wriddhish Balasubramanian,1,1,0
Wriddhish Barad,1,1,0
Wriddhish Bhavsar,1,1,0
Wriddhish Bora,1,1,0
Wriddhish Chahal,1,1,0
Wriddhish Chandra,2,2,0
Wriddhish Chaudhary,1,1,0
Wriddhish Dayal,1,1,0
Wriddhish De,1,1,0
Wriddhish Deep,1,1,0
Wriddhish D’Alia,1,1,0
Wriddhish Ganesh,1,1,0
Wriddhish Ganguly,1,1,0
Wriddhish Ghosh,1,1,0
Wriddhish Gokhale,1,1,0
Wriddhish Jani,1,1,0
Wriddhish Kala,1,1,0
Wriddhish Kalita,1,1,0
Wriddhish Kapoor,1,1,0
Wriddhish Kapur,1,1,0
Wriddhish Kari,1,1,0
Wriddhish Mandal,1,1,0
Wriddhish Mane,1,1,0
Wriddhish Mohan,2,2,1
Wriddhish More,1,1,0
Wriddhish Munshi,1,1,0
Wriddhish Murthy,1,1,0
Wriddhish Oza,1,1,1
Wriddhish Pai,1,1,0
Wriddhish Pandit,2,2,0
Wriddhish Pillai,1,1,0
Wriddhish Pillay,1,1,0
Wriddhish Rajagopal,1,1,0
Wriddhish Ramanathan,1,1,0
Wriddhish Ranganathan,1,1,0
Wriddhish Sandal,2,2,0
Wriddhish Sarraf,1,1,0
Wriddhish Sathe,1,1,1
Wriddhish Sethi,1,1,0
Wriddhish Suri,1,1,0
Wriddhish Varma,1,1,0
Wriddhish Yohannan,1,1,0
Wridesh Acharya,1,1,0
Wridesh Agate,1,1,0
Wridesh Arora,1,1,1
Wridesh Arya,1,1,0
Wridesh Aurora,1,1,0
Wridesh Bajaj,1,1,0
Wridesh Bal,1,1,0
Wridesh Baral,1,1,0
Wridesh Batra,1,1,0
Wridesh Batta,1,1,0
Wridesh Bhardwaj,1,1,0
Wridesh Chahal,1,1,0
Wridesh Chanda,1,1,0
Wridesh Chander,1,1,1
Wridesh Choudhary,1,1,0
Wridesh Deep,1,1,0
Wridesh Din,1,1,0
Wridesh Divan,1,1,0
Wridesh Doctor,1,1,0
Wridesh Goyal,1,1,0
Wridesh Hayre,1,1,0
Wridesh Iyer,1,1,0
Wridesh Jhaveri,1,1,0
Wridesh Joshi,1,1,0
Wridesh Kala,1,1,0
Wridesh Kapur,1,1,0
Wridesh Kara,1,1,0
Wridesh Lad,1,1,0
Wridesh Maharaj,1,1,0
Wridesh Manda,1,1,0
Wridesh Master,1,1,0
Wridesh Natt,1,1,0
Wridesh Oza,1,1,0
Wridesh Parmar,1,1,0
Wridesh Patla,1,1,0
Wridesh Pau,1,1,0
Wridesh Rai,1,1,0
Wridesh Randhawa,1,1,0
Wridesh Ranganathan,1,1,0
Wridesh Reddy,1,1,0
Wridesh Sama,1,1,0
Wridesh Sami,1,1,0
Wridesh Sandhu,1,1,0
Wridesh Sastry,1,1,0
Wridesh Sethi,1,1,0
Wridesh Shenoy,1,1,0
Wridesh Shere,1,1,0
Wridesh Shroff,1,1,0
Wridesh Sinha,1,1,0
Wridesh Subramaniam,1,1,0
Wridesh Sunder,1,1,0
Wridesh Thakur,1,1,0
Wridesh Wagle,2,2,0
Wridesh Walla,1,1,1
Wyatt Babu,1,1,0
Wyatt Bera,1,1,0
Wyatt Bhatia,1,1,0
Wyatt Biswas,1,1,0
Wyatt Brar,1,1,0
Wyatt Chand,1,1,0
Wyatt Char,1,1,0
Wyatt Dada,1,1,0
Wyatt Deep,1,1,0
Wyatt Devan,1,1,0
Wyatt Divan,1,1,0
Wyatt Dugar,1,1,0
Wyatt Gala,1,1,0
Wyatt Ghosh,1,1,0
Wyatt Kale,1,1,0
Wyatt Kannan,1,1,0
Wyatt Kara,2,2,1
Wyatt Kashyap,2,2,0
Wyatt Krishna,2,2,0
Wyatt Krishnan,1,1,0
Wyatt Kunda,1,1,0
Wyatt Majumdar,1,1,0
Wyatt Mammen,1,1,0
Wyatt Mani,1,1,0
Wyatt Menon,1,1,0
Wyatt Mitra,1,1,0
Wyatt More,1,1,0
Wyatt Nanda,1,1,0
Wyatt Pandya,1,1,0
Wyatt Prabhu,1,1,0
Wyatt Prashad,1,1,0
Wyatt Rajan,1,1,1
Wyatt Ramanathan,1,1,0
Wyatt Raval,1,1,0
Wyatt Reddy,1,1,0
Wyatt Sachar,1,1,0
Wyatt Sagar,1,1,0
Wyatt Sami,1,1,0
Wyatt Sankar,1,1,0
Wyatt Singh,1,1,0
Wyatt Srinivasan,1,1,0
Wyatt Tella,1,1,0
Wyatt Thaman,1,1,0
Wyatt Varkey,1,1,0
Wyatt Wali,2,2,0
Wyatt Zacharia,1,1,0
Xalak Amble,1,1,0
Xalak Babu,1,1,0
Xalak Badami,1,1,0
Xalak Barad,1,1,0
Xalak Bassi,1,1,0
Xalak Buch,1,1,0
Xalak Chahal,1,1,0
Xalak Chander,1,1,0
Xalak Chaudhuri,1,1,0
Xalak Chhabra,1,1,0
Xalak Dar,1,1,0
Xalak De,1,1,0
Xalak Dhingra,1,1,1
Xalak Din,1,1,0
Xalak Goel,2,2,1
Xalak Goyal,1,1,0
Xalak Gulati,1,1,0
Xalak Hegde,1,1,0
Xalak Jain,1,1,0
Xalak Kapadia,1,1,0
Xalak Kapoor,1,1,0
Xalak Kaul,1,1,0
Xalak Khurana,1,1,0
Xalak Kothari,1,1,0
Xalak Krish,1,1,0
Xalak Krishna,1,1,0
Xalak Kumar,1,1,0
Xalak Kumer,2,2,0
Xalak Mitra,1,1,0
Xalak Munshi,1,1,1
Xalak Nagy,1,1,0
Xalak Naik,1,1,1
Xalak Narang,1,1,0
Xalak Nori,1,1,0
Xalak Pant,1,1,0
Xalak Pingle,1,1,0
Xalak Raju,1,1,2
Xalak Ramachandran,1,1,0
Xalak Rege,1,1,0
Xalak Sachar,1,1,0
Xalak Sahota,1,1,0
Xalak Seshadri,1,1,0
Xalak Sharaf,1,1,0
Xalak Som,1,1,0
Xalak Taneja,1,1,0
Xalak Tiwari,1,1,0
Xalak Vaidya,1,1,0
Xalak Vala,1,1,0
Xalak Vohra,1,1,0
Xalak Wable,1,1,0
Xavier Agarwal,1,1,1
Xavier Aggarwal,1,1,0
Xavier Baral,1,1,0
Xavier Bedi,1,1,0
Xavier Ben,1,1,3
Xavier Bhalla,1,1,0
Xavier Bhasin,1,1,0
Xavier Butala,1,1,1
Xavier Chatterjee,2,2,0
Xavier Chawla,1,1,0
Xavier Cheema,1,1,0
Xavier Chowdhury,1,1,0
Xavier Deol,1,1,1
Xavier Dhar,1,1,0
Xavier Gill,1,1,0
Xavier Gola,1,1,0
Xavier Goswami,1,1,0
Xavier Grewal,1,1,0
Xavier Gulati,1,1,0
Xavier Iyer,1,1,0
Xavier Jaggi,1,1,0
Xavier Konda,1,1,0
Xavier Kurian,1,1,0
Xavier Mani,1,1,0
Xavier Minhas,1,1,0
Xavier Muni,1,1,0
Xavier Murthy,1,1,0
Xavier Nagi,1,1,0
Xavier Naidu,1,1,0
Xavier Pant,1,1,0
Xavier Prabhu,1,1,0
Xavier Ranganathan,1,1,0
Xavier Ratta,1,1,0
Xavier Sachar,1,1,0
Xavier Sandal,1,1,0
Xavier Solanki,1,1,1
Xavier Varkey,1,1,0
Xavier Verma,1,1,0
Xavier Yohannan,1,1,0
Xiti Ahluwalia,1,1,0
Xiti Ahuja,1,1,0
Xiti Apte,1,1,0
Xiti Bala,1,1,0
Xiti Bava,2,2,0
Xiti Bedi,1,1,0
Xiti Ben,1,1,0
Xiti Bora,2,2,0
Xiti Buch,1,1,0
Xiti Chacko,1,1,0
Xiti Chad,1,1,0
Xiti Chandra,1,1,0
Xiti Chawla,1,1,0
Xiti Choudhary,1,1,0
Xiti Dasgupta,1,1,0
Xiti Dhar,2,2,0
Xiti Ganesh,1,1,0
Xiti Gara,1,1,0
Xiti Gokhale,1,1,0
Xiti Grover,1,1,0
Xiti Guha,1,1,0
Xiti Gupta,1,1,0
Xiti Jhaveri,1,1,0
Xiti Kalla,1,1,0
Xiti Kapur,1,1,0
Xiti Kunda,1,1,0
Xiti Madan,1,1,0
Xiti Mahajan,1,1,0
Xiti Mahal,1,1,0
Xiti Mangat,1,1,1
Xiti Master,1,1,0
Xiti Mukhopadhyay,1,1,0
Xiti Mutti,1,1,1
Xiti Parsa,1,1,0
Xiti Prakash,1,1,0
Xiti Ram,2,2,1
Xiti Ramachandran,1,1,0
Xiti Ravi,1,1,0
Xiti Rege,1,1,0
Xiti Sanghvi,1,1,0
Xiti Sengupta,1,1,0
Xiti Shetty,1,1,0
Xiti Suri,1,1,0
Xiti Thaman,1,1,0
Yachana Ahluwalia,1,1,0
Yachana Ahuja,1,1,0
Yachana Bala,1,1,0
Yachana Balay,2,2,1
Yachana Basak,1,1,0
Yachana Bassi,1,1,1
Yachana Bhagat,1,1,0
Yachana Borde,1,1,0
Yachana Buch,1,1,0
Yachana Chacko,1,1,0
Yachana Chandran,1,1,0
Yachana Dar,1,1,0
Yachana Dara,1,1,0
Yachana Divan,1,1,0
Yachana Doctor,1,1,0
Yachana Gade,1,1,0
Yachana Garde,1,1,0
Yachana Gokhale,1,1,0
Yachana Hans,1,1,0
Yachana Kadakia,1,1,0
Yachana Kale,1,1,1
Yachana Kar,1,1,0
Yachana Kara,1,1,0
Yachana Khanna,1,1,0
Yachana Loke,1,1,0
Yachana Mammen,1,1,0
Yachana Manda,1,1,0
Yachana Memon,1,1,0
Yachana Mohanty,1,1,0
Yachana Narayan,1,1,0
Yachana Oak,1,1,0
Yachana Parmar,1,1,0
Yachana Parsa,1,1,0
Yachana Prasad,1,1,0
Yachana Rai,1,1,1
Yachana Rajagopal,2,2,0
Yachana Raju,1,1,0
Yachana Ramesh,1,1,0
Yachana Rana,1,1,0
Yachana Rattan,1,1,0
Yachana Sampath,1,1,0
Yachana Shenoy,1,1,0
Yachana Sood,1,1,0
Yachana Trivedi,1,1,0
Yachana Varty,1,1,0
Yachana Viswanathan,3,3,0
Yadavi Agate,1,1,0
Yadavi Bains,1,1,1
Yadavi Bal,1,1,1
Yadavi Bali,1,1,0
Yadavi Basu,1,1,0
Yadavi Bhagat,1,1,1
Yadavi Bhatt,1,1,0
Yadavi Chauhan,1,1,1
Yadavi Dar,1,1,0
Yadavi Dayal,1,1,0
Yadavi Dutt,1,1,0
Yadavi Ghose,2,2,0
Yadavi Kala,2,2,0
Yadavi Khatri,1,1,0
Yadavi Kumar,1,1,0
Yadavi Lad,1,1,0
Yadavi Lalla,1,1,0
Yadavi Mallick,1,1,1
Yadavi Manda,1,1,0
Yadavi Master,1,1,0
Yadavi Mishra,1,1,0
Yadavi Misra,1,1,0
Yadavi Morar,1,1,0
Yadavi Nayak,1,1,0
Yadavi Nazareth,1,1,0
Yadavi Om,1,1,0
Yadavi Parikh,1,1,0
Yadavi Patel,1,1,0
Yadavi Pau,1,1,0
Yadavi Rastogi,1,1,0
Yadavi Samra,1,1,1
Yadavi Shroff,1,1,0
Yadavi Sood,1,1,0
Yadavi Sur,1,1,0
Yadavi Sura,1,1,0
Yadavi Suri,2,2,0
Yadavi Uppal,1,1,0
Yadavi Vaidya,1,1,1
Yadavi Vala,1,1,0
Yadavi Venkataraman,1,1,0
Yadavi Vig,1,1,0
Yadavi Virk,1,1,0
Yagnesh Balay,1,1,0
Yagnesh Bedi,1,1,0
Yagnesh Chand,1,1,0
Yagnesh Chanda,1,1,0
Yagnesh Chandra,1,1,0
Yagnesh Chaudhari,1,1,0
Yagnesh Chaudry,1,1,0
Yagnesh Devan,1,1,0
Yagnesh Din,1,1,0
Yagnesh D’Alia,1,1,0
Yagnesh Ghose,1,1,1
Yagnesh Gour,1,1,0
Yagnesh Hegde,1,1,0
Yagnesh Hora,1,1,1
Yagnesh Kalita,1,1,0
Yagnesh Kashyap,1,1,0
Yagnesh Kaur,1,1,0
Yagnesh Keer,1,1,1
Yagnesh Khare,1,1,0
Yagnesh Khosla,1,1,0
Yagnesh Manne,1,1,0
Yagnesh Merchant,1,1,0
Yagnesh Mittal,1,1,0
Yagnesh Narayan,1,1,0
Yagnesh Oak,1,1,0
Yagnesh Pandey,1,1,0
Yagnesh Parekh,1,1,1
Yagnesh Patla,1,1,0
Yagnesh Pau,1,1,0
Yagnesh Peri,1,1,0
Yagnesh Pillai,1,1,0
Yagnesh Prakash,1,1,0
Yagnesh Puri,1,1,0
Yagnesh Ramaswamy,1,1,0
Yagnesh Rastogi,1,1,0
Yagnesh Rege,1,1,0
Yagnesh Sahni,1,1,0
Yagnesh Saini,1,1,0
Yagnesh Samra,1,1,1
Yagnesh Sunder,1,1,1
Yagnesh Swaminathan,1,1,0
Yagnesh Thaker,1,1,0
Yagnesh Thakkar,1,1,0
Yagnesh Viswanathan,1,1,0
Yahvi Agrawal,1,1,0
Yahvi Aurora,1,1,0
Yahvi Babu,1,1,1
Yahvi Bahl,1,1,0
Yahvi Bal,1,1,0
Yahvi Balasubramanian,1,1,0
Yahvi Bhakta,1,1,0
Yahvi Bhalla,1,1,0
Yahvi Buch,1,1,0
Yahvi Chakraborty,1,1,0
Yahvi Chanda,1,1,0
Yahvi Chaudhary,1,1,0
Yahvi Date,1,1,0
Yahvi Desai,1,1,0
Yahvi Deshmukh,1,1,0
Yahvi Devi,1,1,0
Yahvi Dhar,1,1,0
Yahvi Dora,1,1,0
Yahvi Gala,1,1,0
Yahvi Gera,1,1,0
Yahvi Goyal,1,1,0
Yahvi Grewal,1,1,0
Yahvi Guha,1,1,1
Yahvi Hans,1,1,0
Yahvi Jhaveri,1,1,0
Yahvi Joshi,1,1,0
Yahvi Kuruvilla,1,1,0
Yahvi Mallick,1,1,0
Yahvi Mani,1,1,0
Yahvi Menon,1,1,0
Yahvi Nadkarni,1,1,0
Yahvi Nagi,1,1,0
Yahvi Oza,1,1,0
Yahvi Pall,1,1,0
Yahvi Panchal,1,1,0
Yahvi Parmer,1,1,0
Yahvi Parsa,1,1,0
Yahvi Prabhu,1,1,0
Yahvi Pradhan,1,1,0
Yahvi Ranganathan,1,1,0
Yahvi Rastogi,1,1,0
Yahvi Rau,1,1,0
Yahvi Sandal,1,1,2
Yahvi Sankar,1,1,0
Yahvi Savant,1,1,0
Yahvi Sheth,1,1,0
Yahvi Sura,1,1,0
Yahvi Suresh,1,1,0
Yahvi Tank,2,2,0
Yahvi Tella,1,1,0
Yahvi Trivedi,1,1,0
Yahvi Varughese,1,1,0
Yahvi Virk,1,1,0
Yamini Andra,1,1,0
Yamini Batta,1,1,0
Yamini Behl,2,2,0
Yamini Brahmbhatt,1,1,0
Yamini Buch,1,1,0
Yamini Chad,1,1,1
Yamini Chada,1,1,0
Yamini Dhaliwal,1,1,0
Yamini Gandhi,1,1,0
Yamini Gola,1,1,0
Yamini Golla,1,1,0
Yamini Handa,1,1,0
Yamini Jhaveri,1,1,0
Yamini Kamdar,1,1,0
Yamini Kota,1,1,0
Yamini Kurian,1,1,0
Yamini Lad,1,1,0
Yamini Lall,1,1,0
Yamini Loyal,1,1,0
Yamini Luthra,1,1,0
Yamini Madan,1,1,0
Yamini Manne,1,1,0
Yamini Menon,2,2,0
Yamini Pandit,1,1,0
Yamini Parsa,1,1,0
Yamini Ranganathan,1,1,0
Yamini Rao,2,2,0
Yamini Rastogi,1,1,0
Yamini Ray,1,1,0
Yamini Sagar,1,1,1
Yamini Sami,1,1,0
Yamini Sem,1,1,0
Yamini Sibal,1,1,0
Yamini Solanki,1,1,2
Yamini Taneja,1,1,0
Yamini Thaman,1,1,0
Yamini Toor,1,1,0
Yamini Varghese,1,1,0
Yamini Venkataraman,1,1,0
Yamini Vohra,1,1,0
Yash Agarwal,1,1,0
Yash Aggarwal,1,1,0
Yash Ahluwalia,1,1,0
Yash Badami,1,1,0
Yash Bajaj,1,1,0
Yash Balay,1,1,0
Yash Bath,1,1,0
Yash Batta,1,1,0
Yash Bava,1,1,0
Yash Bora,1,1,0
Yash Chada,1,1,0
Yash Chadha,1,1,0
Yash Chander,1,1,0
Yash Choudhry,1,1,0
Yash Dash,1,1,0
Yash Date,1,1,0
Yash Dayal,1,1,0
Yash Dey,1,1,0
Yash Dhaliwal,1,1,0
Yash Gara,1,1,0
Yash Gole,1,1,0
Yash Golla,1,1,0
Yash Grewal,1,1,0
Yash Hari,1,1,1
Yash Jayaraman,1,1,0
Yash Kannan,1,1,1
Yash Kaul,1,1,0
Yash Khalsa,1,1,0
Yash Kohli,2,2,0
Yash Krishnan,1,1,0
Yash Kumer,1,1,1
Yash Kunda,1,1,0
Yash Lal,1,1,0
Yash Mittal,1,1,0
Yash Naik,1,1,1
Yash Nayar,1,1,0
Yash Palla,1,1,0
Yash Rajagopal,1,1,0
Yash Raju,1,1,0
Yash Ramaswamy,1,1,1
Yash Rao,1,1,0
Yash Sachar,1,1,0
Yash Saha,1,1,0
Yash Sane,1,1,0
Yash Saraf,1,1,0
Yash Saran,1,1,0
Yash Sarma,1,1,0
Yash Sha,1,1,0
Yash Singh,1,1,0
Yash Sule,1,1,0
Yash Suresh,1,1,0
Yash Tata,1,1,1
Yash Thaker,1,1,0
Yash Thakkar,1,1,0
Yash Varughese,1,1,0
Yashasvi Apte,1,1,0
Yashasvi Baral,1,1,0
Yashasvi Basak,1,1,0
Yashasvi Behl,1,1,0
Yashasvi Bhagat,1,1,0
Yashasvi Bhakta,1,1,0
Yashasvi Bhatia,1,1,0
Yashasvi Bhatnagar,1,1,0
Yashasvi Bora,1,1,0
Yashasvi Bumb,1,1,0
Yashasvi Chaudhuri,1,1,0
Yashasvi Cheema,1,1,0
Yashasvi Chhabra,1,1,0
Yashasvi Dada,1,1,0
Yashasvi Dalal,1,1,0
Yashasvi Datta,1,1,0
Yashasvi Deo,1,1,0
Yashasvi Ganesh,1,1,1
Yashasvi Gera,1,1,0
Yashasvi Goel,1,1,0
Yashasvi Gokhale,1,1,0
Yashasvi Gopal,1,1,0
Yashasvi Grover,1,1,0
Yashasvi Gupta,1,1,1
Yashasvi Hari,1,1,1
Yashasvi Jhaveri,1,1,0
Yashasvi Kale,2,2,0
Yashasvi Kanda,1,1,0
Yashasvi Kant,1,1,0
Yashasvi Kumar,1,1,1
Yashasvi Minhas,1,1,0
Yashasvi Mukherjee,1,1,1
Yashasvi Narayanan,1,1,0
Yashasvi Nayar,1,1,0
Yashasvi Oommen,1,1,0
Yashasvi Padmanabhan,1,1,0
Yashasvi Pal,1,1,0
Yashasvi Pandey,1,1,1
Yashasvi Parikh,1,1,0
Yashasvi Prashad,1,1,0
Yashasvi Purohit,1,1,0
Yashasvi Raj,1,1,0
Yashasvi Rajagopal,1,1,0
Yashasvi Rastogi,1,1,0
Yashasvi Rattan,1,1,0
Yashasvi Rege,1,1,0
Yashasvi Sahota,1,1,1
Yashasvi Shere,1,1,1
Yashasvi Sunder,1,1,0
Yashasvi Tiwari,1,1,0
Yashasvi Varkey,1,1,0
Yashawini Badami,1,1,0
Yashawini Balay,1,1,0
Yashawini Barad,1,1,0
Yashawini Biswas,1,1,0
Yashawini Bumb,2,2,0
Yashawini Chada,1,1,0
Yashawini Chana,1,1,0
Yashawini Chaudhary,1,1,1
Yashawini Chaudry,1,1,0
Yashawini Dara,1,1,0
Yashawini Deep,1,1,0
Yashawini Deshmukh,1,1,0
Yashawini Dugar,1,1,0
Yashawini D’Alia,1,1,0
Yashawini Gera,1,1,0
Yashawini Goda,1,1,0
Yashawini Jha,1,1,0
Yashawini Jhaveri,2,2,0
Yashawini Kala,1,1,0
Yashawini Kari,1,1,0
Yashawini Khare,1,1,0
Yashawini Kibe,1,1,0
Yashawini Korpal,1,1,0
Yashawini Lad,1,1,0
Yashawini Mandal,1,1,0
Yashawini Mangat,1,1,0
Yashawini Mann,1,1,0
Yashawini Merchant,1,1,0
Yashawini Mitter,1,1,0
Yashawini Mody,1,1,0
Yashawini Mohanty,1,1,0
Yashawini Munshi,1,1,0
Yashawini Nayak,1,1,0
Yashawini Nayar,1,1,0
Yashawini Nazareth,1,1,0
Yashawini Pal,1,1,0
Yashawini Purohit,1,1,0
Yashawini Sachar,1,1,0
Yashawini Sankar,1,1,0
Yashawini Sethi,1,1,0
Yashawini Shan,1,1,0
Yashawini Shenoy,1,1,0
Yashawini Shukla,1,1,0
Yashawini Sibal,1,1,0
Yashawini Solanki,1,1,0
Yashawini Sur,1,1,0
Yashawini Sura,1,1,0
Yashawini Tiwari,1,1,0
Yashawini Vaidya,1,1,0
Yashawini Varty,1,1,0
Yashawini Yadav,1,1,0
Yashica Badami,1,1,0
Yashica Bajaj,1,1,0
Yashica Banerjee,1,1,0
Yashica Batra,1,1,1
Yashica Bhat,1,1,0
Yashica Bhatia,1,1,0
Yashica Bhatti,1,1,0
Yashica Bhavsar,1,1,0
Yashica Bir,1,1,0
Yashica Biswas,1,1,0
Yashica Chana,1,1,0
Yashica Chokshi,1,1,0
Yashica Deshmukh,1,1,0
Yashica Dhaliwal,1,1,0
Yashica Goswami,1,1,0
Yashica Gulati,1,1,0
Yashica Iyer,1,1,0
Yashica Kala,1,1,0
Yashica Khanna,1,1,0
Yashica Kohli,1,1,0
Yashica Malhotra,1,1,0
Yashica Mani,1,1,0
Yashica Minhas,1,1,0
Yashica Mitra,1,1,0
Yashica Nagarajan,1,1,0
Yashica Nayar,1,1,1
Yashica Radhakrishnan,1,1,0
Yashica Rao,1,1,0
Yashica Raval,1,1,0
Yashica Reddy,1,1,0
Yashica Roy,1,1,0
Yashica Sahota,1,1,0
Yashica Sarraf,1,1,0
Yashica Seth,1,1,0
Yashica Shenoy,1,1,0
Yashica Sridhar,1,1,0
Yashica Sundaram,1,1,0
Yashica Suresh,1,1,0
Yashica Tata,1,1,0
Yashica Virk,1,1,0
Yashica Vyas,1,1,1
Yashica Yadav,2,2,0
Yashoda Bahl,1,1,0
Yashoda Bajaj,1,1,0
Yashoda Baria,1,1,0
Yashoda Basak,1,1,0
Yashoda Bhat,1,1,0
Yashoda Bobal,1,1,0
Yashoda Dewan,1,1,0
Yashoda Dhaliwal,1,1,0
Yashoda Dhar,1,1,0
Yashoda Dube,1,1,0
Yashoda Garg,2,2,0
Yashoda Gole,1,1,0
Yashoda Goswami,1,1,0
Yashoda Jha,1,1,0
Yashoda Kar,1,1,0
Yashoda Kulkarni,1,1,0
Yashoda Lalla,1,1,0
Yashoda Mall,1,1,0
Yashoda Manne,1,1,0
Yashoda Naik,1,1,0
Yashoda Narang,1,1,0
Yashoda Padmanabhan,1,1,0
Yashoda Parmer,1,1,0
Yashoda Puri,1,1,0
Yashoda Rau,1,1,0
Yashoda Taneja,1,1,0
Yashoda Thaman,1,1,0
Yashoda Wadhwa,1,1,0
Yashodhara Anne,1,1,0
Yashodhara Behl,1,1,0
Yashodhara Bhalla,1,1,0
Yashodhara Bhatti,1,1,1
Yashodhara Bhavsar,1,1,0
Yashodhara Chana,1,1,0
Yashodhara Dua,1,1,1
Yashodhara Gandhi,1,1,0
Yashodhara Ganesan,1,1,0
Yashodhara Goda,1,1,0
Yashodhara Guha,1,1,0
Yashodhara Gupta,1,1,0
Yashodhara Hans,1,1,0
Yashodhara Kanda,1,1,0
Yashodhara Kashyap,1,1,0
Yashodhara Keer,1,1,0
Yashodhara Kulkarni,1,1,0
Yashodhara Mahal,1,1,0
Yashodhara Mallick,1,1,1
Yashodhara Natarajan,1,1,0
Yashodhara Nori,1,1,0
Yashodhara Pandey,1,1,0
Yashodhara Patla,1,1,0
Yashodhara Ram,1,1,0
Yashodhara Ramachandran,1,1,1
Yashodhara Ramanathan,1,1,0
Yashodhara Sandhu,1,1,0
Yashodhara Saxena,1,1,0
Yashodhara Sem,1,1,0
Yashodhara Seth,1,1,0
Yashodhara Shetty,1,1,0
Yashodhara Solanki,1,1,0
Yashodhara Sunder,1,1,0
Yashodhara Trivedi,1,1,0
Yashodhara Vaidya,1,1,0
Yashodhara Varty,1,1,0
Yashodhara Zachariah,1,1,0
Yashvi Amble,1,1,0
Yashvi Badal,1,1,0
Yashvi Bala,1,1,0
Yashvi Balakrishnan,1,1,0
Yashvi Barad,1,1,0
Yashvi Baral,1,1,1
Yashvi Bhalla,1,1,0
Yashvi Borah,1,1,0
Yashvi Bumb,1,1,0
Yashvi Chander,1,1,0
Yashvi Char,1,1,0
Yashvi Chhabra,1,1,0
Yashvi Devi,1,1,0
Yashvi D’Alia,1,1,0
Yashvi Ganguly,1,1,0
Yashvi Gole,1,1,0
Yashvi Goyal,1,1,0
Yashvi Grover,1,1,0
Yashvi Kala,1,1,0
Yashvi Kanda,1,1,0
Yashvi Kannan,1,1,0
Yashvi Krish,1,1,0
Yashvi Mallick,1,1,0
Yashvi Master,1,1,0
Yashvi Mital,1,1,0
Yashvi Mukherjee,1,1,0
Yashvi Muni,1,1,0
Yashvi Murthy,1,1,0
Yashvi Pal,1,1,0
Yashvi Patel,1,1,0
Yashvi Prakash,1,1,0
Yashvi Raju,1,1,0
Yashvi Ranganathan,1,1,0
Yashvi Reddy,1,1,0
Yashvi Sagar,1,1,0
Yashvi Sandal,1,1,0
Yashvi Sastry,1,1,0
Yashvi Saxena,1,1,0
Yashvi Sehgal,1,1,0
Yashvi Seshadri,1,1,0
Yashvi Sridhar,1,1,1
Yashvi Subramaniam,1,1,0
Yashvi Suresh,1,1,0
Yashvi Vasa,1,1,0
Yashvi Walla,1,1,0
Yasti Bala,1,1,0
Yasti Banik,1,1,0
Yasti Bhasin,1,1,0
Yasti Bhatnagar,1,1,0
Yasti Chahal,1,1,0
Yasti Chakrabarti,2,2,0
Yasti Chander,1,1,0
Yasti Das,1,1,0
Yasti Dey,1,1,0
Yasti Dhar,1,1,0
Yasti Garde,1,1,0
Yasti Garg,1,1,0
Yasti Hegde,1,1,0
Yasti Kakar,1,1,0
Yasti Kari,1,1,0
Yasti Krish,1,1,2
Yasti Lall,1,1,0
Yasti Lata,1,1,0
Yasti Modi,1,1,0
Yasti Muni,1,1,0
Yasti Naik,1,1,0
Yasti Oommen,1,1,0
Yasti Palla,1,1,0
Yasti Pandit,1,1,0
Yasti Prashad,1,1,0
Yasti Rai,1,1,0
Yasti Ram,1,1,0
Yasti Ramesh,1,1,0
Yasti Ratti,1,1,0
Yasti Sangha,1,1,0
Yasti Sarraf,1,1,0
Yasti Setty,1,1,0
Yasti Taneja,1,1,0
Yasti Tella,1,1,0
Yasti Thaker,1,1,0
Yasti Uppal,1,1,0
Yasti Venkataraman,1,1,0
Yasti Wali,1,1,0
Yasti Wason,1,1,0
Yatan Acharya,1,1,0
Yatan Agarwal,1,1,0
Yatan Agrawal,1,1,0
Yatan Anand,1,1,0
Yatan Andra,1,1,0
Yatan Balasubramanian,1,1,0
Yatan Basak,1,1,0
Yatan Behl,1,1,0
Yatan Bhakta,1,1,0
Yatan Bhasin,1,1,0
Yatan Bhat,1,1,0
Yatan Bhavsar,1,1,0
Yatan Chakraborty,1,1,0
Yatan Chand,1,1,0
Yatan Chauhan,1,1,0
Yatan Cherian,2,2,1
Yatan Das,1,1,0
Yatan Devi,1,1,0
Yatan Din,1,1,0
Yatan Dubey,1,1,0
Yatan Gola,1,1,0
Yatan Goyal,1,1,0
Yatan Hora,1,1,0
Yatan Kannan,1,1,0
Yatan Kaul,1,1,0
Yatan Kohli,1,1,0
Yatan Kothari,1,1,0
Yatan Lata,1,1,0
Yatan Loyal,2,2,0
Yatan Maharaj,1,1,0
Yatan Misra,1,1,0
Yatan Modi,1,1,0
Yatan Mohan,1,1,0
Yatan Morar,1,1,0
Yatan More,1,1,0
Yatan Murty,1,1,0
Yatan Nadkarni,1,1,0
Yatan Randhawa,1,1,0
Yatan Rao,1,1,0
Yatan Sachdeva,1,1,0
Yatan Sama,1,1,0
Yatan Samra,1,1,0
Yatan Sarna,1,1,0
Yatan Sastry,1,1,0
Yatan Shetty,1,1,0
Yatan Sibal,1,1,0
Yatan Sidhu,1,1,1
Yatan Sinha,1,1,0
Yatan Suresh,1,1,0
Yatan Yadav,1,1,0
Yatan Yohannan,1,1,0
Yatin Bahl,1,1,0
Yatin Batta,1,1,0
Yatin Bawa,1,1,0
Yatin Bhalla,1,1,0
Yatin Bhandari,1,1,1
Yatin Bir,1,1,0
Yatin Chad,1,1,0
Yatin Char,1,1,0
Yatin Cheema,1,1,1
Yatin Choudhury,1,1,0
Yatin Dixit,1,1,0
Yatin Dugar,1,1,0
Yatin Ganesan,1,1,0
Yatin Ghosh,1,1,1
Yatin Handa,1,1,0
Yatin Kakar,1,1,0
Yatin Karpe,1,1,0
Yatin Krishna,1,1,0
Yatin Krishnamurthy,1,1,0
Yatin Krishnan,1,1,0
Yatin Lad,1,1,0
Yatin Lata,1,1,0
Yatin Madan,1,1,0
Yatin Mand,1,1,0
Yatin Mannan,1,1,0
Yatin Misra,1,1,0
Yatin Mody,1,1,0
Yatin More,1,1,1
Yatin Pant,1,1,0
Yatin Parikh,1,1,0
Yatin Pillai,1,1,0
Yatin Raju,1,1,0
Yatin Rana,1,1,0
Yatin Ravi,1,1,0
Yatin Sabharwal,1,1,0
Yatin Sarkar,1,1,0
Yatin Singhal,1,1,0
Yatin Sodhi,1,1,0
Yatin Thaker,1,1,1
Yatin Venkataraman,1,1,0
Yatin Verma,2,2,1
Yatin Wagle,1,1,0
Yatin Wali,1,1,1
Yauvani Amble,1,1,0
Yauvani Anne,1,1,0
Yauvani Arora,1,1,0
Yauvani Aurora,1,1,0
Yauvani Barad,1,1,0
Yauvani Buch,1,1,0
Yauvani Chandra,1,1,0
Yauvani Chauhan,1,1,0
Yauvani Cherian,1,1,0
Yauvani Dhaliwal,1,1,1
Yauvani Divan,1,1,0
Yauvani Gala,1,1,0
Yauvani Ganesh,1,1,0
Yauvani Grover,1,1,0
Yauvani Guha,1,1,0
Yauvani Iyer,1,1,0
Yauvani Jayaraman,1,1,0
Yauvani Kara,1,1,0
Yauvani Karan,1,1,0
Yauvani Kibe,1,1,0
Yauvani Kunda,1,1,0
Yauvani Madan,1,1,1
Yauvani Mital,1,1,0
Yauvani Nagi,1,1,0
Yauvani Nazareth,1,1,0
Yauvani Pandey,1,1,0
Yauvani Parsa,1,1,0
Yauvani Puri,1,1,1
Yauvani Rajan,1,1,0
Yauvani Ramanathan,1,1,0
Yauvani Sama,1,1,0
Yauvani Sandal,1,1,0
Yauvani Sehgal,1,1,0
Yauvani Sengupta,1,1,1
Yauvani Shanker,1,1,0
Yauvani Shenoy,1,1,0
Yauvani Shere,1,1,0
Yauvani Shroff,1,1,0
Yauvani Sibal,1,1,0
Yauvani Uppal,1,1,0
Yauvani Viswanathan,1,1,0
Yauvani Wagle,1,1,0
Yochana Batta,1,1,0
Yochana Bava,1,1,0
Yochana Bawa,1,1,0
Yochana Bedi,1,1,0
Yochana Bir,1,1,0
Yochana Brar,1,1,0
Yochana Chawla,1,1,2
Yochana Cheema,2,2,0
Yochana Dar,1,1,0
Yochana Dayal,1,1,0
Yochana Dewan,1,1,0
Yochana Doctor,1,1,0
Yochana Gaba,1,1,0
Yochana Garde,1,1,0
Yochana Gour,1,1,0
Yochana Halder,1,1,1
Yochana Kar,1,1,0
Yochana Karan,1,1,0
Yochana Kota,1,1,0
Yochana Lala,1,1,0
Yochana Lalla,1,1,0
Yochana Mani,1,1,0
Yochana Mittal,1,1,0
Yochana Mody,1,1,0
Yochana Natt,1,1,0
Yochana Palan,1,1,0
Yochana Parekh,1,1,0
Yochana Peri,1,1,0
Yochana Pingle,1,1,1
Yochana Rattan,1,1,0
Yochana Ravi,1,1,0
Yochana Saran,1,1,0
Yochana Sathe,1,1,1
Yochana Sekhon,1,1,0
Yochana Sem,1,1,0
Yochana Sibal,1,1,0
Yochana Subramanian,1,1,0
Yochana Sura,1,1,0
Yochana Upadhyay,1,1,0
Yochana Virk,1,1,0
Yochana Vyas,1,1,0
Yochana Yohannan,1,1,0
Yoshita Badal,1,1,0
Yoshita Balasubramanian,1,1,0
Yoshita Bhavsar,1,1,0
Yoshita Buch,1,1,0
Yoshita Chadha,1,1,0
Yoshita Chakrabarti,1,1,0
Yoshita Char,1,1,0
Yoshita Choudhary,1,1,0
Yoshita Dhar,1,1,0
Yoshita Dora,1,1,0
Yoshita Dua,1,1,0
Yoshita Dugal,1,1,0
Yoshita Gara,1,1,0
Yoshita Goda,1,1,0
Yoshita Hayre,1,1,0
Yoshita Johal,1,1,0
Yoshita Kara,1,1,0
Yoshita Karnik,1,1,0
Yoshita Kothari,2,2,0
Yoshita Krishnan,1,1,0
Yoshita Kulkarni,1,1,2
Yoshita Kumar,1,1,0
Yoshita Malhotra,1,1,0
Yoshita Modi,1,1,0
Yoshita Mukherjee,1,1,0
Yoshita Natarajan,1,1,0
Yoshita Nigam,1,1,0
Yoshita Oommen,1,1,0
Yoshita Pradhan,1,1,0
Yoshita Purohit,1,1,0
Yoshita Rama,1,1,0
Yoshita Ramesh,1,1,0
Yoshita Ranganathan,1,1,0
Yoshita Sachdev,1,1,0
Yoshita Samra,1,1,0
Yoshita Sengupta,1,1,1
Yoshita Sethi,2,2,0
Yoshita Shetty,1,1,0
Yoshita Sodhi,1,1,0
Yoshita Varkey,1,1,0
Yoshita Vora,1,1,0
Yoshita Zachariah,1,1,0
Yug Ahuja,1,1,0
Yug Bakshi,1,1,0
Yug Balan,1,1,0
Yug Bassi,1,1,0
Yug Brar,1,1,1
Yug Chada,2,2,1
Yug Chakraborty,1,1,0
Yug Chauhan,1,1,0
Yug Chawla,1,1,0
Yug Chowdhury,1,1,0
Yug Dara,1,1,0
Yug Dass,1,1,0
Yug Devan,1,1,0
Yug Devi,1,1,0
Yug Dugar,1,1,0
Yug Garde,1,1,0
Yug Ghosh,1,1,0
Yug Jaggi,1,1,0
Yug Kala,1,1,1
Yug Kalla,1,1,0
Yug Karpe,1,1,0
Yug Kaur,1,1,0
Yug Khosla,1,1,0
Yug Kohli,1,1,0
Yug Kunda,2,2,0
Yug Lad,1,1,0
Yug Lalla,1,1,0
Yug Luthra,1,1,0
Yug Mistry,1,1,0
Yug Mitra,1,1,0
Yug Mody,1,1,0
Yug Muni,1,1,0
Yug Naidu,1,1,1
Yug Narayan,1,1,0
Yug Natt,1,1,0
Yug Nayak,1,1,0
Yug Pai,1,1,0
Yug Panchal,1,1,0
Yug Pant,1,1,0
Yug Prabhu,1,1,0
Yug Rastogi,2,2,0
Yug Samra,1,1,0
Yug Sangha,1,1,0
Yug Sarin,1,1,0
Yug Sathe,1,1,0
Yug Sengupta,1,1,0
Yug Sharaf,1,1,0
Yug Sheth,1,1,0
Yug Sridhar,2,2,0
Yug Subramanian,1,1,0
Yug Tailor,1,1,0
Yug Tandon,1,1,0
Yug Varma,1,1,0
Yug Varughese,1,1,0
Yug Wali,1,1,0
Yug Zachariah,1,1,0
Yutika Agarwal,1,1,0
Yutika Agate,1,1,0
Yutika Atwal,1,1,0
Yutika Badal,1,1,1
Yutika Balasubramanian,1,1,0
Yutika Bandi,1,1,0
Yutika Bera,1,1,0
Yutika Bobal,1,1,0
Yutika Brahmbhatt,1,1,0
Yutika Chandra,1,1,0
Yutika Choudhary,1,1,2
Yutika Dar,1,1,0
Yutika Dara,1,1,0
Yutika De,1,1,0
Yutika Dhawan,1,1,0
Yutika Dutta,2,2,0
Yutika Garde,1,1,0
Yutika Goswami,1,1,0
Yutika Gupta,1,1,0
Yutika Handa,1,1,0
Yutika Jaggi,1,1,0
Yutika Johal,1,1,0
Yutika Kamdar,1,1,0
Yutika Khare,1,1,0
Yutika Krishna,1,1,0
Yutika Lad,2,2,0
Yutika Lala,1,1,0
Yutika Nagar,1,1,0
Yutika Narula,1,1,0
Yutika Pant,1,1,0
Yutika Raman,1,1,0
Yutika Ratta,1,1,0
Yutika Sankaran,1,1,0
Yutika Seth,1,1,1
Yutika Shenoy,1,1,0
Yutika Shere,1,1,0
Yutika Sheth,1,1,0
Yutika Srivastava,1,1,0
Yutika Tank,1,1,0
Yutika Vig,1,1,0
Yuvraj Badal,1,1,0
Yuvraj Bahri,1,1,0
Yuvraj Bains,1,1,0
Yuvraj Bala,1,1,0
Yuvraj Bath,1,1,0
Yuvraj Bhagat,1,1,0
Yuvraj Bhargava,1,1,0
Yuvraj Bhatt,1,1,0
Yuvraj Biswas,1,1,0
Yuvraj Chahal,1,1,0
Yuvraj Chanda,1,1,0
Yuvraj Chandran,2,2,0
Yuvraj Chaudhary,1,1,0
Yuvraj Desai,1,1,0
Yuvraj Devi,1,1,0
Yuvraj Dhawan,1,1,0
Yuvraj Dube,1,1,0
Yuvraj Ganguly,1,1,0
Yuvraj Hari,1,1,0
Yuvraj Jayaraman,1,1,0
Yuvraj Kashyap,1,1,0
Yuvraj Khurana,1,1,1
Yuvraj Krish,1,1,0
Yuvraj Kulkarni,1,1,0
Yuvraj Lad,1,1,0
Yuvraj Lala,1,1,0
Yuvraj Merchant,1,1,0
Yuvraj Mistry,1,1,0
Yuvraj Mitter,1,1,0
Yuvraj Nair,1,1,0
Yuvraj Oak,1,1,0
Yuvraj Pandey,1,1,0
Yuvraj Patil,1,1,0
Yuvraj Raj,1,1,1
Yuvraj Ramanathan,1,1,0
Yuvraj Rana,1,1,0
Yuvraj Ratta,1,1,0
Yuvraj Ravel,1,1,0
Yuvraj Rege,1,1,0
Yuvraj Salvi,1,1,0
Yuvraj Sandhu,1,1,0
Yuvraj Sastry,1,1,0
Yuvraj Sharma,3,3,1
Yuvraj Sundaram,1,1,1
Yuvraj Sura,1,1,0
Yuvraj Tara,1,1,1
Yuvraj Upadhyay,1,1,0
Zaid Agarwal,1,1,0
Zaid Anand,2,2,0
Zaid Banerjee,1,1,0
Zaid Baral,1,1,0
Zaid Barman,1,1,0
Zaid Batta,1,1,0
Zaid Bhalla,1,1,0
Zaid Bhargava,1,1,0
Zaid Bhat,1,1,0
Zaid Brahmbhatt,1,1,0
Zaid Comar,1,1,1
Zaid Dani,1,1,0
Zaid Dara,1,1,1
Zaid Dash,1,1,0
Zaid De,1,1,0
Zaid Deol,1,1,0
Zaid Dhar,1,1,0
Zaid Divan,1,1,1
Zaid Gandhi,2,2,0
Zaid Ganesan,1,1,0
Zaid Gulati,2,2,0
Zaid Halder,1,1,0
Zaid Jaggi,2,2,0
Zaid Kapadia,1,1,0
Zaid Keer,1,1,0
Zaid Kota,1,1,0
Zaid Krishna,1,1,0
Zaid Luthra,1,1,0
Zaid Manne,1,1,0
Zaid Patla,1,1,0
Zaid Ram,2,2,0
Zaid Sami,1,1,0
Zaid Sangha,1,1,0
Zaid Saxena,1,1,0
Zaid Shankar,1,1,0
Zaid Sharaf,1,1,0
Zaid Shetty,1,1,1
Zaid Singhal,1,1,0
Zaid Subramaniam,1,1,0
Zaid Suri,1,1,0
Zaid Swamy,1,1,0
Zaid Thakkar,1,1,0
Zaid Thaman,1,1,1
Zaid Varughese,1,1,0
Zaid Venkataraman,1,1,0
Zaid Virk,1,1,0
Zaid Wadhwa,1,1,0
Zaid Wali,1,1,0
Zaitra Acharya,1,1,0
Zaitra Agarwal,1,1,0
Zaitra Bajwa,1,1,0
Zaitra Balan,1,1,0
Zaitra Basak,1,1,0
Zaitra Basu,1,1,1
Zaitra Bhandari,1,1,1
Zaitra Bir,1,1,0
Zaitra Chakrabarti,1,1,0
Zaitra Dani,2,2,0
Zaitra Dara,2,2,0
Zaitra Dayal,1,1,0
Zaitra Dewan,1,1,0
Zaitra Dey,1,1,0
Zaitra Dhingra,1,1,1
Zaitra Dora,1,1,0
Zaitra Dube,1,1,0
Zaitra Dyal,1,1,0
Zaitra Edwin,1,1,0
Zaitra Gola,1,1,0
Zaitra Jain,1,1,0
Zaitra Jhaveri,1,1,0
Zaitra Kala,1,1,0
Zaitra Kale,1,1,0
Zaitra Korpal,1,1,0
Zaitra Koshy,1,1,0
Zaitra Krishnamurthy,1,1,0
Zaitra Lal,1,1,0
Zaitra Lata,1,1,0
Zaitra Mani,1,1,0
Zaitra Mohanty,1,1,0
Zaitra Murthy,1,1,1
Zaitra Nadig,1,1,0
Zaitra Nagarajan,1,1,0
Zaitra Naik,1,1,0
Zaitra Nori,1,1,1
Zaitra Patel,1,1,1
Zaitra Pathak,1,1,1
Zaitra Peri,1,1,0
Zaitra Pillay,1,1,0
Zaitra Rattan,1,1,0
Zaitra Rege,1,1,0
Zaitra Sama,1,1,0
Zaitra Sarraf,1,1,0
Zaitra Shan,1,1,0
Zaitra Solanki,1,1,0
Zaitra Subramaniam,1,1,0
Zaitra Sur,1,1,0
Zaitra Tank,1,1,0
Zaitra Venkatesh,1,1,0
Zaitra Verma,1,1,0
Zansi Aggarwal,1,1,0
Zansi Anne,1,1,0
Zansi Bala,1,1,0
Zansi Baral,1,1,0
Zansi Basak,1,1,0
Zansi Chhabra,1,1,0
Zansi Dash,1,1,0
Zansi Dass,1,1,0
Zansi Dave,1,1,0
Zansi Deshpande,1,1,0
Zansi Dhar,1,1,0
Zansi Dixit,1,1,0
Zansi Gole,1,1,0
Zansi Grewal,1,1,0
Zansi Karan,1,1,0
Zansi Karnik,1,1,0
Zansi Keer,1,1,0
Zansi Khanna,1,1,0
Zansi Kota,1,1,0
Zansi Krishnan,1,1,1
Zansi Lata,1,1,0
Zansi Loke,1,1,0
Zansi Mahajan,1,1,1
Zansi Mander,1,1,0
Zansi Mannan,1,1,1
Zansi Mitra,1,1,0
Zansi Muni,1,1,0
Zansi Prasad,1,1,1
Zansi Raja,1,1,0
Zansi Rama,1,1,0
Zansi Rana,1,1,0
Zansi Rout,2,2,0
Zansi Sani,1,1,0
Zansi Sengupta,1,1,0
Zansi Shah,1,1,0
Zansi Srinivas,1,1,0
Zansi Subramanian,1,1,0
Zansi Tara,1,1,0
Zansi Tata,1,1,0
Zansi Venkatesh,1,1,0
Zansi Vora,1,1,0
Zansi Wagle,1,1,0
Zarna Acharya,2,2,0
Zarna Agarwal,1,1,0
Zarna Amble,1,1,0
Zarna Bala,1,1,0
Zarna Balay,1,1,0
Zarna Bhalla,1,1,0
Zarna Bora,1,1,0
Zarna Brahmbhatt,1,1,0
Zarna Chatterjee,1,1,0
Zarna Chaudhry,1,1,0
Zarna Comar,1,1,0
Zarna Dar,1,1,0
Zarna Das,1,1,0
Zarna Deshpande,1,1,0
Zarna Devi,1,1,0
Zarna Dua,1,1,0
Zarna Dugar,1,1,0
Zarna Edwin,1,1,0
Zarna Kanda,2,2,0
Zarna Kibe,1,1,0
Zarna Kulkarni,1,1,0
Zarna Magar,1,1,0
Zarna Mammen,1,1,0
Zarna Mander,1,1,0
Zarna Mital,1,1,0
Zarna Nori,1,1,0
Zarna Palla,1,1,0
Zarna Ram,1,1,0
Zarna Rama,1,1,0
Zarna Ramaswamy,1,1,0
Zarna Sachdeva,1,1,0
Zarna Sahni,1,1,0
Zarna Sandal,2,2,0
Zarna Sastry,1,1,0
Zarna Sem,1,1,0
Zarna Seshadri,1,1,0
Zarna Sheth,2,2,1
Zarna Som,1,1,0
Zarna Tailor,1,1,0
Zashil Ahuja,1,1,0
Zashil Barad,1,1,0
Zashil Bassi,1,1,0
Zashil Bhagat,1,1,0
Zashil Bhatt,1,1,0
Zashil Brar,1,1,0
Zashil Chakraborty,1,1,0
Zashil Dara,1,1,0
Zashil Date,1,1,0
Zashil Datta,1,1,0
Zashil De,1,1,0
Zashil Deshmukh,1,1,0
Zashil Devi,1,1,0
Zashil Dhar,1,1,0
Zashil Dutt,1,1,0
Zashil Gulati,1,1,0
Zashil Gupta,1,1,0
Zashil Jayaraman,1,1,0
Zashil Kaul,1,1,0
Zashil Kibe,1,1,0
Zashil Mangat,1,1,0
Zashil Mannan,1,1,0
Zashil Munshi,1,1,0
Zashil Nadig,1,1,0
Zashil Nanda,1,1,0
Zashil Natarajan,1,1,0
Zashil Natt,2,2,0
Zashil Pal,1,1,1
Zashil Palan,2,2,0
Zashil Palla,1,1,0
Zashil Parmar,1,1,0
Zashil Sama,1,1,1
Zashil Sanghvi,1,1,1
Zashil Shanker,1,1,0
Zashil Som,1,1,0
Zashil Suresh,1,1,0
Zashil Thakur,1,1,0
Zashil Varkey,1,1,0
Zashil Zacharia,1,1,0
Zayan Bawa,1,1,0
Zayan Bhasin,2,2,0
Zayan Borra,1,1,0
Zayan Bose,1,1,0
Zayan Dani,1,1,0
Zayan De,1,1,0
Zayan Deol,1,1,0
Zayan Devi,1,1,0
Zayan Dhawan,1,1,1
Zayan Din,1,1,0
Zayan Ghosh,1,1,0
Zayan Goyal,1,1,0
Zayan Hora,1,1,0
Zayan Iyer,1,1,0
Zayan Khare,1,1,0
Zayan Krishna,2,2,0
Zayan Mammen,1,1,0
Zayan Mangat,1,1,0
Zayan Mann,1,1,0
Zayan Manne,1,1,0
Zayan More,1,1,0
Zayan Panchal,1,1,0
Zayan Parikh,1,1,0
Zayan Rajagopal,1,1,0
Zayan Rana,1,1,0
Zayan Rau,1,1,0
Zayan Reddy,1,1,0
Zayan Sagar,1,1,0
Zayan Sani,1,1,0
Zayan Sharaf,1,1,0
Zayan Shere,1,1,0
Zayan Sidhu,1,1,0
Zayan Soman,1,1,0
Zayan Tank,1,1,0
Zayan Vala,1,1,0
Zayan Varghese,1,1,0
Zayan Verma,1,1,1
Zayan Vig,1,1,0
Zayan Viswanathan,1,1,0
Zayan Vora,1,1,0
Zayyan Agarwal,1,1,1
Zayyan Agate,1,1,0
Zayyan Apte,1,1,0
Zayyan Bajaj,1,1,0
Zayyan Barad,1,1,0
Zayyan Barman,1,1,0
Zayyan Borde,1,1,1
Zayyan Buch,1,1,0
Zayyan Chaudhry,1,1,0
Zayyan Chokshi,1,1,0
Zayyan Choudhary,1,1,0
Zayyan Devi,1,1,1
Zayyan Dhar,1,1,0
Zayyan Dhingra,1,1,0
Zayyan Din,1,1,0
Zayyan Doshi,1,1,0
Zayyan Dutta,1,1,1
Zayyan Dyal,1,1,0
Zayyan Gaba,2,2,0
Zayyan Garde,1,1,0
Zayyan Handa,1,1,0
Zayyan Kala,1,1,0
Zayyan Kaul,1,1,0
Zayyan Lad,1,1,0
Zayyan Loke,1,1,0
Zayyan Malhotra,1,1,0
Zayyan Mander,1,1,0
Zayyan Mohan,1,1,0
Zayyan Morar,1,1,0
Zayyan Naidu,1,1,1
Zayyan Palla,2,2,0
Zayyan Patla,1,1,0
Zayyan Pillay,2,2,0
Zayyan Raju,1,1,0
Zayyan Randhawa,2,2,0
Zayyan Ranganathan,1,1,0
Zayyan Saini,1,1,0
Zayyan Tailor,2,2,0
Zayyan Taneja,1,1,0
Zayyan Thakkar,1,1,0
Zayyan Toor,1,1,0
Zayyan Tripathi,1,1,0
Zayyan Trivedi,1,1,1
Zayyan Yohannan,1,1,1
Zehaan Aggarwal,1,1,0
Zehaan Anand,1,1,0
Zehaan Andra,1,1,0
Zehaan Balakrishnan,1,1,0
Zehaan Bansal,1,1,0
Zehaan Bawa,1,1,0
Zehaan Bobal,1,1,0
Zehaan Bumb,1,1,0
Zehaan Chawla,1,1,0
Zehaan Cherian,1,1,0
Zehaan Chhabra,1,1,0
Zehaan Chokshi,1,1,0
Zehaan Choudhary,1,1,0
Zehaan Choudhry,1,1,0
Zehaan Comar,1,1,0
Zehaan Dara,1,1,0
Zehaan Dasgupta,1,1,0
Zehaan Dhawan,1,1,0
Zehaan Dhingra,1,1,0
Zehaan Dube,1,1,0
Zehaan Ghose,1,1,0
Zehaan Gill,1,1,0
Zehaan Hans,1,1,0
Zehaan Hari,1,1,0
Zehaan Hayer,1,1,0
Zehaan Hayre,1,1,0
Zehaan Khare,3,3,1
Zehaan Kulkarni,1,1,0
Zehaan Lall,1,1,0
Zehaan Loyal,1,1,0
Zehaan Mand,1,1,0
Zehaan Manda,1,1,0
Zehaan Mane,1,1,1
Zehaan Mangal,1,1,0
Zehaan Mani,1,1,0
Zehaan More,1,1,0
Zehaan Narasimhan,1,1,0
Zehaan Narayan,1,1,1
Zehaan Narayanan,1,1,0
Zehaan Natarajan,1,1,0
Zehaan Om,1,1,0
Zehaan Palla,1,1,0
Zehaan Radhakrishnan,1,1,0
Zehaan Raju,1,1,0
Zehaan Rana,1,1,0
Zehaan Ranganathan,1,1,0
Zehaan Roy,1,1,0
Zehaan Sagar,1,1,0
Zehaan Sama,1,1,0
Zehaan Sami,1,1,0
Zehaan Sandhu,1,1,0
Zehaan Shan,1,1,1
Zehaan Shere,1,1,0
Zehaan Sidhu,1,1,0
Zehaan Subramaniam,2,2,0
Zehaan Sule,1,1,1
Zehaan Tripathi,1,1,0
Zehaan Viswanathan,1,1,1
Zehaan Zacharia,1,1,0
Zilmil Agate,1,1,0
Zilmil Bajwa,1,1,0
Zilmil Bansal,1,1,0
Zilmil Basak,1,1,0
Zilmil Behl,1,1,0
Zilmil Ben,1,1,0
Zilmil Bhargava,1,1,0
Zilmil Bobal,1,1,0
Zilmil Choudhury,1,1,0
Zilmil Desai,1,1,0
Zilmil Dora,1,1,0
Zilmil Hayre,1,1,0
Zilmil Hora,1,1,0
Zilmil Jaggi,1,1,0
Zilmil Kalita,1,1,0
Zilmil Krishnan,1,1,0
Zilmil Lad,1,1,0
Zilmil Lata,1,1,0
Zilmil Loke,1,1,0
Zilmil Majumdar,1,1,1
Zilmil Mammen,1,1,0
Zilmil Modi,1,1,0
Zilmil Patel,1,1,0
Zilmil Ramesh,1,1,1
Zilmil Sachar,1,1,0
Zilmil Sahni,1,1,0
Zilmil Sangha,2,2,0
Zilmil Sarkar,1,1,0
Zilmil Sawhney,1,1,0
Zilmil Setty,1,1,0
Zilmil Suresh,1,1,0
Zilmil Virk,1,1,0
Zinal Agrawal,1,1,0
Zinal Arya,1,1,0
Zinal Bail,1,1,1
Zinal Bains,1,1,0
Zinal Balan,1,1,0
Zinal Barad,1,1,0
Zinal Basu,1,1,1
Zinal Bhargava,1,1,0
Zinal Bhatia,1,1,0
Zinal Brahmbhatt,1,1,0
Zinal Chandra,1,1,0
Zinal Cheema,1,1,0
Zinal Cherian,1,1,0
Zinal Chhabra,1,1,0
Zinal Das,1,1,0
Zinal Deol,1,1,0
Zinal Devan,1,1,0
Zinal Goda,1,1,0
Zinal Gokhale,1,1,0
Zinal Hayre,1,1,0
Zinal Kadakia,1,1,0
Zinal Kala,1,1,0
Zinal Kamdar,1,1,0
Zinal Kant,1,1,0
Zinal Kapur,1,1,0
Zinal Kaur,1,1,0
Zinal Korpal,1,1,0
Zinal Kota,1,1,1
Zinal Kurian,1,1,0
Zinal Lala,1,1,0
Zinal Mallick,1,1,0
Zinal Mammen,1,1,0
Zinal Morar,1,1,0
Zinal More,1,1,1
Zinal Narula,1,1,0
Zinal Parsa,1,1,0
Zinal Rege,1,1,0
Zinal Sandal,1,1,0
Zinal Sani,1,1,0
Zinal Sekhon,1,1,1
Zinal Sha,1,1,0
Zinal Sidhu,1,1,0
Zinal Swamy,1,1,0
Zinal Thakur,1,1,1
Zinal Vig,1,1,0
Zinal Wali,1,1,0
Zinal Walia,1,1,0
