entity,connections,degree_centrality,betweenness_centrality,pagerank,influence_score
Neel Dhillon,6,0.0001,0.019,0.0,0.0057399999999999994
Warinder Kalita,6,0.0001,0.019,0.0,0.0057399999999999994
Pranav Basu,6,0.0001,0.019,0.0,0.0057399999999999994
Saksham Chakrabarti,6,0.0001,0.019,0.0,0.0057399999999999994
Aditya Sandal,6,0.0001,0.019,0.0,0.0057399999999999994
Naksh Goyal,6,0.0001,0.019,0.0,0.0057399999999999994
Yasti Ratti,6,0.0001,0.019,0.0,0.0057399999999999994
Jagvi Chandra,6,0.0001,0.019,0.0,0.0057399999999999994
Krishna Chandra,6,0.0001,0.019,0.0,0.0057399999999999994
Neel Suresh,6,0.0001,0.019,0.0,0.0057399999999999994
Zehaan Hayer,6,0.0001,0.019,0.0,0.0057399999999999994
Naksh Chaudhry,6,0.0001,0.019,0.0,0.0057399999999999994
Wakeeta Dara,6,0.0001,0.019,0.0,0.0057399999999999994
Manya Ray,6,0.0001,0.019,0.0,0.0057399999999999994
Kritika Parmer,6,0.0001,0.019,0.0,0.0057399999999999994
Yoshita Kara,6,0.0001,0.019,0.0,0.0057399999999999994
Brijesh Mani,7,0.0001,0.019,0.0,0.0057399999999999994
Joshua Ahuja,6,0.0001,0.019,0.0,0.0057399999999999994
Harrison Acharya,6,0.0001,0.019,0.0,0.0057399999999999994
Yug Devan,6,0.0001,0.019,0.0,0.0057399999999999994
Tejas Dugar,12,0.0003,0.0131,0.0,0.004050000000000001
Samarth Sibal,7,0.0001,0.0109,0.0,0.00331
Ikbal Yadav,7,0.0001,0.0099,0.0,0.00301
Hardik Chatterjee,6,0.0001,0.0096,0.0,0.00292
Nirja Aggarwal,6,0.0001,0.0094,0.0,0.00286
Champak Dash,7,0.0001,0.0091,0.0,0.0027700000000000003
Vinaya Warrior,6,0.0001,0.0081,0.0,0.00247
Aashi Kunda,6,0.0001,0.006,0.0,0.00184
Idika Buch,8,0.0002,0.0045,0.0,0.0014299999999999998
Barkha Deshmukh,6,0.0001,0.0045,0.0,0.00139
Gopal Shanker,6,0.0001,0.0033,0.0,0.00103
George Solanki,7,0.0001,0.0029,0.0,0.0009099999999999999
Yauvani Karan,6,0.0001,0.0028,0.0,0.0008799999999999999
Jagvi Kunda,6,0.0001,0.0024,0.0,0.0007599999999999999
Jack Mani,6,0.0001,0.0024,0.0,0.0007599999999999999
Manya Butala,6,0.0001,0.0024,0.0,0.0007599999999999999
Raghav Murthy,7,0.0001,0.0022,0.0,0.0007
Michael Dey,6,0.0001,0.0016,0.0,0.0005200000000000001
Anjali Lad,17,0.0004,0.0003,0.0001,0.00028000000000000003
Manbir Bedi,18,0.0004,0.0003,0.0001,0.00028000000000000003
Indrajit Kurian,18,0.0004,0.0003,0.0001,0.00028000000000000003
Zehaan Khare,18,0.0004,0.0003,0.0001,0.00028000000000000003
Ganga Dyal,19,0.0004,0.0003,0.0001,0.00028000000000000003
Pooja Ben,18,0.0004,0.0003,0.0,0.00025
William Wali,17,0.0004,0.0002,0.0001,0.00025
Pratyush Panchal,17,0.0004,0.0003,0.0,0.00025
Luke Sahota,17,0.0004,0.0002,0.0001,0.00025
Qabil Kala,17,0.0004,0.0003,0.0,0.00025
Triveni Rattan,17,0.0004,0.0002,0.0001,0.00025
Megha Narang,17,0.0004,0.0002,0.0,0.00022
Yuvraj Sharma,17,0.0004,0.0002,0.0,0.00022
Indali Sen,17,0.0004,0.0002,0.0,0.00022
Harish Goyal,17,0.0004,0.0002,0.0,0.00022
Bakhshi Koshy,17,0.0004,0.0002,0.0,0.00022
Chavvi Verma,17,0.0004,0.0002,0.0,0.00022
Anay Sarraf,17,0.0004,0.0002,0.0,0.00022
Veda Sahota,16,0.0003,0.0003,0.0,0.00020999999999999998
Yachana Viswanathan,16,0.0003,0.0003,0.0,0.00020999999999999998
Onveer Khatri,12,0.0003,0.0002,0.0,0.00017999999999999998
Bachittar Kant,13,0.0003,0.0002,0.0,0.00017999999999999998
Anirudh Karnik,12,0.0003,0.0002,0.0,0.00017999999999999998
Jhalak Setty,12,0.0003,0.0002,0.0,0.00017999999999999998
Abhimanyu Hari,12,0.0003,0.0002,0.0,0.00017999999999999998
Xalak Goel,12,0.0003,0.0002,0.0,0.00017999999999999998
Chakrika Pingle,12,0.0003,0.0002,0.0,0.00017999999999999998
Harrison Rana,12,0.0003,0.0002,0.0,0.00017999999999999998
Faris Krishna,12,0.0003,0.0002,0.0,0.00017999999999999998
Arjun Subramaniam,12,0.0003,0.0002,0.0,0.00017999999999999998
Udarsh Devi,13,0.0003,0.0002,0.0,0.00017999999999999998
Kai Maharaj,13,0.0003,0.0002,0.0,0.00017999999999999998
Aashi Hari,12,0.0003,0.0002,0.0,0.00017999999999999998
Kashish Purohit,14,0.0003,0.0002,0.0,0.00017999999999999998
Wyatt Wali,12,0.0003,0.0002,0.0,0.00017999999999999998
Utkarsh Loyal,12,0.0003,0.0002,0.0,0.00017999999999999998
Triya Venkatesh,12,0.0003,0.0002,0.0,0.00017999999999999998
Wakeeta Devan,12,0.0003,0.0002,0.0,0.00017999999999999998
Jagdish Batta,12,0.0003,0.0002,0.0,0.00017999999999999998
Mekhala Manne,12,0.0003,0.0002,0.0,0.00017999999999999998
Vidhi Nayar,12,0.0003,0.0002,0.0,0.00017999999999999998
Varenya Natarajan,12,0.0003,0.0002,0.0,0.00017999999999999998
Kashish Hora,12,0.0003,0.0002,0.0,0.00017999999999999998
Nachiket Rajan,12,0.0003,0.0002,0.0,0.00017999999999999998
Meghana Muni,16,0.0003,0.0002,0.0,0.00017999999999999998
Bhavika Lad,12,0.0003,0.0002,0.0,0.00017999999999999998
Wyatt Kashyap,12,0.0003,0.0002,0.0,0.00017999999999999998
Harsh Raval,12,0.0003,0.0002,0.0,0.00017999999999999998
Mason Bhatti,16,0.0003,0.0002,0.0,0.00017999999999999998
Warjas Sachdev,12,0.0003,0.0002,0.0,0.00017999999999999998
Varenya Basak,13,0.0003,0.0002,0.0,0.00017999999999999998
Samuel Murty,12,0.0003,0.0002,0.0,0.00017999999999999998
Karan Dara,12,0.0003,0.0002,0.0,0.00017999999999999998
Warhi Prabhakar,12,0.0003,0.0002,0.0,0.00017999999999999998
Balendra Yohannan,13,0.0003,0.0002,0.0,0.00017999999999999998
Banjeet Kakar,12,0.0003,0.0002,0.0,0.00017999999999999998
Meera Kaul,12,0.0003,0.0002,0.0,0.00017999999999999998
Mitali Setty,12,0.0003,0.0002,0.0,0.00017999999999999998
Prisha Narayanan,12,0.0003,0.0002,0.0,0.00017999999999999998
Omya Pandya,12,0.0003,0.0002,0.0,0.00017999999999999998
Pratyush Mody,12,0.0003,0.0002,0.0,0.00017999999999999998
Nitesh Memon,12,0.0003,0.0002,0.0,0.00017999999999999998
Arin Ahuja,12,0.0003,0.0002,0.0,0.00017999999999999998
Nathaniel Roy,13,0.0003,0.0002,0.0,0.00017999999999999998
Andrew Thaman,12,0.0003,0.0002,0.0,0.00017999999999999998
Gaurav Walia,12,0.0003,0.0002,0.0,0.00017999999999999998
Chaman Dora,12,0.0003,0.0002,0.0,0.00017999999999999998
Ekani Oak,12,0.0003,0.0002,0.0,0.00017999999999999998
Girik Behl,12,0.0003,0.0002,0.0,0.00017999999999999998
Lakshmi Anand,13,0.0003,0.0002,0.0,0.00017999999999999998
Yoshita Sethi,13,0.0003,0.0002,0.0,0.00017999999999999998
Hiral Sabharwal,12,0.0003,0.0002,0.0,0.00017999999999999998
Manbir Choudhry,12,0.0003,0.0002,0.0,0.00017999999999999998
Rushil Sinha,12,0.0003,0.0002,0.0,0.00017999999999999998
Jatin Sridhar,12,0.0003,0.0002,0.0,0.00017999999999999998
Gagan Mahal,12,0.0003,0.0002,0.0,0.00017999999999999998
Baghyawati Dalal,12,0.0003,0.0002,0.0,0.00017999999999999998
Veda Barman,12,0.0003,0.0002,0.0,0.00017999999999999998
Jackson Mani,15,0.0003,0.0002,0.0,0.00017999999999999998
Janaki Patla,13,0.0003,0.0002,0.0,0.00017999999999999998
Lavanya Menon,13,0.0003,0.0002,0.0,0.00017999999999999998
Kabir Bedi,13,0.0003,0.0002,0.0,0.00017999999999999998
Warhi Hans,12,0.0003,0.0002,0.0,0.00017999999999999998
Rushil Pal,12,0.0003,0.0002,0.0,0.00017999999999999998
Shravya Comar,12,0.0003,0.0002,0.0,0.00017999999999999998
Ojas Bhatt,12,0.0003,0.0002,0.0,0.00017999999999999998
Vamakshi Naidu,12,0.0003,0.0002,0.0,0.00017999999999999998
Aahana Parikh,12,0.0003,0.0002,0.0,0.00017999999999999998
Jasmit Sem,13,0.0003,0.0002,0.0,0.00017999999999999998
Vrishti Shah,16,0.0003,0.0002,0.0,0.00017999999999999998
Darsh Bains,12,0.0003,0.0002,0.0,0.00017999999999999998
Neel Karan,13,0.0003,0.0002,0.0,0.00017999999999999998
Chaman Korpal,12,0.0003,0.0002,0.0,0.00017999999999999998
Omya Bajaj,12,0.0003,0.0002,0.0,0.00017999999999999998
Hiral Dass,12,0.0003,0.0002,0.0,0.00017999999999999998
Umang Sunder,12,0.0003,0.0002,0.0,0.00017999999999999998
Warhi Dugar,12,0.0003,0.0002,0.0,0.00017999999999999998
Owen Mandal,12,0.0003,0.0002,0.0,0.00017999999999999998
Tristan Bhalla,12,0.0003,0.0002,0.0,0.00017999999999999998
Irya Raju,12,0.0003,0.0002,0.0,0.00017999999999999998
Azad Uppal,13,0.0003,0.0002,0.0,0.00017999999999999998
Yashawini Jhaveri,12,0.0003,0.0002,0.0,0.00017999999999999998
Neel Bhattacharyya,12,0.0003,0.0002,0.0,0.00017999999999999998
Deepa Goda,12,0.0003,0.0002,0.0,0.00017999999999999998
Fitan Ravi,12,0.0003,0.0002,0.0,0.00017999999999999998
Chakradev Chaudhary,16,0.0003,0.0002,0.0,0.00017999999999999998
Eiravati Mukherjee,12,0.0003,0.0002,0.0,0.00017999999999999998
Adweta Kala,13,0.0003,0.0002,0.0,0.00017999999999999998
Rishi Gupta,13,0.0003,0.0002,0.0,0.00017999999999999998
Anirudh Balay,13,0.0003,0.0002,0.0,0.00017999999999999998
Oni Ranganathan,12,0.0003,0.0002,0.0,0.00017999999999999998
Baljiwan Boase,12,0.0003,0.0002,0.0,0.00017999999999999998
Tanvi Morar,13,0.0003,0.0002,0.0,0.00017999999999999998
Rishi Karnik,12,0.0003,0.0002,0.0,0.00017999999999999998
Krisha Chand,13,0.0003,0.0002,0.0,0.00017999999999999998
Sachi Barad,12,0.0003,0.0002,0.0,0.00017999999999999998
Falak Jha,12,0.0003,0.0002,0.0,0.00017999999999999998
Eesha Palla,12,0.0003,0.0002,0.0,0.00017999999999999998
Pushti Hayer,12,0.0003,0.0002,0.0,0.00017999999999999998
Zashil Palan,13,0.0003,0.0002,0.0,0.00017999999999999998
Gabriel Din,12,0.0003,0.0002,0.0,0.00017999999999999998
Hemang Sarma,12,0.0003,0.0002,0.0,0.00017999999999999998
Harsh Ramanathan,14,0.0003,0.0002,0.0,0.00017999999999999998
Oni Bava,12,0.0003,0.0002,0.0,0.00017999999999999998
Yoshita Kothari,12,0.0003,0.0002,0.0,0.00017999999999999998
Idika Naik,12,0.0003,0.0002,0.0,0.00017999999999999998
Orinder Sarma,12,0.0003,0.0002,0.0,0.00017999999999999998
Wriddhish Sandal,12,0.0003,0.0002,0.0,0.00017999999999999998
Chandresh Mani,12,0.0003,0.0002,0.0,0.00017999999999999998
Kalpit Bhandari,12,0.0003,0.0002,0.0,0.00017999999999999998
Chaitaly Ravel,12,0.0003,0.0002,0.0,0.00017999999999999998
Harinakshi Thakur,14,0.0003,0.0002,0.0,0.00017999999999999998
Daksh Korpal,12,0.0003,0.0002,0.0,0.00017999999999999998
Avni Bhattacharyya,12,0.0003,0.0002,0.0,0.00017999999999999998
Charvi Sandhu,12,0.0003,0.0002,0.0,0.00017999999999999998
Amruta Chawla,12,0.0003,0.0002,0.0,0.00017999999999999998
Nakul Sur,12,0.0003,0.0002,0.0,0.00017999999999999998
Dalbir Kothari,12,0.0003,0.0002,0.0,0.00017999999999999998
Lekha Maharaj,12,0.0003,0.0002,0.0,0.00017999999999999998
Jagat Kunda,12,0.0003,0.0002,0.0,0.00017999999999999998
Omkaar Rastogi,12,0.0003,0.0002,0.0,0.00017999999999999998
Kritika Dixit,12,0.0003,0.0002,0.0,0.00017999999999999998
Zarna Sandal,12,0.0003,0.0002,0.0,0.00017999999999999998
Omya Palla,13,0.0003,0.0002,0.0,0.00017999999999999998
Zarna Acharya,12,0.0003,0.0002,0.0,0.00017999999999999998
Arunima Barman,12,0.0003,0.0002,0.0,0.00017999999999999998
Balendra Palla,12,0.0003,0.0002,0.0,0.00017999999999999998
Wyatt Krishna,12,0.0003,0.0002,0.0,0.00017999999999999998
Ijaya Pillay,12,0.0003,0.0002,0.0,0.00017999999999999998
Luke Oza,12,0.0003,0.0002,0.0,0.00017999999999999998
Kashvi Vaidya,12,0.0003,0.0002,0.0,0.00017999999999999998
Henry Sachdev,12,0.0003,0.0002,0.0,0.00017999999999999998
Varenya Mutti,12,0.0003,0.0002,0.0,0.00017999999999999998
Ronith Karpe,12,0.0003,0.0002,0.0,0.00017999999999999998
Agastya Buch,12,0.0003,0.0002,0.0,0.00017999999999999998
Wakeeta Deshmukh,12,0.0003,0.0002,0.0,0.00017999999999999998
Gaurika Dhar,12,0.0003,0.0002,0.0,0.00017999999999999998
Gaurika Dara,12,0.0003,0.0002,0.0,0.00017999999999999998
Gautam Virk,12,0.0003,0.0002,0.0,0.00017999999999999998
Sarthak Manne,12,0.0003,0.0002,0.0,0.00017999999999999998
Zarna Kanda,13,0.0003,0.0002,0.0,0.00017999999999999998
Advay Gopal,12,0.0003,0.0002,0.0,0.00017999999999999998
Ryan Gupta,12,0.0003,0.0002,0.0,0.00017999999999999998
Chakradev Dayal,12,0.0003,0.0002,0.0,0.00017999999999999998
Sarthak Sangha,12,0.0003,0.0002,0.0,0.00017999999999999998
Janaki Arora,12,0.0003,0.0002,0.0,0.00017999999999999998
Jackson Barad,12,0.0003,0.0002,0.0,0.00017999999999999998
Fariq Kaur,12,0.0003,0.0002,0.0,0.00017999999999999998
Falan Muni,12,0.0003,0.0002,0.0,0.00017999999999999998
Aditya Rajagopal,12,0.0003,0.0002,0.0,0.00017999999999999998
Alka Kata,12,0.0003,0.0002,0.0,0.00017999999999999998
Ethan Dey,13,0.0003,0.0002,0.0,0.00017999999999999998
Gautami Kannan,12,0.0003,0.0002,0.0,0.00017999999999999998
Wishi Parmer,12,0.0003,0.0002,0.0,0.00017999999999999998
Nimrat Loke,12,0.0003,0.0002,0.0,0.00017999999999999998
Xiti Dhar,13,0.0003,0.0002,0.0,0.00017999999999999998
Chandran Guha,12,0.0003,0.0002,0.0,0.00017999999999999998
Dalbir Rattan,12,0.0003,0.0002,0.0,0.00017999999999999998
Upasna Seshadri,12,0.0003,0.0002,0.0,0.00017999999999999998
Widisha Dhar,13,0.0003,0.0002,0.0,0.00017999999999999998
Rudra Mitra,13,0.0003,0.0002,0.0,0.00017999999999999998
Charita Mutti,12,0.0003,0.0002,0.0,0.00017999999999999998
Watika Sampath,12,0.0003,0.0002,0.0,0.00017999999999999998
Nitesh Gokhale,12,0.0003,0.0002,0.0,0.00017999999999999998
Lekha Halder,13,0.0003,0.0002,0.0,0.00017999999999999998
Ikshita Banik,12,0.0003,0.0002,0.0,0.00017999999999999998
Gayathri Korpal,12,0.0003,0.0002,0.0,0.00017999999999999998
Vasana Bhakta,14,0.0003,0.0002,0.0,0.00017999999999999998
Zaitra Dara,12,0.0003,0.0002,0.0,0.00017999999999999998
Lakshmi Sama,15,0.0003,0.0002,0.0,0.00017999999999999998
Jeevika Prakash,15,0.0003,0.0002,0.0,0.00017999999999999998
Ekantika Das,12,0.0003,0.0002,0.0,0.00017999999999999998
Utkarsh Kapoor,12,0.0003,0.0002,0.0,0.00017999999999999998
Bhavya Bhandari,12,0.0003,0.0002,0.0,0.00017999999999999998
Brijesh Dhar,12,0.0003,0.0002,0.0,0.00017999999999999998
Sanaya Seth,12,0.0003,0.0002,0.0,0.00017999999999999998
Upkaar Dar,12,0.0003,0.0002,0.0,0.00017999999999999998
Ishita Kumer,12,0.0003,0.0002,0.0,0.00017999999999999998
Ekalinga Dhar,12,0.0003,0.0002,0.0,0.00017999999999999998
Nachiket Ahuja,14,0.0003,0.0002,0.0,0.00017999999999999998
Rachit Borah,12,0.0003,0.0002,0.0,0.00017999999999999998
Udarsh Ganguly,12,0.0003,0.0002,0.0,0.00017999999999999998
Anamika Varghese,12,0.0003,0.0002,0.0,0.00017999999999999998
Leela Hari,12,0.0003,0.0002,0.0,0.00017999999999999998
Zayyan Pillay,12,0.0003,0.0002,0.0,0.00017999999999999998
Aarnav Dey,12,0.0003,0.0002,0.0,0.00017999999999999998
Tejas Konda,12,0.0003,0.0002,0.0,0.00017999999999999998
Jairaj Hans,13,0.0003,0.0002,0.0,0.00017999999999999998
Rajeshri Ben,12,0.0003,0.0002,0.0,0.00017999999999999998
Gavin Dhillon,12,0.0003,0.0002,0.0,0.00017999999999999998
Damini Chadha,13,0.0003,0.0002,0.0,0.00017999999999999998
Bimala Agrawal,12,0.0003,0.0002,0.0,0.00017999999999999998
Unni Deshmukh,12,0.0003,0.0002,0.0,0.00017999999999999998
Samar Goyal,12,0.0003,0.0002,0.0,0.00017999999999999998
Arya Shankar,12,0.0003,0.0002,0.0,0.00017999999999999998
Zashil Natt,13,0.0003,0.0002,0.0,0.00017999999999999998
Watika Agarwal,13,0.0003,0.0002,0.0,0.00017999999999999998
Vivaan Prabhu,12,0.0003,0.0002,0.0,0.00017999999999999998
Nachiket Nanda,12,0.0003,0.0002,0.0,0.00017999999999999998
Qushi Parsa,12,0.0003,0.0001,0.0,0.00015
Rudra Parsa,12,0.0003,0.0001,0.0,0.00015
Ishita Arora,12,0.0003,0.0001,0.0,0.00015
Tanvi Datta,12,0.0003,0.0001,0.0,0.00015
Maanav Kamdar,12,0.0003,0.0001,0.0,0.00015
Rachana Sundaram,12,0.0003,0.0001,0.0,0.00015
Irya Kala,12,0.0003,0.0001,0.0,0.00015
Chameli Dara,12,0.0003,0.0001,0.0,0.00015
Henry Sha,12,0.0003,0.0001,0.0,0.00015
Noah Kata,12,0.0003,0.0001,0.0,0.00015
Aarav Raja,12,0.0003,0.0001,0.0,0.00015
Vaishnavi Prashad,12,0.0003,0.0001,0.0,0.00015
Omaja Desai,12,0.0003,0.0001,0.0,0.00015
Hemal Seshadri,12,0.0003,0.0001,0.0,0.00015
Abhimanyu Sengupta,12,0.0003,0.0001,0.0,0.00015
Harsh Buch,12,0.0003,0.0001,0.0,0.00015
Ria Srinivas,12,0.0003,0.0001,0.0,0.00015
Oliver Chadha,12,0.0003,0.0001,0.0,0.00015
Ikshita Gala,12,0.0003,0.0001,0.0,0.00015
Falguni Issac,12,0.0003,0.0001,0.0,0.00015
Vidhi Deol,13,0.0003,0.0001,0.0,0.00015
Samesh Srivastava,12,0.0003,0.0001,0.0,0.00015
Shravya Goel,12,0.0003,0.0001,0.0,0.00015
Chakrika Kala,12,0.0003,0.0001,0.0,0.00015
Rishi Narasimhan,12,0.0003,0.0001,0.0,0.00015
Vrinda Nair,12,0.0003,0.0001,0.0,0.00015
Xavier Chatterjee,12,0.0003,0.0001,0.0,0.00015
Vedhika Rajagopal,12,0.0003,0.0001,0.0,0.00015
Jeevika Kumar,12,0.0003,0.0001,0.0,0.00015
Kamya Bedi,12,0.0003,0.0001,0.0,0.00015
Ekapad Sathe,12,0.0003,0.0001,0.0,0.00015
Yachana Rajagopal,12,0.0003,0.0001,0.0,0.00015
Tripti Bahri,12,0.0003,0.0001,0.0,0.00015
Darika Ratti,12,0.0003,0.0001,0.0,0.00015
Qasim Chhabra,12,0.0003,0.0001,0.0,0.00015
Azad Sidhu,12,0.0003,0.0001,0.0,0.00015
Balhaar Gera,12,0.0003,0.0001,0.0,0.00015
Christopher Shukla,12,0.0003,0.0001,0.0,0.00015
Urishilla Sehgal,12,0.0003,0.0001,0.0,0.00015
Rajata Salvi,12,0.0003,0.0001,0.0,0.00015
Eshana Varghese,12,0.0003,0.0001,0.0,0.00015
Chandran Narula,12,0.0003,0.0001,0.0,0.00015
Saksham Sidhu,12,0.0003,0.0001,0.0,0.00015
Indira Sengupta,13,0.0003,0.0001,0.0,0.00015
Nidhi Sridhar,12,0.0003,0.0001,0.0,0.00015
Isaac Buch,12,0.0003,0.0001,0.0,0.00015
Yatin Verma,12,0.0003,0.0001,0.0,0.00015
Ubika Buch,13,0.0003,0.0001,0.0,0.00015
Kritika Pingle,12,0.0003,0.0001,0.0,0.00015
Jagat Dey,12,0.0003,0.0001,0.0,0.00015
Manya Luthra,12,0.0003,0.0001,0.0,0.00015
Udarsh Toor,12,0.0003,0.0001,0.0,0.00015
Watika Rattan,12,0.0003,0.0001,0.0,0.00015
Dhriti Sachar,12,0.0003,0.0001,0.0,0.00015
Raghav Handa,12,0.0003,0.0001,0.0,0.00015
Edhitha Soni,12,0.0003,0.0001,0.0,0.00015
Logan Sharaf,12,0.0003,0.0001,0.0,0.00015
Faraj Setty,12,0.0003,0.0001,0.0,0.00015
Jasmit Palla,12,0.0003,0.0001,0.0,0.00015
Bachittar Samra,12,0.0003,0.0001,0.0,0.00015
Urvashi Brahmbhatt,12,0.0003,0.0001,0.0,0.00015
Max Randhawa,12,0.0003,0.0001,0.0,0.00015
Arjun Dasgupta,12,0.0003,0.0001,0.0,0.00015
Wazir Biswas,12,0.0003,0.0001,0.0,0.00015
Krishna Mangal,12,0.0003,0.0001,0.0,0.00015
Krish Kari,12,0.0003,0.0001,0.0,0.00015
Lipika Bala,12,0.0003,0.0001,0.0,0.00015
Qushi Prashad,12,0.0003,0.0001,0.0,0.00015
Farhan Bhagat,12,0.0003,0.0001,0.0,0.00015
Osha Dutta,12,0.0003,0.0001,0.0,0.00015
Sathvik Manne,12,0.0003,0.0001,0.0,0.00015
Harini Ratta,12,0.0003,0.0001,0.0,0.00015
Victor Bali,12,0.0003,0.0001,0.0,0.00015
Rachita Trivedi,12,0.0003,0.0001,0.0,0.00015
Omya Dutta,12,0.0003,0.0001,0.0,0.00015
Ayush Oza,12,0.0003,0.0001,0.0,0.00015
Nilima Shankar,12,0.0003,0.0001,0.0,0.00015
Hritik Kibe,12,0.0003,0.0001,0.0,0.00015
Vrinda Sant,12,0.0003,0.0001,0.0,0.00015
Charvi Sami,12,0.0003,0.0001,0.0,0.00015
Chandresh Mandal,12,0.0003,0.0001,0.0,0.00015
Jatin Keer,12,0.0003,0.0001,0.0,0.00015
Vrishti Deshmukh,12,0.0003,0.0001,0.0,0.00015
Anmol Bhagat,12,0.0003,0.0001,0.0,0.00015
Meghana Chadha,12,0.0003,0.0001,0.0,0.00015
Chakradhar Ramaswamy,12,0.0003,0.0001,0.0,0.00015
Hiral Thakur,12,0.0003,0.0001,0.0,0.00015
Liam Dara,12,0.0003,0.0001,0.0,0.00015
Dayamai Kakar,12,0.0003,0.0001,0.0,0.00015
Libni Pillay,12,0.0003,0.0001,0.0,0.00015
Amara Sekhon,13,0.0003,0.0001,0.0,0.00015
Faris Bhakta,12,0.0003,0.0001,0.0,0.00015
Ishanvi Ramanathan,12,0.0003,0.0001,0.0,0.00015
Atharv Varma,12,0.0003,0.0001,0.0,0.00015
Devansh Gupta,12,0.0003,0.0001,0.0,0.00015
Girindra Chahal,12,0.0003,0.0001,0.0,0.00015
Utkarsh Singh,12,0.0003,0.0001,0.0,0.00015
Varenya Sandhu,12,0.0003,0.0001,0.0,0.00015
Janya Dugar,13,0.0003,0.0001,0.0,0.00015
Baljiwan Garde,12,0.0003,0.0001,0.0,0.00015
Triya Kumer,12,0.0003,0.0001,0.0,0.00015
Jagrati Ramakrishnan,12,0.0003,0.0001,0.0,0.00015
Chanakya Suresh,12,0.0003,0.0001,0.0,0.00015
Chandani Dara,12,0.0003,0.0001,0.0,0.00015
Eta Devi,13,0.0003,0.0001,0.0,0.00015
Vasana Barman,12,0.0003,0.0001,0.0,0.00015
Meghana Ramaswamy,12,0.0003,0.0001,0.0,0.00015
Warda Date,12,0.0003,0.0001,0.0,0.00015
Ganga Sunder,12,0.0003,0.0001,0.0,0.00015
Akshay Goswami,12,0.0003,0.0001,0.0,0.00015
Jatin Acharya,12,0.0003,0.0001,0.0,0.00015
Zayan Krishna,12,0.0003,0.0001,0.0,0.00015
Upadhriti Jani,12,0.0003,0.0001,0.0,0.00015
Tanmayi Samra,12,0.0003,0.0001,0.0,0.00015
Faqid Karpe,12,0.0003,0.0001,0.0,0.00015
Siddharth Subramaniam,12,0.0003,0.0001,0.0,0.00015
Faris Gill,12,0.0003,0.0001,0.0,0.00015
Aarna Raval,12,0.0003,0.0001,0.0,0.00015
Omya Bhasin,12,0.0003,0.0001,0.0,0.00015
Mohini Kalla,12,0.0003,0.0001,0.0,0.00015
Gaurika Pathak,12,0.0003,0.0001,0.0,0.00015
Keya Bali,12,0.0003,0.0001,0.0,0.00015
Inaya Aurora,12,0.0003,0.0001,0.0,0.00015
Gopal Choudhry,12,0.0003,0.0001,0.0,0.00015
Kabir Bhakta,12,0.0003,0.0001,0.0,0.00015
Shaurya Sibal,12,0.0003,0.0001,0.0,0.00015
Ethan Raj,12,0.0003,0.0001,0.0,0.00015
Raksha Mani,12,0.0003,0.0001,0.0,0.00015
Upma Das,12,0.0003,0.0001,0.0,0.00015
Lajita Lata,12,0.0003,0.0001,0.0,0.00015
Isha Bhakta,13,0.0003,0.0001,0.0,0.00015
Lopa Saha,12,0.0003,0.0001,0.0,0.00015
Gaurika Chatterjee,12,0.0003,0.0001,0.0,0.00015
Omya Dhar,12,0.0003,0.0001,0.0,0.00015
Ekaraj Basu,12,0.0003,0.0001,0.0,0.00015
Bhavika Pandit,12,0.0003,0.0001,0.0,0.00015
Teerth Ramesh,12,0.0003,0.0001,0.0,0.00015
Viraj Sandhu,12,0.0003,0.0001,0.0,0.00015
Onveer Dasgupta,12,0.0003,0.0001,0.0,0.00015
Hiral Bala,12,0.0003,0.0001,0.0,0.00015
Devansh Sekhon,12,0.0003,0.0001,0.0,0.00015
Oeshi Bali,12,0.0003,0.0001,0.0,0.00015
Sanaya Raju,12,0.0003,0.0001,0.0,0.00015
Nidhi Sodhi,12,0.0003,0.0001,0.0,0.00015
Vinaya Nath,12,0.0003,0.0001,0.0,0.00015
Vrinda Chokshi,12,0.0003,0.0001,0.0,0.00015
Wakeeta Din,12,0.0003,0.0001,0.0,0.00015
Utkarsh Peri,12,0.0003,0.0001,0.0,0.00015
Nisha Sathe,13,0.0003,0.0001,0.0,0.00015
Onveer Rana,12,0.0003,0.0001,0.0,0.00015
Anjali Memon,12,0.0003,0.0001,0.0,0.00015
Arunima Lall,12,0.0003,0.0001,0.0,0.00015
Azad Varma,12,0.0003,0.0001,0.0,0.00015
Anmol Rajan,12,0.0003,0.0001,0.0,0.00015
Mahika Gade,13,0.0003,0.0001,0.0,0.00015
Pushti Arora,12,0.0003,0.0001,0.0,0.00015
Christopher Dewan,12,0.0003,0.0001,0.0,0.00015
Urvi Bera,12,0.0003,0.0001,0.0,0.00015
Rajeshri Dugar,13,0.0003,0.0001,0.0,0.00015
Harinakshi Koshy,13,0.0003,0.0001,0.0,0.00015
Yash Kohli,12,0.0003,0.0001,0.0,0.00015
Kamala Munshi,12,0.0003,0.0001,0.0,0.00015
Ishwar Pau,12,0.0003,0.0001,0.0,0.00015
Agastya Amble,12,0.0003,0.0001,0.0,0.00015
Eta Rastogi,12,0.0003,0.0001,0.0,0.00015
Pooja Chandra,12,0.0003,0.0001,0.0,0.00015
Rudra Reddy,12,0.0003,0.0001,0.0,0.00015
Nimrat Bora,12,0.0003,0.0001,0.0,0.00015
Kritika Suri,12,0.0003,0.0001,0.0,0.00015
Tanish Dar,12,0.0003,0.0001,0.0,0.00015
Lavanya Bansal,12,0.0003,0.0001,0.0,0.00015
Nihal Pandya,12,0.0003,0.0001,0.0,0.00015
Nakul Banerjee,12,0.0003,0.0001,0.0,0.00015
Ekaja Sankaran,12,0.0003,0.0001,0.0,0.00015
Omya Morar,12,0.0003,0.0001,0.0,0.00015
Faraj Thakur,12,0.0003,0.0001,0.0,0.00015
Advika Sha,12,0.0003,0.0001,0.0,0.00015
Zaid Jaggi,12,0.0003,0.0001,0.0,0.00015
Xalak Kumer,12,0.0003,0.0001,0.0,0.00015
Kashvi Korpal,12,0.0003,0.0001,0.0,0.00015
Dhruv Sawhney,12,0.0003,0.0001,0.0,0.00015
Rishi Chaudry,12,0.0003,0.0001,0.0,0.00015
Anmol Sharma,12,0.0003,0.0001,0.0,0.00015
Raagini Bala,13,0.0003,0.0001,0.0,0.00015
Chakrika Mall,12,0.0003,0.0001,0.0,0.00015
Zarna Sheth,12,0.0003,0.0001,0.0,0.00015
Ekapad Sundaram,12,0.0003,0.0001,0.0,0.00015
Lavanya Oak,12,0.0003,0.0001,0.0,0.00015
Ekantika Chaudhry,12,0.0003,0.0001,0.0,0.00015
Vyanjana Dara,12,0.0003,0.0001,0.0,0.00015
Kamala Pingle,12,0.0003,0.0001,0.0,0.00015
Jagrati Varkey,12,0.0003,0.0001,0.0,0.00015
Aadhya Saraf,12,0.0003,0.0001,0.0,0.00015
Zayyan Palla,12,0.0003,0.0001,0.0,0.00015
Girish Bhatnagar,12,0.0003,0.0001,0.0,0.00015
Bishakha Saxena,12,0.0003,0.0001,0.0,0.00015
Wakeeta Ravel,13,0.0003,0.0001,0.0,0.00015
Lekha Singhal,12,0.0003,0.0001,0.0,0.00015
Mitali Iyer,12,0.0003,0.0001,0.0,0.00015
Rishi Sathe,12,0.0003,0.0001,0.0,0.00015
Daksh Gour,12,0.0003,0.0001,0.0,0.00015
William Varma,12,0.0003,0.0001,0.0,0.00015
Ranveer Ramakrishnan,12,0.0003,0.0001,0.0,0.00015
Madhavi Luthra,12,0.0003,0.0001,0.0,0.00015
Xiti Bava,12,0.0003,0.0001,0.0,0.00015
Mohini Som,12,0.0003,0.0001,0.0,0.00015
Neha Karan,12,0.0003,0.0001,0.0,0.00015
Abdul Vasa,12,0.0003,0.0001,0.0,0.00015
Pavani Grewal,12,0.0003,0.0001,0.0,0.00015
Urvashi Dixit,12,0.0003,0.0001,0.0,0.00015
Ansh Ravi,12,0.0003,0.0001,0.0,0.00015
Lucky Raja,12,0.0003,0.0001,0.0,0.00015
Chatura Reddy,12,0.0003,0.0001,0.0,0.00015
Rishi Badal,12,0.0003,0.0001,0.0,0.00015
Azad Wagle,12,0.0003,0.0001,0.0,0.00015
Naksh Gaba,12,0.0003,0.0001,0.0,0.00015
Jatin Balasubramanian,13,0.0003,0.0001,0.0,0.00015
Nachiket Gara,12,0.0003,0.0001,0.0,0.00015
Timothy Sachdeva,12,0.0003,0.0001,0.0,0.00015
Zaitra Dani,12,0.0003,0.0001,0.0,0.00015
Wriddhish Mohan,12,0.0003,0.0001,0.0,0.00015
Harish Nadkarni,12,0.0003,0.0001,0.0,0.00015
Chatura Kala,12,0.0003,0.0001,0.0,0.00015
Bhanumati Doctor,12,0.0003,0.0001,0.0,0.00015
Geetika Goel,12,0.0003,0.0001,0.0,0.00015
Chaitanya Kamdar,12,0.0003,0.0001,0.0,0.00015
Ira Krish,12,0.0003,0.0001,0.0,0.00015
Dev Andra,12,0.0003,0.0001,0.0,0.00015
Nidra Talwar,12,0.0003,0.0001,0.0,0.00015
Kai Sengupta,12,0.0003,0.0001,0.0,0.00015
Vrishti Bal,12,0.0003,0.0001,0.0,0.00015
Lucky Pandey,12,0.0003,0.0001,0.0,0.00015
Hardik Sibal,12,0.0003,0.0001,0.0,0.00015
Ekaja Shankar,12,0.0003,0.0001,0.0,0.00015
Aditya Wali,12,0.0003,0.0001,0.0,0.00015
Urishilla Bhakta,12,0.0003,0.0001,0.0,0.00015
Krishna Bal,12,0.0003,0.0001,0.0,0.00015
Omisha Choudhary,12,0.0003,0.0001,0.0,0.00015
Gautam Toor,12,0.0003,0.0001,0.0,0.00015
Vedika Suri,12,0.0003,0.0001,0.0,0.00015
Alka Solanki,12,0.0003,0.0001,0.0,0.00015
Unni Chauhan,13,0.0003,0.0001,0.0,0.00015
Keya Solanki,12,0.0003,0.0001,0.0,0.00015
Jeevika Loyal,12,0.0003,0.0001,0.0,0.00015
George Sane,12,0.0003,0.0001,0.0,0.00015
Gabriel Kunda,12,0.0003,0.0001,0.0,0.00015
Nathaniel Sengupta,12,0.0003,0.0001,0.0,0.00015
Girindra Palla,12,0.0003,0.0001,0.0,0.00015
Leela Krishnamurthy,12,0.0003,0.0001,0.0,0.00015
Aahana Dave,12,0.0003,0.0001,0.0,0.00015
Jonathan Seshadri,12,0.0003,0.0001,0.0,0.00015
Abdul Rai,12,0.0003,0.0001,0.0,0.00015
Niharika Merchant,12,0.0003,0.0001,0.0,0.00015
Yutika Lad,12,0.0003,0.0001,0.0,0.00015
Diya Kalla,12,0.0003,0.0001,0.0,0.00015
Ekta Memon,12,0.0003,0.0001,0.0,0.00015
Gauri Ghosh,12,0.0003,0.0001,0.0,0.00015
Jagdish Chand,12,0.0003,0.0001,0.0,0.00015
Bhavini Memon,12,0.0003,0.0001,0.0,0.00015
Anya Saha,12,0.0003,0.0001,0.0,0.00015
Naksh Krishnamurthy,12,0.0003,0.0001,0.0,0.00015
Ikshita Reddy,12,0.0003,0.0001,0.0,0.00015
Sarthak Raja,12,0.0003,0.0001,0.0,0.00015
Lekha Shukla,12,0.0003,0.0001,0.0,0.00015
Hemangini Bala,12,0.0003,0.0001,0.0,0.00015
Dipta Banerjee,12,0.0003,0.0001,0.0,0.00015
Gaurika Varty,12,0.0003,0.0001,0.0,0.00015
Ishwar Tiwari,12,0.0003,0.0001,0.0,0.00015
Wakeeta Kaul,12,0.0003,0.0001,0.0,0.00015
Lipika Saha,12,0.0003,0.0001,0.0,0.00015
Wriddhish Pandit,12,0.0003,0.0001,0.0,0.00015
Logan Sachdev,12,0.0003,0.0001,0.0,0.00015
Samaksh Raman,12,0.0003,0.0001,0.0,0.00015
Daksh Sinha,12,0.0003,0.0001,0.0,0.00015
Vedhika Dewan,12,0.0003,0.0001,0.0,0.00015
Yadavi Kala,12,0.0003,0.0001,0.0,0.00015
Jhalak Sethi,12,0.0003,0.0001,0.0,0.00015
Wahab Srinivas,12,0.0003,0.0001,0.0,0.00015
Triveni Madan,12,0.0003,0.0001,0.0,0.00015
Max Prabhu,12,0.0003,0.0001,0.0,0.00015
Aachal Upadhyay,12,0.0003,0.0001,0.0,0.00015
Bhavika Ganguly,12,0.0003,0.0001,0.0,0.00015
Alexander Saraf,12,0.0003,0.0001,0.0,0.00015
Dalbir Madan,12,0.0003,0.0001,0.0,0.00015
Ishaan Dhar,12,0.0003,0.0001,0.0,0.00015
Avni Nanda,12,0.0003,0.0001,0.0,0.00015
Wahab Kunda,12,0.0003,0.0001,0.0,0.00015
Liam Buch,12,0.0003,0.0001,0.0,0.00015
Anamika Srivastava,13,0.0003,0.0001,0.0,0.00015
Bhavna Zacharia,12,0.0003,0.0001,0.0,0.00015
Indira Vala,12,0.0003,0.0001,0.0,0.00015
Diya Cherian,12,0.0003,0.0001,0.0,0.00015
Isaiah Loyal,12,0.0003,0.0001,0.0,0.00015
Mitali Sarma,12,0.0003,0.0001,0.0,0.00015
Henry Bansal,12,0.0003,0.0001,0.0,0.00015
Pallavi Din,12,0.0003,0.0001,0.0,0.00015
Gabriel Pradhan,13,0.0003,0.0001,0.0,0.00015
Upasna Sunder,12,0.0003,0.0001,0.0,0.00015
Harish Sampath,12,0.0003,0.0001,0.0,0.00015
Edhitha Tak,12,0.0003,0.0001,0.0,0.00015
Azad Dhar,12,0.0003,0.0001,0.0,0.00015
Nidhi Sawhney,12,0.0003,0.0001,0.0,0.00015
Pratyush Bala,12,0.0003,0.0001,0.0,0.00015
Aarnav Kumar,12,0.0003,0.0001,0.0,0.00015
Om Mohanty,12,0.0003,0.0001,0.0,0.00015
Faraj Bhattacharyya,12,0.0003,0.0001,0.0,0.00015
Vedika Maharaj,12,0.0003,0.0001,0.0,0.00015
Ganga Kala,13,0.0003,0.0001,0.0,0.00015
Niharika Pai,12,0.0003,0.0001,0.0,0.00015
Banjeet Wali,12,0.0003,0.0001,0.0,0.00015
Barkha Garg,13,0.0003,0.0001,0.0,0.00015
Vedhika Chahal,12,0.0003,0.0001,0.0,0.00015
Keya Lata,12,0.0003,0.0001,0.0,0.00015
Yutika Dutta,12,0.0003,0.0001,0.0,0.00015
Jalsa Madan,12,0.0003,0.0001,0.0,0.00015
Christopher Sant,12,0.0003,0.0001,0.0,0.00015
Dhruv Rastogi,12,0.0003,0.0001,0.0,0.00015
Vinaya Chawla,12,0.0003,0.0001,0.0,0.00015
Bimala Nori,12,0.0003,0.0001,0.0,0.00015
Tripti Sodhi,12,0.0003,0.0001,0.0,0.00015
Naveen Sahni,12,0.0003,0.0001,0.0,0.00015
Warinder Aurora,12,0.0003,0.0001,0.0,0.00015
Anay Bhasin,12,0.0003,0.0001,0.0,0.00015
Veda Sachar,12,0.0003,0.0001,0.0,0.00015
Zayan Bhasin,12,0.0003,0.0001,0.0,0.00015
Chasmum Saraf,12,0.0003,0.0001,0.0,0.00015
Isaiah Bora,12,0.0003,0.0001,0.0,0.00015
Aahana Bhardwaj,12,0.0003,0.0001,0.0,0.00015
Balendra Sahni,12,0.0003,0.0001,0.0,0.00015
Faraj Deshmukh,12,0.0003,0.0001,0.0,0.00015
Chakradhar Bose,13,0.0003,0.0001,0.0,0.00015
Sai Agrawal,13,0.0003,0.0001,0.0,0.00015
Yochana Cheema,12,0.0003,0.0001,0.0,0.00015
Atharv Bir,12,0.0003,0.0001,0.0,0.00015
Mitali Hegde,12,0.0003,0.0001,0.0,0.00015
Yatan Loyal,12,0.0003,0.0001,0.0,0.00015
Krishna Naik,13,0.0003,0.0001,0.0,0.00015
Ekiya Solanki,12,0.0003,0.0001,0.0,0.00015
Pavani Cheema,12,0.0003,0.0001,0.0,0.00015
Bina Rao,12,0.0003,0.0001,0.0,0.00015
Upasna Mani,12,0.0003,0.0001,0.0,0.00015
Hemal Brar,12,0.0003,0.0001,0.0,0.00015
Anya Grewal,12,0.0003,0.0001,0.0,0.00015
Pratyush Kota,12,0.0003,0.0001,0.0,0.00015
Isha Rege,12,0.0003,0.0001,0.0,0.00015
Liam Mall,13,0.0003,0.0001,0.0,0.00015
Wakeeta Sachar,13,0.0003,0.0001,0.0,0.00015
Vyanjana Batra,12,0.0003,0.0001,0.0,0.00015
Wishi Kar,12,0.0003,0.0001,0.0,0.00015
Siddharth Mann,12,0.0003,0.0001,0.0,0.00015
Quincy Ranganathan,12,0.0003,0.0001,0.0,0.00015
Jonathan Kale,12,0.0003,0.0001,0.0,0.00015
Gaurav Khare,12,0.0003,0.0001,0.0,0.00015
Eshana Mukherjee,12,0.0003,0.0001,0.0,0.00015
Lopa Kumer,12,0.0003,0.0001,0.0,0.00015
Raagini Subramaniam,12,0.0003,0.0001,0.0,0.00015
Saksham Maharaj,12,0.0003,0.0001,0.0,0.00015
Pooja Kala,12,0.0003,0.0001,0.0,0.00015
Aahana Wali,14,0.0003,0.0001,0.0,0.00015
Samarth Chander,12,0.0003,0.0001,0.0,0.00015
Chatura Sanghvi,12,0.0003,0.0001,0.0,0.00015
Ranbir Wadhwa,12,0.0003,0.0001,0.0,0.00015
Zaid Anand,13,0.0003,0.0001,0.0,0.00015
Megha Pandey,12,0.0003,0.0001,0.0,0.00015
Jai Majumdar,12,0.0003,0.0001,0.0,0.00015
Tanvi Vasa,12,0.0003,0.0001,0.0,0.00015
Hritik Upadhyay,13,0.0003,0.0001,0.0,0.00015
Jatin Vora,12,0.0003,0.0001,0.0,0.00015
Jagdish Patil,12,0.0003,0.0001,0.0,0.00015
Yug Kunda,12,0.0003,0.0001,0.0,0.00015
Abhimanyu Sahota,12,0.0003,0.0001,0.0,0.00015
Hritik Vyas,12,0.0003,0.0001,0.0,0.00015
Isaiah Goswami,12,0.0003,0.0001,0.0,0.00015
Naveen Bhatia,12,0.0003,0.0001,0.0,0.00015
Harrison Dhawan,13,0.0003,0.0001,0.0,0.00015
William Mitter,12,0.0003,0.0001,0.0,0.00015
Divya Sathe,12,0.0003,0.0001,0.0,0.00015
Aarav Gour,12,0.0003,0.0001,0.0,0.00015
Ekta Vyas,12,0.0003,0.0001,0.0,0.00015
Yamini Rao,12,0.0003,0.0001,0.0,0.00015
Zayyan Tailor,12,0.0003,0.0001,0.0,0.00015
Vinaya Mukhopadhyay,12,0.0003,0.0001,0.0,0.00015
Ekanta Vala,12,0.0003,0.0001,0.0,0.00015
Pranav Prakash,12,0.0003,0.0001,0.0,0.00015
Wazir Dayal,12,0.0003,0.0001,0.0,0.00015
Zayyan Randhawa,12,0.0003,0.0001,0.0,0.00015
Dominic Ghose,12,0.0003,0.0001,0.0,0.00015
Ethan Koshy,12,0.0003,0.0001,0.0,0.00015
Kamya Goyal,12,0.0003,0.0001,0.0,0.00015
Frederick Prasad,12,0.0003,0.0001,0.0,0.00015
Rachit Chandra,12,0.0003,0.0001,0.0,0.00015
Pallavi Balasubramanian,12,0.0003,0.0001,0.0,0.00015
Yachana Balay,12,0.0003,0.0001,0.0,0.00015
Udarsh Bora,12,0.0003,0.0001,0.0,0.00015
Charvi Butala,12,0.0003,0.0001,0.0,0.00015
Chakradev Dhar,12,0.0003,0.0001,0.0,0.00015
Guneet Deshpande,12,0.0003,0.0001,0.0,0.00015
Oeshi Bhavsar,12,0.0003,0.0001,0.0,0.00015
Sarthak Arora,12,0.0003,0.0001,0.0,0.00015
Upasna Sachar,12,0.0003,0.0001,0.0,0.00015
Lipika Memon,12,0.0003,0.0001,0.0,0.00015
Ekbal Brar,12,0.0003,0.0001,0.0,0.00015
Zaid Gulati,12,0.0003,0.0001,0.0,0.00015
Aadhya Borah,12,0.0003,0.0001,0.0,0.00015
Krish Lata,12,0.0003,0.0001,0.0,0.00015
Osha Patla,12,0.0003,0.0001,0.0,0.00015
Brijesh Rajan,12,0.0003,0.0001,0.0,0.00015
Ojasvi Verma,12,0.0003,0.0001,0.0,0.00015
Mitali Mistry,12,0.0003,0.0001,0.0,0.00015
Rehaan Toor,12,0.0003,0.0001,0.0,0.00015
Adya Kant,12,0.0003,0.0001,0.0,0.00015
Ojasvi Reddy,12,0.0003,0.0001,0.0,0.00015
Sathvik Verma,12,0.0003,0.0001,0.0,0.00015
Farhan Sachar,12,0.0003,0.0001,0.0,0.00015
Lakshit Rau,12,0.0003,0.0001,0.0,0.00015
Prisha Baral,12,0.0003,0.0001,0.0,0.00015
Peter Brar,12,0.0003,0.0001,0.0,0.00015
Gaurika Ahluwalia,12,0.0003,0.0001,0.0,0.00015
Nimrat Chander,12,0.0003,0.0001,0.0,0.00015
Triya Sood,12,0.0003,0.0001,0.0,0.00015
Tamanna Lad,12,0.0003,0.0001,0.0,0.00015
Tanmayi Karnik,12,0.0003,0.0001,0.0,0.00015
Oeshi Baral,12,0.0003,0.0001,0.0,0.00015
Charvi Vig,12,0.0003,0.0001,0.0,0.00015
Anay Balasubramanian,12,0.0003,0.0001,0.0,0.00015
Charvi Brahmbhatt,12,0.0003,0.0001,0.0,0.00015
Azaan Oza,12,0.0003,0.0001,0.0,0.00015
Gavin Swaminathan,12,0.0003,0.0001,0.0,0.00015
Zansi Rout,12,0.0003,0.0001,0.0,0.00015
Om Narain,12,0.0003,0.0001,0.0,0.00015
Maanav Dhar,12,0.0003,0.0001,0.0,0.00015
Chandran Dugar,13,0.0003,0.0001,0.0,0.00015
Oni Shetty,12,0.0003,0.0001,0.0,0.00015
Jeevika Malhotra,12,0.0003,0.0001,0.0,0.00015
Qarin Sule,12,0.0003,0.0001,0.0,0.00015
Rehaan Shanker,12,0.0003,0.0001,0.0,0.00015
Geetika Varghese,12,0.0003,0.0001,0.0,0.00015
Idika Desai,12,0.0003,0.0001,0.0,0.00015
Damini Chaudhary,12,0.0003,0.0001,0.0,0.00015
Triya Korpal,12,0.0003,0.0001,0.0,0.00015
Waida Sahota,12,0.0003,0.0001,0.0,0.00015
Raksha Barad,12,0.0003,0.0001,0.0,0.00015
Patrick Dugar,12,0.0003,0.0001,0.0,0.00015
Ishanvi Kamdar,12,0.0003,0.0001,0.0,0.00015
Charles Gola,13,0.0003,0.0001,0.0,0.00015
Aadi Hari,12,0.0003,0.0001,0.0,0.00015
Priya Zachariah,12,0.0003,0.0001,0.0,0.00015
Shivani Gera,12,0.0003,0.0001,0.0,0.00015
Geetika Subramaniam,12,0.0003,0.0001,0.0,0.00015
Kashvi Gara,12,0.0003,0.0001,0.0,0.00015
Kashish Ranganathan,12,0.0003,0.0001,0.0,0.00015
Chasmum Sinha,12,0.0003,0.0001,0.0,0.00015
Victor Baral,12,0.0003,0.0001,0.0,0.00015
Kashish Arya,12,0.0003,0.0001,0.0,0.00015
Nidhi Ravel,13,0.0003,0.0001,0.0,0.00015
Finn Chaudry,12,0.0003,0.0001,0.0,0.00015
Sai Solanki,12,0.0003,0.0001,0.0,0.00015
Vedant Buch,12,0.0003,0.0001,0.0,0.00015
Ojas Brahmbhatt,12,0.0003,0.0001,0.0,0.00015
Anjali Dalal,12,0.0003,0.0001,0.0,0.00015
Abha Kant,12,0.0003,0.0001,0.0,0.00015
Udarsh Kibe,12,0.0003,0.0001,0.0,0.00015
Vedika Pal,12,0.0003,0.0001,0.0,0.00015
Hiral Kala,12,0.0003,0.0001,0.0,0.00015
Fitan Balasubramanian,13,0.0003,0.0001,0.0,0.00015
Noah Bains,12,0.0003,0.0001,0.0,0.00015
Omisha Ramaswamy,14,0.0003,0.0001,0.0,0.00015
Finn Barad,12,0.0003,0.0001,0.0,0.00015
Bimala Luthra,12,0.0003,0.0001,0.0,0.00015
Jonathan Koshy,12,0.0003,0.0001,0.0,0.00015
Bhavika Iyer,12,0.0003,0.0001,0.0,0.00015
Nachiket Thakkar,12,0.0003,0.0001,0.0,0.00015
Upkaar Iyer,12,0.0003,0.0001,0.0,0.00015
Vidhi Sinha,12,0.0003,0.0001,0.0,0.00015
Gaurav Agate,12,0.0003,0.0001,0.0,0.00015
Caleb Sibal,12,0.0003,0.0001,0.0,0.00015
Indali Mutti,12,0.0003,0.0001,0.0,0.00015
Leela Khatri,12,0.0003,0.0001,0.0,0.00015
Advik Bora,12,0.0003,0.0001,0.0,0.00015
Jack Palla,13,0.0003,0.0001,0.0,0.00015
Aarini Palla,13,0.0003,0.0001,0.0,0.00015
Advik Thaker,12,0.0003,0.0001,0.0,0.00015
Sai Soman,12,0.0003,0.0001,0.0,0.00015
Harsh Jhaveri,12,0.0003,0.0001,0.0,0.00015
Osha Merchant,12,0.0003,0.0001,0.0,0.00015
Aarna Chand,12,0.0003,0.0001,0.0,0.00015
Finn Kapoor,12,0.0003,0.0001,0.0,0.00015
Damyanti Lanka,12,0.0003,0.0001,0.0,0.00015
Charvi Balan,12,0.0003,0.0001,0.0,0.00015
Maanas Misra,13,0.0003,0.0001,0.0,0.00015
William Thaker,12,0.0003,0.0001,0.0,0.00015
Idika Grover,12,0.0003,0.0001,0.0,0.00015
Chasmum Seshadri,12,0.0003,0.0001,0.0,0.00015
Mitali Lanka,12,0.0003,0.0001,0.0,0.00015
Fitan Bhatti,12,0.0003,0.0001,0.0,0.00015
Bhavini Oza,12,0.0003,0.0001,0.0,0.00015
Zayyan Gaba,12,0.0003,0.0001,0.0,0.00015
Bahadurjit Basak,12,0.0003,0.0001,0.0,0.00015
Praneel Nagar,12,0.0003,0.0001,0.0,0.00015
Jason Dubey,12,0.0003,0.0001,0.0,0.00015
Girish Jaggi,12,0.0003,0.0001,0.0,0.00015
Gayathri Dhillon,12,0.0003,0.0001,0.0,0.00015
Balhaar Bail,12,0.0003,0.0001,0.0,0.00015
Agastya Merchant,12,0.0003,0.0001,0.0,0.00015
Chanakya Sood,11,0.0002,0.0001,0.0,0.00011
Lakshit Gulati,11,0.0002,0.0001,0.0,0.00011
Janya Sem,11,0.0002,0.0001,0.0,0.00011
Ladli Gupta,11,0.0002,0.0001,0.0,0.00011
Mahika Kannan,11,0.0002,0.0001,0.0,0.00011
Teerth Tara,11,0.0002,0.0001,0.0,0.00011
Omaja Karan,10,0.0002,0.0001,0.0,0.00011
Gopal Mannan,11,0.0002,0.0001,0.0,0.00011
Aadi Bera,10,0.0002,0.0001,0.0,0.00011
Devansh Gour,11,0.0002,0.0001,0.0,0.00011
Nakul Gola,11,0.0002,0.0001,0.0,0.00011
Aashi Chakraborty,11,0.0002,0.0001,0.0,0.00011
Manan Tailor,11,0.0002,0.0001,0.0,0.00011
Matthew Varghese,11,0.0002,0.0001,0.0,0.00011
Panini Lall,11,0.0002,0.0001,0.0,0.00011
Wishi Upadhyay,11,0.0002,0.0001,0.0,0.00011
Gauri Bobal,11,0.0002,0.0001,0.0,0.00011
Veda Arya,11,0.0002,0.0001,0.0,0.00011
Farhan Gera,11,0.0002,0.0001,0.0,0.00011
Siya Chaudhry,10,0.0002,0.0001,0.0,0.00011
Charita Pradhan,11,0.0002,0.0001,0.0,0.00011
Champak Pall,8,0.0002,0.0001,0.0,0.00011
Fiyaz Tiwari,9,0.0002,0.0001,0.0,0.00011
Upkaar Bhagat,11,0.0002,0.0001,0.0,0.00011
Ubika Khosla,11,0.0002,0.0001,0.0,0.00011
Pranav Bawa,11,0.0002,0.0001,0.0,0.00011
Samaksh Bhatnagar,11,0.0002,0.0001,0.0,0.00011
Daniel Prabhakar,11,0.0002,0.0001,0.0,0.00011
Zehaan Subramaniam,11,0.0002,0.0001,0.0,0.00011
Faris Borah,11,0.0002,0.0001,0.0,0.00011
Isaiah Lad,11,0.0002,0.0001,0.0,0.00011
Adya Dora,11,0.0002,0.0001,0.0,0.00011
Aarav Dhar,11,0.0002,0.0001,0.0,0.00011
Charan Rattan,11,0.0002,0.0001,0.0,0.00011
Yug Rastogi,11,0.0002,0.0001,0.0,0.00011
Indali Raja,10,0.0002,0.0001,0.0,0.00011
Robert Pal,11,0.0002,0.0001,0.0,0.00011
Leela Kunda,11,0.0002,0.0001,0.0,0.00011
Tejas Goel,11,0.0002,0.0001,0.0,0.00011
Ekansh Baral,11,0.0002,0.0001,0.0,0.00011
Chaitanya Tiwari,11,0.0002,0.0001,0.0,0.00011
Jack Dugar,11,0.0002,0.0001,0.0,0.00011
Owen Pillay,11,0.0002,0.0001,0.0,0.00011
Lajita Goel,11,0.0002,0.0001,0.0,0.00011
Vanya Bhargava,11,0.0002,0.0001,0.0,0.00011
Rayaan Bandi,11,0.0002,0.0001,0.0,0.00011
Yug Sridhar,11,0.0002,0.0001,0.0,0.00011
Kashish Desai,11,0.0002,0.0001,0.0,0.00011
Adweta Reddy,11,0.0002,0.0001,0.0,0.00011
Jagdish Dara,11,0.0002,0.0001,0.0,0.00011
Hema Dara,11,0.0002,0.0001,0.0,0.00011
Vansha Kumar,11,0.0002,0.0001,0.0,0.00011
Veda Sule,11,0.0002,0.0001,0.0,0.00011
Frederick Mall,11,0.0002,0.0001,0.0,0.00011
Manbir Baral,11,0.0002,0.0001,0.0,0.00011
Keya Krish,11,0.0002,0.0001,0.0,0.00011
Michael Dugar,11,0.0002,0.0001,0.0,0.00011
Udyati Dani,11,0.0002,0.0001,0.0,0.00011
Yadavi Suri,11,0.0002,0.0001,0.0,0.00011
Orinder Rajagopal,11,0.0002,0.0001,0.0,0.00011
Harinakshi Anne,10,0.0002,0.0001,0.0,0.00011
Forum Wali,11,0.0002,0.0001,0.0,0.00011
Yasti Dhar,8,0.0002,0.0001,0.0,0.00011
Rachana Swamy,11,0.0002,0.0001,0.0,0.00011
Onveer Shukla,11,0.0002,0.0001,0.0,0.00011
Ladli Rattan,11,0.0002,0.0001,0.0,0.00011
Chasmum Goel,11,0.0002,0.0001,0.0,0.00011
Wriddhish Chandra,11,0.0002,0.0001,0.0,0.00011
Daksha Hayer,10,0.0002,0.0001,0.0,0.00011
Qushi Bhatti,11,0.0002,0.0001,0.0,0.00011
Gabriel Dugar,11,0.0002,0.0001,0.0,0.00011
Idika Dutt,11,0.0002,0.0001,0.0,0.00011
Sarthak Dube,11,0.0002,0.0001,0.0,0.00011
Janani Oza,11,0.0002,0.0001,0.0,0.00011
Jhalak Tata,11,0.0002,0.0001,0.0,0.00011
Pranit Agate,11,0.0002,0.0001,0.0,0.00011
Vansha Edwin,10,0.0002,0.0001,0.0,0.00011
Watika Mane,8,0.0002,0.0001,0.0,0.00011
Arunima Pradhan,11,0.0002,0.0001,0.0,0.00011
Girish Raj,11,0.0002,0.0001,0.0,0.00011
Meera Khalsa,11,0.0002,0.0001,0.0,0.00011
Dipta Baral,11,0.0002,0.0001,0.0,0.00011
Wazir Palla,11,0.0002,0.0001,0.0,0.00011
Kashish Kala,11,0.0002,0.0001,0.0,0.00011
Teerth Wagle,11,0.0002,0.0001,0.0,0.00011
Nicholas Sarin,11,0.0002,0.0001,0.0,0.00011
Devika Mand,9,0.0002,0.0001,0.0,0.00011
Aashi Bhatt,11,0.0002,0.0001,0.0,0.00011
Vamakshi Sura,11,0.0002,0.0001,0.0,0.00011
Sarthak Bala,10,0.0002,0.0001,0.0,0.00011
Darpan Dani,11,0.0002,0.0001,0.0,0.00011
Chavvi Dave,11,0.0002,0.0001,0.0,0.00011
Rachana Shere,11,0.0002,0.0001,0.0,0.00011
Sai Patla,11,0.0002,0.0001,0.0,0.00011
Gaurang Hayer,11,0.0002,0.0001,0.0,0.00011
Daksha Dugar,11,0.0002,0.0001,0.0,0.00011
Sneha Krishnamurthy,11,0.0002,0.0001,0.0,0.00011
Yashawini Bumb,10,0.0002,0.0001,0.0,0.00011
Reva Goel,10,0.0002,0.0001,0.0,0.00011
Akshay Nadig,11,0.0002,0.0001,0.0,0.00011
Neel Prashad,11,0.0002,0.0001,0.0,0.00011
Ekalinga Vora,11,0.0002,0.0001,0.0,0.00011
Alka Nadig,11,0.0002,0.0001,0.0,0.00011
Vritti Tripathi,11,0.0002,0.0001,0.0,0.00011
Oscar Lad,9,0.0002,0.0001,0.0,0.00011
Baljiwan Kaur,11,0.0002,0.0001,0.0,0.00011
Jagvi Chaudhuri,11,0.0002,0.0001,0.0,0.00011
Baghyawati Sangha,10,0.0002,0.0001,0.0,0.00011
Janaki Raja,9,0.0002,0.0001,0.0,0.00011
Yashica Yadav,10,0.0002,0.0001,0.0,0.00011
Peter Kala,11,0.0002,0.0001,0.0,0.00011
Yashawini Mann,8,0.0002,0.0001,0.0,0.00011
Karan Dubey,8,0.0002,0.0001,0.0,0.00011
Xiti Ram,11,0.0002,0.0001,0.0,0.00011
Leena Tella,11,0.0002,0.0001,0.0,0.00011
Jatin Vaidya,11,0.0002,0.0001,0.0,0.00011
Yamini Menon,11,0.0002,0.0001,0.0,0.00011
Widisha Bajwa,11,0.0002,0.0001,0.0,0.00011
Veer Misra,8,0.0002,0.0001,0.0,0.00011
Chanchal Srinivas,10,0.0002,0.0001,0.0,0.00011
Ishaan Char,10,0.0002,0.0001,0.0,0.00011
Gaurav Gupta,8,0.0002,0.0001,0.0,0.00011
Amaira Chowdhury,11,0.0002,0.0001,0.0,0.00011
Aarav Basak,11,0.0002,0.0001,0.0,0.00011
Jatin Shankar,10,0.0002,0.0001,0.0,0.00011
Fitan Thaker,11,0.0002,0.0001,0.0,0.00011
Anika Doshi,11,0.0002,0.0001,0.0,0.00011
Balveer Banik,11,0.0002,0.0001,0.0,0.00011
Falguni Menon,11,0.0002,0.0001,0.0,0.00011
Yadavi Ghose,10,0.0002,0.0001,0.0,0.00011
Quincy Nori,11,0.0002,0.0001,0.0,0.00011
Zaid Gandhi,10,0.0002,0.0001,0.0,0.00011
Hema Borde,11,0.0002,0.0001,0.0,0.00011
Ekanta Date,8,0.0002,0.0001,0.0,0.00011
Patrick Bains,9,0.0002,0.0001,0.0,0.00011
Harsh Chaudhry,11,0.0002,0.0001,0.0,0.00011
Om Ravi,10,0.0002,0.0001,0.0,0.00011
Omisha Tata,11,0.0002,0.0001,0.0,0.00011
Hemani Pandya,11,0.0002,0.0001,0.0,0.00011
Ranveer Sane,8,0.0002,0.0001,0.0,0.00011
Abeer Gandhi,11,0.0002,0.0001,0.0,0.00011
Kala Khare,11,0.0002,0.0001,0.0,0.00011
Ekanta Maharaj,10,0.0002,0.0001,0.0,0.00011
Chanakya Anand,11,0.0002,0.0001,0.0,0.00011
Andrew Jayaraman,11,0.0002,0.0001,0.0,0.00011
Omisha Bail,11,0.0002,0.0001,0.0,0.00011
Fariq Ganesh,8,0.0002,0.0001,0.0,0.00011
Daniel Parekh,11,0.0002,0.0001,0.0,0.00011
Simon Sunder,11,0.0002,0.0001,0.0,0.00011
Falan Trivedi,11,0.0002,0.0001,0.0,0.00011
Luke Sheth,8,0.0002,0.0001,0.0,0.00011
Vedika Nayar,11,0.0002,0.0001,0.0,0.00011
Advaith Tak,11,0.0002,0.0001,0.0,0.00011
Bhavika Saran,11,0.0002,0.0001,0.0,0.00011
Leela Kala,11,0.0002,0.0001,0.0,0.00011
Bhavani Srinivasan,11,0.0002,0.0001,0.0,0.00011
Reva Chad,11,0.0002,0.0001,0.0,0.00011
Bhavya Bala,11,0.0002,0.0001,0.0,0.00011
Yatan Cherian,11,0.0002,0.0001,0.0,0.00011
Upadhriti Shah,11,0.0002,0.0001,0.0,0.00011
Oscar Kadakia,11,0.0002,0.0001,0.0,0.00011
Panini Dara,11,0.0002,0.0001,0.0,0.00011
Warda Verma,11,0.0002,0.0001,0.0,0.00011
Robert Kadakia,11,0.0002,0.0001,0.0,0.00011
Faras Bhasin,11,0.0002,0.0001,0.0,0.00011
Urvashi Khalsa,10,0.0002,0.0001,0.0,0.00011
Finn Kashyap,10,0.0002,0.0001,0.0,0.00011
Kiaan Ravi,11,0.0002,0.0001,0.0,0.00011
Onkar Hari,8,0.0002,0.0001,0.0,0.00011
Mitali Cheema,10,0.0002,0.0001,0.0,0.00011
Shivani Panchal,10,0.0002,0.0001,0.0,0.00011
Forum Pandya,11,0.0002,0.0001,0.0,0.00011
Dev Pillay,11,0.0002,0.0001,0.0,0.00011
Ishita Malhotra,11,0.0002,0.0001,0.0,0.00011
Jalsa Kala,10,0.0002,0.0001,0.0,0.00011
Darsh Ghosh,11,0.0002,0.0001,0.0,0.00011
Nimrat Merchant,11,0.0002,0.0001,0.0,0.00011
Nicholas Gole,11,0.0002,0.0001,0.0,0.00011
Anika Balan,11,0.0002,0.0001,0.0,0.00011
Wridesh Wagle,11,0.0002,0.0001,0.0,0.00011
Mitali Lalla,11,0.0002,0.0001,0.0,0.00011
Balvan Agrawal,11,0.0002,0.0001,0.0,0.00011
Aarush Tara,11,0.0002,0.0001,0.0,0.00011
Fiyaz Sani,11,0.0002,0.0001,0.0,0.00011
Gunbir Nadkarni,11,0.0002,0.0001,0.0,0.00011
Xiti Bora,11,0.0002,0.0001,0.0,0.00011
Samesh Sama,10,0.0002,0.0001,0.0,0.00011
Shivansh Kala,11,0.0002,0.0001,0.0,0.00011
Nirja Dubey,11,0.0002,0.0001,0.0,0.00011
Robert Lall,11,0.0002,0.0001,0.0,0.00011
Ekbal Bhasin,8,0.0002,0.0001,0.0,0.00011
Manbir Desai,11,0.0002,0.0001,0.0,0.00011
Pahal Nair,11,0.0002,0.0001,0.0,0.00011
Nilima Mammen,11,0.0002,0.0001,0.0,0.00011
Jason Barad,11,0.0002,0.0001,0.0,0.00011
Ranveer Nath,11,0.0002,0.0001,0.0,0.00011
Nihal Wable,10,0.0002,0.0001,0.0,0.00011
Tejas Dhawan,8,0.0002,0.0001,0.0,0.00011
Nicholas Pau,11,0.0002,0.0001,0.0,0.00011
Vasatika Shan,11,0.0002,0.0001,0.0,0.00011
Qasim Dhar,11,0.0002,0.0001,0.0,0.00011
Warjas Pal,11,0.0002,0.0001,0.0,0.00011
Manthan Patel,11,0.0002,0.0001,0.0,0.00011
Qasim Aggarwal,11,0.0002,0.0001,0.0,0.00011
Lakshit Kibe,11,0.0002,0.0001,0.0,0.00011
Ekanta Ray,11,0.0002,0.0001,0.0,0.00011
Arin Sur,11,0.0002,0.0001,0.0,0.00011
Yamini Behl,11,0.0002,0.0001,0.0,0.00011
Urishilla Madan,10,0.0002,0.0001,0.0,0.00011
Bakhshi Sama,11,0.0002,0.0001,0.0,0.00011
Harini Swamy,11,0.0002,0.0001,0.0,0.00011
Robert Shan,11,0.0002,0.0001,0.0,0.00011
William Prakash,8,0.0002,0.0001,0.0,0.00011
Eshana Hora,11,0.0002,0.0001,0.0,0.00011
Suhani Handa,11,0.0002,0.0001,0.0,0.00011
Kamala Chaudhry,9,0.0002,0.0001,0.0,0.00011
Yug Chada,11,0.0002,0.0001,0.0,0.00011
Shaurya Rout,10,0.0002,0.0001,0.0,0.00011
Sneha Kota,11,0.0002,0.0001,0.0,0.00011
Faris Mukhopadhyay,11,0.0002,0.0001,0.0,0.00011
Anmol Prabhakar,8,0.0002,0.0001,0.0,0.00011
Maanas Lalla,11,0.0002,0.0001,0.0,0.00011
Qarin More,11,0.0002,0.0001,0.0,0.00011
Falak Mandal,11,0.0002,0.0001,0.0,0.00011
Ekavir Sinha,11,0.0002,0.0001,0.0,0.00011
Ishaan Deshpande,11,0.0002,0.0001,0.0,0.00011
Jacob Barad,11,0.0002,0.0001,0.0,0.00011
Kashvi Sethi,11,0.0002,0.0001,0.0,0.00011
Brinda Madan,11,0.0002,0.0001,0.0,0.00011
Lakshit Kaul,11,0.0002,0.0001,0.0,0.00011
Sara Choudhary,11,0.0002,0.0001,0.0,0.00011
Abhiram Grewal,11,0.0002,0.0001,0.0,0.00011
Geetika Kamdar,8,0.0002,0.0001,0.0,0.00011
Manya Grover,11,0.0002,0.0001,0.0,0.00011
Nitesh Pandya,10,0.0002,0.0001,0.0,0.00011
Kalpit Tripathi,9,0.0002,0.0001,0.0,0.00011
Teerth Balan,8,0.0002,0.0001,0.0,0.00011
Aachal Morar,10,0.0002,0.0001,0.0,0.00011
Lavanya Sastry,11,0.0002,0.0001,0.0,0.00011
Ishanvi Chaudhuri,11,0.0002,0.0001,0.0,0.00011
Nitara Dayal,11,0.0002,0.0001,0.0,0.00011
Champak Roy,11,0.0002,0.0001,0.0,0.00011
Tara Sehgal,11,0.0002,0.0001,0.0,0.00011
Jyoti Dhaliwal,10,0.0002,0.0001,0.0,0.00011
Ayaan Arya,11,0.0002,0.0001,0.0,0.00011
Balendra Nagarajan,11,0.0002,0.0001,0.0,0.00011
Charita Agate,11,0.0002,0.0001,0.0,0.00011
Udant Devan,10,0.0002,0.0001,0.0,0.00011
Qarin Chadha,11,0.0002,0.0001,0.0,0.00011
Avni Lal,11,0.0002,0.0001,0.0,0.00011
Yashasvi Kale,11,0.0002,0.0001,0.0,0.00011
Forum Nadkarni,11,0.0002,0.0001,0.0,0.00011
Samaksh Ramanathan,11,0.0002,0.0001,0.0,0.00011
Chatura Thakur,11,0.0002,0.0001,0.0,0.00011
Yahvi Tank,11,0.0002,0.0001,0.0,0.00011
Tanveer Yogi,11,0.0002,0.0001,0.0,0.00011
Tanish Madan,10,0.0002,0.0001,0.0,0.00011
Baghyawati Sandhu,11,0.0002,0.0001,0.0,0.00011
Theodore Prabhakar,11,0.0002,0.0001,0.0,0.00011
Hemang Agate,11,0.0002,0.0001,0.0,0.00011
Wyatt Kara,11,0.0002,0.0001,0.0,0.00011
Jack Chaudhuri,11,0.0002,0.0001,0.0,0.00011
Raagini Kale,10,0.0002,0.0001,0.0,0.00011
Hemang Jayaraman,10,0.0002,0.0001,0.0,0.00011
Balveer Seth,11,0.0002,0.0001,0.0,0.00011
Faras Chander,9,0.0002,0.0001,0.0,0.00011
Ekansh Bassi,11,0.0002,0.0001,0.0,0.00011
Irya Lala,11,0.0002,0.0001,0.0,0.00011
Gunbir Ganesh,11,0.0002,0.0001,0.0,0.00011
Zaid Ram,11,0.0002,0.0001,0.0,0.00011
Jeremiah Vig,10,0.0002,0.0001,0.0,0.00011
Veer Subramaniam,8,0.0002,0.0001,0.0,0.00011
Amol Sani,10,0.0002,0.0001,0.0,0.00011
Chavvi Dhar,10,0.0002,0.0001,0.0,0.00011
Vivaan Nanda,11,0.0002,0.0001,0.0,0.00011
Harshil Dalal,11,0.0002,0.0001,0.0,0.00011
Jeremiah Babu,9,0.0002,0.0001,0.0,0.00011
Eshana Lall,8,0.0002,0.0001,0.0,0.00011
Caleb Lanka,8,0.0002,0.0001,0.0,0.00011
Dalbir Nanda,11,0.0002,0.0001,0.0,0.00011
Bhavya Barad,11,0.0002,0.0001,0.0,0.00011
Yashoda Garg,11,0.0002,0.0001,0.0,0.00011
Gautami Dhar,11,0.0002,0.0001,0.0,0.00011
Zilmil Sangha,11,0.0002,0.0001,0.0,0.00011
Oviya Kari,11,0.0002,0.0001,0.0,0.00011
Ekantika D’Alia,11,0.0002,0.0001,0.0,0.00011
Guneet Kurian,11,0.0002,0.0001,0.0,0.00011
Amara Kala,11,0.0002,0.0001,0.0,0.00011
Yuvraj Chandran,10,0.0002,0.0001,0.0,0.00011
Samuel Devi,8,0.0002,0.0001,0.0,0.00011
Faqid Cheema,11,0.0002,0.0001,0.0,0.00011
Ekanta Mittal,11,0.0002,0.0001,0.0,0.00011
Ranveer Raman,11,0.0002,0.0001,0.0,0.00011
Nachiket Contractor,11,0.0002,0.0001,0.0,0.00011
Nachiket Ganguly,11,0.0002,0.0001,0.0,0.00011
Nimrat Bedi,10,0.0002,0.0001,0.0,0.00011
Yasti Chakrabarti,11,0.0002,0.0001,0.0,0.00011
Ridhi Boase,8,0.0002,0.0,0.0,8e-05
Nidra Chhabra,8,0.0002,0.0,0.0,8e-05
Jackson Sathe,8,0.0002,0.0,0.0,8e-05
Samar Kala,8,0.0002,0.0,0.0,8e-05
Forum Bhattacharyya,8,0.0002,0.0,0.0,8e-05
Anjali Dugar,8,0.0002,0.0,0.0,8e-05
Sneha Bahri,8,0.0002,0.0,0.0,8e-05
Lucky Deol,8,0.0002,0.0,0.0,8e-05
Jackson Chanda,8,0.0002,0.0,0.0,8e-05
Udarsh Vasa,8,0.0002,0.0,0.0,8e-05
Ikshita Patel,8,0.0002,0.0,0.0,8e-05
Urmi Nazareth,8,0.0002,0.0,0.0,8e-05
Damyanti Pathak,8,0.0002,0.0,0.0,8e-05
Xalak Munshi,8,0.0002,0.0,0.0,8e-05
Zaitra Kala,8,0.0002,0.0,0.0,8e-05
Januja Patil,8,0.0002,0.0,0.0,8e-05
Sai Oak,8,0.0002,0.0,0.0,8e-05
Lekha Bobal,8,0.0002,0.0,0.0,8e-05
Yamini Solanki,8,0.0002,0.0,0.0,8e-05
Rachana Bhatti,8,0.0002,0.0,0.0,8e-05
Ikshita Ram,8,0.0002,0.0,0.0,8e-05
Ekani Kaul,8,0.0002,0.0,0.0,8e-05
Vasudha Kunda,8,0.0002,0.0,0.0,8e-05
Vasana Sule,8,0.0002,0.0,0.0,8e-05
Laban Kala,8,0.0002,0.0,0.0,8e-05
Lipika Mani,8,0.0002,0.0,0.0,8e-05
Rajata Lad,8,0.0002,0.0,0.0,8e-05
Yadavi Bal,8,0.0002,0.0,0.0,8e-05
Arya Rout,8,0.0002,0.0,0.0,8e-05
Indira Handa,8,0.0002,0.0,0.0,8e-05
Gavin Aggarwal,8,0.0002,0.0,0.0,8e-05
Daksha Mangat,8,0.0002,0.0,0.0,8e-05
Anmol Ram,8,0.0002,0.0,0.0,8e-05
Aayush Chander,8,0.0002,0.0,0.0,8e-05
Tejas Dar,8,0.0002,0.0,0.0,8e-05
Zaid Varughese,8,0.0002,0.0,0.0,8e-05
Nidra Thakkar,8,0.0002,0.0,0.0,8e-05
Balendra Shroff,8,0.0002,0.0,0.0,8e-05
Nirja Pandya,8,0.0002,0.0,0.0,8e-05
Neel Barad,8,0.0002,0.0,0.0,8e-05
Frado Lad,8,0.0002,0.0,0.0,8e-05
Zehaan Mangal,8,0.0002,0.0,0.0,8e-05
Varenya Wason,8,0.0002,0.0,0.0,8e-05
Bhavani Sahni,8,0.0002,0.0,0.0,8e-05
Thomas Tank,8,0.0002,0.0,0.0,8e-05
Ekani Lad,8,0.0002,0.0,0.0,8e-05
Krishna Dubey,8,0.0002,0.0,0.0,8e-05
Abeer Sant,8,0.0002,0.0,0.0,8e-05
Lohit Mallick,8,0.0002,0.0,0.0,8e-05
Aachal Tripathi,8,0.0002,0.0,0.0,8e-05
Jhalak Palla,8,0.0002,0.0,0.0,8e-05
Harsh Balakrishnan,8,0.0002,0.0,0.0,8e-05
Idika D’Alia,8,0.0002,0.0,0.0,8e-05
Kavya Sampath,8,0.0002,0.0,0.0,8e-05
Xalak Khurana,8,0.0002,0.0,0.0,8e-05
Liam Koshy,8,0.0002,0.0,0.0,8e-05
Lajita Chatterjee,8,0.0002,0.0,0.0,8e-05
Dalbir Bali,6,0.0001,0.0001,0.0,7.000000000000001e-05
Ekbal Nayak,6,0.0001,0.0001,0.0,7.000000000000001e-05
Manya Khare,6,0.0001,0.0001,0.0,7.000000000000001e-05
Harish Misra,7,0.0001,0.0001,0.0,7.000000000000001e-05
Joshua Butala,6,0.0001,0.0001,0.0,7.000000000000001e-05
Samesh Bhatia,6,0.0001,0.0001,0.0,7.000000000000001e-05
Darpan Dugal,7,0.0001,0.0001,0.0,7.000000000000001e-05
Vincent Bhat,7,0.0001,0.0001,0.0,7.000000000000001e-05
Meera Sha,6,0.0001,0.0001,0.0,7.000000000000001e-05
Unni Srinivasan,6,0.0001,0.0001,0.0,7.000000000000001e-05
Champak Merchant,6,0.0001,0.0001,0.0,7.000000000000001e-05
Upkaar Prakash,7,0.0001,0.0001,0.0,7.000000000000001e-05
Pushti Iyengar,7,0.0001,0.0001,0.0,7.000000000000001e-05
Alexander Dugar,7,0.0001,0.0001,0.0,7.000000000000001e-05
Kevin Jhaveri,7,0.0001,0.0001,0.0,7.000000000000001e-05
Gautam Sharma,7,0.0001,0.0001,0.0,7.000000000000001e-05
Ojasvi Shanker,7,0.0001,0.0001,0.0,7.000000000000001e-05
Ishwar Bhatnagar,6,0.0001,0.0001,0.0,7.000000000000001e-05
Ladli Gopal,7,0.0001,0.0001,0.0,7.000000000000001e-05
Krish Butala,7,0.0001,0.0001,0.0,7.000000000000001e-05
Umang Nazareth,7,0.0001,0.0001,0.0,7.000000000000001e-05
Yochana Brar,6,0.0001,0.0001,0.0,7.000000000000001e-05
Parth Dhaliwal,6,0.0001,0.0001,0.0,7.000000000000001e-05
Krish Ramesh,6,0.0001,0.0001,0.0,7.000000000000001e-05
Warhi Batta,7,0.0001,0.0001,0.0,7.000000000000001e-05
Vritti Narang,7,0.0001,0.0001,0.0,7.000000000000001e-05
Ekaraj Murthy,6,0.0001,0.0001,0.0,7.000000000000001e-05
Gaurika Wagle,7,0.0001,0.0001,0.0,7.000000000000001e-05
Rishi Narain,6,0.0001,0.0001,0.0,7.000000000000001e-05
Vedant Khare,7,0.0001,0.0001,0.0,7.000000000000001e-05
Janani Morar,7,0.0001,0.0001,0.0,7.000000000000001e-05
Chaitanya Srinivas,6,0.0001,0.0001,0.0,7.000000000000001e-05
Vedhika Mohanty,7,0.0001,0.0001,0.0,7.000000000000001e-05
Gavin Dhar,6,0.0001,0.0001,0.0,7.000000000000001e-05
Upma Banerjee,7,0.0001,0.0001,0.0,7.000000000000001e-05
Harita Mann,7,0.0001,0.0001,0.0,7.000000000000001e-05
Upkaar Sarkar,6,0.0001,0.0001,0.0,7.000000000000001e-05
Hemal Goda,7,0.0001,0.0001,0.0,7.000000000000001e-05
Faraj Apte,7,0.0001,0.0001,0.0,7.000000000000001e-05
Nathan Mukherjee,7,0.0001,0.0001,0.0,7.000000000000001e-05
Jeevika Manda,6,0.0001,0.0001,0.0,7.000000000000001e-05
Omisha Karnik,7,0.0001,0.0001,0.0,7.000000000000001e-05
Unni Ram,7,0.0001,0.0001,0.0,7.000000000000001e-05
Panini Shankar,6,0.0001,0.0001,0.0,7.000000000000001e-05
Bahadurjit Kara,6,0.0001,0.0001,0.0,7.000000000000001e-05
Eesha Comar,7,0.0001,0.0001,0.0,7.000000000000001e-05
Lakshmi Seshadri,6,0.0001,0.0001,0.0,7.000000000000001e-05
Xiti Thaman,7,0.0001,0.0001,0.0,7.000000000000001e-05
Mitesh Mallick,6,0.0001,0.0001,0.0,7.000000000000001e-05
Bishakha Dora,7,0.0001,0.0001,0.0,7.000000000000001e-05
Alka Tella,6,0.0001,0.0001,0.0,7.000000000000001e-05
Brinda Lala,7,0.0001,0.0001,0.0,7.000000000000001e-05
Deepa Keer,7,0.0001,0.0001,0.0,7.000000000000001e-05
Nihal Prabhu,6,0.0001,0.0001,0.0,7.000000000000001e-05
Aryan Prasad,7,0.0001,0.0001,0.0,7.000000000000001e-05
Sai Ramaswamy,7,0.0001,0.0001,0.0,7.000000000000001e-05
Siya Pant,7,0.0001,0.0001,0.0,7.000000000000001e-05
Brinda Chowdhury,7,0.0001,0.0001,0.0,7.000000000000001e-05
Leela Chander,7,0.0001,0.0001,0.0,7.000000000000001e-05
Advika Bhandari,6,0.0001,0.0001,0.0,7.000000000000001e-05
Manbir Kumer,6,0.0001,0.0001,0.0,7.000000000000001e-05
Lajita Trivedi,7,0.0001,0.0001,0.0,7.000000000000001e-05
Gaurang Seth,7,0.0001,0.0001,0.0,7.000000000000001e-05
Nirja Sathe,6,0.0001,0.0001,0.0,7.000000000000001e-05
Barkha Kohli,7,0.0001,0.0001,0.0,7.000000000000001e-05
Diya Deol,7,0.0001,0.0001,0.0,7.000000000000001e-05
Abhimanyu Shroff,6,0.0001,0.0001,0.0,7.000000000000001e-05
Bhavna Rastogi,6,0.0001,0.0001,0.0,7.000000000000001e-05
Ayushman Barad,7,0.0001,0.0001,0.0,7.000000000000001e-05
Kai Ahluwalia,6,0.0001,0.0001,0.0,7.000000000000001e-05
Girindra Ghose,7,0.0001,0.0001,0.0,7.000000000000001e-05
Fariq Ghose,6,0.0001,0.0001,0.0,7.000000000000001e-05
Tanish Sachdeva,7,0.0001,0.0001,0.0,7.000000000000001e-05
Jagvi Tailor,7,0.0001,0.0001,0.0,7.000000000000001e-05
Yadavi Mishra,7,0.0001,0.0001,0.0,7.000000000000001e-05
Laban Reddy,7,0.0001,0.0001,0.0,7.000000000000001e-05
Yuvraj Pandey,6,0.0001,0.0001,0.0,7.000000000000001e-05
Mugdha Arora,7,0.0001,0.0001,0.0,7.000000000000001e-05
Divya Bhakta,7,0.0001,0.0001,0.0,7.000000000000001e-05
Inaya Chaudhari,7,0.0001,0.0001,0.0,7.000000000000001e-05
Pranav Halder,6,0.0001,0.0001,0.0,7.000000000000001e-05
Jeevika Dyal,6,0.0001,0.0001,0.0,7.000000000000001e-05
Gayathri Mohan,7,0.0001,0.0001,0.0,7.000000000000001e-05
Oviya Dutt,6,0.0001,0.0001,0.0,7.000000000000001e-05
Anmol Tank,7,0.0001,0.0001,0.0,7.000000000000001e-05
Kabir Bath,7,0.0001,0.0001,0.0,7.000000000000001e-05
Hritik Purohit,7,0.0001,0.0001,0.0,7.000000000000001e-05
Urvashi Pillai,6,0.0001,0.0001,0.0,7.000000000000001e-05
Harish Gola,7,0.0001,0.0001,0.0,7.000000000000001e-05
Samaksh Bose,7,0.0001,0.0001,0.0,7.000000000000001e-05
Krishna Mukhopadhyay,7,0.0001,0.0001,0.0,7.000000000000001e-05
Tara Balasubramanian,7,0.0001,0.0001,0.0,7.000000000000001e-05
Waida Kari,7,0.0001,0.0001,0.0,7.000000000000001e-05
Bhanumati Ghose,6,0.0001,0.0001,0.0,7.000000000000001e-05
Dalbir Modi,6,0.0001,0.0001,0.0,7.000000000000001e-05
Luke Prakash,6,0.0001,0.0001,0.0,7.000000000000001e-05
Eta Vyas,7,0.0001,0.0001,0.0,7.000000000000001e-05
Isaac Bhasin,6,0.0001,0.0001,0.0,7.000000000000001e-05
Janaki Wadhwa,7,0.0001,0.0001,0.0,7.000000000000001e-05
Mugdha Saraf,6,0.0001,0.0001,0.0,7.000000000000001e-05
Harini Kothari,7,0.0001,0.0001,0.0,7.000000000000001e-05
Harinakshi Chada,7,0.0001,0.0001,0.0,7.000000000000001e-05
George Sur,6,0.0001,0.0001,0.0,7.000000000000001e-05
Parth Sarkar,7,0.0001,0.0001,0.0,7.000000000000001e-05
Jeevika Ravi,7,0.0001,0.0001,0.0,7.000000000000001e-05
Anay Taneja,7,0.0001,0.0001,0.0,7.000000000000001e-05
Bhavna Mody,6,0.0001,0.0001,0.0,7.000000000000001e-05
Qabil Setty,7,0.0001,0.0001,0.0,7.000000000000001e-05
Advika Pandya,6,0.0001,0.0001,0.0,7.000000000000001e-05
Chatresh Kade,6,0.0001,0.0001,0.0,7.000000000000001e-05
Bhavika Balasubramanian,6,0.0001,0.0001,0.0,7.000000000000001e-05
Sai Parmar,7,0.0001,0.0001,0.0,7.000000000000001e-05
Yashodhara Ganesan,7,0.0001,0.0001,0.0,7.000000000000001e-05
Daksha Borra,7,0.0001,0.0001,0.0,7.000000000000001e-05
Dev Murty,6,0.0001,0.0001,0.0,7.000000000000001e-05
Amruta Lal,6,0.0001,0.0001,0.0,7.000000000000001e-05
Yatan Chand,6,0.0001,0.0001,0.0,7.000000000000001e-05
Abhiram Kumer,7,0.0001,0.0001,0.0,7.000000000000001e-05
Wyatt Sachar,6,0.0001,0.0001,0.0,7.000000000000001e-05
Kavya Sangha,6,0.0001,0.0001,0.0,7.000000000000001e-05
Gagan Grewal,7,0.0001,0.0001,0.0,7.000000000000001e-05
Niharika Buch,7,0.0001,0.0001,0.0,7.000000000000001e-05
Frederick Kibe,6,0.0001,0.0001,0.0,7.000000000000001e-05
Yauvani Nazareth,6,0.0001,0.0001,0.0,7.000000000000001e-05
Ati Karnik,6,0.0001,0.0001,0.0,7.000000000000001e-05
Timothy Bahri,7,0.0001,0.0001,0.0,7.000000000000001e-05
Aashi Chada,7,0.0001,0.0001,0.0,7.000000000000001e-05
Dhruv Sanghvi,6,0.0001,0.0001,0.0,7.000000000000001e-05
Zinal Gokhale,7,0.0001,0.0001,0.0,7.000000000000001e-05
Ganga Mannan,7,0.0001,0.0001,0.0,7.000000000000001e-05
Ayush Dhillon,7,0.0001,0.0001,0.0,7.000000000000001e-05
Dayamai Vaidya,7,0.0001,0.0001,0.0,7.000000000000001e-05
Madhavi Solanki,6,0.0001,0.0001,0.0,7.000000000000001e-05
Harshil Babu,6,0.0001,0.0001,0.0,7.000000000000001e-05
Neha Gulati,7,0.0001,0.0001,0.0,7.000000000000001e-05
Aryan Nazareth,6,0.0001,0.0001,0.0,7.000000000000001e-05
Nakul Ganguly,7,0.0001,0.0001,0.0,7.000000000000001e-05
Keya Chada,7,0.0001,0.0001,0.0,7.000000000000001e-05
Anya Rana,6,0.0001,0.0001,0.0,7.000000000000001e-05
Veda Chopra,7,0.0001,0.0001,0.0,7.000000000000001e-05
Jeremiah Bumb,6,0.0001,0.0001,0.0,7.000000000000001e-05
George Wali,7,0.0001,0.0001,0.0,7.000000000000001e-05
Xiti Ahluwalia,6,0.0001,0.0001,0.0,7.000000000000001e-05
Abha Gara,7,0.0001,0.0001,0.0,7.000000000000001e-05
Manan Mallick,7,0.0001,0.0001,0.0,7.000000000000001e-05
Nilima Deep,6,0.0001,0.0001,0.0,7.000000000000001e-05
Hardik Mishra,6,0.0001,0.0001,0.0,7.000000000000001e-05
Maanas Kar,7,0.0001,0.0001,0.0,7.000000000000001e-05
Eiravati Upadhyay,7,0.0001,0.0001,0.0,7.000000000000001e-05
Bhavani Ganesan,7,0.0001,0.0001,0.0,7.000000000000001e-05
Umang Chaudhry,6,0.0001,0.0001,0.0,7.000000000000001e-05
Devika Golla,6,0.0001,0.0001,0.0,7.000000000000001e-05
Megha Jani,6,0.0001,0.0001,0.0,7.000000000000001e-05
Gunbir Om,7,0.0001,0.0001,0.0,7.000000000000001e-05
Ekaja Agate,7,0.0001,0.0001,0.0,7.000000000000001e-05
Nandini Sunder,7,0.0001,0.0001,0.0,7.000000000000001e-05
Dipta Kalla,7,0.0001,0.0001,0.0,7.000000000000001e-05
Christopher Garde,7,0.0001,0.0001,0.0,7.000000000000001e-05
Gaurangi Nayak,6,0.0001,0.0001,0.0,7.000000000000001e-05
Bhavani Mitter,6,0.0001,0.0001,0.0,7.000000000000001e-05
Isha Oza,7,0.0001,0.0001,0.0,7.000000000000001e-05
Rachita Garg,6,0.0001,0.0001,0.0,7.000000000000001e-05
Abdul Divan,6,0.0001,0.0001,0.0,7.000000000000001e-05
Yuvraj Mistry,7,0.0001,0.0001,0.0,7.000000000000001e-05
Neel Narasimhan,7,0.0001,0.0001,0.0,7.000000000000001e-05
Eshana Swaminathan,7,0.0001,0.0001,0.0,7.000000000000001e-05
Nidra Raja,7,0.0001,0.0001,0.0,7.000000000000001e-05
Yashodhara Ramanathan,7,0.0001,0.0001,0.0,7.000000000000001e-05
Hemang Madan,7,0.0001,0.0001,0.0,7.000000000000001e-05
Yashvi Suresh,6,0.0001,0.0001,0.0,7.000000000000001e-05
Ayaan Keer,6,0.0001,0.0001,0.0,7.000000000000001e-05
Pratyush Kunda,7,0.0001,0.0001,0.0,7.000000000000001e-05
Theodore Morar,7,0.0001,0.0001,0.0,7.000000000000001e-05
Triveni Rout,7,0.0001,0.0001,0.0,7.000000000000001e-05
Abhimanyu Kari,6,0.0001,0.0001,0.0,7.000000000000001e-05
William Gandhi,7,0.0001,0.0001,0.0,7.000000000000001e-05
Fiyaz Kakar,6,0.0001,0.0001,0.0,7.000000000000001e-05
Ikbal Varty,6,0.0001,0.0001,0.0,7.000000000000001e-05
Hema Sandal,7,0.0001,0.0001,0.0,7.000000000000001e-05
Vritti Mittal,6,0.0001,0.0001,0.0,7.000000000000001e-05
Tarak Buch,7,0.0001,0.0001,0.0,7.000000000000001e-05
Advay Lanka,6,0.0001,0.0001,0.0,7.000000000000001e-05
Janaki Bose,6,0.0001,0.0001,0.0,7.000000000000001e-05
Ekani Subramaniam,6,0.0001,0.0001,0.0,7.000000000000001e-05
Elijah Bains,6,0.0001,0.0001,0.0,7.000000000000001e-05
Amol Arya,7,0.0001,0.0001,0.0,7.000000000000001e-05
Rehaan Narain,7,0.0001,0.0001,0.0,7.000000000000001e-05
Aryan Sachdev,6,0.0001,0.0001,0.0,7.000000000000001e-05
Kevin Bali,7,0.0001,0.0001,0.0,7.000000000000001e-05
Falak Ghosh,7,0.0001,0.0001,0.0,7.000000000000001e-05
Finn Mistry,7,0.0001,0.0001,0.0,7.000000000000001e-05
Gayathri Sarna,6,0.0001,0.0001,0.0,7.000000000000001e-05
Sudiksha Luthra,6,0.0001,0.0001,0.0,7.000000000000001e-05
Warda Swamy,6,0.0001,0.0001,0.0,7.000000000000001e-05
Xiti Rege,6,0.0001,0.0001,0.0,7.000000000000001e-05
Wridesh Master,6,0.0001,0.0001,0.0,7.000000000000001e-05
Omaja Sarna,7,0.0001,0.0001,0.0,7.000000000000001e-05
Hema Ahluwalia,6,0.0001,0.0001,0.0,7.000000000000001e-05
Christopher Mand,7,0.0001,0.0001,0.0,7.000000000000001e-05
Mahika Ramakrishnan,6,0.0001,0.0001,0.0,7.000000000000001e-05
Raksha Narula,6,0.0001,0.0001,0.0,7.000000000000001e-05
Baljiwan Dar,6,0.0001,0.0001,0.0,7.000000000000001e-05
Brinda Kashyap,7,0.0001,0.0001,0.0,7.000000000000001e-05
Kai Garg,6,0.0001,0.0001,0.0,7.000000000000001e-05
Zansi Rama,7,0.0001,0.0001,0.0,7.000000000000001e-05
Yagnesh Thaker,7,0.0001,0.0001,0.0,7.000000000000001e-05
Kashish Thakur,7,0.0001,0.0001,0.0,7.000000000000001e-05
Sanya Tiwari,6,0.0001,0.0001,0.0,7.000000000000001e-05
Kabir Oza,6,0.0001,0.0001,0.0,7.000000000000001e-05
Janani Vohra,7,0.0001,0.0001,0.0,7.000000000000001e-05
Anthony Korpal,7,0.0001,0.0001,0.0,7.000000000000001e-05
Janani Dewan,7,0.0001,0.0001,0.0,7.000000000000001e-05
Vidhi Kumer,6,0.0001,0.0001,0.0,7.000000000000001e-05
Arin Sawhney,7,0.0001,0.0001,0.0,7.000000000000001e-05
Mahika Bora,7,0.0001,0.0001,0.0,7.000000000000001e-05
Lipika Pandit,7,0.0001,0.0001,0.0,7.000000000000001e-05
Niharika Gopal,7,0.0001,0.0001,0.0,7.000000000000001e-05
Vivaan Lanka,7,0.0001,0.0001,0.0,7.000000000000001e-05
Aryan Thakur,7,0.0001,0.0001,0.0,7.000000000000001e-05
Wahab Parikh,6,0.0001,0.0001,0.0,7.000000000000001e-05
Darika Sehgal,7,0.0001,0.0001,0.0,7.000000000000001e-05
Ridhi Kurian,6,0.0001,0.0001,0.0,7.000000000000001e-05
Charita Subramaniam,6,0.0001,0.0001,0.0,7.000000000000001e-05
Advaith Kalita,6,0.0001,0.0001,0.0,7.000000000000001e-05
Mitesh Patla,7,0.0001,0.0001,0.0,7.000000000000001e-05
Quincy Vyas,7,0.0001,0.0001,0.0,7.000000000000001e-05
Upma Lalla,7,0.0001,0.0001,0.0,7.000000000000001e-05
Eta Shroff,6,0.0001,0.0001,0.0,7.000000000000001e-05
Jagat Wali,7,0.0001,0.0001,0.0,7.000000000000001e-05
Gaurav Sheth,7,0.0001,0.0001,0.0,7.000000000000001e-05
Hitesh Hans,7,0.0001,0.0001,0.0,7.000000000000001e-05
Shaurya Sama,7,0.0001,0.0001,0.0,7.000000000000001e-05
Yoshita Hayre,7,0.0001,0.0001,0.0,7.000000000000001e-05
Rachit Gola,7,0.0001,0.0001,0.0,7.000000000000001e-05
Nitara Oza,7,0.0001,0.0001,0.0,7.000000000000001e-05
Chameli Mani,7,0.0001,0.0001,0.0,7.000000000000001e-05
Krishna Ganguly,7,0.0001,0.0001,0.0,7.000000000000001e-05
Yash Rajagopal,6,0.0001,0.0001,0.0,7.000000000000001e-05
Osha Gour,7,0.0001,0.0001,0.0,7.000000000000001e-05
Faris Tiwari,7,0.0001,0.0001,0.0,7.000000000000001e-05
Kamya Banik,7,0.0001,0.0001,0.0,7.000000000000001e-05
Ladli Behl,7,0.0001,0.0001,0.0,7.000000000000001e-05
Chaitanya Joshi,6,0.0001,0.0001,0.0,7.000000000000001e-05
Eta Sridhar,6,0.0001,0.0001,0.0,7.000000000000001e-05
Yashasvi Dalal,6,0.0001,0.0001,0.0,7.000000000000001e-05
Wazir Gade,6,0.0001,0.0001,0.0,7.000000000000001e-05
Rachita Srivastava,7,0.0001,0.0001,0.0,7.000000000000001e-05
Gagan Bath,6,0.0001,0.0001,0.0,7.000000000000001e-05
Irya Goswami,6,0.0001,0.0001,0.0,7.000000000000001e-05
Caleb Verma,7,0.0001,0.0001,0.0,7.000000000000001e-05
Zaitra Rattan,7,0.0001,0.0001,0.0,7.000000000000001e-05
Utkarsh Sura,7,0.0001,0.0001,0.0,7.000000000000001e-05
Jacob Gala,7,0.0001,0.0001,0.0,7.000000000000001e-05
Abdul Badal,6,0.0001,0.0001,0.0,7.000000000000001e-05
Udarsh Arora,7,0.0001,0.0001,0.0,7.000000000000001e-05
Laksh Deol,7,0.0001,0.0001,0.0,7.000000000000001e-05
Ishani Magar,7,0.0001,0.0001,0.0,7.000000000000001e-05
Chandran Bail,6,0.0001,0.0001,0.0,7.000000000000001e-05
Lucky Rai,7,0.0001,0.0001,0.0,7.000000000000001e-05
Yashawini Shan,6,0.0001,0.0001,0.0,7.000000000000001e-05
Mitali Buch,7,0.0001,0.0001,0.0,7.000000000000001e-05
Vivaan Nath,7,0.0001,0.0001,0.0,7.000000000000001e-05
Ojas Sen,6,0.0001,0.0001,0.0,7.000000000000001e-05
Ekapad Khare,6,0.0001,0.0001,0.0,7.000000000000001e-05
Barkha Natt,7,0.0001,0.0001,0.0,7.000000000000001e-05
Tanmayi Toor,6,0.0001,0.0001,0.0,7.000000000000001e-05
Anvi Hegde,7,0.0001,0.0001,0.0,7.000000000000001e-05
Farhan Misra,7,0.0001,0.0001,0.0,7.000000000000001e-05
Faras Bhatnagar,6,0.0001,0.0001,0.0,7.000000000000001e-05
Upkaar Sandal,6,0.0001,0.0001,0.0,7.000000000000001e-05
Vasatika Pandit,6,0.0001,0.0001,0.0,7.000000000000001e-05
Sneha Chawla,6,0.0001,0.0001,0.0,7.000000000000001e-05
Oeshi Kale,6,0.0001,0.0001,0.0,7.000000000000001e-05
Megha Sankaran,7,0.0001,0.0001,0.0,7.000000000000001e-05
Ethan Padmanabhan,6,0.0001,0.0001,0.0,7.000000000000001e-05
Wazir Baria,6,0.0001,0.0001,0.0,7.000000000000001e-05
Tanay Dugar,7,0.0001,0.0001,0.0,7.000000000000001e-05
Daniel Chada,6,0.0001,0.0001,0.0,7.000000000000001e-05
William Goda,7,0.0001,0.0001,0.0,7.000000000000001e-05
Yuvraj Salvi,6,0.0001,0.0001,0.0,7.000000000000001e-05
Ishita Gole,7,0.0001,0.0001,0.0,7.000000000000001e-05
Jai Vala,6,0.0001,0.0001,0.0,7.000000000000001e-05
Damyanti Loyal,7,0.0001,0.0001,0.0,7.000000000000001e-05
Abhiram Iyengar,6,0.0001,0.0001,0.0,7.000000000000001e-05
Yashoda Jha,6,0.0001,0.0001,0.0,7.000000000000001e-05
Pavani Rana,7,0.0001,0.0001,0.0,7.000000000000001e-05
Ekbal Acharya,6,0.0001,0.0001,0.0,7.000000000000001e-05
Ishaan Mammen,6,0.0001,0.0001,0.0,7.000000000000001e-05
Ijaya Cheema,7,0.0001,0.0001,0.0,7.000000000000001e-05
Baljiwan Jayaraman,7,0.0001,0.0001,0.0,7.000000000000001e-05
David Kala,7,0.0001,0.0001,0.0,7.000000000000001e-05
Watika Chatterjee,7,0.0001,0.0001,0.0,7.000000000000001e-05
Ekansh Kaur,7,0.0001,0.0001,0.0,7.000000000000001e-05
Amruta Rajan,6,0.0001,0.0001,0.0,7.000000000000001e-05
Eta Saraf,6,0.0001,0.0001,0.0,7.000000000000001e-05
Raksha Kannan,7,0.0001,0.0001,0.0,7.000000000000001e-05
Atharv Kara,6,0.0001,0.0001,0.0,7.000000000000001e-05
Hritik Chada,7,0.0001,0.0001,0.0,7.000000000000001e-05
Bhanumati Deshpande,6,0.0001,0.0001,0.0,7.000000000000001e-05
Triveni Gill,6,0.0001,0.0001,0.0,7.000000000000001e-05
Urvashi Mandal,6,0.0001,0.0001,0.0,7.000000000000001e-05
Abha Bala,6,0.0001,0.0001,0.0,7.000000000000001e-05
Logan Kumar,6,0.0001,0.0001,0.0,7.000000000000001e-05
Gaurangi Kalla,6,0.0001,0.0001,0.0,7.000000000000001e-05
Bhavani Kapoor,6,0.0001,0.0001,0.0,7.000000000000001e-05
Suhani Gupta,7,0.0001,0.0001,0.0,7.000000000000001e-05
Veda Shroff,7,0.0001,0.0001,0.0,7.000000000000001e-05
Aditya Garde,7,0.0001,0.0001,0.0,7.000000000000001e-05
Charan Sinha,7,0.0001,0.0001,0.0,7.000000000000001e-05
Yatin Madan,7,0.0001,0.0001,0.0,7.000000000000001e-05
Hemal Koshy,6,0.0001,0.0001,0.0,7.000000000000001e-05
Max Sule,7,0.0001,0.0001,0.0,7.000000000000001e-05
Kashish Walia,7,0.0001,0.0001,0.0,7.000000000000001e-05
Ucchal Chacko,6,0.0001,0.0001,0.0,7.000000000000001e-05
Ayush Parmer,7,0.0001,0.0001,0.0,7.000000000000001e-05
Tamanna Aggarwal,7,0.0001,0.0001,0.0,7.000000000000001e-05
Harini Gandhi,7,0.0001,0.0001,0.0,7.000000000000001e-05
Qasim Kari,6,0.0001,0.0001,0.0,7.000000000000001e-05
Pranit Kaul,7,0.0001,0.0001,0.0,7.000000000000001e-05
Ekantika Merchant,6,0.0001,0.0001,0.0,7.000000000000001e-05
Megha Padmanabhan,7,0.0001,0.0001,0.0,7.000000000000001e-05
Vasatika Patla,6,0.0001,0.0001,0.0,7.000000000000001e-05
Nitara Bora,7,0.0001,0.0001,0.0,7.000000000000001e-05
Karan Korpal,7,0.0001,0.0001,0.0,7.000000000000001e-05
Bina Karnik,6,0.0001,0.0001,0.0,7.000000000000001e-05
Matthew Dara,7,0.0001,0.0001,0.0,7.000000000000001e-05
Amrita Khurana,7,0.0001,0.0001,0.0,7.000000000000001e-05
Pahal Yadav,6,0.0001,0.0001,0.0,7.000000000000001e-05
Garima Varghese,6,0.0001,0.0001,0.0,7.000000000000001e-05
Krisha Shukla,6,0.0001,0.0001,0.0,7.000000000000001e-05
Ati Brahmbhatt,6,0.0001,0.0001,0.0,7.000000000000001e-05
Raghav Ahuja,6,0.0001,0.0001,0.0,7.000000000000001e-05
Nachiket Mohanty,6,0.0001,0.0001,0.0,7.000000000000001e-05
Shivansh Zacharia,6,0.0001,0.0001,0.0,7.000000000000001e-05
Wazir Patil,6,0.0001,0.0001,0.0,7.000000000000001e-05
Faqid Dugar,7,0.0001,0.0001,0.0,7.000000000000001e-05
Harita Chhabra,7,0.0001,0.0001,0.0,7.000000000000001e-05
Ikbal Mani,7,0.0001,0.0001,0.0,7.000000000000001e-05
Samesh Pathak,7,0.0001,0.0001,0.0,7.000000000000001e-05
Yug Mody,7,0.0001,0.0001,0.0,7.000000000000001e-05
Harsh Aggarwal,6,0.0001,0.0001,0.0,7.000000000000001e-05
Ekaja Uppal,7,0.0001,0.0001,0.0,7.000000000000001e-05
Chaitanya Banerjee,6,0.0001,0.0001,0.0,7.000000000000001e-05
Anya Hegde,7,0.0001,0.0001,0.0,7.000000000000001e-05
Maya Keer,7,0.0001,0.0001,0.0,7.000000000000001e-05
Ojasvi Pall,7,0.0001,0.0001,0.0,7.000000000000001e-05
Zinal Das,6,0.0001,0.0001,0.0,7.000000000000001e-05
Sarthak Kanda,6,0.0001,0.0001,0.0,7.000000000000001e-05
Aarnav Mane,6,0.0001,0.0001,0.0,7.000000000000001e-05
Aradhana Saini,6,0.0001,0.0001,0.0,7.000000000000001e-05
Devika Dash,6,0.0001,0.0001,0.0,7.000000000000001e-05
Anjali Kohli,6,0.0001,0.0001,0.0,7.000000000000001e-05
Theodore Goswami,6,0.0001,0.0001,0.0,7.000000000000001e-05
Omya Sankar,6,0.0001,0.0001,0.0,7.000000000000001e-05
Nisha Chauhan,7,0.0001,0.0001,0.0,7.000000000000001e-05
Advay Om,6,0.0001,0.0001,0.0,7.000000000000001e-05
Kalpit Ratti,6,0.0001,0.0001,0.0,7.000000000000001e-05
Eiravati Talwar,6,0.0001,0.0001,0.0,7.000000000000001e-05
Max Rai,7,0.0001,0.0001,0.0,7.000000000000001e-05
Sachi Acharya,6,0.0001,0.0001,0.0,7.000000000000001e-05
Aarnav Manda,6,0.0001,0.0001,0.0,7.000000000000001e-05
Keya Parikh,6,0.0001,0.0001,0.0,7.000000000000001e-05
Rishi Guha,7,0.0001,0.0001,0.0,7.000000000000001e-05
Amol Ratta,6,0.0001,0.0001,0.0,7.000000000000001e-05
William Dyal,6,0.0001,0.0001,0.0,7.000000000000001e-05
Turvi Shetty,6,0.0001,0.0001,0.0,7.000000000000001e-05
Libni Bahl,7,0.0001,0.0001,0.0,7.000000000000001e-05
Panini Varkey,6,0.0001,0.0001,0.0,7.000000000000001e-05
Jagat Hans,6,0.0001,0.0001,0.0,7.000000000000001e-05
Agastya Shan,6,0.0001,0.0001,0.0,7.000000000000001e-05
Naveen Sidhu,6,0.0001,0.0001,0.0,7.000000000000001e-05
Shaurya Zacharia,6,0.0001,0.0001,0.0,7.000000000000001e-05
Lohit Bath,6,0.0001,0.0001,0.0,7.000000000000001e-05
Deepa Sengupta,6,0.0001,0.0001,0.0,7.000000000000001e-05
Pranit Thakkar,6,0.0001,0.0001,0.0,7.000000000000001e-05
Jason Ahluwalia,6,0.0001,0.0001,0.0,7.000000000000001e-05
Shaurya Basak,6,0.0001,0.0001,0.0,7.000000000000001e-05
Gaurika Venkatesh,6,0.0001,0.0001,0.0,7.000000000000001e-05
Urvashi Kapoor,6,0.0001,0.0001,0.0,7.000000000000001e-05
Chasmum Panchal,6,0.0001,0.0001,0.0,7.000000000000001e-05
Dayamai Bhakta,6,0.0001,0.0001,0.0,7.000000000000001e-05
Oni Varma,6,0.0001,0.0001,0.0,7.000000000000001e-05
Jairaj Dash,6,0.0001,0.0001,0.0,7.000000000000001e-05
Hitesh Parmar,6,0.0001,0.0001,0.0,7.000000000000001e-05
Faqid Vasa,6,0.0001,0.0001,0.0,7.000000000000001e-05
Vedika Bal,6,0.0001,0.0001,0.0,7.000000000000001e-05
Charles Raja,6,0.0001,0.0001,0.0,7.000000000000001e-05
Vyanjana Sibal,6,0.0001,0.0001,0.0,7.000000000000001e-05
Ridhi Mallick,6,0.0001,0.0001,0.0,7.000000000000001e-05
Pratyush Gour,6,0.0001,0.0,0.0,4e-05
Jonathan Mittal,6,0.0001,0.0,0.0,4e-05
Anya Doctor,6,0.0001,0.0,0.0,4e-05
Shravya Chaudhuri,6,0.0001,0.0,0.0,4e-05
Nakul Borra,6,0.0001,0.0,0.0,4e-05
Chanchal Rattan,6,0.0001,0.0,0.0,4e-05
Veda Kota,6,0.0001,0.0,0.0,4e-05
Abhimanyu Srinivas,6,0.0001,0.0,0.0,4e-05
Vedhika Varghese,6,0.0001,0.0,0.0,4e-05
Saanvi Rattan,6,0.0001,0.0,0.0,4e-05
Nandini Solanki,6,0.0001,0.0,0.0,4e-05
Dayita Palan,7,0.0001,0.0,0.0,4e-05
Wridesh Acharya,6,0.0001,0.0,0.0,4e-05
Aditya Sant,6,0.0001,0.0,0.0,4e-05
Shravya Kalita,6,0.0001,0.0,0.0,4e-05
Ayushman Dalal,6,0.0001,0.0,0.0,4e-05
Kashvi Sawhney,6,0.0001,0.0,0.0,4e-05
Arya Lanka,6,0.0001,0.0,0.0,4e-05
Aryan Nadig,7,0.0001,0.0,0.0,4e-05
Gaurav Borah,6,0.0001,0.0,0.0,4e-05
Sarthak Kaur,6,0.0001,0.0,0.0,4e-05
Amara Swaminathan,6,0.0001,0.0,0.0,4e-05
Qadim Sarna,6,0.0001,0.0,0.0,4e-05
Ucchal Thaker,7,0.0001,0.0,0.0,4e-05
Om Lanka,6,0.0001,0.0,0.0,4e-05
Anya Guha,6,0.0001,0.0,0.0,4e-05
Libni Sandal,7,0.0001,0.0,0.0,4e-05
Vasudha Bhalla,6,0.0001,0.0,0.0,4e-05
Yuvraj Merchant,6,0.0001,0.0,0.0,4e-05
Yahvi Trivedi,6,0.0001,0.0,0.0,4e-05
Vrishti Gokhale,6,0.0001,0.0,0.0,4e-05
Nimrat Munshi,6,0.0001,0.0,0.0,4e-05
Pratyush Prasad,6,0.0001,0.0,0.0,4e-05
Dalaja Patla,6,0.0001,0.0,0.0,4e-05
Chaman Balasubramanian,6,0.0001,0.0,0.0,4e-05
Dalbir Pall,6,0.0001,0.0,0.0,4e-05
Gagan Madan,6,0.0001,0.0,0.0,4e-05
Chaaya Thakkar,6,0.0001,0.0,0.0,4e-05
Jeet Goel,7,0.0001,0.0,0.0,4e-05
Saumya Kapoor,6,0.0001,0.0,0.0,4e-05
Netra Bhatia,6,0.0001,0.0,0.0,4e-05
Mohini Chakraborty,6,0.0001,0.0,0.0,4e-05
Ekaja Contractor,6,0.0001,0.0,0.0,4e-05
Vrishti Sama,6,0.0001,0.0,0.0,4e-05
Charan Pradhan,6,0.0001,0.0,0.0,4e-05
Warda Rajagopalan,6,0.0001,0.0,0.0,4e-05
Tanish Pau,6,0.0001,0.0,0.0,4e-05
Garima Agrawal,6,0.0001,0.0,0.0,4e-05
Radhika Gaba,6,0.0001,0.0,0.0,4e-05
Abha Varghese,6,0.0001,0.0,0.0,4e-05
Kai Thaker,6,0.0001,0.0,0.0,4e-05
Arin Dugar,6,0.0001,0.0,0.0,4e-05
Qasim Comar,6,0.0001,0.0,0.0,4e-05
Hemang Mangat,6,0.0001,0.0,0.0,4e-05
Sathvik Solanki,7,0.0001,0.0,0.0,4e-05
Sanya Kata,6,0.0001,0.0,0.0,4e-05
Isaiah Krishnan,6,0.0001,0.0,0.0,4e-05
Laksh Anand,6,0.0001,0.0,0.0,4e-05
Jairaj Kothari,7,0.0001,0.0,0.0,4e-05
Eiravati Das,6,0.0001,0.0,0.0,4e-05
Jagdish Toor,6,0.0001,0.0,0.0,4e-05
Faris Dhingra,7,0.0001,0.0,0.0,4e-05
Bachittar Srinivasan,6,0.0001,0.0,0.0,4e-05
Chakradev Pai,6,0.0001,0.0,0.0,4e-05
Jalsa Malhotra,6,0.0001,0.0,0.0,4e-05
Ayaan Nadig,6,0.0001,0.0,0.0,4e-05
Bhavika Chad,7,0.0001,0.0,0.0,4e-05
Balveer Sundaram,7,0.0001,0.0,0.0,4e-05
Ganga Goswami,6,0.0001,0.0,0.0,4e-05
Ronith Vala,6,0.0001,0.0,0.0,4e-05
Kamala Magar,6,0.0001,0.0,0.0,4e-05
Ranveer Randhawa,6,0.0001,0.0,0.0,4e-05
Jagat Randhawa,6,0.0001,0.0,0.0,4e-05
Parth Chatterjee,6,0.0001,0.0,0.0,4e-05
Devansh Gandhi,6,0.0001,0.0,0.0,4e-05
Abha Guha,6,0.0001,0.0,0.0,4e-05
Riya Tailor,6,0.0001,0.0,0.0,4e-05
Raghav Pradhan,6,0.0001,0.0,0.0,4e-05
Qasim Johal,6,0.0001,0.0,0.0,4e-05
Ryan Ahluwalia,6,0.0001,0.0,0.0,4e-05
Panini Memon,6,0.0001,0.0,0.0,4e-05
Ijaya Modi,6,0.0001,0.0,0.0,4e-05
Parth Thaman,6,0.0001,0.0,0.0,4e-05
Adweta Randhawa,6,0.0001,0.0,0.0,4e-05
Yachana Shenoy,6,0.0001,0.0,0.0,4e-05
Mahika Sen,6,0.0001,0.0,0.0,4e-05
Upadhriti Johal,6,0.0001,0.0,0.0,4e-05
Garima Kumer,6,0.0001,0.0,0.0,4e-05
Chakradev Andra,6,0.0001,0.0,0.0,4e-05
Meghana Khatri,6,0.0001,0.0,0.0,4e-05
Hemal Rout,6,0.0001,0.0,0.0,4e-05
Omya Nadig,6,0.0001,0.0,0.0,4e-05
Yash Sachar,6,0.0001,0.0,0.0,4e-05
Ekapad Wali,7,0.0001,0.0,0.0,4e-05
Meera Nadkarni,7,0.0001,0.0,0.0,4e-05
Libni Atwal,6,0.0001,0.0,0.0,4e-05
Luke Zachariah,7,0.0001,0.0,0.0,4e-05
Farhan Barman,6,0.0001,0.0,0.0,4e-05
Chasmum Ahuja,7,0.0001,0.0,0.0,4e-05
Wazir Parmer,6,0.0001,0.0,0.0,4e-05
Mitali Bobal,6,0.0001,0.0,0.0,4e-05
Lajita Morar,6,0.0001,0.0,0.0,4e-05
Chandresh Lanka,6,0.0001,0.0,0.0,4e-05
Ekiya Khosla,7,0.0001,0.0,0.0,4e-05
Vamakshi Ghose,6,0.0001,0.0,0.0,4e-05
Indali Dara,6,0.0001,0.0,0.0,4e-05
Avi Chowdhury,6,0.0001,0.0,0.0,4e-05
Ijaya Thaman,6,0.0001,0.0,0.0,4e-05
Hema Parmar,6,0.0001,0.0,0.0,4e-05
Neel Rao,6,0.0001,0.0,0.0,4e-05
Ronith Mitra,6,0.0001,0.0,0.0,4e-05
Atharv Vig,6,0.0001,0.0,0.0,4e-05
Jagat Dutta,6,0.0001,0.0,0.0,4e-05
Hardik Hayre,6,0.0001,0.0,0.0,4e-05
Finn Ghosh,6,0.0001,0.0,0.0,4e-05
Omkaar Apte,6,0.0001,0.0,0.0,4e-05
Onkar Sahni,6,0.0001,0.0,0.0,4e-05
Daniel Roy,6,0.0001,0.0,0.0,4e-05
Aryan Samra,6,0.0001,0.0,0.0,4e-05
Benjamin Sarna,6,0.0001,0.0,0.0,4e-05
Adya Bhasin,6,0.0001,0.0,0.0,4e-05
Jhalak Din,6,0.0001,0.0,0.0,4e-05
Gaurang Keer,6,0.0001,0.0,0.0,4e-05
Timothy Chandra,6,0.0001,0.0,0.0,4e-05
Ikbal Sangha,6,0.0001,0.0,0.0,4e-05
Benjamin Sridhar,6,0.0001,0.0,0.0,4e-05
Hiral Mangat,6,0.0001,0.0,0.0,4e-05
Sarthak Goel,6,0.0001,0.0,0.0,4e-05
Zehaan Dara,7,0.0001,0.0,0.0,4e-05
Christopher Om,6,0.0001,0.0,0.0,4e-05
Ati Shenoy,6,0.0001,0.0,0.0,4e-05
Arunima Chaudhari,6,0.0001,0.0,0.0,4e-05
Banjeet Shetty,6,0.0001,0.0,0.0,4e-05
Radha Narain,6,0.0001,0.0,0.0,4e-05
Michael Prabhu,6,0.0001,0.0,0.0,4e-05
Kavya Pal,6,0.0001,0.0,0.0,4e-05
Frederick Kade,6,0.0001,0.0,0.0,4e-05
Unni Pant,6,0.0001,0.0,0.0,4e-05
Balendra Walia,6,0.0001,0.0,0.0,4e-05
Imaran Sarin,6,0.0001,0.0,0.0,4e-05
Zayyan Dyal,6,0.0001,0.0,0.0,4e-05
Patrick Roy,6,0.0001,0.0,0.0,4e-05
Jatin Dyal,6,0.0001,0.0,0.0,4e-05
Viraj Bala,6,0.0001,0.0,0.0,4e-05
Faqid Sarma,6,0.0001,0.0,0.0,4e-05
Maya Ramaswamy,6,0.0001,0.0,0.0,4e-05
Megha Palan,6,0.0001,0.0,0.0,4e-05
Ekta Bose,6,0.0001,0.0,0.0,4e-05
Faqid Apte,6,0.0001,0.0,0.0,4e-05
Gopal Mangat,6,0.0001,0.0,0.0,4e-05
Nikita Contractor,6,0.0001,0.0,0.0,4e-05
Shivani Sinha,7,0.0001,0.0,0.0,4e-05
Isaiah Varma,6,0.0001,0.0,0.0,4e-05
Ayushman Divan,6,0.0001,0.0,0.0,4e-05
Xiti Gara,6,0.0001,0.0,0.0,4e-05
Manan Mandal,6,0.0001,0.0,0.0,4e-05
Qarin Nadkarni,7,0.0001,0.0,0.0,4e-05
Panini Dutta,6,0.0001,0.0,0.0,4e-05
Quincy Borde,6,0.0001,0.0,0.0,4e-05
Qasim Sarna,6,0.0001,0.0,0.0,4e-05
Jason Khare,6,0.0001,0.0,0.0,4e-05
Abeer Srivastava,6,0.0001,0.0,0.0,4e-05
Neelima Ramesh,6,0.0001,0.0,0.0,4e-05
Mohammed Ahluwalia,7,0.0001,0.0,0.0,4e-05
Guneet Chhabra,6,0.0001,0.0,0.0,4e-05
Yashodhara Sunder,6,0.0001,0.0,0.0,4e-05
Maya Dugar,7,0.0001,0.0,0.0,4e-05
Lipika Rau,6,0.0001,0.0,0.0,4e-05
Wriddhish Kala,6,0.0001,0.0,0.0,4e-05
Nirja Som,6,0.0001,0.0,0.0,4e-05
Isaiah Lal,6,0.0001,0.0,0.0,4e-05
Janaki Taneja,6,0.0001,0.0,0.0,4e-05
Warda Anne,6,0.0001,0.0,0.0,4e-05
Bachittar Rege,7,0.0001,0.0,0.0,4e-05
Sai Varghese,6,0.0001,0.0,0.0,4e-05
Chasmum Dalal,6,0.0001,0.0,0.0,4e-05
Sathvik Bhattacharyya,6,0.0001,0.0,0.0,4e-05
Lohit Batta,6,0.0001,0.0,0.0,4e-05
Janaki Kala,6,0.0001,0.0,0.0,4e-05
Yahvi Bhakta,6,0.0001,0.0,0.0,4e-05
Logan Mohan,6,0.0001,0.0,0.0,4e-05
Nicholas Menon,6,0.0001,0.0,0.0,4e-05
Luke Gour,6,0.0001,0.0,0.0,4e-05
Liam Sen,6,0.0001,0.0,0.0,4e-05
Yahvi Guha,6,0.0001,0.0,0.0,4e-05
Balveer Ramanathan,7,0.0001,0.0,0.0,4e-05
Upasna Bhatt,6,0.0001,0.0,0.0,4e-05
Warinder Apte,6,0.0001,0.0,0.0,4e-05
Rishi Borde,7,0.0001,0.0,0.0,4e-05
Janya Sura,6,0.0001,0.0,0.0,4e-05
Pooja Ahluwalia,6,0.0001,0.0,0.0,4e-05
Samar Chander,6,0.0001,0.0,0.0,4e-05
Gavin Mammen,6,0.0001,0.0,0.0,4e-05
Harish Sarna,6,0.0001,0.0,0.0,4e-05
Benjamin Bansal,6,0.0001,0.0,0.0,4e-05
Amrita Sha,6,0.0001,0.0,0.0,4e-05
Andrew Kota,6,0.0001,0.0,0.0,4e-05
Hemangini Salvi,6,0.0001,0.0,0.0,4e-05
Ganga Shah,6,0.0001,0.0,0.0,4e-05
Ekta Sampath,6,0.0001,0.0,0.0,4e-05
Saanvi Vaidya,6,0.0001,0.0,0.0,4e-05
Lekha Thakkar,6,0.0001,0.0,0.0,4e-05
Jackson Hora,6,0.0001,0.0,0.0,4e-05
Devansh Grover,6,0.0001,0.0,0.0,4e-05
Januja Seshadri,6,0.0001,0.0,0.0,4e-05
Kritika Kohli,6,0.0001,0.0,0.0,4e-05
Rajata Ahuja,6,0.0001,0.0,0.0,4e-05
Amruta Tripathi,6,0.0001,0.0,0.0,4e-05
Netra Sethi,6,0.0001,0.0,0.0,4e-05
Dalbir Kala,6,0.0001,0.0,0.0,4e-05
Arunima Virk,6,0.0001,0.0,0.0,4e-05
Nihal Lata,6,0.0001,0.0,0.0,4e-05
Garima Chandran,6,0.0001,0.0,0.0,4e-05
Teerth Soni,7,0.0001,0.0,0.0,4e-05
Finn Contractor,6,0.0001,0.0,0.0,4e-05
Darpan Barad,6,0.0001,0.0,0.0,4e-05
Benjamin Kibe,6,0.0001,0.0,0.0,4e-05
Fitan Lad,6,0.0001,0.0,0.0,4e-05
Bhavya Sachar,6,0.0001,0.0,0.0,4e-05
Tanvi Sandhu,6,0.0001,0.0,0.0,4e-05
Dakshesh Yadav,6,0.0001,0.0,0.0,4e-05
Darika Wason,6,0.0001,0.0,0.0,4e-05
Baghyawati Kumar,7,0.0001,0.0,0.0,4e-05
Girish Jhaveri,6,0.0001,0.0,0.0,4e-05
Bhavani Sandal,6,0.0001,0.0,0.0,4e-05
Ishaan Dora,6,0.0001,0.0,0.0,4e-05
Gagan Dutt,6,0.0001,0.0,0.0,4e-05
Inaya Sagar,6,0.0001,0.0,0.0,4e-05
Lopa Sem,6,0.0001,0.0,0.0,4e-05
Devansh Agrawal,6,0.0001,0.0,0.0,4e-05
Warjas Vohra,6,0.0001,0.0,0.0,4e-05
Girik Patla,6,0.0001,0.0,0.0,4e-05
Indrajit Misra,6,0.0001,0.0,0.0,4e-05
Aachal Babu,6,0.0001,0.0,0.0,4e-05
Watika Grewal,6,0.0001,0.0,0.0,4e-05
Vritti Saxena,6,0.0001,0.0,0.0,4e-05
Yahvi Jhaveri,6,0.0001,0.0,0.0,4e-05
Lekha Jha,6,0.0001,0.0,0.0,4e-05
Balveer Rana,6,0.0001,0.0,0.0,4e-05
Oni Ghose,6,0.0001,0.0,0.0,4e-05
Vanya Narasimhan,6,0.0001,0.0,0.0,4e-05
Dominic Dixit,7,0.0001,0.0,0.0,4e-05
Ryan Naik,6,0.0001,0.0,0.0,4e-05
Chandresh De,7,0.0001,0.0,0.0,4e-05
Chandani Sarkar,6,0.0001,0.0,0.0,4e-05
Pahal Srivastava,6,0.0001,0.0,0.0,4e-05
Jonathan Apte,6,0.0001,0.0,0.0,4e-05
Damini Kibe,6,0.0001,0.0,0.0,4e-05
Krishna Mander,6,0.0001,0.0,0.0,4e-05
Samuel Wadhwa,6,0.0001,0.0,0.0,4e-05
Ethan Dayal,6,0.0001,0.0,0.0,4e-05
Yachana Ahluwalia,6,0.0001,0.0,0.0,4e-05
Ishita Toor,7,0.0001,0.0,0.0,4e-05
Vasudha More,6,0.0001,0.0,0.0,4e-05
Yoshita Chakrabarti,6,0.0001,0.0,0.0,4e-05
Frederick Thakkar,6,0.0001,0.0,0.0,4e-05
Warinder Dhar,6,0.0001,0.0,0.0,4e-05
Gunbir Rana,6,0.0001,0.0,0.0,4e-05
Naveen Srivastava,6,0.0001,0.0,0.0,4e-05
Urvi Mital,6,0.0001,0.0,0.0,4e-05
Neel Sengupta,6,0.0001,0.0,0.0,4e-05
Ayush Banerjee,7,0.0001,0.0,0.0,4e-05
Theodore Buch,6,0.0001,0.0,0.0,4e-05
Jai Ratta,6,0.0001,0.0,0.0,4e-05
Nisha Lall,6,0.0001,0.0,0.0,4e-05
Turvi Deol,6,0.0001,0.0,0.0,4e-05
Harinakshi Bansal,6,0.0001,0.0,0.0,4e-05
Riya Rajagopal,6,0.0001,0.0,0.0,4e-05
Akshay Lad,7,0.0001,0.0,0.0,4e-05
Kamya Rao,6,0.0001,0.0,0.0,4e-05
Falan Nagi,6,0.0001,0.0,0.0,4e-05
Pavani Sanghvi,6,0.0001,0.0,0.0,4e-05
Luke Grewal,6,0.0001,0.0,0.0,4e-05
Dev Mistry,6,0.0001,0.0,0.0,4e-05
Urvi Sheth,6,0.0001,0.0,0.0,4e-05
Onkar Mandal,7,0.0001,0.0,0.0,4e-05
Chaitanya Kapoor,6,0.0001,0.0,0.0,4e-05
Indali Buch,6,0.0001,0.0,0.0,4e-05
Indira Dewan,6,0.0001,0.0,0.0,4e-05
Sudiksha Sura,7,0.0001,0.0,0.0,4e-05
Rushil Goel,6,0.0001,0.0,0.0,4e-05
Faras Kannan,6,0.0001,0.0,0.0,4e-05
Vasatika Tella,6,0.0001,0.0,0.0,4e-05
Jairaj Sen,6,0.0001,0.0,0.0,4e-05
Wahab Borra,6,0.0001,0.0,0.0,4e-05
Triveni Choudhury,6,0.0001,0.0,0.0,4e-05
Eiravati Gole,6,0.0001,0.0,0.0,4e-05
Dayita Oommen,6,0.0001,0.0,0.0,4e-05
Oliver Garde,6,0.0001,0.0,0.0,4e-05
Balendra Butala,6,0.0001,0.0,0.0,4e-05
Edhitha Sule,6,0.0001,0.0,0.0,4e-05
Lipika Chana,6,0.0001,0.0,0.0,4e-05
Nilima Merchant,6,0.0001,0.0,0.0,4e-05
Varenya Thaker,6,0.0001,0.0,0.0,4e-05
Ranveer Swaminathan,6,0.0001,0.0,0.0,4e-05
Brinda Barman,6,0.0001,0.0,0.0,4e-05
Vedant Borde,6,0.0001,0.0,0.0,4e-05
Anvi Dixit,6,0.0001,0.0,0.0,4e-05
Aachal Kamdar,6,0.0001,0.0,0.0,4e-05
Wridesh Sama,6,0.0001,0.0,0.0,4e-05
Turvi Bail,6,0.0001,0.0,0.0,4e-05
Praneel Varkey,6,0.0001,0.0,0.0,4e-05
Yatin Thaker,6,0.0001,0.0,0.0,4e-05
Kavya Sehgal,6,0.0001,0.0,0.0,4e-05
Vasatika Nath,6,0.0001,0.0,0.0,4e-05
Vasudha Pillay,7,0.0001,0.0,0.0,4e-05
Laban Golla,6,0.0001,0.0,0.0,4e-05
Champak Panchal,6,0.0001,0.0,0.0,4e-05
Mason Kade,6,0.0001,0.0,0.0,4e-05
Dhriti Sood,6,0.0001,0.0,0.0,4e-05
Balhaar Chadha,6,0.0001,0.0,0.0,4e-05
Atharv Nagarajan,6,0.0001,0.0,0.0,4e-05
Vincent Koshy,6,0.0001,0.0,0.0,4e-05
Alka Dhaliwal,6,0.0001,0.0,0.0,4e-05
Harini Mand,6,0.0001,0.0,0.0,4e-05
Balhaar Goswami,6,0.0001,0.0,0.0,4e-05
Siddharth Iyengar,6,0.0001,0.0,0.0,4e-05
Mason Bhalla,6,0.0001,0.0,0.0,4e-05
Januja Buch,6,0.0001,0.0,0.0,4e-05
Vedhika Golla,7,0.0001,0.0,0.0,4e-05
Libni Prabhakar,6,0.0001,0.0,0.0,4e-05
Matthew Sekhon,7,0.0001,0.0,0.0,4e-05
Forum Johal,6,0.0001,0.0,0.0,4e-05
Idika Ratta,6,0.0001,0.0,0.0,4e-05
Madhavi Kurian,6,0.0001,0.0,0.0,4e-05
Yatin Wali,6,0.0001,0.0,0.0,4e-05
Nikita Dara,6,0.0001,0.0,0.0,4e-05
Utkarsh Oak,6,0.0001,0.0,0.0,4e-05
Raagini Mangat,6,0.0001,0.0,0.0,4e-05
Agastya Tella,6,0.0001,0.0,0.0,4e-05
Jagrati Sibal,6,0.0001,0.0,0.0,4e-05
Imaran Ratti,7,0.0001,0.0,0.0,4e-05
Frado Varty,6,0.0001,0.0,0.0,4e-05
Ishaan Lal,6,0.0001,0.0,0.0,4e-05
Dalaja Kapur,6,0.0001,0.0,0.0,4e-05
Chatura Sibal,6,0.0001,0.0,0.0,4e-05
Advik Mani,7,0.0001,0.0,0.0,4e-05
Vincent Manne,6,0.0001,0.0,0.0,4e-05
Lavanya Prakash,6,0.0001,0.0,0.0,4e-05
Indira Dubey,6,0.0001,0.0,0.0,4e-05
Vamakshi Walia,7,0.0001,0.0,0.0,4e-05
Aryan Minhas,6,0.0001,0.0,0.0,4e-05
Sanaya Sengupta,6,0.0001,0.0,0.0,4e-05
Theodore Varty,6,0.0001,0.0,0.0,4e-05
Harish Sridhar,6,0.0001,0.0,0.0,4e-05
Hemal Chad,7,0.0001,0.0,0.0,4e-05
Neel Agrawal,6,0.0001,0.0,0.0,4e-05
Mugdha Kibe,6,0.0001,0.0,0.0,4e-05
Yashvi Grover,6,0.0001,0.0,0.0,4e-05
George Manne,6,0.0001,0.0,0.0,4e-05
Keya Goyal,7,0.0001,0.0,0.0,4e-05
Omya Shanker,6,0.0001,0.0,0.0,4e-05
Wridesh Manda,6,0.0001,0.0,0.0,4e-05
Isaiah Dua,6,0.0001,0.0,0.0,4e-05
Bimala Vasa,6,0.0001,0.0,0.0,4e-05
Ekantika Mangat,6,0.0001,0.0,0.0,4e-05
Nathaniel Mital,6,0.0001,0.0,0.0,4e-05
Hemangini Jhaveri,6,0.0001,0.0,0.0,4e-05
Abhiram Bir,7,0.0001,0.0,0.0,4e-05
Jyoti Sane,6,0.0001,0.0,0.0,4e-05
Rachit Dhar,7,0.0001,0.0,0.0,4e-05
Nitara Lala,6,0.0001,0.0,0.0,4e-05
Siya Mody,6,0.0001,0.0,0.0,4e-05
Zehaan Om,6,0.0001,0.0,0.0,4e-05
Atharv Mann,6,0.0001,0.0,0.0,4e-05
Hema Zachariah,6,0.0001,0.0,0.0,4e-05
Zayyan Chaudhry,6,0.0001,0.0,0.0,4e-05
Tanay Basak,6,0.0001,0.0,0.0,4e-05
Logan Narang,6,0.0001,0.0,0.0,4e-05
Agastya Chauhan,6,0.0001,0.0,0.0,4e-05
Ayushman Boase,6,0.0001,0.0,0.0,4e-05
Ekiya Krishna,6,0.0001,0.0,0.0,4e-05
Zaid Dani,6,0.0001,0.0,0.0,4e-05
Nidra Dani,7,0.0001,0.0,0.0,4e-05
Neha Mangal,6,0.0001,0.0,0.0,4e-05
Chaitanya Deep,6,0.0001,0.0,0.0,4e-05
Robert Shankar,6,0.0001,0.0,0.0,4e-05
Manthan Sawhney,6,0.0001,0.0,0.0,4e-05
Nisha Nigam,6,0.0001,0.0,0.0,4e-05
Unni Modi,6,0.0001,0.0,0.0,4e-05
Kashish Sarraf,6,0.0001,0.0,0.0,4e-05
Devansh Kalita,6,0.0001,0.0,0.0,4e-05
Girish Behl,6,0.0001,0.0,0.0,4e-05
Fiyaz Mangal,7,0.0001,0.0,0.0,4e-05
Sai Pandit,6,0.0001,0.0,0.0,4e-05
Faris Suresh,6,0.0001,0.0,0.0,4e-05
Nandini Uppal,7,0.0001,0.0,0.0,4e-05
Xavier Mani,6,0.0001,0.0,0.0,4e-05
Indali Goswami,6,0.0001,0.0,0.0,4e-05
Guneet Trivedi,6,0.0001,0.0,0.0,4e-05
Yashica Vyas,6,0.0001,0.0,0.0,4e-05
Anika Chatterjee,6,0.0001,0.0,0.0,4e-05
Zilmil Majumdar,6,0.0001,0.0,0.0,4e-05
Nitesh Ranganathan,6,0.0001,0.0,0.0,4e-05
Ira Bhat,6,0.0001,0.0,0.0,4e-05
Mohammed Mandal,6,0.0001,0.0,0.0,4e-05
Indira Rai,6,0.0001,0.0,0.0,4e-05
Balveer Kulkarni,6,0.0001,0.0,0.0,4e-05
Raghav De,6,0.0001,0.0,0.0,4e-05
Yashawini Munshi,6,0.0001,0.0,0.0,4e-05
Alexander Lall,6,0.0001,0.0,0.0,4e-05
Wyatt Menon,6,0.0001,0.0,0.0,4e-05
Balhaar Choudhry,6,0.0001,0.0,0.0,4e-05
Anjali Gole,6,0.0001,0.0,0.0,4e-05
Jyoti Varghese,6,0.0001,0.0,0.0,4e-05
Veda Keer,6,0.0001,0.0,0.0,4e-05
Pavani Sethi,6,0.0001,0.0,0.0,4e-05
Gabriel Kar,6,0.0001,0.0,0.0,4e-05
Anmol Chadha,7,0.0001,0.0,0.0,4e-05
Noah Kapur,6,0.0001,0.0,0.0,4e-05
Viraj Arora,6,0.0001,0.0,0.0,4e-05
Nakul Misra,6,0.0001,0.0,0.0,4e-05
Turvi Srinivasan,6,0.0001,0.0,0.0,4e-05
Barkha Parmar,6,0.0001,0.0,0.0,4e-05
Naveen Kumer,7,0.0001,0.0,0.0,4e-05
Chavvi Dara,6,0.0001,0.0,0.0,4e-05
Chameli Deo,6,0.0001,0.0,0.0,4e-05
Veer Palla,6,0.0001,0.0,0.0,4e-05
Ucchal Yadav,6,0.0001,0.0,0.0,4e-05
Mekhala Jha,7,0.0001,0.0,0.0,4e-05
Christopher Buch,6,0.0001,0.0,0.0,4e-05
Nidhi Mallick,6,0.0001,0.0,0.0,4e-05
Frado Merchant,6,0.0001,0.0,0.0,4e-05
Max Grewal,6,0.0001,0.0,0.0,4e-05
Jacob Chowdhury,6,0.0001,0.0,0.0,4e-05
Rohan Cheema,6,0.0001,0.0,0.0,4e-05
Netra Walia,6,0.0001,0.0,0.0,4e-05
Netra Pingle,7,0.0001,0.0,0.0,4e-05
Vamakshi Pant,6,0.0001,0.0,0.0,4e-05
Upma Anand,6,0.0001,0.0,0.0,4e-05
Baljiwan Shan,6,0.0001,0.0,0.0,4e-05
Triya Doshi,6,0.0001,0.0,0.0,4e-05
Vritti Kapadia,6,0.0001,0.0,0.0,4e-05
Banjeet Sarraf,6,0.0001,0.0,0.0,4e-05
Anita Dugar,6,0.0001,0.0,0.0,4e-05
Hardik Tara,6,0.0001,0.0,0.0,4e-05
Dayita Prabhakar,6,0.0001,0.0,0.0,4e-05
Gayathri Rau,6,0.0001,0.0,0.0,4e-05
Ikshita Deol,6,0.0001,0.0,0.0,4e-05
Mugdha Devi,6,0.0001,0.0,0.0,4e-05
Vasudha Mani,6,0.0001,0.0,0.0,4e-05
Indrajit Shroff,7,0.0001,0.0,0.0,4e-05
Saumya Jha,6,0.0001,0.0,0.0,4e-05
Jeremiah Sinha,6,0.0001,0.0,0.0,4e-05
Ekavir Keer,6,0.0001,0.0,0.0,4e-05
Isaac Sunder,6,0.0001,0.0,0.0,4e-05
George Ghosh,6,0.0001,0.0,0.0,4e-05
Dalaja Lata,6,0.0001,0.0,0.0,4e-05
Nicholas Dyal,6,0.0001,0.0,0.0,4e-05
Zilmil Jaggi,6,0.0001,0.0,0.0,4e-05
Irya Khosla,6,0.0001,0.0,0.0,4e-05
Indrajit Purohit,6,0.0001,0.0,0.0,4e-05
Ekanta Joshi,6,0.0001,0.0,0.0,4e-05
Umang Das,6,0.0001,0.0,0.0,4e-05
Pushti Kari,7,0.0001,0.0,0.0,4e-05
Owen Ahluwalia,6,0.0001,0.0,0.0,4e-05
Ishanvi Iyengar,6,0.0001,0.0,0.0,4e-05
Max Kala,6,0.0001,0.0,0.0,4e-05
Samaksh Patla,6,0.0001,0.0,0.0,4e-05
Lopa Murty,6,0.0001,0.0,0.0,4e-05
Gaurav Golla,6,0.0001,0.0,0.0,4e-05
Urvi Palan,7,0.0001,0.0,0.0,4e-05
Chanakya Jha,6,0.0001,0.0,0.0,4e-05
Sarthak Chauhan,6,0.0001,0.0,0.0,4e-05
Balvan Guha,6,0.0001,0.0,0.0,4e-05
Aryan Modi,6,0.0001,0.0,0.0,4e-05
Sathvik Deshmukh,6,0.0001,0.0,0.0,4e-05
Gagan Lanka,6,0.0001,0.0,0.0,4e-05
Arin Mohan,6,0.0001,0.0,0.0,4e-05
Falan Nagar,6,0.0001,0.0,0.0,4e-05
Varenya Rajagopal,6,0.0001,0.0,0.0,4e-05
Mekhala Kunda,6,0.0001,0.0,0.0,4e-05
Kala Sama,6,0.0001,0.0,0.0,4e-05
Abdul Kumar,6,0.0001,0.0,0.0,4e-05
Divya Chana,6,0.0001,0.0,0.0,4e-05
Hritik Din,6,0.0001,0.0,0.0,4e-05
Sara Dhawan,6,0.0001,0.0,0.0,4e-05
Umang Kade,6,0.0001,0.0,0.0,4e-05
Neel Khanna,7,0.0001,0.0,0.0,4e-05
Damini Kohli,6,0.0001,0.0,0.0,4e-05
Arjun Chand,6,0.0001,0.0,0.0,4e-05
Zaid Shankar,6,0.0001,0.0,0.0,4e-05
Bhavani Sur,7,0.0001,0.0,0.0,4e-05
Gaurika Sankar,6,0.0001,0.0,0.0,4e-05
Yashica Goswami,6,0.0001,0.0,0.0,4e-05
Qadim Gupta,6,0.0001,0.0,0.0,4e-05
Nisha Oza,7,0.0001,0.0,0.0,4e-05
Lekha Bala,7,0.0001,0.0,0.0,4e-05
Owen Mistry,6,0.0001,0.0,0.0,4e-05
Samaksh Krish,6,0.0001,0.0,0.0,4e-05
Tanay Ranganathan,6,0.0001,0.0,0.0,4e-05
Wakeeta Nigam,6,0.0001,0.0,0.0,4e-05
Robert Swaminathan,7,0.0001,0.0,0.0,4e-05
Nihal Parikh,6,0.0001,0.0,0.0,4e-05
Lekha Buch,6,0.0001,0.0,0.0,4e-05
Gaurangi Reddy,6,0.0001,0.0,0.0,4e-05
Vasana Ramaswamy,6,0.0001,0.0,0.0,4e-05
Ayushman Rana,6,0.0001,0.0,0.0,4e-05
Triya Hegde,6,0.0001,0.0,0.0,4e-05
Pallavi Bala,6,0.0001,0.0,0.0,4e-05
Chasmum Mittal,6,0.0001,0.0,0.0,4e-05
Kevin Dhawan,6,0.0001,0.0,0.0,4e-05
Eshana Yohannan,6,0.0001,0.0,0.0,4e-05
Kashvi Badami,6,0.0001,0.0,0.0,4e-05
Chanakya Aggarwal,6,0.0001,0.0,0.0,4e-05
Vamakshi Shanker,6,0.0001,0.0,0.0,4e-05
Bina Malhotra,7,0.0001,0.0,0.0,4e-05
Gaurika Salvi,6,0.0001,0.0,0.0,4e-05
Dominic Mall,6,0.0001,0.0,0.0,4e-05
Brinda Chakraborty,6,0.0001,0.0,0.0,4e-05
Naveen Bhandari,6,0.0001,0.0,0.0,4e-05
Ojas Ganesh,6,0.0001,0.0,0.0,4e-05
Aahana Mandal,6,0.0001,0.0,0.0,4e-05
Maanas Comar,6,0.0001,0.0,0.0,4e-05
Rajeshri Tara,6,0.0001,0.0,0.0,4e-05
Ranveer Tripathi,6,0.0001,0.0,0.0,4e-05
Arunima Kara,6,0.0001,0.0,0.0,4e-05
Nachiket Prashad,6,0.0001,0.0,0.0,4e-05
Zilmil Loke,6,0.0001,0.0,0.0,4e-05
Devansh Naik,6,0.0001,0.0,0.0,4e-05
Matthew Amble,6,0.0001,0.0,0.0,4e-05
Viraj Narayan,6,0.0001,0.0,0.0,4e-05
Turvi Narang,6,0.0001,0.0,0.0,4e-05
Brijesh Subramanian,6,0.0001,0.0,0.0,4e-05
Kamala Thaker,6,0.0001,0.0,0.0,4e-05
Ronith Hayre,6,0.0001,0.0,0.0,4e-05
Charan Thaker,6,0.0001,0.0,0.0,4e-05
Alka Salvi,6,0.0001,0.0,0.0,4e-05
Lucky Banik,6,0.0001,0.0,0.0,4e-05
Ishaan Raju,7,0.0001,0.0,0.0,4e-05
Noah Shere,6,0.0001,0.0,0.0,4e-05
Tejas Wali,7,0.0001,0.0,0.0,4e-05
Theodore Kannan,6,0.0001,0.0,0.0,4e-05
Dipta Bhatt,6,0.0001,0.0,0.0,4e-05
Urishilla Parmar,6,0.0001,0.0,0.0,4e-05
Hemangini Andra,6,0.0001,0.0,0.0,4e-05
Oeshi Balasubramanian,6,0.0001,0.0,0.0,4e-05
Shivansh Yadav,6,0.0001,0.0,0.0,4e-05
Bimala Manne,7,0.0001,0.0,0.0,4e-05
Nihal Kuruvilla,6,0.0001,0.0,0.0,4e-05
Oliver Walla,6,0.0001,0.0,0.0,4e-05
Reyansh Aggarwal,6,0.0001,0.0,0.0,4e-05
Hitesh Natarajan,6,0.0001,0.0,0.0,4e-05
Harinakshi Vig,6,0.0001,0.0,0.0,4e-05
Raagini Sathe,6,0.0001,0.0,0.0,4e-05
Charles Sharaf,6,0.0001,0.0,0.0,4e-05
Omaja Pandya,6,0.0001,0.0,0.0,4e-05
Chatresh Sundaram,6,0.0001,0.0,0.0,4e-05
Chandresh Batta,6,0.0001,0.0,0.0,4e-05
Indali Arya,7,0.0001,0.0,0.0,4e-05
Urvi Rege,6,0.0001,0.0,0.0,4e-05
Kabir Dhar,7,0.0001,0.0,0.0,4e-05
Keya Nazareth,6,0.0001,0.0,0.0,4e-05
Ekantika Iyer,6,0.0001,0.0,0.0,4e-05
Owen Dhingra,6,0.0001,0.0,0.0,4e-05
Rudra Rajan,6,0.0001,0.0,0.0,4e-05
Ubika Basu,7,0.0001,0.0,0.0,4e-05
Manya Sen,6,0.0001,0.0,0.0,4e-05
Charan Sachar,6,0.0001,0.0,0.0,4e-05
Varsha Maharaj,6,0.0001,0.0,0.0,4e-05
Gauri Balay,6,0.0001,0.0,0.0,4e-05
Krish Upadhyay,6,0.0001,0.0,0.0,4e-05
Aradhana Chopra,6,0.0001,0.0,0.0,4e-05
Mitesh Nayar,6,0.0001,0.0,0.0,4e-05
Aashi Khatri,6,0.0001,0.0,0.0,4e-05
Bhavani Krishna,6,0.0001,0.0,0.0,4e-05
Triveni Kapadia,6,0.0001,0.0,0.0,4e-05
Anmol Doctor,6,0.0001,0.0,0.0,4e-05
Waida Barad,6,0.0001,0.0,0.0,4e-05
Ikbal Hari,6,0.0001,0.0,0.0,4e-05
Dominic Pathak,6,0.0001,0.0,0.0,4e-05
Jason Krishna,7,0.0001,0.0,0.0,4e-05
Charles Bansal,6,0.0001,0.0,0.0,4e-05
Nihal Sahota,6,0.0001,0.0,0.0,4e-05
Damyanti Barad,6,0.0001,0.0,0.0,4e-05
Fariq Rastogi,6,0.0001,0.0,0.0,4e-05
Triveni Chada,6,0.0001,0.0,0.0,4e-05
Pooja Baria,6,0.0001,0.0,0.0,4e-05
Daksh Desai,6,0.0001,0.0,0.0,4e-05
Arin Patil,6,0.0001,0.0,0.0,4e-05
Nakul Bansal,6,0.0001,0.0,0.0,4e-05
Tanvi Kara,6,0.0001,0.0,0.0,4e-05
Kala Palla,6,0.0001,0.0,0.0,4e-05
Samaksh Brahmbhatt,7,0.0001,0.0,0.0,4e-05
Lipika Gupta,6,0.0001,0.0,0.0,4e-05
Bhavna Hans,6,0.0001,0.0,0.0,4e-05
Vyanjana Dubey,6,0.0001,0.0,0.0,4e-05
Veer Nigam,6,0.0001,0.0,0.0,4e-05
Hamsini Chatterjee,6,0.0001,0.0,0.0,4e-05
Chavvi Gala,7,0.0001,0.0,0.0,4e-05
Indrajit Dhar,6,0.0001,0.0,0.0,4e-05
Chanchal Tandon,6,0.0001,0.0,0.0,4e-05
Vasatika Chanda,6,0.0001,0.0,0.0,4e-05
Sachi Chander,6,0.0001,0.0,0.0,4e-05
Radha Venkataraman,6,0.0001,0.0,0.0,4e-05
Max Agrawal,6,0.0001,0.0,0.0,4e-05
Unnati Jaggi,7,0.0001,0.0,0.0,4e-05
Leela Chatterjee,6,0.0001,0.0,0.0,4e-05
Noah Prasad,6,0.0001,0.0,0.0,4e-05
Wyatt Srinivasan,6,0.0001,0.0,0.0,4e-05
Dhriti Halder,6,0.0001,0.0,0.0,4e-05
Eshana Konda,6,0.0001,0.0,0.0,4e-05
Lavanya Bhasin,6,0.0001,0.0,0.0,4e-05
Rushil Sabharwal,6,0.0001,0.0,0.0,4e-05
Zayan Soman,6,0.0001,0.0,0.0,4e-05
Frado Sankar,6,0.0001,0.0,0.0,4e-05
Praneel Sangha,6,0.0001,0.0,0.0,4e-05
Anamika Sharaf,6,0.0001,0.0,0.0,4e-05
Gaurangi Warrior,6,0.0001,0.0,0.0,4e-05
Vincent Chaudhuri,6,0.0001,0.0,0.0,4e-05
Chaman Mittal,6,0.0001,0.0,0.0,4e-05
Wakeeta Randhawa,6,0.0001,0.0,0.0,4e-05
Chakradhar Mukhopadhyay,6,0.0001,0.0,0.0,4e-05
Vincent Goyal,6,0.0001,0.0,0.0,4e-05
Qasim Arora,6,0.0001,0.0,0.0,4e-05
Rehaan Shetty,6,0.0001,0.0,0.0,4e-05
Priya Ramaswamy,7,0.0001,0.0,0.0,4e-05
Shaurya Nagi,6,0.0001,0.0,0.0,4e-05
Reva Rout,6,0.0001,0.0,0.0,4e-05
Amaira Mane,6,0.0001,0.0,0.0,4e-05
Jagvi Kalla,6,0.0001,0.0,0.0,4e-05
Azad Bhardwaj,6,0.0001,0.0,0.0,4e-05
Benjamin Dugar,6,0.0001,0.0,0.0,4e-05
Reyansh Sur,7,0.0001,0.0,0.0,4e-05
Qushi Kunda,6,0.0001,0.0,0.0,4e-05
Vedika Kara,6,0.0001,0.0,0.0,4e-05
Faras Dhaliwal,6,0.0001,0.0,0.0,4e-05
Radhika Sandal,6,0.0001,0.0,0.0,4e-05
Jeremiah Gaba,6,0.0001,0.0,0.0,4e-05
Radhika Chaudhary,6,0.0001,0.0,0.0,4e-05
Charan Vig,6,0.0001,0.0,0.0,4e-05
Ishanvi Batra,6,0.0001,0.0,0.0,4e-05
Faqid Bakshi,6,0.0001,0.0,0.0,4e-05
Harshil Saha,7,0.0001,0.0,0.0,4e-05
Odika Chaudhuri,6,0.0001,0.0,0.0,4e-05
Gautam Ranganathan,7,0.0001,0.0,0.0,4e-05
Ekbal Pandya,6,0.0001,0.0,0.0,4e-05
Rachana Wadhwa,6,0.0001,0.0,0.0,4e-05
Arunima Goda,7,0.0001,0.0,0.0,4e-05
Abeer Shenoy,6,0.0001,0.0,0.0,4e-05
Widisha Divan,6,0.0001,0.0,0.0,4e-05
Neel Srinivasan,6,0.0001,0.0,0.0,4e-05
Vrinda Solanki,6,0.0001,0.0,0.0,4e-05
Ekiya Kala,6,0.0001,0.0,0.0,4e-05
Jack Bhalla,6,0.0001,0.0,0.0,4e-05
Dayita Boase,6,0.0001,0.0,0.0,4e-05
Sanya Chakraborty,6,0.0001,0.0,0.0,4e-05
Tara Pillai,6,0.0001,0.0,0.0,4e-05
William Yogi,6,0.0001,0.0,0.0,4e-05
Jasmit Ramanathan,7,0.0001,0.0,0.0,4e-05
Urvi Gola,6,0.0001,0.0,0.0,4e-05
Arjun Balakrishnan,6,0.0001,0.0,0.0,4e-05
Lopa Lad,6,0.0001,0.0,0.0,4e-05
Pranit Nori,6,0.0001,0.0,0.0,4e-05
Rachita Sarkar,6,0.0001,0.0,0.0,4e-05
Peter Raval,7,0.0001,0.0,0.0,4e-05
Saumya Bera,6,0.0001,0.0,0.0,4e-05
Yashoda Thaman,6,0.0001,0.0,0.0,4e-05
Jeet Raval,6,0.0001,0.0,0.0,4e-05
Yuvraj Sandhu,6,0.0001,0.0,0.0,4e-05
Mohammed Venkataraman,6,0.0001,0.0,0.0,4e-05
Anamika Khatri,6,0.0001,0.0,0.0,4e-05
Azad Bhandari,7,0.0001,0.0,0.0,4e-05
Nimrat Tank,6,0.0001,0.0,0.0,4e-05
Atharv Sood,6,0.0001,0.0,0.0,4e-05
Anay Ravi,6,0.0001,0.0,0.0,4e-05
Abha Dixit,7,0.0001,0.0,0.0,4e-05
Yashoda Gole,6,0.0001,0.0,0.0,4e-05
Dakshesh Kamdar,6,0.0001,0.0,0.0,4e-05
Henry Comar,6,0.0001,0.0,0.0,4e-05
Amrita Mannan,6,0.0001,0.0,0.0,4e-05
Bhanumati Basak,6,0.0001,0.0,0.0,4e-05
Harsh Narain,6,0.0001,0.0,0.0,4e-05
Rehaan Sastry,6,0.0001,0.0,0.0,4e-05
Yasti Oommen,6,0.0001,0.0,0.0,4e-05
Aishani Chatterjee,6,0.0001,0.0,0.0,4e-05
Aarini Balakrishnan,6,0.0001,0.0,0.0,4e-05
Hema Khalsa,6,0.0001,0.0,0.0,4e-05
Ekani Pai,6,0.0001,0.0,0.0,4e-05
Darika Dhar,6,0.0001,0.0,0.0,4e-05
Kiaan Murthy,6,0.0001,0.0,0.0,4e-05
Neha Chandra,6,0.0001,0.0,0.0,4e-05
Alka Varughese,6,0.0001,0.0,0.0,4e-05
Vanya Rao,6,0.0001,0.0,0.0,4e-05
Anirudh Nagar,6,0.0001,0.0,0.0,4e-05
Warjas Varghese,6,0.0001,0.0,0.0,4e-05
Sanaya Pathak,6,0.0001,0.0,0.0,4e-05
Samar Pandya,6,0.0001,0.0,0.0,4e-05
Yamini Handa,6,0.0001,0.0,0.0,4e-05
Ishanvi Johal,6,0.0001,0.0,0.0,4e-05
Udant Murthy,6,0.0001,0.0,0.0,4e-05
Chakradev Varughese,6,0.0001,0.0,0.0,4e-05
Rishi Arya,6,0.0001,0.0,0.0,4e-05
Bhanumati Sachar,7,0.0001,0.0,0.0,4e-05
Mitesh Narayan,6,0.0001,0.0,0.0,4e-05
Ishanvi Varty,6,0.0001,0.0,0.0,4e-05
Vidhi Madan,6,0.0001,0.0,0.0,4e-05
Yahvi Pradhan,6,0.0001,0.0,0.0,4e-05
Pavani Dass,6,0.0001,0.0,0.0,4e-05
Amol Shroff,6,0.0001,0.0,0.0,4e-05
Ekanta Goyal,6,0.0001,0.0,0.0,4e-05
Lajita Sangha,6,0.0001,0.0,0.0,4e-05
Ishwar Morar,6,0.0001,0.0,0.0,4e-05
Qasim Radhakrishnan,6,0.0001,0.0,0.0,4e-05
Brijesh Hari,6,0.0001,0.0,0.0,4e-05
Brijesh Atwal,6,0.0001,0.0,0.0,4e-05
Zaitra Krishnamurthy,6,0.0001,0.0,0.0,4e-05
Qushi Vyas,7,0.0001,0.0,0.0,4e-05
Devika Kar,6,0.0001,0.0,0.0,4e-05
Aarnav Krishna,6,0.0001,0.0,0.0,4e-05
Xavier Muni,6,0.0001,0.0,0.0,4e-05
William Brar,6,0.0001,0.0,0.0,4e-05
Christopher Bobal,7,0.0001,0.0,0.0,4e-05
Urvashi Setty,6,0.0001,0.0,0.0,4e-05
Wridesh Chahal,6,0.0001,0.0,0.0,4e-05
Lopa Zacharia,6,0.0001,0.0,0.0,4e-05
Christopher Char,6,0.0001,0.0,0.0,4e-05
Ati Bhardwaj,6,0.0001,0.0,0.0,4e-05
Yahvi Joshi,6,0.0001,0.0,0.0,4e-05
Yatan Bhakta,6,0.0001,0.0,0.0,4e-05
Nirja Sethi,6,0.0001,0.0,0.0,4e-05
Yahvi Babu,7,0.0001,0.0,0.0,4e-05
Aarush Modi,6,0.0001,0.0,0.0,4e-05
Nikita Srivastava,6,0.0001,0.0,0.0,4e-05
Chakradhar Goel,6,0.0001,0.0,0.0,4e-05
Michael Parmer,6,0.0001,0.0,0.0,4e-05
Gaurav Parsa,6,0.0001,0.0,0.0,4e-05
Manthan Datta,7,0.0001,0.0,0.0,4e-05
Udarsh Acharya,6,0.0001,0.0,0.0,4e-05
Chasmum Raj,6,0.0001,0.0,0.0,4e-05
Omya Khanna,6,0.0001,0.0,0.0,4e-05
Vedhika Sinha,7,0.0001,0.0,0.0,4e-05
Chaitaly Mohanty,6,0.0001,0.0,0.0,4e-05
Ekanta Shah,6,0.0001,0.0,0.0,4e-05
Damyanti Hans,6,0.0001,0.0,0.0,4e-05
Rayaan Chadha,7,0.0001,0.0,0.0,4e-05
Imaran Walia,7,0.0001,0.0,0.0,4e-05
Warinder Mangal,6,0.0001,0.0,0.0,4e-05
Xalak Taneja,6,0.0001,0.0,0.0,4e-05
Anita Parmar,6,0.0001,0.0,0.0,4e-05
Sarthak Narayanan,6,0.0001,0.0,0.0,4e-05
Forum Tiwari,6,0.0001,0.0,0.0,4e-05
Azad Tripathi,7,0.0001,0.0,0.0,4e-05
Meghana Deol,7,0.0001,0.0,0.0,4e-05
Megha Ray,6,0.0001,0.0,0.0,4e-05
George Mannan,6,0.0001,0.0,0.0,4e-05
Hritik Grover,6,0.0001,0.0,0.0,4e-05
Chaitaly Ahuja,6,0.0001,0.0,0.0,4e-05
Lajita Borde,6,0.0001,0.0,0.0,4e-05
Raghav Mallick,6,0.0001,0.0,0.0,4e-05
Hamsini Saran,6,0.0001,0.0,0.0,4e-05
Mahika Dyal,6,0.0001,0.0,0.0,4e-05
Leena Virk,6,0.0001,0.0,0.0,4e-05
Omisha Bumb,6,0.0001,0.0,0.0,4e-05
Vasana Konda,7,0.0001,0.0,0.0,4e-05
Udarsh Kant,6,0.0001,0.0,0.0,4e-05
Isha Kaur,6,0.0001,0.0,0.0,4e-05
Liam Date,6,0.0001,0.0,0.0,4e-05
Ryan Minhas,6,0.0001,0.0,0.0,4e-05
Darpan Nath,6,0.0001,0.0,0.0,4e-05
Dev Kala,6,0.0001,0.0,0.0,4e-05
Suhani Kara,6,0.0001,0.0,0.0,4e-05
Madhavi Mutti,7,0.0001,0.0,0.0,4e-05
Alka Kumar,6,0.0001,0.0,0.0,4e-05
Mekhala Randhawa,6,0.0001,0.0,0.0,4e-05
Pooja Kapadia,6,0.0001,0.0,0.0,4e-05
Omaja Wali,6,0.0001,0.0,0.0,4e-05
Ishwar Bava,6,0.0001,0.0,0.0,4e-05
Bhanumati Mistry,6,0.0001,0.0,0.0,4e-05
Aarnav Chaudhari,6,0.0001,0.0,0.0,4e-05
Jacob Dash,6,0.0001,0.0,0.0,4e-05
Suhani Sampath,6,0.0001,0.0,0.0,4e-05
Sarthak Kota,6,0.0001,0.0,0.0,4e-05
Devansh Parmer,6,0.0001,0.0,0.0,4e-05
Guneet Gara,6,0.0001,0.0,0.0,4e-05
Ikbal Barad,6,0.0001,0.0,0.0,4e-05
Indali Singhal,6,0.0001,0.0,0.0,4e-05
Mitesh Shah,7,0.0001,0.0,0.0,4e-05
Chaaya Nayak,6,0.0001,0.0,0.0,4e-05
Abeer Dora,6,0.0001,0.0,0.0,4e-05
Qushi Nadig,6,0.0001,0.0,0.0,4e-05
Ganga Mander,6,0.0001,0.0,0.0,4e-05
Champak Badami,7,0.0001,0.0,0.0,4e-05
Maanav Chander,6,0.0001,0.0,0.0,4e-05
Lopa Saran,6,0.0001,0.0,0.0,4e-05
Umang Chadha,6,0.0001,0.0,0.0,4e-05
Amara Trivedi,6,0.0001,0.0,0.0,4e-05
Robert Rau,6,0.0001,0.0,0.0,4e-05
Veer Iyengar,6,0.0001,0.0,0.0,4e-05
Sai Kuruvilla,7,0.0001,0.0,0.0,4e-05
Luke Sekhon,6,0.0001,0.0,0.0,4e-05
Chakrika Wable,6,0.0001,0.0,0.0,4e-05
Mitali Wagle,6,0.0001,0.0,0.0,4e-05
Harinakshi Hans,7,0.0001,0.0,0.0,4e-05
Chandran Mishra,6,0.0001,0.0,0.0,4e-05
Faqid Soman,6,0.0001,0.0,0.0,4e-05
Frederick Lata,7,0.0001,0.0,0.0,4e-05
Keya Randhawa,6,0.0001,0.0,0.0,4e-05
Robert Dass,6,0.0001,0.0,0.0,4e-05
Vedhika Sule,6,0.0001,0.0,0.0,4e-05
Ridhi Sastry,6,0.0001,0.0,0.0,4e-05
Vivaan Palla,7,0.0001,0.0,0.0,4e-05
Krish Aggarwal,6,0.0001,0.0,0.0,4e-05
Daksh Sunder,6,0.0001,0.0,0.0,4e-05
Adya Nazareth,6,0.0001,0.0,0.0,4e-05
Hemani Bhalla,6,0.0001,0.0,0.0,4e-05
Aashi Parekh,6,0.0001,0.0,0.0,4e-05
Kashvi Kara,7,0.0001,0.0,0.0,4e-05
Mugdha Iyengar,6,0.0001,0.0,0.0,4e-05
Qabil Dass,6,0.0001,0.0,0.0,4e-05
Ucchal Halder,6,0.0001,0.0,0.0,4e-05
Balhaar Yogi,7,0.0001,0.0,0.0,4e-05
Niharika Chacko,6,0.0001,0.0,0.0,4e-05
Ayush Jha,6,0.0001,0.0,0.0,4e-05
Aayush Bahri,6,0.0001,0.0,0.0,4e-05
Banjeet Virk,7,0.0001,0.0,0.0,4e-05
Eta Varghese,6,0.0001,0.0,0.0,4e-05
Wyatt Bhatia,6,0.0001,0.0,0.0,4e-05
Yoshita Dora,6,0.0001,0.0,0.0,4e-05
Abhimanyu Buch,6,0.0001,0.0,0.0,4e-05
Orinder Raval,6,0.0001,0.0,0.0,4e-05
Naveen Bobal,6,0.0001,0.0,0.0,4e-05
Kalpit Vig,6,0.0001,0.0,0.0,4e-05
Hemang Grewal,6,0.0001,0.0,0.0,4e-05
Zaitra Basu,6,0.0001,0.0,0.0,4e-05
Reyansh Ratta,6,0.0001,0.0,0.0,4e-05
Qasim Gera,6,0.0001,0.0,0.0,4e-05
Bhavya Mohan,6,0.0001,0.0,0.0,4e-05
Falak Varty,7,0.0001,0.0,0.0,4e-05
Kashvi Pillay,6,0.0001,0.0,0.0,4e-05
Zinal Kota,7,0.0001,0.0,0.0,4e-05
Tara Gupta,6,0.0001,0.0,0.0,4e-05
Pranav Shanker,6,0.0001,0.0,0.0,4e-05
Yatan Modi,6,0.0001,0.0,0.0,4e-05
Nachiket Chand,6,0.0001,0.0,0.0,4e-05
Isha Prabhakar,6,0.0001,0.0,0.0,4e-05
Gautami Parmar,6,0.0001,0.0,0.0,4e-05
Wazir Lalla,6,0.0001,0.0,0.0,4e-05
Raghav Malhotra,6,0.0001,0.0,0.0,4e-05
Krishna Gour,6,0.0001,0.0,0.0,4e-05
Nirja Hora,6,0.0001,0.0,0.0,4e-05
Lucky Om,6,0.0001,0.0,0.0,4e-05
Agastya Trivedi,6,0.0001,0.0,0.0,4e-05
Nakul Sharaf,6,0.0001,0.0,0.0,4e-05
Bachittar Basu,6,0.0001,0.0,0.0,4e-05
Azad Raghavan,6,0.0001,0.0,0.0,4e-05
Alka Doshi,6,0.0001,0.0,0.0,4e-05
Nihal Devi,6,0.0001,0.0,0.0,4e-05
Balendra Dada,6,0.0001,0.0,0.0,4e-05
Ishani Patla,6,0.0001,0.0,0.0,4e-05
Bishakha Hora,6,0.0001,0.0,0.0,4e-05
Liam Iyer,6,0.0001,0.0,0.0,4e-05
Chandani Desai,6,0.0001,0.0,0.0,4e-05
Ekanta Sani,7,0.0001,0.0,0.0,4e-05
Niharika Rege,6,0.0001,0.0,0.0,4e-05
Fiyaz Shankar,6,0.0001,0.0,0.0,4e-05
Elijah Kalita,6,0.0001,0.0,0.0,4e-05
Anirudh Maharaj,7,0.0001,0.0,0.0,4e-05
Anamika Raja,6,0.0001,0.0,0.0,4e-05
Ekta Kannan,6,0.0001,0.0,0.0,4e-05
Falguni Babu,7,0.0001,0.0,0.0,4e-05
Noah Chaudhuri,6,0.0001,0.0,0.0,4e-05
Gagan Sandal,6,0.0001,0.0,0.0,4e-05
Ethan Dhar,6,0.0001,0.0,0.0,4e-05
Ekaja Shan,7,0.0001,0.0,0.0,4e-05
Henry Raghavan,6,0.0001,0.0,0.0,4e-05
Alexander Rana,6,0.0001,0.0,0.0,4e-05
Kala Hans,6,0.0001,0.0,0.0,4e-05
Sanya Som,6,0.0001,0.0,0.0,4e-05
Upma Biswas,6,0.0001,0.0,0.0,4e-05
Wridesh Doctor,6,0.0001,0.0,0.0,4e-05
Veda Pant,6,0.0001,0.0,0.0,4e-05
Ishwar Luthra,7,0.0001,0.0,0.0,4e-05
Jagdish Srinivas,6,0.0001,0.0,0.0,4e-05
Chanakya Upadhyay,6,0.0001,0.0,0.0,4e-05
Chaitanya Andra,6,0.0001,0.0,0.0,4e-05
Dakshesh Choudhary,6,0.0001,0.0,0.0,4e-05
Nakul Padmanabhan,6,0.0001,0.0,0.0,4e-05
Jairaj Mody,6,0.0001,0.0,0.0,4e-05
Upasna Balay,6,0.0001,0.0,0.0,4e-05
Azad Anne,6,0.0001,0.0,0.0,4e-05
Oscar Rama,6,0.0001,0.0,0.0,4e-05
Nisha Gola,6,0.0001,0.0,0.0,4e-05
Sanaya Hari,6,0.0001,0.0,0.0,4e-05
Tanvi Narasimhan,6,0.0001,0.0,0.0,4e-05
Frado Chahal,7,0.0001,0.0,0.0,4e-05
Rohan Loke,6,0.0001,0.0,0.0,4e-05
Matthew Bumb,6,0.0001,0.0,0.0,4e-05
Chaman Choudhury,6,0.0001,0.0,0.0,4e-05
Geetika Sagar,6,0.0001,0.0,0.0,4e-05
Jalsa Chaudhary,6,0.0001,0.0,0.0,4e-05
Robert Natt,6,0.0001,0.0,0.0,4e-05
Thomas Sha,7,0.0001,0.0,0.0,4e-05
Jalsa Raj,6,0.0001,0.0,0.0,4e-05
Reva Radhakrishnan,6,0.0001,0.0,0.0,4e-05
Qadim Varma,6,0.0001,0.0,0.0,4e-05
Urvi Naidu,6,0.0001,0.0,0.0,4e-05
Anvi Ratti,6,0.0001,0.0,0.0,4e-05
Netra Sachar,7,0.0001,0.0,0.0,4e-05
Lakshit Ganesh,6,0.0001,0.0,0.0,4e-05
Christopher Kala,6,0.0001,0.0,0.0,4e-05
Sara Chakrabarti,7,0.0001,0.0,0.0,4e-05
Tripti Rajan,6,0.0001,0.0,0.0,4e-05
Aadhya More,6,0.0001,0.0,0.0,4e-05
Ayaan Kulkarni,6,0.0001,0.0,0.0,4e-05
Nitara Vala,7,0.0001,0.0,0.0,4e-05
Indali Devi,6,0.0001,0.0,0.0,4e-05
Udyati Mukherjee,6,0.0001,0.0,0.0,4e-05
Ekiya Shukla,6,0.0001,0.0,0.0,4e-05
Vrinda Bhattacharyya,6,0.0001,0.0,0.0,4e-05
Sneha Jayaraman,6,0.0001,0.0,0.0,4e-05
Arjun Shenoy,6,0.0001,0.0,0.0,4e-05
Faras Gera,6,0.0001,0.0,0.0,4e-05
Vrinda Merchant,6,0.0001,0.0,0.0,4e-05
Lakshit Deep,6,0.0001,0.0,0.0,4e-05
Praneel Varty,6,0.0001,0.0,0.0,4e-05
Isaiah Vyas,6,0.0001,0.0,0.0,4e-05
Chavvi Issac,6,0.0001,0.0,0.0,4e-05
Reyansh Chokshi,7,0.0001,0.0,0.0,4e-05
Darsh Borde,6,0.0001,0.0,0.0,4e-05
Ayushman Vohra,6,0.0001,0.0,0.0,4e-05
Fitan Verma,6,0.0001,0.0,0.0,4e-05
Triveni Sinha,6,0.0001,0.0,0.0,4e-05
Ronith Modi,6,0.0001,0.0,0.0,4e-05
Warda Narasimhan,7,0.0001,0.0,0.0,4e-05
Dhruv Datta,7,0.0001,0.0,0.0,4e-05
Zinal Vig,6,0.0001,0.0,0.0,4e-05
Meghana Sachdeva,6,0.0001,0.0,0.0,4e-05
Isaiah Narayan,6,0.0001,0.0,0.0,4e-05
Agastya Ranganathan,6,0.0001,0.0,0.0,4e-05
Benjamin Rau,6,0.0001,0.0,0.0,4e-05
Wahab Kala,6,0.0001,0.0,0.0,4e-05
Chameli Sangha,6,0.0001,0.0,0.0,4e-05
Teerth Dyal,6,0.0001,0.0,0.0,4e-05
Umang Bhatia,6,0.0001,0.0,0.0,4e-05
Noah Dar,7,0.0001,0.0,0.0,4e-05
Vedhika Andra,6,0.0001,0.0,0.0,4e-05
Jeet Ravel,6,0.0001,0.0,0.0,4e-05
Aarna Srinivasan,6,0.0001,0.0,0.0,4e-05
Aarav Khanna,6,0.0001,0.0,0.0,4e-05
Aayush Pillay,6,0.0001,0.0,0.0,4e-05
Lajita Sastry,7,0.0001,0.0,0.0,4e-05
Charan Agarwal,6,0.0001,0.0,0.0,4e-05
Manan Bava,6,0.0001,0.0,0.0,4e-05
Gagan Raval,6,0.0001,0.0,0.0,4e-05
Rajeshri Sampath,6,0.0001,0.0,0.0,4e-05
Chakradhar Sharaf,6,0.0001,0.0,0.0,4e-05
Raagini Chaudhuri,6,0.0001,0.0,0.0,4e-05
Upkaar Khurana,6,0.0001,0.0,0.0,4e-05
Aditya Cheema,6,0.0001,0.0,0.0,4e-05
Sudiksha Hari,6,0.0001,0.0,0.0,4e-05
Nidhi Pal,6,0.0001,0.0,0.0,4e-05
Tristan Pandit,6,0.0001,0.0,0.0,4e-05
Pranit Choudhury,6,0.0001,0.0,0.0,4e-05
Priya Narayan,7,0.0001,0.0,0.0,4e-05
Ishaan Edwin,6,0.0001,0.0,0.0,4e-05
Bakhshi Kunda,6,0.0001,0.0,0.0,4e-05
Wridesh Iyer,6,0.0001,0.0,0.0,4e-05
Bahadurjit Nagi,6,0.0001,0.0,0.0,4e-05
Gaurang Pathak,6,0.0001,0.0,0.0,4e-05
Anmol Barad,6,0.0001,0.0,0.0,4e-05
Sathvik Mishra,6,0.0001,0.0,0.0,4e-05
Hemangini Dutta,6,0.0001,0.0,0.0,4e-05
Gopal Johal,6,0.0001,0.0,0.0,4e-05
Madhavi Oak,6,0.0001,0.0,0.0,4e-05
Jasmit Sur,6,0.0001,0.0,0.0,4e-05
Mahika Cheema,6,0.0001,0.0,0.0,4e-05
Parth Halder,6,0.0001,0.0,0.0,4e-05
Harrison Balay,6,0.0001,0.0,0.0,4e-05
Aradhana Batra,6,0.0001,0.0,0.0,4e-05
Madhav Thakkar,6,0.0001,0.0,0.0,4e-05
Baghyawati Prasad,6,0.0001,0.0,0.0,4e-05
Divya Raju,6,0.0001,0.0,0.0,4e-05
Ekaraj Sabharwal,6,0.0001,0.0,0.0,4e-05
Gayathri Bobal,6,0.0001,0.0,0.0,4e-05
Jagat Chandra,7,0.0001,0.0,0.0,4e-05
Kala Magar,6,0.0001,0.0,0.0,4e-05
Henry Rastogi,6,0.0001,0.0,0.0,4e-05
Azad Dani,6,0.0001,0.0,0.0,4e-05
Christopher Oommen,6,0.0001,0.0,0.0,4e-05
Yash Date,6,0.0001,0.0,0.0,4e-05
Warhi Chada,6,0.0001,0.0,0.0,4e-05
Naksh Ganesan,6,0.0001,0.0,0.0,4e-05
Vedhika Pant,7,0.0001,0.0,0.0,4e-05
Chaitaly Jha,6,0.0001,0.0,0.0,4e-05
Damyanti Bhatnagar,6,0.0001,0.0,0.0,4e-05
Victor Om,6,0.0001,0.0,0.0,4e-05
Faraj Nayar,6,0.0001,0.0,0.0,4e-05
Hemangini Yohannan,6,0.0001,0.0,0.0,4e-05
Tanvi Sastry,6,0.0001,0.0,0.0,4e-05
Pavani Dhillon,6,0.0001,0.0,0.0,4e-05
Ronith Bail,6,0.0001,0.0,0.0,4e-05
Jyoti Vasa,7,0.0001,0.0,0.0,4e-05
Aarav Gill,6,0.0001,0.0,0.0,4e-05
Ayaan Sethi,6,0.0001,0.0,0.0,4e-05
Neel Malhotra,6,0.0001,0.0,0.0,4e-05
Rishi Garde,6,0.0001,0.0,0.0,4e-05
Madhav Kothari,6,0.0001,0.0,0.0,4e-05
Liam Dube,7,0.0001,0.0,0.0,4e-05
Jairaj Ramachandran,6,0.0001,0.0,0.0,4e-05
Vasudha Kapur,6,0.0001,0.0,0.0,4e-05
Frado Swaminathan,6,0.0001,0.0,0.0,4e-05
Xalak Pant,7,0.0001,0.0,0.0,4e-05
Tanish Varughese,6,0.0001,0.0,0.0,4e-05
Raagini Kadakia,6,0.0001,0.0,0.0,4e-05
Chakradhar Oak,6,0.0001,0.0,0.0,4e-05
Ekani Zachariah,6,0.0001,0.0,0.0,4e-05
Faqid Divan,6,0.0001,0.0,0.0,4e-05
Dhriti Malhotra,6,0.0001,0.0,0.0,4e-05
Tanay Goyal,6,0.0001,0.0,0.0,4e-05
Barkha Issac,6,0.0001,0.0,0.0,4e-05
Jacob Mann,6,0.0001,0.0,0.0,4e-05
Hamsini Balay,6,0.0001,0.0,0.0,4e-05
Thomas Setty,6,0.0001,0.0,0.0,4e-05
Tanvi Chokshi,6,0.0001,0.0,0.0,4e-05
Manya Chaudhary,6,0.0001,0.0,0.0,4e-05
Yuvraj Desai,6,0.0001,0.0,0.0,4e-05
Nitesh Seshadri,6,0.0001,0.0,0.0,4e-05
Avni Merchant,6,0.0001,0.0,0.0,4e-05
Nikita Vohra,7,0.0001,0.0,0.0,4e-05
Wazir Prabhu,6,0.0001,0.0,0.0,4e-05
Timothy Vaidya,6,0.0001,0.0,0.0,4e-05
Deepa Kara,6,0.0001,0.0,0.0,4e-05
Pahal Chana,6,0.0001,0.0,0.0,4e-05
Nathan Mahal,6,0.0001,0.0,0.0,4e-05
Shaurya Lad,6,0.0001,0.0,0.0,4e-05
Adya Sethi,6,0.0001,0.0,0.0,4e-05
Hamsini Narayan,6,0.0001,0.0,0.0,4e-05
Nachiket Wagle,6,0.0001,0.0,0.0,4e-05
Divya Kale,6,0.0001,0.0,0.0,4e-05
Peter Devi,7,0.0001,0.0,0.0,4e-05
Qarin Savant,6,0.0001,0.0,0.0,4e-05
Aadhya Hans,6,0.0001,0.0,0.0,4e-05
Nisha Dalal,7,0.0001,0.0,0.0,4e-05
Balhaar Dave,6,0.0001,0.0,0.0,4e-05
Sachi Bhargava,6,0.0001,0.0,0.0,4e-05
Yochana Mittal,6,0.0001,0.0,0.0,4e-05
Dayita Raghavan,7,0.0001,0.0,0.0,4e-05
Niharika Mani,6,0.0001,0.0,0.0,4e-05
Hritik Tak,6,0.0001,0.0,0.0,4e-05
Raksha Aggarwal,6,0.0001,0.0,0.0,4e-05
Samarth Golla,6,0.0001,0.0,0.0,4e-05
Abeer Sengupta,6,0.0001,0.0,0.0,4e-05
Ekta Mutti,6,0.0001,0.0,0.0,4e-05
Saumya Majumdar,6,0.0001,0.0,0.0,4e-05
Amol Deep,6,0.0001,0.0,0.0,4e-05
Rayaan Datta,6,0.0001,0.0,0.0,4e-05
Charles Memon,6,0.0001,0.0,0.0,4e-05
Ikbal Grewal,6,0.0001,0.0,0.0,4e-05
Veer Narula,7,0.0001,0.0,0.0,4e-05
Chandran Borde,6,0.0001,0.0,0.0,4e-05
Vasana Sharma,6,0.0001,0.0,0.0,4e-05
Sachi Narasimhan,7,0.0001,0.0,0.0,4e-05
Varenya Bose,6,0.0001,0.0,0.0,4e-05
Jacob Tara,6,0.0001,0.0,0.0,4e-05
Victor Sastry,6,0.0001,0.0,0.0,4e-05
Samaksh Bhargava,6,0.0001,0.0,0.0,4e-05
Janya Sachdev,6,0.0001,0.0,0.0,4e-05
Om Toor,6,0.0001,0.0,0.0,4e-05
Ekapad Basu,6,0.0001,0.0,0.0,4e-05
Chaitanya Garde,6,0.0001,0.0,0.0,4e-05
Priya Ray,6,0.0001,0.0,0.0,4e-05
Onkar Ramachandran,6,0.0001,0.0,0.0,4e-05
Owen Dalal,6,0.0001,0.0,0.0,4e-05
Charita Yogi,7,0.0001,0.0,0.0,4e-05
Widisha Batta,6,0.0001,0.0,0.0,4e-05
Nachiket Subramaniam,7,0.0001,0.0,0.0,4e-05
Adya Vasa,6,0.0001,0.0,0.0,4e-05
Max Balay,6,0.0001,0.0,0.0,4e-05
Aarna Ganguly,6,0.0001,0.0,0.0,4e-05
Dhruv Sharma,6,0.0001,0.0,0.0,4e-05
Edhitha Sahota,6,0.0001,0.0,0.0,4e-05
Jacob Sarna,6,0.0001,0.0,0.0,4e-05
Jeet Hora,6,0.0001,0.0,0.0,4e-05
Chakrika Dugar,6,0.0001,0.0,0.0,4e-05
Samuel Gokhale,6,0.0001,0.0,0.0,4e-05
Abhimanyu Mistry,6,0.0001,0.0,0.0,4e-05
Rachita Baria,6,0.0001,0.0,0.0,4e-05
Onkar Bhavsar,6,0.0001,0.0,0.0,4e-05
Nihal Mitter,6,0.0001,0.0,0.0,4e-05
Faraj Tandon,6,0.0001,0.0,0.0,4e-05
Zarna Amble,6,0.0001,0.0,0.0,4e-05
Girindra Narayanan,6,0.0001,0.0,0.0,4e-05
Avi Sachdeva,6,0.0001,0.0,0.0,4e-05
Ria Kannan,6,0.0001,0.0,0.0,4e-05
Harsh Gara,6,0.0001,0.0,0.0,4e-05
Triveni Sarin,6,0.0001,0.0,0.0,4e-05
Mitali Bora,6,0.0001,0.0,0.0,4e-05
Nachiket Sane,6,0.0001,0.0,0.0,4e-05
Meera Shankar,6,0.0001,0.0,0.0,4e-05
Bimala Bhandari,6,0.0001,0.0,0.0,4e-05
Oliver Sheth,6,0.0001,0.0,0.0,4e-05
Arjun Kaul,6,0.0001,0.0,0.0,4e-05
Yoshita Zachariah,6,0.0001,0.0,0.0,4e-05
Aashi Shere,7,0.0001,0.0,0.0,4e-05
Chakrika Bhavsar,6,0.0001,0.0,0.0,4e-05
Janya Goel,6,0.0001,0.0,0.0,4e-05
Vaishnavi Kari,6,0.0001,0.0,0.0,4e-05
Eiravati Kade,6,0.0001,0.0,0.0,4e-05
Ekavir Shah,6,0.0001,0.0,0.0,4e-05
Umang Saran,6,0.0001,0.0,0.0,4e-05
Saksham Walia,6,0.0001,0.0,0.0,4e-05
Maanav Parmar,6,0.0001,0.0,0.0,4e-05
Ojasvi Banik,6,0.0001,0.0,0.0,4e-05
Charles Lal,6,0.0001,0.0,0.0,4e-05
Fariq Memon,7,0.0001,0.0,0.0,4e-05
Nidra Nadkarni,6,0.0001,0.0,0.0,4e-05
Amara Chakraborty,6,0.0001,0.0,0.0,4e-05
Rehaan Lad,7,0.0001,0.0,0.0,4e-05
Hemani Shroff,6,0.0001,0.0,0.0,4e-05
Hredhaan Aggarwal,6,0.0001,0.0,0.0,4e-05
Shravya Kala,7,0.0001,0.0,0.0,4e-05
Gagan Chawla,6,0.0001,0.0,0.0,4e-05
Yoshita Bhavsar,6,0.0001,0.0,0.0,4e-05
Ekantika Chahal,6,0.0001,0.0,0.0,4e-05
Chandran Garg,6,0.0001,0.0,0.0,4e-05
Nimrat Dave,6,0.0001,0.0,0.0,4e-05
Wyatt Thaman,7,0.0001,0.0,0.0,4e-05
Edhitha Srinivas,6,0.0001,0.0,0.0,4e-05
Manya Memon,6,0.0001,0.0,0.0,4e-05
Andrew Goswami,7,0.0001,0.0,0.0,4e-05
Dominic Tandon,6,0.0001,0.0,0.0,4e-05
Vasana Basak,6,0.0001,0.0,0.0,4e-05
Ekavir Maharaj,6,0.0001,0.0,0.0,4e-05
Kamala Char,6,0.0001,0.0,0.0,4e-05
Jonathan Krishnamurthy,6,0.0001,0.0,0.0,4e-05
Joshua Barad,6,0.0001,0.0,0.0,4e-05
Kashvi Pingle,6,0.0001,0.0,0.0,4e-05
Pushti Nayar,7,0.0001,0.0,0.0,4e-05
Aarini Dubey,6,0.0001,0.0,0.0,4e-05
Manan Borra,6,0.0001,0.0,0.0,4e-05
Jatin Boase,6,0.0001,0.0,0.0,4e-05
Ranveer Sant,6,0.0001,0.0,0.0,4e-05
Gayathri Palla,6,0.0001,0.0,0.0,4e-05
Zaid Ganesan,6,0.0001,0.0,0.0,4e-05
Jack Swaminathan,6,0.0001,0.0,0.0,4e-05
Tarak Sehgal,6,0.0001,0.0,0.0,4e-05
Zarna Chatterjee,6,0.0001,0.0,0.0,4e-05
Chandresh Gade,6,0.0001,0.0,0.0,4e-05
Avni Singhal,6,0.0001,0.0,0.0,4e-05
Raksha Shankar,6,0.0001,0.0,0.0,4e-05
Jeremiah Karnik,6,0.0001,0.0,0.0,4e-05
Umang Naik,6,0.0001,0.0,0.0,4e-05
Oviya Chauhan,6,0.0001,0.0,0.0,4e-05
Jai Arya,6,0.0001,0.0,0.0,4e-05
Yashodhara Mallick,6,0.0001,0.0,0.0,4e-05
Urmi Ravel,6,0.0001,0.0,0.0,4e-05
Thomas Agrawal,6,0.0001,0.0,0.0,4e-05
Dipta Karnik,6,0.0001,0.0,0.0,4e-05
Manya Sachdeva,6,0.0001,0.0,0.0,4e-05
Mahika Parekh,6,0.0001,0.0,0.0,4e-05
Lekha Chandran,7,0.0001,0.0,0.0,4e-05
Hema Sant,6,0.0001,0.0,0.0,4e-05
Dayamai Thakkar,7,0.0001,0.0,0.0,4e-05
Simon Bhatti,6,0.0001,0.0,0.0,4e-05
Yagnesh Kashyap,6,0.0001,0.0,0.0,4e-05
Parth Seshadri,6,0.0001,0.0,0.0,4e-05
Yashawini Mangat,6,0.0001,0.0,0.0,4e-05
Kai Bumb,6,0.0001,0.0,0.0,4e-05
Harrison Bedi,6,0.0001,0.0,0.0,4e-05
Oscar Sibal,6,0.0001,0.0,0.0,4e-05
Wridesh Ranganathan,7,0.0001,0.0,0.0,4e-05
Diya Manda,6,0.0001,0.0,0.0,4e-05
Pratyush Parmar,6,0.0001,0.0,0.0,4e-05
Utkarsh Gopal,6,0.0001,0.0,0.0,4e-05
Viraj Kara,6,0.0001,0.0,0.0,4e-05
Odika Mangal,6,0.0001,0.0,0.0,4e-05
Vritti Dass,6,0.0001,0.0,0.0,4e-05
Akshay Choudhry,6,0.0001,0.0,0.0,4e-05
Mohini Gole,6,0.0001,0.0,0.0,4e-05
Jatin Uppal,6,0.0001,0.0,0.0,4e-05
Jonathan Wable,6,0.0001,0.0,0.0,4e-05
Bimala Kapoor,6,0.0001,0.0,0.0,4e-05
Samesh Ravel,6,0.0001,0.0,0.0,4e-05
Dalaja Nagar,7,0.0001,0.0,0.0,4e-05
Wishi Pandit,6,0.0001,0.0,0.0,4e-05
Harita Kala,6,0.0001,0.0,0.0,4e-05
Chandani Khurana,6,0.0001,0.0,0.0,4e-05
Anthony Borde,6,0.0001,0.0,0.0,4e-05
Daksh Arya,6,0.0001,0.0,0.0,4e-05
Guneet Suresh,6,0.0001,0.0,0.0,4e-05
Rohan Wadhwa,6,0.0001,0.0,0.0,4e-05
Gaurav Nazareth,6,0.0001,0.0,0.0,4e-05
Nimrat Vasa,6,0.0001,0.0,0.0,4e-05
Wakeeta Majumdar,6,0.0001,0.0,0.0,4e-05
Ubika Gara,6,0.0001,0.0,0.0,4e-05
Manthan Bawa,6,0.0001,0.0,0.0,4e-05
Rayaan Borah,6,0.0001,0.0,0.0,4e-05
Yash Dayal,6,0.0001,0.0,0.0,4e-05
David Balakrishnan,6,0.0001,0.0,0.0,4e-05
Ekansh Virk,6,0.0001,0.0,0.0,4e-05
Anamika Arya,6,0.0001,0.0,0.0,4e-05
Chandran Rana,6,0.0001,0.0,0.0,4e-05
Devansh Doctor,6,0.0001,0.0,0.0,4e-05
Umang Dash,6,0.0001,0.0,0.0,4e-05
Nitara Minhas,6,0.0001,0.0,0.0,4e-05
Gayathri Viswanathan,6,0.0001,0.0,0.0,4e-05
Abhimanyu Dhawan,6,0.0001,0.0,0.0,4e-05
Nathan Dara,6,0.0001,0.0,0.0,4e-05
Ishani Gopal,6,0.0001,0.0,0.0,4e-05
Vidhi Chaudhuri,6,0.0001,0.0,0.0,4e-05
Saanvi Chopra,6,0.0001,0.0,0.0,4e-05
Bhavika Pradhan,6,0.0001,0.0,0.0,4e-05
Manthan Patla,6,0.0001,0.0,0.0,4e-05
Leena D’Alia,6,0.0001,0.0,0.0,4e-05
Lakshit Ram,6,0.0001,0.0,0.0,4e-05
Harshil Mammen,6,0.0001,0.0,0.0,4e-05
Yashasvi Gokhale,6,0.0001,0.0,0.0,4e-05
Rushil Iyengar,7,0.0001,0.0,0.0,4e-05
Anjali Bobal,6,0.0001,0.0,0.0,4e-05
Ranveer Misra,6,0.0001,0.0,0.0,4e-05
Adweta Karpe,6,0.0001,0.0,0.0,4e-05
Girish Nadkarni,6,0.0001,0.0,0.0,4e-05
Siddharth Khosla,6,0.0001,0.0,0.0,4e-05
Ojasvi Madan,6,0.0001,0.0,0.0,4e-05
Falak Halder,6,0.0001,0.0,0.0,4e-05
Rehaan Nanda,6,0.0001,0.0,0.0,4e-05
Geetika Babu,6,0.0001,0.0,0.0,4e-05
Chatura Apte,7,0.0001,0.0,0.0,4e-05
Kai Mangat,6,0.0001,0.0,0.0,4e-05
Hemal Mani,6,0.0001,0.0,0.0,4e-05
Nitesh Bala,7,0.0001,0.0,0.0,4e-05
Priya Bawa,6,0.0001,0.0,0.0,4e-05
Riya Krishnan,6,0.0001,0.0,0.0,4e-05
Bahadurjit Morar,6,0.0001,0.0,0.0,4e-05
Janaki Bajwa,6,0.0001,0.0,0.0,4e-05
Yauvani Nagi,6,0.0001,0.0,0.0,4e-05
Januja Bal,6,0.0001,0.0,0.0,4e-05
Ethan Handa,6,0.0001,0.0,0.0,4e-05
Agastya Arya,6,0.0001,0.0,0.0,4e-05
Ridhi Narayan,6,0.0001,0.0,0.0,4e-05
Omkaar Mani,6,0.0001,0.0,0.0,4e-05
Niharika Khare,6,0.0001,0.0,0.0,4e-05
Yahvi Sankar,6,0.0001,0.0,0.0,4e-05
Vanya Pillay,6,0.0001,0.0,0.0,4e-05
Isaiah Nigam,7,0.0001,0.0,0.0,4e-05
Aarini Kalla,6,0.0001,0.0,0.0,4e-05
Ladli Garde,7,0.0001,0.0,0.0,4e-05
Naksh Suri,6,0.0001,0.0,0.0,4e-05
Amruta Khare,6,0.0001,0.0,0.0,4e-05
Pranav Chawla,6,0.0001,0.0,0.0,4e-05
Lila Swamy,6,0.0001,0.0,0.0,4e-05
Baghyawati Karnik,6,0.0001,0.0,0.0,4e-05
Wridesh Chanda,6,0.0001,0.0,0.0,4e-05
Oeshi Thaman,6,0.0001,0.0,0.0,4e-05
Jacob Dasgupta,6,0.0001,0.0,0.0,4e-05
Sneha Kapur,6,0.0001,0.0,0.0,4e-05
Sai Saini,6,0.0001,0.0,0.0,4e-05
Nathaniel Gole,6,0.0001,0.0,0.0,4e-05
Siya Baria,6,0.0001,0.0,0.0,4e-05
Sarthak Ahluwalia,6,0.0001,0.0,0.0,4e-05
Jeet Rajagopalan,6,0.0001,0.0,0.0,4e-05
Nikita Maharaj,6,0.0001,0.0,0.0,4e-05
Raghav Sami,6,0.0001,0.0,0.0,4e-05
Ayushman Kade,6,0.0001,0.0,0.0,4e-05
Luke Kohli,6,0.0001,0.0,0.0,4e-05
Simon Devan,6,0.0001,0.0,0.0,4e-05
Isaac Rao,6,0.0001,0.0,0.0,4e-05
Warhi Lata,6,0.0001,0.0,0.0,4e-05
Nandini Dhingra,7,0.0001,0.0,0.0,4e-05
Ria Jayaraman,6,0.0001,0.0,0.0,4e-05
Oviya Sethi,6,0.0001,0.0,0.0,4e-05
Januja Shroff,6,0.0001,0.0,0.0,4e-05
Hemang Chandra,6,0.0001,0.0,0.0,4e-05
Nirja Bhalla,6,0.0001,0.0,0.0,4e-05
Ishwar Mangat,6,0.0001,0.0,0.0,4e-05
Hema Padmanabhan,6,0.0001,0.0,0.0,4e-05
Pallavi Mander,6,0.0001,0.0,0.0,4e-05
Upma Mital,6,0.0001,0.0,0.0,4e-05
Chasmum Oak,6,0.0001,0.0,0.0,4e-05
Ekanta Bhatt,6,0.0001,0.0,0.0,4e-05
Gabriel Sura,6,0.0001,0.0,0.0,4e-05
Aradhana Dixit,7,0.0001,0.0,0.0,4e-05
Jagdish Kumer,6,0.0001,0.0,0.0,4e-05
Bimala Babu,7,0.0001,0.0,0.0,4e-05
Leena Chahal,7,0.0001,0.0,0.0,4e-05
Advay Din,6,0.0001,0.0,0.0,4e-05
Hardik Deol,6,0.0001,0.0,0.0,4e-05
Yashasvi Nayar,6,0.0001,0.0,0.0,4e-05
Matthew Chaudhry,6,0.0001,0.0,0.0,4e-05
Kevin Borde,6,0.0001,0.0,0.0,4e-05
Baghyawati Zacharia,6,0.0001,0.0,0.0,4e-05
Simon Mangal,7,0.0001,0.0,0.0,4e-05
Riya Gupta,6,0.0001,0.0,0.0,4e-05
Naveen Sabharwal,6,0.0001,0.0,0.0,4e-05
Maanas Sekhon,6,0.0001,0.0,0.0,4e-05
Waida Bath,6,0.0001,0.0,0.0,4e-05
Azad Andra,6,0.0001,0.0,0.0,4e-05
Manya Sarin,6,0.0001,0.0,0.0,4e-05
Vrishti Seth,7,0.0001,0.0,0.0,4e-05
Balveer Ganesh,6,0.0001,0.0,0.0,4e-05
Chandani Bains,6,0.0001,0.0,0.0,4e-05
Raksha Upadhyay,7,0.0001,0.0,0.0,4e-05
Rachana Uppal,6,0.0001,0.0,0.0,4e-05
Leela Vohra,6,0.0001,0.0,0.0,4e-05
Bimala Bath,7,0.0001,0.0,0.0,4e-05
Gavin Sabharwal,6,0.0001,0.0,0.0,4e-05
Frederick Hari,6,0.0001,0.0,0.0,4e-05
Zansi Gole,6,0.0001,0.0,0.0,4e-05
Timothy Pradhan,6,0.0001,0.0,0.0,4e-05
Waida Prashad,6,0.0001,0.0,0.0,4e-05
Tamanna Narasimhan,6,0.0001,0.0,0.0,4e-05
Isaac Palan,6,0.0001,0.0,0.0,4e-05
Laban Buch,7,0.0001,0.0,0.0,4e-05
Ishita Lalla,6,0.0001,0.0,0.0,4e-05
Yahvi Chaudhary,6,0.0001,0.0,0.0,4e-05
Darpan Chaudry,6,0.0001,0.0,0.0,4e-05
Charvi Sagar,6,0.0001,0.0,0.0,4e-05
Bimala Yohannan,6,0.0001,0.0,0.0,4e-05
Advay Krishnamurthy,6,0.0001,0.0,0.0,4e-05
Mekhala Chad,6,0.0001,0.0,0.0,4e-05
Ekapad Date,6,0.0001,0.0,0.0,4e-05
Dalbir Maharaj,6,0.0001,0.0,0.0,4e-05
Charvi Sankar,6,0.0001,0.0,0.0,4e-05
Abha Hayer,6,0.0001,0.0,0.0,4e-05
Lajita Mittal,6,0.0001,0.0,0.0,4e-05
Jason Mandal,6,0.0001,0.0,0.0,4e-05
Aarav Sunder,6,0.0001,0.0,0.0,4e-05
Nimrat Agate,6,0.0001,0.0,0.0,4e-05
Wyatt Reddy,6,0.0001,0.0,0.0,4e-05
Pushti Dube,6,0.0001,0.0,0.0,4e-05
Jackson Sarna,6,0.0001,0.0,0.0,4e-05
Elijah Kakar,6,0.0001,0.0,0.0,4e-05
Chakradev Nazareth,6,0.0001,0.0,0.0,4e-05
Manan Sarraf,6,0.0001,0.0,0.0,4e-05
Reyansh Sankar,6,0.0001,0.0,0.0,4e-05
Kavya Vohra,6,0.0001,0.0,0.0,4e-05
Nilima Chatterjee,6,0.0001,0.0,0.0,4e-05
Yashoda Dhar,6,0.0001,0.0,0.0,4e-05
Bimala Dyal,6,0.0001,0.0,0.0,4e-05
Forum Trivedi,7,0.0001,0.0,0.0,4e-05
Chakradhar Cheema,7,0.0001,0.0,0.0,4e-05
Vrishti Patel,6,0.0001,0.0,0.0,4e-05
Yuvraj Patil,6,0.0001,0.0,0.0,4e-05
Gavin Tella,6,0.0001,0.0,0.0,4e-05
Dalaja Viswanathan,6,0.0001,0.0,0.0,4e-05
Kamya Baral,6,0.0001,0.0,0.0,4e-05
Amaira Lanka,6,0.0001,0.0,0.0,4e-05
Rohan Dutta,6,0.0001,0.0,0.0,4e-05
Aarnav Dixit,7,0.0001,0.0,0.0,4e-05
Hardik Chad,6,0.0001,0.0,0.0,4e-05
Frado Ramakrishnan,6,0.0001,0.0,0.0,4e-05
Libni Halder,6,0.0001,0.0,0.0,4e-05
Neha Krish,6,0.0001,0.0,0.0,4e-05
Bishakha Sarna,6,0.0001,0.0,0.0,4e-05
Girindra Dhaliwal,6,0.0001,0.0,0.0,4e-05
Kabir Natt,6,0.0001,0.0,0.0,4e-05
Warinder Mangat,6,0.0001,0.0,0.0,4e-05
Wriddhish Badal,6,0.0001,0.0,0.0,4e-05
Vansha Dugar,7,0.0001,0.0,0.0,4e-05
Akshay Bumb,6,0.0001,0.0,0.0,4e-05
Henry Saran,6,0.0001,0.0,0.0,4e-05
Tanveer Ganesan,6,0.0001,0.0,0.0,4e-05
Jhalak Lanka,6,0.0001,0.0,0.0,4e-05
Megha Chand,7,0.0001,0.0,0.0,4e-05
Balhaar Baral,6,0.0001,0.0,0.0,4e-05
Luke Varghese,6,0.0001,0.0,0.0,4e-05
Nitesh Wable,6,0.0001,0.0,0.0,4e-05
Chanakya Bal,6,0.0001,0.0,0.0,4e-05
Pushti Kara,6,0.0001,0.0,0.0,4e-05
Amruta Arya,6,0.0001,0.0,0.0,4e-05
Anamika Chopra,7,0.0001,0.0,0.0,4e-05
Pushti Doctor,6,0.0001,0.0,0.0,4e-05
Jonathan Palla,6,0.0001,0.0,0.0,4e-05
Kai Ranganathan,6,0.0001,0.0,0.0,4e-05
Matthew Deshpande,6,0.0001,0.0,0.0,4e-05
Anirudh Bhattacharyya,6,0.0001,0.0,0.0,4e-05
Chaitanya Badami,6,0.0001,0.0,0.0,4e-05
Tamanna Raja,7,0.0001,0.0,0.0,4e-05
Udant Kota,6,0.0001,0.0,0.0,4e-05
Nandini Venkataraman,7,0.0001,0.0,0.0,4e-05
Hitesh Ahluwalia,6,0.0001,0.0,0.0,4e-05
Bhavini Choudhry,7,0.0001,0.0,0.0,4e-05
Manan Bhandari,6,0.0001,0.0,0.0,4e-05
Rachita Sankaran,6,0.0001,0.0,0.0,4e-05
Anya Mani,7,0.0001,0.0,0.0,4e-05
Samaksh Parekh,6,0.0001,0.0,0.0,4e-05
Yashvi Seshadri,7,0.0001,0.0,0.0,4e-05
Fariq Goswami,6,0.0001,0.0,0.0,4e-05
Lavanya Sood,7,0.0001,0.0,0.0,4e-05
Vrinda Deep,6,0.0001,0.0,0.0,4e-05
Saksham Sharaf,6,0.0001,0.0,0.0,4e-05
Finn Seshadri,6,0.0001,0.0,0.0,4e-05
Gagan Narula,7,0.0001,0.0,0.0,4e-05
Pushti Singhal,6,0.0001,0.0,0.0,4e-05
Aarush Kata,6,0.0001,0.0,0.0,4e-05
David Bath,6,0.0001,0.0,0.0,4e-05
Krisha Narayan,6,0.0001,0.0,0.0,4e-05
Upma Chatterjee,6,0.0001,0.0,0.0,4e-05
Rayaan Uppal,6,0.0001,0.0,0.0,4e-05
Aradhana Vora,7,0.0001,0.0,0.0,4e-05
Krisha Natarajan,6,0.0001,0.0,0.0,4e-05
Anmol Seshadri,6,0.0001,0.0,0.0,4e-05
Hiral Parekh,6,0.0001,0.0,0.0,4e-05
Neha Kuruvilla,6,0.0001,0.0,0.0,4e-05
Priya Samra,6,0.0001,0.0,0.0,4e-05
Pranav Palla,6,0.0001,0.0,0.0,4e-05
Wahab Khurana,6,0.0001,0.0,0.0,4e-05
Vedhika Shenoy,6,0.0001,0.0,0.0,4e-05
Indali Kala,6,0.0001,0.0,0.0,4e-05
Samaksh Karan,6,0.0001,0.0,0.0,4e-05
Robert Wali,6,0.0001,0.0,0.0,4e-05
Eiravati Dani,7,0.0001,0.0,0.0,4e-05
Yagnesh Swaminathan,6,0.0001,0.0,0.0,4e-05
Sanya Chahal,6,0.0001,0.0,0.0,4e-05
Vihaan Peri,6,0.0001,0.0,0.0,4e-05
Ayushman Wason,6,0.0001,0.0,0.0,4e-05
Dhruv Nadig,7,0.0001,0.0,0.0,4e-05
Manthan Gokhale,6,0.0001,0.0,0.0,4e-05
Mason Dar,6,0.0001,0.0,0.0,4e-05
Vedika Srinivasan,6,0.0001,0.0,0.0,4e-05
Krishna Nanda,6,0.0001,0.0,0.0,4e-05
Jack Balakrishnan,6,0.0001,0.0,0.0,4e-05
Girik Palla,7,0.0001,0.0,0.0,4e-05
Darpan Ram,6,0.0001,0.0,0.0,4e-05
Neel Barman,6,0.0001,0.0,0.0,4e-05
Eta Baria,6,0.0001,0.0,0.0,4e-05
Yashawini Tiwari,6,0.0001,0.0,0.0,4e-05
Ishaan Ray,7,0.0001,0.0,0.0,4e-05
Forum Ramaswamy,6,0.0001,0.0,0.0,4e-05
Onkar Ranganathan,6,0.0001,0.0,0.0,4e-05
Maanav Naik,7,0.0001,0.0,0.0,4e-05
Quincy Pandya,6,0.0001,0.0,0.0,4e-05
Tanmayi Din,6,0.0001,0.0,0.0,4e-05
Irya Kaur,7,0.0001,0.0,0.0,4e-05
Harinakshi Gera,6,0.0001,0.0,0.0,4e-05
Nachiket Varghese,6,0.0001,0.0,0.0,4e-05
Bhavika Khare,6,0.0001,0.0,0.0,4e-05
Ranbir Talwar,6,0.0001,0.0,0.0,4e-05
Hitesh Sampath,6,0.0001,0.0,0.0,4e-05
Libni Taneja,6,0.0001,0.0,0.0,4e-05
Bahadurjit Sabharwal,7,0.0001,0.0,0.0,4e-05
Jackson Saxena,6,0.0001,0.0,0.0,4e-05
Fariq Baral,6,0.0001,0.0,0.0,4e-05
Krishna Dalal,7,0.0001,0.0,0.0,4e-05
Darika Kar,6,0.0001,0.0,0.0,4e-05
Omkaar Vora,7,0.0001,0.0,0.0,4e-05
Abhiram Mittal,6,0.0001,0.0,0.0,4e-05
Oliver Lala,6,0.0001,0.0,0.0,4e-05
Balvan Misra,6,0.0001,0.0,0.0,4e-05
Dalaja Panchal,6,0.0001,0.0,0.0,4e-05
Aadhya Chada,6,0.0001,0.0,0.0,4e-05
Arya Choudhury,6,0.0001,0.0,0.0,4e-05
Jasmit Sekhon,6,0.0001,0.0,0.0,4e-05
Max Loyal,6,0.0001,0.0,0.0,4e-05
Lila Rao,6,0.0001,0.0,0.0,4e-05
Adweta Pai,6,0.0001,0.0,0.0,4e-05
Chaitaly Pandey,6,0.0001,0.0,0.0,4e-05
Chaaya Saran,6,0.0001,0.0,0.0,4e-05
Yochana Bir,6,0.0001,0.0,0.0,4e-05
Aahana Yogi,6,0.0001,0.0,0.0,4e-05
Gautami Comar,7,0.0001,0.0,0.0,4e-05
Upadhriti Luthra,6,0.0001,0.0,0.0,4e-05
Zashil Mangat,6,0.0001,0.0,0.0,4e-05
Nikita Naik,6,0.0001,0.0,0.0,4e-05
Anvi Buch,6,0.0001,0.0,0.0,4e-05
Yadavi Vaidya,6,0.0001,0.0,0.0,4e-05
Aditya Mody,6,0.0001,0.0,0.0,4e-05
Ekanta Sathe,6,0.0001,0.0,0.0,4e-05
Yashodhara Chana,6,0.0001,0.0,0.0,4e-05
Eesha Dave,6,0.0001,0.0,0.0,4e-05
Gavin Gulati,6,0.0001,0.0,0.0,4e-05
Garima Batta,6,0.0001,0.0,0.0,4e-05
Jack Natt,7,0.0001,0.0,0.0,4e-05
Viraj Baria,6,0.0001,0.0,0.0,4e-05
Mekhala Dugal,6,0.0001,0.0,0.0,4e-05
Ekta Mittal,6,0.0001,0.0,0.0,4e-05
Xiti Suri,6,0.0001,0.0,0.0,4e-05
Patrick Talwar,7,0.0001,0.0,0.0,4e-05
Mekhala Gandhi,6,0.0001,0.0,0.0,4e-05
Keya Prakash,6,0.0001,0.0,0.0,4e-05
Hritik Taneja,7,0.0001,0.0,0.0,4e-05
Champak Sarna,6,0.0001,0.0,0.0,4e-05
Thomas Kata,6,0.0001,0.0,0.0,4e-05
Hemangini Kari,6,0.0001,0.0,0.0,4e-05
Kashish Subramanian,6,0.0001,0.0,0.0,4e-05
Samuel Samra,6,0.0001,0.0,0.0,4e-05
Oni Prashad,7,0.0001,0.0,0.0,4e-05
Samuel Varghese,6,0.0001,0.0,0.0,4e-05
Vidhi Bose,7,0.0001,0.0,0.0,4e-05
Damini Bath,6,0.0001,0.0,0.0,4e-05
Lucky Kalla,6,0.0001,0.0,0.0,4e-05
Krish Nagar,7,0.0001,0.0,0.0,4e-05
Gagan Sarma,6,0.0001,0.0,0.0,4e-05
Lohit Bali,6,0.0001,0.0,0.0,4e-05
Aarush Golla,6,0.0001,0.0,0.0,4e-05
Baljiwan Kanda,6,0.0001,0.0,0.0,4e-05
Chatresh Shenoy,6,0.0001,0.0,0.0,4e-05
Jhalak Joshi,6,0.0001,0.0,0.0,4e-05
Jalsa Setty,6,0.0001,0.0,0.0,4e-05
Falak Nayak,6,0.0001,0.0,0.0,4e-05
Ijaya Menon,7,0.0001,0.0,0.0,4e-05
Hema Patel,6,0.0001,0.0,0.0,4e-05
Suhani Dhar,6,0.0001,0.0,0.0,4e-05
Hredhaan Jain,6,0.0001,0.0,0.0,4e-05
Vrishti Shan,7,0.0001,0.0,0.0,4e-05
Isaiah Chacko,6,0.0001,0.0,0.0,4e-05
Caleb Narasimhan,7,0.0001,0.0,0.0,4e-05
Nathan Vig,7,0.0001,0.0,0.0,4e-05
Odika Solanki,6,0.0001,0.0,0.0,4e-05
Urvi Baria,6,0.0001,0.0,0.0,4e-05
Gabriel Chopra,7,0.0001,0.0,0.0,4e-05
Jalsa Banerjee,6,0.0001,0.0,0.0,4e-05
Ikbal Virk,6,0.0001,0.0,0.0,4e-05
Aayush Sridhar,6,0.0001,0.0,0.0,4e-05
Arunima Rajan,6,0.0001,0.0,0.0,4e-05
Nitesh Kurian,6,0.0001,0.0,0.0,4e-05
Nitesh Kala,6,0.0001,0.0,0.0,4e-05
Jacob Gade,6,0.0001,0.0,0.0,4e-05
Inaya Dhawan,6,0.0001,0.0,0.0,4e-05
Mahika Kale,6,0.0001,0.0,0.0,4e-05
Sai Mohan,7,0.0001,0.0,0.0,4e-05
Faraj Bajwa,6,0.0001,0.0,0.0,4e-05
Tristan Menon,6,0.0001,0.0,0.0,4e-05
Kashish Kar,7,0.0001,0.0,0.0,4e-05
Ekansh Char,6,0.0001,0.0,0.0,4e-05
Waida Hari,6,0.0001,0.0,0.0,4e-05
Omya Bhavsar,6,0.0001,0.0,0.0,4e-05
Nidra Dhaliwal,6,0.0001,0.0,0.0,4e-05
Tripti Kulkarni,6,0.0001,0.0,0.0,4e-05
Kashish Saini,6,0.0001,0.0,0.0,4e-05
Chaitaly Bora,6,0.0001,0.0,0.0,4e-05
Tanay Bhakta,6,0.0001,0.0,0.0,4e-05
Dakshesh Tripathi,6,0.0001,0.0,0.0,4e-05
Jeet Srinivasan,6,0.0001,0.0,0.0,4e-05
Nimrat Subramaniam,7,0.0001,0.0,0.0,4e-05
Laksh Hora,6,0.0001,0.0,0.0,4e-05
Zinal Kamdar,6,0.0001,0.0,0.0,4e-05
Eta Ahuja,6,0.0001,0.0,0.0,4e-05
Darika Bedi,6,0.0001,0.0,0.0,4e-05
Yauvani Cherian,6,0.0001,0.0,0.0,4e-05
Hamsini Dhar,6,0.0001,0.0,0.0,4e-05
Yochana Sekhon,6,0.0001,0.0,0.0,4e-05
Kiaan Gole,6,0.0001,0.0,0.0,4e-05
Madhavi Bakshi,6,0.0001,0.0,0.0,4e-05
Oviya Bhakta,6,0.0001,0.0,0.0,4e-05
Nitesh Reddy,6,0.0001,0.0,0.0,4e-05
Anamika Sankaran,6,0.0001,0.0,0.0,4e-05
Deepa Walla,6,0.0001,0.0,0.0,4e-05
Quincy Wagle,6,0.0001,0.0,0.0,4e-05
Andrew Wable,6,0.0001,0.0,0.0,4e-05
Mohammed Sem,6,0.0001,0.0,0.0,4e-05
Jagat Kohli,6,0.0001,0.0,0.0,4e-05
Elijah Suri,6,0.0001,0.0,0.0,4e-05
Advika Barad,7,0.0001,0.0,0.0,4e-05
Priya Hari,6,0.0001,0.0,0.0,4e-05
Banjeet Korpal,6,0.0001,0.0,0.0,4e-05
Yachana Sampath,6,0.0001,0.0,0.0,4e-05
Arjun Mander,6,0.0001,0.0,0.0,4e-05
Girik Rajagopal,6,0.0001,0.0,0.0,4e-05
Imaran Baria,6,0.0001,0.0,0.0,4e-05
Liam Bobal,6,0.0001,0.0,0.0,4e-05
Falan Goswami,6,0.0001,0.0,0.0,4e-05
Upkaar Kaur,6,0.0001,0.0,0.0,4e-05
Dev Narasimhan,6,0.0001,0.0,0.0,4e-05
Ethan Atwal,6,0.0001,0.0,0.0,4e-05
Samesh Chaudhari,6,0.0001,0.0,0.0,4e-05
Elijah Dada,6,0.0001,0.0,0.0,4e-05
George Sen,7,0.0001,0.0,0.0,4e-05
Jalsa Barad,7,0.0001,0.0,0.0,4e-05
Nitesh Issac,6,0.0001,0.0,0.0,4e-05
Shivani Tak,6,0.0001,0.0,0.0,4e-05
Nisha Kant,6,0.0001,0.0,0.0,4e-05
Samarth Merchant,6,0.0001,0.0,0.0,4e-05
Ryan Chaudhuri,6,0.0001,0.0,0.0,4e-05
Shravya Atwal,6,0.0001,0.0,0.0,4e-05
Samarth Kannan,6,0.0001,0.0,0.0,4e-05
Panini Ramesh,7,0.0001,0.0,0.0,4e-05
Abdul Chokshi,6,0.0001,0.0,0.0,4e-05
Ranbir Nori,6,0.0001,0.0,0.0,4e-05
Prisha Kade,6,0.0001,0.0,0.0,4e-05
Farhan Upadhyay,6,0.0001,0.0,0.0,4e-05
Jagdish Dugal,6,0.0001,0.0,0.0,4e-05
Oni Chokshi,6,0.0001,0.0,0.0,4e-05
Devansh Ramakrishnan,6,0.0001,0.0,0.0,4e-05
Sneha Kala,6,0.0001,0.0,0.0,4e-05
Urmi Mann,6,0.0001,0.0,0.0,4e-05
Tanay Ahluwalia,6,0.0001,0.0,0.0,4e-05
Shaurya Luthra,6,0.0001,0.0,0.0,4e-05
Chanakya Nagarajan,6,0.0001,0.0,0.0,4e-05
Jagdish Kapoor,6,0.0001,0.0,0.0,4e-05
Vasatika Chatterjee,6,0.0001,0.0,0.0,4e-05
Reva Suresh,6,0.0001,0.0,0.0,4e-05
Azad Chawla,6,0.0001,0.0,0.0,4e-05
Pallavi Chaudhary,6,0.0001,0.0,0.0,4e-05
Brijesh Chanda,6,0.0001,0.0,0.0,4e-05
Manbir Shankar,6,0.0001,0.0,0.0,4e-05
Samarth Sule,6,0.0001,0.0,0.0,4e-05
Rachita Sheth,7,0.0001,0.0,0.0,4e-05
Krishna Saha,7,0.0001,0.0,0.0,4e-05
Faras Keer,6,0.0001,0.0,0.0,4e-05
Veda Luthra,6,0.0001,0.0,0.0,4e-05
Yadavi Sur,6,0.0001,0.0,0.0,4e-05
Lila Ram,6,0.0001,0.0,0.0,4e-05
Elijah Raj,6,0.0001,0.0,0.0,4e-05
Ishani Deol,6,0.0001,0.0,0.0,4e-05
Gayathri Grover,6,0.0001,0.0,0.0,4e-05
Aadi Bedi,7,0.0001,0.0,0.0,4e-05
Zilmil Hayre,7,0.0001,0.0,0.0,4e-05
Omya Doctor,6,0.0001,0.0,0.0,4e-05
Chatresh Suresh,7,0.0001,0.0,0.0,4e-05
Vihaan Khurana,6,0.0001,0.0,0.0,4e-05
Falan Yohannan,6,0.0001,0.0,0.0,4e-05
Ganga Jaggi,6,0.0001,0.0,0.0,4e-05
Wahab Thaker,6,0.0001,0.0,0.0,4e-05
Faqid Pillay,6,0.0001,0.0,0.0,4e-05
Ekani Bera,6,0.0001,0.0,0.0,4e-05
Gunbir Mannan,7,0.0001,0.0,0.0,4e-05
Wazir Ganesan,7,0.0001,0.0,0.0,4e-05
Varsha Kalla,6,0.0001,0.0,0.0,4e-05
Jagat Sani,6,0.0001,0.0,0.0,4e-05
Teerth More,6,0.0001,0.0,0.0,4e-05
Aadi Korpal,6,0.0001,0.0,0.0,4e-05
Udarsh Kaul,6,0.0001,0.0,0.0,4e-05
Azaan Jain,6,0.0001,0.0,0.0,4e-05
Sachi Dhillon,7,0.0001,0.0,0.0,4e-05
Jeet Salvi,6,0.0001,0.0,0.0,4e-05
Shaurya Krishna,6,0.0001,0.0,0.0,4e-05
David Dora,6,0.0001,0.0,0.0,4e-05
Maya Comar,6,0.0001,0.0,0.0,4e-05
Gaurika Khanna,6,0.0001,0.0,0.0,4e-05
Chaitanya Ray,6,0.0001,0.0,0.0,4e-05
Omkaar Pandey,6,0.0001,0.0,0.0,4e-05
David Shanker,6,0.0001,0.0,0.0,4e-05
Ojas Batra,6,0.0001,0.0,0.0,4e-05
Nidra Sama,7,0.0001,0.0,0.0,4e-05
Adweta Ben,6,0.0001,0.0,0.0,4e-05
Chanchal Gokhale,6,0.0001,0.0,0.0,4e-05
Abhiram Magar,6,0.0001,0.0,0.0,4e-05
Bachittar Rama,6,0.0001,0.0,0.0,4e-05
Ladli Srivastava,6,0.0001,0.0,0.0,4e-05
Yashawini Lad,6,0.0001,0.0,0.0,4e-05
Chaman Tandon,6,0.0001,0.0,0.0,4e-05
Ekansh Mand,6,0.0001,0.0,0.0,4e-05
Sachi Rai,7,0.0001,0.0,0.0,4e-05
Falguni Bera,6,0.0001,0.0,0.0,4e-05
Hardik Pal,6,0.0001,0.0,0.0,4e-05
Abeer Varma,6,0.0001,0.0,0.0,4e-05
Adweta Cherian,6,0.0001,0.0,0.0,4e-05
Jackson Parekh,7,0.0001,0.0,0.0,4e-05
Girik Issac,6,0.0001,0.0,0.0,4e-05
Gautami Contractor,6,0.0001,0.0,0.0,4e-05
Omaja Chokshi,6,0.0001,0.0,0.0,4e-05
Anvi Atwal,6,0.0001,0.0,0.0,4e-05
Viraj Cherian,6,0.0001,0.0,0.0,4e-05
Om Sagar,6,0.0001,0.0,0.0,4e-05
Aadi Chaudhari,6,0.0001,0.0,0.0,4e-05
Upma Shukla,6,0.0001,0.0,0.0,4e-05
Aarna Shanker,6,0.0001,0.0,0.0,4e-05
David Krishna,7,0.0001,0.0,0.0,4e-05
Vasudha Natarajan,6,0.0001,0.0,0.0,4e-05
Aadi Prabhu,6,0.0001,0.0,0.0,4e-05
Kabir Chawla,6,0.0001,0.0,0.0,4e-05
Janaki Rajagopalan,6,0.0001,0.0,0.0,4e-05
Atharv Randhawa,6,0.0001,0.0,0.0,4e-05
Amrita Lal,6,0.0001,0.0,0.0,4e-05
Harsh Tella,6,0.0001,0.0,0.0,4e-05
Udarsh Varghese,6,0.0001,0.0,0.0,4e-05
Aditya Warrior,6,0.0001,0.0,0.0,4e-05
Max Pandey,7,0.0001,0.0,0.0,4e-05
Anirudh Bhatia,6,0.0001,0.0,0.0,4e-05
Tarak Jaggi,6,0.0001,0.0,0.0,4e-05
Waida Sood,6,0.0001,0.0,0.0,4e-05
Eesha Hegde,6,0.0001,0.0,0.0,4e-05
Frado Sem,6,0.0001,0.0,0.0,4e-05
Patrick Prabhu,6,0.0001,0.0,0.0,4e-05
Samuel Chopra,6,0.0001,0.0,0.0,4e-05
Avi Kakar,6,0.0001,0.0,0.0,4e-05
Logan Ahluwalia,7,0.0001,0.0,0.0,4e-05
Advika Patil,6,0.0001,0.0,0.0,4e-05
Janani Cherian,6,0.0001,0.0,0.0,4e-05
Zaitra Basak,6,0.0001,0.0,0.0,4e-05
Dominic Shere,6,0.0001,0.0,0.0,4e-05
Anthony Hari,6,0.0001,0.0,0.0,4e-05
Mitali Krishnamurthy,6,0.0001,0.0,0.0,4e-05
Max Aurora,6,0.0001,0.0,0.0,4e-05
Arunima Kurian,6,0.0001,0.0,0.0,4e-05
Bhavya Patla,6,0.0001,0.0,0.0,4e-05
Bakhshi Bains,6,0.0001,0.0,0.0,4e-05
Chakradev Mishra,6,0.0001,0.0,0.0,4e-05
Onkar Nori,6,0.0001,0.0,0.0,4e-05
William Konda,7,0.0001,0.0,0.0,4e-05
Udarsh Trivedi,6,0.0001,0.0,0.0,4e-05
Warhi Kalla,6,0.0001,0.0,0.0,4e-05
Urishilla Lall,7,0.0001,0.0,0.0,4e-05
Advik Tiwari,6,0.0001,0.0,0.0,4e-05
Aradhana Kothari,6,0.0001,0.0,0.0,4e-05
Chaitaly Chad,6,0.0001,0.0,0.0,4e-05
Indira Pathak,6,0.0001,0.0,0.0,4e-05
Eiravati Oak,6,0.0001,0.0,0.0,4e-05
Arin Kapur,7,0.0001,0.0,0.0,4e-05
Bhavani Jha,6,0.0001,0.0,0.0,4e-05
Yashvi Ranganathan,6,0.0001,0.0,0.0,4e-05
Zinal Bhatia,6,0.0001,0.0,0.0,4e-05
Reva Gole,7,0.0001,0.0,0.0,4e-05
Siya Ranganathan,6,0.0001,0.0,0.0,4e-05
Gaurika Bala,6,0.0001,0.0,0.0,4e-05
Krish Puri,6,0.0001,0.0,0.0,4e-05
Lohit Padmanabhan,6,0.0001,0.0,0.0,4e-05
Vyanjana Bajwa,6,0.0001,0.0,0.0,4e-05
Bimala Chaudry,6,0.0001,0.0,0.0,4e-05
Vrishti Gopal,6,0.0001,0.0,0.0,4e-05
Maanav Prakash,6,0.0001,0.0,0.0,4e-05
Mason Sehgal,6,0.0001,0.0,0.0,4e-05
Samaksh Bajwa,6,0.0001,0.0,0.0,4e-05
Christopher Bal,7,0.0001,0.0,0.0,4e-05
Vritti Dugal,6,0.0001,0.0,0.0,4e-05
Leena Sawhney,7,0.0001,0.0,0.0,4e-05
Rudra Kara,6,0.0001,0.0,0.0,4e-05
Waida Kanda,6,0.0001,0.0,0.0,4e-05
Darpan Mallick,7,0.0001,0.0,0.0,4e-05
Zayan Panchal,6,0.0001,0.0,0.0,4e-05
Tanmayi Mittal,6,0.0001,0.0,0.0,4e-05
Oliver Chana,6,0.0001,0.0,0.0,4e-05
Anika Sandal,6,0.0001,0.0,0.0,4e-05
Frederick Swamy,6,0.0001,0.0,0.0,4e-05
Charvi Chokshi,6,0.0001,0.0,0.0,4e-05
Dhriti Om,6,0.0001,0.0,0.0,4e-05
Vedika Mammen,7,0.0001,0.0,0.0,4e-05
Saumya Hari,6,0.0001,0.0,0.0,4e-05
Nachiket Chahal,6,0.0001,0.0,0.0,4e-05
Ronith Khatri,7,0.0001,0.0,0.0,4e-05
Nakul Parsa,6,0.0001,0.0,0.0,4e-05
Joshua Balasubramanian,6,0.0001,0.0,0.0,4e-05
Wazir Mall,6,0.0001,0.0,0.0,4e-05
Rachit Sarma,6,0.0001,0.0,0.0,4e-05
Omisha Tella,6,0.0001,0.0,0.0,4e-05
Atharv Saran,7,0.0001,0.0,0.0,4e-05
Ekta Sharaf,6,0.0001,0.0,0.0,4e-05
Jeremiah Manda,6,0.0001,0.0,0.0,4e-05
Ati Parekh,6,0.0001,0.0,0.0,4e-05
Simon Prakash,6,0.0001,0.0,0.0,4e-05
Laban Warrior,6,0.0001,0.0,0.0,4e-05
Radha Sane,7,0.0001,0.0,0.0,4e-05
Henry Sarraf,6,0.0001,0.0,0.0,4e-05
Tarak Bala,7,0.0001,0.0,0.0,4e-05
Lakshmi Sem,6,0.0001,0.0,0.0,4e-05
Forum Srinivas,6,0.0001,0.0,0.0,4e-05
Azad Biswas,6,0.0001,0.0,0.0,4e-05
Leena Sekhon,6,0.0001,0.0,0.0,4e-05
Akshay Joshi,6,0.0001,0.0,0.0,4e-05
Onkar Mohan,7,0.0001,0.0,0.0,4e-05
Veer Sachdev,7,0.0001,0.0,0.0,4e-05
Azad Mahajan,6,0.0001,0.0,0.0,4e-05
Viraj Contractor,7,0.0001,0.0,0.0,4e-05
Yoshita Balasubramanian,6,0.0001,0.0,0.0,4e-05
Umang Shere,6,0.0001,0.0,0.0,4e-05
Nilima Chana,6,0.0001,0.0,0.0,4e-05
Krishna Sethi,6,0.0001,0.0,0.0,4e-05
Ansh Agarwal,6,0.0001,0.0,0.0,4e-05
Ishita Sabharwal,6,0.0001,0.0,0.0,4e-05
Zayan Sani,6,0.0001,0.0,0.0,4e-05
Nikita Parikh,6,0.0001,0.0,0.0,4e-05
Aarush Sathe,6,0.0001,0.0,0.0,4e-05
Jai Bhandari,6,0.0001,0.0,0.0,4e-05
Naveen Tandon,6,0.0001,0.0,0.0,4e-05
Shravya Zachariah,6,0.0001,0.0,0.0,4e-05
Chaaya Iyer,6,0.0001,0.0,0.0,4e-05
Neel Warrior,6,0.0001,0.0,0.0,4e-05
Varenya Bora,6,0.0001,0.0,0.0,4e-05
Bhavini Goswami,6,0.0001,0.0,0.0,4e-05
Upma Menon,7,0.0001,0.0,0.0,4e-05
Bhanumati Dar,7,0.0001,0.0,0.0,4e-05
Rushil Bobal,6,0.0001,0.0,0.0,4e-05
Aryan Narain,7,0.0001,0.0,0.0,4e-05
Vrishti Tandon,6,0.0001,0.0,0.0,4e-05
Praneel Thakkar,6,0.0001,0.0,0.0,4e-05
Janya Mane,6,0.0001,0.0,0.0,4e-05
Utkarsh Bansal,6,0.0001,0.0,0.0,4e-05
Jeremiah Dixit,6,0.0001,0.0,0.0,4e-05
Watika Upadhyay,6,0.0001,0.0,0.0,4e-05
Krishna Datta,6,0.0001,0.0,0.0,4e-05
Tarak Zacharia,6,0.0001,0.0,0.0,4e-05
Yatin Bir,6,0.0001,0.0,0.0,4e-05
Samesh Dixit,6,0.0001,0.0,0.0,4e-05
Anamika Rajagopalan,6,0.0001,0.0,0.0,4e-05
Sathvik Badal,6,0.0001,0.0,0.0,4e-05
Harinakshi Gole,6,0.0001,0.0,0.0,4e-05
Ekbal Sura,6,0.0001,0.0,0.0,4e-05
Mitesh Patel,7,0.0001,0.0,0.0,4e-05
Ladli Hayre,6,0.0001,0.0,0.0,4e-05
Kashish Brahmbhatt,6,0.0001,0.0,0.0,4e-05
Theodore Bhakta,6,0.0001,0.0,0.0,4e-05
Oviya Grover,7,0.0001,0.0,0.0,4e-05
Reyansh Bir,6,0.0001,0.0,0.0,4e-05
Rushil Wagle,7,0.0001,0.0,0.0,4e-05
Keya Kothari,6,0.0001,0.0,0.0,4e-05
Jasmit Gola,6,0.0001,0.0,0.0,4e-05
Balvan Thakur,6,0.0001,0.0,0.0,4e-05
Keya Mangal,6,0.0001,0.0,0.0,4e-05
Warinder Kunda,6,0.0001,0.0,0.0,4e-05
Manbir Nori,6,0.0001,0.0,0.0,4e-05
Leela Kurian,6,0.0001,0.0,0.0,4e-05
Warhi Sangha,6,0.0001,0.0,0.0,4e-05
Dominic Modi,6,0.0001,0.0,0.0,4e-05
Radhika Bhargava,6,0.0001,0.0,0.0,4e-05
Noah Viswanathan,7,0.0001,0.0,0.0,4e-05
Gaurav Natt,6,0.0001,0.0,0.0,4e-05
Ira Batra,6,0.0001,0.0,0.0,4e-05
Nakul Bains,6,0.0001,0.0,0.0,4e-05
Inaya Pillai,6,0.0001,0.0,0.0,4e-05
Baljiwan Saha,6,0.0001,0.0,0.0,4e-05
Sarthak Palla,6,0.0001,0.0,0.0,4e-05
Zinal Morar,6,0.0001,0.0,0.0,4e-05
Aashi Batta,6,0.0001,0.0,0.0,4e-05
Aarnav Wason,6,0.0001,0.0,0.0,4e-05
Ridhi Bhatti,6,0.0001,0.0,0.0,4e-05
Anusha Issac,6,0.0001,0.0,0.0,4e-05
Aradhana Gour,6,0.0001,0.0,0.0,4e-05
Warda Soni,6,0.0001,0.0,0.0,4e-05
Darpan Date,6,0.0001,0.0,0.0,4e-05
Vinaya Mallick,6,0.0001,0.0,0.0,4e-05
Wriddhish Bora,7,0.0001,0.0,0.0,4e-05
Bhavini Parekh,6,0.0001,0.0,0.0,4e-05
Hitesh Gara,6,0.0001,0.0,0.0,4e-05
Aadi Kapoor,6,0.0001,0.0,0.0,4e-05
Avni Vora,6,0.0001,0.0,0.0,4e-05
Rushil Vig,7,0.0001,0.0,0.0,4e-05
Manya Parikh,7,0.0001,0.0,0.0,4e-05
Dalaja Kohli,6,0.0001,0.0,0.0,4e-05
Vasudha Vaidya,6,0.0001,0.0,0.0,4e-05
Radhika Pillai,6,0.0001,0.0,0.0,4e-05
Rehaan Sekhon,6,0.0001,0.0,0.0,4e-05
Champak Nagi,6,0.0001,0.0,0.0,4e-05
Odika Kale,7,0.0001,0.0,0.0,4e-05
Tarak Ganguly,6,0.0001,0.0,0.0,4e-05
Lajita Chaudry,6,0.0001,0.0,0.0,4e-05
Nikita Sarkar,6,0.0001,0.0,0.0,4e-05
Tripti Thaman,6,0.0001,0.0,0.0,4e-05
Fitan Garg,6,0.0001,0.0,0.0,4e-05
Hardik Kade,6,0.0001,0.0,0.0,4e-05
Girik Sundaram,6,0.0001,0.0,0.0,4e-05
Hamsini Vora,6,0.0001,0.0,0.0,4e-05
Varenya Tiwari,6,0.0001,0.0,0.0,4e-05
Arin Sibal,6,0.0001,0.0,0.0,4e-05
Yash Chander,6,0.0001,0.0,0.0,4e-05
Rayaan Dhaliwal,6,0.0001,0.0,0.0,4e-05
Xavier Gill,7,0.0001,0.0,0.0,4e-05
Nilima Bhat,7,0.0001,0.0,0.0,4e-05
Yochana Mody,6,0.0001,0.0,0.0,4e-05
Yauvani Buch,6,0.0001,0.0,0.0,4e-05
Ansh Raju,7,0.0001,0.0,0.0,4e-05
Rajeshri Dutta,6,0.0001,0.0,0.0,4e-05
Amara Bal,6,0.0001,0.0,0.0,4e-05
Aradhana Jha,6,0.0001,0.0,0.0,4e-05
Ekaraj Dugar,6,0.0001,0.0,0.0,4e-05
Jeevika Deol,6,0.0001,0.0,0.0,4e-05
Yashvi Murthy,6,0.0001,0.0,0.0,4e-05
Vinaya Raman,6,0.0001,0.0,0.0,4e-05
Bakhshi Balay,6,0.0001,0.0,0.0,4e-05
Anay Pandit,6,0.0001,0.0,0.0,4e-05
Yashodhara Vaidya,6,0.0001,0.0,0.0,4e-05
Odika Dass,6,0.0001,0.0,0.0,4e-05
Dalaja Maharaj,7,0.0001,0.0,0.0,4e-05
Udarsh Prabhu,6,0.0001,0.0,0.0,4e-05
Mason Bhasin,6,0.0001,0.0,0.0,4e-05
Quincy Menon,6,0.0001,0.0,0.0,4e-05
Janya Chatterjee,6,0.0001,0.0,0.0,4e-05
Yahvi Deshmukh,6,0.0001,0.0,0.0,4e-05
Vinaya Natarajan,7,0.0001,0.0,0.0,4e-05
Sarthak Warrior,6,0.0001,0.0,0.0,4e-05
Manbir Bansal,6,0.0001,0.0,0.0,4e-05
Ekapad Devi,6,0.0001,0.0,0.0,4e-05
Dalaja Bansal,6,0.0001,0.0,0.0,4e-05
Anmol Aurora,7,0.0001,0.0,0.0,4e-05
Eshana Sanghvi,7,0.0001,0.0,0.0,4e-05
Abhimanyu Puri,6,0.0001,0.0,0.0,4e-05
Faraj Tara,6,0.0001,0.0,0.0,4e-05
Yatan Sarna,6,0.0001,0.0,0.0,4e-05
Urishilla Mahal,7,0.0001,0.0,0.0,4e-05
Shaurya De,6,0.0001,0.0,0.0,4e-05
Brijesh Dugar,7,0.0001,0.0,0.0,4e-05
Shivansh Bali,6,0.0001,0.0,0.0,4e-05
Tanay Dalal,6,0.0001,0.0,0.0,4e-05
Hemangini Saraf,6,0.0001,0.0,0.0,4e-05
Janani Hora,6,0.0001,0.0,0.0,4e-05
Oliver Purohit,6,0.0001,0.0,0.0,4e-05
Sanya Khatri,6,0.0001,0.0,0.0,4e-05
Yashawini Deshmukh,6,0.0001,0.0,0.0,4e-05
Nirja Walla,6,0.0001,0.0,0.0,4e-05
Urmi Krish,6,0.0001,0.0,0.0,4e-05
Lila Korpal,6,0.0001,0.0,0.0,4e-05
Ishani Bhatia,6,0.0001,0.0,0.0,4e-05
Bimala Pant,6,0.0001,0.0,0.0,4e-05
Vritti Ranganathan,6,0.0001,0.0,0.0,4e-05
Damyanti Loke,6,0.0001,0.0,0.0,4e-05
Nachiket Modi,6,0.0001,0.0,0.0,4e-05
Pranav Ray,6,0.0001,0.0,0.0,4e-05
Rishi Trivedi,6,0.0001,0.0,0.0,4e-05
Tanish Chander,6,0.0001,0.0,0.0,4e-05
Madhavi Narang,6,0.0001,0.0,0.0,4e-05
Zashil Shanker,6,0.0001,0.0,0.0,4e-05
Champak Mahajan,6,0.0001,0.0,0.0,4e-05
Hamsini Chadha,6,0.0001,0.0,0.0,4e-05
Vritti Randhawa,6,0.0001,0.0,0.0,4e-05
Anusha Din,6,0.0001,0.0,0.0,4e-05
Gavin Patla,6,0.0001,0.0,0.0,4e-05
Charan Karnik,6,0.0001,0.0,0.0,4e-05
Chasmum Saran,6,0.0001,0.0,0.0,4e-05
Falan Borah,6,0.0001,0.0,0.0,4e-05
Arunima Bhandari,6,0.0001,0.0,0.0,4e-05
Vinaya Saxena,6,0.0001,0.0,0.0,4e-05
Anmol Baral,6,0.0001,0.0,0.0,4e-05
Vedant Dasgupta,6,0.0001,0.0,0.0,4e-05
Vyanjana Chandra,6,0.0001,0.0,0.0,4e-05
Ekaraj Tak,6,0.0001,0.0,0.0,4e-05
Kashish Patla,7,0.0001,0.0,0.0,4e-05
David Parsa,6,0.0001,0.0,0.0,4e-05
Bina Krishnamurthy,6,0.0001,0.0,0.0,4e-05
Advaith Prabhakar,6,0.0001,0.0,0.0,4e-05
Azaan Loyal,6,0.0001,0.0,0.0,4e-05
Vaishnavi Kulkarni,6,0.0001,0.0,0.0,4e-05
Edhitha Radhakrishnan,6,0.0001,0.0,0.0,4e-05
Omisha Chana,6,0.0001,0.0,0.0,4e-05
Advika Madan,6,0.0001,0.0,0.0,4e-05
Wridesh Thakur,6,0.0001,0.0,0.0,4e-05
Siya Pandya,6,0.0001,0.0,0.0,4e-05
Gaurangi Bala,6,0.0001,0.0,0.0,4e-05
Theodore Dash,6,0.0001,0.0,0.0,4e-05
Luke Datta,6,0.0001,0.0,0.0,4e-05
Isaac Rau,6,0.0001,0.0,0.0,4e-05
Anamika Sane,6,0.0001,0.0,0.0,4e-05
Dhriti Warrior,6,0.0001,0.0,0.0,4e-05
Warinder Saini,6,0.0001,0.0,0.0,4e-05
Eta Kakar,6,0.0001,0.0,0.0,4e-05
Waida Zacharia,6,0.0001,0.0,0.0,4e-05
Chandani Bala,6,0.0001,0.0,0.0,4e-05
Hitesh Borah,6,0.0001,0.0,0.0,4e-05
Eshana Bhagat,6,0.0001,0.0,0.0,4e-05
Neha Sant,6,0.0001,0.0,0.0,4e-05
Amara Chacko,7,0.0001,0.0,0.0,4e-05
Lakshit Trivedi,6,0.0001,0.0,0.0,4e-05
Brijesh Minhas,6,0.0001,0.0,0.0,4e-05
Gayathri Mistry,6,0.0001,0.0,0.0,4e-05
Shaurya Puri,6,0.0001,0.0,0.0,4e-05
Charan Biswas,6,0.0001,0.0,0.0,4e-05
Nicholas Gala,6,0.0001,0.0,0.0,4e-05
Neha Modi,6,0.0001,0.0,0.0,4e-05
Wazir Roy,6,0.0001,0.0,0.0,4e-05
Ubika Parmar,6,0.0001,0.0,0.0,4e-05
Bimala Divan,6,0.0001,0.0,0.0,4e-05
Pooja Manne,6,0.0001,0.0,0.0,4e-05
Aarini Pathak,6,0.0001,0.0,0.0,4e-05
Hemang Karnik,6,0.0001,0.0,0.0,4e-05
Anita Choudhury,6,0.0001,0.0,0.0,4e-05
Tarak Bal,6,0.0001,0.0,0.0,4e-05
Hemangini Yadav,6,0.0001,0.0,0.0,4e-05
Odika Kara,7,0.0001,0.0,0.0,4e-05
Kevin Sehgal,6,0.0001,0.0,0.0,4e-05
Wahab Tripathi,6,0.0001,0.0,0.0,4e-05
Zilmil Sachar,6,0.0001,0.0,0.0,4e-05
Chakradev Rajagopalan,6,0.0001,0.0,0.0,4e-05
Nathan Thakur,6,0.0001,0.0,0.0,4e-05
Simon Bhat,6,0.0001,0.0,0.0,4e-05
Joshua Chatterjee,6,0.0001,0.0,0.0,4e-05
Vasana Salvi,6,0.0001,0.0,0.0,4e-05
Adweta Agate,6,0.0001,0.0,0.0,4e-05
Oviya Sandhu,7,0.0001,0.0,0.0,4e-05
Xiti Mahajan,6,0.0001,0.0,0.0,4e-05
Balendra Raval,6,0.0001,0.0,0.0,4e-05
Vaishnavi Lad,6,0.0001,0.0,0.0,4e-05
Bimala Iyer,6,0.0001,0.0,0.0,4e-05
Lekha Morar,6,0.0001,0.0,0.0,4e-05
Imaran Raman,6,0.0001,0.0,0.0,4e-05
Yashawini Sankar,6,0.0001,0.0,0.0,4e-05
Isha Thakur,6,0.0001,0.0,0.0,4e-05
Zansi Grewal,7,0.0001,0.0,0.0,4e-05
Falguni Chacko,7,0.0001,0.0,0.0,4e-05
Advika Balay,7,0.0001,0.0,0.0,4e-05
Wakeeta Mohan,6,0.0001,0.0,0.0,4e-05
Nidhi Suri,6,0.0001,0.0,0.0,4e-05
Lopa Nazareth,6,0.0001,0.0,0.0,4e-05
Urishilla Ramesh,7,0.0001,0.0,0.0,4e-05
Bishakha Oak,6,0.0001,0.0,0.0,4e-05
Yashodhara Kanda,6,0.0001,0.0,0.0,4e-05
Lohit Sami,6,0.0001,0.0,0.0,4e-05
Neel Keer,6,0.0001,0.0,0.0,4e-05
Ansh Kala,6,0.0001,0.0,0.0,4e-05
Triya Shukla,6,0.0001,0.0,0.0,4e-05
Leena Raghavan,6,0.0001,0.0,0.0,4e-05
Dev Viswanathan,7,0.0001,0.0,0.0,4e-05
Vedhika Sawhney,6,0.0001,0.0,0.0,4e-05
Vyanjana Goel,6,0.0001,0.0,0.0,4e-05
Elijah Virk,6,0.0001,0.0,0.0,4e-05
Unni Kar,6,0.0001,0.0,0.0,4e-05
Onkar Narayanan,6,0.0001,0.0,0.0,4e-05
Vasana Banerjee,7,0.0001,0.0,0.0,4e-05
Hemang Ramesh,7,0.0001,0.0,0.0,4e-05
Bhavani Mukhopadhyay,7,0.0001,0.0,0.0,4e-05
Jacob Kadakia,6,0.0001,0.0,0.0,4e-05
Kamala Krish,7,0.0001,0.0,0.0,4e-05
Eiravati Banik,6,0.0001,0.0,0.0,4e-05
Arya Garg,6,0.0001,0.0,0.0,4e-05
Ikbal Chaudhry,6,0.0001,0.0,0.0,4e-05
Gayathri Sarma,6,0.0001,0.0,0.0,4e-05
Darsh Bava,6,0.0001,0.0,0.0,4e-05
Hemal Pant,6,0.0001,0.0,0.0,4e-05
Chanchal Merchant,6,0.0001,0.0,0.0,4e-05
Priya Mander,6,0.0001,0.0,0.0,4e-05
Suhani Patla,6,0.0001,0.0,0.0,4e-05
Oliver Balakrishnan,6,0.0001,0.0,0.0,4e-05
Samar Ratti,6,0.0001,0.0,0.0,4e-05
Rudra Varma,7,0.0001,0.0,0.0,4e-05
Onkar Pathak,7,0.0001,0.0,0.0,4e-05
Kamala Luthra,6,0.0001,0.0,0.0,4e-05
Brijesh Pingle,6,0.0001,0.0,0.0,4e-05
Isaiah Vasa,6,0.0001,0.0,0.0,4e-05
Lavanya Pau,6,0.0001,0.0,0.0,4e-05
Deepa Sen,6,0.0001,0.0,0.0,4e-05
Tanish Jani,6,0.0001,0.0,0.0,4e-05
Chandran Srivastava,6,0.0001,0.0,0.0,4e-05
Sarthak Wadhwa,6,0.0001,0.0,0.0,4e-05
Hemangini Sami,6,0.0001,0.0,0.0,4e-05
Radhika Naidu,6,0.0001,0.0,0.0,4e-05
Indrajit Thakkar,6,0.0001,0.0,0.0,4e-05
Rachit Lanka,6,0.0001,0.0,0.0,4e-05
Dayamai Pradhan,6,0.0001,0.0,0.0,4e-05
Bhanumati Dugar,6,0.0001,0.0,0.0,4e-05
Harinakshi Bains,6,0.0001,0.0,0.0,4e-05
Fitan Deshpande,6,0.0001,0.0,0.0,4e-05
Michael Acharya,6,0.0001,0.0,0.0,4e-05
Chameli Parmer,6,0.0001,0.0,0.0,4e-05
Aarna Wadhwa,6,0.0001,0.0,0.0,4e-05
Anya Agarwal,6,0.0001,0.0,0.0,4e-05
Harish Guha,6,0.0001,0.0,0.0,4e-05
Nitesh Garde,6,0.0001,0.0,0.0,4e-05
Naveen Gade,6,0.0001,0.0,0.0,4e-05
Sarthak Mane,6,0.0001,0.0,0.0,4e-05
Viraj Sen,6,0.0001,0.0,0.0,4e-05
Yoshita Natarajan,6,0.0001,0.0,0.0,4e-05
Lohit Dua,6,0.0001,0.0,0.0,4e-05
Tanmayi Ahuja,6,0.0001,0.0,0.0,4e-05
Fitan Bumb,6,0.0001,0.0,0.0,4e-05
Raghav Chaudhuri,6,0.0001,0.0,0.0,4e-05
Charan Patla,6,0.0001,0.0,0.0,4e-05
Upadhriti Minhas,6,0.0001,0.0,0.0,4e-05
Rishi Dar,6,0.0001,0.0,0.0,4e-05
Ishanvi Bansal,7,0.0001,0.0,0.0,4e-05
Edhitha Raja,6,0.0001,0.0,0.0,4e-05
Zansi Dass,6,0.0001,0.0,0.0,4e-05
Amara Khanna,6,0.0001,0.0,0.0,4e-05
Oscar Barman,6,0.0001,0.0,0.0,4e-05
Eesha Wagle,6,0.0001,0.0,0.0,4e-05
Aashi Chatterjee,6,0.0001,0.0,0.0,4e-05
Aayush Rajagopal,6,0.0001,0.0,0.0,4e-05
Hemal Wason,6,0.0001,0.0,0.0,4e-05
Andrew Sant,6,0.0001,0.0,0.0,4e-05
Parth Biswas,6,0.0001,0.0,0.0,4e-05
Bina Bhalla,6,0.0001,0.0,0.0,4e-05
Matthew Sunder,6,0.0001,0.0,0.0,4e-05
Warda Dhillon,6,0.0001,0.0,0.0,4e-05
Warjas Malhotra,6,0.0001,0.0,0.0,4e-05
Forum Munshi,7,0.0001,0.0,0.0,4e-05
Yoshita Gara,6,0.0001,0.0,0.0,4e-05
Advaith Narula,6,0.0001,0.0,0.0,4e-05
Om Sachdev,6,0.0001,0.0,0.0,4e-05
Tarak Srinivas,6,0.0001,0.0,0.0,4e-05
Mugdha Wali,6,0.0001,0.0,0.0,4e-05
Gagan Barad,6,0.0001,0.0,0.0,4e-05
Warinder Venkatesh,6,0.0001,0.0,0.0,4e-05
Rushil Rajan,6,0.0001,0.0,0.0,4e-05
Kritika Dasgupta,7,0.0001,0.0,0.0,4e-05
Vanya Grewal,6,0.0001,0.0,0.0,4e-05
Rishi Memon,6,0.0001,0.0,0.0,4e-05
Kiaan Venkatesh,6,0.0001,0.0,0.0,4e-05
Falguni Balan,7,0.0001,0.0,0.0,4e-05
Qasim Menon,6,0.0001,0.0,0.0,4e-05
Onveer Kamdar,6,0.0001,0.0,0.0,4e-05
Faqid Deshpande,6,0.0001,0.0,0.0,4e-05
Raghav Kari,6,0.0001,0.0,0.0,4e-05
Rayaan Sangha,6,0.0001,0.0,0.0,4e-05
Abhiram Sundaram,6,0.0001,0.0,0.0,4e-05
Pooja Bhattacharyya,6,0.0001,0.0,0.0,4e-05
Ganga Saran,6,0.0001,0.0,0.0,4e-05
Forum Swaminathan,6,0.0001,0.0,0.0,4e-05
Aadi Pandit,6,0.0001,0.0,0.0,4e-05
Zehaan Palla,6,0.0001,0.0,0.0,4e-05
Naksh Goel,7,0.0001,0.0,0.0,4e-05
Manya Borah,6,0.0001,0.0,0.0,4e-05
Ucchal Mangat,7,0.0001,0.0,0.0,4e-05
Priya Mani,6,0.0001,0.0,0.0,4e-05
Harita Hayre,6,0.0001,0.0,0.0,4e-05
Adweta Choudhury,7,0.0001,0.0,0.0,4e-05
Rishi Raju,6,0.0001,0.0,0.0,4e-05
Kamala De,6,0.0001,0.0,0.0,4e-05
Warda Nagy,6,0.0001,0.0,0.0,4e-05
Neha Singhal,6,0.0001,0.0,0.0,4e-05
Ucchal Sule,7,0.0001,0.0,0.0,4e-05
Anthony Deo,6,0.0001,0.0,0.0,4e-05
Victor Sanghvi,6,0.0001,0.0,0.0,4e-05
Warda Chakrabarti,6,0.0001,0.0,0.0,4e-05
Jacob Chawla,7,0.0001,0.0,0.0,4e-05
Naksh Soman,6,0.0001,0.0,0.0,4e-05
Chaaya Bhattacharyya,7,0.0001,0.0,0.0,4e-05
Faras Thaker,6,0.0001,0.0,0.0,4e-05
Girik Kurian,7,0.0001,0.0,0.0,4e-05
Vansha Garde,7,0.0001,0.0,0.0,4e-05
Vaishnavi Bail,6,0.0001,0.0,0.0,4e-05
Wakeeta Shah,6,0.0001,0.0,0.0,4e-05
Warinder Trivedi,6,0.0001,0.0,0.0,4e-05
Anmol Ramesh,6,0.0001,0.0,0.0,4e-05
Nitesh Shan,6,0.0001,0.0,0.0,4e-05
Anusha Badami,6,0.0001,0.0,0.0,4e-05
Tejas Zachariah,6,0.0001,0.0,0.0,4e-05
Ekapad Sunder,6,0.0001,0.0,0.0,4e-05
Madhavi Hayer,6,0.0001,0.0,0.0,4e-05
Teerth Sathe,6,0.0001,0.0,0.0,4e-05
Zayan Parikh,6,0.0001,0.0,0.0,4e-05
Oeshi Shetty,6,0.0001,0.0,0.0,4e-05
Girik Hayer,6,0.0001,0.0,0.0,4e-05
Samuel Luthra,7,0.0001,0.0,0.0,4e-05
Tristan Keer,6,0.0001,0.0,0.0,4e-05
Oni Bose,6,0.0001,0.0,0.0,4e-05
Reva Barad,6,0.0001,0.0,0.0,4e-05
Wahab Pandey,6,0.0001,0.0,0.0,4e-05
Kashish Suresh,7,0.0001,0.0,0.0,4e-05
Radhika Mangal,6,0.0001,0.0,0.0,4e-05
Aadi Modi,6,0.0001,0.0,0.0,4e-05
Niharika Basu,6,0.0001,0.0,0.0,4e-05
Lavanya Divan,7,0.0001,0.0,0.0,4e-05
Zayan Dani,6,0.0001,0.0,0.0,4e-05
Ridhi Dixit,7,0.0001,0.0,0.0,4e-05
Samesh Sandal,6,0.0001,0.0,0.0,4e-05
Peter Mukhopadhyay,6,0.0001,0.0,0.0,4e-05
Theodore Prashad,6,0.0001,0.0,0.0,4e-05
Samuel Ahluwalia,6,0.0001,0.0,0.0,4e-05
Upma Morar,6,0.0001,0.0,0.0,4e-05
Pooja Chahal,6,0.0001,0.0,0.0,4e-05
Yash Kunda,7,0.0001,0.0,0.0,4e-05
Vedhika Kaul,6,0.0001,0.0,0.0,4e-05
Jason Verma,6,0.0001,0.0,0.0,4e-05
Aarav Kanda,6,0.0001,0.0,0.0,4e-05
Devansh Baral,6,0.0001,0.0,0.0,4e-05
Kiaan Khatri,6,0.0001,0.0,0.0,4e-05
Veer Dass,6,0.0001,0.0,0.0,4e-05
Pooja Sama,6,0.0001,0.0,0.0,4e-05
Kavya Radhakrishnan,7,0.0001,0.0,0.0,4e-05
Udyati Mangat,6,0.0001,0.0,0.0,4e-05
Eshana Tripathi,6,0.0001,0.0,0.0,4e-05
Pooja Tank,6,0.0001,0.0,0.0,4e-05
Siddharth Desai,6,0.0001,0.0,0.0,4e-05
Arya Kaul,6,0.0001,0.0,0.0,4e-05
Ojasvi Sen,7,0.0001,0.0,0.0,4e-05
Aditya Sridhar,6,0.0001,0.0,0.0,4e-05
Charan Mannan,6,0.0001,0.0,0.0,4e-05
Chasmum Hans,6,0.0001,0.0,0.0,4e-05
Harinakshi Kala,6,0.0001,0.0,0.0,4e-05
Leela Din,6,0.0001,0.0,0.0,4e-05
Faris Talwar,6,0.0001,0.0,0.0,4e-05
Patrick Narasimhan,7,0.0001,0.0,0.0,4e-05
Naveen Uppal,6,0.0001,0.0,0.0,4e-05
Vaishnavi Oommen,6,0.0001,0.0,0.0,4e-05
Vinaya Bail,6,0.0001,0.0,0.0,4e-05
Ijaya Nagy,6,0.0001,0.0,0.0,4e-05
Yasti Palla,6,0.0001,0.0,0.0,4e-05
Oviya Sarma,6,0.0001,0.0,0.0,4e-05
Ekta Balay,6,0.0001,0.0,0.0,4e-05
Chatresh Raghavan,6,0.0001,0.0,0.0,4e-05
Jai Varkey,6,0.0001,0.0,0.0,4e-05
Harrison Chand,6,0.0001,0.0,0.0,4e-05
Gunbir Mangat,6,0.0001,0.0,0.0,4e-05
Samar Sridhar,6,0.0001,0.0,0.0,4e-05
Lopa Sarraf,6,0.0001,0.0,0.0,4e-05
Lakshit Mammen,6,0.0001,0.0,0.0,4e-05
Deepa Borra,6,0.0001,0.0,0.0,4e-05
Ganga Kapoor,6,0.0001,0.0,0.0,4e-05
Zinal Sha,6,0.0001,0.0,0.0,4e-05
Aarna Padmanabhan,6,0.0001,0.0,0.0,4e-05
Veda Behl,6,0.0001,0.0,0.0,4e-05
Bhavini Nair,6,0.0001,0.0,0.0,4e-05
Ryan Krishnan,6,0.0001,0.0,0.0,4e-05
Luke Korpal,6,0.0001,0.0,0.0,4e-05
Kalpit Sahni,6,0.0001,0.0,0.0,4e-05
Karan Sawhney,6,0.0001,0.0,0.0,4e-05
Amol Ravi,6,0.0001,0.0,0.0,4e-05
Sanya Kara,6,0.0001,0.0,0.0,4e-05
Harshil Rege,6,0.0001,0.0,0.0,4e-05
Atharv Handa,6,0.0001,0.0,0.0,4e-05
Rachita Goel,6,0.0001,0.0,0.0,4e-05
Sanaya Zachariah,6,0.0001,0.0,0.0,4e-05
Tamanna Sahni,6,0.0001,0.0,0.0,4e-05
Aditya Guha,7,0.0001,0.0,0.0,4e-05
Vivaan Hayre,6,0.0001,0.0,0.0,4e-05
Champak Upadhyay,6,0.0001,0.0,0.0,4e-05
Ucchal Nayar,6,0.0001,0.0,0.0,4e-05
Kabir Shenoy,6,0.0001,0.0,0.0,4e-05
Tanay Srinivasan,6,0.0001,0.0,0.0,4e-05
Tanish Parmer,6,0.0001,0.0,0.0,4e-05
Atharv Nori,6,0.0001,0.0,0.0,4e-05
Patrick Mahal,6,0.0001,0.0,0.0,4e-05
Nimrat Kurian,6,0.0001,0.0,0.0,4e-05
Bhavna Vaidya,7,0.0001,0.0,0.0,4e-05
Alexander Kant,6,0.0001,0.0,0.0,4e-05
Naveen Choudhary,6,0.0001,0.0,0.0,4e-05
Jhalak Chand,6,0.0001,0.0,0.0,4e-05
Mohammed Lall,6,0.0001,0.0,0.0,4e-05
Sarthak Deep,6,0.0001,0.0,0.0,4e-05
Turvi Chauhan,7,0.0001,0.0,0.0,4e-05
Geetika Chakrabarti,6,0.0001,0.0,0.0,4e-05
Urmi Mody,6,0.0001,0.0,0.0,4e-05
Anamika Muni,6,0.0001,0.0,0.0,4e-05
Rachit Butala,6,0.0001,0.0,0.0,4e-05
Wakeeta Sidhu,6,0.0001,0.0,0.0,4e-05
Hema Lad,6,0.0001,0.0,0.0,4e-05
Nisha Sanghvi,6,0.0001,0.0,0.0,4e-05
Avni Sem,6,0.0001,0.0,0.0,4e-05
Udyati Cheema,6,0.0001,0.0,0.0,4e-05
Ikshita Bhargava,6,0.0001,0.0,0.0,4e-05
Aarush Parekh,6,0.0001,0.0,0.0,4e-05
Waida Goda,6,0.0001,0.0,0.0,4e-05
Urmi Srinivas,6,0.0001,0.0,0.0,4e-05
Netra Oommen,6,0.0001,0.0,0.0,4e-05
Yochana Ravi,6,0.0001,0.0,0.0,4e-05
Isaiah Sani,6,0.0001,0.0,0.0,4e-05
Darika Bhatnagar,6,0.0001,0.0,0.0,4e-05
Hiral Bains,6,0.0001,0.0,0.0,4e-05
Nakul Sane,6,0.0001,0.0,0.0,4e-05
Anirudh Sahni,6,0.0001,0.0,0.0,4e-05
Hredhaan Nath,6,0.0001,0.0,0.0,4e-05
Osha Verma,7,0.0001,0.0,0.0,4e-05
Bhavini Dash,6,0.0001,0.0,0.0,4e-05
Lohit Majumdar,6,0.0001,0.0,0.0,4e-05
Deepa Padmanabhan,6,0.0001,0.0,0.0,4e-05
Omya Goel,6,0.0001,0.0,0.0,4e-05
Nitara Gopal,6,0.0001,0.0,0.0,4e-05
Girik Sur,7,0.0001,0.0,0.0,4e-05
Libni Kapur,7,0.0001,0.0,0.0,4e-05
Caleb Tiwari,6,0.0001,0.0,0.0,4e-05
Gaurangi Narayanan,6,0.0001,0.0,0.0,4e-05
Netra Salvi,6,0.0001,0.0,0.0,4e-05
Ekantika Dayal,6,0.0001,0.0,0.0,4e-05
Siya Patla,7,0.0001,0.0,0.0,4e-05
Chanchal Shroff,6,0.0001,0.0,0.0,4e-05
Onkar Dugar,7,0.0001,0.0,0.0,4e-05
Ansh Prabhakar,6,0.0001,0.0,0.0,4e-05
Ira Raju,6,0.0001,0.0,0.0,4e-05
Omkaar Dugar,7,0.0001,0.0,0.0,4e-05
Faris Nigam,6,0.0001,0.0,0.0,4e-05
Jeevika Raghavan,6,0.0001,0.0,0.0,4e-05
Mohini Roy,6,0.0001,0.0,0.0,4e-05
Yug Kaur,6,0.0001,0.0,0.0,4e-05
Victor Raju,6,0.0001,0.0,0.0,4e-05
Max Sathe,6,0.0001,0.0,0.0,4e-05
Elijah Karnik,6,0.0001,0.0,0.0,4e-05
Elijah D’Alia,6,0.0001,0.0,0.0,4e-05
Urvashi Comar,6,0.0001,0.0,0.0,4e-05
Isaac Bhakta,6,0.0001,0.0,0.0,4e-05
Bachittar Chandran,6,0.0001,0.0,0.0,4e-05
Ekbal Jani,6,0.0001,0.0,0.0,4e-05
Bimala Talwar,6,0.0001,0.0,0.0,4e-05
Urishilla Kata,7,0.0001,0.0,0.0,4e-05
Meera Joshi,6,0.0001,0.0,0.0,4e-05
Gabriel Choudhary,6,0.0001,0.0,0.0,4e-05
Vrinda Agate,6,0.0001,0.0,0.0,4e-05
Raagini Arya,6,0.0001,0.0,0.0,4e-05
Kashish Grewal,6,0.0001,0.0,0.0,4e-05
Anya Dey,7,0.0001,0.0,0.0,4e-05
Vaishnavi Chaudhuri,6,0.0001,0.0,0.0,4e-05
Nandini Kibe,6,0.0001,0.0,0.0,4e-05
Lekha Dani,6,0.0001,0.0,0.0,4e-05
Darsh Mukherjee,6,0.0001,0.0,0.0,4e-05
Krishna Subramanian,6,0.0001,0.0,0.0,4e-05
Kalpit Din,6,0.0001,0.0,0.0,4e-05
Irya Bera,7,0.0001,0.0,0.0,4e-05
Jagat Dora,6,0.0001,0.0,0.0,4e-05
Lopa Nadkarni,6,0.0001,0.0,0.0,4e-05
Udyati Ramakrishnan,6,0.0001,0.0,0.0,4e-05
Theodore Basu,6,0.0001,0.0,0.0,4e-05
Yadavi Kumar,6,0.0001,0.0,0.0,4e-05
Yutika Agate,6,0.0001,0.0,0.0,4e-05
Eiravati Sandhu,6,0.0001,0.0,0.0,4e-05
Shravya Misra,7,0.0001,0.0,0.0,4e-05
Tamanna Khanna,6,0.0001,0.0,0.0,4e-05
Barkha Narula,6,0.0001,0.0,0.0,4e-05
Falguni Kibe,6,0.0001,0.0,0.0,4e-05
Nilima Johal,6,0.0001,0.0,0.0,4e-05
Damini Sura,6,0.0001,0.0,0.0,4e-05
Naveen Mannan,7,0.0001,0.0,0.0,4e-05
Indali Prabhu,6,0.0001,0.0,0.0,4e-05
Oeshi Comar,6,0.0001,0.0,0.0,4e-05
Hitesh Rajan,6,0.0001,0.0,0.0,4e-05
Osha Chand,6,0.0001,0.0,0.0,4e-05
Chasmum Sarraf,6,0.0001,0.0,0.0,4e-05
Isaiah Sundaram,6,0.0001,0.0,0.0,4e-05
Irya Kunda,6,0.0001,0.0,0.0,4e-05
Shaurya Viswanathan,6,0.0001,0.0,0.0,4e-05
Jhalak Panchal,6,0.0001,0.0,0.0,4e-05
Hamsini Vala,6,0.0001,0.0,0.0,4e-05
Meera Bala,6,0.0001,0.0,0.0,4e-05
Neelima Gulati,6,0.0001,0.0,0.0,4e-05
Arin Bora,6,0.0001,0.0,0.0,4e-05
Gaurangi Kadakia,6,0.0001,0.0,0.0,4e-05
Pranit Nagarajan,6,0.0001,0.0,0.0,4e-05
Maanav Lanka,6,0.0001,0.0,0.0,4e-05
Gayathri Menon,6,0.0001,0.0,0.0,4e-05
Dhruv Pillai,6,0.0001,0.0,0.0,4e-05
Rachita Radhakrishnan,6,0.0001,0.0,0.0,4e-05
Eta Mitra,6,0.0001,0.0,0.0,4e-05
Riya Walla,6,0.0001,0.0,0.0,4e-05
Lucky Bath,6,0.0001,0.0,0.0,4e-05
Krisha Soman,7,0.0001,0.0,0.0,4e-05
Nikita Sathe,6,0.0001,0.0,0.0,4e-05
Xalak Sahota,6,0.0001,0.0,0.0,4e-05
Qushi Chakrabarti,6,0.0001,0.0,0.0,4e-05
Tristan Ramesh,6,0.0001,0.0,0.0,4e-05
Sanaya Gour,6,0.0001,0.0,0.0,4e-05
Yuvraj Tara,6,0.0001,0.0,0.0,4e-05
Advik Mohan,6,0.0001,0.0,0.0,4e-05
George Balay,6,0.0001,0.0,0.0,4e-05
Falan Suri,6,0.0001,0.0,0.0,4e-05
Ranbir Kala,6,0.0001,0.0,0.0,4e-05
Udarsh Nagy,6,0.0001,0.0,0.0,4e-05
Megha Bir,6,0.0001,0.0,0.0,4e-05
Harsh Jaggi,6,0.0001,0.0,0.0,4e-05
Banjeet Gara,6,0.0001,0.0,0.0,4e-05
Yagnesh Sahni,6,0.0001,0.0,0.0,4e-05
Chandran Hari,6,0.0001,0.0,0.0,4e-05
Vasana Lata,6,0.0001,0.0,0.0,4e-05
Lajita Joshi,7,0.0001,0.0,0.0,4e-05
Gunbir Swaminathan,6,0.0001,0.0,0.0,4e-05
Meera Jain,6,0.0001,0.0,0.0,4e-05
Faras Kala,6,0.0001,0.0,0.0,4e-05
Gagan Guha,6,0.0001,0.0,0.0,4e-05
Ishwar Uppal,6,0.0001,0.0,0.0,4e-05
Urmi Mittal,6,0.0001,0.0,0.0,4e-05
Yatan Misra,6,0.0001,0.0,0.0,4e-05
Ikshita Shanker,6,0.0001,0.0,0.0,4e-05
Ansh Ramachandran,6,0.0001,0.0,0.0,4e-05
Lekha Dalal,6,0.0001,0.0,0.0,4e-05
Orinder Dara,6,0.0001,0.0,0.0,4e-05
Nitesh Ravi,6,0.0001,0.0,0.0,4e-05
Krish Johal,6,0.0001,0.0,0.0,4e-05
Charita Nath,6,0.0001,0.0,0.0,4e-05
Lipika Raval,6,0.0001,0.0,0.0,4e-05
Hamsini Peri,6,0.0001,0.0,0.0,4e-05
Nilima Arora,6,0.0001,0.0,0.0,4e-05
Panini Dhawan,6,0.0001,0.0,0.0,4e-05
Fariq Bawa,6,0.0001,0.0,0.0,4e-05
Nandini Bhatti,6,0.0001,0.0,0.0,4e-05
Wazir Soman,6,0.0001,0.0,0.0,4e-05
Yoshita Modi,6,0.0001,0.0,0.0,4e-05
Maanas Pall,7,0.0001,0.0,0.0,4e-05
Ikbal Sule,6,0.0001,0.0,0.0,4e-05
Girindra Bakshi,6,0.0001,0.0,0.0,4e-05
Viraj Johal,6,0.0001,0.0,0.0,4e-05
Manan Kant,6,0.0001,0.0,0.0,4e-05
Timothy Tailor,6,0.0001,0.0,0.0,4e-05
David Oak,6,0.0001,0.0,0.0,4e-05
Lakshmi Gole,6,0.0001,0.0,0.0,4e-05
Manbir Sachar,6,0.0001,0.0,0.0,4e-05
Tristan Nazareth,6,0.0001,0.0,0.0,4e-05
Kashvi Ganesan,6,0.0001,0.0,0.0,4e-05
Idika Saran,6,0.0001,0.0,0.0,4e-05
Aarnav Kothari,6,0.0001,0.0,0.0,4e-05
Oni Nagi,6,0.0001,0.0,0.0,4e-05
Meghana Sami,6,0.0001,0.0,0.0,4e-05
Omkaar Kanda,6,0.0001,0.0,0.0,4e-05
Jeremiah Mann,6,0.0001,0.0,0.0,4e-05
Diya Comar,6,0.0001,0.0,0.0,4e-05
Megha Zacharia,6,0.0001,0.0,0.0,4e-05
Abdul Reddy,6,0.0001,0.0,0.0,4e-05
Isha Ganguly,6,0.0001,0.0,0.0,4e-05
Triya Keer,7,0.0001,0.0,0.0,4e-05
Mitali Kale,6,0.0001,0.0,0.0,4e-05
Ekani Vyas,7,0.0001,0.0,0.0,4e-05
Jeet Thaman,6,0.0001,0.0,0.0,4e-05
Jagvi Din,6,0.0001,0.0,0.0,4e-05
Charan Agrawal,6,0.0001,0.0,0.0,4e-05
Ishaan Warrior,6,0.0001,0.0,0.0,4e-05
Pranit Dyal,6,0.0001,0.0,0.0,4e-05
Arjun Gade,6,0.0001,0.0,0.0,4e-05
Advaith Ganguly,6,0.0001,0.0,0.0,4e-05
Oviya Hayer,6,0.0001,0.0,0.0,4e-05
Qarin Dhawan,6,0.0001,0.0,0.0,4e-05
Ekapad Narain,6,0.0001,0.0,0.0,4e-05
Ganga Goel,7,0.0001,0.0,0.0,4e-05
Azaan Wagle,6,0.0001,0.0,0.0,4e-05
Arjun Singh,6,0.0001,0.0,0.0,4e-05
Darpan Wali,6,0.0001,0.0,0.0,4e-05
Teerth Bhatti,6,0.0001,0.0,0.0,4e-05
Abdul Dara,6,0.0001,0.0,0.0,4e-05
Falguni Borde,6,0.0001,0.0,0.0,4e-05
Zilmil Desai,6,0.0001,0.0,0.0,4e-05
Zaitra Bhandari,6,0.0001,0.0,0.0,4e-05
Sara Sami,7,0.0001,0.0,0.0,4e-05
Theodore Vasa,6,0.0001,0.0,0.0,4e-05
Baljiwan Prakash,6,0.0001,0.0,0.0,4e-05
Champak Oza,6,0.0001,0.0,0.0,4e-05
Omya Pingle,6,0.0001,0.0,0.0,4e-05
Ishita Shere,6,0.0001,0.0,0.0,4e-05
Jagat Hora,6,0.0001,0.0,0.0,4e-05
Sarthak Loyal,6,0.0001,0.0,0.0,4e-05
Dhriti Kapadia,6,0.0001,0.0,0.0,4e-05
Advaith Walla,6,0.0001,0.0,0.0,4e-05
Garima Kant,6,0.0001,0.0,0.0,4e-05
Hema Basu,6,0.0001,0.0,0.0,4e-05
Shivani Tripathi,6,0.0001,0.0,0.0,4e-05
Vasatika Dutt,6,0.0001,0.0,0.0,4e-05
Zarna Magar,7,0.0001,0.0,0.0,4e-05
Vamakshi Chaudhry,6,0.0001,0.0,0.0,4e-05
Zarna Edwin,6,0.0001,0.0,0.0,4e-05
Gaurang Vig,6,0.0001,0.0,0.0,4e-05
Jagat Jha,6,0.0001,0.0,0.0,4e-05
Fiyaz Raval,6,0.0001,0.0,0.0,4e-05
Dhruv Rout,7,0.0001,0.0,0.0,4e-05
Warhi Thakkar,7,0.0001,0.0,0.0,4e-05
Frederick Oak,6,0.0001,0.0,0.0,4e-05
Chakradhar Bahl,6,0.0001,0.0,0.0,4e-05
Janaki Manne,6,0.0001,0.0,0.0,4e-05
Mitesh Baral,7,0.0001,0.0,0.0,4e-05
Onkar Tella,6,0.0001,0.0,0.0,4e-05
Dominic Deep,6,0.0001,0.0,0.0,4e-05
Jagvi Mutti,6,0.0001,0.0,0.0,4e-05
Chanakya Nadkarni,6,0.0001,0.0,0.0,4e-05
Nathaniel Zachariah,6,0.0001,0.0,0.0,4e-05
Barkha Setty,6,0.0001,0.0,0.0,4e-05
Amrita Natt,6,0.0001,0.0,0.0,4e-05
Kamala Sarma,7,0.0001,0.0,0.0,4e-05
Sai Pandya,6,0.0001,0.0,0.0,4e-05
Xavier Dhar,6,0.0001,0.0,0.0,4e-05
Lohit Rattan,6,0.0001,0.0,0.0,4e-05
Finn Johal,6,0.0001,0.0,0.0,4e-05
Ekiya Kumer,6,0.0001,0.0,0.0,4e-05
Qabil Hans,6,0.0001,0.0,0.0,4e-05
Hemangini Raja,6,0.0001,0.0,0.0,4e-05
Anirudh Minhas,6,0.0001,0.0,0.0,4e-05
Varenya Dua,7,0.0001,0.0,0.0,4e-05
Maanav Nath,6,0.0001,0.0,0.0,4e-05
Bakhshi Tella,6,0.0001,0.0,0.0,4e-05
Vedika Sundaram,6,0.0001,0.0,0.0,4e-05
Sai Dayal,7,0.0001,0.0,0.0,4e-05
Anvi Thakur,6,0.0001,0.0,0.0,4e-05
Frederick Bail,7,0.0001,0.0,0.0,4e-05
Zaid Luthra,6,0.0001,0.0,0.0,4e-05
Pallavi Goswami,6,0.0001,0.0,0.0,4e-05
Ishwar Srinivas,6,0.0001,0.0,0.0,4e-05
Lajita Ravi,6,0.0001,0.0,0.0,4e-05
Dominic Dhawan,7,0.0001,0.0,0.0,4e-05
Ayush Bhalla,6,0.0001,0.0,0.0,4e-05
Edhitha Dada,6,0.0001,0.0,0.0,4e-05
Wridesh Rai,6,0.0001,0.0,0.0,4e-05
Avni Banik,6,0.0001,0.0,0.0,4e-05
Vamakshi Kuruvilla,6,0.0001,0.0,0.0,4e-05
Ishita Verma,6,0.0001,0.0,0.0,4e-05
Siya Narang,6,0.0001,0.0,0.0,4e-05
Ekavir Sagar,6,0.0001,0.0,0.0,4e-05
Ladli Mani,6,0.0001,0.0,0.0,4e-05
Yashica Malhotra,6,0.0001,0.0,0.0,4e-05
Indali Parsa,6,0.0001,0.0,0.0,4e-05
Divya Singhal,6,0.0001,0.0,0.0,4e-05
Sara Dhaliwal,6,0.0001,0.0,0.0,4e-05
Jatin Mall,6,0.0001,0.0,0.0,4e-05
Tamanna Singh,6,0.0001,0.0,0.0,4e-05
Aarnav Mander,6,0.0001,0.0,0.0,4e-05
Daniel Tandon,6,0.0001,0.0,0.0,4e-05
Logan Sharma,6,0.0001,0.0,0.0,4e-05
Pavani Chakraborty,6,0.0001,0.0,0.0,4e-05
Yoshita Johal,6,0.0001,0.0,0.0,4e-05
Daksh Viswanathan,6,0.0001,0.0,0.0,4e-05
Logan Chaudhari,6,0.0001,0.0,0.0,4e-05
Krish Bhagat,6,0.0001,0.0,0.0,4e-05
Rachit Jaggi,6,0.0001,0.0,0.0,4e-05
Anika Butala,6,0.0001,0.0,0.0,4e-05
Zashil Parmar,6,0.0001,0.0,0.0,4e-05
Aarush Ahuja,6,0.0001,0.0,0.0,4e-05
Watika Sem,6,0.0001,0.0,0.0,4e-05
Reyansh Bal,6,0.0001,0.0,0.0,4e-05
Onkar Gokhale,6,0.0001,0.0,0.0,4e-05
Harish Merchant,6,0.0001,0.0,0.0,4e-05
Finn Sheth,6,0.0001,0.0,0.0,4e-05
Ganga Saxena,6,0.0001,0.0,0.0,4e-05
Ekansh Padmanabhan,6,0.0001,0.0,0.0,4e-05
Tanveer Suri,6,0.0001,0.0,0.0,4e-05
Charvi Nagi,6,0.0001,0.0,0.0,4e-05
Zinal Mallick,6,0.0001,0.0,0.0,4e-05
Zashil Gupta,6,0.0001,0.0,0.0,4e-05
Samarth Pau,6,0.0001,0.0,0.0,4e-05
Kamya Lal,6,0.0001,0.0,0.0,4e-05
Wishi Roy,6,0.0001,0.0,0.0,4e-05
Aishani Jain,6,0.0001,0.0,0.0,4e-05
Tara Palan,6,0.0001,0.0,0.0,4e-05
Ladli Bansal,6,0.0001,0.0,0.0,4e-05
Harini Puri,6,0.0001,0.0,0.0,4e-05
Nathaniel Buch,6,0.0001,0.0,0.0,4e-05
Andrew Chakraborty,6,0.0001,0.0,0.0,4e-05
Abeer Hans,6,0.0001,0.0,0.0,4e-05
Raksha Arya,6,0.0001,0.0,0.0,4e-05
Jonathan Bhattacharyya,6,0.0001,0.0,0.0,4e-05
Ranveer Bawa,6,0.0001,0.0,0.0,4e-05
Warinder Raman,6,0.0001,0.0,0.0,4e-05
Reyansh Bhat,6,0.0001,0.0,0.0,4e-05
Nirja Bhardwaj,6,0.0001,0.0,0.0,4e-05
Rachana Chandran,6,0.0001,0.0,0.0,4e-05
Advaith Bhat,6,0.0001,0.0,0.0,4e-05
Utkarsh Bakshi,6,0.0001,0.0,0.0,4e-05
Brinda Bahri,6,0.0001,0.0,0.0,4e-05
Jalsa Bakshi,6,0.0001,0.0,0.0,4e-05
Reva Muni,6,0.0001,0.0,0.0,4e-05
Bahadurjit Hari,6,0.0001,0.0,0.0,4e-05
Ladli Mittal,6,0.0001,0.0,0.0,4e-05
Umang Rajagopalan,7,0.0001,0.0,0.0,4e-05
Gautami Bajwa,7,0.0001,0.0,0.0,4e-05
Aishani Rau,6,0.0001,0.0,0.0,4e-05
Advika Chaudhary,6,0.0001,0.0,0.0,4e-05
Aadhya Lalla,6,0.0001,0.0,0.0,4e-05
Nihal Gole,6,0.0001,0.0,0.0,4e-05
Warhi Grewal,7,0.0001,0.0,0.0,4e-05
Warinder Wadhwa,6,0.0001,0.0,0.0,4e-05
Garima Ghose,6,0.0001,0.0,0.0,4e-05
Vamakshi Mukhopadhyay,6,0.0001,0.0,0.0,4e-05
Chameli Mall,6,0.0001,0.0,0.0,4e-05
Akshay Saraf,7,0.0001,0.0,0.0,4e-05
Harrison Bora,6,0.0001,0.0,0.0,4e-05
Advaith Tripathi,7,0.0001,0.0,0.0,4e-05
Ethan Rout,6,0.0001,0.0,0.0,4e-05
Vamakshi Maharaj,6,0.0001,0.0,0.0,4e-05
Atharv Shetty,6,0.0001,0.0,0.0,4e-05
Bishakha Pradhan,6,0.0001,0.0,0.0,4e-05
Yatin More,6,0.0001,0.0,0.0,4e-05
Chakradev Pingle,6,0.0001,0.0,0.0,4e-05
Ekta Jain,6,0.0001,0.0,0.0,4e-05
Alka Mital,7,0.0001,0.0,0.0,4e-05
Krish Nath,6,0.0001,0.0,0.0,4e-05
Chandran Oommen,6,0.0001,0.0,0.0,4e-05
Ridhi Khatri,6,0.0001,0.0,0.0,4e-05
Agastya Bhavsar,6,0.0001,0.0,0.0,4e-05
Kashvi Raval,6,0.0001,0.0,0.0,4e-05
Edhitha Sachar,6,0.0001,0.0,0.0,4e-05
Jagat Khanna,6,0.0001,0.0,0.0,4e-05
Qadim Sheth,6,0.0001,0.0,0.0,4e-05
Madhav Sane,6,0.0001,0.0,0.0,4e-05
Gaurangi Viswanathan,6,0.0001,0.0,0.0,4e-05
Patrick Mannan,6,0.0001,0.0,0.0,4e-05
Shivansh Shukla,6,0.0001,0.0,0.0,4e-05
Anirudh Anne,6,0.0001,0.0,0.0,4e-05
Ishita Borra,6,0.0001,0.0,0.0,4e-05
Ishanvi Sastry,7,0.0001,0.0,0.0,4e-05
Urmi Doctor,7,0.0001,0.0,0.0,4e-05
Mitesh Krishnamurthy,6,0.0001,0.0,0.0,4e-05
Advika Sen,6,0.0001,0.0,0.0,4e-05
Oeshi Dash,6,0.0001,0.0,0.0,4e-05
Ansh Walla,6,0.0001,0.0,0.0,4e-05
Wishi Buch,7,0.0001,0.0,0.0,4e-05
Waida Gaba,6,0.0001,0.0,0.0,4e-05
Gautam Rao,6,0.0001,0.0,0.0,4e-05
Dalaja Tara,6,0.0001,0.0,0.0,4e-05
Chandresh Gaba,6,0.0001,0.0,0.0,4e-05
Maanav Kala,6,0.0001,0.0,0.0,4e-05
Eiravati Ratti,6,0.0001,0.0,0.0,4e-05
Gavin Seth,6,0.0001,0.0,0.0,4e-05
Rachit Mammen,6,0.0001,0.0,0.0,4e-05
Ishaan Balay,6,0.0001,0.0,0.0,4e-05
Vasatika Majumdar,6,0.0001,0.0,0.0,4e-05
Sachi Kara,6,0.0001,0.0,0.0,4e-05
William Varty,6,0.0001,0.0,0.0,4e-05
Gaurav Keer,6,0.0001,0.0,0.0,4e-05
Anirudh Sampath,6,0.0001,0.0,0.0,4e-05
Anjali Das,6,0.0001,0.0,0.0,4e-05
Gopal Sengupta,6,0.0001,0.0,0.0,4e-05
Radhika Minhas,6,0.0001,0.0,0.0,4e-05
Bakhshi Chhabra,6,0.0001,0.0,0.0,4e-05
Akshay Sama,6,0.0001,0.0,0.0,4e-05
Harish Purohit,6,0.0001,0.0,0.0,4e-05
Liam Chanda,7,0.0001,0.0,0.0,4e-05
Naksh Sawhney,7,0.0001,0.0,0.0,4e-05
Manan Andra,6,0.0001,0.0,0.0,4e-05
Ranveer Choudhury,6,0.0001,0.0,0.0,4e-05
Nathan Sani,6,0.0001,0.0,0.0,4e-05
Panini Dhar,6,0.0001,0.0,0.0,4e-05
Yashasvi Rege,6,0.0001,0.0,0.0,4e-05
Jeevika Panchal,6,0.0001,0.0,0.0,4e-05
Ekansh Baria,7,0.0001,0.0,0.0,4e-05
Ria Gera,6,0.0001,0.0,0.0,4e-05
Raksha Chahal,6,0.0001,0.0,0.0,4e-05
Jairaj Puri,6,0.0001,0.0,0.0,4e-05
Indali Modi,6,0.0001,0.0,0.0,4e-05
Neelima Prakash,6,0.0001,0.0,0.0,4e-05
Chaman Jaggi,6,0.0001,0.0,0.0,4e-05
Shivani Natarajan,6,0.0001,0.0,0.0,4e-05
Abhiram Vohra,7,0.0001,0.0,0.0,4e-05
Pranav Bandi,6,0.0001,0.0,0.0,4e-05
Ekapad Kanda,6,0.0001,0.0,0.0,4e-05
Dakshesh Natt,6,0.0001,0.0,0.0,4e-05
Yashasvi Pal,6,0.0001,0.0,0.0,4e-05
Chatura Misra,6,0.0001,0.0,0.0,4e-05
Januja Ravel,6,0.0001,0.0,0.0,4e-05
Chaitaly Bahri,7,0.0001,0.0,0.0,4e-05
Oeshi Kala,6,0.0001,0.0,0.0,4e-05
Jason Shetty,6,0.0001,0.0,0.0,4e-05
Hemani Nath,6,0.0001,0.0,0.0,4e-05
Kabir Dua,6,0.0001,0.0,0.0,4e-05
Arjun Bhalla,6,0.0001,0.0,0.0,4e-05
Neel Rajan,6,0.0001,0.0,0.0,4e-05
Hredhaan Brahmbhatt,6,0.0001,0.0,0.0,4e-05
Dhriti Palan,6,0.0001,0.0,0.0,4e-05
Zansi Wagle,6,0.0001,0.0,0.0,4e-05
Ubika Raval,6,0.0001,0.0,0.0,4e-05
Aditya Bassi,6,0.0001,0.0,0.0,4e-05
Mohammed Taneja,6,0.0001,0.0,0.0,4e-05
Owen Badami,6,0.0001,0.0,0.0,4e-05
Jeevika Bakshi,6,0.0001,0.0,0.0,4e-05
Ubika Bhagat,7,0.0001,0.0,0.0,4e-05
Sarthak Johal,6,0.0001,0.0,0.0,4e-05
Suhani Panchal,6,0.0001,0.0,0.0,4e-05
Theodore Hari,6,0.0001,0.0,0.0,4e-05
Brinda Bhagat,6,0.0001,0.0,0.0,4e-05
Dakshesh Hayre,6,0.0001,0.0,0.0,4e-05
Azad Mangat,6,0.0001,0.0,0.0,4e-05
Eshana Toor,7,0.0001,0.0,0.0,4e-05
Balendra Sawhney,6,0.0001,0.0,0.0,4e-05
Eta Yogi,6,0.0001,0.0,0.0,4e-05
Qabil Pradhan,6,0.0001,0.0,0.0,4e-05
Yadavi Om,7,0.0001,0.0,0.0,4e-05
Jagrati Wali,6,0.0001,0.0,0.0,4e-05
Anirudh Shere,6,0.0001,0.0,0.0,4e-05
Tamanna Srinivasan,6,0.0001,0.0,0.0,4e-05
Yasti Venkataraman,7,0.0001,0.0,0.0,4e-05
Yashodhara Kashyap,6,0.0001,0.0,0.0,4e-05
Yatin Batta,6,0.0001,0.0,0.0,4e-05
Ishaan Barman,6,0.0001,0.0,0.0,4e-05
Deepa Natarajan,6,0.0001,0.0,0.0,4e-05
Turvi Johal,6,0.0001,0.0,0.0,4e-05
Advay Mutti,6,0.0001,0.0,0.0,4e-05
Yash Gole,6,0.0001,0.0,0.0,4e-05
Hemal Yogi,7,0.0001,0.0,0.0,4e-05
Ladli Kalla,7,0.0001,0.0,0.0,4e-05
Arin Konda,6,0.0001,0.0,0.0,4e-05
Chanchal Apte,6,0.0001,0.0,0.0,4e-05
Ira Master,7,0.0001,0.0,0.0,4e-05
Rachana Sood,6,0.0001,0.0,0.0,4e-05
Neelima Kunda,6,0.0001,0.0,0.0,4e-05
Anay Bera,6,0.0001,0.0,0.0,4e-05
Ayushman Gupta,6,0.0001,0.0,0.0,4e-05
Vincent Batta,7,0.0001,0.0,0.0,4e-05
Falan Devi,6,0.0001,0.0,0.0,4e-05
Yachana Varty,6,0.0001,0.0,0.0,4e-05
Warhi Narula,6,0.0001,0.0,0.0,4e-05
Nikita Shah,6,0.0001,0.0,0.0,4e-05
Upkaar Seshadri,6,0.0001,0.0,0.0,4e-05
Chaaya Sanghvi,6,0.0001,0.0,0.0,4e-05
Krish Wali,6,0.0001,0.0,0.0,4e-05
Janani Mammen,7,0.0001,0.0,0.0,4e-05
Kashvi Sheth,6,0.0001,0.0,0.0,4e-05
Lavanya Sandhu,6,0.0001,0.0,0.0,4e-05
Aadi Thaman,7,0.0001,0.0,0.0,4e-05
Adya Kuruvilla,6,0.0001,0.0,0.0,4e-05
Karan Barman,6,0.0001,0.0,0.0,4e-05
Aishani Ganesan,7,0.0001,0.0,0.0,4e-05
Xalak Nagy,6,0.0001,0.0,0.0,4e-05
Gaurav Aggarwal,6,0.0001,0.0,0.0,4e-05
Parth Bali,6,0.0001,0.0,0.0,4e-05
Arya Bose,6,0.0001,0.0,0.0,4e-05
Deepa Barman,6,0.0001,0.0,0.0,4e-05
Ubika Bhatt,6,0.0001,0.0,0.0,4e-05
Wyatt Ramanathan,7,0.0001,0.0,0.0,4e-05
Vrinda Tella,6,0.0001,0.0,0.0,4e-05
Prisha Kalita,6,0.0001,0.0,0.0,4e-05
Abhiram Srinivasan,6,0.0001,0.0,0.0,4e-05
Neelima Savant,6,0.0001,0.0,0.0,4e-05
Hemal Chowdhury,6,0.0001,0.0,0.0,4e-05
Onveer Grewal,6,0.0001,0.0,0.0,4e-05
Veer Gopal,6,0.0001,0.0,0.0,4e-05
Sathvik Chatterjee,6,0.0001,0.0,0.0,4e-05
Urishilla Bali,6,0.0001,0.0,0.0,4e-05
Imaran Saraf,6,0.0001,0.0,0.0,4e-05
Amara Purohit,6,0.0001,0.0,0.0,4e-05
Siddharth Bassi,6,0.0001,0.0,0.0,4e-05
Bina Goswami,6,0.0001,0.0,0.0,4e-05
Yug Lad,6,0.0001,0.0,0.0,4e-05
Chakradhar Gopal,6,0.0001,0.0,0.0,4e-05
Baghyawati Goswami,6,0.0001,0.0,0.0,4e-05
Vidhi Barman,6,0.0001,0.0,0.0,4e-05
Yashvi Krish,6,0.0001,0.0,0.0,4e-05
Oliver Seshadri,6,0.0001,0.0,0.0,4e-05
Rishi Mittal,6,0.0001,0.0,0.0,4e-05
Teerth Dora,6,0.0001,0.0,0.0,4e-05
Kevin Bajwa,7,0.0001,0.0,0.0,4e-05
Jacob Behl,6,0.0001,0.0,0.0,4e-05
Ayush Sachdev,6,0.0001,0.0,0.0,4e-05
Ekbal Pai,6,0.0001,0.0,0.0,4e-05
Prisha Viswanathan,6,0.0001,0.0,0.0,4e-05
Rachit Kanda,6,0.0001,0.0,0.0,4e-05
Janaki Kar,7,0.0001,0.0,0.0,4e-05
Yachana Loke,6,0.0001,0.0,0.0,4e-05
Lakshit Morar,6,0.0001,0.0,0.0,4e-05
Eshana Khanna,6,0.0001,0.0,0.0,4e-05
Owen Keer,6,0.0001,0.0,0.0,4e-05
Champak Gaba,6,0.0001,0.0,0.0,4e-05
Yashawini Dugar,6,0.0001,0.0,0.0,4e-05
Kai Edwin,6,0.0001,0.0,0.0,4e-05
Lajita Modi,6,0.0001,0.0,0.0,4e-05
Ronith Sami,6,0.0001,0.0,0.0,4e-05
Baljiwan Keer,6,0.0001,0.0,0.0,4e-05
Qabil Jhaveri,6,0.0001,0.0,0.0,4e-05
Jatin Dasgupta,6,0.0001,0.0,0.0,4e-05
Jeet Minhas,6,0.0001,0.0,0.0,4e-05
Divya Chauhan,6,0.0001,0.0,0.0,4e-05
Lucky Prasad,6,0.0001,0.0,0.0,4e-05
Bina Mandal,6,0.0001,0.0,0.0,4e-05
Charan Brar,6,0.0001,0.0,0.0,4e-05
Hema Walia,7,0.0001,0.0,0.0,4e-05
Yash Choudhry,6,0.0001,0.0,0.0,4e-05
Amrita Iyer,6,0.0001,0.0,0.0,4e-05
Eta Kala,6,0.0001,0.0,0.0,4e-05
Oliver Karan,6,0.0001,0.0,0.0,4e-05
Jackson Kalla,6,0.0001,0.0,0.0,4e-05
Jeremiah Chand,6,0.0001,0.0,0.0,4e-05
Ishaan Solanki,6,0.0001,0.0,0.0,4e-05
Saanvi Merchant,6,0.0001,0.0,0.0,4e-05
Meghana Dasgupta,6,0.0001,0.0,0.0,4e-05
Harrison Morar,6,0.0001,0.0,0.0,4e-05
Lipika Issac,6,0.0001,0.0,0.0,4e-05
Omaja Das,6,0.0001,0.0,0.0,4e-05
Ayaan Borra,6,0.0001,0.0,0.0,4e-05
Bishakha Pathak,6,0.0001,0.0,0.0,4e-05
Karan Prakash,6,0.0001,0.0,0.0,4e-05
Suhani Bedi,6,0.0001,0.0,0.0,4e-05
Vidhi Sagar,7,0.0001,0.0,0.0,4e-05
Rachita Kalita,6,0.0001,0.0,0.0,4e-05
Anirudh Khosla,6,0.0001,0.0,0.0,4e-05
Ekalinga Patil,6,0.0001,0.0,0.0,4e-05
Yachana Gade,6,0.0001,0.0,0.0,4e-05
Pratyush Srinivasan,6,0.0001,0.0,0.0,4e-05
Samesh Swamy,7,0.0001,0.0,0.0,4e-05
Yoshita Sodhi,6,0.0001,0.0,0.0,4e-05
Damini Majumdar,6,0.0001,0.0,0.0,4e-05
Adweta Raghavan,6,0.0001,0.0,0.0,4e-05
Pallavi Vaidya,6,0.0001,0.0,0.0,4e-05
Ishaan Sant,6,0.0001,0.0,0.0,4e-05
Ishwar Pathak,6,0.0001,0.0,0.0,4e-05
Jagat Dara,6,0.0001,0.0,0.0,4e-05
Darsh Uppal,6,0.0001,0.0,0.0,4e-05
Nitesh Dada,6,0.0001,0.0,0.0,4e-05
Dayamai Chandran,6,0.0001,0.0,0.0,4e-05
Adweta Bhatt,6,0.0001,0.0,0.0,4e-05
Kavya Bhatti,6,0.0001,0.0,0.0,4e-05
Gabriel Rana,6,0.0001,0.0,0.0,4e-05
Radhika Lad,7,0.0001,0.0,0.0,4e-05
Chandani Arora,6,0.0001,0.0,0.0,4e-05
Kamya Barad,6,0.0001,0.0,0.0,4e-05
Geetika Sethi,6,0.0001,0.0,0.0,4e-05
Radha Barad,6,0.0001,0.0,0.0,4e-05
Madhav Modi,6,0.0001,0.0,0.0,4e-05
Nidhi Chaudry,6,0.0001,0.0,0.0,4e-05
Anya Ratta,6,0.0001,0.0,0.0,4e-05
Diya Thaker,6,0.0001,0.0,0.0,4e-05
Peter Kant,6,0.0001,0.0,0.0,4e-05
Manan Bala,6,0.0001,0.0,0.0,4e-05
Abha Nagar,6,0.0001,0.0,0.0,4e-05
Samuel Sinha,6,0.0001,0.0,0.0,4e-05
Caleb Solanki,6,0.0001,0.0,0.0,4e-05
Lopa Vora,6,0.0001,0.0,0.0,4e-05
Pavani Sengupta,6,0.0001,0.0,0.0,4e-05
Mekhala Sibal,6,0.0001,0.0,0.0,4e-05
Abha Din,6,0.0001,0.0,0.0,4e-05
Krisha Halder,6,0.0001,0.0,0.0,4e-05
Darika Wable,6,0.0001,0.0,0.0,4e-05
Adya Sharma,6,0.0001,0.0,0.0,4e-05
Sanaya Dora,7,0.0001,0.0,0.0,4e-05
Aradhana Bir,6,0.0001,0.0,0.0,4e-05
Aachal Ramesh,6,0.0001,0.0,0.0,4e-05
Zinal Kala,6,0.0001,0.0,0.0,4e-05
Atharv Nagar,7,0.0001,0.0,0.0,4e-05
Naksh Morar,6,0.0001,0.0,0.0,4e-05
Matthew Hans,6,0.0001,0.0,0.0,4e-05
Ladli Mishra,6,0.0001,0.0,0.0,4e-05
Anika Shroff,6,0.0001,0.0,0.0,4e-05
Tanay Mukherjee,7,0.0001,0.0,0.0,4e-05
Samar Shukla,6,0.0001,0.0,0.0,4e-05
Urmi Acharya,6,0.0001,0.0,0.0,4e-05
Pushti Mangal,6,0.0001,0.0,0.0,4e-05
Dalbir Memon,6,0.0001,0.0,0.0,4e-05
Priya Gola,6,0.0001,0.0,0.0,4e-05
Noah Buch,6,0.0001,0.0,0.0,4e-05
Victor Kalla,6,0.0001,0.0,0.0,4e-05
Samar Talwar,6,0.0001,0.0,0.0,4e-05
Mohini Tripathi,6,0.0001,0.0,0.0,4e-05
Neha Tata,6,0.0001,0.0,0.0,4e-05
Chakradev Sangha,6,0.0001,0.0,0.0,4e-05
Vritti Rama,6,0.0001,0.0,0.0,4e-05
Mohammed Bhardwaj,6,0.0001,0.0,0.0,4e-05
Raghav Master,6,0.0001,0.0,0.0,4e-05
Daniel Sheth,6,0.0001,0.0,0.0,4e-05
Divya Parmer,6,0.0001,0.0,0.0,4e-05
Nirja Palan,6,0.0001,0.0,0.0,4e-05
Omisha Chandra,6,0.0001,0.0,0.0,4e-05
Rudra Chaudry,6,0.0001,0.0,0.0,4e-05
Udant Tata,6,0.0001,0.0,0.0,4e-05
Adya Sama,6,0.0001,0.0,0.0,4e-05
Keya Mistry,7,0.0001,0.0,0.0,4e-05
Inaya Pai,6,0.0001,0.0,0.0,4e-05
Damini Gour,6,0.0001,0.0,0.0,4e-05
Bhavna Kala,6,0.0001,0.0,0.0,4e-05
Nachiket Shenoy,6,0.0001,0.0,0.0,4e-05
Vrishti Rana,7,0.0001,0.0,0.0,4e-05
Vrishti Mitter,6,0.0001,0.0,0.0,4e-05
Bahadurjit Bains,7,0.0001,0.0,0.0,4e-05
Lipika Kota,6,0.0001,0.0,0.0,4e-05
Jairaj Barad,6,0.0001,0.0,0.0,4e-05
Vanya Anand,6,0.0001,0.0,0.0,4e-05
Michael Saha,6,0.0001,0.0,0.0,4e-05
Charan Varughese,7,0.0001,0.0,0.0,4e-05
Yamini Ray,6,0.0001,0.0,0.0,4e-05
Kalpit Rege,6,0.0001,0.0,0.0,4e-05
Damyanti Hora,6,0.0001,0.0,0.0,4e-05
George Chanda,6,0.0001,0.0,0.0,4e-05
Ekavir Chokshi,6,0.0001,0.0,0.0,4e-05
Nachiket Ram,6,0.0001,0.0,0.0,4e-05
Chaitaly Pant,7,0.0001,0.0,0.0,4e-05
Meghana Krish,6,0.0001,0.0,0.0,4e-05
Triveni Boase,6,0.0001,0.0,0.0,4e-05
Upadhriti Dutta,6,0.0001,0.0,0.0,4e-05
Urmi Bhardwaj,6,0.0001,0.0,0.0,4e-05
Tanish Singhal,6,0.0001,0.0,0.0,4e-05
Krishna Goel,6,0.0001,0.0,0.0,4e-05
Girish Mand,6,0.0001,0.0,0.0,4e-05
Urishilla Bhagat,6,0.0001,0.0,0.0,4e-05
Kai Solanki,6,0.0001,0.0,0.0,4e-05
Oliver Chandran,6,0.0001,0.0,0.0,4e-05
Omkaar Nayak,6,0.0001,0.0,0.0,4e-05
Gavin Parsa,6,0.0001,0.0,0.0,4e-05
Aarav Johal,6,0.0001,0.0,0.0,4e-05
Nathaniel Nair,6,0.0001,0.0,0.0,4e-05
Tripti Tata,6,0.0001,0.0,0.0,4e-05
Widisha Bhardwaj,6,0.0001,0.0,0.0,4e-05
Mason Zachariah,7,0.0001,0.0,0.0,4e-05
Ronith Raja,7,0.0001,0.0,0.0,4e-05
Tarak Raval,6,0.0001,0.0,0.0,4e-05
Anita Chander,6,0.0001,0.0,0.0,4e-05
Ria Seth,6,0.0001,0.0,0.0,4e-05
Kashish Bhalla,6,0.0001,0.0,0.0,4e-05
Naveen Bhatnagar,6,0.0001,0.0,0.0,4e-05
Sara Natt,6,0.0001,0.0,0.0,4e-05
Jackson Khosla,6,0.0001,0.0,0.0,4e-05
Agastya Ramakrishnan,6,0.0001,0.0,0.0,4e-05
Ishita Mane,6,0.0001,0.0,0.0,4e-05
Anjali Anand,6,0.0001,0.0,0.0,4e-05
Wridesh Shenoy,7,0.0001,0.0,0.0,4e-05
Radha Mahal,7,0.0001,0.0,0.0,4e-05
Gautam Dugal,6,0.0001,0.0,0.0,4e-05
Tripti Shan,6,0.0001,0.0,0.0,4e-05
Jatin Goda,6,0.0001,0.0,0.0,4e-05
Pahal Parsa,6,0.0001,0.0,0.0,4e-05
Benjamin Bose,6,0.0001,0.0,0.0,4e-05
Ishwar Garg,6,0.0001,0.0,0.0,4e-05
Dakshesh Halder,6,0.0001,0.0,0.0,4e-05
Ayaan Jaggi,6,0.0001,0.0,0.0,4e-05
Gaurangi Amble,6,0.0001,0.0,0.0,4e-05
Vamakshi Master,6,0.0001,0.0,0.0,4e-05
Dayita Narayanan,7,0.0001,0.0,0.0,4e-05
Nathaniel Wali,6,0.0001,0.0,0.0,4e-05
Xiti Chandra,6,0.0001,0.0,0.0,4e-05
Saanvi Chaudhuri,7,0.0001,0.0,0.0,4e-05
Januja Rai,6,0.0001,0.0,0.0,4e-05
Oliver Dugal,6,0.0001,0.0,0.0,4e-05
Jairaj Mohanty,6,0.0001,0.0,0.0,4e-05
Nitesh Varty,6,0.0001,0.0,0.0,4e-05
Garima Sane,6,0.0001,0.0,0.0,4e-05
Oni Aurora,6,0.0001,0.0,0.0,4e-05
Pushti Soni,6,0.0001,0.0,0.0,4e-05
Jason Mittal,7,0.0001,0.0,0.0,4e-05
Avni Rana,6,0.0001,0.0,0.0,4e-05
Jacob Goel,6,0.0001,0.0,0.0,4e-05
Zehaan Choudhry,6,0.0001,0.0,0.0,4e-05
Riya Korpal,6,0.0001,0.0,0.0,4e-05
Isaac Rajagopal,6,0.0001,0.0,0.0,4e-05
Rishi Butala,6,0.0001,0.0,0.0,4e-05
Ayaan Murty,7,0.0001,0.0,0.0,4e-05
Saksham Ram,6,0.0001,0.0,0.0,4e-05
Abha Mital,6,0.0001,0.0,0.0,4e-05
Vaishnavi Madan,6,0.0001,0.0,0.0,4e-05
Vanya Bhattacharyya,6,0.0001,0.0,0.0,4e-05
Urvashi Sundaram,6,0.0001,0.0,0.0,4e-05
Janaki Ravel,7,0.0001,0.0,0.0,4e-05
Indali Bobal,6,0.0001,0.0,0.0,4e-05
Nandini Singh,6,0.0001,0.0,0.0,4e-05
Ronith Palla,7,0.0001,0.0,0.0,4e-05
Champak Bumb,7,0.0001,0.0,0.0,4e-05
Indira Yohannan,6,0.0001,0.0,0.0,4e-05
Yasti Das,7,0.0001,0.0,0.0,4e-05
Vihaan Brahmbhatt,6,0.0001,0.0,0.0,4e-05
Idika Kant,6,0.0001,0.0,0.0,4e-05
Jairaj Madan,6,0.0001,0.0,0.0,4e-05
Fariq Arora,6,0.0001,0.0,0.0,4e-05
Mason Bali,6,0.0001,0.0,0.0,4e-05
Yatin Bahl,6,0.0001,0.0,0.0,4e-05
Aayush Shenoy,6,0.0001,0.0,0.0,4e-05
Abha Chakrabarti,6,0.0001,0.0,0.0,4e-05
Ekansh Sangha,6,0.0001,0.0,0.0,4e-05
Jacob Sama,7,0.0001,0.0,0.0,4e-05
Anusha Gade,6,0.0001,0.0,0.0,4e-05
Kabir Iyengar,6,0.0001,0.0,0.0,4e-05
Hemangini Narayanan,6,0.0001,0.0,0.0,4e-05
Deepa Borde,6,0.0001,0.0,0.0,4e-05
Laban Randhawa,6,0.0001,0.0,0.0,4e-05
Anusha Bose,6,0.0001,0.0,0.0,4e-05
Gunbir Patel,6,0.0001,0.0,0.0,4e-05
Vedant Dutta,6,0.0001,0.0,0.0,4e-05
Hamsini Tandon,6,0.0001,0.0,0.0,4e-05
Nilima Kala,6,0.0001,0.0,0.0,4e-05
Ishita Atwal,6,0.0001,0.0,0.0,4e-05
Isaiah Chad,6,0.0001,0.0,0.0,4e-05
Oscar Nagar,6,0.0001,0.0,0.0,4e-05
Mekhala Trivedi,6,0.0001,0.0,0.0,4e-05
Aradhana Kala,6,0.0001,0.0,0.0,4e-05
Yochana Bawa,7,0.0001,0.0,0.0,4e-05
Netra Chokshi,7,0.0001,0.0,0.0,4e-05
Anya Sanghvi,7,0.0001,0.0,0.0,4e-05
Oviya Cherian,7,0.0001,0.0,0.0,4e-05
Kamya Andra,6,0.0001,0.0,0.0,4e-05
Gunbir Ranganathan,6,0.0001,0.0,0.0,4e-05
Sanya Cheema,6,0.0001,0.0,0.0,4e-05
Warhi Sane,6,0.0001,0.0,0.0,4e-05
Yug Khosla,7,0.0001,0.0,0.0,4e-05
Daniel Sachar,6,0.0001,0.0,0.0,4e-05
Tejas Deshmukh,6,0.0001,0.0,0.0,4e-05
Triveni Kakar,6,0.0001,0.0,0.0,4e-05
Ladli Prashad,6,0.0001,0.0,0.0,4e-05
Yagnesh Pandey,6,0.0001,0.0,0.0,4e-05
Baljiwan Munshi,6,0.0001,0.0,0.0,4e-05
Wriddhish Yohannan,6,0.0001,0.0,0.0,4e-05
Jeremiah Dara,7,0.0001,0.0,0.0,4e-05
Harish Prabhakar,6,0.0001,0.0,0.0,4e-05
Wridesh Divan,6,0.0001,0.0,0.0,4e-05
Pahal Dutta,6,0.0001,0.0,0.0,4e-05
Aarav Murthy,6,0.0001,0.0,0.0,4e-05
Eesha Dasgupta,7,0.0001,0.0,0.0,4e-05
Dalbir Dhingra,6,0.0001,0.0,0.0,4e-05
Fiyaz Grewal,6,0.0001,0.0,0.0,4e-05
Yauvani Madan,6,0.0001,0.0,0.0,4e-05
Sara Nadkarni,6,0.0001,0.0,0.0,4e-05
Ikshita Shah,6,0.0001,0.0,0.0,4e-05
Qadim Rai,6,0.0001,0.0,0.0,4e-05
Benjamin Singh,6,0.0001,0.0,0.0,4e-05
Eshana Guha,6,0.0001,0.0,0.0,4e-05
Ojas Edwin,6,0.0001,0.0,0.0,4e-05
Harini Dar,7,0.0001,0.0,0.0,4e-05
Utkarsh Luthra,6,0.0001,0.0,0.0,4e-05
Hritik Saran,6,0.0001,0.0,0.0,4e-05
Arin Swaminathan,6,0.0001,0.0,0.0,4e-05
Triya Soman,6,0.0001,0.0,0.0,4e-05
Chanakya Bir,6,0.0001,0.0,0.0,4e-05
Geetika Parikh,6,0.0001,0.0,0.0,4e-05
Hredhaan Ghosh,6,0.0001,0.0,0.0,4e-05
Rachit Walla,6,0.0001,0.0,0.0,4e-05
Nakul Zachariah,6,0.0001,0.0,0.0,4e-05
William Chacko,6,0.0001,0.0,0.0,4e-05
Urvashi Balakrishnan,6,0.0001,0.0,0.0,4e-05
Ishanvi Ram,6,0.0001,0.0,0.0,4e-05
Jason Lad,6,0.0001,0.0,0.0,4e-05
Arin Dhingra,6,0.0001,0.0,0.0,4e-05
Anamika Raman,6,0.0001,0.0,0.0,4e-05
Urishilla Bajaj,6,0.0001,0.0,0.0,4e-05
Ekbal Majumdar,6,0.0001,0.0,0.0,4e-05
Lucky Bhatti,6,0.0001,0.0,0.0,4e-05
Diya Morar,6,0.0001,0.0,0.0,4e-05
Yadavi Pau,6,0.0001,0.0,0.0,4e-05
Indrajit Borde,6,0.0001,0.0,0.0,4e-05
Unni Sahota,7,0.0001,0.0,0.0,4e-05
Jatin Pillay,7,0.0001,0.0,0.0,4e-05
Suhani Tara,6,0.0001,0.0,0.0,4e-05
Balendra Kumar,6,0.0001,0.0,0.0,4e-05
Isha Nagarajan,6,0.0001,0.0,0.0,4e-05
Maanas Iyengar,6,0.0001,0.0,0.0,4e-05
Ekantika Sen,6,0.0001,0.0,0.0,4e-05
Turvi Golla,6,0.0001,0.0,0.0,4e-05
Gaurika Karan,6,0.0001,0.0,0.0,4e-05
Aditya Pai,6,0.0001,0.0,0.0,4e-05
Mohammed Kothari,6,0.0001,0.0,0.0,4e-05
Chanchal Sant,6,0.0001,0.0,0.0,4e-05
Unni Zachariah,6,0.0001,0.0,0.0,4e-05
Finn Modi,6,0.0001,0.0,0.0,4e-05
Sanya Patla,6,0.0001,0.0,0.0,4e-05
Isaiah Barman,6,0.0001,0.0,0.0,4e-05
Laksh Saha,6,0.0001,0.0,0.0,4e-05
Madhavi Madan,7,0.0001,0.0,0.0,4e-05
Yamini Chad,6,0.0001,0.0,0.0,4e-05
Mekhala Tailor,6,0.0001,0.0,0.0,4e-05
Qabil Prabhakar,6,0.0001,0.0,0.0,4e-05
Raghav Narasimhan,6,0.0001,0.0,0.0,4e-05
Faraj Ghose,6,0.0001,0.0,0.0,4e-05
Michael Dhingra,6,0.0001,0.0,0.0,4e-05
Oni Roy,6,0.0001,0.0,0.0,4e-05
Zehaan Zacharia,6,0.0001,0.0,0.0,4e-05
Megha Shetty,6,0.0001,0.0,0.0,4e-05
Hamsini Guha,6,0.0001,0.0,0.0,4e-05
Nimrat Johal,6,0.0001,0.0,0.0,4e-05
Hemang Setty,6,0.0001,0.0,0.0,4e-05
Libni Pandya,6,0.0001,0.0,0.0,4e-05
Wakeeta Banerjee,6,0.0001,0.0,0.0,4e-05
Ekbal Desai,6,0.0001,0.0,0.0,4e-05
Shravya Mangat,6,0.0001,0.0,0.0,4e-05
Advay Shukla,6,0.0001,0.0,0.0,4e-05
Yashawini Chaudry,6,0.0001,0.0,0.0,4e-05
Jai Hans,6,0.0001,0.0,0.0,4e-05
Maanas Ramakrishnan,6,0.0001,0.0,0.0,4e-05
Pahal Kar,6,0.0001,0.0,0.0,4e-05
Damini Sur,6,0.0001,0.0,0.0,4e-05
Zaitra Jhaveri,6,0.0001,0.0,0.0,4e-05
Yash Dhaliwal,6,0.0001,0.0,0.0,4e-05
Udant Saran,6,0.0001,0.0,0.0,4e-05
Peter Mitter,6,0.0001,0.0,0.0,4e-05
Falan Sehgal,6,0.0001,0.0,0.0,4e-05
Yashoda Basak,6,0.0001,0.0,0.0,4e-05
Azaan Ramaswamy,6,0.0001,0.0,0.0,4e-05
Ishita Patel,6,0.0001,0.0,0.0,4e-05
Oni Kohli,6,0.0001,0.0,0.0,4e-05
Oliver Pall,6,0.0001,0.0,0.0,4e-05
Faqid Krishna,6,0.0001,0.0,0.0,4e-05
Nikita Thaker,6,0.0001,0.0,0.0,4e-05
Noah Narayan,6,0.0001,0.0,0.0,4e-05
Elijah Dube,7,0.0001,0.0,0.0,4e-05
Baljiwan Peri,6,0.0001,0.0,0.0,4e-05
Ladli Bhalla,6,0.0001,0.0,0.0,4e-05
Ansh Krishnan,6,0.0001,0.0,0.0,4e-05
Aarush Hayer,6,0.0001,0.0,0.0,4e-05
Oeshi Sule,6,0.0001,0.0,0.0,4e-05
Manbir Kale,6,0.0001,0.0,0.0,4e-05
Tanay Lalla,6,0.0001,0.0,0.0,4e-05
Chaman Mahal,7,0.0001,0.0,0.0,4e-05
Shivani Kara,7,0.0001,0.0,0.0,4e-05
Rayaan Bhandari,6,0.0001,0.0,0.0,4e-05
Charan Pai,6,0.0001,0.0,0.0,4e-05
Dominic Rajan,6,0.0001,0.0,0.0,4e-05
Jyoti Gara,6,0.0001,0.0,0.0,4e-05
Wazir Dave,6,0.0001,0.0,0.0,4e-05
Ria Ganguly,6,0.0001,0.0,0.0,4e-05
Nicholas Sharaf,6,0.0001,0.0,0.0,4e-05
Vincent Date,7,0.0001,0.0,0.0,4e-05
Logan Balay,6,0.0001,0.0,0.0,4e-05
Fariq Pai,6,0.0001,0.0,0.0,4e-05
Arunima Swamy,6,0.0001,0.0,0.0,4e-05
Luke Bhat,6,0.0001,0.0,0.0,4e-05
Sudiksha Memon,6,0.0001,0.0,0.0,4e-05
Keya Wason,7,0.0001,0.0,0.0,4e-05
Azaan Bakshi,6,0.0001,0.0,0.0,4e-05
Yachana Basak,7,0.0001,0.0,0.0,4e-05
Advaith Som,6,0.0001,0.0,0.0,4e-05
Ishita Chakrabarti,6,0.0001,0.0,0.0,4e-05
Balhaar Kothari,6,0.0001,0.0,0.0,4e-05
Ishwar Thaman,7,0.0001,0.0,0.0,4e-05
Tarak Srinivasan,6,0.0001,0.0,0.0,4e-05
Nathan Dhaliwal,6,0.0001,0.0,0.0,4e-05
Ria Kade,6,0.0001,0.0,0.0,4e-05
Parth Chakraborty,6,0.0001,0.0,0.0,4e-05
Rachita Dhawan,6,0.0001,0.0,0.0,4e-05
Radhika Shan,6,0.0001,0.0,0.0,4e-05
Ekavir Acharya,6,0.0001,0.0,0.0,4e-05
Bachittar Desai,6,0.0001,0.0,0.0,4e-05
Vivaan Bhalla,6,0.0001,0.0,0.0,4e-05
Veer Mittal,6,0.0001,0.0,0.0,4e-05
Kavya Sandal,6,0.0001,0.0,0.0,4e-05
Ikshita Chokshi,6,0.0001,0.0,0.0,4e-05
Warhi Dani,6,0.0001,0.0,0.0,4e-05
Mahika Karan,6,0.0001,0.0,0.0,4e-05
Ridhi Sanghvi,6,0.0001,0.0,0.0,4e-05
Inaya Dhar,6,0.0001,0.0,0.0,4e-05
Bhavika Mammen,6,0.0001,0.0,0.0,4e-05
Ekiya Mukhopadhyay,6,0.0001,0.0,0.0,4e-05
Daniel Sampath,6,0.0001,0.0,0.0,4e-05
Keya Gupta,6,0.0001,0.0,0.0,4e-05
Rajata Doctor,6,0.0001,0.0,0.0,4e-05
Zaid Saxena,6,0.0001,0.0,0.0,4e-05
Panini Halder,6,0.0001,0.0,0.0,4e-05
Om Chandra,6,0.0001,0.0,0.0,4e-05
Aarav Muni,6,0.0001,0.0,0.0,4e-05
Veer Pillay,7,0.0001,0.0,0.0,4e-05
Arunima Kibe,6,0.0001,0.0,0.0,4e-05
Aayush Mandal,6,0.0001,0.0,0.0,4e-05
Samar Krishna,6,0.0001,0.0,0.0,4e-05
Oliver Chahal,6,0.0001,0.0,0.0,4e-05
Samuel Amble,6,0.0001,0.0,0.0,4e-05
Luke Rau,6,0.0001,0.0,0.0,4e-05
Zayyan Raju,6,0.0001,0.0,0.0,4e-05
Kala Goel,6,0.0001,0.0,0.0,4e-05
Ekaja Walia,6,0.0001,0.0,0.0,4e-05
Udyati Bains,6,0.0001,0.0,0.0,4e-05
Manya Chaudhari,6,0.0001,0.0,0.0,4e-05
Chakrika Mohan,6,0.0001,0.0,0.0,4e-05
Faris Mani,6,0.0001,0.0,0.0,4e-05
Vedant Gala,6,0.0001,0.0,0.0,4e-05
Adweta Basu,6,0.0001,0.0,0.0,4e-05
Gautam Chandra,7,0.0001,0.0,0.0,4e-05
Atharv Kanda,6,0.0001,0.0,0.0,4e-05
Vinaya Reddy,6,0.0001,0.0,0.0,4e-05
Hiral Ramanathan,6,0.0001,0.0,0.0,4e-05
Aashi Badami,6,0.0001,0.0,0.0,4e-05
Yashodhara Solanki,6,0.0001,0.0,0.0,4e-05
Kashvi Wali,6,0.0001,0.0,0.0,4e-05
Oscar Varma,6,0.0001,0.0,0.0,4e-05
Gagan Anne,6,0.0001,0.0,0.0,4e-05
Karan Doshi,6,0.0001,0.0,0.0,4e-05
Ekavir Som,7,0.0001,0.0,0.0,4e-05
Hardik Sachar,6,0.0001,0.0,0.0,4e-05
Ansh Keer,6,0.0001,0.0,0.0,4e-05
Radhika Ratti,6,0.0001,0.0,0.0,4e-05
Tanveer Kapoor,6,0.0001,0.0,0.0,4e-05
Rushil Karpe,6,0.0001,0.0,0.0,4e-05
Charvi Gala,6,0.0001,0.0,0.0,4e-05
Gayathri Vaidya,6,0.0001,0.0,0.0,4e-05
Anita Bumb,6,0.0001,0.0,0.0,4e-05
Zashil Munshi,6,0.0001,0.0,0.0,4e-05
Girish Mani,6,0.0001,0.0,0.0,4e-05
Guneet Dey,6,0.0001,0.0,0.0,4e-05
Gaurav Biswas,6,0.0001,0.0,0.0,4e-05
Vansha Borra,6,0.0001,0.0,0.0,4e-05
Wyatt Tella,7,0.0001,0.0,0.0,4e-05
Abha Dani,6,0.0001,0.0,0.0,4e-05
Xavier Gola,6,0.0001,0.0,0.0,4e-05
Radhika Seshadri,6,0.0001,0.0,0.0,4e-05
Ucchal Lata,6,0.0001,0.0,0.0,4e-05
Aadhya Sen,6,0.0001,0.0,0.0,4e-05
Ishaan Upadhyay,6,0.0001,0.0,0.0,4e-05
Zayyan Malhotra,6,0.0001,0.0,0.0,4e-05
Aarush Kala,7,0.0001,0.0,0.0,4e-05
Chandresh Sarin,6,0.0001,0.0,0.0,4e-05
Karan Sen,6,0.0001,0.0,0.0,4e-05
Avi Balan,7,0.0001,0.0,0.0,4e-05
Henry Lall,6,0.0001,0.0,0.0,4e-05
Akshay Shankar,6,0.0001,0.0,0.0,4e-05
Bhanumati Patla,6,0.0001,0.0,0.0,4e-05
Neel Pant,6,0.0001,0.0,0.0,4e-05
Chavvi Bhargava,6,0.0001,0.0,0.0,4e-05
Niharika Aurora,6,0.0001,0.0,0.0,4e-05
Unnati Dasgupta,7,0.0001,0.0,0.0,4e-05
Elijah Golla,6,0.0001,0.0,0.0,4e-05
Qushi Dube,6,0.0001,0.0,0.0,4e-05
Teerth Sabharwal,7,0.0001,0.0,0.0,4e-05
Samar Sharaf,6,0.0001,0.0,0.0,4e-05
Udarsh Bera,6,0.0001,0.0,0.0,4e-05
Harshil Anand,6,0.0001,0.0,0.0,4e-05
Fiyaz Hegde,6,0.0001,0.0,0.0,4e-05
Zehaan Mani,7,0.0001,0.0,0.0,4e-05
Eesha Mangat,6,0.0001,0.0,0.0,4e-05
Veer Kala,7,0.0001,0.0,0.0,4e-05
Garima Warrior,6,0.0001,0.0,0.0,4e-05
Caleb Nigam,6,0.0001,0.0,0.0,4e-05
Vasana Sami,6,0.0001,0.0,0.0,4e-05
Gunbir Chada,6,0.0001,0.0,0.0,4e-05
Pooja Doctor,6,0.0001,0.0,0.0,4e-05
Jhalak Pal,7,0.0001,0.0,0.0,4e-05
Dhriti Srinivasan,6,0.0001,0.0,0.0,4e-05
Harshil Bora,6,0.0001,0.0,0.0,4e-05
Lakshit Buch,6,0.0001,0.0,0.0,4e-05
Urvi Kohli,6,0.0001,0.0,0.0,4e-05
Michael Nori,6,0.0001,0.0,0.0,4e-05
Jhalak Purohit,6,0.0001,0.0,0.0,4e-05
Zayyan Borde,6,0.0001,0.0,0.0,4e-05
Tripti Chandra,6,0.0001,0.0,0.0,4e-05
Divya Sampath,6,0.0001,0.0,0.0,4e-05
Sarthak Tak,6,0.0001,0.0,0.0,4e-05
Rachita Ramaswamy,6,0.0001,0.0,0.0,4e-05
Victor Nigam,6,0.0001,0.0,0.0,4e-05
Falak Hayre,6,0.0001,0.0,0.0,4e-05
Vincent Tandon,6,0.0001,0.0,0.0,4e-05
Varenya Bawa,7,0.0001,0.0,0.0,4e-05
Vamakshi Sha,6,0.0001,0.0,0.0,4e-05
Priya Bhakta,6,0.0001,0.0,0.0,4e-05
Patrick Chakraborty,6,0.0001,0.0,0.0,4e-05
Mohammed Bal,7,0.0001,0.0,0.0,4e-05
Kalpit Ram,6,0.0001,0.0,0.0,4e-05
Kiaan Randhawa,6,0.0001,0.0,0.0,4e-05
Vansha Pillay,6,0.0001,0.0,0.0,4e-05
Kashvi Manda,6,0.0001,0.0,0.0,4e-05
Yahvi Buch,6,0.0001,0.0,0.0,4e-05
Chakradev Murty,6,0.0001,0.0,0.0,4e-05
Nitesh Loyal,6,0.0001,0.0,0.0,4e-05
Wriddhish Bahl,6,0.0001,0.0,0.0,4e-05
Nathan Chatterjee,6,0.0001,0.0,0.0,4e-05
Harini Wali,6,0.0001,0.0,0.0,4e-05
Arin Murthy,6,0.0001,0.0,0.0,4e-05
Watika Lala,7,0.0001,0.0,0.0,4e-05
Ekavir Minhas,6,0.0001,0.0,0.0,4e-05
Nicholas Dasgupta,6,0.0001,0.0,0.0,4e-05
Januja Saran,6,0.0001,0.0,0.0,4e-05
Xalak Som,6,0.0001,0.0,0.0,4e-05
Lajita Aggarwal,6,0.0001,0.0,0.0,4e-05
Hemangini Tripathi,6,0.0001,0.0,0.0,4e-05
Urvi Raval,6,0.0001,0.0,0.0,4e-05
Ishaan Tripathi,6,0.0001,0.0,0.0,4e-05
Nimrat Kannan,6,0.0001,0.0,0.0,4e-05
Arjun Lad,6,0.0001,0.0,0.0,4e-05
Oni Chacko,6,0.0001,0.0,0.0,4e-05
Wahab Narain,6,0.0001,0.0,0.0,4e-05
Atharv More,6,0.0001,0.0,0.0,4e-05
Warhi Barad,6,0.0001,0.0,0.0,4e-05
Zansi Muni,6,0.0001,0.0,0.0,4e-05
Raagini Lanka,6,0.0001,0.0,0.0,4e-05
Pushti Batta,6,0.0001,0.0,0.0,4e-05
Ekbal Luthra,6,0.0001,0.0,0.0,4e-05
Vincent Doshi,6,0.0001,0.0,0.0,4e-05
Harrison Mittal,6,0.0001,0.0,0.0,4e-05
Radhika Choudhry,6,0.0001,0.0,0.0,4e-05
Mitali Rout,6,0.0001,0.0,0.0,4e-05
Pushti Bail,6,0.0001,0.0,0.0,4e-05
Harshil Ranganathan,6,0.0001,0.0,0.0,4e-05
Daksh Luthra,6,0.0001,0.0,0.0,4e-05
Chaman Mohanty,7,0.0001,0.0,0.0,4e-05
Prisha Dara,6,0.0001,0.0,0.0,4e-05
Siddharth Dewan,7,0.0001,0.0,0.0,4e-05
Christopher Sibal,6,0.0001,0.0,0.0,4e-05
Nirja Raju,6,0.0001,0.0,0.0,4e-05
Vedant Narasimhan,6,0.0001,0.0,0.0,4e-05
Naksh Iyengar,6,0.0001,0.0,0.0,4e-05
Dakshesh Thaman,6,0.0001,0.0,0.0,4e-05
Harshil Kamdar,6,0.0001,0.0,0.0,4e-05
Kai Naik,6,0.0001,0.0,0.0,4e-05
Jatin Borde,6,0.0001,0.0,0.0,4e-05
Kevin Yadav,6,0.0001,0.0,0.0,4e-05
Charvi Rastogi,6,0.0001,0.0,0.0,4e-05
Hemal Narang,6,0.0001,0.0,0.0,4e-05
Arin Ranganathan,7,0.0001,0.0,0.0,4e-05
Saksham Iyer,6,0.0001,0.0,0.0,4e-05
Tejas Bajaj,7,0.0001,0.0,0.0,4e-05
Janya Bahri,6,0.0001,0.0,0.0,4e-05
Idika Rana,6,0.0001,0.0,0.0,4e-05
Radhika Balan,6,0.0001,0.0,0.0,4e-05
Vasatika Barman,6,0.0001,0.0,0.0,4e-05
Frado Saha,6,0.0001,0.0,0.0,4e-05
Darsh Sule,7,0.0001,0.0,0.0,4e-05
Eshana Sani,7,0.0001,0.0,0.0,4e-05
Anita Shroff,6,0.0001,0.0,0.0,4e-05
Yutika Brahmbhatt,6,0.0001,0.0,0.0,4e-05
Abhimanyu Shan,6,0.0001,0.0,0.0,4e-05
Chaitaly Uppal,7,0.0001,0.0,0.0,4e-05
Ekanta Tandon,6,0.0001,0.0,0.0,4e-05
Warhi Kothari,6,0.0001,0.0,0.0,4e-05
Upma Gopal,6,0.0001,0.0,0.0,4e-05
Raagini Viswanathan,6,0.0001,0.0,0.0,4e-05
Oviya Sidhu,6,0.0001,0.0,0.0,4e-05
Ranbir Ramaswamy,6,0.0001,0.0,0.0,4e-05
Henry Lanka,7,0.0001,0.0,0.0,4e-05
Chakrika Mallick,6,0.0001,0.0,0.0,4e-05
Harish Arora,6,0.0001,0.0,0.0,4e-05
Logan Pathak,6,0.0001,0.0,0.0,4e-05
Zashil Bhatt,6,0.0001,0.0,0.0,4e-05
Bishakha Viswanathan,6,0.0001,0.0,0.0,4e-05
Advaith Radhakrishnan,6,0.0001,0.0,0.0,4e-05
Anjali Sami,6,0.0001,0.0,0.0,4e-05
Ishwar Bahri,6,0.0001,0.0,0.0,4e-05
Rayaan Dube,6,0.0001,0.0,0.0,4e-05
Benjamin Shroff,6,0.0001,0.0,0.0,4e-05
Aradhana Reddy,6,0.0001,0.0,0.0,4e-05
Qadim Lad,6,0.0001,0.0,0.0,4e-05
Upasna Bhargava,6,0.0001,0.0,0.0,4e-05
Udyati Mohan,6,0.0001,0.0,0.0,4e-05
Advaith Pai,6,0.0001,0.0,0.0,4e-05
Azad Hari,6,0.0001,0.0,0.0,4e-05
Tanay Seshadri,6,0.0001,0.0,0.0,4e-05
Raghav Garg,6,0.0001,0.0,0.0,4e-05
Yashawini Shukla,6,0.0001,0.0,0.0,4e-05
Jai Varty,7,0.0001,0.0,0.0,4e-05
Yochana Sibal,6,0.0001,0.0,0.0,4e-05
Shivani Kapadia,6,0.0001,0.0,0.0,4e-05
Harish Rama,6,0.0001,0.0,0.0,4e-05
Bina Zachariah,6,0.0001,0.0,0.0,4e-05
Tanvi Kadakia,6,0.0001,0.0,0.0,4e-05
Jacob Nadig,6,0.0001,0.0,0.0,4e-05
Chakrika Vig,6,0.0001,0.0,0.0,4e-05
Charvi Das,6,0.0001,0.0,0.0,4e-05
Raagini Patla,6,0.0001,0.0,0.0,4e-05
Unni Bumb,6,0.0001,0.0,0.0,4e-05
Omkaar Sule,6,0.0001,0.0,0.0,4e-05
Raksha Nori,6,0.0001,0.0,0.0,4e-05
Jack Deshmukh,6,0.0001,0.0,0.0,4e-05
Hitesh Reddy,6,0.0001,0.0,0.0,4e-05
Vasatika Comar,6,0.0001,0.0,0.0,4e-05
Aryan Wali,6,0.0001,0.0,0.0,4e-05
Tanish Bahl,6,0.0001,0.0,0.0,4e-05
Harshil Chauhan,6,0.0001,0.0,0.0,4e-05
Zarna Palla,6,0.0001,0.0,0.0,4e-05
Ridhi Savant,6,0.0001,0.0,0.0,4e-05
Triveni Barad,6,0.0001,0.0,0.0,4e-05
Gaurav Venkataraman,6,0.0001,0.0,0.0,4e-05
Hemang Dass,6,0.0001,0.0,0.0,4e-05
Yug Sarin,6,0.0001,0.0,0.0,4e-05
Ranbir Chopra,6,0.0001,0.0,0.0,4e-05
Chakrika Sheth,6,0.0001,0.0,0.0,4e-05
Bakhshi Ratti,6,0.0001,0.0,0.0,4e-05
Teerth Kota,6,0.0001,0.0,0.0,4e-05
Ranveer Arya,6,0.0001,0.0,0.0,4e-05
Widisha Natarajan,6,0.0001,0.0,0.0,4e-05
Oscar Venkatesh,6,0.0001,0.0,0.0,4e-05
Anmol Agrawal,6,0.0001,0.0,0.0,4e-05
Jagrati Bath,6,0.0001,0.0,0.0,4e-05
Bachittar Nanda,6,0.0001,0.0,0.0,4e-05
Vaishnavi Deshmukh,6,0.0001,0.0,0.0,4e-05
Vritti Sabharwal,6,0.0001,0.0,0.0,4e-05
Bina Ramanathan,6,0.0001,0.0,0.0,4e-05
Dakshesh Mander,6,0.0001,0.0,0.0,4e-05
Maanav Brahmbhatt,6,0.0001,0.0,0.0,4e-05
Upkaar Walla,6,0.0001,0.0,0.0,4e-05
Jhalak Buch,6,0.0001,0.0,0.0,4e-05
Sai Srinivas,6,0.0001,0.0,0.0,4e-05
Hredhaan Pathak,6,0.0001,0.0,0.0,4e-05
Unni Chahal,6,0.0001,0.0,0.0,4e-05
Tristan Bedi,6,0.0001,0.0,0.0,4e-05
Naveen Chana,6,0.0001,0.0,0.0,4e-05
Netra Arora,6,0.0001,0.0,0.0,4e-05
Tanmayi Dhar,6,0.0001,0.0,0.0,4e-05
Darika Sheth,7,0.0001,0.0,0.0,4e-05
Pallavi Minhas,6,0.0001,0.0,0.0,4e-05
Kashish Saran,6,0.0001,0.0,0.0,4e-05
Brinda Som,6,0.0001,0.0,0.0,4e-05
Frederick Butala,6,0.0001,0.0,0.0,4e-05
Upkaar Vaidya,7,0.0001,0.0,0.0,4e-05
Ekanta Gara,6,0.0001,0.0,0.0,4e-05
Gavin Mand,6,0.0001,0.0,0.0,4e-05
Frado Borra,6,0.0001,0.0,0.0,4e-05
Chaaya Dave,6,0.0001,0.0,0.0,4e-05
Tanmayi Rajagopal,6,0.0001,0.0,0.0,4e-05
Ekani Chhabra,6,0.0001,0.0,0.0,4e-05
Azad Bose,6,0.0001,0.0,0.0,4e-05
Victor Virk,6,0.0001,0.0,0.0,4e-05
Advika Prashad,6,0.0001,0.0,0.0,4e-05
Qasim Apte,6,0.0001,0.0,0.0,4e-05
Nandini Misra,6,0.0001,0.0,0.0,4e-05
Laksh Rege,6,0.0001,0.0,0.0,4e-05
Manbir Borde,6,0.0001,0.0,0.0,4e-05
Bhavika Lalla,6,0.0001,0.0,0.0,4e-05
Darpan Pradhan,6,0.0001,0.0,0.0,4e-05
Widisha Sachdev,6,0.0001,0.0,0.0,4e-05
Xalak Kapadia,7,0.0001,0.0,0.0,4e-05
Caleb Sandal,6,0.0001,0.0,0.0,4e-05
Tripti More,7,0.0001,0.0,0.0,4e-05
Eta Luthra,6,0.0001,0.0,0.0,4e-05
Hema Dube,6,0.0001,0.0,0.0,4e-05
Zilmil Sarkar,6,0.0001,0.0,0.0,4e-05
Raghav Patel,7,0.0001,0.0,0.0,4e-05
Jagdish Yadav,6,0.0001,0.0,0.0,4e-05
Yasti Setty,7,0.0001,0.0,0.0,4e-05
Onkar Balan,6,0.0001,0.0,0.0,4e-05
Eshana Dhar,7,0.0001,0.0,0.0,4e-05
Vamakshi Deep,6,0.0001,0.0,0.0,4e-05
Tripti Bath,6,0.0001,0.0,0.0,4e-05
Nidhi Chandra,6,0.0001,0.0,0.0,4e-05
Jatin Date,6,0.0001,0.0,0.0,4e-05
Alka Padmanabhan,6,0.0001,0.0,0.0,4e-05
Falak Tella,6,0.0001,0.0,0.0,4e-05
Jhalak Sidhu,6,0.0001,0.0,0.0,4e-05
Adweta Vyas,6,0.0001,0.0,0.0,4e-05
Faras Rajan,6,0.0001,0.0,0.0,4e-05
Zayan Tank,6,0.0001,0.0,0.0,4e-05
Aadi Din,7,0.0001,0.0,0.0,4e-05
Lakshit Zacharia,6,0.0001,0.0,0.0,4e-05
Gabriel Palla,6,0.0001,0.0,0.0,4e-05
Gaurangi Baria,6,0.0001,0.0,0.0,4e-05
Dayamai Goel,6,0.0001,0.0,0.0,4e-05
Tripti Bera,6,0.0001,0.0,0.0,4e-05
Vedhika Khurana,7,0.0001,0.0,0.0,4e-05
Faqid Mitter,7,0.0001,0.0,0.0,4e-05
Qushi Chakraborty,6,0.0001,0.0,0.0,4e-05
Chandani Lanka,6,0.0001,0.0,0.0,4e-05
Chakrika Gandhi,6,0.0001,0.0,0.0,4e-05
Vihaan Garde,6,0.0001,0.0,0.0,4e-05
Dev Shankar,7,0.0001,0.0,0.0,4e-05
Christopher Wason,6,0.0001,0.0,0.0,4e-05
Jai Singh,7,0.0001,0.0,0.0,4e-05
Indrajit Mandal,6,0.0001,0.0,0.0,4e-05
Arjun Chanda,7,0.0001,0.0,0.0,4e-05
Varsha Anand,6,0.0001,0.0,0.0,4e-05
Edhitha Bhandari,6,0.0001,0.0,0.0,4e-05
Omisha Parekh,7,0.0001,0.0,0.0,4e-05
Varsha Basu,6,0.0001,0.0,0.0,4e-05
Rehaan Golla,6,0.0001,0.0,0.0,4e-05
Noah Wable,6,0.0001,0.0,0.0,4e-05
Mohini Dora,6,0.0001,0.0,0.0,4e-05
Bhavika Pant,6,0.0001,0.0,0.0,4e-05
Yash Raju,6,0.0001,0.0,0.0,4e-05
Oliver Talwar,6,0.0001,0.0,0.0,4e-05
Rachit Ghosh,7,0.0001,0.0,0.0,4e-05
Girindra Ben,6,0.0001,0.0,0.0,4e-05
Umang Palan,6,0.0001,0.0,0.0,4e-05
Praneel Shah,7,0.0001,0.0,0.0,4e-05
Utkarsh Kalita,6,0.0001,0.0,0.0,4e-05
Jalsa Minhas,6,0.0001,0.0,0.0,4e-05
Ekaraj Mitter,6,0.0001,0.0,0.0,4e-05
Nimrat Bhatia,6,0.0001,0.0,0.0,4e-05
Victor Narula,6,0.0001,0.0,0.0,4e-05
Ira Rao,6,0.0001,0.0,0.0,4e-05
Ishanvi Gaba,6,0.0001,0.0,0.0,4e-05
Tanmayi Brahmbhatt,6,0.0001,0.0,0.0,4e-05
Hritik Karpe,6,0.0001,0.0,0.0,4e-05
Nakul Dara,6,0.0001,0.0,0.0,4e-05
Om Bali,6,0.0001,0.0,0.0,4e-05
Owen Sethi,6,0.0001,0.0,0.0,4e-05
Neel Srinivas,7,0.0001,0.0,0.0,4e-05
Divya Ram,6,0.0001,0.0,0.0,4e-05
Rohan Chaudhari,6,0.0001,0.0,0.0,4e-05
Sudiksha Trivedi,7,0.0001,0.0,0.0,4e-05
Kalpit Sethi,6,0.0001,0.0,0.0,4e-05
Pranit Kadakia,6,0.0001,0.0,0.0,4e-05
Ekantika Salvi,6,0.0001,0.0,0.0,4e-05
Yauvani Sehgal,6,0.0001,0.0,0.0,4e-05
Zaitra Dey,6,0.0001,0.0,0.0,4e-05
Nimrat Madan,6,0.0001,0.0,0.0,4e-05
Raksha Ben,6,0.0001,0.0,0.0,4e-05
Maya Minhas,6,0.0001,0.0,0.0,4e-05
Laksh Bumb,6,0.0001,0.0,0.0,4e-05
Oliver Char,6,0.0001,0.0,0.0,4e-05
Matthew Rout,6,0.0001,0.0,0.0,4e-05
Gautam Grewal,6,0.0001,0.0,0.0,4e-05
Yauvani Kara,6,0.0001,0.0,0.0,4e-05
Nirja Doshi,6,0.0001,0.0,0.0,4e-05
Radha Oommen,6,0.0001,0.0,0.0,4e-05
Ranveer Palla,6,0.0001,0.0,0.0,4e-05
Tara Sundaram,6,0.0001,0.0,0.0,4e-05
Warinder Prashad,6,0.0001,0.0,0.0,4e-05
Zaid Bhargava,7,0.0001,0.0,0.0,4e-05
Ekiya Rattan,7,0.0001,0.0,0.0,4e-05
Neha Manne,6,0.0001,0.0,0.0,4e-05
Ekbal Rajan,6,0.0001,0.0,0.0,4e-05
Neha Biswas,6,0.0001,0.0,0.0,4e-05
Kai Ray,6,0.0001,0.0,0.0,4e-05
Jhalak Bhakta,7,0.0001,0.0,0.0,4e-05
Keya Pradhan,6,0.0001,0.0,0.0,4e-05
Wriddhish Chaudhary,6,0.0001,0.0,0.0,4e-05
Bhavna Jani,6,0.0001,0.0,0.0,4e-05
Champak Mani,7,0.0001,0.0,0.0,4e-05
Yatan Agarwal,6,0.0001,0.0,0.0,4e-05
Amruta Morar,6,0.0001,0.0,0.0,4e-05
Rachita Khanna,7,0.0001,0.0,0.0,4e-05
Geetika Dani,6,0.0001,0.0,0.0,4e-05
Bakhshi Nadkarni,6,0.0001,0.0,0.0,4e-05
Ronith Parsa,6,0.0001,0.0,0.0,4e-05
Yatin Pillai,6,0.0001,0.0,0.0,4e-05
Ubika Ravi,6,0.0001,0.0,0.0,4e-05
Oscar Kurian,6,0.0001,0.0,0.0,4e-05
Zaitra Dayal,6,0.0001,0.0,0.0,4e-05
Ranbir Khalsa,6,0.0001,0.0,0.0,4e-05
Farhan Luthra,6,0.0001,0.0,0.0,4e-05
Gavin Hegde,6,0.0001,0.0,0.0,4e-05
Xiti Kapur,6,0.0001,0.0,0.0,4e-05
Lakshit Soman,7,0.0001,0.0,0.0,4e-05
Anthony Zachariah,7,0.0001,0.0,0.0,4e-05
Mekhala Sandal,6,0.0001,0.0,0.0,4e-05
Chanchal Verma,6,0.0001,0.0,0.0,4e-05
Aachal Sarkar,7,0.0001,0.0,0.0,4e-05
Nakul Mody,6,0.0001,0.0,0.0,4e-05
Lipika Seshadri,6,0.0001,0.0,0.0,4e-05
Radhika Batta,6,0.0001,0.0,0.0,4e-05
Neel Ramesh,6,0.0001,0.0,0.0,4e-05
Simon Gala,6,0.0001,0.0,0.0,4e-05
Nicholas Subramanian,6,0.0001,0.0,0.0,4e-05
Prisha Zachariah,6,0.0001,0.0,0.0,4e-05
Qushi Varkey,6,0.0001,0.0,0.0,4e-05
Henry Naik,6,0.0001,0.0,0.0,4e-05
Samaksh Ghosh,6,0.0001,0.0,0.0,4e-05
Gaurang Bumb,6,0.0001,0.0,0.0,4e-05
Inaya Deol,6,0.0001,0.0,0.0,4e-05
Jackson Sankaran,6,0.0001,0.0,0.0,4e-05
Bishakha Natt,6,0.0001,0.0,0.0,4e-05
Quincy Kala,6,0.0001,0.0,0.0,4e-05
Henry Gandhi,6,0.0001,0.0,0.0,4e-05
Gopal Buch,6,0.0001,0.0,0.0,4e-05
Diya Nayar,6,0.0001,0.0,0.0,4e-05
Vasatika Ravi,6,0.0001,0.0,0.0,4e-05
Yash Chadha,7,0.0001,0.0,0.0,4e-05
Kai Pillay,6,0.0001,0.0,0.0,4e-05
Nimrat Bajwa,7,0.0001,0.0,0.0,4e-05
Urvi Hora,6,0.0001,0.0,0.0,4e-05
Bhavya Saraf,6,0.0001,0.0,0.0,4e-05
Tanish Seshadri,6,0.0001,0.0,0.0,4e-05
Jyoti Iyer,7,0.0001,0.0,0.0,4e-05
Simon Kakar,6,0.0001,0.0,0.0,4e-05
Falak Sinha,6,0.0001,0.0,0.0,4e-05
Manbir Gola,6,0.0001,0.0,0.0,4e-05
Gopal Khalsa,6,0.0001,0.0,0.0,4e-05
Manbir Lanka,7,0.0001,0.0,0.0,4e-05
Jasmit Arya,6,0.0001,0.0,0.0,4e-05
Gayathri Kibe,6,0.0001,0.0,0.0,4e-05
Bhavika Gala,6,0.0001,0.0,0.0,4e-05
Abhiram Savant,6,0.0001,0.0,0.0,4e-05
Mason Shah,6,0.0001,0.0,0.0,4e-05
Zayyan Kala,6,0.0001,0.0,0.0,4e-05
Peter Tak,6,0.0001,0.0,0.0,4e-05
Warinder Bala,6,0.0001,0.0,0.0,4e-05
Tamanna Sood,6,0.0001,0.0,0.0,4e-05
William Rai,6,0.0001,0.0,0.0,4e-05
Jatin Mody,6,0.0001,0.0,0.0,4e-05
Ucchal Pall,6,0.0001,0.0,0.0,4e-05
Jairaj More,6,0.0001,0.0,0.0,4e-05
Pushti Chakrabarti,7,0.0001,0.0,0.0,4e-05
Viraj Sathe,6,0.0001,0.0,0.0,4e-05
Inaya Chadha,6,0.0001,0.0,0.0,4e-05
Gauri Sule,6,0.0001,0.0,0.0,4e-05
Victor Lala,6,0.0001,0.0,0.0,4e-05
Tripti Bir,6,0.0001,0.0,0.0,4e-05
Warjas Dasgupta,6,0.0001,0.0,0.0,4e-05
Madhav Bali,6,0.0001,0.0,0.0,4e-05
Yashoda Bhat,6,0.0001,0.0,0.0,4e-05
Ladli Shere,6,0.0001,0.0,0.0,4e-05
Gautam Bala,6,0.0001,0.0,0.0,4e-05
Rayaan Bala,6,0.0001,0.0,0.0,4e-05
Girish Pandya,6,0.0001,0.0,0.0,4e-05
Gayathri Sahota,7,0.0001,0.0,0.0,4e-05
Nandini Jayaraman,6,0.0001,0.0,0.0,4e-05
Elijah Tata,6,0.0001,0.0,0.0,4e-05
Aachal Sami,6,0.0001,0.0,0.0,4e-05
Neha Ahluwalia,6,0.0001,0.0,0.0,4e-05
Nicholas Koshy,6,0.0001,0.0,0.0,4e-05
Mohammed Hans,7,0.0001,0.0,0.0,4e-05
Amol Ramaswamy,6,0.0001,0.0,0.0,4e-05
Tristan Das,6,0.0001,0.0,0.0,4e-05
Rehaan Deshmukh,6,0.0001,0.0,0.0,4e-05
Upma Kurian,6,0.0001,0.0,0.0,4e-05
Hitesh Anne,6,0.0001,0.0,0.0,4e-05
Laksh Choudhary,6,0.0001,0.0,0.0,4e-05
Ekantika Pant,6,0.0001,0.0,0.0,4e-05
Chanakya Doctor,6,0.0001,0.0,0.0,4e-05
Bhavani Agrawal,6,0.0001,0.0,0.0,4e-05
Advay Chand,6,0.0001,0.0,0.0,4e-05
Upasna Nadig,6,0.0001,0.0,0.0,4e-05
Hardik Peri,6,0.0001,0.0,0.0,4e-05
Saksham Din,6,0.0001,0.0,0.0,4e-05
Yadavi Vig,6,0.0001,0.0,0.0,4e-05
Logan Gala,6,0.0001,0.0,0.0,4e-05
Vasatika Chadha,6,0.0001,0.0,0.0,4e-05
Netra Comar,6,0.0001,0.0,0.0,4e-05
Dominic Sani,6,0.0001,0.0,0.0,4e-05
Ishanvi De,6,0.0001,0.0,0.0,4e-05
Ishwar Bhalla,6,0.0001,0.0,0.0,4e-05
Oni Patel,6,0.0001,0.0,0.0,4e-05
Oliver Babu,6,0.0001,0.0,0.0,4e-05
Kamala Iyer,6,0.0001,0.0,0.0,4e-05
Wridesh Kara,6,0.0001,0.0,0.0,4e-05
Harshil Sethi,6,0.0001,0.0,0.0,4e-05
Ekiya Mittal,6,0.0001,0.0,0.0,4e-05
Chatresh Bajaj,6,0.0001,0.0,0.0,4e-05
Mohammed Bhandari,6,0.0001,0.0,0.0,4e-05
Faraj Doctor,6,0.0001,0.0,0.0,4e-05
Qarin Boase,6,0.0001,0.0,0.0,4e-05
Chanakya Sundaram,6,0.0001,0.0,0.0,4e-05
Triveni Toor,6,0.0001,0.0,0.0,4e-05
Kiaan Balay,6,0.0001,0.0,0.0,4e-05
Radhika Narain,6,0.0001,0.0,0.0,4e-05
Radhika Deshpande,6,0.0001,0.0,0.0,4e-05
Vamakshi Mody,6,0.0001,0.0,0.0,4e-05
Ayaan Bhandari,6,0.0001,0.0,0.0,4e-05
Dhriti Comar,6,0.0001,0.0,0.0,4e-05
Henry Sanghvi,6,0.0001,0.0,0.0,4e-05
Lohit Borra,6,0.0001,0.0,0.0,4e-05
Idika Shan,6,0.0001,0.0,0.0,4e-05
Sneha Sinha,6,0.0001,0.0,0.0,4e-05
Pratyush Seth,7,0.0001,0.0,0.0,4e-05
Vaishnavi Nath,6,0.0001,0.0,0.0,4e-05
Netra Ratta,6,0.0001,0.0,0.0,4e-05
Logan Butala,6,0.0001,0.0,0.0,4e-05
Nathaniel Jain,6,0.0001,0.0,0.0,4e-05
Dhriti Sinha,6,0.0001,0.0,0.0,4e-05
Anusha Kar,6,0.0001,0.0,0.0,4e-05
Yauvani Uppal,6,0.0001,0.0,0.0,4e-05
Lajita Chahal,6,0.0001,0.0,0.0,4e-05
Wahab Mohan,6,0.0001,0.0,0.0,4e-05
Riya Golla,7,0.0001,0.0,0.0,4e-05
Hredhaan Borah,6,0.0001,0.0,0.0,4e-05
Jason Savant,6,0.0001,0.0,0.0,4e-05
Nidra Kohli,6,0.0001,0.0,0.0,4e-05
Damyanti Swamy,7,0.0001,0.0,0.0,4e-05
Chavvi Uppal,6,0.0001,0.0,0.0,4e-05
Sarthak Choudhry,6,0.0001,0.0,0.0,4e-05
Bahadurjit Chakrabarti,6,0.0001,0.0,0.0,4e-05
Hemangini Palla,6,0.0001,0.0,0.0,4e-05
Chandran Tella,6,0.0001,0.0,0.0,4e-05
Meera Zachariah,6,0.0001,0.0,0.0,4e-05
Neel Sundaram,6,0.0001,0.0,0.0,4e-05
Wyatt Devan,6,0.0001,0.0,0.0,4e-05
Oliver Rege,6,0.0001,0.0,0.0,4e-05
Neelima Srinivas,6,0.0001,0.0,0.0,4e-05
Pallavi Roy,6,0.0001,0.0,0.0,4e-05
Harrison Chacko,6,0.0001,0.0,0.0,4e-05
Hritik Bassi,6,0.0001,0.0,0.0,4e-05
Ekansh Natarajan,6,0.0001,0.0,0.0,4e-05
Neha Bhatnagar,6,0.0001,0.0,0.0,4e-05
Bhavani Borah,6,0.0001,0.0,0.0,4e-05
Tara Thakkar,6,0.0001,0.0,0.0,4e-05
Vyanjana Chad,7,0.0001,0.0,0.0,4e-05
Sai Dhar,6,0.0001,0.0,0.0,4e-05
Chanchal Prakash,6,0.0001,0.0,0.0,4e-05
Fiyaz Dora,7,0.0001,0.0,0.0,4e-05
Rajata Ghosh,6,0.0001,0.0,0.0,4e-05
Triveni Mohanty,6,0.0001,0.0,0.0,4e-05
Jatin Lad,6,0.0001,0.0,0.0,4e-05
Nihal Rana,7,0.0001,0.0,0.0,4e-05
Manya Gulati,6,0.0001,0.0,0.0,4e-05
Widisha Chhabra,6,0.0001,0.0,0.0,4e-05
Vrishti Rama,6,0.0001,0.0,0.0,4e-05
Nachiket Aggarwal,6,0.0001,0.0,0.0,4e-05
Ijaya Sant,6,0.0001,0.0,0.0,4e-05
Varenya Rau,6,0.0001,0.0,0.0,4e-05
Chanchal Agrawal,6,0.0001,0.0,0.0,4e-05
Qadim Raja,6,0.0001,0.0,0.0,4e-05
Naksh Sankaran,6,0.0001,0.0,0.0,4e-05
Garima Deshmukh,6,0.0001,0.0,0.0,4e-05
Riya Misra,6,0.0001,0.0,0.0,4e-05
Yashawini Chana,6,0.0001,0.0,0.0,4e-05
Daksha Nagarajan,6,0.0001,0.0,0.0,4e-05
Chaitaly Barad,6,0.0001,0.0,0.0,4e-05
Fitan Sahni,6,0.0001,0.0,0.0,4e-05
Bhavani Sha,6,0.0001,0.0,0.0,4e-05
Sneha Gole,6,0.0001,0.0,0.0,4e-05
Ishita Pandit,6,0.0001,0.0,0.0,4e-05
Ekiya Sahni,6,0.0001,0.0,0.0,4e-05
Daksh Naik,6,0.0001,0.0,0.0,4e-05
Bakhshi Chander,6,0.0001,0.0,0.0,4e-05
Quincy Rajan,6,0.0001,0.0,0.0,4e-05
Yashasvi Baral,6,0.0001,0.0,0.0,4e-05
Yash Jayaraman,6,0.0001,0.0,0.0,4e-05
Ayushman Ramanathan,7,0.0001,0.0,0.0,4e-05
Faris Tak,6,0.0001,0.0,0.0,4e-05
Theodore Andra,6,0.0001,0.0,0.0,4e-05
Idika Choudhury,6,0.0001,0.0,0.0,4e-05
Amrita Deo,7,0.0001,0.0,0.0,4e-05
Advika Das,6,0.0001,0.0,0.0,4e-05
Jagdish Kara,6,0.0001,0.0,0.0,4e-05
Peter Pall,6,0.0001,0.0,0.0,4e-05
Om Kibe,6,0.0001,0.0,0.0,4e-05
Amaira Patel,6,0.0001,0.0,0.0,4e-05
Benjamin Bhandari,6,0.0001,0.0,0.0,4e-05
Ishwar Sundaram,6,0.0001,0.0,0.0,4e-05
Dhriti Johal,6,0.0001,0.0,0.0,4e-05
Vrinda Shetty,6,0.0001,0.0,0.0,4e-05
Faraj Devi,6,0.0001,0.0,0.0,4e-05
Raagini Trivedi,6,0.0001,0.0,0.0,4e-05
Zehaan Shere,6,0.0001,0.0,0.0,4e-05
Samarth Rout,6,0.0001,0.0,0.0,4e-05
Advik Bajaj,6,0.0001,0.0,0.0,4e-05
Zaitra Rege,6,0.0001,0.0,0.0,4e-05
Gabriel Vora,6,0.0001,0.0,0.0,4e-05
Agastya Oak,6,0.0001,0.0,0.0,4e-05
Vedika Arya,6,0.0001,0.0,0.0,4e-05
Nirja Raghavan,6,0.0001,0.0,0.0,4e-05
Harita Karan,6,0.0001,0.0,0.0,4e-05
Nachiket Narayan,6,0.0001,0.0,0.0,4e-05
Yutika Gupta,6,0.0001,0.0,0.0,4e-05
Udant Soman,6,0.0001,0.0,0.0,4e-05
Reva Bhatti,6,0.0001,0.0,0.0,4e-05
Brinda Bhatnagar,6,0.0001,0.0,0.0,4e-05
Darpan Murty,6,0.0001,0.0,0.0,4e-05
Qasim Kunda,6,0.0001,0.0,0.0,4e-05
Timothy Deshpande,6,0.0001,0.0,0.0,4e-05
Nathan Dayal,6,0.0001,0.0,0.0,4e-05
Garima Hora,6,0.0001,0.0,0.0,4e-05
Nathaniel Doctor,6,0.0001,0.0,0.0,4e-05
Sneha Khatri,6,0.0001,0.0,0.0,4e-05
Urishilla Chadha,6,0.0001,0.0,0.0,4e-05
Vedhika Dave,6,0.0001,0.0,0.0,4e-05
Chanakya Gara,6,0.0001,0.0,0.0,4e-05
Anay Bir,7,0.0001,0.0,0.0,4e-05
Ekta Dhillon,6,0.0001,0.0,0.0,4e-05
Anvi Pillay,6,0.0001,0.0,0.0,4e-05
Frado Walia,6,0.0001,0.0,0.0,4e-05
Omaja Raghavan,6,0.0001,0.0,0.0,4e-05
Zarna Brahmbhatt,6,0.0001,0.0,0.0,4e-05
Manan Oak,6,0.0001,0.0,0.0,4e-05
Yashvi Patel,6,0.0001,0.0,0.0,4e-05
Jackson Pillai,6,0.0001,0.0,0.0,4e-05
Adya Singhal,6,0.0001,0.0,0.0,4e-05
Patrick Chada,6,0.0001,0.0,0.0,4e-05
Idika Rajagopal,6,0.0001,0.0,0.0,4e-05
Saksham Bajwa,7,0.0001,0.0,0.0,4e-05
Imaran Kara,6,0.0001,0.0,0.0,4e-05
Christopher Tata,7,0.0001,0.0,0.0,4e-05
Abdul Batta,6,0.0001,0.0,0.0,4e-05
Pahal Lad,6,0.0001,0.0,0.0,4e-05
Nimrat Wagle,6,0.0001,0.0,0.0,4e-05
Patrick Dhawan,6,0.0001,0.0,0.0,4e-05
Priya Chaudry,7,0.0001,0.0,0.0,4e-05
Qarin Handa,6,0.0001,0.0,0.0,4e-05
Ekantika Deol,6,0.0001,0.0,0.0,4e-05
Pushti Padmanabhan,6,0.0001,0.0,0.0,4e-05
Nidra Vasa,6,0.0001,0.0,0.0,4e-05
Yuvraj Bath,6,0.0001,0.0,0.0,4e-05
Vedika Karnik,6,0.0001,0.0,0.0,4e-05
Baljiwan Khalsa,6,0.0001,0.0,0.0,4e-05
Mitali Srinivas,6,0.0001,0.0,0.0,4e-05
Gayathri Tailor,6,0.0001,0.0,0.0,4e-05
Utkarsh Kari,6,0.0001,0.0,0.0,4e-05
Samar Divan,6,0.0001,0.0,0.0,4e-05
Edhitha Prabhakar,6,0.0001,0.0,0.0,4e-05
Yachana Rai,6,0.0001,0.0,0.0,4e-05
Samarth Nagar,6,0.0001,0.0,0.0,4e-05
Aahana Tiwari,6,0.0001,0.0,0.0,4e-05
Wazir Dey,6,0.0001,0.0,0.0,4e-05
Vaishnavi Raval,6,0.0001,0.0,0.0,4e-05
Bhavna Nagi,6,0.0001,0.0,0.0,4e-05
Robert Pant,6,0.0001,0.0,0.0,4e-05
Robert Sharma,6,0.0001,0.0,0.0,4e-05
Wakeeta Tata,6,0.0001,0.0,0.0,4e-05
Oeshi Bhandari,6,0.0001,0.0,0.0,4e-05
Aachal Wadhwa,6,0.0001,0.0,0.0,4e-05
Mekhala Anne,6,0.0001,0.0,0.0,4e-05
Kala Lad,7,0.0001,0.0,0.0,4e-05
Chakradhar Sarin,6,0.0001,0.0,0.0,4e-05
Daksh Keer,6,0.0001,0.0,0.0,4e-05
Saumya Prabhakar,6,0.0001,0.0,0.0,4e-05
Anamika Kuruvilla,6,0.0001,0.0,0.0,4e-05
Wazir Parikh,6,0.0001,0.0,0.0,4e-05
Ubika Sood,6,0.0001,0.0,0.0,4e-05
Yatan Sachdeva,6,0.0001,0.0,0.0,4e-05
Leela Goel,6,0.0001,0.0,0.0,4e-05
Hiral Sethi,6,0.0001,0.0,0.0,4e-05
Lajita Seshadri,6,0.0001,0.0,0.0,4e-05
Yoshita Mukherjee,6,0.0001,0.0,0.0,4e-05
Xavier Verma,6,0.0001,0.0,0.0,4e-05
Ekantika Badami,6,0.0001,0.0,0.0,4e-05
Wazir Soni,6,0.0001,0.0,0.0,4e-05
Vasatika Rout,6,0.0001,0.0,0.0,4e-05
Priya Sehgal,6,0.0001,0.0,0.0,4e-05
Wahab Sodhi,6,0.0001,0.0,0.0,4e-05
Ganga Natt,7,0.0001,0.0,0.0,4e-05
Jack Majumdar,6,0.0001,0.0,0.0,4e-05
Rajata Menon,6,0.0001,0.0,0.0,4e-05
Balendra Oommen,6,0.0001,0.0,0.0,4e-05
Watika Rege,6,0.0001,0.0,0.0,4e-05
Aryan Subramaniam,6,0.0001,0.0,0.0,4e-05
Adya Yohannan,6,0.0001,0.0,0.0,4e-05
Arunima Lanka,6,0.0001,0.0,0.0,4e-05
Lila Mann,6,0.0001,0.0,0.0,4e-05
Gautami Divan,6,0.0001,0.0,0.0,4e-05
Chavvi Nigam,6,0.0001,0.0,0.0,4e-05
Dalbir Natarajan,6,0.0001,0.0,0.0,4e-05
Janaki Narayanan,6,0.0001,0.0,0.0,4e-05
Isaac Lal,6,0.0001,0.0,0.0,4e-05
Devika Cherian,6,0.0001,0.0,0.0,4e-05
Vedhika Yadav,6,0.0001,0.0,0.0,4e-05
Bimala Puri,6,0.0001,0.0,0.0,4e-05
Arjun Mangat,6,0.0001,0.0,0.0,4e-05
Amruta Sehgal,6,0.0001,0.0,0.0,4e-05
Vrinda Ravi,6,0.0001,0.0,0.0,4e-05
Bahadurjit Menon,6,0.0001,0.0,0.0,4e-05
Wriddhish Jani,6,0.0001,0.0,0.0,4e-05
Logan Bhatia,6,0.0001,0.0,0.0,4e-05
Eshana Bose,6,0.0001,0.0,0.0,4e-05
Chaitanya Khurana,7,0.0001,0.0,0.0,4e-05
Patrick Lala,6,0.0001,0.0,0.0,4e-05
Ojasvi Solanki,6,0.0001,0.0,0.0,4e-05
Benjamin Issac,6,0.0001,0.0,0.0,4e-05
Gopal Mutti,6,0.0001,0.0,0.0,4e-05
Idika Chhabra,6,0.0001,0.0,0.0,4e-05
Ikshita Murthy,6,0.0001,0.0,0.0,4e-05
Idika Singh,6,0.0001,0.0,0.0,4e-05
Qarin Peri,6,0.0001,0.0,0.0,4e-05
Diya Barad,6,0.0001,0.0,0.0,4e-05
Nirja Lad,6,0.0001,0.0,0.0,4e-05
Karan Dayal,6,0.0001,0.0,0.0,4e-05
Ryan Yogi,6,0.0001,0.0,0.0,4e-05
Ekbal Mani,6,0.0001,0.0,0.0,4e-05
Victor D’Alia,6,0.0001,0.0,0.0,4e-05
Anika Chowdhury,6,0.0001,0.0,0.0,4e-05
Qarin Sodhi,6,0.0001,0.0,0.0,4e-05
Hemal Lalla,6,0.0001,0.0,0.0,4e-05
Anmol Narang,6,0.0001,0.0,0.0,4e-05
Praneel Thaman,6,0.0001,0.0,0.0,4e-05
Oscar Sawhney,6,0.0001,0.0,0.0,4e-05
Damini Sarraf,6,0.0001,0.0,0.0,4e-05
Yug Ghosh,6,0.0001,0.0,0.0,4e-05
Robert Sethi,6,0.0001,0.0,0.0,4e-05
Abhiram Kamdar,7,0.0001,0.0,0.0,4e-05
Ojasvi Arya,6,0.0001,0.0,0.0,4e-05
Elijah Swaminathan,6,0.0001,0.0,0.0,4e-05
Hemang Saini,6,0.0001,0.0,0.0,4e-05
Nandini Borra,6,0.0001,0.0,0.0,4e-05
Akshay Sant,6,0.0001,0.0,0.0,4e-05
Gavin Lata,6,0.0001,0.0,0.0,4e-05
Imaran Chandran,6,0.0001,0.0,0.0,4e-05
Hitesh Chaudry,6,0.0001,0.0,0.0,4e-05
Keya Mallick,6,0.0001,0.0,0.0,4e-05
Anamika Padmanabhan,6,0.0001,0.0,0.0,4e-05
Indali Boase,6,0.0001,0.0,0.0,4e-05
Yuvraj Sura,6,0.0001,0.0,0.0,4e-05
Imaran Mandal,6,0.0001,0.0,0.0,4e-05
Luke Sharaf,6,0.0001,0.0,0.0,4e-05
Ekaja Narula,7,0.0001,0.0,0.0,4e-05
Advika Sur,6,0.0001,0.0,0.0,4e-05
Kashvi Pau,6,0.0001,0.0,0.0,4e-05
Theodore Narasimhan,6,0.0001,0.0,0.0,4e-05
Rishi Sura,6,0.0001,0.0,0.0,4e-05
Girindra Baria,6,0.0001,0.0,0.0,4e-05
Brijesh Kapadia,6,0.0001,0.0,0.0,4e-05
Gaurangi Tata,6,0.0001,0.0,0.0,4e-05
Ekapad Goda,6,0.0001,0.0,0.0,4e-05
Nidhi Krishnamurthy,6,0.0001,0.0,0.0,4e-05
Shravya Mammen,6,0.0001,0.0,0.0,4e-05
Ekalinga Prashad,7,0.0001,0.0,0.0,4e-05
Janaki Dube,6,0.0001,0.0,0.0,4e-05
Azad Khatri,6,0.0001,0.0,0.0,4e-05
Zayyan Loke,6,0.0001,0.0,0.0,4e-05
Madhav Arya,6,0.0001,0.0,0.0,4e-05
Bishakha Manne,6,0.0001,0.0,0.0,4e-05
Oeshi Chopra,6,0.0001,0.0,0.0,4e-05
Shivani Dugar,6,0.0001,0.0,0.0,4e-05
Harini Mangal,6,0.0001,0.0,0.0,4e-05
Gopal Yogi,7,0.0001,0.0,0.0,4e-05
Nirja Ahuja,6,0.0001,0.0,0.0,4e-05
Unni Chokshi,6,0.0001,0.0,0.0,4e-05
Yadavi Agate,6,0.0001,0.0,0.0,4e-05
Upkaar Sarma,6,0.0001,0.0,0.0,4e-05
Unnati Chokshi,6,0.0001,0.0,0.0,4e-05
Sanaya Ray,6,0.0001,0.0,0.0,4e-05
Bakhshi Kuruvilla,6,0.0001,0.0,0.0,4e-05
Shivani Chad,6,0.0001,0.0,0.0,4e-05
Imaran Mutti,6,0.0001,0.0,0.0,4e-05
Sathvik Sur,6,0.0001,0.0,0.0,4e-05
Harinakshi Kaul,6,0.0001,0.0,0.0,4e-05
Raagini Chandra,6,0.0001,0.0,0.0,4e-05
Isaiah Mangat,6,0.0001,0.0,0.0,4e-05
Victor Dalal,6,0.0001,0.0,0.0,4e-05
Udant Madan,6,0.0001,0.0,0.0,4e-05
Hemal Shenoy,6,0.0001,0.0,0.0,4e-05
Devika Gera,6,0.0001,0.0,0.0,4e-05
Vidhi Atwal,7,0.0001,0.0,0.0,4e-05
Pranit Balakrishnan,6,0.0001,0.0,0.0,4e-05
Ishanvi Golla,7,0.0001,0.0,0.0,4e-05
Zashil Sanghvi,6,0.0001,0.0,0.0,4e-05
Dakshesh Wali,7,0.0001,0.0,0.0,4e-05
Yachana Manda,6,0.0001,0.0,0.0,4e-05
Aditya Babu,7,0.0001,0.0,0.0,4e-05
Gaurika Banik,6,0.0001,0.0,0.0,4e-05
Omkaar Thakkar,6,0.0001,0.0,0.0,4e-05
Omya Sethi,6,0.0001,0.0,0.0,4e-05
Wriddhish More,6,0.0001,0.0,0.0,4e-05
Aachal Luthra,6,0.0001,0.0,0.0,4e-05
Ojas Garde,6,0.0001,0.0,0.0,4e-05
Balvan Mitra,6,0.0001,0.0,0.0,4e-05
Tarak Gokhale,6,0.0001,0.0,0.0,4e-05
Veda Lalla,6,0.0001,0.0,0.0,4e-05
Nakul Merchant,6,0.0001,0.0,0.0,4e-05
Vinaya Nagy,6,0.0001,0.0,0.0,4e-05
Falguni Sha,6,0.0001,0.0,0.0,4e-05
Odika Bumb,6,0.0001,0.0,0.0,4e-05
Kashvi Kakar,6,0.0001,0.0,0.0,4e-05
Jason Thaman,6,0.0001,0.0,0.0,4e-05
Eta Lall,6,0.0001,0.0,0.0,4e-05
Ekiya Sidhu,6,0.0001,0.0,0.0,4e-05
Anthony Wason,7,0.0001,0.0,0.0,4e-05
Ishaan Samra,6,0.0001,0.0,0.0,4e-05
Yuvraj Raj,6,0.0001,0.0,0.0,4e-05
Keya Kaur,6,0.0001,0.0,0.0,4e-05
Kalpit Barman,6,0.0001,0.0,0.0,4e-05
Jackson Chaudhuri,6,0.0001,0.0,0.0,4e-05
Wahab Konda,6,0.0001,0.0,0.0,4e-05
Om Yohannan,6,0.0001,0.0,0.0,4e-05
Hemani Puri,6,0.0001,0.0,0.0,4e-05
Shivani Krishnamurthy,6,0.0001,0.0,0.0,4e-05
Prisha Jha,6,0.0001,0.0,0.0,4e-05
Turvi Saha,6,0.0001,0.0,0.0,4e-05
Aarini Ramaswamy,6,0.0001,0.0,0.0,4e-05
Manan Aurora,6,0.0001,0.0,0.0,4e-05
Hemangini Sankaran,6,0.0001,0.0,0.0,4e-05
Ekantika Kadakia,6,0.0001,0.0,0.0,4e-05
Upma Varty,6,0.0001,0.0,0.0,4e-05
Ria Kara,6,0.0001,0.0,0.0,4e-05
Darika Walla,6,0.0001,0.0,0.0,4e-05
Amol Lata,6,0.0001,0.0,0.0,4e-05
Anirudh Issac,6,0.0001,0.0,0.0,4e-05
Chameli Bains,7,0.0001,0.0,0.0,4e-05
Jhalak Prashad,6,0.0001,0.0,0.0,4e-05
Amol Taneja,6,0.0001,0.0,0.0,4e-05
Indrajit Ram,6,0.0001,0.0,0.0,4e-05
Falan Bedi,6,0.0001,0.0,0.0,4e-05
Champak Balasubramanian,6,0.0001,0.0,0.0,4e-05
Falguni Memon,6,0.0001,0.0,0.0,4e-05
Mohammed Mitter,6,0.0001,0.0,0.0,4e-05
Samaksh Jain,6,0.0001,0.0,0.0,4e-05
Advaith Gill,6,0.0001,0.0,0.0,4e-05
Dev Dubey,6,0.0001,0.0,0.0,4e-05
Yutika Sankaran,6,0.0001,0.0,0.0,4e-05
Viraj Mammen,6,0.0001,0.0,0.0,4e-05
Kashish Bhatt,6,0.0001,0.0,0.0,4e-05
Max Varghese,6,0.0001,0.0,0.0,4e-05
Eta Nagarajan,6,0.0001,0.0,0.0,4e-05
Panini Raman,6,0.0001,0.0,0.0,4e-05
Maanas Srinivas,7,0.0001,0.0,0.0,4e-05
Girik Kala,7,0.0001,0.0,0.0,4e-05
Janaki Kade,6,0.0001,0.0,0.0,4e-05
Vansha Ramaswamy,6,0.0001,0.0,0.0,4e-05
Falan Srinivasan,6,0.0001,0.0,0.0,4e-05
Veer Sem,6,0.0001,0.0,0.0,4e-05
Pooja Pau,6,0.0001,0.0,0.0,4e-05
Utkarsh Gupta,7,0.0001,0.0,0.0,4e-05
Shivansh Tailor,6,0.0001,0.0,0.0,4e-05
Qadim Parsa,6,0.0001,0.0,0.0,4e-05
Fariq Magar,6,0.0001,0.0,0.0,4e-05
Charles Bhalla,6,0.0001,0.0,0.0,4e-05
Aarav Bali,6,0.0001,0.0,0.0,4e-05
Rushil Dara,7,0.0001,0.0,0.0,4e-05
Bhavya Sha,6,0.0001,0.0,0.0,4e-05
Eiravati Bhatti,6,0.0001,0.0,0.0,4e-05
Shaurya Parmar,6,0.0001,0.0,0.0,4e-05
Xalak Bassi,6,0.0001,0.0,0.0,4e-05
Mekhala Vala,6,0.0001,0.0,0.0,4e-05
Akshay Natt,6,0.0001,0.0,0.0,4e-05
Rudra Shah,6,0.0001,0.0,0.0,4e-05
Ayushman Maharaj,6,0.0001,0.0,0.0,4e-05
Aradhana Loyal,6,0.0001,0.0,0.0,4e-05
Azaan Shanker,6,0.0001,0.0,0.0,4e-05
Bishakha Karan,7,0.0001,0.0,0.0,4e-05
Sanaya Chatterjee,6,0.0001,0.0,0.0,4e-05
Garima Buch,6,0.0001,0.0,0.0,4e-05
Anay Dani,6,0.0001,0.0,0.0,4e-05
Rachita Amble,6,0.0001,0.0,0.0,4e-05
Sudiksha Dhawan,6,0.0001,0.0,0.0,4e-05
Mahika Thakur,6,0.0001,0.0,0.0,4e-05
Avni Butala,6,0.0001,0.0,0.0,4e-05
Chameli Kohli,6,0.0001,0.0,0.0,4e-05
Idika Gandhi,6,0.0001,0.0,0.0,4e-05
Baghyawati Dhawan,6,0.0001,0.0,0.0,4e-05
Rajeshri Edwin,6,0.0001,0.0,0.0,4e-05
Vedhika Shah,6,0.0001,0.0,0.0,4e-05
Advika Bala,6,0.0001,0.0,0.0,4e-05
Rehaan Chhabra,6,0.0001,0.0,0.0,4e-05
Falguni Pingle,6,0.0001,0.0,0.0,4e-05
Laksh Deshmukh,6,0.0001,0.0,0.0,4e-05
Ridhi Kanda,7,0.0001,0.0,0.0,4e-05
Amol Pillay,6,0.0001,0.0,0.0,4e-05
Xavier Baral,6,0.0001,0.0,0.0,4e-05
Keya Lanka,6,0.0001,0.0,0.0,4e-05
Ranbir Mohan,6,0.0001,0.0,0.0,4e-05
Nitesh Barad,6,0.0001,0.0,0.0,4e-05
Ekantika Parsa,6,0.0001,0.0,0.0,4e-05
Aarav Mani,7,0.0001,0.0,0.0,4e-05
Keya Jani,6,0.0001,0.0,0.0,4e-05
Unnati Badami,6,0.0001,0.0,0.0,4e-05
Elijah Parikh,6,0.0001,0.0,0.0,4e-05
Daksh Krishnamurthy,6,0.0001,0.0,0.0,4e-05
Victor Sunder,6,0.0001,0.0,0.0,4e-05
Nirja Sankaran,6,0.0001,0.0,0.0,4e-05
Vihaan Mutti,6,0.0001,0.0,0.0,4e-05
Azaan Raghavan,6,0.0001,0.0,0.0,4e-05
Vedhika Bawa,6,0.0001,0.0,0.0,4e-05
Gaurangi Sha,6,0.0001,0.0,0.0,4e-05
Ekansh Rajan,6,0.0001,0.0,0.0,4e-05
Jeevika Wadhwa,6,0.0001,0.0,0.0,4e-05
Janaki Guha,6,0.0001,0.0,0.0,4e-05
Ekalinga Sinha,6,0.0001,0.0,0.0,4e-05
Harinakshi Sha,6,0.0001,0.0,0.0,4e-05
Daksh Kapadia,6,0.0001,0.0,0.0,4e-05
Ethan Jaggi,7,0.0001,0.0,0.0,4e-05
Hritik Dhillon,6,0.0001,0.0,0.0,4e-05
Advay Kulkarni,6,0.0001,0.0,0.0,4e-05
Watika Dhawan,6,0.0001,0.0,0.0,4e-05
Aarini Madan,6,0.0001,0.0,0.0,4e-05
Samesh Thakur,6,0.0001,0.0,0.0,4e-05
Garima Manne,7,0.0001,0.0,0.0,4e-05
Raksha Patla,6,0.0001,0.0,0.0,4e-05
Dipta Om,6,0.0001,0.0,0.0,4e-05
Isha Jani,6,0.0001,0.0,0.0,4e-05
Amrita Bora,7,0.0001,0.0,0.0,4e-05
Jason Gara,6,0.0001,0.0,0.0,4e-05
Lohit Khare,6,0.0001,0.0,0.0,4e-05
Yatan Bhavsar,6,0.0001,0.0,0.0,4e-05
Harish Sharma,6,0.0001,0.0,0.0,4e-05
Aahana Bains,6,0.0001,0.0,0.0,4e-05
Rajeshri Bahl,6,0.0001,0.0,0.0,4e-05
Luke Agarwal,6,0.0001,0.0,0.0,4e-05
Maanav Bath,7,0.0001,0.0,0.0,4e-05
Samarth Suresh,6,0.0001,0.0,0.0,4e-05
Harish Deshmukh,6,0.0001,0.0,0.0,4e-05
Fiyaz Naidu,6,0.0001,0.0,0.0,4e-05
Waida Desai,6,0.0001,0.0,0.0,4e-05
Harita Handa,6,0.0001,0.0,0.0,4e-05
Luke Kapadia,6,0.0001,0.0,0.0,4e-05
Pranav Rajagopalan,6,0.0001,0.0,0.0,4e-05
Siya Wali,6,0.0001,0.0,0.0,4e-05
Aarini Din,6,0.0001,0.0,0.0,4e-05
Charita Subramanian,6,0.0001,0.0,0.0,4e-05
Abhimanyu Kar,6,0.0001,0.0,0.0,4e-05
Saksham Narayanan,6,0.0001,0.0,0.0,4e-05
Mason Dhaliwal,6,0.0001,0.0,0.0,4e-05
Gopal Kamdar,6,0.0001,0.0,0.0,4e-05
Vihaan Anand,6,0.0001,0.0,0.0,4e-05
Devika Dar,6,0.0001,0.0,0.0,4e-05
Ekaja Kata,7,0.0001,0.0,0.0,4e-05
Niharika Konda,7,0.0001,0.0,0.0,4e-05
Rajeshri Chakraborty,6,0.0001,0.0,0.0,4e-05
Dakshesh Vyas,6,0.0001,0.0,0.0,4e-05
Lipika Balan,6,0.0001,0.0,0.0,4e-05
Meghana Mohan,7,0.0001,0.0,0.0,4e-05
Kai Jayaraman,6,0.0001,0.0,0.0,4e-05
Krisha Desai,6,0.0001,0.0,0.0,4e-05
Aachal Palla,6,0.0001,0.0,0.0,4e-05
Idika Bajwa,6,0.0001,0.0,0.0,4e-05
Falan Nayar,6,0.0001,0.0,0.0,4e-05
Nandini Goyal,6,0.0001,0.0,0.0,4e-05
Baghyawati Patla,6,0.0001,0.0,0.0,4e-05
Udant Deol,6,0.0001,0.0,0.0,4e-05
Guneet Goda,6,0.0001,0.0,0.0,4e-05
Yashawini Nayar,6,0.0001,0.0,0.0,4e-05
Chaaya Oak,6,0.0001,0.0,0.0,4e-05
Dalaja Dara,7,0.0001,0.0,0.0,4e-05
Tarak Wali,6,0.0001,0.0,0.0,4e-05
Qadim Vasa,6,0.0001,0.0,0.0,4e-05
Hredhaan Bali,6,0.0001,0.0,0.0,4e-05
Arin Grover,6,0.0001,0.0,0.0,4e-05
Pallavi Dutt,6,0.0001,0.0,0.0,4e-05
Quincy Minhas,6,0.0001,0.0,0.0,4e-05
Vasana Gala,6,0.0001,0.0,0.0,4e-05
Bahadurjit Kothari,7,0.0001,0.0,0.0,4e-05
Abhimanyu Kalla,6,0.0001,0.0,0.0,4e-05
Udant Vohra,6,0.0001,0.0,0.0,4e-05
Kevin Thakkar,6,0.0001,0.0,0.0,4e-05
Praneel Tella,6,0.0001,0.0,0.0,4e-05
Yachana Mohanty,6,0.0001,0.0,0.0,4e-05
Tejas Mukherjee,6,0.0001,0.0,0.0,4e-05
Aadi Dasgupta,6,0.0001,0.0,0.0,4e-05
Bhavani Bahri,6,0.0001,0.0,0.0,4e-05
Henry Mital,6,0.0001,0.0,0.0,4e-05
Jatin Dey,6,0.0001,0.0,0.0,4e-05
Indali Mangal,6,0.0001,0.0,0.0,4e-05
Daniel Kara,6,0.0001,0.0,0.0,4e-05
Vincent Sagar,7,0.0001,0.0,0.0,4e-05
Hemangini Mishra,6,0.0001,0.0,0.0,4e-05
Chandresh Palan,6,0.0001,0.0,0.0,4e-05
Urvi Vohra,6,0.0001,0.0,0.0,4e-05
Samuel Magar,6,0.0001,0.0,0.0,4e-05
Mohammed Kari,7,0.0001,0.0,0.0,4e-05
Anita Deep,6,0.0001,0.0,0.0,4e-05
Imaran Khatri,7,0.0001,0.0,0.0,4e-05
Rayaan Sachdev,6,0.0001,0.0,0.0,4e-05
Chandresh Dua,7,0.0001,0.0,0.0,4e-05
Balveer Chandra,6,0.0001,0.0,0.0,4e-05
Yashoda Goswami,6,0.0001,0.0,0.0,4e-05
Lekha Khosla,6,0.0001,0.0,0.0,4e-05
Reva Ravel,6,0.0001,0.0,0.0,4e-05
Akshay Cherian,6,0.0001,0.0,0.0,4e-05
Theodore Mammen,6,0.0001,0.0,0.0,4e-05
Hitesh Bir,6,0.0001,0.0,0.0,4e-05
Imaran Dua,6,0.0001,0.0,0.0,4e-05
Urmi Venkatesh,6,0.0001,0.0,0.0,4e-05
Mekhala Shetty,6,0.0001,0.0,0.0,4e-05
Suhani Grover,6,0.0001,0.0,0.0,4e-05
Gauri Bhavsar,6,0.0001,0.0,0.0,4e-05
Charvi Saha,6,0.0001,0.0,0.0,4e-05
Qadim Kara,6,0.0001,0.0,0.0,4e-05
Daniel Buch,6,0.0001,0.0,0.0,4e-05
Watika Srinivasan,6,0.0001,0.0,0.0,4e-05
Anya Kapur,6,0.0001,0.0,0.0,4e-05
Chaman Pradhan,6,0.0001,0.0,0.0,4e-05
Frederick Rege,6,0.0001,0.0,0.0,4e-05
Madhav Saha,7,0.0001,0.0,0.0,4e-05
Damini Bhargava,6,0.0001,0.0,0.0,4e-05
Gavin Kanda,7,0.0001,0.0,0.0,4e-05
Inaya Rege,6,0.0001,0.0,0.0,4e-05
Samaksh Acharya,6,0.0001,0.0,0.0,4e-05
Libni Suresh,6,0.0001,0.0,0.0,4e-05
Darpan Choudhary,6,0.0001,0.0,0.0,4e-05
Gunbir Cheema,6,0.0001,0.0,0.0,4e-05
Deepa Khalsa,6,0.0001,0.0,0.0,4e-05
Ekavir Pathak,6,0.0001,0.0,0.0,4e-05
Girish Wali,6,0.0001,0.0,0.0,4e-05
Adweta Sachdev,6,0.0001,0.0,0.0,4e-05
Daksh Baria,6,0.0001,0.0,0.0,4e-05
Mohini Kapadia,6,0.0001,0.0,0.0,4e-05
Devansh Brar,6,0.0001,0.0,0.0,4e-05
Daniel Bahri,6,0.0001,0.0,0.0,4e-05
Samar Kanda,6,0.0001,0.0,0.0,4e-05
Nihal Varughese,6,0.0001,0.0,0.0,4e-05
Girik Chad,6,0.0001,0.0,0.0,4e-05
Zaitra Kale,6,0.0001,0.0,0.0,4e-05
Yashoda Baria,6,0.0001,0.0,0.0,4e-05
Leela Mohanty,7,0.0001,0.0,0.0,4e-05
Bahadurjit Krishnamurthy,6,0.0001,0.0,0.0,4e-05
Osha Radhakrishnan,6,0.0001,0.0,0.0,4e-05
Ira Vala,6,0.0001,0.0,0.0,4e-05
Hamsini Nair,6,0.0001,0.0,0.0,4e-05
Jagdish Wali,7,0.0001,0.0,0.0,4e-05
Chasmum Brar,7,0.0001,0.0,0.0,4e-05
Lipika Dayal,6,0.0001,0.0,0.0,4e-05
Chavvi Gaba,6,0.0001,0.0,0.0,4e-05
Maya Bhat,6,0.0001,0.0,0.0,4e-05
Nisha Bora,6,0.0001,0.0,0.0,4e-05
Sathvik Buch,6,0.0001,0.0,0.0,4e-05
Indrajit Sem,6,0.0001,0.0,0.0,4e-05
Divya Sheth,6,0.0001,0.0,0.0,4e-05
Madhavi Som,7,0.0001,0.0,0.0,4e-05
Akshay Bahl,6,0.0001,0.0,0.0,4e-05
Udant Chhabra,6,0.0001,0.0,0.0,4e-05
Gaurang Swamy,6,0.0001,0.0,0.0,4e-05
Sai Chana,6,0.0001,0.0,0.0,4e-05
Nikita Pillai,6,0.0001,0.0,0.0,4e-05
Anita Goda,6,0.0001,0.0,0.0,4e-05
Saanvi Nori,6,0.0001,0.0,0.0,4e-05
Timothy Talwar,6,0.0001,0.0,0.0,4e-05
Krisha Mall,6,0.0001,0.0,0.0,4e-05
Bimala Soman,6,0.0001,0.0,0.0,4e-05
Gabriel Krishna,6,0.0001,0.0,0.0,4e-05
Kala Munshi,6,0.0001,0.0,0.0,4e-05
Dakshesh Chhabra,6,0.0001,0.0,0.0,4e-05
Christopher Prabhakar,6,0.0001,0.0,0.0,4e-05
Advik Kara,6,0.0001,0.0,0.0,4e-05
Chatresh Toor,6,0.0001,0.0,0.0,4e-05
Arin Cheema,6,0.0001,0.0,0.0,4e-05
Yadavi Uppal,6,0.0001,0.0,0.0,4e-05
Chaitanya Bobal,6,0.0001,0.0,0.0,4e-05
Kabir Pal,6,0.0001,0.0,0.0,4e-05
Brijesh Nadkarni,7,0.0001,0.0,0.0,4e-05
Aachal Naidu,6,0.0001,0.0,0.0,4e-05
Ronith Jaggi,6,0.0001,0.0,0.0,4e-05
William Chaudry,6,0.0001,0.0,0.0,4e-05
Rishi Soni,6,0.0001,0.0,0.0,4e-05
Daksh Sandal,6,0.0001,0.0,0.0,4e-05
Fariq Nadig,6,0.0001,0.0,0.0,4e-05
Yashoda Narang,6,0.0001,0.0,0.0,4e-05
Mitali Menon,6,0.0001,0.0,0.0,4e-05
Urishilla Kala,6,0.0001,0.0,0.0,4e-05
Yagnesh Keer,6,0.0001,0.0,0.0,4e-05
Zehaan Chawla,7,0.0001,0.0,0.0,4e-05
Robert Contractor,6,0.0001,0.0,0.0,4e-05
Wridesh Baral,6,0.0001,0.0,0.0,4e-05
Unni Sethi,6,0.0001,0.0,0.0,4e-05
Riya Vohra,7,0.0001,0.0,0.0,4e-05
Barkha Nagar,6,0.0001,0.0,0.0,4e-05
Manbir Deshpande,6,0.0001,0.0,0.0,4e-05
Parth Kurian,6,0.0001,0.0,0.0,4e-05
Advik Lala,6,0.0001,0.0,0.0,4e-05
Anamika Seth,6,0.0001,0.0,0.0,4e-05
Lohit Srinivas,6,0.0001,0.0,0.0,4e-05
Dakshesh Pandya,6,0.0001,0.0,0.0,4e-05
Chakradev Buch,6,0.0001,0.0,0.0,4e-05
Chasmum Mohanty,6,0.0001,0.0,0.0,4e-05
Charan Palan,6,0.0001,0.0,0.0,4e-05
Hredhaan Sankaran,6,0.0001,0.0,0.0,4e-05
Madhavi Brar,6,0.0001,0.0,0.0,4e-05
Irya Baria,6,0.0001,0.0,0.0,4e-05
Nakul Prasad,6,0.0001,0.0,0.0,4e-05
Vedant Narain,7,0.0001,0.0,0.0,4e-05
Rehaan Ratta,6,0.0001,0.0,0.0,4e-05
Jeet Pant,6,0.0001,0.0,0.0,4e-05
Oliver Barad,6,0.0001,0.0,0.0,4e-05
Unnati Sem,6,0.0001,0.0,0.0,4e-05
Manan Munshi,6,0.0001,0.0,0.0,4e-05
Yashasvi Datta,6,0.0001,0.0,0.0,4e-05
Edhitha Aurora,6,0.0001,0.0,0.0,4e-05
Samar Chad,6,0.0001,0.0,0.0,4e-05
Kamala Dada,6,0.0001,0.0,0.0,4e-05
Abeer Rajagopalan,6,0.0001,0.0,0.0,4e-05
Darika Raju,6,0.0001,0.0,0.0,4e-05
Wakeeta Shetty,6,0.0001,0.0,0.0,4e-05
Falak Suresh,6,0.0001,0.0,0.0,4e-05
Saumya Apte,7,0.0001,0.0,0.0,4e-05
Isha Bhattacharyya,6,0.0001,0.0,0.0,4e-05
Panini Mohan,7,0.0001,0.0,0.0,4e-05
Ayaan Kalla,6,0.0001,0.0,0.0,4e-05
Laban Radhakrishnan,6,0.0001,0.0,0.0,4e-05
Vinaya Iyer,6,0.0001,0.0,0.0,4e-05
Mitali Lata,6,0.0001,0.0,0.0,4e-05
Xalak Mitra,7,0.0001,0.0,0.0,4e-05
Pratyush Mangal,6,0.0001,0.0,0.0,4e-05
Abhimanyu Pandya,6,0.0001,0.0,0.0,4e-05
Vasatika Tailor,7,0.0001,0.0,0.0,4e-05
Mekhala Chahal,6,0.0001,0.0,0.0,4e-05
Jalsa Mutti,6,0.0001,0.0,0.0,4e-05
Sudiksha Lala,6,0.0001,0.0,0.0,4e-05
Kritika Bansal,6,0.0001,0.0,0.0,4e-05
Chandran Bhagat,6,0.0001,0.0,0.0,4e-05
Sai Garde,7,0.0001,0.0,0.0,4e-05
Omkaar Wable,6,0.0001,0.0,0.0,4e-05
Varsha Bobal,6,0.0001,0.0,0.0,4e-05
Krishna Choudhry,6,0.0001,0.0,0.0,4e-05
Ronith Shan,6,0.0001,0.0,0.0,4e-05
Damyanti Tank,7,0.0001,0.0,0.0,4e-05
Bhavya Mohanty,6,0.0001,0.0,0.0,4e-05
Bhanumati Saraf,6,0.0001,0.0,0.0,4e-05
Zashil Brar,6,0.0001,0.0,0.0,4e-05
Yoshita Purohit,6,0.0001,0.0,0.0,4e-05
Jagvi Mukhopadhyay,6,0.0001,0.0,0.0,4e-05
Shivansh Ramanathan,6,0.0001,0.0,0.0,4e-05
Bimala Mody,7,0.0001,0.0,0.0,4e-05
Varenya Pandey,6,0.0001,0.0,0.0,4e-05
Rushil Seshadri,6,0.0001,0.0,0.0,4e-05
Jeevika Khalsa,6,0.0001,0.0,0.0,4e-05
Thomas Khare,6,0.0001,0.0,0.0,4e-05
Chandani Palla,7,0.0001,0.0,0.0,4e-05
Anya Garg,6,0.0001,0.0,0.0,4e-05
Advik Patla,6,0.0001,0.0,0.0,4e-05
Dhruv Loyal,6,0.0001,0.0,0.0,4e-05
Chaitanya Datta,6,0.0001,0.0,0.0,4e-05
Warda Barman,6,0.0001,0.0,0.0,4e-05
Radhika Savant,6,0.0001,0.0,0.0,4e-05
Nicholas Chakraborty,6,0.0001,0.0,0.0,4e-05
Abha Vig,6,0.0001,0.0,0.0,4e-05
Alka Mann,7,0.0001,0.0,0.0,4e-05
Nicholas Taneja,6,0.0001,0.0,0.0,4e-05
Samuel Rastogi,7,0.0001,0.0,0.0,4e-05
Leena Shah,6,0.0001,0.0,0.0,4e-05
Anmol Raghavan,6,0.0001,0.0,0.0,4e-05
Balveer Kapadia,6,0.0001,0.0,0.0,4e-05
Ekbal Dubey,7,0.0001,0.0,0.0,4e-05
Niharika Garg,6,0.0001,0.0,0.0,4e-05
Patrick Bhandari,6,0.0001,0.0,0.0,4e-05
Advaith Dey,6,0.0001,0.0,0.0,4e-05
Triveni Nagi,6,0.0001,0.0,0.0,4e-05
Raagini Peri,6,0.0001,0.0,0.0,4e-05
Hemangini Bajaj,6,0.0001,0.0,0.0,4e-05
Dayamai Borra,6,0.0001,0.0,0.0,4e-05
Yochana Palan,6,0.0001,0.0,0.0,4e-05
Advaith Parikh,7,0.0001,0.0,0.0,4e-05
Tanvi Mahajan,6,0.0001,0.0,0.0,4e-05
Isha Hora,6,0.0001,0.0,0.0,4e-05
Yashica Mitra,6,0.0001,0.0,0.0,4e-05
Frado Peri,6,0.0001,0.0,0.0,4e-05
Karan Brar,6,0.0001,0.0,0.0,4e-05
Rudra Prakash,6,0.0001,0.0,0.0,4e-05
Reyansh Wadhwa,6,0.0001,0.0,0.0,4e-05
Harsh Gokhale,6,0.0001,0.0,0.0,4e-05
Dominic Golla,6,0.0001,0.0,0.0,4e-05
Abha Madan,7,0.0001,0.0,0.0,4e-05
Jack Lad,6,0.0001,0.0,0.0,4e-05
Shivani Vig,6,0.0001,0.0,0.0,4e-05
Priya Kadakia,6,0.0001,0.0,0.0,4e-05
Lajita Mallick,6,0.0001,0.0,0.0,4e-05
Laban Soman,6,0.0001,0.0,0.0,4e-05
Aayush Koshy,6,0.0001,0.0,0.0,4e-05
Mugdha Bhakta,6,0.0001,0.0,0.0,4e-05
Yashodhara Nori,6,0.0001,0.0,0.0,4e-05
Yuvraj Ganguly,6,0.0001,0.0,0.0,4e-05
Gayathri Thakkar,7,0.0001,0.0,0.0,4e-05
Chakradev Singh,6,0.0001,0.0,0.0,4e-05
Arjun Dubey,6,0.0001,0.0,0.0,4e-05
Bachittar Khatri,6,0.0001,0.0,0.0,4e-05
Sara Chandra,6,0.0001,0.0,0.0,4e-05
Michael Nath,6,0.0001,0.0,0.0,4e-05
Nitesh Ganesan,6,0.0001,0.0,0.0,4e-05
Timothy Mittal,6,0.0001,0.0,0.0,4e-05
Matthew Rege,6,0.0001,0.0,0.0,4e-05
Urmi Deo,6,0.0001,0.0,0.0,4e-05
Priya Kakar,6,0.0001,0.0,0.0,4e-05
Urvashi Sehgal,6,0.0001,0.0,0.0,4e-05
Zehaan Loyal,6,0.0001,0.0,0.0,4e-05
Ekavir Sundaram,6,0.0001,0.0,0.0,4e-05
Zaid Venkataraman,6,0.0001,0.0,0.0,4e-05
Dhriti Deshmukh,6,0.0001,0.0,0.0,4e-05
Pranav Sahni,7,0.0001,0.0,0.0,4e-05
Ladli Wagle,6,0.0001,0.0,0.0,4e-05
Samuel Khanna,6,0.0001,0.0,0.0,4e-05
Sneha Ramakrishnan,6,0.0001,0.0,0.0,4e-05
Bishakha Banerjee,6,0.0001,0.0,0.0,4e-05
Balendra Chakrabarti,6,0.0001,0.0,0.0,4e-05
Triya Sem,6,0.0001,0.0,0.0,4e-05
Adweta Saha,6,0.0001,0.0,0.0,4e-05
Ekapad Saha,6,0.0001,0.0,0.0,4e-05
Vanya Kashyap,6,0.0001,0.0,0.0,4e-05
Manbir Kothari,6,0.0001,0.0,0.0,4e-05
Amol Merchant,6,0.0001,0.0,0.0,4e-05
Xavier Grewal,6,0.0001,0.0,0.0,4e-05
Jhalak Kuruvilla,6,0.0001,0.0,0.0,4e-05
Onkar Prabhakar,7,0.0001,0.0,0.0,4e-05
Yochana Yohannan,6,0.0001,0.0,0.0,4e-05
Eesha Peri,6,0.0001,0.0,0.0,4e-05
Adweta Kibe,6,0.0001,0.0,0.0,4e-05
Imaran Nadig,6,0.0001,0.0,0.0,4e-05
Aadi Nair,6,0.0001,0.0,0.0,4e-05
Tara Shanker,6,0.0001,0.0,0.0,4e-05
Krisha Sani,7,0.0001,0.0,0.0,4e-05
Anya Bajaj,6,0.0001,0.0,0.0,4e-05
Meghana Deshpande,7,0.0001,0.0,0.0,4e-05
Balvan Devi,6,0.0001,0.0,0.0,4e-05
Logan Babu,6,0.0001,0.0,0.0,4e-05
Ira Savant,6,0.0001,0.0,0.0,4e-05
Samesh Din,6,0.0001,0.0,0.0,4e-05
Abeer Grewal,6,0.0001,0.0,0.0,4e-05
Aditya Bhasin,6,0.0001,0.0,0.0,4e-05
Lopa Pandey,6,0.0001,0.0,0.0,4e-05
Raagini Bobal,6,0.0001,0.0,0.0,4e-05
Rishi Sachar,6,0.0001,0.0,0.0,4e-05
Wahab Bakshi,6,0.0001,0.0,0.0,4e-05
Aachal Sant,6,0.0001,0.0,0.0,4e-05
Brinda Bali,7,0.0001,0.0,0.0,4e-05
Aradhana Bansal,6,0.0001,0.0,0.0,4e-05
Zayan Ghosh,6,0.0001,0.0,0.0,4e-05
Aarnav Sekhon,6,0.0001,0.0,0.0,4e-05
Raagini Krishna,6,0.0001,0.0,0.0,4e-05
Pallavi Manne,6,0.0001,0.0,0.0,4e-05
Samuel Puri,6,0.0001,0.0,0.0,4e-05
Pavani Nayak,6,0.0001,0.0,0.0,4e-05
Jackson Dass,6,0.0001,0.0,0.0,4e-05
Gagan Viswanathan,6,0.0001,0.0,0.0,4e-05
Yashica Sarraf,6,0.0001,0.0,0.0,4e-05
Balendra Kashyap,6,0.0001,0.0,0.0,4e-05
Odika Pant,6,0.0001,0.0,0.0,4e-05
Aarini Bala,6,0.0001,0.0,0.0,4e-05
Aarush Dhillon,6,0.0001,0.0,0.0,4e-05
Siya Kade,6,0.0001,0.0,0.0,4e-05
Vinaya Dhawan,6,0.0001,0.0,0.0,4e-05
Hardik Pandey,6,0.0001,0.0,0.0,4e-05
Eiravati Ravel,7,0.0001,0.0,0.0,4e-05
Ayush Wagle,6,0.0001,0.0,0.0,4e-05
Oscar Chander,6,0.0001,0.0,0.0,4e-05
Tejas Menon,6,0.0001,0.0,0.0,4e-05
Yash Dey,6,0.0001,0.0,0.0,4e-05
Krish Mani,6,0.0001,0.0,0.0,4e-05
Arunima Wali,6,0.0001,0.0,0.0,4e-05
Jagvi Oza,6,0.0001,0.0,0.0,4e-05
Ekapad Raj,6,0.0001,0.0,0.0,4e-05
Hritik Chaudhuri,6,0.0001,0.0,0.0,4e-05
Ubika Salvi,6,0.0001,0.0,0.0,4e-05
Finn Murthy,6,0.0001,0.0,0.0,4e-05
Waida Sankar,6,0.0001,0.0,0.0,4e-05
Oeshi Sathe,6,0.0001,0.0,0.0,4e-05
Zansi Srinivas,6,0.0001,0.0,0.0,4e-05
Watika Palla,6,0.0001,0.0,0.0,4e-05
Libni Vyas,7,0.0001,0.0,0.0,4e-05
Irya Dara,6,0.0001,0.0,0.0,4e-05
Turvi Mangat,6,0.0001,0.0,0.0,4e-05
Kashish Dewan,6,0.0001,0.0,0.0,4e-05
Kavya Bhatia,6,0.0001,0.0,0.0,4e-05
Benjamin Suri,6,0.0001,0.0,0.0,4e-05
Upasna Anand,6,0.0001,0.0,0.0,4e-05
Rishi Hora,7,0.0001,0.0,0.0,4e-05
Balhaar Banik,6,0.0001,0.0,0.0,4e-05
Balendra Suri,7,0.0001,0.0,0.0,4e-05
Hemani Bora,6,0.0001,0.0,0.0,4e-05
Robert Bail,7,0.0001,0.0,0.0,4e-05
Nitesh Warrior,6,0.0001,0.0,0.0,4e-05
Warda Roy,6,0.0001,0.0,0.0,4e-05
Osha Contractor,6,0.0001,0.0,0.0,4e-05
Manthan Nanda,7,0.0001,0.0,0.0,4e-05
Chasmum Prabhu,6,0.0001,0.0,0.0,4e-05
Adya Shere,6,0.0001,0.0,0.0,4e-05
Yuvraj Bains,6,0.0001,0.0,0.0,4e-05
Omisha Bajaj,6,0.0001,0.0,0.0,4e-05
Owen Gandhi,6,0.0001,0.0,0.0,4e-05
Vedhika Sarkar,7,0.0001,0.0,0.0,4e-05
Gunbir Warrior,6,0.0001,0.0,0.0,4e-05
Upadhriti Manda,6,0.0001,0.0,0.0,4e-05
Yochana Vyas,6,0.0001,0.0,0.0,4e-05
Dakshesh Mukhopadhyay,6,0.0001,0.0,0.0,4e-05
Matthew Chauhan,6,0.0001,0.0,0.0,4e-05
Warinder Bhargava,6,0.0001,0.0,0.0,4e-05
Yash Varughese,6,0.0001,0.0,0.0,4e-05
Gopal Mukhopadhyay,6,0.0001,0.0,0.0,4e-05
Bimala Oza,6,0.0001,0.0,0.0,4e-05
Chaman Merchant,6,0.0001,0.0,0.0,4e-05
Eesha Kota,6,0.0001,0.0,0.0,4e-05
Varsha Varughese,6,0.0001,0.0,0.0,4e-05
Wahab Khalsa,6,0.0001,0.0,0.0,4e-05
Yochana Natt,6,0.0001,0.0,0.0,4e-05
Upma Ramachandran,6,0.0001,0.0,0.0,4e-05
Tanish Ravel,7,0.0001,0.0,0.0,4e-05
Garima Ganesh,6,0.0001,0.0,0.0,4e-05
Daksha Kant,6,0.0001,0.0,0.0,4e-05
Aayush Murty,6,0.0001,0.0,0.0,4e-05
Kashvi Merchant,6,0.0001,0.0,0.0,4e-05
Mahika Madan,7,0.0001,0.0,0.0,4e-05
Tanay Modi,6,0.0001,0.0,0.0,4e-05
Ronith Atwal,6,0.0001,0.0,0.0,4e-05
Chandresh Soman,7,0.0001,0.0,0.0,4e-05
Kashvi Kade,6,0.0001,0.0,0.0,4e-05
Hardik Raj,7,0.0001,0.0,0.0,4e-05
Aadhya Warrior,6,0.0001,0.0,0.0,4e-05
Yoshita Rama,6,0.0001,0.0,0.0,4e-05
Charvi Sinha,6,0.0001,0.0,0.0,4e-05
Hemani Prashad,6,0.0001,0.0,0.0,4e-05
Chanchal Dhawan,7,0.0001,0.0,0.0,4e-05
Nachiket Grover,6,0.0001,0.0,0.0,4e-05
Azaan Narayan,6,0.0001,0.0,0.0,4e-05
Jhalak Amble,6,0.0001,0.0,0.0,4e-05
Neel Sandal,6,0.0001,0.0,0.0,4e-05
Pratyush Khare,6,0.0001,0.0,0.0,4e-05
Anvi Yogi,6,0.0001,0.0,0.0,4e-05
Azaan Raju,6,0.0001,0.0,0.0,4e-05
Leela Panchal,6,0.0001,0.0,0.0,4e-05
Zaitra Peri,6,0.0001,0.0,0.0,4e-05
Isaac Arora,6,0.0001,0.0,0.0,4e-05
Timothy Lall,6,0.0001,0.0,0.0,4e-05
Jonathan Sandhu,6,0.0001,0.0,0.0,4e-05
Nathaniel Dubey,6,0.0001,0.0,0.0,4e-05
Turvi Varghese,6,0.0001,0.0,0.0,4e-05
Kritika Menon,6,0.0001,0.0,0.0,4e-05
Jhalak Rege,6,0.0001,0.0,0.0,4e-05
Baljiwan Bhasin,6,0.0001,0.0,0.0,4e-05
Zayan Sidhu,6,0.0001,0.0,0.0,4e-05
Aahana Pau,6,0.0001,0.0,0.0,4e-05
Lavanya Wable,6,0.0001,0.0,0.0,4e-05
Bhavani Keer,6,0.0001,0.0,0.0,4e-05
Nidhi Swamy,6,0.0001,0.0,0.0,4e-05
Qadim Khurana,6,0.0001,0.0,0.0,4e-05
Sachi Nigam,7,0.0001,0.0,0.0,4e-05
Logan Ganesh,6,0.0001,0.0,0.0,4e-05
Neha Das,6,0.0001,0.0,0.0,4e-05
Hredhaan Sarraf,6,0.0001,0.0,0.0,4e-05
Ryan Guha,6,0.0001,0.0,0.0,4e-05
Laksh Rout,6,0.0001,0.0,0.0,4e-05
Maya Sami,6,0.0001,0.0,0.0,4e-05
Ishaan Chaudhary,6,0.0001,0.0,0.0,4e-05
Mekhala Aurora,7,0.0001,0.0,0.0,4e-05
Adya Tata,6,0.0001,0.0,0.0,4e-05
Zilmil Krishnan,6,0.0001,0.0,0.0,4e-05
Michael Varkey,6,0.0001,0.0,0.0,4e-05
Lipika Thaman,6,0.0001,0.0,0.0,4e-05
Rachit Das,6,0.0001,0.0,0.0,4e-05
Maya Konda,6,0.0001,0.0,0.0,4e-05
Hemani Kibe,6,0.0001,0.0,0.0,4e-05
Unnati Borra,6,0.0001,0.0,0.0,4e-05
Maya Datta,7,0.0001,0.0,0.0,4e-05
Ekalinga Magar,6,0.0001,0.0,0.0,4e-05
Abha Bath,6,0.0001,0.0,0.0,4e-05
Reyansh Ghosh,6,0.0001,0.0,0.0,4e-05
Devika Shan,7,0.0001,0.0,0.0,4e-05
Kalpit Master,6,0.0001,0.0,0.0,4e-05
Qarin Singh,6,0.0001,0.0,0.0,4e-05
Turvi Varma,6,0.0001,0.0,0.0,4e-05
Yashoda Dewan,6,0.0001,0.0,0.0,4e-05
Harrison Parmar,6,0.0001,0.0,0.0,4e-05
Ishaan Atwal,6,0.0001,0.0,0.0,4e-05
Rajata Chanda,6,0.0001,0.0,0.0,4e-05
Nachiket Mann,6,0.0001,0.0,0.0,4e-05
Gaurangi Ratti,7,0.0001,0.0,0.0,4e-05
Anay Garg,6,0.0001,0.0,0.0,4e-05
Mekhala Kamdar,6,0.0001,0.0,0.0,4e-05
Gaurang Som,7,0.0001,0.0,0.0,4e-05
Akshay Parmer,7,0.0001,0.0,0.0,4e-05
Krishna Palla,6,0.0001,0.0,0.0,4e-05
Mugdha Bedi,6,0.0001,0.0,0.0,4e-05
Gunbir Iyengar,6,0.0001,0.0,0.0,4e-05
Brijesh Mishra,6,0.0001,0.0,0.0,4e-05
Devika Menon,6,0.0001,0.0,0.0,4e-05
Akshay Andra,6,0.0001,0.0,0.0,4e-05
Nitara Dhar,6,0.0001,0.0,0.0,4e-05
Raagini Gara,6,0.0001,0.0,0.0,4e-05
Finn Balakrishnan,6,0.0001,0.0,0.0,4e-05
Anirudh Doshi,6,0.0001,0.0,0.0,4e-05
Zashil Sama,6,0.0001,0.0,0.0,4e-05
Aradhana Muni,6,0.0001,0.0,0.0,4e-05
Leena Bera,6,0.0001,0.0,0.0,4e-05
Riya Basak,6,0.0001,0.0,0.0,4e-05
Indali Chakraborty,7,0.0001,0.0,0.0,4e-05
Kavya Varkey,6,0.0001,0.0,0.0,4e-05
Zinal Kurian,6,0.0001,0.0,0.0,4e-05
Jason Kara,6,0.0001,0.0,0.0,4e-05
Aradhana Singh,6,0.0001,0.0,0.0,4e-05
Zaitra Dyal,6,0.0001,0.0,0.0,4e-05
Aishani Sandhu,7,0.0001,0.0,0.0,4e-05
Kamya Dubey,6,0.0001,0.0,0.0,4e-05
Oscar Kanda,7,0.0001,0.0,0.0,4e-05
Raagini Kara,6,0.0001,0.0,0.0,4e-05
Joshua Borah,6,0.0001,0.0,0.0,4e-05
Ayaan Jain,6,0.0001,0.0,0.0,4e-05
Tara Sami,6,0.0001,0.0,0.0,4e-05
Anjali Tandon,6,0.0001,0.0,0.0,4e-05
Dominic Gandhi,6,0.0001,0.0,0.0,4e-05
Anmol Natt,6,0.0001,0.0,0.0,4e-05
Jairaj Mahajan,6,0.0001,0.0,0.0,4e-05
Matthew Parekh,6,0.0001,0.0,0.0,4e-05
Gunbir Kunda,6,0.0001,0.0,0.0,4e-05
Ekiya Sen,6,0.0001,0.0,0.0,4e-05
Ekalinga Walla,6,0.0001,0.0,0.0,4e-05
Chakrika Karnik,6,0.0001,0.0,0.0,4e-05
Anamika Chowdhury,6,0.0001,0.0,0.0,4e-05
Rishi Dutt,6,0.0001,0.0,0.0,4e-05
Janaki Swamy,6,0.0001,0.0,0.0,4e-05
Liam Andra,6,0.0001,0.0,0.0,4e-05
Suhani Sahni,6,0.0001,0.0,0.0,4e-05
Yauvani Kibe,6,0.0001,0.0,0.0,4e-05
Caleb Srivastava,6,0.0001,0.0,0.0,4e-05
Wyatt Kannan,7,0.0001,0.0,0.0,4e-05
Elijah Dani,6,0.0001,0.0,0.0,4e-05
Chandresh Srinivas,6,0.0001,0.0,0.0,4e-05
Maya Buch,6,0.0001,0.0,0.0,4e-05
Wridesh Sami,7,0.0001,0.0,0.0,4e-05
Ekiya Behl,6,0.0001,0.0,0.0,4e-05
Yauvani Jayaraman,6,0.0001,0.0,0.0,4e-05
Udant Sastry,6,0.0001,0.0,0.0,4e-05
Saanvi Virk,6,0.0001,0.0,0.0,4e-05
Gaurav Chokshi,6,0.0001,0.0,0.0,4e-05
Kiaan Garde,6,0.0001,0.0,0.0,4e-05
Ishwar Bhargava,6,0.0001,0.0,0.0,4e-05
Gaurika Lalla,7,0.0001,0.0,0.0,4e-05
Manan Badal,6,0.0001,0.0,0.0,4e-05
Henry Chaudry,6,0.0001,0.0,0.0,4e-05
Naksh Chaudhary,6,0.0001,0.0,0.0,4e-05
Hemang Pau,6,0.0001,0.0,0.0,4e-05
Janaki Khanna,6,0.0001,0.0,0.0,4e-05
Sachi Raghavan,6,0.0001,0.0,0.0,4e-05
Kamya Ram,6,0.0001,0.0,0.0,4e-05
Tanmayi Cheema,6,0.0001,0.0,0.0,4e-05
Manan Pandya,6,0.0001,0.0,0.0,4e-05
Upma Tak,6,0.0001,0.0,0.0,4e-05
Utkarsh Biswas,6,0.0001,0.0,0.0,4e-05
Yug Muni,6,0.0001,0.0,0.0,4e-05
Amrita Loyal,6,0.0001,0.0,0.0,4e-05
Lakshit Anne,6,0.0001,0.0,0.0,4e-05
Ira Kohli,6,0.0001,0.0,0.0,4e-05
Nihal Bhatia,7,0.0001,0.0,0.0,4e-05
Zayan Mammen,6,0.0001,0.0,0.0,4e-05
Samarth Randhawa,6,0.0001,0.0,0.0,4e-05
Indira Jhaveri,6,0.0001,0.0,0.0,4e-05
Amol Boase,6,0.0001,0.0,0.0,4e-05
Manthan Din,6,0.0001,0.0,0.0,4e-05
Sanaya Modi,6,0.0001,0.0,0.0,4e-05
Isaiah Sarkar,6,0.0001,0.0,0.0,4e-05
Vedhika Tailor,6,0.0001,0.0,0.0,4e-05
Nitara Merchant,6,0.0001,0.0,0.0,4e-05
Lipika Varkey,6,0.0001,0.0,0.0,4e-05
Jatin Pandey,6,0.0001,0.0,0.0,4e-05
Vansha Behl,6,0.0001,0.0,0.0,4e-05
Vidhi Bajaj,6,0.0001,0.0,0.0,4e-05
Tamanna Sankaran,6,0.0001,0.0,0.0,4e-05
Baljiwan Kuruvilla,6,0.0001,0.0,0.0,4e-05
Matthew Bhardwaj,6,0.0001,0.0,0.0,4e-05
Jatin Rao,6,0.0001,0.0,0.0,4e-05
Janya Andra,7,0.0001,0.0,0.0,4e-05
Abha Varughese,6,0.0001,0.0,0.0,4e-05
Om Anne,6,0.0001,0.0,0.0,4e-05
Vinaya Dewan,6,0.0001,0.0,0.0,4e-05
Chavvi Sami,6,0.0001,0.0,0.0,4e-05
Mahika Modi,6,0.0001,0.0,0.0,4e-05
Samesh Butala,7,0.0001,0.0,0.0,4e-05
Yagnesh Rege,6,0.0001,0.0,0.0,4e-05
Vrinda Pradhan,7,0.0001,0.0,0.0,4e-05
Ishani Baral,6,0.0001,0.0,0.0,4e-05
Kabir Vala,6,0.0001,0.0,0.0,4e-05
Krisha Chaudhary,6,0.0001,0.0,0.0,4e-05
Harita Kalla,6,0.0001,0.0,0.0,4e-05
Netra Shukla,6,0.0001,0.0,0.0,4e-05
Chavvi Kulkarni,6,0.0001,0.0,0.0,4e-05
Nikita Kapadia,6,0.0001,0.0,0.0,4e-05
Aarna Deshpande,7,0.0001,0.0,0.0,4e-05
Lila Dubey,6,0.0001,0.0,0.0,4e-05
Barkha Prabhakar,6,0.0001,0.0,0.0,4e-05
Harish Rastogi,6,0.0001,0.0,0.0,4e-05
Amol Baria,6,0.0001,0.0,0.0,4e-05
Madhavi Rana,6,0.0001,0.0,0.0,4e-05
Sneha Dhaliwal,6,0.0001,0.0,0.0,4e-05
Raagini Kapur,6,0.0001,0.0,0.0,4e-05
Jeet Jhaveri,6,0.0001,0.0,0.0,4e-05
Krishna Ben,6,0.0001,0.0,0.0,4e-05
Vedant Magar,6,0.0001,0.0,0.0,4e-05
Manan Kade,6,0.0001,0.0,0.0,4e-05
Varenya Sachdev,6,0.0001,0.0,0.0,4e-05
Gabriel Garde,6,0.0001,0.0,0.0,4e-05
Balveer Rout,6,0.0001,0.0,0.0,4e-05
Zarna Dar,6,0.0001,0.0,0.0,4e-05
Widisha Mohan,6,0.0001,0.0,0.0,4e-05
Elijah Chada,6,0.0001,0.0,0.0,4e-05
Dayita Balay,6,0.0001,0.0,0.0,4e-05
Oviya Iyer,6,0.0001,0.0,0.0,4e-05
Unni Kothari,6,0.0001,0.0,0.0,4e-05
Gaurangi Lad,7,0.0001,0.0,0.0,4e-05
Geetika Acharya,6,0.0001,0.0,0.0,4e-05
Nidhi Tella,6,0.0001,0.0,0.0,4e-05
Kavya Majumdar,6,0.0001,0.0,0.0,4e-05
Turvi Kumar,6,0.0001,0.0,0.0,4e-05
Finn Deol,6,0.0001,0.0,0.0,4e-05
Samesh Anne,6,0.0001,0.0,0.0,4e-05
Wishi Ghose,6,0.0001,0.0,0.0,4e-05
Ucchal Hari,6,0.0001,0.0,0.0,4e-05
Nitara Sathe,6,0.0001,0.0,0.0,4e-05
Azad Agate,6,0.0001,0.0,0.0,4e-05
Fariq Apte,6,0.0001,0.0,0.0,4e-05
Samar Chacko,6,0.0001,0.0,0.0,4e-05
Sudiksha Pandya,6,0.0001,0.0,0.0,4e-05
Tanay Uppal,7,0.0001,0.0,0.0,4e-05
Samar Kibe,6,0.0001,0.0,0.0,4e-05
Henry Mishra,6,0.0001,0.0,0.0,4e-05
Jacob Sarkar,6,0.0001,0.0,0.0,4e-05
Harshil Swamy,6,0.0001,0.0,0.0,4e-05
Logan Kapadia,7,0.0001,0.0,0.0,4e-05
Oni Merchant,6,0.0001,0.0,0.0,4e-05
Advika Krishnamurthy,6,0.0001,0.0,0.0,4e-05
Samuel Dhawan,7,0.0001,0.0,0.0,4e-05
Anya Golla,6,0.0001,0.0,0.0,4e-05
Hredhaan Bains,6,0.0001,0.0,0.0,4e-05
Anmol Gole,6,0.0001,0.0,0.0,4e-05
Panini Pall,6,0.0001,0.0,0.0,4e-05
Yoshita Varkey,6,0.0001,0.0,0.0,4e-05
Atharv Ramaswamy,6,0.0001,0.0,0.0,4e-05
Pooja Dara,7,0.0001,0.0,0.0,4e-05
Pushti Srinivasan,6,0.0001,0.0,0.0,4e-05
Fariq Comar,6,0.0001,0.0,0.0,4e-05
Robert Ravi,6,0.0001,0.0,0.0,4e-05
Pranit Bhasin,7,0.0001,0.0,0.0,4e-05
Krisha Thakur,6,0.0001,0.0,0.0,4e-05
Thomas Sharaf,6,0.0001,0.0,0.0,4e-05
Ekta Rege,6,0.0001,0.0,0.0,4e-05
Jagvi Sawhney,6,0.0001,0.0,0.0,4e-05
Xalak Nori,7,0.0001,0.0,0.0,4e-05
Yasti Naik,6,0.0001,0.0,0.0,4e-05
Wahab Sachdeva,6,0.0001,0.0,0.0,4e-05
Ishani Yadav,6,0.0001,0.0,0.0,4e-05
Eiravati Jha,6,0.0001,0.0,0.0,4e-05
Faraj Arora,6,0.0001,0.0,0.0,4e-05
Chatresh Bhardwaj,7,0.0001,0.0,0.0,4e-05
Daniel Natarajan,6,0.0001,0.0,0.0,4e-05
Kamya Bhalla,6,0.0001,0.0,0.0,4e-05
Nachiket Kaur,6,0.0001,0.0,0.0,4e-05
Vidhi Sem,6,0.0001,0.0,0.0,4e-05
Rachita Mittal,6,0.0001,0.0,0.0,4e-05
Qarin Rao,7,0.0001,0.0,0.0,4e-05
Indira Kant,6,0.0001,0.0,0.0,4e-05
Tanmayi Behl,6,0.0001,0.0,0.0,4e-05
Falan Iyengar,6,0.0001,0.0,0.0,4e-05
Amaira Krishnan,6,0.0001,0.0,0.0,4e-05
Charvi Zachariah,6,0.0001,0.0,0.0,4e-05
Vritti Bedi,6,0.0001,0.0,0.0,4e-05
Chaitaly Char,6,0.0001,0.0,0.0,4e-05
Rachita Prabhakar,6,0.0001,0.0,0.0,4e-05
Tristan Pall,7,0.0001,0.0,0.0,4e-05
Orinder Kaur,6,0.0001,0.0,0.0,4e-05
Udant Agarwal,6,0.0001,0.0,0.0,4e-05
Vyanjana Golla,6,0.0001,0.0,0.0,4e-05
Adya Saini,6,0.0001,0.0,0.0,4e-05
Hemal Sarma,6,0.0001,0.0,0.0,4e-05
Gaurang Batra,6,0.0001,0.0,0.0,4e-05
Rachita Comar,6,0.0001,0.0,0.0,4e-05
Darsh Arya,6,0.0001,0.0,0.0,4e-05
Jasmit Kalla,6,0.0001,0.0,0.0,4e-05
Oliver Dua,7,0.0001,0.0,0.0,4e-05
Mitesh Sane,6,0.0001,0.0,0.0,4e-05
Bhanumati Sant,6,0.0001,0.0,0.0,4e-05
Shravya Bera,7,0.0001,0.0,0.0,4e-05
Tanmayi Dayal,6,0.0001,0.0,0.0,4e-05
Saanvi Gour,6,0.0001,0.0,0.0,4e-05
Charan Chandra,6,0.0001,0.0,0.0,4e-05
Leena Gola,6,0.0001,0.0,0.0,4e-05
Bhavika Kale,6,0.0001,0.0,0.0,4e-05
Krish Parmer,6,0.0001,0.0,0.0,4e-05
Yahvi Chanda,6,0.0001,0.0,0.0,4e-05
Megha Uppal,6,0.0001,0.0,0.0,4e-05
Wyatt Chand,6,0.0001,0.0,0.0,4e-05
Ridhi Dutta,7,0.0001,0.0,0.0,4e-05
Upkaar Chaudhuri,6,0.0001,0.0,0.0,4e-05
Kabir Bawa,6,0.0001,0.0,0.0,4e-05
Rushil Ganguly,6,0.0001,0.0,0.0,4e-05
Darika Dayal,6,0.0001,0.0,0.0,4e-05
Vihaan Gour,6,0.0001,0.0,0.0,4e-05
Jhalak Dyal,6,0.0001,0.0,0.0,4e-05
Samar Pingle,6,0.0001,0.0,0.0,4e-05
Faraj Master,6,0.0001,0.0,0.0,4e-05
Aashi Ben,6,0.0001,0.0,0.0,4e-05
Isaac Shroff,6,0.0001,0.0,0.0,4e-05
Lajita Lanka,6,0.0001,0.0,0.0,4e-05
Brijesh Dada,6,0.0001,0.0,0.0,4e-05
Indira Varughese,6,0.0001,0.0,0.0,4e-05
Yuvraj Chaudhary,6,0.0001,0.0,0.0,4e-05
Ekantika Desai,6,0.0001,0.0,0.0,4e-05
Alka Nadkarni,6,0.0001,0.0,0.0,4e-05
Aarna Swamy,7,0.0001,0.0,0.0,4e-05
Patrick Kamdar,6,0.0001,0.0,0.0,4e-05
Azaan Agate,6,0.0001,0.0,0.0,4e-05
Pahal Peri,6,0.0001,0.0,0.0,4e-05
Imaran Chad,6,0.0001,0.0,0.0,4e-05
Isaac Malhotra,6,0.0001,0.0,0.0,4e-05
Timothy Kapur,6,0.0001,0.0,0.0,4e-05
Neha Murthy,6,0.0001,0.0,0.0,4e-05
Chaaya Batta,6,0.0001,0.0,0.0,4e-05
Urvi Ramanathan,7,0.0001,0.0,0.0,4e-05
Lakshit Rout,6,0.0001,0.0,0.0,4e-05
Chakrika Borra,6,0.0001,0.0,0.0,4e-05
Alexander Cherian,6,0.0001,0.0,0.0,4e-05
Chaitanya Bail,6,0.0001,0.0,0.0,4e-05
Abdul Bhalla,6,0.0001,0.0,0.0,4e-05
Jalsa Mangal,6,0.0001,0.0,0.0,4e-05
Chandani Sahni,6,0.0001,0.0,0.0,4e-05
Girindra Madan,7,0.0001,0.0,0.0,4e-05
Ladli Ganesh,6,0.0001,0.0,0.0,4e-05
Jeet Brar,6,0.0001,0.0,0.0,4e-05
Orinder Datta,6,0.0001,0.0,0.0,4e-05
Amruta Murty,7,0.0001,0.0,0.0,4e-05
Vrinda Dasgupta,6,0.0001,0.0,0.0,4e-05
Pahal Loke,6,0.0001,0.0,0.0,4e-05
Zayan Rajagopal,7,0.0001,0.0,0.0,4e-05
Ishanvi Bath,6,0.0001,0.0,0.0,4e-05
Vritti Sangha,6,0.0001,0.0,0.0,4e-05
Amrita Chahal,6,0.0001,0.0,0.0,4e-05
Bina Kuruvilla,6,0.0001,0.0,0.0,4e-05
Lipika Murty,6,0.0001,0.0,0.0,4e-05
Lohit Krishna,7,0.0001,0.0,0.0,4e-05
Watika Ramesh,6,0.0001,0.0,0.0,4e-05
Faris Ratta,6,0.0001,0.0,0.0,4e-05
Yahvi Parmer,7,0.0001,0.0,0.0,4e-05
Yagnesh Kalita,6,0.0001,0.0,0.0,4e-05
Inaya Karpe,6,0.0001,0.0,0.0,4e-05
Noah Oak,7,0.0001,0.0,0.0,4e-05
Neelima Iyer,6,0.0001,0.0,0.0,4e-05
Ekta Tella,6,0.0001,0.0,0.0,4e-05
Lopa Batta,6,0.0001,0.0,0.0,4e-05
Prisha Chaudhary,6,0.0001,0.0,0.0,4e-05
Hardik Sen,6,0.0001,0.0,0.0,4e-05
Krish Swaminathan,6,0.0001,0.0,0.0,4e-05
Anita Acharya,6,0.0001,0.0,0.0,4e-05
Aayush Bedi,6,0.0001,0.0,0.0,4e-05
Anay Saini,6,0.0001,0.0,0.0,4e-05
Frederick Basu,6,0.0001,0.0,0.0,4e-05
Vincent Oza,6,0.0001,0.0,0.0,4e-05
Ansh Yogi,6,0.0001,0.0,0.0,4e-05
Oscar Kuruvilla,6,0.0001,0.0,0.0,4e-05
Krisha Reddy,6,0.0001,0.0,0.0,4e-05
Mahika Dixit,6,0.0001,0.0,0.0,4e-05
Hema Mohanty,6,0.0001,0.0,0.0,4e-05
Aishani Mitter,6,0.0001,0.0,0.0,4e-05
Avi Iyengar,7,0.0001,0.0,0.0,4e-05
Wyatt Kale,6,0.0001,0.0,0.0,4e-05
Balendra Gaba,6,0.0001,0.0,0.0,4e-05
Oliver Comar,6,0.0001,0.0,0.0,4e-05
Jason Naik,6,0.0001,0.0,0.0,4e-05
Ekalinga Khare,6,0.0001,0.0,0.0,4e-05
Harish Bhavsar,6,0.0001,0.0,0.0,4e-05
Chavvi Cherian,6,0.0001,0.0,0.0,4e-05
Eshana Nayar,6,0.0001,0.0,0.0,4e-05
Ayushman Rajagopalan,6,0.0001,0.0,0.0,4e-05
Ethan Talwar,6,0.0001,0.0,0.0,4e-05
Bhanumati Barman,6,0.0001,0.0,0.0,4e-05
Vrishti Batra,6,0.0001,0.0,0.0,4e-05
Vanya Zacharia,6,0.0001,0.0,0.0,4e-05
Liam Nanda,6,0.0001,0.0,0.0,4e-05
Qasim Subramaniam,6,0.0001,0.0,0.0,4e-05
Amrita Mander,6,0.0001,0.0,0.0,4e-05
Utkarsh Dayal,6,0.0001,0.0,0.0,4e-05
Edhitha Shanker,6,0.0001,0.0,0.0,4e-05
Daksha Krishnan,6,0.0001,0.0,0.0,4e-05
Balveer Bir,7,0.0001,0.0,0.0,4e-05
Ronith Pall,6,0.0001,0.0,0.0,4e-05
Advika Dugar,6,0.0001,0.0,0.0,4e-05
Manan Kala,6,0.0001,0.0,0.0,4e-05
Isha Prashad,6,0.0001,0.0,0.0,4e-05
Lekha Sinha,6,0.0001,0.0,0.0,4e-05
Chameli Nagar,6,0.0001,0.0,0.0,4e-05
Ronith Sharaf,7,0.0001,0.0,0.0,4e-05
Odika Chaudhary,7,0.0001,0.0,0.0,4e-05
Praneel Arya,6,0.0001,0.0,0.0,4e-05
Pranit Shan,6,0.0001,0.0,0.0,4e-05
Rachit Chand,6,0.0001,0.0,0.0,4e-05
Harini Koshy,6,0.0001,0.0,0.0,4e-05
Tamanna Tiwari,7,0.0001,0.0,0.0,4e-05
Chaman Chandra,6,0.0001,0.0,0.0,4e-05
Watika Singh,6,0.0001,0.0,0.0,4e-05
Siddharth Ratta,6,0.0001,0.0,0.0,4e-05
Kiaan Chaudhary,6,0.0001,0.0,0.0,4e-05
Keya Johal,6,0.0001,0.0,0.0,4e-05
Lakshmi Dube,6,0.0001,0.0,0.0,4e-05
Mohammed Prabhakar,6,0.0001,0.0,0.0,4e-05
Januja Saini,6,0.0001,0.0,0.0,4e-05
Qabil Badal,6,0.0001,0.0,0.0,4e-05
Abhimanyu Jaggi,6,0.0001,0.0,0.0,4e-05
Frado Swamy,6,0.0001,0.0,0.0,4e-05
Nisha Dixit,6,0.0001,0.0,0.0,4e-05
Pranit Choudhry,6,0.0001,0.0,0.0,4e-05
Nicholas Ray,6,0.0001,0.0,0.0,4e-05
Theodore Sankar,6,0.0001,0.0,0.0,4e-05
Zilmil Lad,6,0.0001,0.0,0.0,4e-05
Tarak Bakshi,6,0.0001,0.0,0.0,4e-05
Om Narasimhan,6,0.0001,0.0,0.0,4e-05
Ijaya Subramaniam,6,0.0001,0.0,0.0,4e-05
Manbir Kumar,6,0.0001,0.0,0.0,4e-05
Faris Oommen,6,0.0001,0.0,0.0,4e-05
Samarth Pal,6,0.0001,0.0,0.0,4e-05
Gavin Mitra,6,0.0001,0.0,0.0,4e-05
Tamanna Karpe,6,0.0001,0.0,0.0,4e-05
Avi Raja,6,0.0001,0.0,0.0,4e-05
Quincy Sankaran,7,0.0001,0.0,0.0,4e-05
Faras Balasubramanian,6,0.0001,0.0,0.0,4e-05
Harini Buch,7,0.0001,0.0,0.0,4e-05
Ayush Taneja,6,0.0001,0.0,0.0,4e-05
Azaan Verma,6,0.0001,0.0,0.0,4e-05
Advay Chauhan,6,0.0001,0.0,0.0,4e-05
Shravya Kibe,6,0.0001,0.0,0.0,4e-05
Praneel Mangat,6,0.0001,0.0,0.0,4e-05
Joshua Mand,6,0.0001,0.0,0.0,4e-05
Quincy Mahajan,6,0.0001,0.0,0.0,4e-05
Zaid Kapadia,6,0.0001,0.0,0.0,4e-05
Nidra Bakshi,6,0.0001,0.0,0.0,4e-05
Mitesh Gopal,7,0.0001,0.0,0.0,4e-05
Henry Basu,6,0.0001,0.0,0.0,4e-05
Bhavini Sama,6,0.0001,0.0,0.0,4e-05
Hemangini Ben,6,0.0001,0.0,0.0,4e-05
Gautam Kale,6,0.0001,0.0,0.0,4e-05
Eshana Bahri,6,0.0001,0.0,0.0,4e-05
Zaid Deol,6,0.0001,0.0,0.0,4e-05
Ayaan Brahmbhatt,6,0.0001,0.0,0.0,4e-05
Lohit Iyer,6,0.0001,0.0,0.0,4e-05
Ishanvi Karpe,6,0.0001,0.0,0.0,4e-05
Jeremiah Doshi,6,0.0001,0.0,0.0,4e-05
Agastya Dash,6,0.0001,0.0,0.0,4e-05
Reva Desai,6,0.0001,0.0,0.0,4e-05
Udarsh Raja,6,0.0001,0.0,0.0,4e-05
Manan Dhaliwal,6,0.0001,0.0,0.0,4e-05
Matthew Shukla,6,0.0001,0.0,0.0,4e-05
Anusha Singh,6,0.0001,0.0,0.0,4e-05
Megha Ghosh,6,0.0001,0.0,0.0,4e-05
Aarav Atwal,6,0.0001,0.0,0.0,4e-05
Ridhi Agrawal,6,0.0001,0.0,0.0,4e-05
Janya Tata,6,0.0001,0.0,0.0,4e-05
Ronith Grover,6,0.0001,0.0,0.0,4e-05
Yauvani Wagle,7,0.0001,0.0,0.0,4e-05
Yuvraj Hari,6,0.0001,0.0,0.0,4e-05
Gavin Rama,6,0.0001,0.0,0.0,4e-05
Vivaan Ahluwalia,6,0.0001,0.0,0.0,4e-05
Gavin Bahl,6,0.0001,0.0,0.0,4e-05
Yauvani Dhaliwal,6,0.0001,0.0,0.0,4e-05
Sneha Sahni,6,0.0001,0.0,0.0,4e-05
Raagini Sarin,6,0.0001,0.0,0.0,4e-05
Arin Divan,6,0.0001,0.0,0.0,4e-05
Pranav Bora,7,0.0001,0.0,0.0,4e-05
Noah Sachdeva,7,0.0001,0.0,0.0,4e-05
Harshil Wali,6,0.0001,0.0,0.0,4e-05
Warinder Mani,6,0.0001,0.0,0.0,4e-05
Yashoda Dhaliwal,7,0.0001,0.0,0.0,4e-05
Lajita Shere,7,0.0001,0.0,0.0,4e-05
Fitan Loke,6,0.0001,0.0,0.0,4e-05
Dalbir Parekh,7,0.0001,0.0,0.0,4e-05
Varsha Narayanan,6,0.0001,0.0,0.0,4e-05
Wyatt Prashad,6,0.0001,0.0,0.0,4e-05
Zayyan Dhar,7,0.0001,0.0,0.0,4e-05
Ojasvi Kuruvilla,6,0.0001,0.0,0.0,4e-05
Krishna Acharya,6,0.0001,0.0,0.0,4e-05
Chatura Dara,6,0.0001,0.0,0.0,4e-05
Bishakha Kalita,6,0.0001,0.0,0.0,4e-05
Vaishnavi Dhingra,6,0.0001,0.0,0.0,4e-05
Nandini Parekh,6,0.0001,0.0,0.0,4e-05
Caleb Bedi,6,0.0001,0.0,0.0,4e-05
Chakradev Swamy,6,0.0001,0.0,0.0,4e-05
Om Tara,6,0.0001,0.0,0.0,4e-05
Yachana Raju,6,0.0001,0.0,0.0,4e-05
Janani D’Alia,6,0.0001,0.0,0.0,4e-05
Ishwar Saran,7,0.0001,0.0,0.0,4e-05
Samesh Barman,6,0.0001,0.0,0.0,4e-05
Aarnav Sampath,7,0.0001,0.0,0.0,4e-05
Priya Bath,6,0.0001,0.0,0.0,4e-05
Arya Kurian,6,0.0001,0.0,0.0,4e-05
Yochana Lala,6,0.0001,0.0,0.0,4e-05
Watika Bose,6,0.0001,0.0,0.0,4e-05
Leena Sahota,6,0.0001,0.0,0.0,4e-05
Chakradhar Sachdev,6,0.0001,0.0,0.0,4e-05
Charvi Dubey,6,0.0001,0.0,0.0,4e-05
Panini Rajagopalan,6,0.0001,0.0,0.0,4e-05
Xavier Ratta,7,0.0001,0.0,0.0,4e-05
Urmi Mitter,6,0.0001,0.0,0.0,4e-05
Yachana Buch,7,0.0001,0.0,0.0,4e-05
Ayush Sharma,6,0.0001,0.0,0.0,4e-05
Kamya Bali,6,0.0001,0.0,0.0,4e-05
Warhi Tailor,6,0.0001,0.0,0.0,4e-05
Inaya Lall,6,0.0001,0.0,0.0,4e-05
Ikbal Menon,6,0.0001,0.0,0.0,4e-05
Divya Vohra,6,0.0001,0.0,0.0,4e-05
Vamakshi Peri,6,0.0001,0.0,0.0,4e-05
Urmi Sinha,6,0.0001,0.0,0.0,4e-05
Aahana Oza,6,0.0001,0.0,0.0,4e-05
Mason Mukhopadhyay,6,0.0001,0.0,0.0,4e-05
Ria Bassi,6,0.0001,0.0,0.0,4e-05
Oni Iyengar,6,0.0001,0.0,0.0,4e-05
Ekantika Rau,6,0.0001,0.0,0.0,4e-05
Meghana Chacko,6,0.0001,0.0,0.0,4e-05
Saanvi Deshpande,6,0.0001,0.0,0.0,4e-05
Chameli Kakar,6,0.0001,0.0,0.0,4e-05
Hiral Garg,6,0.0001,0.0,0.0,4e-05
Lakshmi Rau,7,0.0001,0.0,0.0,4e-05
Diya Kapadia,6,0.0001,0.0,0.0,4e-05
Watika Tripathi,6,0.0001,0.0,0.0,4e-05
Faris Amble,6,0.0001,0.0,0.0,4e-05
Ikbal Vora,6,0.0001,0.0,0.0,4e-05
Sara Rana,6,0.0001,0.0,0.0,4e-05
Thomas Sem,6,0.0001,0.0,0.0,4e-05
Radha Oak,6,0.0001,0.0,0.0,4e-05
Ekbal Tella,7,0.0001,0.0,0.0,4e-05
Onkar Borah,6,0.0001,0.0,0.0,4e-05
Agastya Comar,6,0.0001,0.0,0.0,4e-05
Manya Shankar,6,0.0001,0.0,0.0,4e-05
Kamala Vohra,6,0.0001,0.0,0.0,4e-05
Thomas Suresh,7,0.0001,0.0,0.0,4e-05
Nitesh Bhagat,6,0.0001,0.0,0.0,4e-05
Deepa Bora,6,0.0001,0.0,0.0,4e-05
Rachita Dua,6,0.0001,0.0,0.0,4e-05
Yashasvi Pandey,6,0.0001,0.0,0.0,4e-05
Amrita De,6,0.0001,0.0,0.0,4e-05
Vansha Devi,6,0.0001,0.0,0.0,4e-05
Bhavini More,6,0.0001,0.0,0.0,4e-05
Anita Joshi,6,0.0001,0.0,0.0,4e-05
Lajita Taneja,6,0.0001,0.0,0.0,4e-05
Libni Khare,6,0.0001,0.0,0.0,4e-05
Tanmayi Mangal,6,0.0001,0.0,0.0,4e-05
Saumya Rege,7,0.0001,0.0,0.0,4e-05
Ishani Shenoy,6,0.0001,0.0,0.0,4e-05
Logan Badal,6,0.0001,0.0,0.0,4e-05
Raagini Nanda,6,0.0001,0.0,0.0,4e-05
Aahana Rege,6,0.0001,0.0,0.0,4e-05
Kamya Mutti,6,0.0001,0.0,0.0,4e-05
Charita Sangha,6,0.0001,0.0,0.0,4e-05
Raghav Bava,6,0.0001,0.0,0.0,4e-05
Laban Shenoy,6,0.0001,0.0,0.0,4e-05
Oscar Raja,6,0.0001,0.0,0.0,4e-05
Gagan Gulati,6,0.0001,0.0,0.0,4e-05
Wyatt Kunda,6,0.0001,0.0,0.0,4e-05
Nathan Dhillon,6,0.0001,0.0,0.0,4e-05
Krisha Dixit,6,0.0001,0.0,0.0,4e-05
Ucchal Chopra,6,0.0001,0.0,0.0,4e-05
Vasatika Peri,6,0.0001,0.0,0.0,4e-05
Yoshita Kumar,6,0.0001,0.0,0.0,4e-05
Ikshita Tara,6,0.0001,0.0,0.0,4e-05
Bachittar Kanda,6,0.0001,0.0,0.0,4e-05
Ethan Krish,6,0.0001,0.0,0.0,4e-05
Kiaan Vaidya,7,0.0001,0.0,0.0,4e-05
Ekani Dixit,6,0.0001,0.0,0.0,4e-05
Timothy Sampath,6,0.0001,0.0,0.0,4e-05
Falak Bava,6,0.0001,0.0,0.0,4e-05
Joshua Lata,7,0.0001,0.0,0.0,4e-05
Shaurya Tak,6,0.0001,0.0,0.0,4e-05
Unnati Munshi,6,0.0001,0.0,0.0,4e-05
Varsha Borah,6,0.0001,0.0,0.0,4e-05
Lavanya Ramesh,6,0.0001,0.0,0.0,4e-05
Onveer Sengupta,6,0.0001,0.0,0.0,4e-05
Jagvi Kakar,6,0.0001,0.0,0.0,4e-05
Bhavika Wadhwa,7,0.0001,0.0,0.0,4e-05
Vasana Balasubramanian,6,0.0001,0.0,0.0,4e-05
Madhavi Mahajan,6,0.0001,0.0,0.0,4e-05
Ekavir Gulati,6,0.0001,0.0,0.0,4e-05
Jagrati Murthy,6,0.0001,0.0,0.0,4e-05
Urmi Murty,6,0.0001,0.0,0.0,4e-05
Qarin Palan,6,0.0001,0.0,0.0,4e-05
Amrita Mane,6,0.0001,0.0,0.0,4e-05
Warinder Thakur,6,0.0001,0.0,0.0,4e-05
Avni Ramaswamy,7,0.0001,0.0,0.0,4e-05
Janya Vasa,6,0.0001,0.0,0.0,4e-05
Naveen Baral,7,0.0001,0.0,0.0,4e-05
Urvi Pai,6,0.0001,0.0,0.0,4e-05
Anay Wason,6,0.0001,0.0,0.0,4e-05
Harshil Uppal,6,0.0001,0.0,0.0,4e-05
Vedika Sur,6,0.0001,0.0,0.0,4e-05
Jeet Handa,6,0.0001,0.0,0.0,4e-05
Chandran Parekh,6,0.0001,0.0,0.0,4e-05
Jeet Sampath,6,0.0001,0.0,0.0,4e-05
Laban Nagarajan,6,0.0001,0.0,0.0,4e-05
Ranveer Morar,6,0.0001,0.0,0.0,4e-05
Azad Subramanian,6,0.0001,0.0,0.0,4e-05
Varsha Dasgupta,6,0.0001,0.0,0.0,4e-05
Triya Chakraborty,6,0.0001,0.0,0.0,4e-05
Nathaniel Bala,6,0.0001,0.0,0.0,4e-05
Bhanumati Wable,6,0.0001,0.0,0.0,4e-05
Pranit Virk,6,0.0001,0.0,0.0,4e-05
Guneet Chahal,6,0.0001,0.0,0.0,4e-05
Vansha Srinivas,6,0.0001,0.0,0.0,4e-05
Yash Krishnan,6,0.0001,0.0,0.0,4e-05
Vasana Muni,6,0.0001,0.0,0.0,4e-05
Vihaan Pai,6,0.0001,0.0,0.0,4e-05
Ekani Chatterjee,6,0.0001,0.0,0.0,4e-05
Arjun Wali,7,0.0001,0.0,0.0,4e-05
Yashica Biswas,6,0.0001,0.0,0.0,4e-05
Oviya Date,7,0.0001,0.0,0.0,4e-05
Arunima Trivedi,6,0.0001,0.0,0.0,4e-05
Ganga Muni,6,0.0001,0.0,0.0,4e-05
Nisha Prakash,6,0.0001,0.0,0.0,4e-05
Faris Dugar,7,0.0001,0.0,0.0,4e-05
Logan Vasa,7,0.0001,0.0,0.0,4e-05
Samuel Issac,6,0.0001,0.0,0.0,4e-05
Lakshit Rajagopalan,7,0.0001,0.0,0.0,4e-05
Sneha Handa,6,0.0001,0.0,0.0,4e-05
Ishanvi Patel,6,0.0001,0.0,0.0,4e-05
Zayyan Morar,6,0.0001,0.0,0.0,4e-05
Bhavika Bail,6,0.0001,0.0,0.0,4e-05
Leena Vohra,6,0.0001,0.0,0.0,4e-05
Anita Sama,7,0.0001,0.0,0.0,4e-05
Saksham Shukla,6,0.0001,0.0,0.0,4e-05
Zilmil Dora,6,0.0001,0.0,0.0,4e-05
Brinda Mukherjee,6,0.0001,0.0,0.0,4e-05
Hritik Shan,6,0.0001,0.0,0.0,4e-05
Chameli Om,6,0.0001,0.0,0.0,4e-05
Darika Thakkar,6,0.0001,0.0,0.0,4e-05
Yashvi Subramaniam,6,0.0001,0.0,0.0,4e-05
Rachana Palla,6,0.0001,0.0,0.0,4e-05
Anirudh Bhatt,6,0.0001,0.0,0.0,4e-05
Aayush Wason,6,0.0001,0.0,0.0,4e-05
Mekhala Cheema,6,0.0001,0.0,0.0,4e-05
Vedhika Bhatt,6,0.0001,0.0,0.0,4e-05
Caleb Dani,7,0.0001,0.0,0.0,4e-05
Anay Khurana,6,0.0001,0.0,0.0,4e-05
Aishani Mallick,7,0.0001,0.0,0.0,4e-05
Samar Mitra,6,0.0001,0.0,0.0,4e-05
Oeshi Chander,6,0.0001,0.0,0.0,4e-05
Umang Hans,6,0.0001,0.0,0.0,4e-05
Yagnesh Khare,6,0.0001,0.0,0.0,4e-05
Alexander Ramesh,7,0.0001,0.0,0.0,4e-05
Ansh Parsa,6,0.0001,0.0,0.0,4e-05
Radha Nagi,6,0.0001,0.0,0.0,4e-05
Manan Patla,6,0.0001,0.0,0.0,4e-05
Vasatika Kuruvilla,6,0.0001,0.0,0.0,4e-05
Yashvi Kannan,6,0.0001,0.0,0.0,4e-05
Charles Murty,7,0.0001,0.0,0.0,4e-05
Advika Pai,6,0.0001,0.0,0.0,4e-05
Sachi Ravi,6,0.0001,0.0,0.0,4e-05
Timothy Bhattacharyya,6,0.0001,0.0,0.0,4e-05
Anusha Sethi,6,0.0001,0.0,0.0,4e-05
Omaja Sachdev,6,0.0001,0.0,0.0,4e-05
Aradhana Ramakrishnan,6,0.0001,0.0,0.0,4e-05
Kabir Goda,6,0.0001,0.0,0.0,4e-05
Upasna Arora,7,0.0001,0.0,0.0,4e-05
Ayaan Modi,6,0.0001,0.0,0.0,4e-05
Qasim Bava,6,0.0001,0.0,0.0,4e-05
Advik Randhawa,6,0.0001,0.0,0.0,4e-05
Nilima Hans,6,0.0001,0.0,0.0,4e-05
Diya Roy,6,0.0001,0.0,0.0,4e-05
Wazir Natarajan,6,0.0001,0.0,0.0,4e-05
Jatin Buch,7,0.0001,0.0,0.0,4e-05
Ekiya Dhingra,6,0.0001,0.0,0.0,4e-05
Leela Dey,6,0.0001,0.0,0.0,4e-05
Kala Bali,6,0.0001,0.0,0.0,4e-05
Ekansh Jayaraman,6,0.0001,0.0,0.0,4e-05
Sara Ratta,6,0.0001,0.0,0.0,4e-05
Girindra Dugar,6,0.0001,0.0,0.0,4e-05
Zaid Manne,6,0.0001,0.0,0.0,4e-05
Nikita Tata,7,0.0001,0.0,0.0,4e-05
Yahvi Rau,7,0.0001,0.0,0.0,4e-05
Ronith Kunda,6,0.0001,0.0,0.0,4e-05
Yagnesh Manne,6,0.0001,0.0,0.0,4e-05
Lila Lala,6,0.0001,0.0,0.0,4e-05
Kalpit Magar,6,0.0001,0.0,0.0,4e-05
Manan Dey,6,0.0001,0.0,0.0,4e-05
Vyanjana Magar,6,0.0001,0.0,0.0,4e-05
Bhanumati Lala,6,0.0001,0.0,0.0,4e-05
Zaitra Sarraf,6,0.0001,0.0,0.0,4e-05
Abhimanyu Vyas,6,0.0001,0.0,0.0,4e-05
Aadhya Vala,6,0.0001,0.0,0.0,4e-05
Brinda Halder,6,0.0001,0.0,0.0,4e-05
Ronith Hegde,6,0.0001,0.0,0.0,4e-05
Charles Khanna,7,0.0001,0.0,0.0,4e-05
Ekavir Butala,6,0.0001,0.0,0.0,4e-05
Michael Barad,6,0.0001,0.0,0.0,4e-05
Anay Prashad,6,0.0001,0.0,0.0,4e-05
Abeer Thaman,6,0.0001,0.0,0.0,4e-05
Lekha Venkataraman,6,0.0001,0.0,0.0,4e-05
Triveni Ganesh,6,0.0001,0.0,0.0,4e-05
Sara Sodhi,6,0.0001,0.0,0.0,4e-05
Rajata Nori,6,0.0001,0.0,0.0,4e-05
Triya Sengupta,6,0.0001,0.0,0.0,4e-05
Oni Sinha,6,0.0001,0.0,0.0,4e-05
Fitan Kashyap,6,0.0001,0.0,0.0,4e-05
Wakeeta Dewan,6,0.0001,0.0,0.0,4e-05
David Rajagopalan,7,0.0001,0.0,0.0,4e-05
Lopa Zachariah,7,0.0001,0.0,0.0,4e-05
Wakeeta Yogi,6,0.0001,0.0,0.0,4e-05
Maanas Dhar,6,0.0001,0.0,0.0,4e-05
Rishi Chanda,6,0.0001,0.0,0.0,4e-05
Lekha Sarraf,6,0.0001,0.0,0.0,4e-05
Abdul Cherian,6,0.0001,0.0,0.0,4e-05
Umang Badal,6,0.0001,0.0,0.0,4e-05
Ucchal Palla,6,0.0001,0.0,0.0,4e-05
Andrew Shah,6,0.0001,0.0,0.0,4e-05
Ria Raj,7,0.0001,0.0,0.0,4e-05
Bhavani Chander,6,0.0001,0.0,0.0,4e-05
Frado Shan,6,0.0001,0.0,0.0,4e-05
Jack Bhakta,6,0.0001,0.0,0.0,4e-05
Hemani Mittal,6,0.0001,0.0,0.0,4e-05
Ekbal Bakshi,6,0.0001,0.0,0.0,4e-05
Charita Sem,6,0.0001,0.0,0.0,4e-05
Siya Grover,6,0.0001,0.0,0.0,4e-05
Urvashi Bansal,6,0.0001,0.0,0.0,4e-05
Divya Goda,6,0.0001,0.0,0.0,4e-05
Vincent Choudhury,6,0.0001,0.0,0.0,4e-05
Harini Sabharwal,6,0.0001,0.0,0.0,4e-05
Zinal More,6,0.0001,0.0,0.0,4e-05
Dev Grewal,6,0.0001,0.0,0.0,4e-05
Kevin Amble,7,0.0001,0.0,0.0,4e-05
Abhimanyu Venkataraman,6,0.0001,0.0,0.0,4e-05
Indira Kale,6,0.0001,0.0,0.0,4e-05
Warinder Bahri,6,0.0001,0.0,0.0,4e-05
Vedant Ramakrishnan,6,0.0001,0.0,0.0,4e-05
Ekaja Naidu,6,0.0001,0.0,0.0,4e-05
Vaishnavi Swamy,6,0.0001,0.0,0.0,4e-05
Chandresh Banerjee,6,0.0001,0.0,0.0,4e-05
Dipta Mishra,6,0.0001,0.0,0.0,4e-05
Bishakha Kamdar,6,0.0001,0.0,0.0,4e-05
Peter Raja,6,0.0001,0.0,0.0,4e-05
Yutika Chandra,6,0.0001,0.0,0.0,4e-05
Manbir Venkatesh,6,0.0001,0.0,0.0,4e-05
Leena Vaidya,6,0.0001,0.0,0.0,4e-05
Eesha Singhal,7,0.0001,0.0,0.0,4e-05
Lila Sen,6,0.0001,0.0,0.0,4e-05
Ekta Munshi,6,0.0001,0.0,0.0,4e-05
Irya Barad,6,0.0001,0.0,0.0,4e-05
Kavya Kunda,6,0.0001,0.0,0.0,4e-05
Tara Chawla,6,0.0001,0.0,0.0,4e-05
Charles Soni,6,0.0001,0.0,0.0,4e-05
Atharv Reddy,6,0.0001,0.0,0.0,4e-05
Fiyaz Bassi,6,0.0001,0.0,0.0,4e-05
Ikbal Dhar,6,0.0001,0.0,0.0,4e-05
Ronith Datta,6,0.0001,0.0,0.0,4e-05
Waida Anand,6,0.0001,0.0,0.0,4e-05
Neel Bhakta,6,0.0001,0.0,0.0,4e-05
Peter Bhatia,6,0.0001,0.0,0.0,4e-05
Eiravati Shah,6,0.0001,0.0,0.0,4e-05
Krishna Lall,6,0.0001,0.0,0.0,4e-05
Urishilla Gulati,6,0.0001,0.0,0.0,4e-05
Yochana Subramanian,6,0.0001,0.0,0.0,4e-05
Eshana Grover,6,0.0001,0.0,0.0,4e-05
Falguni Dhawan,6,0.0001,0.0,0.0,4e-05
Nidra Garde,6,0.0001,0.0,0.0,4e-05
Maya Suri,6,0.0001,0.0,0.0,4e-05
Anjali Nayar,7,0.0001,0.0,0.0,4e-05
Tanveer Patla,6,0.0001,0.0,0.0,4e-05
Dipta Boase,6,0.0001,0.0,0.0,4e-05
Aishani Subramaniam,6,0.0001,0.0,0.0,4e-05
Rachita Sule,6,0.0001,0.0,0.0,4e-05
Adweta Ahuja,6,0.0001,0.0,0.0,4e-05
Ansh Taneja,6,0.0001,0.0,0.0,4e-05
Oliver Upadhyay,6,0.0001,0.0,0.0,4e-05
Faris Nagi,6,0.0001,0.0,0.0,4e-05
Darpan Nair,6,0.0001,0.0,0.0,4e-05
Omya Mall,6,0.0001,0.0,0.0,4e-05
Dakshesh Karpe,6,0.0001,0.0,0.0,4e-05
Jeremiah Mangat,6,0.0001,0.0,0.0,4e-05
Ira Sabharwal,6,0.0001,0.0,0.0,4e-05
Yoshita Malhotra,7,0.0001,0.0,0.0,4e-05
Pranav Deol,6,0.0001,0.0,0.0,4e-05
Sanya Dayal,6,0.0001,0.0,0.0,4e-05
Bhavna Warrior,6,0.0001,0.0,0.0,4e-05
David Agate,6,0.0001,0.0,0.0,4e-05
Indali Karpe,6,0.0001,0.0,0.0,4e-05
Damyanti Ratti,6,0.0001,0.0,0.0,4e-05
Vasatika Chand,6,0.0001,0.0,0.0,4e-05
Saanvi Madan,6,0.0001,0.0,0.0,4e-05
Kashvi Batta,7,0.0001,0.0,0.0,4e-05
Aradhana Bhavsar,7,0.0001,0.0,0.0,4e-05
Harshil Oommen,6,0.0001,0.0,0.0,4e-05
Ganga Magar,6,0.0001,0.0,0.0,4e-05
Tanay Luthra,6,0.0001,0.0,0.0,4e-05
Bishakha Gola,6,0.0001,0.0,0.0,4e-05
Yatan Agrawal,6,0.0001,0.0,0.0,4e-05
Balveer Gole,6,0.0001,0.0,0.0,4e-05
Upkaar Kala,6,0.0001,0.0,0.0,4e-05
Michael Keer,7,0.0001,0.0,0.0,4e-05
Faraj Pillay,6,0.0001,0.0,0.0,4e-05
Ayaan Sandhu,6,0.0001,0.0,0.0,4e-05
Arin Shankar,6,0.0001,0.0,0.0,4e-05
Oliver Kibe,6,0.0001,0.0,0.0,4e-05
Lila Kalla,6,0.0001,0.0,0.0,4e-05
Urmi Saini,6,0.0001,0.0,0.0,4e-05
Adya Puri,6,0.0001,0.0,0.0,4e-05
Siddharth Vig,6,0.0001,0.0,0.0,4e-05
Jasmit Sani,6,0.0001,0.0,0.0,4e-05
Bimala Bobal,6,0.0001,0.0,0.0,4e-05
Aishani Rama,6,0.0001,0.0,0.0,4e-05
Lila Deshmukh,6,0.0001,0.0,0.0,4e-05
Mason Sastry,6,0.0001,0.0,0.0,4e-05
Oliver Ravel,7,0.0001,0.0,0.0,4e-05
Chandran Seth,6,0.0001,0.0,0.0,4e-05
Akshay Rout,6,0.0001,0.0,0.0,4e-05
Isaac Ahuja,7,0.0001,0.0,0.0,4e-05
Abdul Sarna,6,0.0001,0.0,0.0,4e-05
Matthew Pradhan,6,0.0001,0.0,0.0,4e-05
Harita Kothari,6,0.0001,0.0,0.0,4e-05
Rachana Sehgal,6,0.0001,0.0,0.0,4e-05
Devansh Gokhale,6,0.0001,0.0,0.0,4e-05
Chavvi Butala,6,0.0001,0.0,0.0,4e-05
Varenya Rege,6,0.0001,0.0,0.0,4e-05
Panini Purohit,6,0.0001,0.0,0.0,4e-05
Ati Verma,6,0.0001,0.0,0.0,4e-05
Jonathan Sangha,6,0.0001,0.0,0.0,4e-05
Charita Setty,6,0.0001,0.0,0.0,4e-05
Daksh Manda,6,0.0001,0.0,0.0,4e-05
Tripti Pillay,6,0.0001,0.0,0.0,4e-05
Faris Ghosh,6,0.0001,0.0,0.0,4e-05
Kala Bhandari,6,0.0001,0.0,0.0,4e-05
Aachal Balasubramanian,6,0.0001,0.0,0.0,4e-05
Manbir Shetty,6,0.0001,0.0,0.0,4e-05
Vamakshi Deshmukh,6,0.0001,0.0,0.0,4e-05
Netra Bajaj,6,0.0001,0.0,0.0,4e-05
Upma Ganesh,6,0.0001,0.0,0.0,4e-05
Prisha Borah,6,0.0001,0.0,0.0,4e-05
Januja Narayan,6,0.0001,0.0,0.0,4e-05
Krish Padmanabhan,6,0.0001,0.0,0.0,4e-05
Yamini Dhaliwal,6,0.0001,0.0,0.0,4e-05
Lipika Kothari,6,0.0001,0.0,0.0,4e-05
Lipika Srinivas,6,0.0001,0.0,0.0,4e-05
Utkarsh Naidu,7,0.0001,0.0,0.0,4e-05
Sai Raval,6,0.0001,0.0,0.0,4e-05
Brijesh Lanka,6,0.0001,0.0,0.0,4e-05
Rudra Mannan,6,0.0001,0.0,0.0,4e-05
Vritti Pillai,6,0.0001,0.0,0.0,4e-05
Tanveer Purohit,6,0.0001,0.0,0.0,4e-05
Vidhi Balakrishnan,6,0.0001,0.0,0.0,4e-05
Tanish Shanker,6,0.0001,0.0,0.0,4e-05
Samar Subramaniam,6,0.0001,0.0,0.0,4e-05
Brijesh Borde,6,0.0001,0.0,0.0,4e-05
Lopa Mahal,6,0.0001,0.0,0.0,4e-05
Falak Srinivasan,6,0.0001,0.0,0.0,4e-05
Ucchal Naik,7,0.0001,0.0,0.0,4e-05
Pranit Sanghvi,6,0.0001,0.0,0.0,4e-05
Hamsini Mall,6,0.0001,0.0,0.0,4e-05
Agastya Viswanathan,6,0.0001,0.0,0.0,4e-05
Tejas Cherian,6,0.0001,0.0,0.0,4e-05
Mohini Chaudhuri,6,0.0001,0.0,0.0,4e-05
Zinal Bhargava,6,0.0001,0.0,0.0,4e-05
Harshil Varma,6,0.0001,0.0,0.0,4e-05
Widisha Bobal,6,0.0001,0.0,0.0,4e-05
Ikbal Sidhu,6,0.0001,0.0,0.0,4e-05
Zayyan Doshi,6,0.0001,0.0,0.0,4e-05
Alexander Bhalla,6,0.0001,0.0,0.0,4e-05
Tripti Dasgupta,7,0.0001,0.0,0.0,4e-05
Harsh Toor,6,0.0001,0.0,0.0,4e-05
Jyoti Bakshi,6,0.0001,0.0,0.0,4e-05
Yug Sengupta,6,0.0001,0.0,0.0,4e-05
Ayush Doshi,7,0.0001,0.0,0.0,4e-05
Gopal Merchant,6,0.0001,0.0,0.0,4e-05
Anamika Randhawa,6,0.0001,0.0,0.0,4e-05
Yuvraj Khurana,6,0.0001,0.0,0.0,4e-05
Sanya Suresh,6,0.0001,0.0,0.0,4e-05
Fariq Mistry,6,0.0001,0.0,0.0,4e-05
Aahana Prabhu,6,0.0001,0.0,0.0,4e-05
Avni Sahota,6,0.0001,0.0,0.0,4e-05
Caleb Sarkar,6,0.0001,0.0,0.0,4e-05
Vasana Nigam,7,0.0001,0.0,0.0,4e-05
Ekantika Raj,6,0.0001,0.0,0.0,4e-05
Yashvi Kanda,6,0.0001,0.0,0.0,4e-05
Zayan Dhawan,6,0.0001,0.0,0.0,4e-05
Champak Chaudhary,6,0.0001,0.0,0.0,4e-05
Jatin Kanda,6,0.0001,0.0,0.0,4e-05
Logan Puri,7,0.0001,0.0,0.0,4e-05
Chandresh Brar,6,0.0001,0.0,0.0,4e-05
Nathaniel Bhatnagar,6,0.0001,0.0,0.0,4e-05
Falan Pall,6,0.0001,0.0,0.0,4e-05
Forum Bhasin,6,0.0001,0.0,0.0,4e-05
Prisha Mammen,6,0.0001,0.0,0.0,4e-05
Ati Parikh,6,0.0001,0.0,0.0,4e-05
Ekbal Gour,6,0.0001,0.0,0.0,4e-05
Joshua Tata,6,0.0001,0.0,0.0,4e-05
Aayush Wali,6,0.0001,0.0,0.0,4e-05
Champak Sankaran,6,0.0001,0.0,0.0,4e-05
Gauri Saxena,6,0.0001,0.0,0.0,4e-05
Alka Bhardwaj,6,0.0001,0.0,0.0,4e-05
Ridhi Bahri,6,0.0001,0.0,0.0,4e-05
Ishwar Lad,7,0.0001,0.0,0.0,4e-05
Hema Taneja,7,0.0001,0.0,0.0,4e-05
Chanchal Chandran,6,0.0001,0.0,0.0,4e-05
Yug Jaggi,6,0.0001,0.0,0.0,4e-05
Abha Ben,7,0.0001,0.0,0.0,4e-05
Siddharth Shan,6,0.0001,0.0,0.0,4e-05
Sai Chokshi,6,0.0001,0.0,0.0,4e-05
Hemangini Sabharwal,6,0.0001,0.0,0.0,4e-05
Ranbir Sabharwal,6,0.0001,0.0,0.0,4e-05
Xavier Chowdhury,6,0.0001,0.0,0.0,4e-05
Darika Deo,6,0.0001,0.0,0.0,4e-05
Gautami Nayak,7,0.0001,0.0,0.0,4e-05
Yamini Varghese,6,0.0001,0.0,0.0,4e-05
Rajata Borde,6,0.0001,0.0,0.0,4e-05
Barkha Thaman,6,0.0001,0.0,0.0,4e-05
Jagat Tak,6,0.0001,0.0,0.0,4e-05
Aarush Chandran,6,0.0001,0.0,0.0,4e-05
Manbir Nigam,6,0.0001,0.0,0.0,4e-05
Ojasvi Wason,6,0.0001,0.0,0.0,4e-05
Yashodhara Seth,6,0.0001,0.0,0.0,4e-05
Madhavi Deshmukh,6,0.0001,0.0,0.0,4e-05
Qushi Zachariah,6,0.0001,0.0,0.0,4e-05
Gautam Garg,6,0.0001,0.0,0.0,4e-05
Jacob Dalal,6,0.0001,0.0,0.0,4e-05
Tanmayi Raval,6,0.0001,0.0,0.0,4e-05
Caleb Ratti,6,0.0001,0.0,0.0,4e-05
Sudiksha Dora,6,0.0001,0.0,0.0,4e-05
Aarini Garg,6,0.0001,0.0,0.0,4e-05
Krish Kaul,6,0.0001,0.0,0.0,4e-05
Dhruv Bhatti,6,0.0001,0.0,0.0,4e-05
Gautam Kala,6,0.0001,0.0,0.0,4e-05
Jeevika Sahni,6,0.0001,0.0,0.0,4e-05
Hemang Barad,6,0.0001,0.0,0.0,4e-05
Nidra Garg,6,0.0001,0.0,0.0,4e-05
Naksh Krishna,6,0.0001,0.0,0.0,4e-05
Kala Kanda,7,0.0001,0.0,0.0,4e-05
Mitali Madan,6,0.0001,0.0,0.0,4e-05
Sanya Khosla,6,0.0001,0.0,0.0,4e-05
Harshil Bhatti,6,0.0001,0.0,0.0,4e-05
Lila Yohannan,6,0.0001,0.0,0.0,4e-05
Watika Ben,6,0.0001,0.0,0.0,4e-05
Luke Nath,6,0.0001,0.0,0.0,4e-05
Urishilla Cherian,6,0.0001,0.0,0.0,4e-05
Sai Vyas,6,0.0001,0.0,0.0,4e-05
Avni Kunda,6,0.0001,0.0,0.0,4e-05
Ethan Iyengar,6,0.0001,0.0,0.0,4e-05
Gaurav Bhatti,6,0.0001,0.0,0.0,4e-05
Chandresh Agarwal,6,0.0001,0.0,0.0,4e-05
Tara Dani,6,0.0001,0.0,0.0,4e-05
Vincent Mody,6,0.0001,0.0,0.0,4e-05
Yash Bajaj,7,0.0001,0.0,0.0,4e-05
Umang Vig,6,0.0001,0.0,0.0,4e-05
Yashawini Pal,6,0.0001,0.0,0.0,4e-05
Wyatt Sami,6,0.0001,0.0,0.0,4e-05
Amara Luthra,6,0.0001,0.0,0.0,4e-05
Gagan Subramaniam,7,0.0001,0.0,0.0,4e-05
Sneha Narula,6,0.0001,0.0,0.0,4e-05
Ekani Bhasin,6,0.0001,0.0,0.0,4e-05
Chaaya Aggarwal,6,0.0001,0.0,0.0,4e-05
Liam Kanda,6,0.0001,0.0,0.0,4e-05
Rachana Murty,6,0.0001,0.0,0.0,4e-05
Laban Lad,6,0.0001,0.0,0.0,4e-05
Jasmit Issac,6,0.0001,0.0,0.0,4e-05
Jasmit Iyer,6,0.0001,0.0,0.0,4e-05
Darika Golla,6,0.0001,0.0,0.0,4e-05
Bachittar Joshi,6,0.0001,0.0,0.0,4e-05
Gopal Gara,6,0.0001,0.0,0.0,4e-05
Akshay Gour,6,0.0001,0.0,0.0,4e-05
Naksh Parikh,6,0.0001,0.0,0.0,4e-05
Chaaya Jain,6,0.0001,0.0,0.0,4e-05
Arin Oza,6,0.0001,0.0,0.0,4e-05
Barkha Gala,6,0.0001,0.0,0.0,4e-05
Turvi Ganesan,6,0.0001,0.0,0.0,4e-05
Frado Gara,6,0.0001,0.0,0.0,4e-05
Frederick Madan,6,0.0001,0.0,0.0,4e-05
Brinda De,6,0.0001,0.0,0.0,4e-05
Kiaan Bora,6,0.0001,0.0,0.0,4e-05
Hemal Wadhwa,6,0.0001,0.0,0.0,4e-05
Kashvi Ranganathan,6,0.0001,0.0,0.0,4e-05
Nihal Warrior,6,0.0001,0.0,0.0,4e-05
Zansi Tara,6,0.0001,0.0,0.0,4e-05
Yash Palla,6,0.0001,0.0,0.0,4e-05
Yachana Dar,6,0.0001,0.0,0.0,4e-05
Rehaan Dara,6,0.0001,0.0,0.0,4e-05
Balveer Srinivasan,6,0.0001,0.0,0.0,4e-05
Samar Dube,6,0.0001,0.0,0.0,4e-05
Amara Gera,6,0.0001,0.0,0.0,4e-05
Indali Swaminathan,6,0.0001,0.0,0.0,4e-05
Advay Pathak,7,0.0001,0.0,0.0,4e-05
Ekansh Sur,6,0.0001,0.0,0.0,4e-05
Patrick Bhatia,6,0.0001,0.0,0.0,4e-05
Ladli Bhargava,7,0.0001,0.0,0.0,4e-05
Nicholas Nigam,6,0.0001,0.0,0.0,4e-05
Netra Bali,7,0.0001,0.0,0.0,4e-05
Vrinda Prashad,6,0.0001,0.0,0.0,4e-05
Ekta Sant,6,0.0001,0.0,0.0,4e-05
Falan Vaidya,7,0.0001,0.0,0.0,4e-05
Ronith Das,6,0.0001,0.0,0.0,4e-05
Omisha Mangat,6,0.0001,0.0,0.0,4e-05
Zilmil Ramesh,6,0.0001,0.0,0.0,4e-05
Wridesh Hayre,6,0.0001,0.0,0.0,4e-05
Advika Gokhale,6,0.0001,0.0,0.0,4e-05
Zinal Lala,6,0.0001,0.0,0.0,4e-05
Fitan Grover,6,0.0001,0.0,0.0,4e-05
Diya Gade,6,0.0001,0.0,0.0,4e-05
Chavvi Ganesan,6,0.0001,0.0,0.0,4e-05
Yagnesh Saini,6,0.0001,0.0,0.0,4e-05
Sai Bandi,6,0.0001,0.0,0.0,4e-05
Anmol Dugar,6,0.0001,0.0,0.0,4e-05
Amara Pai,6,0.0001,0.0,0.0,4e-05
Ucchal Tata,6,0.0001,0.0,0.0,4e-05
Ishanvi Lall,6,0.0001,0.0,0.0,4e-05
Frederick Goda,6,0.0001,0.0,0.0,4e-05
Kevin Sem,6,0.0001,0.0,0.0,4e-05
Rudra Borde,7,0.0001,0.0,0.0,4e-05
Inaya Ravel,6,0.0001,0.0,0.0,4e-05
Balveer Raj,6,0.0001,0.0,0.0,4e-05
Naksh Kanda,6,0.0001,0.0,0.0,4e-05
Vrishti Dewan,6,0.0001,0.0,0.0,4e-05
Victor Rout,7,0.0001,0.0,0.0,4e-05
Anusha Basak,6,0.0001,0.0,0.0,4e-05
Ladli Sastry,6,0.0001,0.0,0.0,4e-05
Chavvi Khosla,6,0.0001,0.0,0.0,4e-05
Damyanti Krishnamurthy,6,0.0001,0.0,0.0,4e-05
Hritik Chatterjee,6,0.0001,0.0,0.0,4e-05
Anvi Chacko,6,0.0001,0.0,0.0,4e-05
Manan Saran,6,0.0001,0.0,0.0,4e-05
Chanchal Vaidya,7,0.0001,0.0,0.0,4e-05
Quincy Zacharia,6,0.0001,0.0,0.0,4e-05
Nakul Varughese,6,0.0001,0.0,0.0,4e-05
Naveen Nayak,6,0.0001,0.0,0.0,4e-05
Irya Subramaniam,6,0.0001,0.0,0.0,4e-05
Bakhshi Mitra,6,0.0001,0.0,0.0,4e-05
Devansh Toor,6,0.0001,0.0,0.0,4e-05
Vaishnavi Chokshi,6,0.0001,0.0,0.0,4e-05
Aryan Merchant,6,0.0001,0.0,0.0,4e-05
Tanveer Sangha,6,0.0001,0.0,0.0,4e-05
Advika Choudhary,6,0.0001,0.0,0.0,4e-05
Nirja Kurian,6,0.0001,0.0,0.0,4e-05
Leena Sachar,6,0.0001,0.0,0.0,4e-05
Ranbir Saxena,6,0.0001,0.0,0.0,4e-05
Aradhana Krishnan,6,0.0001,0.0,0.0,4e-05
Caleb Misra,6,0.0001,0.0,0.0,4e-05
Udant Hora,7,0.0001,0.0,0.0,4e-05
Yamini Ranganathan,6,0.0001,0.0,0.0,4e-05
Xalak Gulati,6,0.0001,0.0,0.0,4e-05
Fitan Tank,6,0.0001,0.0,0.0,4e-05
Yachana Narayan,6,0.0001,0.0,0.0,4e-05
Chanakya Natt,6,0.0001,0.0,0.0,4e-05
Vivaan Sabharwal,6,0.0001,0.0,0.0,4e-05
Mohammed Goel,6,0.0001,0.0,0.0,4e-05
Rajata Muni,6,0.0001,0.0,0.0,4e-05
Amara Sachdeva,6,0.0001,0.0,0.0,4e-05
Karan Sathe,6,0.0001,0.0,0.0,4e-05
Aarnav Vaidya,6,0.0001,0.0,0.0,4e-05
Balhaar Gade,6,0.0001,0.0,0.0,4e-05
Orinder Sibal,6,0.0001,0.0,0.0,4e-05
Daniel Som,6,0.0001,0.0,0.0,4e-05
Fitan Behl,6,0.0001,0.0,0.0,4e-05
Lajita Brahmbhatt,6,0.0001,0.0,0.0,4e-05
Ishaan Manne,6,0.0001,0.0,0.0,4e-05
Yatan Din,6,0.0001,0.0,0.0,4e-05
Oni Sani,7,0.0001,0.0,0.0,4e-05
Omisha Cherian,6,0.0001,0.0,0.0,4e-05
Hemal Savant,6,0.0001,0.0,0.0,4e-05
Upasna Kala,7,0.0001,0.0,0.0,4e-05
Rachit Pal,6,0.0001,0.0,0.0,4e-05
Chatresh Narayan,6,0.0001,0.0,0.0,4e-05
Jonathan Mallick,6,0.0001,0.0,0.0,4e-05
Dayita Apte,6,0.0001,0.0,0.0,4e-05
George Arya,6,0.0001,0.0,0.0,4e-05
Vihaan Dash,6,0.0001,0.0,0.0,4e-05
Edhitha Kanda,6,0.0001,0.0,0.0,4e-05
Harsh Konda,6,0.0001,0.0,0.0,4e-05
Gavin Handa,6,0.0001,0.0,0.0,4e-05
Pushti Chaudhary,6,0.0001,0.0,0.0,4e-05
Saksham Sandal,6,0.0001,0.0,0.0,4e-05
Dipta Sachar,6,0.0001,0.0,0.0,4e-05
Baljiwan Kade,6,0.0001,0.0,0.0,4e-05
Chandresh Nagarajan,6,0.0001,0.0,0.0,4e-05
Tejas Chawla,6,0.0001,0.0,0.0,4e-05
Laban Pillay,6,0.0001,0.0,0.0,4e-05
Ikshita Ghose,6,0.0001,0.0,0.0,4e-05
Girish Sekhon,6,0.0001,0.0,0.0,4e-05
Vrishti Das,6,0.0001,0.0,0.0,4e-05
Tripti Khosla,7,0.0001,0.0,0.0,4e-05
Hemani Ben,6,0.0001,0.0,0.0,4e-05
Guneet Dasgupta,6,0.0001,0.0,0.0,4e-05
Michael Tara,6,0.0001,0.0,0.0,4e-05
Ayush Dhar,6,0.0001,0.0,0.0,4e-05
Guneet Ben,6,0.0001,0.0,0.0,4e-05
Waida Aurora,6,0.0001,0.0,0.0,4e-05
Aadi Sankaran,6,0.0001,0.0,0.0,4e-05
Anay Rajagopal,6,0.0001,0.0,0.0,4e-05
Ayaan Buch,6,0.0001,0.0,0.0,4e-05
Chatresh Mangal,6,0.0001,0.0,0.0,4e-05
Abeer Sandhu,6,0.0001,0.0,0.0,4e-05
Jagat Krishnan,6,0.0001,0.0,0.0,4e-05
Upma Johal,6,0.0001,0.0,0.0,4e-05
Rachita Sundaram,6,0.0001,0.0,0.0,4e-05
Vedika Bhavsar,6,0.0001,0.0,0.0,4e-05
Eshana Ratta,6,0.0001,0.0,0.0,4e-05
Gagan Bhatt,6,0.0001,0.0,0.0,4e-05
Priya Devi,6,0.0001,0.0,0.0,4e-05
Anusha Deo,6,0.0001,0.0,0.0,4e-05
Charan Mall,7,0.0001,0.0,0.0,4e-05
Maya Hayer,6,0.0001,0.0,0.0,4e-05
Logan Natarajan,7,0.0001,0.0,0.0,4e-05
Jagrati Saran,6,0.0001,0.0,0.0,4e-05
Rachana Kanda,6,0.0001,0.0,0.0,4e-05
Brinda Suresh,6,0.0001,0.0,0.0,4e-05
Udyati Goswami,6,0.0001,0.0,0.0,4e-05
Girish Tak,6,0.0001,0.0,0.0,4e-05
Pavani Dubey,6,0.0001,0.0,0.0,4e-05
Ishani Brahmbhatt,6,0.0001,0.0,0.0,4e-05
Vedhika Mane,6,0.0001,0.0,0.0,4e-05
Urishilla Sharaf,6,0.0001,0.0,0.0,4e-05
Rushil Jhaveri,6,0.0001,0.0,0.0,4e-05
Maya Mohanty,6,0.0001,0.0,0.0,4e-05
Jyoti Bassi,6,0.0001,0.0,0.0,4e-05
Janaki Chanda,6,0.0001,0.0,0.0,4e-05
Ronith Lanka,6,0.0001,0.0,0.0,4e-05
Daniel Keer,6,0.0001,0.0,0.0,4e-05
Ayaan Lala,6,0.0001,0.0,0.0,4e-05
Arunima Kaul,6,0.0001,0.0,0.0,4e-05
Anirudh Ramaswamy,6,0.0001,0.0,0.0,4e-05
Nimrat Joshi,6,0.0001,0.0,0.0,4e-05
Krisha Nagar,6,0.0001,0.0,0.0,4e-05
Arunima Sachdev,6,0.0001,0.0,0.0,4e-05
Sudiksha Sheth,6,0.0001,0.0,0.0,4e-05
Ekaja Nigam,6,0.0001,0.0,0.0,4e-05
Peter Sinha,7,0.0001,0.0,0.0,4e-05
Ubika Madan,6,0.0001,0.0,0.0,4e-05
Ishita Loke,6,0.0001,0.0,0.0,4e-05
Rajeshri Anne,6,0.0001,0.0,0.0,4e-05
Leena Balasubramanian,6,0.0001,0.0,0.0,4e-05
Jonathan Bedi,6,0.0001,0.0,0.0,4e-05
Kashvi Pathak,6,0.0001,0.0,0.0,4e-05
Chaitaly Setty,6,0.0001,0.0,0.0,4e-05
Fitan Bhandari,6,0.0001,0.0,0.0,4e-05
Yashvi Sehgal,6,0.0001,0.0,0.0,4e-05
Gaurangi Modi,6,0.0001,0.0,0.0,4e-05
Ekanta Parsa,6,0.0001,0.0,0.0,4e-05
Divya Uppal,6,0.0001,0.0,0.0,4e-05
Champak Madan,6,0.0001,0.0,0.0,4e-05
Daksha Dada,6,0.0001,0.0,0.0,4e-05
Anirudh Andra,7,0.0001,0.0,0.0,4e-05
Yuvraj Badal,6,0.0001,0.0,0.0,4e-05
Kritika Varughese,7,0.0001,0.0,0.0,4e-05
Rushil Palla,6,0.0001,0.0,0.0,4e-05
Samar Sarma,6,0.0001,0.0,0.0,4e-05
Warinder Rastogi,6,0.0001,0.0,0.0,4e-05
Girik Vyas,6,0.0001,0.0,0.0,4e-05
Advay Sandhu,6,0.0001,0.0,0.0,4e-05
Balveer Gera,6,0.0001,0.0,0.0,4e-05
Dalbir Mitter,6,0.0001,0.0,0.0,4e-05
Yoshita Dhar,6,0.0001,0.0,0.0,4e-05
Ishanvi Hans,6,0.0001,0.0,0.0,4e-05
Balhaar Kara,6,0.0001,0.0,0.0,4e-05
Zansi Subramanian,6,0.0001,0.0,0.0,4e-05
Arjun Shere,6,0.0001,0.0,0.0,4e-05
Baljiwan Sant,6,0.0001,0.0,0.0,4e-05
Radha Dora,6,0.0001,0.0,0.0,4e-05
Ekbal Om,7,0.0001,0.0,0.0,4e-05
Deepa Handa,6,0.0001,0.0,0.0,4e-05
Bhavani Dyal,6,0.0001,0.0,0.0,4e-05
Zinal Basu,6,0.0001,0.0,0.0,4e-05
Yashica Deshmukh,6,0.0001,0.0,0.0,4e-05
Jason Ramesh,6,0.0001,0.0,0.0,4e-05
Upadhriti Virk,6,0.0001,0.0,0.0,4e-05
Pranit Ravel,6,0.0001,0.0,0.0,4e-05
Vrishti Zachariah,6,0.0001,0.0,0.0,4e-05
Neelima Pau,6,0.0001,0.0,0.0,4e-05
Ekantika Nadig,6,0.0001,0.0,0.0,4e-05
Mekhala Dugar,6,0.0001,0.0,0.0,4e-05
Jonathan Kari,6,0.0001,0.0,0.0,4e-05
Urmi Raja,6,0.0001,0.0,0.0,4e-05
Jason Kashyap,6,0.0001,0.0,0.0,4e-05
Krisha Bhandari,6,0.0001,0.0,0.0,4e-05
Mitesh Verma,6,0.0001,0.0,0.0,4e-05
Tanay Raman,6,0.0001,0.0,0.0,4e-05
Vansha Sagar,6,0.0001,0.0,0.0,4e-05
David Rajagopal,6,0.0001,0.0,0.0,4e-05
Yahvi Oza,6,0.0001,0.0,0.0,4e-05
Indrajit Dutt,6,0.0001,0.0,0.0,4e-05
Advik Wadhwa,6,0.0001,0.0,0.0,4e-05
Oliver Kant,6,0.0001,0.0,0.0,4e-05
Caleb Goel,6,0.0001,0.0,0.0,4e-05
Caleb Ganesan,6,0.0001,0.0,0.0,4e-05
Aahana Saini,6,0.0001,0.0,0.0,4e-05
Vinaya Borah,6,0.0001,0.0,0.0,4e-05
Raghav Garde,6,0.0001,0.0,0.0,4e-05
Matthew Nagi,6,0.0001,0.0,0.0,4e-05
Pranav Ravi,6,0.0001,0.0,0.0,4e-05
Dev Samra,6,0.0001,0.0,0.0,4e-05
Jalsa Nath,6,0.0001,0.0,0.0,4e-05
Baghyawati Shukla,6,0.0001,0.0,0.0,4e-05
Tara Verma,6,0.0001,0.0,0.0,4e-05
Gauri Chandra,6,0.0001,0.0,0.0,4e-05
Elijah Chaudhari,7,0.0001,0.0,0.0,4e-05
Fiyaz Baria,6,0.0001,0.0,0.0,4e-05
Tanmayi Aggarwal,6,0.0001,0.0,0.0,4e-05
Utkarsh Sarin,6,0.0001,0.0,0.0,4e-05
Agastya Narayanan,6,0.0001,0.0,0.0,4e-05
Oviya Morar,6,0.0001,0.0,0.0,4e-05
Warda Sahni,6,0.0001,0.0,0.0,4e-05
Zayyan Handa,6,0.0001,0.0,0.0,4e-05
Tamanna Sandal,6,0.0001,0.0,0.0,4e-05
Ethan Bir,6,0.0001,0.0,0.0,4e-05
Mason Bhatia,7,0.0001,0.0,0.0,4e-05
Jack Sibal,6,0.0001,0.0,0.0,4e-05
Finn Misra,6,0.0001,0.0,0.0,4e-05
Falan Agate,6,0.0001,0.0,0.0,4e-05
Kritika More,7,0.0001,0.0,0.0,4e-05
Yashasvi Gopal,6,0.0001,0.0,0.0,4e-05
Baghyawati Dhar,6,0.0001,0.0,0.0,4e-05
Chaman Murty,6,0.0001,0.0,0.0,4e-05
Lakshit Contractor,6,0.0001,0.0,0.0,4e-05
Chavvi Date,6,0.0001,0.0,0.0,4e-05
Samuel Chanda,6,0.0001,0.0,0.0,4e-05
Jonathan Deshpande,6,0.0001,0.0,0.0,4e-05
Dominic Soni,7,0.0001,0.0,0.0,4e-05
Aishani Krishnan,6,0.0001,0.0,0.0,4e-05
Kala Parmer,6,0.0001,0.0,0.0,4e-05
Patrick Natarajan,6,0.0001,0.0,0.0,4e-05
Darpan Varghese,6,0.0001,0.0,0.0,4e-05
Gaurang Parsa,6,0.0001,0.0,0.0,4e-05
Samuel Bandi,6,0.0001,0.0,0.0,4e-05
Vrinda Krishnan,6,0.0001,0.0,0.0,4e-05
Zilmil Bhargava,6,0.0001,0.0,0.0,4e-05
Simon Deep,6,0.0001,0.0,0.0,4e-05
Chaaya Singhal,6,0.0001,0.0,0.0,4e-05
Aachal Dyal,6,0.0001,0.0,0.0,4e-05
Nitara Doshi,6,0.0001,0.0,0.0,4e-05
Upkaar Kade,6,0.0001,0.0,0.0,4e-05
Jhalak Srinivasan,6,0.0001,0.0,0.0,4e-05
Sarthak Parmar,6,0.0001,0.0,0.0,4e-05
Gaurangi Gaba,6,0.0001,0.0,0.0,4e-05
Unnati Tara,6,0.0001,0.0,0.0,4e-05
Chaaya Dhar,6,0.0001,0.0,0.0,4e-05
Dalaja Gandhi,6,0.0001,0.0,0.0,4e-05
Harinakshi Johal,6,0.0001,0.0,0.0,4e-05
Ishita Acharya,7,0.0001,0.0,0.0,4e-05
Yug Dugar,6,0.0001,0.0,0.0,4e-05
Jhalak Lala,6,0.0001,0.0,0.0,4e-05
Laksh Banerjee,6,0.0001,0.0,0.0,4e-05
Sachi Patel,6,0.0001,0.0,0.0,4e-05
Pranav Dewan,6,0.0001,0.0,0.0,4e-05
Utkarsh Kuruvilla,6,0.0001,0.0,0.0,4e-05
Ira Mandal,6,0.0001,0.0,0.0,4e-05
Jacob Ganesh,6,0.0001,0.0,0.0,4e-05
Owen Mitter,6,0.0001,0.0,0.0,4e-05
Banjeet Loke,6,0.0001,0.0,0.0,4e-05
Ekaja Chaudhary,6,0.0001,0.0,0.0,4e-05
Tristan Aurora,6,0.0001,0.0,0.0,4e-05
Laban Goda,7,0.0001,0.0,0.0,4e-05
Naveen Chaudhari,6,0.0001,0.0,0.0,4e-05
Dayita Mukherjee,6,0.0001,0.0,0.0,4e-05
Ranveer Kumer,7,0.0001,0.0,0.0,4e-05
Vaishnavi Singh,7,0.0001,0.0,0.0,4e-05
Kevin Ahluwalia,6,0.0001,0.0,0.0,4e-05
Mitesh Pandit,6,0.0001,0.0,0.0,4e-05
Udarsh Deol,6,0.0001,0.0,0.0,4e-05
Rajata Bhavsar,6,0.0001,0.0,0.0,4e-05
Jeevika Ratti,6,0.0001,0.0,0.0,4e-05
Fariq Johal,6,0.0001,0.0,0.0,4e-05
Bhavika Date,6,0.0001,0.0,0.0,4e-05
Amruta Sathe,6,0.0001,0.0,0.0,4e-05
Sara Chatterjee,6,0.0001,0.0,0.0,4e-05
Darsh Shan,6,0.0001,0.0,0.0,4e-05
Vanya Sodhi,6,0.0001,0.0,0.0,4e-05
Kala Dyal,6,0.0001,0.0,0.0,4e-05
Gaurav Rana,6,0.0001,0.0,0.0,4e-05
Lakshit Raghavan,7,0.0001,0.0,0.0,4e-05
Nisha Parmar,6,0.0001,0.0,0.0,4e-05
Hardik Barad,6,0.0001,0.0,0.0,4e-05
Wyatt Dada,6,0.0001,0.0,0.0,4e-05
Ayaan Chand,6,0.0001,0.0,0.0,4e-05
Luke Mander,6,0.0001,0.0,0.0,4e-05
Jhalak Bhasin,6,0.0001,0.0,0.0,4e-05
Oliver Jayaraman,6,0.0001,0.0,0.0,4e-05
Jatin Narayanan,6,0.0001,0.0,0.0,4e-05
Watika Kuruvilla,6,0.0001,0.0,0.0,4e-05
Hema Agarwal,6,0.0001,0.0,0.0,4e-05
Gopal Talwar,6,0.0001,0.0,0.0,4e-05
Rachana Saini,6,0.0001,0.0,0.0,4e-05
Isaac Saran,6,0.0001,0.0,0.0,4e-05
Reva Krishna,6,0.0001,0.0,0.0,4e-05
Bhanumati Khatri,7,0.0001,0.0,0.0,4e-05
Saumya Babu,6,0.0001,0.0,0.0,4e-05
Abha Gupta,6,0.0001,0.0,0.0,4e-05
Urmi Andra,6,0.0001,0.0,0.0,4e-05
Gayathri Iyer,6,0.0001,0.0,0.0,4e-05
Vincent Chandran,6,0.0001,0.0,0.0,4e-05
Gopal Loke,6,0.0001,0.0,0.0,4e-05
Hitesh Gill,6,0.0001,0.0,0.0,4e-05
Ekbal Oak,6,0.0001,0.0,0.0,4e-05
Edhitha Grover,7,0.0001,0.0,0.0,4e-05
Maanas Korpal,6,0.0001,0.0,0.0,4e-05
Alexander Kuruvilla,6,0.0001,0.0,0.0,4e-05
Ucchal Balakrishnan,6,0.0001,0.0,0.0,4e-05
Hemal Lal,6,0.0001,0.0,0.0,4e-05
Ishanvi Date,6,0.0001,0.0,0.0,4e-05
Ishani Sha,6,0.0001,0.0,0.0,4e-05
Owen Samra,6,0.0001,0.0,0.0,4e-05
Maanav Dewan,6,0.0001,0.0,0.0,4e-05
Nitara Pandey,6,0.0001,0.0,0.0,4e-05
Jackson Lad,6,0.0001,0.0,0.0,4e-05
Mekhala Chokshi,6,0.0001,0.0,0.0,4e-05
Lekha Dass,6,0.0001,0.0,0.0,4e-05
Charan Singhal,6,0.0001,0.0,0.0,4e-05
Niharika Balay,6,0.0001,0.0,0.0,4e-05
Urmi Bains,6,0.0001,0.0,0.0,4e-05
Kalpit Banerjee,6,0.0001,0.0,0.0,4e-05
Krisha Sant,6,0.0001,0.0,0.0,4e-05
Samuel Mohan,6,0.0001,0.0,0.0,4e-05
Oeshi Sen,6,0.0001,0.0,0.0,4e-05
Mohini Naik,6,0.0001,0.0,0.0,4e-05
Rajeshri Oak,6,0.0001,0.0,0.0,4e-05
Hemang Chhabra,6,0.0001,0.0,0.0,4e-05
Aryan Bal,6,0.0001,0.0,0.0,4e-05
Chakradev Lad,6,0.0001,0.0,0.0,4e-05
Brijesh Pau,6,0.0001,0.0,0.0,4e-05
Jagat Srinivas,6,0.0001,0.0,0.0,4e-05
Yachana Borde,6,0.0001,0.0,0.0,4e-05
Rachit Sanghvi,6,0.0001,0.0,0.0,4e-05
Balvan Saini,7,0.0001,0.0,0.0,4e-05
Agastya Loyal,6,0.0001,0.0,0.0,4e-05
Aahana Sani,6,0.0001,0.0,0.0,4e-05
Vamakshi Raghavan,6,0.0001,0.0,0.0,4e-05
Keya Chaudhry,7,0.0001,0.0,0.0,4e-05
Libni Chander,6,0.0001,0.0,0.0,4e-05
Kavya Hayer,6,0.0001,0.0,0.0,4e-05
Vasana Gera,7,0.0001,0.0,0.0,4e-05
Omisha Raju,6,0.0001,0.0,0.0,4e-05
Jack Mukherjee,6,0.0001,0.0,0.0,4e-05
Gaurangi Venkataraman,6,0.0001,0.0,0.0,4e-05
Harish Kata,6,0.0001,0.0,0.0,4e-05
Samesh Batta,6,0.0001,0.0,0.0,4e-05
Yashvi Pal,6,0.0001,0.0,0.0,4e-05
Frado Baria,6,0.0001,0.0,0.0,4e-05
Riya Date,6,0.0001,0.0,0.0,4e-05
Charles Chand,6,0.0001,0.0,0.0,4e-05
Elijah Krish,6,0.0001,0.0,0.0,4e-05
Yachana Ramesh,6,0.0001,0.0,0.0,4e-05
Samesh Mukhopadhyay,6,0.0001,0.0,0.0,4e-05
Laksh Narang,6,0.0001,0.0,0.0,4e-05
Divya Garg,6,0.0001,0.0,0.0,4e-05
Anthony Kuruvilla,6,0.0001,0.0,0.0,4e-05
Kashish Raja,6,0.0001,0.0,0.0,4e-05
Ayushman Mistry,6,0.0001,0.0,0.0,4e-05
Rishi Mody,6,0.0001,0.0,0.0,4e-05
Ridhi Buch,7,0.0001,0.0,0.0,4e-05
Daniel Bhasin,6,0.0001,0.0,0.0,4e-05
Zinal Bains,7,0.0001,0.0,0.0,4e-05
Xiti Gupta,6,0.0001,0.0,0.0,4e-05
Nitesh Kuruvilla,7,0.0001,0.0,0.0,4e-05
Amara Venkatesh,6,0.0001,0.0,0.0,4e-05
Charan Bhavsar,6,0.0001,0.0,0.0,4e-05
Varenya Kale,6,0.0001,0.0,0.0,4e-05
David Lata,6,0.0001,0.0,0.0,4e-05
Chameli Kashyap,7,0.0001,0.0,0.0,4e-05
Jeet Dayal,6,0.0001,0.0,0.0,4e-05
Farhan Shankar,6,0.0001,0.0,0.0,4e-05
Yamini Sem,7,0.0001,0.0,0.0,4e-05
Advaith Sengupta,6,0.0001,0.0,0.0,4e-05
Advika Kota,6,0.0001,0.0,0.0,4e-05
Gopal Malhotra,6,0.0001,0.0,0.0,4e-05
Ridhi Char,6,0.0001,0.0,0.0,4e-05
Siya Chopra,6,0.0001,0.0,0.0,4e-05
Arunima Puri,6,0.0001,0.0,0.0,4e-05
Unni Biswas,6,0.0001,0.0,0.0,4e-05
Atharv Dyal,6,0.0001,0.0,0.0,4e-05
Alka Pau,6,0.0001,0.0,0.0,4e-05
Shaurya Mitra,6,0.0001,0.0,0.0,4e-05
William Lad,6,0.0001,0.0,0.0,4e-05
Laksh Singhal,6,0.0001,0.0,0.0,4e-05
Gabriel Loyal,7,0.0001,0.0,0.0,4e-05
Orinder Kade,6,0.0001,0.0,0.0,4e-05
Advaith Bahl,6,0.0001,0.0,0.0,4e-05
Anvi Gaba,6,0.0001,0.0,0.0,4e-05
Amara Tella,7,0.0001,0.0,0.0,4e-05
Pushti Bumb,6,0.0001,0.0,0.0,4e-05
Divya Suri,6,0.0001,0.0,0.0,4e-05
Hiral Prakash,6,0.0001,0.0,0.0,4e-05
Qadim Tata,6,0.0001,0.0,0.0,4e-05
Tanmayi Bhavsar,6,0.0001,0.0,0.0,4e-05
Anita Raju,6,0.0001,0.0,0.0,4e-05
Ekanta Mody,6,0.0001,0.0,0.0,4e-05
Manya Parmar,6,0.0001,0.0,0.0,4e-05
Ishanvi Dass,6,0.0001,0.0,0.0,4e-05
Kai Venkatesh,6,0.0001,0.0,0.0,4e-05
Chakradhar Srinivasan,6,0.0001,0.0,0.0,4e-05
Chasmum Chakraborty,6,0.0001,0.0,0.0,4e-05
Simon Nagarajan,6,0.0001,0.0,0.0,4e-05
Amrita Toor,7,0.0001,0.0,0.0,4e-05
Darsh Jhaveri,6,0.0001,0.0,0.0,4e-05
Varenya Ramaswamy,6,0.0001,0.0,0.0,4e-05
Aachal Dasgupta,6,0.0001,0.0,0.0,4e-05
Amruta Rai,6,0.0001,0.0,0.0,4e-05
Omkaar Arora,6,0.0001,0.0,0.0,4e-05
Krishna Bhat,6,0.0001,0.0,0.0,4e-05
Frado Gill,6,0.0001,0.0,0.0,4e-05
Faras Ramesh,6,0.0001,0.0,0.0,4e-05
Omkaar Bhatti,6,0.0001,0.0,0.0,4e-05
Ira Kashyap,6,0.0001,0.0,0.0,4e-05
Anusha Padmanabhan,6,0.0001,0.0,0.0,4e-05
Ladli Edwin,6,0.0001,0.0,0.0,4e-05
Gautami Baria,6,0.0001,0.0,0.0,4e-05
Quincy Rastogi,6,0.0001,0.0,0.0,4e-05
Dhruv Nayak,6,0.0001,0.0,0.0,4e-05
Jalsa Prashad,6,0.0001,0.0,0.0,4e-05
Dominic Mital,6,0.0001,0.0,0.0,4e-05
Aadhya Hari,6,0.0001,0.0,0.0,4e-05
Wishi Panchal,6,0.0001,0.0,0.0,4e-05
Yadavi Sood,6,0.0001,0.0,0.0,4e-05
Abdul Sunder,6,0.0001,0.0,0.0,4e-05
Aditya Purohit,6,0.0001,0.0,0.0,4e-05
Ekapad Dass,6,0.0001,0.0,0.0,4e-05
Yug Sathe,7,0.0001,0.0,0.0,4e-05
Madhavi Sanghvi,6,0.0001,0.0,0.0,4e-05
Kritika Khosla,6,0.0001,0.0,0.0,4e-05
Neelima Apte,6,0.0001,0.0,0.0,4e-05
Lila Murty,6,0.0001,0.0,0.0,4e-05
Noah Baria,6,0.0001,0.0,0.0,4e-05
Rajeshri Samra,6,0.0001,0.0,0.0,4e-05
Brinda Oommen,7,0.0001,0.0,0.0,4e-05
Zashil Jayaraman,6,0.0001,0.0,0.0,4e-05
Chanakya Goyal,6,0.0001,0.0,0.0,4e-05
Akshay Nath,6,0.0001,0.0,0.0,4e-05
Agastya Rastogi,6,0.0001,0.0,0.0,4e-05
Bakhshi Ahuja,6,0.0001,0.0,0.0,4e-05
Nidra Bora,6,0.0001,0.0,0.0,4e-05
Zayyan Lad,6,0.0001,0.0,0.0,4e-05
Lipika Butala,6,0.0001,0.0,0.0,4e-05
Henry Bava,6,0.0001,0.0,0.0,4e-05
Forum Raman,6,0.0001,0.0,0.0,4e-05
Falan Luthra,6,0.0001,0.0,0.0,4e-05
Raagini Khosla,7,0.0001,0.0,0.0,4e-05
Baghyawati Brar,6,0.0001,0.0,0.0,4e-05
Anirudh Dalal,6,0.0001,0.0,0.0,4e-05
Gaurangi Yogi,6,0.0001,0.0,0.0,4e-05
Theodore Mukhopadhyay,6,0.0001,0.0,0.0,4e-05
Karan Mander,6,0.0001,0.0,0.0,4e-05
Baghyawati Kapadia,6,0.0001,0.0,0.0,4e-05
Patrick Joshi,6,0.0001,0.0,0.0,4e-05
Niharika De,6,0.0001,0.0,0.0,4e-05
Adya Kaul,6,0.0001,0.0,0.0,4e-05
Vedhika Nagarajan,6,0.0001,0.0,0.0,4e-05
Chandresh Hayer,6,0.0001,0.0,0.0,4e-05
Zansi Karan,6,0.0001,0.0,0.0,4e-05
Deepa Swamy,6,0.0001,0.0,0.0,4e-05
Abeer Mohanty,6,0.0001,0.0,0.0,4e-05
Ishani Batra,6,0.0001,0.0,0.0,4e-05
Sudiksha Badami,6,0.0001,0.0,0.0,4e-05
Samesh Mahajan,7,0.0001,0.0,0.0,4e-05
Yash Golla,6,0.0001,0.0,0.0,4e-05
Charan Misra,6,0.0001,0.0,0.0,4e-05
Isaiah Gera,6,0.0001,0.0,0.0,4e-05
Nandini Sachar,6,0.0001,0.0,0.0,4e-05
Mohammed Purohit,6,0.0001,0.0,0.0,4e-05
Hardik Saxena,6,0.0001,0.0,0.0,4e-05
Falan Mittal,6,0.0001,0.0,0.0,4e-05
Bakhshi Bajaj,6,0.0001,0.0,0.0,4e-05
Zarna Rama,6,0.0001,0.0,0.0,4e-05
Vedika Borde,6,0.0001,0.0,0.0,4e-05
Jagdish Seth,6,0.0001,0.0,0.0,4e-05
Ridhi Borah,6,0.0001,0.0,0.0,4e-05
Siya Vala,6,0.0001,0.0,0.0,4e-05
Aarav Sheth,6,0.0001,0.0,0.0,4e-05
Veer Mane,6,0.0001,0.0,0.0,4e-05
Ekani Grover,6,0.0001,0.0,0.0,4e-05
Simon Sehgal,6,0.0001,0.0,0.0,4e-05
Urishilla Dixit,6,0.0001,0.0,0.0,4e-05
Bina Bakshi,6,0.0001,0.0,0.0,4e-05
Manbir Dugar,6,0.0001,0.0,0.0,4e-05
Vivaan Palan,6,0.0001,0.0,0.0,4e-05
Dalbir Chadha,6,0.0001,0.0,0.0,4e-05
Udarsh Shukla,6,0.0001,0.0,0.0,4e-05
Parth Kota,6,0.0001,0.0,0.0,4e-05
Udyati Sangha,6,0.0001,0.0,0.0,4e-05
Hardik Loke,6,0.0001,0.0,0.0,4e-05
Yutika Shere,6,0.0001,0.0,0.0,4e-05
Urishilla Babu,6,0.0001,0.0,0.0,4e-05
Tripti Pall,7,0.0001,0.0,0.0,4e-05
Osha Lanka,6,0.0001,0.0,0.0,4e-05
Aryan Sant,6,0.0001,0.0,0.0,4e-05
Mitesh Nagar,6,0.0001,0.0,0.0,4e-05
Umang Kuruvilla,6,0.0001,0.0,0.0,4e-05
Jatin Parmer,6,0.0001,0.0,0.0,4e-05
Unnati Vora,6,0.0001,0.0,0.0,4e-05
Barkha Shukla,6,0.0001,0.0,0.0,4e-05
Nisha Chakraborty,6,0.0001,0.0,0.0,4e-05
Faraj Gara,6,0.0001,0.0,0.0,4e-05
Dalaja Memon,6,0.0001,0.0,0.0,4e-05
Imaran Sengupta,6,0.0001,0.0,0.0,4e-05
Samesh Madan,6,0.0001,0.0,0.0,4e-05
Agastya Pall,6,0.0001,0.0,0.0,4e-05
Abhiram Date,6,0.0001,0.0,0.0,4e-05
Manya Bansal,6,0.0001,0.0,0.0,4e-05
Maanas Pingle,6,0.0001,0.0,0.0,4e-05
Timothy Majumdar,6,0.0001,0.0,0.0,4e-05
Wyatt Sankar,6,0.0001,0.0,0.0,4e-05
Yashasvi Cheema,6,0.0001,0.0,0.0,4e-05
Reva Solanki,6,0.0001,0.0,0.0,4e-05
Nitara Setty,6,0.0001,0.0,0.0,4e-05
Megha Rajagopal,6,0.0001,0.0,0.0,4e-05
Warda Mannan,6,0.0001,0.0,0.0,4e-05
Anirudh Mall,6,0.0001,0.0,0.0,4e-05
Bhavya Aurora,6,0.0001,0.0,0.0,4e-05
Rachita Sarna,6,0.0001,0.0,0.0,4e-05
Lohit Oza,6,0.0001,0.0,0.0,4e-05
Charan Parsa,6,0.0001,0.0,0.0,4e-05
Madhav Dutt,6,0.0001,0.0,0.0,4e-05
Aadhya Khare,6,0.0001,0.0,0.0,4e-05
Warinder Sarna,7,0.0001,0.0,0.0,4e-05
Yug Chauhan,6,0.0001,0.0,0.0,4e-05
Darpan Sekhon,6,0.0001,0.0,0.0,4e-05
Ekiya Keer,6,0.0001,0.0,0.0,4e-05
Aadi Buch,6,0.0001,0.0,0.0,4e-05
Hardik Sheth,6,0.0001,0.0,0.0,4e-05
Gaurika Bhattacharyya,6,0.0001,0.0,0.0,4e-05
Bhavini Dara,6,0.0001,0.0,0.0,4e-05
Jalsa Ganesh,6,0.0001,0.0,0.0,4e-05
Kala Kunda,6,0.0001,0.0,0.0,4e-05
Bahadurjit Warrior,6,0.0001,0.0,0.0,4e-05
Hardik Talwar,6,0.0001,0.0,0.0,4e-05
Saanvi Mutti,6,0.0001,0.0,0.0,4e-05
Aadi Bajaj,6,0.0001,0.0,0.0,4e-05
Vedika Comar,6,0.0001,0.0,0.0,4e-05
Chaitaly Raju,6,0.0001,0.0,0.0,4e-05
Arjun Borah,6,0.0001,0.0,0.0,4e-05
Charles Parekh,6,0.0001,0.0,0.0,4e-05
Ojasvi Choudhry,7,0.0001,0.0,0.0,4e-05
Vincent Naidu,6,0.0001,0.0,0.0,4e-05
Patrick Thaman,6,0.0001,0.0,0.0,4e-05
Tara Sagar,6,0.0001,0.0,0.0,4e-05
Ishanvi Chacko,6,0.0001,0.0,0.0,4e-05
Chaitaly Dhar,7,0.0001,0.0,0.0,4e-05
Shravya Jhaveri,6,0.0001,0.0,0.0,4e-05
Dhriti Nazareth,6,0.0001,0.0,0.0,4e-05
Ishaan Nori,6,0.0001,0.0,0.0,4e-05
Michael Parikh,6,0.0001,0.0,0.0,4e-05
Kevin Anne,6,0.0001,0.0,0.0,4e-05
Noah Ravel,6,0.0001,0.0,0.0,4e-05
Sanya Rattan,7,0.0001,0.0,0.0,4e-05
Advay Mand,6,0.0001,0.0,0.0,4e-05
Bhavani Kale,6,0.0001,0.0,0.0,4e-05
Varenya Minhas,6,0.0001,0.0,0.0,4e-05
Chaitanya Savant,6,0.0001,0.0,0.0,4e-05
Lila Chatterjee,6,0.0001,0.0,0.0,4e-05
Kritika Kumar,6,0.0001,0.0,0.0,4e-05
Deepa Ghosh,6,0.0001,0.0,0.0,4e-05
Ranveer Wali,6,0.0001,0.0,0.0,4e-05
Aachal Sankar,6,0.0001,0.0,0.0,4e-05
Jeremiah Nair,6,0.0001,0.0,0.0,4e-05
Yauvani Guha,6,0.0001,0.0,0.0,4e-05
Chaman Bumb,6,0.0001,0.0,0.0,4e-05
Sudiksha Taneja,6,0.0001,0.0,0.0,4e-05
Onkar Raghavan,6,0.0001,0.0,0.0,4e-05
Nimrat Varma,7,0.0001,0.0,0.0,4e-05
Lucky Ranganathan,6,0.0001,0.0,0.0,4e-05
Ryan Srinivas,6,0.0001,0.0,0.0,4e-05
Megha Kapur,6,0.0001,0.0,0.0,4e-05
Rehaan Sanghvi,7,0.0001,0.0,0.0,4e-05
Owen Ramachandran,6,0.0001,0.0,0.0,4e-05
Vinaya Varughese,6,0.0001,0.0,0.0,4e-05
Arya Ramanathan,6,0.0001,0.0,0.0,4e-05
Christopher Majumdar,6,0.0001,0.0,0.0,4e-05
Chanakya Parsa,6,0.0001,0.0,0.0,4e-05
Jhalak Karnik,6,0.0001,0.0,0.0,4e-05
Madhavi Dar,6,0.0001,0.0,0.0,4e-05
Neelima Gandhi,6,0.0001,0.0,0.0,4e-05
Abeer Bir,6,0.0001,0.0,0.0,4e-05
Ekavir Mahal,6,0.0001,0.0,0.0,4e-05
Harrison Karpe,6,0.0001,0.0,0.0,4e-05
Anya Shenoy,6,0.0001,0.0,0.0,4e-05
Garima Dhaliwal,6,0.0001,0.0,0.0,4e-05
Indali Hans,7,0.0001,0.0,0.0,4e-05
Ikshita Mammen,6,0.0001,0.0,0.0,4e-05
Samaksh Bahri,6,0.0001,0.0,0.0,4e-05
Alexander Subramaniam,6,0.0001,0.0,0.0,4e-05
Falguni Narang,6,0.0001,0.0,0.0,4e-05
Raksha Sheth,7,0.0001,0.0,0.0,4e-05
Ati Konda,7,0.0001,0.0,0.0,4e-05
Chaitanya Vora,6,0.0001,0.0,0.0,4e-05
Harita Rege,6,0.0001,0.0,0.0,4e-05
Rayaan Parsa,6,0.0001,0.0,0.0,4e-05
Nitara Natt,6,0.0001,0.0,0.0,4e-05
Akshay Chandra,7,0.0001,0.0,0.0,4e-05
Abeer Dada,6,0.0001,0.0,0.0,4e-05
Alexander Chowdhury,6,0.0001,0.0,0.0,4e-05
Victor Bhat,7,0.0001,0.0,0.0,4e-05
Raagini Sem,6,0.0001,0.0,0.0,4e-05
Bina Sarin,6,0.0001,0.0,0.0,4e-05
Hema Bobal,6,0.0001,0.0,0.0,4e-05
Rohan Kamdar,7,0.0001,0.0,0.0,4e-05
Qushi Chaudhuri,6,0.0001,0.0,0.0,4e-05
Wridesh Sastry,6,0.0001,0.0,0.0,4e-05
Jhalak Rastogi,6,0.0001,0.0,0.0,4e-05
Eta Patla,6,0.0001,0.0,0.0,4e-05
Farhan Merchant,6,0.0001,0.0,0.0,4e-05
Darsh Chawla,6,0.0001,0.0,0.0,4e-05
Neha Suri,6,0.0001,0.0,0.0,4e-05
Chavvi Khare,6,0.0001,0.0,0.0,4e-05
Charita Nair,7,0.0001,0.0,0.0,4e-05
Jagrati Rao,6,0.0001,0.0,0.0,4e-05
Nachiket Rajagopalan,6,0.0001,0.0,0.0,4e-05
Ekansh Suresh,6,0.0001,0.0,0.0,4e-05
Aayush Barad,7,0.0001,0.0,0.0,4e-05
Lohit Shenoy,6,0.0001,0.0,0.0,4e-05
Nathan Modi,6,0.0001,0.0,0.0,4e-05
Pallavi Sarkar,6,0.0001,0.0,0.0,4e-05
Harrison Bera,6,0.0001,0.0,0.0,4e-05
Vivaan Wadhwa,6,0.0001,0.0,0.0,4e-05
Gaurangi Nagy,7,0.0001,0.0,0.0,4e-05
Aayush Jani,7,0.0001,0.0,0.0,4e-05
Zilmil Bobal,6,0.0001,0.0,0.0,4e-05
Dhruv Wali,6,0.0001,0.0,0.0,4e-05
Shivansh Thaker,6,0.0001,0.0,0.0,4e-05
Janaki Mani,7,0.0001,0.0,0.0,4e-05
Faras Dash,6,0.0001,0.0,0.0,4e-05
Jhalak Sibal,6,0.0001,0.0,0.0,4e-05
Nikita Sankar,6,0.0001,0.0,0.0,4e-05
Girish Purohit,6,0.0001,0.0,0.0,4e-05
Ekbal Sinha,7,0.0001,0.0,0.0,4e-05
Dayamai Kadakia,6,0.0001,0.0,0.0,4e-05
Harita Chaudhari,6,0.0001,0.0,0.0,4e-05
Yash Gara,6,0.0001,0.0,0.0,4e-05
Om Khosla,6,0.0001,0.0,0.0,4e-05
Chavvi Bhakta,6,0.0001,0.0,0.0,4e-05
Ria Dubey,6,0.0001,0.0,0.0,4e-05
Baljiwan Mukherjee,6,0.0001,0.0,0.0,4e-05
Jacob Bajwa,6,0.0001,0.0,0.0,4e-05
Sachi Natarajan,6,0.0001,0.0,0.0,4e-05
Jack Kibe,6,0.0001,0.0,0.0,4e-05
Tristan Mody,6,0.0001,0.0,0.0,4e-05
Ishani Bains,6,0.0001,0.0,0.0,4e-05
Nicholas Bajaj,6,0.0001,0.0,0.0,4e-05
Urvi Vasa,6,0.0001,0.0,0.0,4e-05
Amaira Choudhary,6,0.0001,0.0,0.0,4e-05
Amara Mander,6,0.0001,0.0,0.0,4e-05
Arin Mutti,6,0.0001,0.0,0.0,4e-05
Hemang Gour,6,0.0001,0.0,0.0,4e-05
Parth Toor,6,0.0001,0.0,0.0,4e-05
Nakul Nagar,6,0.0001,0.0,0.0,4e-05
Qabil Bhakta,6,0.0001,0.0,0.0,4e-05
Samuel Srinivas,6,0.0001,0.0,0.0,4e-05
Nimrat Nadig,6,0.0001,0.0,0.0,4e-05
Libni Behl,6,0.0001,0.0,0.0,4e-05
Krisha Barman,6,0.0001,0.0,0.0,4e-05
Harini Basu,6,0.0001,0.0,0.0,4e-05
Edhitha Sandhu,6,0.0001,0.0,0.0,4e-05
Lavanya Guha,6,0.0001,0.0,0.0,4e-05
Jeevika Batta,6,0.0001,0.0,0.0,4e-05
Harsh Doshi,6,0.0001,0.0,0.0,4e-05
Caleb Prabhu,6,0.0001,0.0,0.0,4e-05
Yashodhara Anne,7,0.0001,0.0,0.0,4e-05
Madhavi Malhotra,6,0.0001,0.0,0.0,4e-05
Chasmum Mallick,6,0.0001,0.0,0.0,4e-05
Noah Bhat,6,0.0001,0.0,0.0,4e-05
Bimala Ganesan,6,0.0001,0.0,0.0,4e-05
Warinder Maharaj,6,0.0001,0.0,0.0,4e-05
Azaan Bora,6,0.0001,0.0,0.0,4e-05
Nakul Bhatnagar,7,0.0001,0.0,0.0,4e-05
Laban Sehgal,6,0.0001,0.0,0.0,4e-05
Riya Warrior,6,0.0001,0.0,0.0,4e-05
Qasim Prashad,6,0.0001,0.0,0.0,4e-05
Onkar Mani,7,0.0001,0.0,0.0,4e-05
Yamini Kota,6,0.0001,0.0,0.0,4e-05
Diya Dubey,6,0.0001,0.0,0.0,4e-05
Krishna Chauhan,7,0.0001,0.0,0.0,4e-05
Praneel Natt,6,0.0001,0.0,0.0,4e-05
Kala Ratta,6,0.0001,0.0,0.0,4e-05
Rajata Badal,6,0.0001,0.0,0.0,4e-05
Tanveer Lal,6,0.0001,0.0,0.0,4e-05
Viraj Cheema,7,0.0001,0.0,0.0,4e-05
Yatan Bhat,6,0.0001,0.0,0.0,4e-05
Timothy Kannan,6,0.0001,0.0,0.0,4e-05
Shivani Sur,6,0.0001,0.0,0.0,4e-05
William Ganesan,6,0.0001,0.0,0.0,4e-05
Aarnav Sagar,6,0.0001,0.0,0.0,4e-05
Noah Venkataraman,6,0.0001,0.0,0.0,4e-05
Aradhana Sen,6,0.0001,0.0,0.0,4e-05
Anya Rao,6,0.0001,0.0,0.0,4e-05
Oscar Lanka,6,0.0001,0.0,0.0,4e-05
Fariq Kapadia,6,0.0001,0.0,0.0,4e-05
Tamanna Sahota,6,0.0001,0.0,0.0,4e-05
Qasim Garg,6,0.0001,0.0,0.0,4e-05
Orinder Gokhale,7,0.0001,0.0,0.0,4e-05
Anvi Gera,6,0.0001,0.0,0.0,4e-05
Omisha Sarna,6,0.0001,0.0,0.0,4e-05
Amaira Kade,6,0.0001,0.0,0.0,4e-05
Ayaan Rajan,6,0.0001,0.0,0.0,4e-05
Chaitaly Wable,6,0.0001,0.0,0.0,4e-05
Chakrika Shah,6,0.0001,0.0,0.0,4e-05
Zilmil Setty,6,0.0001,0.0,0.0,4e-05
Janaki Baria,6,0.0001,0.0,0.0,4e-05
Kavya Badal,7,0.0001,0.0,0.0,4e-05
Bimala Bhakta,6,0.0001,0.0,0.0,4e-05
Devansh Raghavan,6,0.0001,0.0,0.0,4e-05
Yachana Rattan,6,0.0001,0.0,0.0,4e-05
Ayushman Dugar,6,0.0001,0.0,0.0,4e-05
Amara Dua,6,0.0001,0.0,0.0,4e-05
Noah Char,6,0.0001,0.0,0.0,4e-05
Sara Malhotra,7,0.0001,0.0,0.0,4e-05
Rudra Issac,6,0.0001,0.0,0.0,4e-05
Aashi Wali,6,0.0001,0.0,0.0,4e-05
Aditya Sodhi,7,0.0001,0.0,0.0,4e-05
Sneha Edwin,6,0.0001,0.0,0.0,4e-05
Darpan Gupta,6,0.0001,0.0,0.0,4e-05
Ridhi Viswanathan,6,0.0001,0.0,0.0,4e-05
Shaurya Korpal,6,0.0001,0.0,0.0,4e-05
Vanya Memon,6,0.0001,0.0,0.0,4e-05
Tanmayi Lad,6,0.0001,0.0,0.0,4e-05
Dalbir Swamy,6,0.0001,0.0,0.0,4e-05
Ria Walia,6,0.0001,0.0,0.0,4e-05
Vedika Din,6,0.0001,0.0,0.0,4e-05
Tanay Singhal,6,0.0001,0.0,0.0,4e-05
Panini Morar,6,0.0001,0.0,0.0,4e-05
Maya Chad,6,0.0001,0.0,0.0,4e-05
Manthan Menon,6,0.0001,0.0,0.0,4e-05
Chandresh Munshi,6,0.0001,0.0,0.0,4e-05
Qabil Sem,6,0.0001,0.0,0.0,4e-05
Yoshita Badal,6,0.0001,0.0,0.0,4e-05
Faris De,6,0.0001,0.0,0.0,4e-05
Vasatika Luthra,6,0.0001,0.0,0.0,4e-05
Jeremiah Chakraborty,6,0.0001,0.0,0.0,4e-05
Upadhriti Mammen,6,0.0001,0.0,0.0,4e-05
Ekiya Dar,6,0.0001,0.0,0.0,4e-05
Jackson Srinivasan,6,0.0001,0.0,0.0,4e-05
Yuvraj Chanda,6,0.0001,0.0,0.0,4e-05
Chaitaly Dora,6,0.0001,0.0,0.0,4e-05
Anthony Bhalla,6,0.0001,0.0,0.0,4e-05
Vritti Venkataraman,6,0.0001,0.0,0.0,4e-05
Udarsh Aurora,6,0.0001,0.0,0.0,4e-05
Anay Dhawan,6,0.0001,0.0,0.0,4e-05
Vinaya Merchant,6,0.0001,0.0,0.0,4e-05
Oscar Jhaveri,6,0.0001,0.0,0.0,4e-05
Warjas Sandhu,6,0.0001,0.0,0.0,4e-05
Upasna Munshi,6,0.0001,0.0,0.0,4e-05
Kamala Borra,6,0.0001,0.0,0.0,4e-05
Vamakshi Varkey,6,0.0001,0.0,0.0,4e-05
Theodore Anand,6,0.0001,0.0,0.0,4e-05
Eshana Mitter,7,0.0001,0.0,0.0,4e-05
Chaman Varma,6,0.0001,0.0,0.0,4e-05
Yashasvi Goel,6,0.0001,0.0,0.0,4e-05
Eesha Gade,6,0.0001,0.0,0.0,4e-05
Yatan Sama,6,0.0001,0.0,0.0,4e-05
Chaman Anne,7,0.0001,0.0,0.0,4e-05
Pavani Mammen,6,0.0001,0.0,0.0,4e-05
Harshil Puri,6,0.0001,0.0,0.0,4e-05
Krishna Kara,6,0.0001,0.0,0.0,4e-05
Faraj Malhotra,6,0.0001,0.0,0.0,4e-05
Yatin Sabharwal,6,0.0001,0.0,0.0,4e-05
Sanaya Narain,6,0.0001,0.0,0.0,4e-05
Balhaar Ramaswamy,6,0.0001,0.0,0.0,4e-05
Lajita Singh,6,0.0001,0.0,0.0,4e-05
Gavin Memon,6,0.0001,0.0,0.0,4e-05
Ishita Yogi,6,0.0001,0.0,0.0,4e-05
Xavier Goswami,6,0.0001,0.0,0.0,4e-05
Ijaya Johal,6,0.0001,0.0,0.0,4e-05
Gagan Saxena,6,0.0001,0.0,0.0,4e-05
Elijah Tandon,6,0.0001,0.0,0.0,4e-05
Victor Dewan,7,0.0001,0.0,0.0,4e-05
Kai Krish,6,0.0001,0.0,0.0,4e-05
Wridesh Subramaniam,7,0.0001,0.0,0.0,4e-05
Matthew Buch,6,0.0001,0.0,0.0,4e-05
Wahab Mistry,6,0.0001,0.0,0.0,4e-05
Chatresh Char,6,0.0001,0.0,0.0,4e-05
Rohan Patla,6,0.0001,0.0,0.0,4e-05
Tanvi Bandi,6,0.0001,0.0,0.0,4e-05
Yahvi Gala,6,0.0001,0.0,0.0,4e-05
Aadhya Agarwal,6,0.0001,0.0,0.0,4e-05
Alexander Patil,6,0.0001,0.0,0.0,4e-05
Mugdha Dara,6,0.0001,0.0,0.0,4e-05
Jagvi Bains,6,0.0001,0.0,0.0,4e-05
Aahana Mukhopadhyay,6,0.0001,0.0,0.0,4e-05
Widisha Chahal,6,0.0001,0.0,0.0,4e-05
Isha Bawa,6,0.0001,0.0,0.0,4e-05
Gagan Sankaran,6,0.0001,0.0,0.0,4e-05
Upadhriti Din,6,0.0001,0.0,0.0,4e-05
Zaid Bhalla,6,0.0001,0.0,0.0,4e-05
Omkaar Jain,6,0.0001,0.0,0.0,4e-05
Patrick Randhawa,6,0.0001,0.0,0.0,4e-05
Tarak Gade,6,0.0001,0.0,0.0,4e-05
Simon Narain,6,0.0001,0.0,0.0,4e-05
Mitesh Korpal,7,0.0001,0.0,0.0,4e-05
Peter Lad,6,0.0001,0.0,0.0,4e-05
Girindra Halder,6,0.0001,0.0,0.0,4e-05
Urmi Sharaf,6,0.0001,0.0,0.0,4e-05
Chatura D’Alia,6,0.0001,0.0,0.0,4e-05
Hitesh Sule,6,0.0001,0.0,0.0,4e-05
Pahal Sem,6,0.0001,0.0,0.0,4e-05
Praneel Palla,6,0.0001,0.0,0.0,4e-05
Brinda Dixit,7,0.0001,0.0,0.0,4e-05
Darika Sastry,7,0.0001,0.0,0.0,4e-05
Neha Seshadri,6,0.0001,0.0,0.0,4e-05
Chatura Kata,6,0.0001,0.0,0.0,4e-05
Wishi Raj,6,0.0001,0.0,0.0,4e-05
Jagdish Behl,6,0.0001,0.0,0.0,4e-05
Yahvi Suresh,7,0.0001,0.0,0.0,4e-05
Gauri Chada,6,0.0001,0.0,0.0,4e-05
Yachana Parsa,6,0.0001,0.0,0.0,4e-05
Sara Gulati,6,0.0001,0.0,0.0,4e-05
Aachal Sridhar,6,0.0001,0.0,0.0,4e-05
Banjeet Sekhon,6,0.0001,0.0,0.0,4e-05
Ekavir Bir,6,0.0001,0.0,0.0,4e-05
Laban Pandya,6,0.0001,0.0,0.0,4e-05
Yug Zachariah,6,0.0001,0.0,0.0,4e-05
Nitesh D’Alia,6,0.0001,0.0,0.0,4e-05
Nisha Seth,6,0.0001,0.0,0.0,4e-05
Theodore Merchant,6,0.0001,0.0,0.0,4e-05
Ayaan Gill,6,0.0001,0.0,0.0,4e-05
Zaid Thakkar,6,0.0001,0.0,0.0,4e-05
Ronith Rajagopalan,6,0.0001,0.0,0.0,4e-05
Jeet Naik,6,0.0001,0.0,0.0,4e-05
Anmol Master,6,0.0001,0.0,0.0,4e-05
Omaja Gopal,6,0.0001,0.0,0.0,4e-05
Xiti Master,6,0.0001,0.0,0.0,4e-05
Lakshmi Keer,7,0.0001,0.0,0.0,4e-05
Bhavani Wagle,6,0.0001,0.0,0.0,4e-05
Laksh Sundaram,6,0.0001,0.0,0.0,4e-05
Farhan Soman,6,0.0001,0.0,0.0,4e-05
Gaurav Kata,7,0.0001,0.0,0.0,4e-05
Anika Sachar,6,0.0001,0.0,0.0,4e-05
Jack Kumar,6,0.0001,0.0,0.0,4e-05
Eta Gala,6,0.0001,0.0,0.0,4e-05
Veer Barman,6,0.0001,0.0,0.0,4e-05
Yahvi Bal,6,0.0001,0.0,0.0,4e-05
Diya Dugar,7,0.0001,0.0,0.0,4e-05
Oni Ratta,6,0.0001,0.0,0.0,4e-05
Yuvraj Dhawan,6,0.0001,0.0,0.0,4e-05
Samarth Borah,6,0.0001,0.0,0.0,4e-05
Mason Suri,6,0.0001,0.0,0.0,4e-05
Samaksh Narayan,6,0.0001,0.0,0.0,4e-05
Champak Bassi,6,0.0001,0.0,0.0,4e-05
Elijah Bail,6,0.0001,0.0,0.0,4e-05
Daksha Deol,6,0.0001,0.0,0.0,4e-05
Liam Goswami,6,0.0001,0.0,0.0,4e-05
Qasim Ravel,6,0.0001,0.0,0.0,4e-05
Zilmil Modi,6,0.0001,0.0,0.0,4e-05
Hardik Guha,6,0.0001,0.0,0.0,4e-05
Lila Contractor,6,0.0001,0.0,0.0,4e-05
Upma Narayan,6,0.0001,0.0,0.0,4e-05
Shivani Raman,6,0.0001,0.0,0.0,4e-05
Wazir Badal,6,0.0001,0.0,0.0,4e-05
Reyansh Sampath,6,0.0001,0.0,0.0,4e-05
Osha Pradhan,6,0.0001,0.0,0.0,4e-05
Ekavir Krishnan,6,0.0001,0.0,0.0,4e-05
Indali Bala,6,0.0001,0.0,0.0,4e-05
Yagnesh Chanda,6,0.0001,0.0,0.0,4e-05
Veda Tank,6,0.0001,0.0,0.0,4e-05
Eiravati Amble,6,0.0001,0.0,0.0,4e-05
Unni Narayanan,6,0.0001,0.0,0.0,4e-05
Chaman Hegde,6,0.0001,0.0,0.0,4e-05
Harsh Ghose,6,0.0001,0.0,0.0,4e-05
Lavanya Varty,6,0.0001,0.0,0.0,4e-05
Abha Bava,6,0.0001,0.0,0.0,4e-05
Xavier Iyer,6,0.0001,0.0,0.0,4e-05
Maanav Pandya,6,0.0001,0.0,0.0,4e-05
Samaksh Roy,6,0.0001,0.0,0.0,4e-05
Wishi Kamdar,6,0.0001,0.0,0.0,4e-05
Agastya Hayer,6,0.0001,0.0,0.0,4e-05
Darpan Golla,6,0.0001,0.0,0.0,4e-05
Nicholas Sankaran,6,0.0001,0.0,0.0,4e-05
Ekbal Sarraf,6,0.0001,0.0,0.0,4e-05
Qadim Natarajan,6,0.0001,0.0,0.0,4e-05
Jeremiah Rastogi,6,0.0001,0.0,0.0,4e-05
Ranbir Verma,6,0.0001,0.0,0.0,4e-05
Chaitanya Taneja,6,0.0001,0.0,0.0,4e-05
Yashoda Bahl,6,0.0001,0.0,0.0,4e-05
Balvan Koshy,6,0.0001,0.0,0.0,4e-05
Idika Kale,6,0.0001,0.0,0.0,4e-05
Rayaan Gera,6,0.0001,0.0,0.0,4e-05
Chandran Ghose,6,0.0001,0.0,0.0,4e-05
Jairaj Thaman,6,0.0001,0.0,0.0,4e-05
Aradhana Kota,6,0.0001,0.0,0.0,4e-05
Anusha Grover,6,0.0001,0.0,0.0,4e-05
Divya Jhaveri,6,0.0001,0.0,0.0,4e-05
Urishilla Tailor,7,0.0001,0.0,0.0,4e-05
Sudiksha Sanghvi,6,0.0001,0.0,0.0,4e-05
Sudiksha Mohan,6,0.0001,0.0,0.0,4e-05
Yashica Chokshi,6,0.0001,0.0,0.0,4e-05
Wahab Loke,6,0.0001,0.0,0.0,4e-05
Yochana Gour,6,0.0001,0.0,0.0,4e-05
Sai Char,7,0.0001,0.0,0.0,4e-05
Bhavna Parikh,6,0.0001,0.0,0.0,4e-05
Aashi Kaur,6,0.0001,0.0,0.0,4e-05
Lakshit Seshadri,6,0.0001,0.0,0.0,4e-05
Triya Handa,6,0.0001,0.0,0.0,4e-05
Jonathan Baral,6,0.0001,0.0,0.0,4e-05
Upkaar Mangat,6,0.0001,0.0,0.0,4e-05
Sanya Raj,6,0.0001,0.0,0.0,4e-05
Yatin Rana,7,0.0001,0.0,0.0,4e-05
Madhavi Pall,6,0.0001,0.0,0.0,4e-05
Anvi Dyal,6,0.0001,0.0,0.0,4e-05
Bishakha Khosla,6,0.0001,0.0,0.0,4e-05
Arunima Oommen,6,0.0001,0.0,0.0,4e-05
Kai Dey,6,0.0001,0.0,0.0,4e-05
Aarnav Lall,6,0.0001,0.0,0.0,4e-05
Warjas Samra,7,0.0001,0.0,0.0,4e-05
Shaurya Basu,6,0.0001,0.0,0.0,4e-05
Yashawini Sura,6,0.0001,0.0,0.0,4e-05
Hritik Chaudry,6,0.0001,0.0,0.0,4e-05
Kashvi Mistry,6,0.0001,0.0,0.0,4e-05
Varenya Amble,6,0.0001,0.0,0.0,4e-05
Tejas Bhat,6,0.0001,0.0,0.0,4e-05
Tarak Tailor,6,0.0001,0.0,0.0,4e-05
Wishi Reddy,6,0.0001,0.0,0.0,4e-05
Janani Apte,6,0.0001,0.0,0.0,4e-05
Jagat Lalla,6,0.0001,0.0,0.0,4e-05
Hemal Sarkar,6,0.0001,0.0,0.0,4e-05
Waida Badal,6,0.0001,0.0,0.0,4e-05
Jalsa Mandal,6,0.0001,0.0,0.0,4e-05
Waida Talwar,6,0.0001,0.0,0.0,4e-05
Anvi Khatri,6,0.0001,0.0,0.0,4e-05
Varsha Tak,6,0.0001,0.0,0.0,4e-05
Yashica Mani,6,0.0001,0.0,0.0,4e-05
Brijesh Dasgupta,6,0.0001,0.0,0.0,4e-05
Divya Bassi,6,0.0001,0.0,0.0,4e-05
Neel Loyal,6,0.0001,0.0,0.0,4e-05
Unni Luthra,6,0.0001,0.0,0.0,4e-05
Chakradev Sarna,6,0.0001,0.0,0.0,4e-05
Sara Raju,6,0.0001,0.0,0.0,4e-05
Fiyaz Cheema,6,0.0001,0.0,0.0,4e-05
Vamakshi Dhar,6,0.0001,0.0,0.0,4e-05
Vincent Pant,6,0.0001,0.0,0.0,4e-05
Liam Ratta,6,0.0001,0.0,0.0,4e-05
Kabir Narain,6,0.0001,0.0,0.0,4e-05
Yatin Mody,6,0.0001,0.0,0.0,4e-05
Chatura Sharma,6,0.0001,0.0,0.0,4e-05
Ayaan Borde,7,0.0001,0.0,0.0,4e-05
Meghana Murthy,6,0.0001,0.0,0.0,4e-05
Xavier Minhas,6,0.0001,0.0,0.0,4e-05
Kala Devi,6,0.0001,0.0,0.0,4e-05
Ekaja Sagar,6,0.0001,0.0,0.0,4e-05
Tanvi Swaminathan,6,0.0001,0.0,0.0,4e-05
Pahal Lata,6,0.0001,0.0,0.0,4e-05
Kamala Oza,6,0.0001,0.0,0.0,4e-05
Balhaar Ganesh,6,0.0001,0.0,0.0,4e-05
Ayush Ratta,6,0.0001,0.0,0.0,4e-05
Lekha Mammen,6,0.0001,0.0,0.0,4e-05
Ikbal Chacko,7,0.0001,0.0,0.0,4e-05
Wahab Natt,6,0.0001,0.0,0.0,4e-05
Max Sabharwal,6,0.0001,0.0,0.0,4e-05
Laban Vohra,6,0.0001,0.0,0.0,4e-05
Ekansh Venkataraman,6,0.0001,0.0,0.0,4e-05
Timothy Raju,6,0.0001,0.0,0.0,4e-05
Ekantika Sidhu,6,0.0001,0.0,0.0,4e-05
Vritti Tata,6,0.0001,0.0,0.0,4e-05
Kabir Gour,6,0.0001,0.0,0.0,4e-05
Warinder Palla,7,0.0001,0.0,0.0,4e-05
Meera D’Alia,6,0.0001,0.0,0.0,4e-05
Anmol Sarin,6,0.0001,0.0,0.0,4e-05
David Bava,6,0.0001,0.0,0.0,4e-05
Aachal Salvi,6,0.0001,0.0,0.0,4e-05
Ronith Babu,6,0.0001,0.0,0.0,4e-05
Vedant Chandra,6,0.0001,0.0,0.0,4e-05
Diya Koshy,6,0.0001,0.0,0.0,4e-05
Dalaja Shroff,6,0.0001,0.0,0.0,4e-05
Imaran Lal,6,0.0001,0.0,0.0,4e-05
Gopal Prasad,6,0.0001,0.0,0.0,4e-05
Ijaya Comar,6,0.0001,0.0,0.0,4e-05
Logan Sethi,7,0.0001,0.0,0.0,4e-05
Udyati Naidu,6,0.0001,0.0,0.0,4e-05
Kamala Mahal,6,0.0001,0.0,0.0,4e-05
Jacob Gopal,6,0.0001,0.0,0.0,4e-05
Gayathri Contractor,7,0.0001,0.0,0.0,4e-05
Victor Mittal,6,0.0001,0.0,0.0,4e-05
Sneha Patla,7,0.0001,0.0,0.0,4e-05
Umang Patla,6,0.0001,0.0,0.0,4e-05
Gayathri Shetty,6,0.0001,0.0,0.0,4e-05
Tanish Anand,6,0.0001,0.0,0.0,4e-05
Waida Bumb,7,0.0001,0.0,0.0,4e-05
Kala Soni,6,0.0001,0.0,0.0,4e-05
Gautam Bhatti,6,0.0001,0.0,0.0,4e-05
Lopa Choudhry,6,0.0001,0.0,0.0,4e-05
Jacob Keer,6,0.0001,0.0,0.0,4e-05
Kavya Merchant,6,0.0001,0.0,0.0,4e-05
Zashil Thakur,6,0.0001,0.0,0.0,4e-05
Xiti Mangat,6,0.0001,0.0,0.0,4e-05
Forum Chana,6,0.0001,0.0,0.0,4e-05
Ekiya Dass,6,0.0001,0.0,0.0,4e-05
Hemang Dora,7,0.0001,0.0,0.0,4e-05
Laban Modi,6,0.0001,0.0,0.0,4e-05
Ishwar Shankar,6,0.0001,0.0,0.0,4e-05
Maanas Chopra,6,0.0001,0.0,0.0,4e-05
Baghyawati Banerjee,6,0.0001,0.0,0.0,4e-05
Joshua Bir,6,0.0001,0.0,0.0,4e-05
Hemang Shenoy,6,0.0001,0.0,0.0,4e-05
Ronith Sarin,6,0.0001,0.0,0.0,4e-05
Aishani Bhatt,6,0.0001,0.0,0.0,4e-05
Amara Rai,6,0.0001,0.0,0.0,4e-05
Pahal Behl,6,0.0001,0.0,0.0,4e-05
Utkarsh Nayar,6,0.0001,0.0,0.0,4e-05
Lucky Contractor,6,0.0001,0.0,0.0,4e-05
Kai Vora,6,0.0001,0.0,0.0,4e-05
Timothy Gole,6,0.0001,0.0,0.0,4e-05
Mekhala Saxena,6,0.0001,0.0,0.0,4e-05
Gavin Thakkar,6,0.0001,0.0,0.0,4e-05
Shaurya Grewal,6,0.0001,0.0,0.0,4e-05
Hemani Roy,7,0.0001,0.0,0.0,4e-05
Jack Krish,6,0.0001,0.0,0.0,4e-05
Rushil Tripathi,6,0.0001,0.0,0.0,4e-05
Riya Dixit,6,0.0001,0.0,0.0,4e-05
Reva Prasad,7,0.0001,0.0,0.0,4e-05
Kashish Doshi,6,0.0001,0.0,0.0,4e-05
Ekanta Khanna,6,0.0001,0.0,0.0,4e-05
Tripti Mani,6,0.0001,0.0,0.0,4e-05
Udyati Comar,6,0.0001,0.0,0.0,4e-05
Kai Dalal,6,0.0001,0.0,0.0,4e-05
Fitan Pillay,6,0.0001,0.0,0.0,4e-05
Anay Sachar,6,0.0001,0.0,0.0,4e-05
Nathan Nagarajan,7,0.0001,0.0,0.0,4e-05
Ridhi Ravi,6,0.0001,0.0,0.0,4e-05
Eshana Sahni,6,0.0001,0.0,0.0,4e-05
Saumya Kala,6,0.0001,0.0,0.0,4e-05
Lakshmi Brahmbhatt,7,0.0001,0.0,0.0,4e-05
Januja Thaman,6,0.0001,0.0,0.0,4e-05
David Bumb,6,0.0001,0.0,0.0,4e-05
Kevin Bakshi,6,0.0001,0.0,0.0,4e-05
Bina Koshy,6,0.0001,0.0,0.0,4e-05
Eesha Mani,6,0.0001,0.0,0.0,4e-05
Advaith Sur,6,0.0001,0.0,0.0,4e-05
Charles Ganesan,6,0.0001,0.0,0.0,4e-05
Vrishti Sibal,6,0.0001,0.0,0.0,4e-05
Henry Raj,6,0.0001,0.0,0.0,4e-05
Michael Hegde,6,0.0001,0.0,0.0,4e-05
Xalak Dhingra,6,0.0001,0.0,0.0,4e-05
Isaac Gara,6,0.0001,0.0,0.0,4e-05
Sachi Radhakrishnan,6,0.0001,0.0,0.0,4e-05
Deepa Khurana,6,0.0001,0.0,0.0,4e-05
Aarav Chaudhuri,6,0.0001,0.0,0.0,4e-05
Chasmum Warrior,6,0.0001,0.0,0.0,4e-05
Oliver Bir,6,0.0001,0.0,0.0,4e-05
Barkha Sant,6,0.0001,0.0,0.0,4e-05
Balendra Subramanian,6,0.0001,0.0,0.0,4e-05
Ranveer Chauhan,6,0.0001,0.0,0.0,4e-05
Jai Narang,6,0.0001,0.0,0.0,4e-05
Pranav Vaidya,6,0.0001,0.0,0.0,4e-05
Naksh Date,6,0.0001,0.0,0.0,4e-05
Kabir Pandey,6,0.0001,0.0,0.0,4e-05
Chakradhar Salvi,6,0.0001,0.0,0.0,4e-05
Kamala Viswanathan,6,0.0001,0.0,0.0,4e-05
Zaitra Lal,6,0.0001,0.0,0.0,4e-05
Madhav Tailor,6,0.0001,0.0,0.0,4e-05
Onveer Pandit,6,0.0001,0.0,0.0,4e-05
Simon Chander,6,0.0001,0.0,0.0,4e-05
Pranit Chawla,6,0.0001,0.0,0.0,4e-05
Vidhi Goswami,6,0.0001,0.0,0.0,4e-05
Logan Agarwal,6,0.0001,0.0,0.0,4e-05
Chatura Dhar,6,0.0001,0.0,0.0,4e-05
Laksh Keer,6,0.0001,0.0,0.0,4e-05
Zinal Narula,6,0.0001,0.0,0.0,4e-05
Xavier Solanki,6,0.0001,0.0,0.0,4e-05
Samaksh Chahal,6,0.0001,0.0,0.0,4e-05
Qadim Toor,7,0.0001,0.0,0.0,4e-05
Lucky Bail,6,0.0001,0.0,0.0,4e-05
Dalaja Mann,6,0.0001,0.0,0.0,4e-05
Tripti Mahajan,6,0.0001,0.0,0.0,4e-05
Quincy Dyal,7,0.0001,0.0,0.0,4e-05
Samarth Wadhwa,6,0.0001,0.0,0.0,4e-05
Rishi Varty,6,0.0001,0.0,0.0,4e-05
Finn Jhaveri,6,0.0001,0.0,0.0,4e-05
Raksha Rattan,6,0.0001,0.0,0.0,4e-05
Ijaya Murty,6,0.0001,0.0,0.0,4e-05
Sneha Vasa,6,0.0001,0.0,0.0,4e-05
Indira Nadkarni,6,0.0001,0.0,0.0,4e-05
Owen Parikh,6,0.0001,0.0,0.0,4e-05
Ojas Deol,6,0.0001,0.0,0.0,4e-05
Balveer Dave,6,0.0001,0.0,0.0,4e-05
Yashica Seth,6,0.0001,0.0,0.0,4e-05
Brinda Biswas,6,0.0001,0.0,0.0,4e-05
Zayyan Tripathi,6,0.0001,0.0,0.0,4e-05
Quincy Lall,6,0.0001,0.0,0.0,4e-05
Nisha Dani,6,0.0001,0.0,0.0,4e-05
Hiral Buch,7,0.0001,0.0,0.0,4e-05
Odika Pall,6,0.0001,0.0,0.0,4e-05
Qadim Grover,6,0.0001,0.0,0.0,4e-05
Yagnesh Devan,6,0.0001,0.0,0.0,4e-05
Bhavna Apte,6,0.0001,0.0,0.0,4e-05
Chaitaly Konda,6,0.0001,0.0,0.0,4e-05
Veer Nagi,6,0.0001,0.0,0.0,4e-05
Kiaan Jha,6,0.0001,0.0,0.0,4e-05
Sathvik Saxena,6,0.0001,0.0,0.0,4e-05
Reyansh Grewal,6,0.0001,0.0,0.0,4e-05
Yoshita Char,6,0.0001,0.0,0.0,4e-05
Advay Lal,7,0.0001,0.0,0.0,4e-05
Ekaja Dua,6,0.0001,0.0,0.0,4e-05
Leena Iyengar,6,0.0001,0.0,0.0,4e-05
Eta Krishnamurthy,6,0.0001,0.0,0.0,4e-05
Nicholas Verma,6,0.0001,0.0,0.0,4e-05
Priya Chaudhuri,7,0.0001,0.0,0.0,4e-05
Joshua Doctor,6,0.0001,0.0,0.0,4e-05
Amrita Srinivas,6,0.0001,0.0,0.0,4e-05
Lakshit Balan,6,0.0001,0.0,0.0,4e-05
Jackson Dara,6,0.0001,0.0,0.0,4e-05
Frederick Mitra,6,0.0001,0.0,0.0,4e-05
Ira Khosla,6,0.0001,0.0,0.0,4e-05
Mason Bassi,6,0.0001,0.0,0.0,4e-05
Chaman Bal,6,0.0001,0.0,0.0,4e-05
Arunima Nadkarni,6,0.0001,0.0,0.0,4e-05
Janya Bir,6,0.0001,0.0,0.0,4e-05
Parth Gera,6,0.0001,0.0,0.0,4e-05
Shravya Rastogi,6,0.0001,0.0,0.0,4e-05
Xavier Konda,6,0.0001,0.0,0.0,4e-05
Karan Hans,6,0.0001,0.0,0.0,4e-05
Oviya Chaudry,6,0.0001,0.0,0.0,4e-05
Kalpit Khosla,6,0.0001,0.0,0.0,4e-05
Gaurika Memon,6,0.0001,0.0,0.0,4e-05
Faras Hayer,6,0.0001,0.0,0.0,4e-05
Ekani Setty,6,0.0001,0.0,0.0,4e-05
Laksh Sankaran,6,0.0001,0.0,0.0,4e-05
Agastya Devan,6,0.0001,0.0,0.0,4e-05
Aadhya Sarma,6,0.0001,0.0,0.0,4e-05
Jatin Thaker,6,0.0001,0.0,0.0,4e-05
Ethan Date,6,0.0001,0.0,0.0,4e-05
Upma Hegde,6,0.0001,0.0,0.0,4e-05
Kritika Nagarajan,6,0.0001,0.0,0.0,4e-05
Viraj Mohan,6,0.0001,0.0,0.0,4e-05
Henry Tandon,6,0.0001,0.0,0.0,4e-05
Priya Vora,6,0.0001,0.0,0.0,4e-05
Nimrat De,6,0.0001,0.0,0.0,4e-05
Diya Sood,6,0.0001,0.0,0.0,4e-05
Theodore Dewan,6,0.0001,0.0,0.0,4e-05
Anusha Krish,6,0.0001,0.0,0.0,4e-05
Janaki Andra,6,0.0001,0.0,0.0,4e-05
Yahvi Dora,7,0.0001,0.0,0.0,4e-05
Om Hans,6,0.0001,0.0,0.0,4e-05
Kamya Shah,6,0.0001,0.0,0.0,4e-05
Utkarsh Rajan,6,0.0001,0.0,0.0,4e-05
Oeshi Ben,6,0.0001,0.0,0.0,4e-05
Jasmit Parekh,6,0.0001,0.0,0.0,4e-05
William Kara,6,0.0001,0.0,0.0,4e-05
Finn Dhawan,6,0.0001,0.0,0.0,4e-05
Januja Loyal,7,0.0001,0.0,0.0,4e-05
Manthan Subramaniam,6,0.0001,0.0,0.0,4e-05
Ati Mital,6,0.0001,0.0,0.0,4e-05
Anjali Bansal,6,0.0001,0.0,0.0,4e-05
Patrick Kothari,7,0.0001,0.0,0.0,4e-05
Ridhi Shenoy,6,0.0001,0.0,0.0,4e-05
Eshana Karpe,6,0.0001,0.0,0.0,4e-05
Rachit Agate,6,0.0001,0.0,0.0,4e-05
Kashish Chahal,7,0.0001,0.0,0.0,4e-05
Maya Mukhopadhyay,6,0.0001,0.0,0.0,4e-05
Ekbal De,6,0.0001,0.0,0.0,4e-05
Yachana Kar,6,0.0001,0.0,0.0,4e-05
Hredhaan Krish,6,0.0001,0.0,0.0,4e-05
Vihaan Maharaj,6,0.0001,0.0,0.0,4e-05
Amruta Ganesh,6,0.0001,0.0,0.0,4e-05
Abha Modi,6,0.0001,0.0,0.0,4e-05
Ekapad Kashyap,7,0.0001,0.0,0.0,4e-05
Logan Das,6,0.0001,0.0,0.0,4e-05
Jeremiah Dhingra,6,0.0001,0.0,0.0,4e-05
Tripti Parmer,6,0.0001,0.0,0.0,4e-05
Matthew Vala,6,0.0001,0.0,0.0,4e-05
Fariq Roy,6,0.0001,0.0,0.0,4e-05
Udarsh Parmer,6,0.0001,0.0,0.0,4e-05
Mitesh Bhakta,7,0.0001,0.0,0.0,4e-05
Falguni Prasad,6,0.0001,0.0,0.0,4e-05
Inaya Chaudry,6,0.0001,0.0,0.0,4e-05
Ishaan Narayan,6,0.0001,0.0,0.0,4e-05
Parth Varma,6,0.0001,0.0,0.0,4e-05
Ekantika Chaudhuri,6,0.0001,0.0,0.0,4e-05
Vidhi Prabhakar,6,0.0001,0.0,0.0,4e-05
Chatura Bose,6,0.0001,0.0,0.0,4e-05
Caleb Vala,6,0.0001,0.0,0.0,4e-05
Utkarsh Dada,6,0.0001,0.0,0.0,4e-05
Nidhi Bath,6,0.0001,0.0,0.0,4e-05
Upkaar Dhillon,6,0.0001,0.0,0.0,4e-05
Wahab Muni,6,0.0001,0.0,0.0,4e-05
Qushi Krish,6,0.0001,0.0,0.0,4e-05
Zaid Virk,6,0.0001,0.0,0.0,4e-05
Lipika Sagar,6,0.0001,0.0,0.0,4e-05
Ucchal Dhillon,6,0.0001,0.0,0.0,4e-05
Gayathri Pradhan,6,0.0001,0.0,0.0,4e-05
Rushil Baral,6,0.0001,0.0,0.0,4e-05
Gautam Suri,6,0.0001,0.0,0.0,4e-05
Watika Bakshi,6,0.0001,0.0,0.0,4e-05
Chatura Sant,6,0.0001,0.0,0.0,4e-05
Jairaj Korpal,6,0.0001,0.0,0.0,4e-05
Yashasvi Basak,7,0.0001,0.0,0.0,4e-05
Shivansh Warrior,6,0.0001,0.0,0.0,4e-05
Michael Contractor,6,0.0001,0.0,0.0,4e-05
Jeevika Sharma,6,0.0001,0.0,0.0,4e-05
Abeer Loyal,6,0.0001,0.0,0.0,4e-05
Lohit Tata,6,0.0001,0.0,0.0,4e-05
Netra Dhaliwal,6,0.0001,0.0,0.0,4e-05
Qarin Mander,6,0.0001,0.0,0.0,4e-05
Bhavika Dutt,6,0.0001,0.0,0.0,4e-05
Faras Prakash,6,0.0001,0.0,0.0,4e-05
Vrinda Chaudry,7,0.0001,0.0,0.0,4e-05
Rachit Mall,6,0.0001,0.0,0.0,4e-05
Karan Seshadri,6,0.0001,0.0,0.0,4e-05
Yamini Brahmbhatt,6,0.0001,0.0,0.0,4e-05
Aadhya Pal,7,0.0001,0.0,0.0,4e-05
Dalaja Barad,6,0.0001,0.0,0.0,4e-05
Lopa Tella,6,0.0001,0.0,0.0,4e-05
Omisha Edwin,6,0.0001,0.0,0.0,4e-05
Janaki Sarin,6,0.0001,0.0,0.0,4e-05
Dalaja Dora,6,0.0001,0.0,0.0,4e-05
Siddharth Pall,6,0.0001,0.0,0.0,4e-05
Reva Grewal,6,0.0001,0.0,0.0,4e-05
Yamini Sami,6,0.0001,0.0,0.0,4e-05
Bahadurjit Pal,6,0.0001,0.0,0.0,4e-05
Laban Basak,6,0.0001,0.0,0.0,4e-05
Indira Ratti,6,0.0001,0.0,0.0,4e-05
Theodore Saraf,6,0.0001,0.0,0.0,4e-05
Bachittar Rai,6,0.0001,0.0,0.0,4e-05
Ryan Ramachandran,6,0.0001,0.0,0.0,4e-05
Pranav Wable,6,0.0001,0.0,0.0,4e-05
Omisha Shanker,7,0.0001,0.0,0.0,4e-05
Vasatika Khurana,7,0.0001,0.0,0.0,4e-05
Rachana Verma,6,0.0001,0.0,0.0,4e-05
Dev Chahal,7,0.0001,0.0,0.0,4e-05
Owen Sandal,6,0.0001,0.0,0.0,4e-05
Ikshita Acharya,6,0.0001,0.0,0.0,4e-05
Anjali Mand,6,0.0001,0.0,0.0,4e-05
Eshana Goyal,6,0.0001,0.0,0.0,4e-05
Veer Ganesh,6,0.0001,0.0,0.0,4e-05
Advay Doctor,6,0.0001,0.0,0.0,4e-05
Mohammed Sunder,6,0.0001,0.0,0.0,4e-05
Tanveer Tailor,6,0.0001,0.0,0.0,4e-05
Tamanna Pradhan,6,0.0001,0.0,0.0,4e-05
Manthan Mishra,6,0.0001,0.0,0.0,4e-05
Vrishti Raval,6,0.0001,0.0,0.0,4e-05
Aishani Barman,6,0.0001,0.0,0.0,4e-05
Madhavi Chhabra,7,0.0001,0.0,0.0,4e-05
Orinder Johal,6,0.0001,0.0,0.0,4e-05
Chatresh Das,6,0.0001,0.0,0.0,4e-05
Chaaya Varghese,6,0.0001,0.0,0.0,4e-05
Yachana Parmar,6,0.0001,0.0,0.0,4e-05
Luke Mittal,6,0.0001,0.0,0.0,4e-05
Kiaan Minhas,6,0.0001,0.0,0.0,4e-05
Deepa Naidu,6,0.0001,0.0,0.0,4e-05
Samaksh Bandi,6,0.0001,0.0,0.0,4e-05
Akshay Bedi,6,0.0001,0.0,0.0,4e-05
Chatresh Prakash,6,0.0001,0.0,0.0,4e-05
Janya Bansal,6,0.0001,0.0,0.0,4e-05
Anika Mammen,6,0.0001,0.0,0.0,4e-05
Eta Subramaniam,6,0.0001,0.0,0.0,4e-05
Liam Sachar,7,0.0001,0.0,0.0,4e-05
Zehaan Narayanan,6,0.0001,0.0,0.0,4e-05
Zarna Ramaswamy,6,0.0001,0.0,0.0,4e-05
Siddharth Keer,6,0.0001,0.0,0.0,4e-05
Gautam Saha,6,0.0001,0.0,0.0,4e-05
Girik Dayal,6,0.0001,0.0,0.0,4e-05
George Ahluwalia,6,0.0001,0.0,0.0,4e-05
Champak Suresh,6,0.0001,0.0,0.0,4e-05
Sanaya Boase,6,0.0001,0.0,0.0,4e-05
Mitesh Mall,6,0.0001,0.0,0.0,4e-05
Yadavi Patel,7,0.0001,0.0,0.0,4e-05
Lucky Bansal,6,0.0001,0.0,0.0,4e-05
Varenya Dyal,6,0.0001,0.0,0.0,4e-05
Lipika Buch,6,0.0001,0.0,0.0,4e-05
Lipika Vora,6,0.0001,0.0,0.0,4e-05
Harsh Yogi,6,0.0001,0.0,0.0,4e-05
Damini Rama,6,0.0001,0.0,0.0,4e-05
Aryan Banik,6,0.0001,0.0,0.0,4e-05
Teerth Saha,6,0.0001,0.0,0.0,4e-05
Jeevika Swaminathan,6,0.0001,0.0,0.0,4e-05
Gayathri Patel,6,0.0001,0.0,0.0,4e-05
Krish Wable,6,0.0001,0.0,0.0,4e-05
Bhavya Krishnan,6,0.0001,0.0,0.0,4e-05
Ekani Nagar,6,0.0001,0.0,0.0,4e-05
Jalsa Khanna,6,0.0001,0.0,0.0,4e-05
Pooja Som,6,0.0001,0.0,0.0,4e-05
Fitan Hari,6,0.0001,0.0,0.0,4e-05
Kritika Doctor,6,0.0001,0.0,0.0,4e-05
Jack Chhabra,6,0.0001,0.0,0.0,4e-05
Rajata Parmer,6,0.0001,0.0,0.0,4e-05
Manthan De,6,0.0001,0.0,0.0,4e-05
Irya Devan,6,0.0001,0.0,0.0,4e-05
Vyanjana Minhas,6,0.0001,0.0,0.0,4e-05
Jeet Khare,6,0.0001,0.0,0.0,4e-05
Onveer Chana,6,0.0001,0.0,0.0,4e-05
Damyanti Varughese,6,0.0001,0.0,0.0,4e-05
Fariq Saraf,6,0.0001,0.0,0.0,4e-05
Faras Virk,6,0.0001,0.0,0.0,4e-05
Oscar Bhattacharyya,6,0.0001,0.0,0.0,4e-05
Forum Dhaliwal,6,0.0001,0.0,0.0,4e-05
Edhitha Shroff,6,0.0001,0.0,0.0,4e-05
Chameli Shankar,6,0.0001,0.0,0.0,4e-05
Yamini Vohra,6,0.0001,0.0,0.0,4e-05
Oeshi Bandi,6,0.0001,0.0,0.0,4e-05
Balhaar Hora,6,0.0001,0.0,0.0,4e-05
Wridesh Choudhary,6,0.0001,0.0,0.0,4e-05
Daksha Bhardwaj,6,0.0001,0.0,0.0,4e-05
Anika Pall,6,0.0001,0.0,0.0,4e-05
Tanveer Mistry,6,0.0001,0.0,0.0,4e-05
Vidhi Dasgupta,6,0.0001,0.0,0.0,4e-05
Chandresh Palla,6,0.0001,0.0,0.0,4e-05
Upkaar Randhawa,7,0.0001,0.0,0.0,4e-05
Qushi Ahuja,7,0.0001,0.0,0.0,4e-05
Teerth Raval,7,0.0001,0.0,0.0,4e-05
Maya Kapoor,6,0.0001,0.0,0.0,4e-05
Saumya Guha,6,0.0001,0.0,0.0,4e-05
Kala Bahri,6,0.0001,0.0,0.0,4e-05
Darsh Konda,6,0.0001,0.0,0.0,4e-05
Vasudha Mall,6,0.0001,0.0,0.0,4e-05
Daniel Bhatnagar,6,0.0001,0.0,0.0,4e-05
Jagdish Dhingra,6,0.0001,0.0,0.0,4e-05
Gaurav Shankar,6,0.0001,0.0,0.0,4e-05
Aadi Srivastava,7,0.0001,0.0,0.0,4e-05
Ekaraj Sarna,6,0.0001,0.0,0.0,4e-05
Upasna Chandran,6,0.0001,0.0,0.0,4e-05
Adya Wali,6,0.0001,0.0,0.0,4e-05
Mitali Loke,6,0.0001,0.0,0.0,4e-05
Adya Patla,6,0.0001,0.0,0.0,4e-05
Widisha Narang,6,0.0001,0.0,0.0,4e-05
Urishilla Rai,6,0.0001,0.0,0.0,4e-05
Mohammed Ben,6,0.0001,0.0,0.0,4e-05
Xiti Shetty,6,0.0001,0.0,0.0,4e-05
Tanmayi Dutta,6,0.0001,0.0,0.0,4e-05
Aryan Kari,6,0.0001,0.0,0.0,4e-05
Yashasvi Rattan,6,0.0001,0.0,0.0,4e-05
Ekanta Wadhwa,6,0.0001,0.0,0.0,4e-05
Arjun Gour,6,0.0001,0.0,0.0,4e-05
Abeer Gala,6,0.0001,0.0,0.0,4e-05
Hardik Basak,6,0.0001,0.0,0.0,4e-05
Mitali Patel,6,0.0001,0.0,0.0,4e-05
Ethan Karpe,6,0.0001,0.0,0.0,4e-05
Farhan Rama,6,0.0001,0.0,0.0,4e-05
Yash Saran,6,0.0001,0.0,0.0,4e-05
Shravya Sood,6,0.0001,0.0,0.0,4e-05
Chatura Bains,6,0.0001,0.0,0.0,4e-05
Krishna Bora,6,0.0001,0.0,0.0,4e-05
Tanveer Rattan,6,0.0001,0.0,0.0,4e-05
Sai Agarwal,6,0.0001,0.0,0.0,4e-05
Rushil Madan,6,0.0001,0.0,0.0,4e-05
Inaya Handa,6,0.0001,0.0,0.0,4e-05
Theodore Suri,6,0.0001,0.0,0.0,4e-05
Anjali Pal,6,0.0001,0.0,0.0,4e-05
Nidhi Doshi,7,0.0001,0.0,0.0,4e-05
Nihal Prakash,6,0.0001,0.0,0.0,4e-05
Manbir Thakur,6,0.0001,0.0,0.0,4e-05
Chasmum Sridhar,6,0.0001,0.0,0.0,4e-05
Harsh Mander,6,0.0001,0.0,0.0,4e-05
Oliver Deol,6,0.0001,0.0,0.0,4e-05
Xalak Krish,6,0.0001,0.0,0.0,4e-05
Aahana Kala,6,0.0001,0.0,0.0,4e-05
Vanya Basu,6,0.0001,0.0,0.0,4e-05
Falan More,7,0.0001,0.0,0.0,4e-05
Vrinda Chad,6,0.0001,0.0,0.0,4e-05
Osha Lal,6,0.0001,0.0,0.0,4e-05
Devansh Rastogi,6,0.0001,0.0,0.0,4e-05
Vrishti Grewal,6,0.0001,0.0,0.0,4e-05
Kritika Mohan,6,0.0001,0.0,0.0,4e-05
Balhaar Seshadri,6,0.0001,0.0,0.0,4e-05
Ekansh Date,6,0.0001,0.0,0.0,4e-05
Turvi Grover,6,0.0001,0.0,0.0,4e-05
Naveen Dugar,6,0.0001,0.0,0.0,4e-05
Lipika Bath,6,0.0001,0.0,0.0,4e-05
Chanakya Thaker,6,0.0001,0.0,0.0,4e-05
Ekansh Kanda,6,0.0001,0.0,0.0,4e-05
Nakul Ray,7,0.0001,0.0,0.0,4e-05
Jasmit Barman,6,0.0001,0.0,0.0,4e-05
Lavanya Wali,6,0.0001,0.0,0.0,4e-05
Hardik Saraf,6,0.0001,0.0,0.0,4e-05
Samaksh Lal,6,0.0001,0.0,0.0,4e-05
Watika Gole,6,0.0001,0.0,0.0,4e-05
Lakshmi Sule,6,0.0001,0.0,0.0,4e-05
Shaurya Kulkarni,6,0.0001,0.0,0.0,4e-05
Hitesh Konda,6,0.0001,0.0,0.0,4e-05
Ansh Badal,6,0.0001,0.0,0.0,4e-05
Karan Badal,6,0.0001,0.0,0.0,4e-05
Zehaan Ghose,6,0.0001,0.0,0.0,4e-05
Shivansh Handa,6,0.0001,0.0,0.0,4e-05
Om Reddy,6,0.0001,0.0,0.0,4e-05
Sanya Kuruvilla,6,0.0001,0.0,0.0,4e-05
Hema Joshi,6,0.0001,0.0,0.0,4e-05
Upadhriti Kata,6,0.0001,0.0,0.0,4e-05
Hiral Bir,7,0.0001,0.0,0.0,4e-05
Teerth Buch,6,0.0001,0.0,0.0,4e-05
Dev Acharya,6,0.0001,0.0,0.0,4e-05
Hemang Aurora,6,0.0001,0.0,0.0,4e-05
Krish Dutt,6,0.0001,0.0,0.0,4e-05
Anthony Basu,6,0.0001,0.0,0.0,4e-05
Abdul Kamdar,6,0.0001,0.0,0.0,4e-05
Nitesh Biswas,6,0.0001,0.0,0.0,4e-05
Samar Dugar,6,0.0001,0.0,0.0,4e-05
Sneha Baria,6,0.0001,0.0,0.0,4e-05
Elijah Dhingra,6,0.0001,0.0,0.0,4e-05
Ekantika Tata,6,0.0001,0.0,0.0,4e-05
Vrishti Salvi,6,0.0001,0.0,0.0,4e-05
Ethan Soman,6,0.0001,0.0,0.0,4e-05
Jonathan Chakrabarti,7,0.0001,0.0,0.0,4e-05
Vinaya Rajan,6,0.0001,0.0,0.0,4e-05
Widisha Gera,6,0.0001,0.0,0.0,4e-05
Lohit Bail,6,0.0001,0.0,0.0,4e-05
Anjali Vaidya,6,0.0001,0.0,0.0,4e-05
Amaira Goyal,6,0.0001,0.0,0.0,4e-05
Anthony Garde,7,0.0001,0.0,0.0,4e-05
Chanchal Chaudhari,6,0.0001,0.0,0.0,4e-05
Warinder Choudhry,6,0.0001,0.0,0.0,4e-05
Rajata Naidu,6,0.0001,0.0,0.0,4e-05
Aachal Prakash,7,0.0001,0.0,0.0,4e-05
Azaan Kothari,6,0.0001,0.0,0.0,4e-05
Vrinda Naik,6,0.0001,0.0,0.0,4e-05
Amol Dey,6,0.0001,0.0,0.0,4e-05
Deepa Madan,6,0.0001,0.0,0.0,4e-05
Veda Memon,7,0.0001,0.0,0.0,4e-05
Frederick Deshpande,6,0.0001,0.0,0.0,4e-05
Pratyush Maharaj,6,0.0001,0.0,0.0,4e-05
Geetika Ben,6,0.0001,0.0,0.0,4e-05
Yuvraj Biswas,6,0.0001,0.0,0.0,4e-05
Christopher Naidu,6,0.0001,0.0,0.0,4e-05
Abhimanyu Kaur,6,0.0001,0.0,0.0,4e-05
Hardik Trivedi,6,0.0001,0.0,0.0,4e-05
Anjali Samra,6,0.0001,0.0,0.0,4e-05
Zansi Mitra,6,0.0001,0.0,0.0,4e-05
Sudiksha Gour,6,0.0001,0.0,0.0,4e-05
Lohit Bajaj,6,0.0001,0.0,0.0,4e-05
Parth Parmar,6,0.0001,0.0,0.0,4e-05
Urvashi Keer,7,0.0001,0.0,0.0,4e-05
Brinda Gokhale,6,0.0001,0.0,0.0,4e-05
Luke Sachar,7,0.0001,0.0,0.0,4e-05
Urmi Kothari,6,0.0001,0.0,0.0,4e-05
Vrishti Ray,7,0.0001,0.0,0.0,4e-05
Gautam Parikh,6,0.0001,0.0,0.0,4e-05
Shivani Magar,6,0.0001,0.0,0.0,4e-05
Aarna Kapur,6,0.0001,0.0,0.0,4e-05
Pushti Om,6,0.0001,0.0,0.0,4e-05
Widisha Toor,6,0.0001,0.0,0.0,4e-05
Aditya D’Alia,6,0.0001,0.0,0.0,4e-05
Gabriel Soni,6,0.0001,0.0,0.0,4e-05
Ijaya Toor,6,0.0001,0.0,0.0,4e-05
Bhavya Bath,6,0.0001,0.0,0.0,4e-05
Mohini Apte,6,0.0001,0.0,0.0,4e-05
Kiaan Kunda,6,0.0001,0.0,0.0,4e-05
Yuvraj Ramanathan,6,0.0001,0.0,0.0,4e-05
Forum Dutt,7,0.0001,0.0,0.0,4e-05
Wazir Nigam,6,0.0001,0.0,0.0,4e-05
Nidhi Ghosh,7,0.0001,0.0,0.0,4e-05
Zehaan Hans,6,0.0001,0.0,0.0,4e-05
Dakshesh Mohan,7,0.0001,0.0,0.0,4e-05
Udarsh Doshi,6,0.0001,0.0,0.0,4e-05
Jonathan Kumer,6,0.0001,0.0,0.0,4e-05
Zashil Datta,6,0.0001,0.0,0.0,4e-05
Manya Dey,6,0.0001,0.0,0.0,4e-05
Ridhi Din,6,0.0001,0.0,0.0,4e-05
Lucky Bumb,6,0.0001,0.0,0.0,4e-05
Odika Raman,6,0.0001,0.0,0.0,4e-05
Yashvi Balakrishnan,6,0.0001,0.0,0.0,4e-05
Fiyaz Uppal,6,0.0001,0.0,0.0,4e-05
Xiti Madan,6,0.0001,0.0,0.0,4e-05
Ayushman Shankar,6,0.0001,0.0,0.0,4e-05
Radhika Kumer,6,0.0001,0.0,0.0,4e-05
Teerth Mann,6,0.0001,0.0,0.0,4e-05
Udarsh Andra,6,0.0001,0.0,0.0,4e-05
Ethan Purohit,6,0.0001,0.0,0.0,4e-05
Elijah Sekhon,6,0.0001,0.0,0.0,4e-05
Gavin Rajagopalan,6,0.0001,0.0,0.0,4e-05
Falguni Merchant,7,0.0001,0.0,0.0,4e-05
Bakhshi Sandal,6,0.0001,0.0,0.0,4e-05
Girish Chopra,6,0.0001,0.0,0.0,4e-05
Hema Gade,7,0.0001,0.0,0.0,4e-05
Rehaan Walia,6,0.0001,0.0,0.0,4e-05
Dhriti Lala,6,0.0001,0.0,0.0,4e-05
Mohammed Kota,6,0.0001,0.0,0.0,4e-05
Chatresh Sunder,6,0.0001,0.0,0.0,4e-05
Aditya Prakash,6,0.0001,0.0,0.0,4e-05
Fitan Panchal,6,0.0001,0.0,0.0,4e-05
Kashish Bhatti,6,0.0001,0.0,0.0,4e-05
Mitesh Hora,6,0.0001,0.0,0.0,4e-05
Rajata Kala,6,0.0001,0.0,0.0,4e-05
Saumya Ramaswamy,6,0.0001,0.0,0.0,4e-05
Ekanta Pai,6,0.0001,0.0,0.0,4e-05
Pavani Modi,6,0.0001,0.0,0.0,4e-05
Anvi Sachdev,6,0.0001,0.0,0.0,4e-05
Umang Raja,6,0.0001,0.0,0.0,4e-05
Fiyaz Tank,6,0.0001,0.0,0.0,4e-05
Ikbal Narula,6,0.0001,0.0,0.0,4e-05
Abeer Chad,6,0.0001,0.0,0.0,4e-05
Maanav Nori,6,0.0001,0.0,0.0,4e-05
Jagdish Krishna,6,0.0001,0.0,0.0,4e-05
Avi Menon,6,0.0001,0.0,0.0,4e-05
Omaja Lata,6,0.0001,0.0,0.0,4e-05
Krishna Lad,6,0.0001,0.0,0.0,4e-05
Zaid Baral,6,0.0001,0.0,0.0,4e-05
Quincy Kota,6,0.0001,0.0,0.0,4e-05
Chanakya Dube,7,0.0001,0.0,0.0,4e-05
Aadi Kata,6,0.0001,0.0,0.0,4e-05
Charvi Kanda,6,0.0001,0.0,0.0,4e-05
Vedhika Chana,7,0.0001,0.0,0.0,4e-05
Shaurya Andra,6,0.0001,0.0,0.0,4e-05
Varsha Parmer,6,0.0001,0.0,0.0,4e-05
Zayan Mangat,6,0.0001,0.0,0.0,4e-05
Vanya Rajagopalan,6,0.0001,0.0,0.0,4e-05
Riya Ray,6,0.0001,0.0,0.0,4e-05
Vrishti Parsa,6,0.0001,0.0,0.0,4e-05
Ekanta Sha,6,0.0001,0.0,0.0,4e-05
Ansh Barad,6,0.0001,0.0,0.0,4e-05
Sarthak Vala,6,0.0001,0.0,0.0,4e-05
Vidhi Borde,7,0.0001,0.0,0.0,4e-05
Amrita Barad,6,0.0001,0.0,0.0,4e-05
Raghav Rastogi,6,0.0001,0.0,0.0,4e-05
Amol Kaur,6,0.0001,0.0,0.0,4e-05
Sai Singh,6,0.0001,0.0,0.0,4e-05
Kamya Mital,6,0.0001,0.0,0.0,4e-05
Qushi More,6,0.0001,0.0,0.0,4e-05
Tristan Halder,6,0.0001,0.0,0.0,4e-05
Bishakha Saini,6,0.0001,0.0,0.0,4e-05
Janaki Ramanathan,6,0.0001,0.0,0.0,4e-05
Isha Chaudry,6,0.0001,0.0,0.0,4e-05
Joshua Bhatt,6,0.0001,0.0,0.0,4e-05
Geetika Jaggi,6,0.0001,0.0,0.0,4e-05
Yashasvi Minhas,6,0.0001,0.0,0.0,4e-05
Saksham Jhaveri,6,0.0001,0.0,0.0,4e-05
Anmol Padmanabhan,6,0.0001,0.0,0.0,4e-05
Abdul Garg,6,0.0001,0.0,0.0,4e-05
Ethan Shankar,6,0.0001,0.0,0.0,4e-05
Vrishti Memon,6,0.0001,0.0,0.0,4e-05
Jackson Natarajan,6,0.0001,0.0,0.0,4e-05
Chatresh Manne,7,0.0001,0.0,0.0,4e-05
Chanchal Kant,6,0.0001,0.0,0.0,4e-05
Anya Subramaniam,6,0.0001,0.0,0.0,4e-05
Oviya Kalla,6,0.0001,0.0,0.0,4e-05
Luke Sundaram,6,0.0001,0.0,0.0,4e-05
Sudiksha Bhagat,7,0.0001,0.0,0.0,4e-05
Dipta Gaba,6,0.0001,0.0,0.0,4e-05
Daksha Sant,6,0.0001,0.0,0.0,4e-05
Omya Ravi,6,0.0001,0.0,0.0,4e-05
Upma Lall,7,0.0001,0.0,0.0,4e-05
Ladli Mohan,6,0.0001,0.0,0.0,4e-05
Bakhshi Subramanian,6,0.0001,0.0,0.0,4e-05
Finn Sule,6,0.0001,0.0,0.0,4e-05
Yoshita Chadha,6,0.0001,0.0,0.0,4e-05
Rajeshri Mohanty,6,0.0001,0.0,0.0,4e-05
Aradhana Khatri,6,0.0001,0.0,0.0,4e-05
Falak Kadakia,6,0.0001,0.0,0.0,4e-05
Alexander Jayaraman,6,0.0001,0.0,0.0,4e-05
Jeevika Pall,6,0.0001,0.0,0.0,4e-05
Tripti Mane,6,0.0001,0.0,0.0,4e-05
Azad Bal,6,0.0001,0.0,0.0,4e-05
Vaishnavi Parmar,6,0.0001,0.0,0.0,4e-05
Kala Mitter,6,0.0001,0.0,0.0,4e-05
Garima Patil,6,0.0001,0.0,0.0,4e-05
Joshua Kalita,7,0.0001,0.0,0.0,4e-05
Saumya Dhar,6,0.0001,0.0,0.0,4e-05
Urmi Khatri,6,0.0001,0.0,0.0,4e-05
Advika Borah,6,0.0001,0.0,0.0,4e-05
Tanmayi Mani,6,0.0001,0.0,0.0,4e-05
Qasim Mangal,6,0.0001,0.0,0.0,4e-05
Hemang Date,6,0.0001,0.0,0.0,4e-05
Girindra Bhardwaj,6,0.0001,0.0,0.0,4e-05
Maya Mukherjee,6,0.0001,0.0,0.0,4e-05
Charita Chandra,6,0.0001,0.0,0.0,4e-05
Bhavini Dyal,6,0.0001,0.0,0.0,4e-05
Charan Arya,6,0.0001,0.0,0.0,4e-05
Unnati Bhandari,6,0.0001,0.0,0.0,4e-05
Dalbir Goyal,6,0.0001,0.0,0.0,4e-05
Hardik Swamy,6,0.0001,0.0,0.0,4e-05
Widisha Boase,6,0.0001,0.0,0.0,4e-05
Ekavir Deep,6,0.0001,0.0,0.0,4e-05
Girindra Chowdhury,6,0.0001,0.0,0.0,4e-05
Ojasvi Agrawal,6,0.0001,0.0,0.0,4e-05
Theodore Ghose,6,0.0001,0.0,0.0,4e-05
Vedika Hayer,6,0.0001,0.0,0.0,4e-05
Irya Yadav,6,0.0001,0.0,0.0,4e-05
Sathvik Sethi,6,0.0001,0.0,0.0,4e-05
Radhika Mangat,6,0.0001,0.0,0.0,4e-05
Laban Ravel,6,0.0001,0.0,0.0,4e-05
Raagini Banerjee,6,0.0001,0.0,0.0,4e-05
Yahvi Kuruvilla,6,0.0001,0.0,0.0,4e-05
Tanmayi Bhatti,6,0.0001,0.0,0.0,4e-05
Avi Manda,6,0.0001,0.0,0.0,4e-05
Aditya Naidu,6,0.0001,0.0,0.0,4e-05
Anvi Mohanty,6,0.0001,0.0,0.0,4e-05
Isaiah Srinivasan,6,0.0001,0.0,0.0,4e-05
Nachiket Bhakta,6,0.0001,0.0,0.0,4e-05
Jackson Krishna,6,0.0001,0.0,0.0,4e-05
Jagat Sekhon,6,0.0001,0.0,0.0,4e-05
Shravya Tara,6,0.0001,0.0,0.0,4e-05
Ira Dhaliwal,6,0.0001,0.0,0.0,4e-05
Viraj Subramaniam,6,0.0001,0.0,0.0,4e-05
Thomas Nayak,6,0.0001,0.0,0.0,4e-05
Aditya Gaba,6,0.0001,0.0,0.0,4e-05
Chaaya Sachar,7,0.0001,0.0,0.0,4e-05
Patrick Bhatnagar,6,0.0001,0.0,0.0,4e-05
Rudra Walla,6,0.0001,0.0,0.0,4e-05
Nandini Sethi,6,0.0001,0.0,0.0,4e-05
Widisha Mohanty,6,0.0001,0.0,0.0,4e-05
Fitan Tailor,6,0.0001,0.0,0.0,4e-05
Abeer Sarma,6,0.0001,0.0,0.0,4e-05
Owen Sood,6,0.0001,0.0,0.0,4e-05
Laksh Dixit,6,0.0001,0.0,0.0,4e-05
Bishakha Om,6,0.0001,0.0,0.0,4e-05
Hritik Shah,6,0.0001,0.0,0.0,4e-05
Irya Sandhu,6,0.0001,0.0,0.0,4e-05
Amrita Pai,6,0.0001,0.0,0.0,4e-05
Upadhriti Bakshi,6,0.0001,0.0,0.0,4e-05
Umang Sane,6,0.0001,0.0,0.0,4e-05
Aarnav Bandi,6,0.0001,0.0,0.0,4e-05
Utkarsh Kala,6,0.0001,0.0,0.0,4e-05
Vihaan Pau,6,0.0001,0.0,0.0,4e-05
Megha Majumdar,6,0.0001,0.0,0.0,4e-05
Ekanta Rattan,6,0.0001,0.0,0.0,4e-05
Jacob Mangat,6,0.0001,0.0,0.0,4e-05
Aarini Varughese,6,0.0001,0.0,0.0,4e-05
Yatan Das,6,0.0001,0.0,0.0,4e-05
Netra Agate,6,0.0001,0.0,0.0,4e-05
Fariq Bhat,7,0.0001,0.0,0.0,4e-05
Raagini Ratta,6,0.0001,0.0,0.0,4e-05
Meera Chatterjee,6,0.0001,0.0,0.0,4e-05
Qarin Shetty,6,0.0001,0.0,0.0,4e-05
Ekantika Pillay,6,0.0001,0.0,0.0,4e-05
Jonathan Mammen,6,0.0001,0.0,0.0,4e-05
Dipta Khanna,6,0.0001,0.0,0.0,4e-05
Warjas Raju,6,0.0001,0.0,0.0,4e-05
Vedant Kamdar,6,0.0001,0.0,0.0,4e-05
Aarush Gera,6,0.0001,0.0,0.0,4e-05
Falak Nayar,6,0.0001,0.0,0.0,4e-05
Sudiksha Mitra,6,0.0001,0.0,0.0,4e-05
Zaitra Dhingra,6,0.0001,0.0,0.0,4e-05
Suhani Wadhwa,6,0.0001,0.0,0.0,4e-05
Anjali Tata,6,0.0001,0.0,0.0,4e-05
Tristan Pillai,6,0.0001,0.0,0.0,4e-05
Mohini Kala,6,0.0001,0.0,0.0,4e-05
Lopa Kata,6,0.0001,0.0,0.0,4e-05
Gayathri Bera,6,0.0001,0.0,0.0,4e-05
Urishilla Puri,6,0.0001,0.0,0.0,4e-05
Amrita Mishra,6,0.0001,0.0,0.0,4e-05
Vasatika Dhar,6,0.0001,0.0,0.0,4e-05
Bachittar Tailor,6,0.0001,0.0,0.0,4e-05
Riya Madan,6,0.0001,0.0,0.0,4e-05
Devika Biswas,6,0.0001,0.0,0.0,4e-05
Ayush Oommen,6,0.0001,0.0,0.0,4e-05
Netra Balay,6,0.0001,0.0,0.0,4e-05
Tanmayi Dada,6,0.0001,0.0,0.0,4e-05
Kritika Sethi,6,0.0001,0.0,0.0,4e-05
Oviya Nayar,6,0.0001,0.0,0.0,4e-05
Yuvraj Bhargava,6,0.0001,0.0,0.0,4e-05
Hemang Manda,6,0.0001,0.0,0.0,4e-05
Daksha Chandran,6,0.0001,0.0,0.0,4e-05
Kritika Guha,6,0.0001,0.0,0.0,4e-05
Charvi Choudhary,6,0.0001,0.0,0.0,4e-05
Anvi Devi,6,0.0001,0.0,0.0,4e-05
Anita Rastogi,6,0.0001,0.0,0.0,4e-05
Triveni Shanker,7,0.0001,0.0,0.0,4e-05
Matthew Dave,7,0.0001,0.0,0.0,4e-05
Warhi Srinivasan,6,0.0001,0.0,0.0,4e-05
Anmol Bandi,6,0.0001,0.0,0.0,4e-05
Anirudh Jhaveri,6,0.0001,0.0,0.0,4e-05
Imaran Warrior,6,0.0001,0.0,0.0,4e-05
Siddharth Dutt,6,0.0001,0.0,0.0,4e-05
Ladli Narayanan,6,0.0001,0.0,0.0,4e-05
Hitesh Kala,6,0.0001,0.0,0.0,4e-05
Shivani Sarraf,6,0.0001,0.0,0.0,4e-05
Tristan Mallick,6,0.0001,0.0,0.0,4e-05
Yashasvi Bhatia,6,0.0001,0.0,0.0,4e-05
Umang Dey,6,0.0001,0.0,0.0,4e-05
Balendra Dugar,6,0.0001,0.0,0.0,4e-05
Leena Solanki,6,0.0001,0.0,0.0,4e-05
Hemani Om,6,0.0001,0.0,0.0,4e-05
Osha Sant,6,0.0001,0.0,0.0,4e-05
Hamsini Sekhon,6,0.0001,0.0,0.0,4e-05
Devansh Wali,6,0.0001,0.0,0.0,4e-05
Lavanya Kalita,6,0.0001,0.0,0.0,4e-05
Gagan Issac,6,0.0001,0.0,0.0,4e-05
Gopal Sankaran,6,0.0001,0.0,0.0,4e-05
Kiaan Din,6,0.0001,0.0,0.0,4e-05
Rayaan Natarajan,6,0.0001,0.0,0.0,4e-05
Ronith Dube,6,0.0001,0.0,0.0,4e-05
Vamakshi Toor,6,0.0001,0.0,0.0,4e-05
Anmol Badami,6,0.0001,0.0,0.0,4e-05
Jacob Sant,6,0.0001,0.0,0.0,4e-05
Bhavika Swaminathan,6,0.0001,0.0,0.0,4e-05
Veer Goda,6,0.0001,0.0,0.0,4e-05
Mohini Pathak,6,0.0001,0.0,0.0,4e-05
Neel Sur,6,0.0001,0.0,0.0,4e-05
Aahana Guha,6,0.0001,0.0,0.0,4e-05
Bhavya Varkey,6,0.0001,0.0,0.0,4e-05
Fiyaz Barad,6,0.0001,0.0,0.0,4e-05
Ekaja Narayan,6,0.0001,0.0,0.0,4e-05
Tanay Brar,6,0.0001,0.0,0.0,4e-05
Rushil Chaudhary,6,0.0001,0.0,0.0,4e-05
Akshay Loyal,6,0.0001,0.0,0.0,4e-05
Alka Grewal,6,0.0001,0.0,0.0,4e-05
Noah Chakraborty,6,0.0001,0.0,0.0,4e-05
Ekaraj Chad,6,0.0001,0.0,0.0,4e-05
Jeevika Rana,6,0.0001,0.0,0.0,4e-05
Alexander Tella,6,0.0001,0.0,0.0,4e-05
Sai Sanghvi,6,0.0001,0.0,0.0,4e-05
Chaitaly Radhakrishnan,6,0.0001,0.0,0.0,4e-05
Baljiwan Pingle,6,0.0001,0.0,0.0,4e-05
Januja Mani,6,0.0001,0.0,0.0,4e-05
Charita Golla,6,0.0001,0.0,0.0,4e-05
Ekantika Date,6,0.0001,0.0,0.0,4e-05
Gabriel Bhardwaj,7,0.0001,0.0,0.0,4e-05
Ikbal Patla,6,0.0001,0.0,0.0,4e-05
Ati Kamdar,6,0.0001,0.0,0.0,4e-05
Kashvi Hans,6,0.0001,0.0,0.0,4e-05
Turvi Jaggi,6,0.0001,0.0,0.0,4e-05
Qarin Kaur,7,0.0001,0.0,0.0,4e-05
Ekaraj Peri,6,0.0001,0.0,0.0,4e-05
Shivani Swaminathan,7,0.0001,0.0,0.0,4e-05
Nitesh Ramakrishnan,6,0.0001,0.0,0.0,4e-05
Nathaniel Mody,6,0.0001,0.0,0.0,4e-05
Yashica Suresh,6,0.0001,0.0,0.0,4e-05
Ekansh Prashad,6,0.0001,0.0,0.0,4e-05
Jackson Chatterjee,6,0.0001,0.0,0.0,4e-05
Anthony Vig,6,0.0001,0.0,0.0,4e-05
Lopa Khalsa,6,0.0001,0.0,0.0,4e-05
Ekantika Mallick,6,0.0001,0.0,0.0,4e-05
Ranbir Lala,6,0.0001,0.0,0.0,4e-05
Peter Kota,6,0.0001,0.0,0.0,4e-05
Upkaar Seth,6,0.0001,0.0,0.0,4e-05
Libni Brar,6,0.0001,0.0,0.0,4e-05
Samarth Baria,7,0.0001,0.0,0.0,4e-05
Jeremiah Andra,6,0.0001,0.0,0.0,4e-05
Anjali Srinivasan,6,0.0001,0.0,0.0,4e-05
Falan Ramesh,7,0.0001,0.0,0.0,4e-05
Abha Srinivasan,6,0.0001,0.0,0.0,4e-05
Nidra Pingle,6,0.0001,0.0,0.0,4e-05
Bhanumati Bhalla,6,0.0001,0.0,0.0,4e-05
Ekiya Kaul,6,0.0001,0.0,0.0,4e-05
Bimala Gara,6,0.0001,0.0,0.0,4e-05
Ekanta Rajagopal,6,0.0001,0.0,0.0,4e-05
Rayaan Sandhu,6,0.0001,0.0,0.0,4e-05
Azad Ramachandran,6,0.0001,0.0,0.0,4e-05
Wazir Pau,6,0.0001,0.0,0.0,4e-05
Victor Purohit,6,0.0001,0.0,0.0,4e-05
Kala Srinivasan,6,0.0001,0.0,0.0,4e-05
Ranbir Doshi,6,0.0001,0.0,0.0,4e-05
Kritika Narayanan,6,0.0001,0.0,0.0,4e-05
Sanya Sura,6,0.0001,0.0,0.0,4e-05
Yatan Devi,6,0.0001,0.0,0.0,4e-05
Vritti Sood,6,0.0001,0.0,0.0,4e-05
Girish Suresh,6,0.0001,0.0,0.0,4e-05
Manbir Samra,6,0.0001,0.0,0.0,4e-05
Samaksh Lad,6,0.0001,0.0,0.0,4e-05
Jagat Patla,6,0.0001,0.0,0.0,4e-05
Tarak Parmar,6,0.0001,0.0,0.0,4e-05
Udarsh Chokshi,6,0.0001,0.0,0.0,4e-05
Jacob Prabhu,6,0.0001,0.0,0.0,4e-05
Advika Kannan,6,0.0001,0.0,0.0,4e-05
Falan De,6,0.0001,0.0,0.0,4e-05
Theodore Lall,6,0.0001,0.0,0.0,4e-05
Azaan Divan,6,0.0001,0.0,0.0,4e-05
Samuel Handa,6,0.0001,0.0,0.0,4e-05
Ishita Anand,6,0.0001,0.0,0.0,4e-05
Aditya Panchal,6,0.0001,0.0,0.0,4e-05
Tanay Jhaveri,6,0.0001,0.0,0.0,4e-05
Yamini Kamdar,6,0.0001,0.0,0.0,4e-05
Prisha Krishna,6,0.0001,0.0,0.0,4e-05
Zehaan Mane,6,0.0001,0.0,0.0,4e-05
Ekaraj Sur,6,0.0001,0.0,0.0,4e-05
Rushil Bhat,6,0.0001,0.0,0.0,4e-05
Hardik More,6,0.0001,0.0,0.0,4e-05
Shivani Jani,6,0.0001,0.0,0.0,4e-05
Yuvraj Sundaram,6,0.0001,0.0,0.0,4e-05
Nimrat Sant,6,0.0001,0.0,0.0,4e-05
Bhavna Savant,6,0.0001,0.0,0.0,4e-05
Raagini Varughese,6,0.0001,0.0,0.0,4e-05
Amruta More,6,0.0001,0.0,0.0,4e-05
Radha Dixit,6,0.0001,0.0,0.0,4e-05
Kala Mital,6,0.0001,0.0,0.0,4e-05
Vasatika Chad,6,0.0001,0.0,0.0,4e-05
Nilima Iyer,6,0.0001,0.0,0.0,4e-05
Qabil Cherian,6,0.0001,0.0,0.0,4e-05
Vasatika Morar,6,0.0001,0.0,0.0,4e-05
Samarth Tandon,6,0.0001,0.0,0.0,4e-05
Reyansh Chandran,6,0.0001,0.0,0.0,4e-05
Hemani Raman,6,0.0001,0.0,0.0,4e-05
Yash Saha,6,0.0001,0.0,0.0,4e-05
Mitesh Wable,6,0.0001,0.0,0.0,4e-05
Reva Sinha,6,0.0001,0.0,0.0,4e-05
Darsh Kalita,6,0.0001,0.0,0.0,4e-05
Janani Choudhry,6,0.0001,0.0,0.0,4e-05
Tarak Misra,7,0.0001,0.0,0.0,4e-05
Advaith Mander,6,0.0001,0.0,0.0,4e-05
Anya Ranganathan,6,0.0001,0.0,0.0,4e-05
Megha Modi,6,0.0001,0.0,0.0,4e-05
Madhav Tata,6,0.0001,0.0,0.0,4e-05
Fariq Kara,6,0.0001,0.0,0.0,4e-05
Ekbal Sheth,6,0.0001,0.0,0.0,4e-05
Sai Aurora,6,0.0001,0.0,0.0,4e-05
Logan Kumer,6,0.0001,0.0,0.0,4e-05
Theodore Mohanty,6,0.0001,0.0,0.0,4e-05
Darsh Narula,6,0.0001,0.0,0.0,4e-05
Ekavir Jain,6,0.0001,0.0,0.0,4e-05
Ati Maharaj,6,0.0001,0.0,0.0,4e-05
Indira Sarma,6,0.0001,0.0,0.0,4e-05
Divya Bala,6,0.0001,0.0,0.0,4e-05
Pavani Nagar,6,0.0001,0.0,0.0,4e-05
Dominic Swaminathan,6,0.0001,0.0,0.0,4e-05
Pushti Hora,6,0.0001,0.0,0.0,4e-05
Pranav Mital,7,0.0001,0.0,0.0,4e-05
Harrison Nair,6,0.0001,0.0,0.0,4e-05
Samaksh Nori,6,0.0001,0.0,0.0,4e-05
Faras Naidu,6,0.0001,0.0,0.0,4e-05
Mohammed Khare,6,0.0001,0.0,0.0,4e-05
Bahadurjit Prashad,6,0.0001,0.0,0.0,4e-05
Nakul Ghosh,6,0.0001,0.0,0.0,4e-05
Sudiksha Saini,6,0.0001,0.0,0.0,4e-05
Peter Dyal,6,0.0001,0.0,0.0,4e-05
Jonathan Narayanan,6,0.0001,0.0,0.0,4e-05
Gaurika Pau,6,0.0001,0.0,0.0,4e-05
Dev Bhasin,6,0.0001,0.0,0.0,4e-05
Harinakshi Madan,7,0.0001,0.0,0.0,4e-05
Samaksh Mand,6,0.0001,0.0,0.0,4e-05
Chakradev Patla,6,0.0001,0.0,0.0,4e-05
Libni Mittal,6,0.0001,0.0,0.0,4e-05
Omaja Toor,6,0.0001,0.0,0.0,4e-05
Samuel Pai,6,0.0001,0.0,0.0,4e-05
Qadim More,6,0.0001,0.0,0.0,4e-05
Onveer Vohra,6,0.0001,0.0,0.0,4e-05
Udyati Wason,6,0.0001,0.0,0.0,4e-05
Xalak Jain,6,0.0001,0.0,0.0,4e-05
Ayushman Goswami,6,0.0001,0.0,0.0,4e-05
Bachittar Bajwa,6,0.0001,0.0,0.0,4e-05
Ganga Nayak,7,0.0001,0.0,0.0,4e-05
Ubika Chhabra,6,0.0001,0.0,0.0,4e-05
Tanay Dasgupta,6,0.0001,0.0,0.0,4e-05
Hardik Walla,6,0.0001,0.0,0.0,4e-05
Wridesh Maharaj,7,0.0001,0.0,0.0,4e-05
Tripti Iyengar,6,0.0001,0.0,0.0,4e-05
Advaith Singhal,6,0.0001,0.0,0.0,4e-05
Garima Chaudhuri,6,0.0001,0.0,0.0,4e-05
Qushi Kota,6,0.0001,0.0,0.0,4e-05
Girish Doctor,6,0.0001,0.0,0.0,4e-05
Dakshesh Puri,6,0.0001,0.0,0.0,4e-05
Zaid Sangha,6,0.0001,0.0,0.0,4e-05
Oscar Korpal,7,0.0001,0.0,0.0,4e-05
Harshil Mander,6,0.0001,0.0,0.0,4e-05
Mitali Ramachandran,6,0.0001,0.0,0.0,4e-05
Indrajit Buch,6,0.0001,0.0,0.0,4e-05
Yasti Tella,6,0.0001,0.0,0.0,4e-05
Balveer Narayan,6,0.0001,0.0,0.0,4e-05
Vedhika Mishra,6,0.0001,0.0,0.0,4e-05
Isaac Nayak,6,0.0001,0.0,0.0,4e-05
Simon Kari,7,0.0001,0.0,0.0,4e-05
Laban Chad,6,0.0001,0.0,0.0,4e-05
Imaran Dash,6,0.0001,0.0,0.0,4e-05
Nathan Karpe,6,0.0001,0.0,0.0,4e-05
Warda Joshi,6,0.0001,0.0,0.0,4e-05
Udarsh Uppal,6,0.0001,0.0,0.0,4e-05
Matthew Guha,6,0.0001,0.0,0.0,4e-05
Hritik Salvi,6,0.0001,0.0,0.0,4e-05
Manbir Prashad,6,0.0001,0.0,0.0,4e-05
Nidhi Deo,6,0.0001,0.0,0.0,4e-05
Ishani Varghese,6,0.0001,0.0,0.0,4e-05
Rushil Arora,6,0.0001,0.0,0.0,4e-05
Nathan Bobal,6,0.0001,0.0,0.0,4e-05
Sathvik Raja,6,0.0001,0.0,0.0,4e-05
Kevin Gaba,6,0.0001,0.0,0.0,4e-05
Darsh Bath,6,0.0001,0.0,0.0,4e-05
Zehaan Radhakrishnan,6,0.0001,0.0,0.0,4e-05
Samarth Bir,6,0.0001,0.0,0.0,4e-05
Onveer Ratti,6,0.0001,0.0,0.0,4e-05
Barkha Sastry,6,0.0001,0.0,0.0,4e-05
Tanay Subramanian,7,0.0001,0.0,0.0,4e-05
William Bose,6,0.0001,0.0,0.0,4e-05
George Pal,6,0.0001,0.0,0.0,4e-05
Ranveer Loke,6,0.0001,0.0,0.0,4e-05
Jackson De,6,0.0001,0.0,0.0,4e-05
Vidhi Minhas,6,0.0001,0.0,0.0,4e-05
Urmi Basu,6,0.0001,0.0,0.0,4e-05
Widisha Dora,6,0.0001,0.0,0.0,4e-05
Amrita Minhas,6,0.0001,0.0,0.0,4e-05
Urmi Setty,6,0.0001,0.0,0.0,4e-05
Vedika Palla,6,0.0001,0.0,0.0,4e-05
Bimala Wadhwa,7,0.0001,0.0,0.0,4e-05
Ria Vohra,6,0.0001,0.0,0.0,4e-05
Saanvi Raju,6,0.0001,0.0,0.0,4e-05
Osha Hegde,6,0.0001,0.0,0.0,4e-05
Faqid Dara,6,0.0001,0.0,0.0,4e-05
Ishanvi Mukherjee,6,0.0001,0.0,0.0,4e-05
Lakshmi Karan,7,0.0001,0.0,0.0,4e-05
Guneet Devi,6,0.0001,0.0,0.0,4e-05
Yashoda Kar,6,0.0001,0.0,0.0,4e-05
Inaya Sarin,6,0.0001,0.0,0.0,4e-05
Michael Kunda,6,0.0001,0.0,0.0,4e-05
Odika Ratta,6,0.0001,0.0,0.0,4e-05
Nirja Ghosh,7,0.0001,0.0,0.0,4e-05
Reyansh Sodhi,6,0.0001,0.0,0.0,4e-05
Damyanti Ratta,6,0.0001,0.0,0.0,4e-05
Devika Natarajan,6,0.0001,0.0,0.0,4e-05
Bhavika Lal,6,0.0001,0.0,0.0,4e-05
Hemani Vaidya,6,0.0001,0.0,0.0,4e-05
Naksh Arora,6,0.0001,0.0,0.0,4e-05
Nimrat Wali,6,0.0001,0.0,0.0,4e-05
Harshil Walla,6,0.0001,0.0,0.0,4e-05
Siddharth Purohit,6,0.0001,0.0,0.0,4e-05
Yug Chakraborty,6,0.0001,0.0,0.0,4e-05
George Buch,6,0.0001,0.0,0.0,4e-05
Rishi Korpal,6,0.0001,0.0,0.0,4e-05
Megha Saraf,6,0.0001,0.0,0.0,4e-05
Aryan Kant,6,0.0001,0.0,0.0,4e-05
Sarthak Bobal,6,0.0001,0.0,0.0,4e-05
Odika Gopal,6,0.0001,0.0,0.0,4e-05
Nihal Buch,6,0.0001,0.0,0.0,4e-05
Faqid Agate,6,0.0001,0.0,0.0,4e-05
Ishaan Din,6,0.0001,0.0,0.0,4e-05
Netra Varughese,6,0.0001,0.0,0.0,4e-05
Wakeeta Das,6,0.0001,0.0,0.0,4e-05
Odika Naik,6,0.0001,0.0,0.0,4e-05
Hemang Venkatesh,6,0.0001,0.0,0.0,4e-05
Tanish Ray,6,0.0001,0.0,0.0,4e-05
Lekha Nori,6,0.0001,0.0,0.0,4e-05
Vamakshi Raja,6,0.0001,0.0,0.0,4e-05
Hredhaan Sani,6,0.0001,0.0,0.0,4e-05
Ranbir Dua,6,0.0001,0.0,0.0,4e-05
Saksham Kant,6,0.0001,0.0,0.0,4e-05
Ekansh Khare,6,0.0001,0.0,0.0,4e-05
Aahana Setty,6,0.0001,0.0,0.0,4e-05
Zinal Balan,6,0.0001,0.0,0.0,4e-05
Bhavna Rajagopal,6,0.0001,0.0,0.0,4e-05
Wahab Pathak,6,0.0001,0.0,0.0,4e-05
Waida Saraf,7,0.0001,0.0,0.0,4e-05
Nandini Narain,6,0.0001,0.0,0.0,4e-05
Elijah Majumdar,6,0.0001,0.0,0.0,4e-05
Kabir Amble,6,0.0001,0.0,0.0,4e-05
Prisha Karan,6,0.0001,0.0,0.0,4e-05
Garima Parmar,6,0.0001,0.0,0.0,4e-05
Leena Sarkar,6,0.0001,0.0,0.0,4e-05
Utkarsh Mammen,6,0.0001,0.0,0.0,4e-05
Jackson Balasubramanian,6,0.0001,0.0,0.0,4e-05
Madhavi Korpal,6,0.0001,0.0,0.0,4e-05
Champak Anand,6,0.0001,0.0,0.0,4e-05
Nakul Kota,6,0.0001,0.0,0.0,4e-05
Teerth Swamy,6,0.0001,0.0,0.0,4e-05
Atharv Prasad,6,0.0001,0.0,0.0,4e-05
Idika Atwal,6,0.0001,0.0,0.0,4e-05
Xiti Mutti,6,0.0001,0.0,0.0,4e-05
Pushti Shankar,6,0.0001,0.0,0.0,4e-05
Jairaj Luthra,6,0.0001,0.0,0.0,4e-05
Laksh Chander,7,0.0001,0.0,0.0,4e-05
Wridesh Parmar,6,0.0001,0.0,0.0,4e-05
Unni Suri,6,0.0001,0.0,0.0,4e-05
Vivaan Karpe,6,0.0001,0.0,0.0,4e-05
Vyanjana Arora,6,0.0001,0.0,0.0,4e-05
Laban Ahuja,6,0.0001,0.0,0.0,4e-05
Tejas Thakkar,6,0.0001,0.0,0.0,4e-05
Chaitanya Sood,6,0.0001,0.0,0.0,4e-05
Yochana Bedi,6,0.0001,0.0,0.0,4e-05
Warinder Bumb,6,0.0001,0.0,0.0,4e-05
Kamya Jaggi,6,0.0001,0.0,0.0,4e-05
Samar Goda,6,0.0001,0.0,0.0,4e-05
Avni Som,6,0.0001,0.0,0.0,4e-05
Ekansh Devan,6,0.0001,0.0,0.0,4e-05
Waida Bali,6,0.0001,0.0,0.0,4e-05
Agastya Boase,7,0.0001,0.0,0.0,4e-05
Maya Mitter,6,0.0001,0.0,0.0,4e-05
Baghyawati Vig,6,0.0001,0.0,0.0,4e-05
Zarna Dugar,6,0.0001,0.0,0.0,4e-05
Rohan Tiwari,6,0.0001,0.0,0.0,4e-05
Falak Ahuja,6,0.0001,0.0,0.0,4e-05
Faris Mishra,6,0.0001,0.0,0.0,4e-05
Udarsh Konda,6,0.0001,0.0,0.0,4e-05
Warda Patla,6,0.0001,0.0,0.0,4e-05
Logan Chadha,6,0.0001,0.0,0.0,4e-05
Gagan Dalal,6,0.0001,0.0,0.0,4e-05
Ayush Manne,6,0.0001,0.0,0.0,4e-05
Ansh Chana,6,0.0001,0.0,0.0,4e-05
Bina Rau,6,0.0001,0.0,0.0,4e-05
Gautami Rajan,6,0.0001,0.0,0.0,4e-05
Damyanti Varkey,6,0.0001,0.0,0.0,4e-05
Oni Mannan,7,0.0001,0.0,0.0,4e-05
Arya Halder,6,0.0001,0.0,0.0,4e-05
Upasna Patil,6,0.0001,0.0,0.0,4e-05
Harshil Ahluwalia,6,0.0001,0.0,0.0,4e-05
Avni Das,6,0.0001,0.0,0.0,4e-05
Shaurya Balasubramanian,6,0.0001,0.0,0.0,4e-05
Eiravati Suri,6,0.0001,0.0,0.0,4e-05
Riya Hayre,7,0.0001,0.0,0.0,4e-05
Maanav Kade,6,0.0001,0.0,0.0,4e-05
Unni Seshadri,6,0.0001,0.0,0.0,4e-05
Chatresh Yogi,6,0.0001,0.0,0.0,4e-05
Teerth Dasgupta,6,0.0001,0.0,0.0,4e-05
Devansh Munshi,6,0.0001,0.0,0.0,4e-05
Jeevika Char,6,0.0001,0.0,0.0,4e-05
Ekantika Mital,6,0.0001,0.0,0.0,4e-05
Charita Rege,6,0.0001,0.0,0.0,4e-05
Lila Saraf,6,0.0001,0.0,0.0,4e-05
Saumya Pall,6,0.0001,0.0,0.0,4e-05
Chaitanya Basak,7,0.0001,0.0,0.0,4e-05
Tara More,6,0.0001,0.0,0.0,4e-05
Indali Rege,7,0.0001,0.0,0.0,4e-05
Chameli Dugar,6,0.0001,0.0,0.0,4e-05
Janaki Sachdeva,6,0.0001,0.0,0.0,4e-05
Jack Nigam,7,0.0001,0.0,0.0,4e-05
Owen Muni,6,0.0001,0.0,0.0,4e-05
Balhaar Rama,6,0.0001,0.0,0.0,4e-05
Balveer Garde,6,0.0001,0.0,0.0,4e-05
Charvi Nori,6,0.0001,0.0,0.0,4e-05
Oliver Srivastava,6,0.0001,0.0,0.0,4e-05
Umang Lad,6,0.0001,0.0,0.0,4e-05
Henry Lal,6,0.0001,0.0,0.0,4e-05
Upadhriti Guha,6,0.0001,0.0,0.0,4e-05
Fiyaz Saran,6,0.0001,0.0,0.0,4e-05
Viraj Nanda,6,0.0001,0.0,0.0,4e-05
Varenya Anne,6,0.0001,0.0,0.0,4e-05
Matthew Rastogi,6,0.0001,0.0,0.0,4e-05
Krish Saini,7,0.0001,0.0,0.0,4e-05
Varenya Ratta,6,0.0001,0.0,0.0,4e-05
Manbir Char,6,0.0001,0.0,0.0,4e-05
Abeer Mahajan,6,0.0001,0.0,0.0,4e-05
Isaac Sagar,6,0.0001,0.0,0.0,4e-05
Pranit Pandya,6,0.0001,0.0,0.0,4e-05
Aarna Sarna,6,0.0001,0.0,0.0,4e-05
Sanaya Sandal,6,0.0001,0.0,0.0,4e-05
Triveni Bandi,6,0.0001,0.0,0.0,4e-05
Pavani Halder,6,0.0001,0.0,0.0,4e-05
Zaid Wali,6,0.0001,0.0,0.0,4e-05
Gagan Shenoy,6,0.0001,0.0,0.0,4e-05
Geetika Modi,6,0.0001,0.0,0.0,4e-05
Ranbir Das,6,0.0001,0.0,0.0,4e-05
Zaitra Acharya,6,0.0001,0.0,0.0,4e-05
Girish Baral,6,0.0001,0.0,0.0,4e-05
Siddharth Andra,6,0.0001,0.0,0.0,4e-05
Yatan Sastry,6,0.0001,0.0,0.0,4e-05
Charan Sibal,7,0.0001,0.0,0.0,4e-05
Panini Ratta,6,0.0001,0.0,0.0,4e-05
Bhavna Golla,7,0.0001,0.0,0.0,4e-05
Avni Pandey,7,0.0001,0.0,0.0,4e-05
Zaitra Bir,6,0.0001,0.0,0.0,4e-05
Gautam Panchal,6,0.0001,0.0,0.0,4e-05
Zinal Goda,6,0.0001,0.0,0.0,4e-05
Odika Mahal,6,0.0001,0.0,0.0,4e-05
Tarak Kuruvilla,6,0.0001,0.0,0.0,4e-05
Jack Jani,6,0.0001,0.0,0.0,4e-05
Balendra Sehgal,6,0.0001,0.0,0.0,4e-05
Sanaya Lata,6,0.0001,0.0,0.0,4e-05
Damini Naidu,6,0.0001,0.0,0.0,4e-05
Zinal Chhabra,6,0.0001,0.0,0.0,4e-05
Pavani Ravi,6,0.0001,0.0,0.0,4e-05
Nitara Sarin,6,0.0001,0.0,0.0,4e-05
Yochana Mani,6,0.0001,0.0,0.0,4e-05
Urvi Khanna,6,0.0001,0.0,0.0,4e-05
Chakradhar Chandran,6,0.0001,0.0,0.0,4e-05
Fitan Deol,6,0.0001,0.0,0.0,4e-05
Yashasvi Parikh,6,0.0001,0.0,0.0,4e-05
Theodore Natt,6,0.0001,0.0,0.0,4e-05
Ladli Kadakia,6,0.0001,0.0,0.0,4e-05
Zaitra Venkatesh,6,0.0001,0.0,0.0,4e-05
Ridhi Sehgal,6,0.0001,0.0,0.0,4e-05
Ekansh Mitra,6,0.0001,0.0,0.0,4e-05
Praneel Iyengar,6,0.0001,0.0,0.0,4e-05
Aditya Konda,6,0.0001,0.0,0.0,4e-05
Ethan Yogi,6,0.0001,0.0,0.0,4e-05
Shravya Ghose,6,0.0001,0.0,0.0,4e-05
Tarak Bhasin,6,0.0001,0.0,0.0,4e-05
Thomas Sinha,6,0.0001,0.0,0.0,4e-05
Wakeeta Borra,6,0.0001,0.0,0.0,4e-05
Amrita Goswami,6,0.0001,0.0,0.0,4e-05
Parth Wagle,6,0.0001,0.0,0.0,4e-05
Ishita Bumb,6,0.0001,0.0,0.0,4e-05
Urmi Divan,6,0.0001,0.0,0.0,4e-05
Ishaan Iyer,6,0.0001,0.0,0.0,4e-05
Forum Bhakta,6,0.0001,0.0,0.0,4e-05
Xavier Pant,6,0.0001,0.0,0.0,4e-05
Aarav Narain,6,0.0001,0.0,0.0,4e-05
Megha Tiwari,6,0.0001,0.0,0.0,4e-05
Zehaan Hari,6,0.0001,0.0,0.0,4e-05
Yahvi Sandal,6,0.0001,0.0,0.0,4e-05
Yuvraj Dube,6,0.0001,0.0,0.0,4e-05
Ekaja Saran,6,0.0001,0.0,0.0,4e-05
Ekiya Saraf,6,0.0001,0.0,0.0,4e-05
Ranbir Sathe,6,0.0001,0.0,0.0,4e-05
Bhavna Sarraf,6,0.0001,0.0,0.0,4e-05
Dhruv Mody,6,0.0001,0.0,0.0,4e-05
Urvashi Saxena,6,0.0001,0.0,0.0,4e-05
Luke Palla,6,0.0001,0.0,0.0,4e-05
Jagrati Nair,6,0.0001,0.0,0.0,4e-05
Dhriti Vohra,6,0.0001,0.0,0.0,4e-05
Yashasvi Chaudhuri,6,0.0001,0.0,0.0,4e-05
Diya Dass,6,0.0001,0.0,0.0,4e-05
Aarna Kara,7,0.0001,0.0,0.0,4e-05
Osha Nair,6,0.0001,0.0,0.0,4e-05
Advik Nagar,6,0.0001,0.0,0.0,4e-05
Dhriti Goel,6,0.0001,0.0,0.0,4e-05
Farhan Dayal,7,0.0001,0.0,0.0,4e-05
Lila De,6,0.0001,0.0,0.0,4e-05
Ranbir Morar,6,0.0001,0.0,0.0,4e-05
Udyati Chokshi,6,0.0001,0.0,0.0,4e-05
Ayush Parikh,6,0.0001,0.0,0.0,4e-05
Arin Venkatesh,6,0.0001,0.0,0.0,4e-05
Rajeshri Gour,6,0.0001,0.0,0.0,4e-05
Nidra Bhargava,6,0.0001,0.0,0.0,4e-05
Triya Chopra,6,0.0001,0.0,0.0,4e-05
Rushil Comar,7,0.0001,0.0,0.0,4e-05
Kabir Tara,6,0.0001,0.0,0.0,4e-05
Bachittar Mangal,6,0.0001,0.0,0.0,4e-05
Gauri Sehgal,6,0.0001,0.0,0.0,4e-05
Yadavi Virk,7,0.0001,0.0,0.0,4e-05
Qarin Gade,6,0.0001,0.0,0.0,4e-05
Caleb Sunder,6,0.0001,0.0,0.0,4e-05
Veer Reddy,6,0.0001,0.0,0.0,4e-05
Saksham Puri,6,0.0001,0.0,0.0,4e-05
Bhanumati Issac,6,0.0001,0.0,0.0,4e-05
Rajata Wason,6,0.0001,0.0,0.0,4e-05
Oviya Raj,6,0.0001,0.0,0.0,4e-05
Jagat Rana,6,0.0001,0.0,0.0,4e-05
Upasna Chander,6,0.0001,0.0,0.0,4e-05
Mahika Sabharwal,6,0.0001,0.0,0.0,4e-05
Ikbal Rajagopal,6,0.0001,0.0,0.0,4e-05
Anvi Bhalla,7,0.0001,0.0,0.0,4e-05
Urmi Munshi,7,0.0001,0.0,0.0,4e-05
Divya Misra,6,0.0001,0.0,0.0,4e-05
Aadhya Ahuja,7,0.0001,0.0,0.0,4e-05
Anjali Keer,6,0.0001,0.0,0.0,4e-05
Avni Sahni,6,0.0001,0.0,0.0,4e-05
Irya Kurian,7,0.0001,0.0,0.0,4e-05
Hardik Patla,6,0.0001,0.0,0.0,4e-05
Hritik Merchant,6,0.0001,0.0,0.0,4e-05
Abhimanyu Desai,6,0.0001,0.0,0.0,4e-05
Anusha Lall,6,0.0001,0.0,0.0,4e-05
Aadhya Peri,6,0.0001,0.0,0.0,4e-05
Simon Suresh,6,0.0001,0.0,0.0,4e-05
Deepa Hari,6,0.0001,0.0,0.0,4e-05
Anusha Sama,7,0.0001,0.0,0.0,4e-05
Lekha Karan,6,0.0001,0.0,0.0,4e-05
Shivani Shenoy,6,0.0001,0.0,0.0,4e-05
Pushti Krishnamurthy,6,0.0001,0.0,0.0,4e-05
Wakeeta Savant,6,0.0001,0.0,0.0,4e-05
Baghyawati Prabhu,6,0.0001,0.0,0.0,4e-05
Harrison Savant,6,0.0001,0.0,0.0,4e-05
Mekhala Bhasin,6,0.0001,0.0,0.0,4e-05
Devansh Dua,6,0.0001,0.0,0.0,4e-05
Ishanvi Narain,6,0.0001,0.0,0.0,4e-05
Nicholas Wadhwa,6,0.0001,0.0,0.0,4e-05
Dipta Randhawa,6,0.0001,0.0,0.0,4e-05
Ansh Chawla,6,0.0001,0.0,0.0,4e-05
Harsh Oak,6,0.0001,0.0,0.0,4e-05
Tanvi Taneja,6,0.0001,0.0,0.0,4e-05
Panini Sharma,6,0.0001,0.0,0.0,4e-05
Orinder Shetty,6,0.0001,0.0,0.0,4e-05
Lekha Roy,7,0.0001,0.0,0.0,4e-05
Urishilla Guha,6,0.0001,0.0,0.0,4e-05
Warda Thaman,6,0.0001,0.0,0.0,4e-05
Gaurang Madan,6,0.0001,0.0,0.0,4e-05
Jalsa Sandal,7,0.0001,0.0,0.0,4e-05
Vamakshi Wason,6,0.0001,0.0,0.0,4e-05
Anay Kanda,6,0.0001,0.0,0.0,4e-05
Nidra Dara,6,0.0001,0.0,0.0,4e-05
Keya Prasad,6,0.0001,0.0,0.0,4e-05
Shaurya Sharma,6,0.0001,0.0,0.0,4e-05
Aadi Bhavsar,6,0.0001,0.0,0.0,4e-05
Hema Prashad,6,0.0001,0.0,0.0,4e-05
Prisha Amble,6,0.0001,0.0,0.0,4e-05
Varsha Yogi,6,0.0001,0.0,0.0,4e-05
Idika Kurian,6,0.0001,0.0,0.0,4e-05
Hemani Khanna,6,0.0001,0.0,0.0,4e-05
Daksh Deo,6,0.0001,0.0,0.0,4e-05
Urvi Mistry,6,0.0001,0.0,0.0,4e-05
Vihaan Sachar,6,0.0001,0.0,0.0,4e-05
Udant Varma,6,0.0001,0.0,0.0,4e-05
Zehaan Sama,6,0.0001,0.0,0.0,4e-05
Timothy Sawhney,6,0.0001,0.0,0.0,4e-05
Jatin Yadav,6,0.0001,0.0,0.0,4e-05
Baljiwan Nadkarni,6,0.0001,0.0,0.0,4e-05
Bhanumati Rana,7,0.0001,0.0,0.0,4e-05
Utkarsh Kurian,6,0.0001,0.0,0.0,4e-05
Urvashi Buch,7,0.0001,0.0,0.0,4e-05
Warjas Bajaj,6,0.0001,0.0,0.0,4e-05
Nirja Rout,7,0.0001,0.0,0.0,4e-05
Meera Patla,6,0.0001,0.0,0.0,4e-05
Dev Kothari,6,0.0001,0.0,0.0,4e-05
Hardik Char,6,0.0001,0.0,0.0,4e-05
Urmi Sarkar,6,0.0001,0.0,0.0,4e-05
Ekalinga Nagi,6,0.0001,0.0,0.0,4e-05
Rachita Char,6,0.0001,0.0,0.0,4e-05
Harita Tailor,6,0.0001,0.0,0.0,4e-05
Ranbir Balasubramanian,6,0.0001,0.0,0.0,4e-05
Ekani Behl,6,0.0001,0.0,0.0,4e-05
Nitesh Rajagopalan,6,0.0001,0.0,0.0,4e-05
Utkarsh Majumdar,6,0.0001,0.0,0.0,4e-05
Ayushman Pingle,6,0.0001,0.0,0.0,4e-05
Max Borde,6,0.0001,0.0,0.0,4e-05
Ekantika Thakkar,6,0.0001,0.0,0.0,4e-05
Sara Oak,6,0.0001,0.0,0.0,4e-05
Om Balasubramanian,6,0.0001,0.0,0.0,4e-05
Nidhi Loke,6,0.0001,0.0,0.0,4e-05
Darsh Mander,6,0.0001,0.0,0.0,4e-05
Unni Sampath,6,0.0001,0.0,0.0,4e-05
Aachal Grover,6,0.0001,0.0,0.0,4e-05
Jagrati Bhakta,6,0.0001,0.0,0.0,4e-05
Priya Khanna,6,0.0001,0.0,0.0,4e-05
Lopa Nagar,6,0.0001,0.0,0.0,4e-05
Upadhriti Rai,6,0.0001,0.0,0.0,4e-05
Chandresh Chakraborty,6,0.0001,0.0,0.0,4e-05
Januja Upadhyay,7,0.0001,0.0,0.0,4e-05
Jonathan Sawhney,6,0.0001,0.0,0.0,4e-05
Dalbir Gour,6,0.0001,0.0,0.0,4e-05
Nisha Mishra,6,0.0001,0.0,0.0,4e-05
Pratyush Hari,7,0.0001,0.0,0.0,4e-05
Darsh Balan,6,0.0001,0.0,0.0,4e-05
Chavvi Sharma,6,0.0001,0.0,0.0,4e-05
Tarak Vyas,6,0.0001,0.0,0.0,4e-05
Saumya Bhalla,6,0.0001,0.0,0.0,4e-05
Nidhi Mutti,6,0.0001,0.0,0.0,4e-05
Lila Verma,6,0.0001,0.0,0.0,4e-05
Amrita Jani,6,0.0001,0.0,0.0,4e-05
Wazir Sura,6,0.0001,0.0,0.0,4e-05
Yutika Ratta,6,0.0001,0.0,0.0,4e-05
Yachana Sood,6,0.0001,0.0,0.0,4e-05
Hemani Chaudhari,6,0.0001,0.0,0.0,4e-05
Pallavi Venkatesh,6,0.0001,0.0,0.0,4e-05
Mahika Sami,6,0.0001,0.0,0.0,4e-05
Balveer Sahota,6,0.0001,0.0,0.0,4e-05
Balveer Mall,6,0.0001,0.0,0.0,4e-05
Aahana Sandhu,6,0.0001,0.0,0.0,4e-05
Oeshi Grewal,6,0.0001,0.0,0.0,4e-05
Widisha Pau,6,0.0001,0.0,0.0,4e-05
Utkarsh Ganesan,6,0.0001,0.0,0.0,4e-05
Udyati Walia,6,0.0001,0.0,0.0,4e-05
Chandani Buch,6,0.0001,0.0,0.0,4e-05
Ubika Sangha,6,0.0001,0.0,0.0,4e-05
Aarna Chakraborty,6,0.0001,0.0,0.0,4e-05
Ekiya Balakrishnan,6,0.0001,0.0,0.0,4e-05
Neha Krishnan,6,0.0001,0.0,0.0,4e-05
Reyansh Sengupta,6,0.0001,0.0,0.0,4e-05
Rajata Yohannan,6,0.0001,0.0,0.0,4e-05
Waida Chad,6,0.0001,0.0,0.0,4e-05
Ikshita Lal,6,0.0001,0.0,0.0,4e-05
Ishani Lanka,6,0.0001,0.0,0.0,4e-05
Dalaja Bawa,6,0.0001,0.0,0.0,4e-05
Pranav Bhatnagar,7,0.0001,0.0,0.0,4e-05
Madhav Misra,6,0.0001,0.0,0.0,4e-05
Anusha Venkatesh,6,0.0001,0.0,0.0,4e-05
Anthony Mani,6,0.0001,0.0,0.0,4e-05
Shivansh Om,7,0.0001,0.0,0.0,4e-05
Vyanjana Agate,6,0.0001,0.0,0.0,4e-05
Nandini Desai,6,0.0001,0.0,0.0,4e-05
Raksha Deep,6,0.0001,0.0,0.0,4e-05
Arunima Gandhi,7,0.0001,0.0,0.0,4e-05
Gaurangi Dada,6,0.0001,0.0,0.0,4e-05
Nathaniel Agarwal,6,0.0001,0.0,0.0,4e-05
Tanish Mutti,6,0.0001,0.0,0.0,4e-05
Irya Misra,6,0.0001,0.0,0.0,4e-05
Henry Thakkar,6,0.0001,0.0,0.0,4e-05
Waida Oommen,6,0.0001,0.0,0.0,4e-05
Urvi Lalla,7,0.0001,0.0,0.0,4e-05
Champak Behl,6,0.0001,0.0,0.0,4e-05
Jonathan Ahuja,6,0.0001,0.0,0.0,4e-05
Chaitanya Thakkar,6,0.0001,0.0,0.0,4e-05
Balendra Verma,6,0.0001,0.0,0.0,4e-05
Avni Subramaniam,6,0.0001,0.0,0.0,4e-05
Vivaan Pandya,6,0.0001,0.0,0.0,4e-05
Harita Chakrabarti,6,0.0001,0.0,0.0,4e-05
Fariq Sharaf,6,0.0001,0.0,0.0,4e-05
Jack Manda,6,0.0001,0.0,0.0,4e-05
Hamsini Rau,6,0.0001,0.0,0.0,4e-05
Tanay Sidhu,6,0.0001,0.0,0.0,4e-05
Harinakshi Warrior,6,0.0001,0.0,0.0,4e-05
Jalsa Ramesh,6,0.0001,0.0,0.0,4e-05
Manbir Chacko,6,0.0001,0.0,0.0,4e-05
Ayush Raval,7,0.0001,0.0,0.0,4e-05
Bhanumati Kalla,6,0.0001,0.0,0.0,4e-05
Benjamin Koshy,6,0.0001,0.0,0.0,4e-05
Darpan Loyal,7,0.0001,0.0,0.0,4e-05
Vasana Rajagopal,6,0.0001,0.0,0.0,4e-05
Triya Prabhu,7,0.0001,0.0,0.0,4e-05
Gaurang Majumdar,6,0.0001,0.0,0.0,4e-05
Ryan Grewal,7,0.0001,0.0,0.0,4e-05
Jalsa Sant,6,0.0001,0.0,0.0,4e-05
Sanaya Mander,6,0.0001,0.0,0.0,4e-05
Gavin Dar,6,0.0001,0.0,0.0,4e-05
Tarak Pandey,6,0.0001,0.0,0.0,4e-05
Nitesh Baral,6,0.0001,0.0,0.0,4e-05
Gaurangi Om,6,0.0001,0.0,0.0,4e-05
Praneel Dalal,6,0.0001,0.0,0.0,4e-05
Henry Mann,6,0.0001,0.0,0.0,4e-05
Nathan Mani,6,0.0001,0.0,0.0,4e-05
Frederick Buch,6,0.0001,0.0,0.0,4e-05
Charvi Dar,6,0.0001,0.0,0.0,4e-05
Parth Madan,6,0.0001,0.0,0.0,4e-05
Christopher Mitra,7,0.0001,0.0,0.0,4e-05
Zarna Sahni,6,0.0001,0.0,0.0,4e-05
Gagan Ahuja,6,0.0001,0.0,0.0,4e-05
Sai Brar,7,0.0001,0.0,0.0,4e-05
Harrison Prasad,6,0.0001,0.0,0.0,4e-05
Arin Srinivas,6,0.0001,0.0,0.0,4e-05
Dhruv Palan,7,0.0001,0.0,0.0,4e-05
Arunima Bhattacharyya,6,0.0001,0.0,0.0,4e-05
Tanish Babu,6,0.0001,0.0,0.0,4e-05
Rayaan Garde,6,0.0001,0.0,0.0,4e-05
Rachit Karpe,6,0.0001,0.0,0.0,4e-05
Faras Jaggi,6,0.0001,0.0,0.0,4e-05
Pooja Pall,6,0.0001,0.0,0.0,4e-05
Ekansh Din,6,0.0001,0.0,0.0,4e-05
Balendra Sharaf,6,0.0001,0.0,0.0,4e-05
Ijaya Gola,6,0.0001,0.0,0.0,4e-05
Kala D’Alia,6,0.0001,0.0,0.0,4e-05
Krish Chana,6,0.0001,0.0,0.0,4e-05
Rehaan Gara,6,0.0001,0.0,0.0,4e-05
Shivansh Karnik,6,0.0001,0.0,0.0,4e-05
Hema Muni,6,0.0001,0.0,0.0,4e-05
Ridhi Raghavan,6,0.0001,0.0,0.0,4e-05
Baghyawati Agrawal,6,0.0001,0.0,0.0,4e-05
Gavin Sachdev,6,0.0001,0.0,0.0,4e-05
Udyati Sampath,6,0.0001,0.0,0.0,4e-05
Harish Prakash,6,0.0001,0.0,0.0,4e-05
Lakshit Keer,6,0.0001,0.0,0.0,4e-05
Dev Char,6,0.0001,0.0,0.0,4e-05
Vihaan Basak,6,0.0001,0.0,0.0,4e-05
Abhimanyu Hegde,6,0.0001,0.0,0.0,4e-05
Dakshesh Mishra,6,0.0001,0.0,0.0,4e-05
Thomas Nori,6,0.0001,0.0,0.0,4e-05
Amol Dhingra,6,0.0001,0.0,0.0,4e-05
Gunbir Gade,6,0.0001,0.0,0.0,4e-05
Yashica Sundaram,6,0.0001,0.0,0.0,4e-05
Yamini Gola,6,0.0001,0.0,0.0,4e-05
Jasmit Wadhwa,6,0.0001,0.0,0.0,4e-05
Laksh Saraf,6,0.0001,0.0,0.0,4e-05
Gaurangi Mand,6,0.0001,0.0,0.0,4e-05
Anjali Rau,6,0.0001,0.0,0.0,4e-05
Jasmit Bahri,6,0.0001,0.0,0.0,4e-05
Imaran Gade,6,0.0001,0.0,0.0,4e-05
Rajata Sahni,6,0.0001,0.0,0.0,4e-05
Veda Apte,6,0.0001,0.0,0.0,4e-05
Alexander Mishra,6,0.0001,0.0,0.0,4e-05
Ishaan Sathe,6,0.0001,0.0,0.0,4e-05
Ishita Mand,6,0.0001,0.0,0.0,4e-05
Girik Tara,6,0.0001,0.0,0.0,4e-05
Laban Suri,6,0.0001,0.0,0.0,4e-05
Advik Karan,6,0.0001,0.0,0.0,4e-05
Zarna Comar,6,0.0001,0.0,0.0,4e-05
Dominic Chad,6,0.0001,0.0,0.0,4e-05
Saksham Yadav,6,0.0001,0.0,0.0,4e-05
Nitara Madan,6,0.0001,0.0,0.0,4e-05
Jagat Mannan,6,0.0001,0.0,0.0,4e-05
Harrison Uppal,6,0.0001,0.0,0.0,4e-05
Atharv Dalal,6,0.0001,0.0,0.0,4e-05
Bachittar Wali,6,0.0001,0.0,0.0,4e-05
Falguni Bansal,6,0.0001,0.0,0.0,4e-05
Lakshmi Maharaj,6,0.0001,0.0,0.0,4e-05
Yashasvi Bhagat,6,0.0001,0.0,0.0,4e-05
Aayush Bhandari,6,0.0001,0.0,0.0,4e-05
Samuel Baral,7,0.0001,0.0,0.0,4e-05
Ekavir Bhatt,6,0.0001,0.0,0.0,4e-05
Ekalinga Mittal,6,0.0001,0.0,0.0,4e-05
Hemang Dugal,6,0.0001,0.0,0.0,4e-05
Lavanya Magar,6,0.0001,0.0,0.0,4e-05
Tejas Parsa,6,0.0001,0.0,0.0,4e-05
Yuvraj Sastry,6,0.0001,0.0,0.0,4e-05
Warinder Jhaveri,6,0.0001,0.0,0.0,4e-05
Geetika Venkataraman,6,0.0001,0.0,0.0,4e-05
Chandresh Rattan,7,0.0001,0.0,0.0,4e-05
Bhavya Vig,6,0.0001,0.0,0.0,4e-05
Fariq Tailor,6,0.0001,0.0,0.0,4e-05
Raghav Virk,6,0.0001,0.0,0.0,4e-05
Yoshita Karnik,6,0.0001,0.0,0.0,4e-05
Sai Iyengar,6,0.0001,0.0,0.0,4e-05
Praneel Atwal,6,0.0001,0.0,0.0,4e-05
Hiral Johal,6,0.0001,0.0,0.0,4e-05
Samaksh Sood,6,0.0001,0.0,0.0,4e-05
Ira Tak,7,0.0001,0.0,0.0,4e-05
Isha Krishnan,6,0.0001,0.0,0.0,4e-05
Oscar Kannan,6,0.0001,0.0,0.0,4e-05
Yashica Batra,6,0.0001,0.0,0.0,4e-05
Megha Behl,6,0.0001,0.0,0.0,4e-05
Ayush Singhal,6,0.0001,0.0,0.0,4e-05
Ishaan Golla,6,0.0001,0.0,0.0,4e-05
Janani Puri,6,0.0001,0.0,0.0,4e-05
Ekaraj Acharya,6,0.0001,0.0,0.0,4e-05
Zayyan Buch,6,0.0001,0.0,0.0,4e-05
Kabir Patla,6,0.0001,0.0,0.0,4e-05
Andrew Rattan,6,0.0001,0.0,0.0,4e-05
Avni Jain,6,0.0001,0.0,0.0,4e-05
Zayan Vala,6,0.0001,0.0,0.0,4e-05
Bakhshi Kamdar,6,0.0001,0.0,0.0,4e-05
Ekbal Rout,6,0.0001,0.0,0.0,4e-05
Zarna Sachdeva,6,0.0001,0.0,0.0,4e-05
Sathvik Tiwari,6,0.0001,0.0,0.0,4e-05
Damyanti Gaba,6,0.0001,0.0,0.0,4e-05
Amrita Rama,7,0.0001,0.0,0.0,4e-05
Janya Swaminathan,7,0.0001,0.0,0.0,4e-05
Omaja Devan,6,0.0001,0.0,0.0,4e-05
Reyansh Goel,6,0.0001,0.0,0.0,4e-05
Ishanvi Sarraf,6,0.0001,0.0,0.0,4e-05
Bhavani Grewal,6,0.0001,0.0,0.0,4e-05
Aryan Jayaraman,6,0.0001,0.0,0.0,4e-05
Hardik Sant,6,0.0001,0.0,0.0,4e-05
Hredhaan Datta,6,0.0001,0.0,0.0,4e-05
Utkarsh Narain,6,0.0001,0.0,0.0,4e-05
Maya Sridhar,6,0.0001,0.0,0.0,4e-05
Hredhaan Bir,6,0.0001,0.0,0.0,4e-05
Charita More,6,0.0001,0.0,0.0,4e-05
Utkarsh Mistry,6,0.0001,0.0,0.0,4e-05
Chameli Comar,6,0.0001,0.0,0.0,4e-05
Lucky Mital,6,0.0001,0.0,0.0,4e-05
Adweta Padmanabhan,6,0.0001,0.0,0.0,4e-05
Praneel Date,7,0.0001,0.0,0.0,4e-05
Anirudh Gole,7,0.0001,0.0,0.0,4e-05
Finn Doshi,6,0.0001,0.0,0.0,4e-05
Samesh Chanda,6,0.0001,0.0,0.0,4e-05
Lila Rattan,6,0.0001,0.0,0.0,4e-05
Januja Dora,7,0.0001,0.0,0.0,4e-05
Hemang Arya,6,0.0001,0.0,0.0,4e-05
Anjali Virk,7,0.0001,0.0,0.0,4e-05
Amol Dugar,7,0.0001,0.0,0.0,4e-05
Pranit Kale,6,0.0001,0.0,0.0,4e-05
Ayushman Hora,6,0.0001,0.0,0.0,4e-05
Meera Murty,6,0.0001,0.0,0.0,4e-05
Ekiya Chaudhry,6,0.0001,0.0,0.0,4e-05
Atharv Radhakrishnan,6,0.0001,0.0,0.0,4e-05
Bhavani Din,6,0.0001,0.0,0.0,4e-05
Ucchal Bhatnagar,6,0.0001,0.0,0.0,4e-05
Urishilla Om,6,0.0001,0.0,0.0,4e-05
Amaira Kant,6,0.0001,0.0,0.0,4e-05
Yug Tandon,6,0.0001,0.0,0.0,4e-05
Aryan Parsa,6,0.0001,0.0,0.0,4e-05
Zarna Ram,7,0.0001,0.0,0.0,4e-05
Aayush Banik,6,0.0001,0.0,0.0,4e-05
Dominic Viswanathan,6,0.0001,0.0,0.0,4e-05
Laban Loyal,6,0.0001,0.0,0.0,4e-05
Jeevika Rao,7,0.0001,0.0,0.0,4e-05
Aachal Banik,6,0.0001,0.0,0.0,4e-05
Faris Walia,6,0.0001,0.0,0.0,4e-05
Yashasvi Deo,6,0.0001,0.0,0.0,4e-05
Yug Garde,6,0.0001,0.0,0.0,4e-05
Chaitaly Ben,6,0.0001,0.0,0.0,4e-05
Madhavi Din,6,0.0001,0.0,0.0,4e-05
Saanvi Ramachandran,6,0.0001,0.0,0.0,4e-05
Ekavir Vig,6,0.0001,0.0,0.0,4e-05
Vamakshi Bava,6,0.0001,0.0,0.0,4e-05
Sachi Dar,6,0.0001,0.0,0.0,4e-05
Zilmil Bajwa,6,0.0001,0.0,0.0,4e-05
Jai Mittal,6,0.0001,0.0,0.0,4e-05
Jeet Bali,6,0.0001,0.0,0.0,4e-05
Anika Konda,6,0.0001,0.0,0.0,4e-05
Faris Vora,6,0.0001,0.0,0.0,4e-05
Zayan Vig,6,0.0001,0.0,0.0,4e-05
Odika Dua,6,0.0001,0.0,0.0,4e-05
Yug Natt,6,0.0001,0.0,0.0,4e-05
Chandran Chaudry,6,0.0001,0.0,0.0,4e-05
Rachana Goda,6,0.0001,0.0,0.0,4e-05
Shaurya Kota,6,0.0001,0.0,0.0,4e-05
Charita Bhattacharyya,6,0.0001,0.0,0.0,4e-05
Leela Bir,6,0.0001,0.0,0.0,4e-05
Udant Chanda,6,0.0001,0.0,0.0,4e-05
Nisha Lala,6,0.0001,0.0,0.0,4e-05
Warinder Narayanan,6,0.0001,0.0,0.0,4e-05
Abhimanyu Parekh,7,0.0001,0.0,0.0,4e-05
Vedhika Chada,6,0.0001,0.0,0.0,4e-05
Radhika Jayaraman,6,0.0001,0.0,0.0,4e-05
Oni Borra,6,0.0001,0.0,0.0,4e-05
Gaurav Sami,6,0.0001,0.0,0.0,4e-05
Deepa Bhatnagar,6,0.0001,0.0,0.0,4e-05
Daniel Sankar,6,0.0001,0.0,0.0,4e-05
Nidhi De,6,0.0001,0.0,0.0,4e-05
Rachana Cherian,6,0.0001,0.0,0.0,4e-05
Praneel Comar,6,0.0001,0.0,0.0,4e-05
Avni Memon,6,0.0001,0.0,0.0,4e-05
Deepa Om,6,0.0001,0.0,0.0,4e-05
Sai Hari,6,0.0001,0.0,0.0,4e-05
Robert Sunder,6,0.0001,0.0,0.0,4e-05
Libni Cherian,6,0.0001,0.0,0.0,4e-05
Krishna Chopra,6,0.0001,0.0,0.0,4e-05
Mohammed Arya,6,0.0001,0.0,0.0,4e-05
Jai Shukla,6,0.0001,0.0,0.0,4e-05
Bhanumati Kant,6,0.0001,0.0,0.0,4e-05
Gaurika Bumb,6,0.0001,0.0,0.0,4e-05
Yatin Lad,6,0.0001,0.0,0.0,4e-05
Rajata Mammen,6,0.0001,0.0,0.0,4e-05
Owen Deshmukh,6,0.0001,0.0,0.0,4e-05
Karan Kumer,6,0.0001,0.0,0.0,4e-05
Chasmum Sarin,6,0.0001,0.0,0.0,4e-05
Balendra Mahajan,6,0.0001,0.0,0.0,4e-05
Azaan Sarraf,6,0.0001,0.0,0.0,4e-05
Ijaya Soman,6,0.0001,0.0,0.0,4e-05
Anay Mangal,6,0.0001,0.0,0.0,4e-05
Harsh Savant,6,0.0001,0.0,0.0,4e-05
Raghav Jhaveri,6,0.0001,0.0,0.0,4e-05
Yatan Yadav,6,0.0001,0.0,0.0,4e-05
Nisha Kara,6,0.0001,0.0,0.0,4e-05
Zayyan Agate,6,0.0001,0.0,0.0,4e-05
Urvashi Menon,6,0.0001,0.0,0.0,4e-05
Falan Chandran,6,0.0001,0.0,0.0,4e-05
Tanay Khalsa,6,0.0001,0.0,0.0,4e-05
Saanvi Khatri,6,0.0001,0.0,0.0,4e-05
Lipika Narayanan,6,0.0001,0.0,0.0,4e-05
Chaaya Viswanathan,6,0.0001,0.0,0.0,4e-05
Abhiram Hayer,6,0.0001,0.0,0.0,4e-05
Netra Mohanty,6,0.0001,0.0,0.0,4e-05
Ladli Mallick,6,0.0001,0.0,0.0,4e-05
Rishi Koshy,6,0.0001,0.0,0.0,4e-05
Deepa Agarwal,6,0.0001,0.0,0.0,4e-05
Mugdha Swaminathan,6,0.0001,0.0,0.0,4e-05
Kalpit Dada,6,0.0001,0.0,0.0,4e-05
Ijaya Naik,6,0.0001,0.0,0.0,4e-05
Omisha Hari,6,0.0001,0.0,0.0,4e-05
Vidhi Bal,6,0.0001,0.0,0.0,4e-05
Hredhaan Mohanty,6,0.0001,0.0,0.0,4e-05
Barkha Garde,6,0.0001,0.0,0.0,4e-05
Tara Singh,6,0.0001,0.0,0.0,4e-05
Omaja Anand,6,0.0001,0.0,0.0,4e-05
Agastya Sanghvi,6,0.0001,0.0,0.0,4e-05
Ishanvi Chadha,6,0.0001,0.0,0.0,4e-05
Jatin Dubey,6,0.0001,0.0,0.0,4e-05
Christopher Soni,6,0.0001,0.0,0.0,4e-05
Isaac Goswami,6,0.0001,0.0,0.0,4e-05
Anirudh Chopra,6,0.0001,0.0,0.0,4e-05
Anay Tara,6,0.0001,0.0,0.0,4e-05
Jack Vora,6,0.0001,0.0,0.0,4e-05
Hemal Nayak,7,0.0001,0.0,0.0,4e-05
Ronith Natarajan,6,0.0001,0.0,0.0,4e-05
Benjamin Buch,6,0.0001,0.0,0.0,4e-05
Abhimanyu Kant,6,0.0001,0.0,0.0,4e-05
Vedhika Sibal,6,0.0001,0.0,0.0,4e-05
Naveen Pingle,6,0.0001,0.0,0.0,4e-05
Sai Ghose,6,0.0001,0.0,0.0,4e-05
Yashasvi Jhaveri,6,0.0001,0.0,0.0,4e-05
Tanmayi Kant,6,0.0001,0.0,0.0,4e-05
Om Vala,6,0.0001,0.0,0.0,4e-05
Janani Rau,6,0.0001,0.0,0.0,4e-05
Ayaan Sarraf,6,0.0001,0.0,0.0,4e-05
Ekantika Kashyap,6,0.0001,0.0,0.0,4e-05
Jyoti Das,7,0.0001,0.0,0.0,4e-05
Irya Setty,6,0.0001,0.0,0.0,4e-05
Advika Bath,6,0.0001,0.0,0.0,4e-05
Idika Kumer,6,0.0001,0.0,0.0,4e-05
Harish Bajwa,6,0.0001,0.0,0.0,4e-05
Fitan Joshi,6,0.0001,0.0,0.0,4e-05
Shivani Patel,6,0.0001,0.0,0.0,4e-05
Ishaan Kala,7,0.0001,0.0,0.0,4e-05
Samaksh Gopal,6,0.0001,0.0,0.0,4e-05
Dhriti Yadav,6,0.0001,0.0,0.0,4e-05
Nicholas Oak,6,0.0001,0.0,0.0,4e-05
Darpan Bir,7,0.0001,0.0,0.0,4e-05
Rajeshri Bedi,6,0.0001,0.0,0.0,4e-05
Edhitha Lal,6,0.0001,0.0,0.0,4e-05
Ekani Toor,6,0.0001,0.0,0.0,4e-05
Chandani Mangat,6,0.0001,0.0,0.0,4e-05
Aishani Pathak,6,0.0001,0.0,0.0,4e-05
Shravya Pandey,7,0.0001,0.0,0.0,4e-05
Baljiwan Kamdar,7,0.0001,0.0,0.0,4e-05
Upma Madan,6,0.0001,0.0,0.0,4e-05
Inaya Dada,6,0.0001,0.0,0.0,4e-05
Quincy Singhal,6,0.0001,0.0,0.0,4e-05
Mason Dugar,6,0.0001,0.0,0.0,4e-05
Sanya Tella,6,0.0001,0.0,0.0,4e-05
Abhiram Anne,6,0.0001,0.0,0.0,4e-05
Idika Sha,6,0.0001,0.0,0.0,4e-05
George Prabhakar,6,0.0001,0.0,0.0,4e-05
Brijesh Sastry,7,0.0001,0.0,0.0,4e-05
Ekavir Dass,6,0.0001,0.0,0.0,4e-05
Aarav Tripathi,6,0.0001,0.0,0.0,4e-05
Vedika Tiwari,6,0.0001,0.0,0.0,4e-05
Wahab Bandi,6,0.0001,0.0,0.0,4e-05
Frederick Shetty,6,0.0001,0.0,0.0,4e-05
Ekalinga Narasimhan,7,0.0001,0.0,0.0,4e-05
Amruta Gole,6,0.0001,0.0,0.0,4e-05
Advika Jha,6,0.0001,0.0,0.0,4e-05
Wridesh Arya,6,0.0001,0.0,0.0,4e-05
Ishanvi Kalita,6,0.0001,0.0,0.0,4e-05
Amol Magar,6,0.0001,0.0,0.0,4e-05
Deepa Sarraf,6,0.0001,0.0,0.0,4e-05
Daniel Chaudhuri,6,0.0001,0.0,0.0,4e-05
Yashvi Raju,6,0.0001,0.0,0.0,4e-05
Xavier Aggarwal,6,0.0001,0.0,0.0,4e-05
Yash Mittal,6,0.0001,0.0,0.0,4e-05
Ojas Som,6,0.0001,0.0,0.0,4e-05
Dalaja Desai,6,0.0001,0.0,0.0,4e-05
Samesh Suresh,6,0.0001,0.0,0.0,4e-05
Advik Viswanathan,6,0.0001,0.0,0.0,4e-05
Yashodhara Hans,6,0.0001,0.0,0.0,4e-05
Eshana De,6,0.0001,0.0,0.0,4e-05
Elijah Chanda,6,0.0001,0.0,0.0,4e-05
Atharv Bhagat,6,0.0001,0.0,0.0,4e-05
Tejas Wable,6,0.0001,0.0,0.0,4e-05
Jeevika Mishra,6,0.0001,0.0,0.0,4e-05
Sachi Dash,6,0.0001,0.0,0.0,4e-05
Bhavika Khosla,6,0.0001,0.0,0.0,4e-05
Bina Choudhary,7,0.0001,0.0,0.0,4e-05
Karan Mistry,6,0.0001,0.0,0.0,4e-05
Anya Behl,6,0.0001,0.0,0.0,4e-05
Bimala Dar,6,0.0001,0.0,0.0,4e-05
Xavier Agarwal,6,0.0001,0.0,0.0,4e-05
Jalsa Kohli,6,0.0001,0.0,0.0,4e-05
Varsha Mittal,6,0.0001,0.0,0.0,4e-05
Yamini Lall,6,0.0001,0.0,0.0,4e-05
Arin Kant,6,0.0001,0.0,0.0,4e-05
Yutika Lala,6,0.0001,0.0,0.0,4e-05
Chameli Ganesh,6,0.0001,0.0,0.0,4e-05
Vasana Ben,6,0.0001,0.0,0.0,4e-05
Bhavini Garg,6,0.0001,0.0,0.0,4e-05
Rishi Tak,6,0.0001,0.0,0.0,4e-05
Liam Nadkarni,6,0.0001,0.0,0.0,4e-05
Advay Bath,6,0.0001,0.0,0.0,4e-05
Krish Deo,6,0.0001,0.0,0.0,4e-05
Naksh Bora,6,0.0001,0.0,0.0,4e-05
Zaitra Pillay,6,0.0001,0.0,0.0,4e-05
Patrick Dani,6,0.0001,0.0,0.0,4e-05
Dayamai Sani,6,0.0001,0.0,0.0,4e-05
Yashica Rao,6,0.0001,0.0,0.0,4e-05
Parth Kuruvilla,6,0.0001,0.0,0.0,4e-05
Chaitanya Murty,6,0.0001,0.0,0.0,4e-05
Sara Chanda,6,0.0001,0.0,0.0,4e-05
Hiral Dar,6,0.0001,0.0,0.0,4e-05
Owen Shroff,6,0.0001,0.0,0.0,4e-05
Sudiksha Sandal,6,0.0001,0.0,0.0,4e-05
Warinder Setty,6,0.0001,0.0,0.0,4e-05
Amara Sathe,6,0.0001,0.0,0.0,4e-05
Jalsa Kapadia,6,0.0001,0.0,0.0,4e-05
Ekavir Karnik,6,0.0001,0.0,0.0,4e-05
Darika Bandi,6,0.0001,0.0,0.0,4e-05
Maanav Majumdar,6,0.0001,0.0,0.0,4e-05
Dakshesh Dixit,6,0.0001,0.0,0.0,4e-05
Ekaja Banerjee,6,0.0001,0.0,0.0,4e-05
Bhavika Nagar,6,0.0001,0.0,0.0,4e-05
Hamsini Comar,6,0.0001,0.0,0.0,4e-05
Devansh Oza,6,0.0001,0.0,0.0,4e-05
Niharika Barman,6,0.0001,0.0,0.0,4e-05
Umang Tandon,6,0.0001,0.0,0.0,4e-05
Hredhaan Sachar,6,0.0001,0.0,0.0,4e-05
Sanaya Krishnamurthy,6,0.0001,0.0,0.0,4e-05
Vivaan Guha,6,0.0001,0.0,0.0,4e-05
Radha Dalal,6,0.0001,0.0,0.0,4e-05
Zayyan Din,6,0.0001,0.0,0.0,4e-05
Reva Kale,6,0.0001,0.0,0.0,4e-05
Radhika Wason,6,0.0001,0.0,0.0,4e-05
Maya Sarraf,6,0.0001,0.0,0.0,4e-05
Orinder Shenoy,6,0.0001,0.0,0.0,4e-05
Wriddhish Ramanathan,6,0.0001,0.0,0.0,4e-05
Logan Sengupta,6,0.0001,0.0,0.0,4e-05
Frederick Dube,7,0.0001,0.0,0.0,4e-05
Abeer Rege,6,0.0001,0.0,0.0,4e-05
Meghana Dayal,6,0.0001,0.0,0.0,4e-05
Aarav Nagi,6,0.0001,0.0,0.0,4e-05
Idika Tiwari,6,0.0001,0.0,0.0,4e-05
Ayaan Kata,6,0.0001,0.0,0.0,4e-05
Wazir Taneja,7,0.0001,0.0,0.0,4e-05
Hardik Purohit,6,0.0001,0.0,0.0,4e-05
Janaki Srinivasan,6,0.0001,0.0,0.0,4e-05
Ikbal Kanda,7,0.0001,0.0,0.0,4e-05
Max Bhatt,6,0.0001,0.0,0.0,4e-05
Warhi Sani,6,0.0001,0.0,0.0,4e-05
Ekbal Dass,6,0.0001,0.0,0.0,4e-05
Lucky Babu,6,0.0001,0.0,0.0,4e-05
Samarth Mohanty,7,0.0001,0.0,0.0,4e-05
Yashawini Goda,6,0.0001,0.0,0.0,4e-05
Anika Sathe,6,0.0001,0.0,0.0,4e-05
Bhavya Madan,6,0.0001,0.0,0.0,4e-05
Radhika Chad,6,0.0001,0.0,0.0,4e-05
Lakshit Dalal,6,0.0001,0.0,0.0,4e-05
Zansi Prasad,6,0.0001,0.0,0.0,4e-05
Balendra Konda,6,0.0001,0.0,0.0,4e-05
Sanaya Sandhu,7,0.0001,0.0,0.0,4e-05
Osha Kala,6,0.0001,0.0,0.0,4e-05
William Chaudhari,6,0.0001,0.0,0.0,4e-05
Warjas Mistry,6,0.0001,0.0,0.0,4e-05
Ekanta Sood,6,0.0001,0.0,0.0,4e-05
Waida Gandhi,6,0.0001,0.0,0.0,4e-05
Balvan Dara,6,0.0001,0.0,0.0,4e-05
Janya Mishra,6,0.0001,0.0,0.0,4e-05
Charita Dugar,7,0.0001,0.0,0.0,4e-05
Ayush Issac,6,0.0001,0.0,0.0,4e-05
Hardik Mammen,7,0.0001,0.0,0.0,4e-05
Zansi Loke,6,0.0001,0.0,0.0,4e-05
Tarak Kanda,6,0.0001,0.0,0.0,4e-05
Upkaar Ganesan,6,0.0001,0.0,0.0,4e-05
Yashawini Merchant,6,0.0001,0.0,0.0,4e-05
Arunima Suresh,6,0.0001,0.0,0.0,4e-05
Dayita Gola,6,0.0001,0.0,0.0,4e-05
Hredhaan Chadha,6,0.0001,0.0,0.0,4e-05
Upasna Chatterjee,6,0.0001,0.0,0.0,4e-05
Arjun Sarkar,6,0.0001,0.0,0.0,4e-05
Ikbal Vasa,6,0.0001,0.0,0.0,4e-05
Gauri Ratta,6,0.0001,0.0,0.0,4e-05
Saksham Mani,6,0.0001,0.0,0.0,4e-05
Kashvi Jain,6,0.0001,0.0,0.0,4e-05
Kiaan Ratti,6,0.0001,0.0,0.0,4e-05
Sanaya Dhar,6,0.0001,0.0,0.0,4e-05
Ishita Naik,7,0.0001,0.0,0.0,4e-05
Joshua Kata,7,0.0001,0.0,0.0,4e-05
Alka Kala,6,0.0001,0.0,0.0,4e-05
Balendra Joshi,6,0.0001,0.0,0.0,4e-05
Lila Pau,6,0.0001,0.0,0.0,4e-05
Zayan Bose,6,0.0001,0.0,0.0,4e-05
Chavvi Grewal,6,0.0001,0.0,0.0,4e-05
Aadi Ganesan,6,0.0001,0.0,0.0,4e-05
Lila Srivastava,6,0.0001,0.0,0.0,4e-05
Quincy Deep,6,0.0001,0.0,0.0,4e-05
Simon Shan,6,0.0001,0.0,0.0,4e-05
Logan Krishnamurthy,7,0.0001,0.0,0.0,4e-05
Yashasvi Kanda,6,0.0001,0.0,0.0,4e-05
Brinda Barad,6,0.0001,0.0,0.0,4e-05
Vaishnavi Jani,6,0.0001,0.0,0.0,4e-05
Vyanjana Pathak,6,0.0001,0.0,0.0,4e-05
Chakrika Bakshi,7,0.0001,0.0,0.0,4e-05
Chandresh Wable,6,0.0001,0.0,0.0,4e-05
Ayaan Sarna,6,0.0001,0.0,0.0,4e-05
Dipta Purohit,6,0.0001,0.0,0.0,4e-05
Unnati Ghosh,6,0.0001,0.0,0.0,4e-05
Yashoda Puri,6,0.0001,0.0,0.0,4e-05
Arin Tata,6,0.0001,0.0,0.0,4e-05
Janani Toor,6,0.0001,0.0,0.0,4e-05
Aarini Mahajan,7,0.0001,0.0,0.0,4e-05
Reva Savant,6,0.0001,0.0,0.0,4e-05
Noah Atwal,6,0.0001,0.0,0.0,4e-05
Logan Srinivasan,6,0.0001,0.0,0.0,4e-05
Tanmayi Yadav,7,0.0001,0.0,0.0,4e-05
Harinakshi Bawa,6,0.0001,0.0,0.0,4e-05
Zarna Devi,6,0.0001,0.0,0.0,4e-05
Banjeet Ahuja,6,0.0001,0.0,0.0,4e-05
Amara Anne,6,0.0001,0.0,0.0,4e-05
Charan Saxena,6,0.0001,0.0,0.0,4e-05
Chasmum Bail,6,0.0001,0.0,0.0,4e-05
Jason Gulati,6,0.0001,0.0,0.0,4e-05
Tarak Dixit,6,0.0001,0.0,0.0,4e-05
Lucky Wali,6,0.0001,0.0,0.0,4e-05
Tripti Gaba,6,0.0001,0.0,0.0,4e-05
Lohit Wable,6,0.0001,0.0,0.0,4e-05
Dipta Garg,6,0.0001,0.0,0.0,4e-05
Lekha Manda,6,0.0001,0.0,0.0,4e-05
Yug Balan,6,0.0001,0.0,0.0,4e-05
Naksh Sunder,7,0.0001,0.0,0.0,4e-05
Zaid Thaman,6,0.0001,0.0,0.0,4e-05
Lucky Lanka,6,0.0001,0.0,0.0,4e-05
Chanakya Kunda,6,0.0001,0.0,0.0,4e-05
Ijaya Krishnan,6,0.0001,0.0,0.0,4e-05
Maya Kalla,6,0.0001,0.0,0.0,4e-05
Lajita Sarin,6,0.0001,0.0,0.0,4e-05
Aradhana Shere,6,0.0001,0.0,0.0,4e-05
Logan Joshi,6,0.0001,0.0,0.0,4e-05
Chaaya Bhatt,6,0.0001,0.0,0.0,4e-05
Barkha Sen,6,0.0001,0.0,0.0,4e-05
Mitali Ganesh,6,0.0001,0.0,0.0,4e-05
Vedant Tandon,6,0.0001,0.0,0.0,4e-05
Wishi Apte,6,0.0001,0.0,0.0,4e-05
Tara Chaudhari,6,0.0001,0.0,0.0,4e-05
Devika Yohannan,6,0.0001,0.0,0.0,4e-05
Panini Walia,6,0.0001,0.0,0.0,4e-05
Isaiah Sama,6,0.0001,0.0,0.0,4e-05
Girish Saran,6,0.0001,0.0,0.0,4e-05
Amaira Ganesan,6,0.0001,0.0,0.0,4e-05
Naksh Mandal,6,0.0001,0.0,0.0,4e-05
Chatresh Saini,7,0.0001,0.0,0.0,4e-05
Vinaya Lall,6,0.0001,0.0,0.0,4e-05
Ikbal Madan,7,0.0001,0.0,0.0,4e-05
Oscar Guha,6,0.0001,0.0,0.0,4e-05
Neel Aurora,6,0.0001,0.0,0.0,4e-05
Jai Gade,6,0.0001,0.0,0.0,4e-05
Chaaya Manne,7,0.0001,0.0,0.0,4e-05
Mohammed Ramakrishnan,6,0.0001,0.0,0.0,4e-05
Shaurya Ravel,6,0.0001,0.0,0.0,4e-05
Lucky Parekh,6,0.0001,0.0,0.0,4e-05
Widisha Kadakia,6,0.0001,0.0,0.0,4e-05
Zaitra Murthy,6,0.0001,0.0,0.0,4e-05
Theodore Radhakrishnan,6,0.0001,0.0,0.0,4e-05
Siya Murty,6,0.0001,0.0,0.0,4e-05
Varsha Bhatt,6,0.0001,0.0,0.0,4e-05
Luke Dhaliwal,6,0.0001,0.0,0.0,4e-05
Ojas Bala,6,0.0001,0.0,0.0,4e-05
Januja Doctor,6,0.0001,0.0,0.0,4e-05
Sarthak Taneja,7,0.0001,0.0,0.0,4e-05
Hritik Varkey,7,0.0001,0.0,0.0,4e-05
Tanvi Patla,7,0.0001,0.0,0.0,4e-05
Nidhi Prabhu,6,0.0001,0.0,0.0,4e-05
Hemal Contractor,6,0.0001,0.0,0.0,4e-05
Jhalak Mani,6,0.0001,0.0,0.0,4e-05
Maanav Ganesan,6,0.0001,0.0,0.0,4e-05
Abeer Murthy,6,0.0001,0.0,0.0,4e-05
Urvashi Dugal,6,0.0001,0.0,0.0,4e-05
Nirja Keer,6,0.0001,0.0,0.0,4e-05
Hritik Divan,6,0.0001,0.0,0.0,4e-05
Gaurangi Murty,6,0.0001,0.0,0.0,4e-05
Gautam Nagarajan,6,0.0001,0.0,0.0,4e-05
Bimala Narain,6,0.0001,0.0,0.0,4e-05
Upma Jain,6,0.0001,0.0,0.0,4e-05
Tristan Mane,6,0.0001,0.0,0.0,4e-05
Advay Andra,6,0.0001,0.0,0.0,4e-05
Gaurav Banik,6,0.0001,0.0,0.0,4e-05
Libni Arora,6,0.0001,0.0,0.0,4e-05
Charles Dewan,6,0.0001,0.0,0.0,4e-05
Yutika Atwal,6,0.0001,0.0,0.0,4e-05
Maanav Balan,6,0.0001,0.0,0.0,4e-05
Sarthak Wason,6,0.0001,0.0,0.0,4e-05
Sanya Nagarajan,6,0.0001,0.0,0.0,4e-05
Faqid Sanghvi,6,0.0001,0.0,0.0,4e-05
Turvi Bobal,6,0.0001,0.0,0.0,4e-05
Ikbal Badami,6,0.0001,0.0,0.0,4e-05
Ekbal Sachar,6,0.0001,0.0,0.0,4e-05
Gaurang Hans,6,0.0001,0.0,0.0,4e-05
Oliver Goda,6,0.0001,0.0,0.0,4e-05
Frado Bail,6,0.0001,0.0,0.0,4e-05
Gabriel Murty,6,0.0001,0.0,0.0,4e-05
Vihaan Saini,6,0.0001,0.0,0.0,4e-05
Ayush Loyal,6,0.0001,0.0,0.0,4e-05
Ayush Mody,6,0.0001,0.0,0.0,4e-05
Henry Sachdeva,6,0.0001,0.0,0.0,4e-05
Quincy Chada,6,0.0001,0.0,0.0,4e-05
Chandran Karnik,6,0.0001,0.0,0.0,4e-05
Hardik Kapoor,6,0.0001,0.0,0.0,4e-05
Wishi Wagle,6,0.0001,0.0,0.0,4e-05
Yashoda Manne,6,0.0001,0.0,0.0,4e-05
Aryan Sarna,6,0.0001,0.0,0.0,4e-05
Nathaniel Manda,6,0.0001,0.0,0.0,4e-05
Kamala Parikh,6,0.0001,0.0,0.0,4e-05
Rehaan Dhingra,6,0.0001,0.0,0.0,4e-05
Omkaar Oommen,6,0.0001,0.0,0.0,4e-05
Chandresh Kumar,6,0.0001,0.0,0.0,4e-05
Xalak Kothari,6,0.0001,0.0,0.0,4e-05
Harrison Dash,6,0.0001,0.0,0.0,4e-05
Gunbir Doshi,6,0.0001,0.0,0.0,4e-05
Wriddhish Pillai,6,0.0001,0.0,0.0,4e-05
Yutika Shenoy,6,0.0001,0.0,0.0,4e-05
Tristan Sanghvi,6,0.0001,0.0,0.0,4e-05
Gautam Dasgupta,6,0.0001,0.0,0.0,4e-05
Matthew Sarraf,6,0.0001,0.0,0.0,4e-05
Nidra Pau,6,0.0001,0.0,0.0,4e-05
Warda Thaker,6,0.0001,0.0,0.0,4e-05
Anjali Shroff,6,0.0001,0.0,0.0,4e-05
Ekta Joshi,6,0.0001,0.0,0.0,4e-05
William Bumb,6,0.0001,0.0,0.0,4e-05
Saanvi Jaggi,6,0.0001,0.0,0.0,4e-05
Viraj Mitra,6,0.0001,0.0,0.0,4e-05
Chasmum Ramakrishnan,6,0.0001,0.0,0.0,4e-05
Irya Dube,6,0.0001,0.0,0.0,4e-05
Oliver Hegde,7,0.0001,0.0,0.0,4e-05
Lohit Peri,6,0.0001,0.0,0.0,4e-05
Yoshita Samra,6,0.0001,0.0,0.0,4e-05
Ria De,6,0.0001,0.0,0.0,4e-05
Isha Rao,6,0.0001,0.0,0.0,4e-05
Yuvraj Lad,6,0.0001,0.0,0.0,4e-05
Praneel Bhatti,6,0.0001,0.0,0.0,4e-05
Saksham Dave,7,0.0001,0.0,0.0,4e-05
Frederick Dugar,7,0.0001,0.0,0.0,4e-05
Lajita Pradhan,6,0.0001,0.0,0.0,4e-05
Mugdha Cheema,6,0.0001,0.0,0.0,4e-05
Advay Shan,6,0.0001,0.0,0.0,4e-05
Mohammed Pai,6,0.0001,0.0,0.0,4e-05
Hardik Borah,6,0.0001,0.0,0.0,4e-05
Wazir Ramesh,6,0.0001,0.0,0.0,4e-05
Leela Krish,6,0.0001,0.0,0.0,4e-05
Upma Sawhney,6,0.0001,0.0,0.0,4e-05
Eiravati Kapadia,6,0.0001,0.0,0.0,4e-05
Yoshita Shetty,6,0.0001,0.0,0.0,4e-05
Chaitanya Chahal,6,0.0001,0.0,0.0,4e-05
Neha Apte,6,0.0001,0.0,0.0,4e-05
Udarsh Nagarajan,6,0.0001,0.0,0.0,4e-05
Charan Wagle,6,0.0001,0.0,0.0,4e-05
Vihaan Srivastava,6,0.0001,0.0,0.0,4e-05
Megha Grewal,7,0.0001,0.0,0.0,4e-05
Harrison Desai,6,0.0001,0.0,0.0,4e-05
Reyansh Warrior,6,0.0001,0.0,0.0,4e-05
Amol Banerjee,6,0.0001,0.0,0.0,4e-05
Qarin Basu,6,0.0001,0.0,0.0,4e-05
Lucky Sahota,6,0.0001,0.0,0.0,4e-05
Chakrika Vaidya,6,0.0001,0.0,0.0,4e-05
Upadhriti Shukla,6,0.0001,0.0,0.0,4e-05
Indrajit Deshmukh,6,0.0001,0.0,0.0,4e-05
Divya Divan,6,0.0001,0.0,0.0,4e-05
Hredhaan Sunder,6,0.0001,0.0,0.0,4e-05
Aarnav Basu,6,0.0001,0.0,0.0,4e-05
Bhavani Kaur,6,0.0001,0.0,0.0,4e-05
Fiyaz Krishnan,6,0.0001,0.0,0.0,4e-05
Harshil Deshmukh,6,0.0001,0.0,0.0,4e-05
Saumya Shetty,6,0.0001,0.0,0.0,4e-05
Vihaan Bawa,6,0.0001,0.0,0.0,4e-05
Dipta Mann,6,0.0001,0.0,0.0,4e-05
Praneel Hari,6,0.0001,0.0,0.0,4e-05
Jackson Kade,6,0.0001,0.0,0.0,4e-05
Warda Batra,6,0.0001,0.0,0.0,4e-05
Aarini Ramachandran,6,0.0001,0.0,0.0,4e-05
Jason Wadhwa,7,0.0001,0.0,0.0,4e-05
Nathaniel Pandit,6,0.0001,0.0,0.0,4e-05
Jai Palla,6,0.0001,0.0,0.0,4e-05
Anusha Sarin,6,0.0001,0.0,0.0,4e-05
Ojasvi Din,6,0.0001,0.0,0.0,4e-05
Ria Hegde,6,0.0001,0.0,0.0,4e-05
Kamya Chopra,6,0.0001,0.0,0.0,4e-05
Zaid Singhal,6,0.0001,0.0,0.0,4e-05
Jhalak Raghavan,7,0.0001,0.0,0.0,4e-05
Azaan Chakrabarti,6,0.0001,0.0,0.0,4e-05
Vinaya Sen,6,0.0001,0.0,0.0,4e-05
Meghana Sengupta,6,0.0001,0.0,0.0,4e-05
Mohammed Ganguly,6,0.0001,0.0,0.0,4e-05
Priya Kaur,6,0.0001,0.0,0.0,4e-05
Tristan Bandi,6,0.0001,0.0,0.0,4e-05
Naveen Deshpande,7,0.0001,0.0,0.0,4e-05
Shaurya Batra,6,0.0001,0.0,0.0,4e-05
Vivaan Sampath,6,0.0001,0.0,0.0,4e-05
Xiti Chacko,6,0.0001,0.0,0.0,4e-05
Adya Vohra,6,0.0001,0.0,0.0,4e-05
Suhani Srinivas,6,0.0001,0.0,0.0,4e-05
Charita Singhal,6,0.0001,0.0,0.0,4e-05
Nidhi Bhatti,6,0.0001,0.0,0.0,4e-05
Quincy Puri,6,0.0001,0.0,0.0,4e-05
Jack Agrawal,7,0.0001,0.0,0.0,4e-05
Qabil Garde,6,0.0001,0.0,0.0,4e-05
Pavani Samra,6,0.0001,0.0,0.0,4e-05
Rishi Shankar,7,0.0001,0.0,0.0,4e-05
Elijah Om,6,0.0001,0.0,0.0,4e-05
Chameli Korpal,6,0.0001,0.0,0.0,4e-05
Yashvi Bhalla,6,0.0001,0.0,0.0,4e-05
Zashil Som,6,0.0001,0.0,0.0,4e-05
Pallavi Mann,6,0.0001,0.0,0.0,4e-05
Chameli Subramaniam,6,0.0001,0.0,0.0,4e-05
Radhika Krish,6,0.0001,0.0,0.0,4e-05
Pavani Dyal,6,0.0001,0.0,0.0,4e-05
Priya Chad,6,0.0001,0.0,0.0,4e-05
Harini Barad,6,0.0001,0.0,0.0,4e-05
Victor Taneja,6,0.0001,0.0,0.0,4e-05
Theodore Bedi,6,0.0001,0.0,0.0,4e-05
Ekalinga Prabhu,6,0.0001,0.0,0.0,4e-05
Chaman Arya,6,0.0001,0.0,0.0,4e-05
Adweta Wagle,6,0.0001,0.0,0.0,4e-05
Gaurang Purohit,6,0.0001,0.0,0.0,4e-05
Ishwar Naik,6,0.0001,0.0,0.0,4e-05
Urmi Sama,6,0.0001,0.0,0.0,4e-05
Unnati Modi,6,0.0001,0.0,0.0,4e-05
Vaishnavi Amble,6,0.0001,0.0,0.0,4e-05
Amruta Kale,6,0.0001,0.0,0.0,4e-05
Vritti Barman,6,0.0001,0.0,0.0,4e-05
Girish Dugar,6,0.0001,0.0,0.0,4e-05
Advika Pau,6,0.0001,0.0,0.0,4e-05
Joshua Borra,6,0.0001,0.0,0.0,4e-05
Chasmum Mani,6,0.0001,0.0,0.0,4e-05
Aarnav Sabharwal,7,0.0001,0.0,0.0,4e-05
Nachiket Raghavan,6,0.0001,0.0,0.0,4e-05
Rushil Goyal,6,0.0001,0.0,0.0,4e-05
Falan Nair,6,0.0001,0.0,0.0,4e-05
Udant Sethi,6,0.0001,0.0,0.0,4e-05
Wahab Gera,6,0.0001,0.0,0.0,4e-05
Yashvi Baral,6,0.0001,0.0,0.0,4e-05
Laksh Sankar,7,0.0001,0.0,0.0,4e-05
Chandani Dora,6,0.0001,0.0,0.0,4e-05
Zaitra Balan,7,0.0001,0.0,0.0,4e-05
Isaac Bora,6,0.0001,0.0,0.0,4e-05
Zehaan Dasgupta,6,0.0001,0.0,0.0,4e-05
Janaki Garg,6,0.0001,0.0,0.0,4e-05
Eta Sama,6,0.0001,0.0,0.0,4e-05
Advika Bandi,6,0.0001,0.0,0.0,4e-05
Damini Kara,6,0.0001,0.0,0.0,4e-05
Manbir Mallick,6,0.0001,0.0,0.0,4e-05
Arya Om,6,0.0001,0.0,0.0,4e-05
Charles Barad,6,0.0001,0.0,0.0,4e-05
Nihal Nayak,6,0.0001,0.0,0.0,4e-05
Vedika Bobal,6,0.0001,0.0,0.0,4e-05
Meghana Walla,6,0.0001,0.0,0.0,4e-05
Nakul Ganesan,6,0.0001,0.0,0.0,4e-05
Henry Jha,7,0.0001,0.0,0.0,4e-05
Zaitra Subramaniam,6,0.0001,0.0,0.0,4e-05
Yagnesh Ramaswamy,7,0.0001,0.0,0.0,4e-05
Anika Sahni,7,0.0001,0.0,0.0,4e-05
Owen Uppal,6,0.0001,0.0,0.0,4e-05
Samarth Issac,6,0.0001,0.0,0.0,4e-05
Urmi Radhakrishnan,6,0.0001,0.0,0.0,4e-05
Hardik Solanki,6,0.0001,0.0,0.0,4e-05
Jeevika Bera,6,0.0001,0.0,0.0,4e-05
Nicholas Dada,6,0.0001,0.0,0.0,4e-05
Laban Maharaj,6,0.0001,0.0,0.0,4e-05
Yagnesh Balay,6,0.0001,0.0,0.0,4e-05
Jackson Sundaram,7,0.0001,0.0,0.0,4e-05
Kiaan Dutt,6,0.0001,0.0,0.0,4e-05
Pavani Agrawal,6,0.0001,0.0,0.0,4e-05
Dalbir Muni,7,0.0001,0.0,0.0,4e-05
Jeremiah Sridhar,6,0.0001,0.0,0.0,4e-05
Yuvraj Nair,6,0.0001,0.0,0.0,4e-05
Ishanvi Arora,6,0.0001,0.0,0.0,4e-05
Reyansh Iyengar,6,0.0001,0.0,0.0,4e-05
Hritik Mukherjee,6,0.0001,0.0,0.0,4e-05
Manbir Guha,6,0.0001,0.0,0.0,4e-05
Alexander Balasubramanian,6,0.0001,0.0,0.0,4e-05
Darsh Dhaliwal,7,0.0001,0.0,0.0,4e-05
Qadim Mand,6,0.0001,0.0,0.0,4e-05
Dominic Mahal,7,0.0001,0.0,0.0,4e-05
Tanmayi Tak,6,0.0001,0.0,0.0,4e-05
Pushti Bhalla,6,0.0001,0.0,0.0,4e-05
Ganga Thaman,7,0.0001,0.0,0.0,4e-05
Shaurya Shroff,6,0.0001,0.0,0.0,4e-05
Harish Walia,6,0.0001,0.0,0.0,4e-05
Hemal Parekh,6,0.0001,0.0,0.0,4e-05
Wakeeta Hans,6,0.0001,0.0,0.0,4e-05
Kavya Chokshi,6,0.0001,0.0,0.0,4e-05
Logan Behl,6,0.0001,0.0,0.0,4e-05
Rachana Wagle,6,0.0001,0.0,0.0,4e-05
Yutika Nagar,6,0.0001,0.0,0.0,4e-05
Banjeet Walla,6,0.0001,0.0,0.0,4e-05
Zaid Comar,6,0.0001,0.0,0.0,4e-05
Oliver Singhal,6,0.0001,0.0,0.0,4e-05
Oliver Pandya,6,0.0001,0.0,0.0,4e-05
Zashil Dara,6,0.0001,0.0,0.0,4e-05
Turvi Chhabra,6,0.0001,0.0,0.0,4e-05
Champak Basu,6,0.0001,0.0,0.0,4e-05
Ekalinga Baral,6,0.0001,0.0,0.0,4e-05
Triya More,6,0.0001,0.0,0.0,4e-05
Aditya Ganguly,6,0.0001,0.0,0.0,4e-05
Nilima Desai,6,0.0001,0.0,0.0,4e-05
Hredhaan Prashad,6,0.0001,0.0,0.0,4e-05
Pallavi Mody,7,0.0001,0.0,0.0,4e-05
Aarnav Choudhury,6,0.0001,0.0,0.0,4e-05
Saanvi Prasad,6,0.0001,0.0,0.0,4e-05
Vansha Sawhney,6,0.0001,0.0,0.0,4e-05
Amara Basu,6,0.0001,0.0,0.0,4e-05
Hitesh Sabharwal,6,0.0001,0.0,0.0,4e-05
Dev Vyas,6,0.0001,0.0,0.0,4e-05
Upasna Rattan,6,0.0001,0.0,0.0,4e-05
Hemang Krishnan,6,0.0001,0.0,0.0,4e-05
Aayush Sani,6,0.0001,0.0,0.0,4e-05
Anya Warrior,6,0.0001,0.0,0.0,4e-05
Maanav Bassi,6,0.0001,0.0,0.0,4e-05
Charan Trivedi,6,0.0001,0.0,0.0,4e-05
Wridesh Aurora,6,0.0001,0.0,0.0,4e-05
Waida Pandey,6,0.0001,0.0,0.0,4e-05
Saanvi Pai,6,0.0001,0.0,0.0,4e-05
Inaya Rajagopalan,6,0.0001,0.0,0.0,4e-05
Ikbal Bhandari,6,0.0001,0.0,0.0,4e-05
Tanish Parekh,6,0.0001,0.0,0.0,4e-05
Lekha Varughese,6,0.0001,0.0,0.0,4e-05
Yachana Oak,6,0.0001,0.0,0.0,4e-05
Kamya Agrawal,6,0.0001,0.0,0.0,4e-05
Nidra Bhatnagar,6,0.0001,0.0,0.0,4e-05
Eshana Gour,6,0.0001,0.0,0.0,4e-05
Ishanvi Bali,6,0.0001,0.0,0.0,4e-05
Nitara Gupta,6,0.0001,0.0,0.0,4e-05
Samar Verma,6,0.0001,0.0,0.0,4e-05
Omaja Dhingra,6,0.0001,0.0,0.0,4e-05
Girish Patla,6,0.0001,0.0,0.0,4e-05
Gaurav Deep,6,0.0001,0.0,0.0,4e-05
Qasim Taneja,6,0.0001,0.0,0.0,4e-05
Abhimanyu Rege,6,0.0001,0.0,0.0,4e-05
Adweta Dube,6,0.0001,0.0,0.0,4e-05
Pranit Lanka,6,0.0001,0.0,0.0,4e-05
Urmi Gandhi,6,0.0001,0.0,0.0,4e-05
Nilima Narang,7,0.0001,0.0,0.0,4e-05
Rajeshri Iyer,6,0.0001,0.0,0.0,4e-05
Waida Bhalla,6,0.0001,0.0,0.0,4e-05
Yash Sarma,7,0.0001,0.0,0.0,4e-05
Bhavya Behl,6,0.0001,0.0,0.0,4e-05
Viraj Krish,6,0.0001,0.0,0.0,4e-05
Nicholas Sridhar,6,0.0001,0.0,0.0,4e-05
Ekalinga Reddy,6,0.0001,0.0,0.0,4e-05
Vritti Dua,7,0.0001,0.0,0.0,4e-05
Tanay Dhawan,6,0.0001,0.0,0.0,4e-05
Jagat Divan,6,0.0001,0.0,0.0,4e-05
Charan Anand,6,0.0001,0.0,0.0,4e-05
Kritika Loke,6,0.0001,0.0,0.0,4e-05
Agastya Saraf,6,0.0001,0.0,0.0,4e-05
Adya Bava,6,0.0001,0.0,0.0,4e-05
Ojasvi Singh,6,0.0001,0.0,0.0,4e-05
Vrinda Purohit,7,0.0001,0.0,0.0,4e-05
Nachiket Baral,6,0.0001,0.0,0.0,4e-05
Leela Bali,7,0.0001,0.0,0.0,4e-05
Hardik Thakkar,6,0.0001,0.0,0.0,4e-05
Yashvi Bala,6,0.0001,0.0,0.0,4e-05
Krishna Dar,6,0.0001,0.0,0.0,4e-05
Anamika Oza,6,0.0001,0.0,0.0,4e-05
Nidra Patla,7,0.0001,0.0,0.0,4e-05
Lohit Sundaram,6,0.0001,0.0,0.0,4e-05
Darpan Mital,6,0.0001,0.0,0.0,4e-05
Chasmum Sangha,6,0.0001,0.0,0.0,4e-05
Yashodhara Sem,6,0.0001,0.0,0.0,4e-05
Manthan Mukhopadhyay,7,0.0001,0.0,0.0,4e-05
Vivaan Naidu,6,0.0001,0.0,0.0,4e-05
Tejas Sehgal,6,0.0001,0.0,0.0,4e-05
Jeremiah Walia,7,0.0001,0.0,0.0,4e-05
Gagan Bava,7,0.0001,0.0,0.0,4e-05
Nimrat Nagar,6,0.0001,0.0,0.0,4e-05
Laban Kibe,6,0.0001,0.0,0.0,4e-05
Kamya Bhardwaj,6,0.0001,0.0,0.0,4e-05
Victor Swaminathan,6,0.0001,0.0,0.0,4e-05
Rohan Sengupta,6,0.0001,0.0,0.0,4e-05
Ubika Sheth,6,0.0001,0.0,0.0,4e-05
Reyansh Lata,6,0.0001,0.0,0.0,4e-05
Tara Sinha,6,0.0001,0.0,0.0,4e-05
Sanaya Chana,6,0.0001,0.0,0.0,4e-05
Ekbal Mutti,6,0.0001,0.0,0.0,4e-05
Charita Babu,6,0.0001,0.0,0.0,4e-05
Imaran Dutta,6,0.0001,0.0,0.0,4e-05
Falguni Sankar,6,0.0001,0.0,0.0,4e-05
Luke Ghose,6,0.0001,0.0,0.0,4e-05
Hemal Kant,6,0.0001,0.0,0.0,4e-05
Jagrati Mangat,6,0.0001,0.0,0.0,4e-05
Bhavna Agrawal,6,0.0001,0.0,0.0,4e-05
Shivani Baria,6,0.0001,0.0,0.0,4e-05
Deepa Shroff,6,0.0001,0.0,0.0,4e-05
Umang Behl,6,0.0001,0.0,0.0,4e-05
Raghav Nagi,6,0.0001,0.0,0.0,4e-05
Ranbir Varty,6,0.0001,0.0,0.0,4e-05
Yatin Misra,7,0.0001,0.0,0.0,4e-05
Nimrat Padmanabhan,7,0.0001,0.0,0.0,4e-05
Kamala Setty,6,0.0001,0.0,0.0,4e-05
Anya Sengupta,6,0.0001,0.0,0.0,4e-05
Omkaar Comar,6,0.0001,0.0,0.0,4e-05
Advik Deshpande,6,0.0001,0.0,0.0,4e-05
Aarav Chand,6,0.0001,0.0,0.0,4e-05
Aarush Balasubramanian,6,0.0001,0.0,0.0,4e-05
Advay Muni,6,0.0001,0.0,0.0,4e-05
Sarthak Garde,6,0.0001,0.0,0.0,4e-05
Mohammed Sridhar,6,0.0001,0.0,0.0,4e-05
Omaja Chadha,6,0.0001,0.0,0.0,4e-05
Ira Modi,6,0.0001,0.0,0.0,4e-05
Vasudha Minhas,6,0.0001,0.0,0.0,4e-05
Yahvi Savant,6,0.0001,0.0,0.0,4e-05
Kavya Bhandari,6,0.0001,0.0,0.0,4e-05
Edhitha Bahri,6,0.0001,0.0,0.0,4e-05
Lajita Jain,6,0.0001,0.0,0.0,4e-05
Wahab Kulkarni,6,0.0001,0.0,0.0,4e-05
Harini Sampath,6,0.0001,0.0,0.0,4e-05
Tristan Raja,6,0.0001,0.0,0.0,4e-05
Samaksh Pal,6,0.0001,0.0,0.0,4e-05
Chakrika Chaudhari,6,0.0001,0.0,0.0,4e-05
Victor Chandra,6,0.0001,0.0,0.0,4e-05
Tripti Salvi,6,0.0001,0.0,0.0,4e-05
Yashodhara Goda,6,0.0001,0.0,0.0,4e-05
Hema Patil,6,0.0001,0.0,0.0,4e-05
Girik Khare,6,0.0001,0.0,0.0,4e-05
Guneet Mall,6,0.0001,0.0,0.0,4e-05
Mitali Kashyap,6,0.0001,0.0,0.0,4e-05
Ekaja Choudhary,6,0.0001,0.0,0.0,4e-05
Gavin Shetty,6,0.0001,0.0,0.0,4e-05
Anika Chand,6,0.0001,0.0,0.0,4e-05
Jagvi Chawla,6,0.0001,0.0,0.0,4e-05
Manbir Sura,6,0.0001,0.0,0.0,4e-05
Vasatika Samra,6,0.0001,0.0,0.0,4e-05
Yashica Tata,6,0.0001,0.0,0.0,4e-05
Bishakha Mahajan,6,0.0001,0.0,0.0,4e-05
Mitali Bhandari,6,0.0001,0.0,0.0,4e-05
Fariq Rout,6,0.0001,0.0,0.0,4e-05
Jeremiah Basak,6,0.0001,0.0,0.0,4e-05
Tejas Sachdeva,6,0.0001,0.0,0.0,4e-05
Indira Nigam,6,0.0001,0.0,0.0,4e-05
Zarna Kulkarni,6,0.0001,0.0,0.0,4e-05
Kashish Kumer,6,0.0001,0.0,0.0,4e-05
Caleb Kashyap,6,0.0001,0.0,0.0,4e-05
Gaurang Lad,6,0.0001,0.0,0.0,4e-05
Ojasvi Mani,6,0.0001,0.0,0.0,4e-05
Zaid Swamy,6,0.0001,0.0,0.0,4e-05
Irya Rajan,6,0.0001,0.0,0.0,4e-05
Wakeeta Memon,6,0.0001,0.0,0.0,4e-05
Adya Subramaniam,7,0.0001,0.0,0.0,4e-05
Nimrat Gopal,6,0.0001,0.0,0.0,4e-05
Sneha Sengupta,6,0.0001,0.0,0.0,4e-05
Yutika Goswami,6,0.0001,0.0,0.0,4e-05
Mohini Balakrishnan,7,0.0001,0.0,0.0,4e-05
Yutika Garde,7,0.0001,0.0,0.0,4e-05
Garima Venkatesh,6,0.0001,0.0,0.0,4e-05
Anusha Savant,6,0.0001,0.0,0.0,4e-05
Patrick Dara,6,0.0001,0.0,0.0,4e-05
Urmi D’Alia,6,0.0001,0.0,0.0,4e-05
Ekavir Khurana,6,0.0001,0.0,0.0,4e-05
Banjeet Halder,6,0.0001,0.0,0.0,4e-05
Vasana Soni,6,0.0001,0.0,0.0,4e-05
Jason Mistry,6,0.0001,0.0,0.0,4e-05
Bahadurjit Bhagat,6,0.0001,0.0,0.0,4e-05
Noah Chopra,6,0.0001,0.0,0.0,4e-05
Yuvraj Upadhyay,6,0.0001,0.0,0.0,4e-05
Riya Sood,6,0.0001,0.0,0.0,4e-05
Urmi Pingle,6,0.0001,0.0,0.0,4e-05
Bishakha Shroff,6,0.0001,0.0,0.0,4e-05
Kashish Choudhry,6,0.0001,0.0,0.0,4e-05
Jeet Savant,6,0.0001,0.0,0.0,4e-05
Urmi Raman,6,0.0001,0.0,0.0,4e-05
Advaith Tailor,6,0.0001,0.0,0.0,4e-05
Darpan Bajwa,6,0.0001,0.0,0.0,4e-05
Amol Gade,7,0.0001,0.0,0.0,4e-05
Guneet Konda,6,0.0001,0.0,0.0,4e-05
Bhavya Manda,6,0.0001,0.0,0.0,4e-05
Chanakya Mody,6,0.0001,0.0,0.0,4e-05
Benjamin Bath,6,0.0001,0.0,0.0,4e-05
Gaurika Parsa,6,0.0001,0.0,0.0,4e-05
Kevin Chaudhry,6,0.0001,0.0,0.0,4e-05
Frado Gade,6,0.0001,0.0,0.0,4e-05
Brinda Kalita,6,0.0001,0.0,0.0,4e-05
Rachita Borde,6,0.0001,0.0,0.0,4e-05
Faras Aggarwal,7,0.0001,0.0,0.0,4e-05
Onveer Balakrishnan,6,0.0001,0.0,0.0,4e-05
Sathvik Rajagopal,6,0.0001,0.0,0.0,4e-05
Arunima Rai,6,0.0001,0.0,0.0,4e-05
Peter Sagar,7,0.0001,0.0,0.0,4e-05
Yash Hari,6,0.0001,0.0,0.0,4e-05
Jairaj Dey,6,0.0001,0.0,0.0,4e-05
Ethan Raman,6,0.0001,0.0,0.0,4e-05
Anmol Parmer,6,0.0001,0.0,0.0,4e-05
Yagnesh Oak,6,0.0001,0.0,0.0,4e-05
Hiral Gade,6,0.0001,0.0,0.0,4e-05
Wahab Bava,7,0.0001,0.0,0.0,4e-05
Jagdish Bhatti,6,0.0001,0.0,0.0,4e-05
Jalsa Dass,6,0.0001,0.0,0.0,4e-05
Upma Dubey,6,0.0001,0.0,0.0,4e-05
Vihaan Rastogi,6,0.0001,0.0,0.0,4e-05
Vihaan Mahal,6,0.0001,0.0,0.0,4e-05
Orinder Misra,6,0.0001,0.0,0.0,4e-05
Vritti Ray,6,0.0001,0.0,0.0,4e-05
Tanay Sandal,6,0.0001,0.0,0.0,4e-05
Eshana Setty,6,0.0001,0.0,0.0,4e-05
Chandresh Sankar,7,0.0001,0.0,0.0,4e-05
Darsh Joshi,6,0.0001,0.0,0.0,4e-05
Indira Ganesh,6,0.0001,0.0,0.0,4e-05
Dalbir Banerjee,6,0.0001,0.0,0.0,4e-05
Bhavya Bhasin,6,0.0001,0.0,0.0,4e-05
Vasudha Mandal,6,0.0001,0.0,0.0,4e-05
Avni Chatterjee,6,0.0001,0.0,0.0,4e-05
Vrishti Boase,6,0.0001,0.0,0.0,4e-05
Sara Vig,6,0.0001,0.0,0.0,4e-05
Riya Parmer,6,0.0001,0.0,0.0,4e-05
Divya Taneja,6,0.0001,0.0,0.0,4e-05
Agastya Tailor,6,0.0001,0.0,0.0,4e-05
Onkar Parekh,6,0.0001,0.0,0.0,4e-05
Amara Shah,6,0.0001,0.0,0.0,4e-05
Janani Chatterjee,6,0.0001,0.0,0.0,4e-05
Balvan Dugar,6,0.0001,0.0,0.0,4e-05
Vedant Mall,6,0.0001,0.0,0.0,4e-05
Victor Mital,6,0.0001,0.0,0.0,4e-05
Varenya Tank,6,0.0001,0.0,0.0,4e-05
Aadhya Chopra,6,0.0001,0.0,0.0,4e-05
Chanchal Borah,6,0.0001,0.0,0.0,4e-05
Vasudha Baria,6,0.0001,0.0,0.0,4e-05
Harsh Bandi,6,0.0001,0.0,0.0,4e-05
Watika Hayer,6,0.0001,0.0,0.0,4e-05
Ekansh Pandya,7,0.0001,0.0,0.0,4e-05
Anika Wable,6,0.0001,0.0,0.0,4e-05
Anamika Pall,6,0.0001,0.0,0.0,4e-05
Isaac Chokshi,6,0.0001,0.0,0.0,4e-05
Leela Kapoor,7,0.0001,0.0,0.0,4e-05
Jacob Lal,6,0.0001,0.0,0.0,4e-05
Samar Kata,6,0.0001,0.0,0.0,4e-05
Devika Merchant,6,0.0001,0.0,0.0,4e-05
Shaurya Bir,6,0.0001,0.0,0.0,4e-05
Ayushman Nath,6,0.0001,0.0,0.0,4e-05
Laban Cheema,6,0.0001,0.0,0.0,4e-05
Eshana Dewan,6,0.0001,0.0,0.0,4e-05
Atharv Murthy,6,0.0001,0.0,0.0,4e-05
Charan Solanki,6,0.0001,0.0,0.0,4e-05
Geetika Gandhi,6,0.0001,0.0,0.0,4e-05
Widisha Bahl,6,0.0001,0.0,0.0,4e-05
Zinal Sekhon,6,0.0001,0.0,0.0,4e-05
Pranav Swaminathan,6,0.0001,0.0,0.0,4e-05
Gautami Walia,6,0.0001,0.0,0.0,4e-05
Rudra Salvi,6,0.0001,0.0,0.0,4e-05
Arunima Kothari,6,0.0001,0.0,0.0,4e-05
Saanvi Naidu,6,0.0001,0.0,0.0,4e-05
Advaith Dara,6,0.0001,0.0,0.0,4e-05
Faris Rao,6,0.0001,0.0,0.0,4e-05
Krishna Prabhu,6,0.0001,0.0,0.0,4e-05
Wyatt Deep,6,0.0001,0.0,0.0,4e-05
Janani Bhavsar,6,0.0001,0.0,0.0,4e-05
Samuel Sastry,6,0.0001,0.0,0.0,4e-05
Tejas Sagar,6,0.0001,0.0,0.0,4e-05
Abdul Borah,6,0.0001,0.0,0.0,4e-05
Madhavi Mahal,6,0.0001,0.0,0.0,4e-05
Abhimanyu Ramesh,6,0.0001,0.0,0.0,4e-05
Lakshit Tak,6,0.0001,0.0,0.0,4e-05
Baljiwan Sekhon,7,0.0001,0.0,0.0,4e-05
Odika Upadhyay,6,0.0001,0.0,0.0,4e-05
Upma Setty,7,0.0001,0.0,0.0,4e-05
Jonathan Wali,6,0.0001,0.0,0.0,4e-05
Chaaya Bhat,7,0.0001,0.0,0.0,4e-05
Dalbir Bhavsar,6,0.0001,0.0,0.0,4e-05
Ranveer Kibe,6,0.0001,0.0,0.0,4e-05
Nilima Dhar,6,0.0001,0.0,0.0,4e-05
Fiyaz Patla,6,0.0001,0.0,0.0,4e-05
Gautami Shere,6,0.0001,0.0,0.0,4e-05
Lekha Aurora,6,0.0001,0.0,0.0,4e-05
Raagini Nagi,7,0.0001,0.0,0.0,4e-05
Onkar Parmer,6,0.0001,0.0,0.0,4e-05
George Yohannan,6,0.0001,0.0,0.0,4e-05
Gavin Panchal,7,0.0001,0.0,0.0,4e-05
Chavvi Pal,6,0.0001,0.0,0.0,4e-05
Tara Nigam,6,0.0001,0.0,0.0,4e-05
Hredhaan Sahni,6,0.0001,0.0,0.0,4e-05
Vrinda Seshadri,6,0.0001,0.0,0.0,4e-05
Oni Doshi,6,0.0001,0.0,0.0,4e-05
Yachana Mammen,6,0.0001,0.0,0.0,4e-05
Nidhi Reddy,6,0.0001,0.0,0.0,4e-05
Balhaar Warrior,6,0.0001,0.0,0.0,4e-05
Samuel Comar,6,0.0001,0.0,0.0,4e-05
Zehaan Sami,6,0.0001,0.0,0.0,4e-05
Sanya Sachdeva,6,0.0001,0.0,0.0,4e-05
Darpan Rama,6,0.0001,0.0,0.0,4e-05
Sudiksha Kurian,6,0.0001,0.0,0.0,4e-05
Udyati De,6,0.0001,0.0,0.0,4e-05
Bimala Amble,6,0.0001,0.0,0.0,4e-05
Akshay Dutt,6,0.0001,0.0,0.0,4e-05
Aadhya Anand,6,0.0001,0.0,0.0,4e-05
Lucky Sami,6,0.0001,0.0,0.0,4e-05
Faqid Tandon,6,0.0001,0.0,0.0,4e-05
Yamini Thaman,6,0.0001,0.0,0.0,4e-05
Akshay Mand,7,0.0001,0.0,0.0,4e-05
Leena Srivastava,6,0.0001,0.0,0.0,4e-05
Balvan Vohra,6,0.0001,0.0,0.0,4e-05
Naveen Ravi,6,0.0001,0.0,0.0,4e-05
Yatin Mand,6,0.0001,0.0,0.0,4e-05
Pooja Goda,6,0.0001,0.0,0.0,4e-05
Darpan Edwin,6,0.0001,0.0,0.0,4e-05
Nitara Sant,6,0.0001,0.0,0.0,4e-05
Odika Lad,6,0.0001,0.0,0.0,4e-05
Jack Rastogi,6,0.0001,0.0,0.0,4e-05
Warda Kaur,6,0.0001,0.0,0.0,4e-05
Upasna Palan,6,0.0001,0.0,0.0,4e-05
Varenya Venkatesh,6,0.0001,0.0,0.0,4e-05
Imaran Sethi,6,0.0001,0.0,0.0,4e-05
Balveer Behl,6,0.0001,0.0,0.0,4e-05
Hema Bhatia,6,0.0001,0.0,0.0,4e-05
Naveen Gola,6,0.0001,0.0,0.0,4e-05
Udant Gokhale,6,0.0001,0.0,0.0,4e-05
Ayaan Bandi,6,0.0001,0.0,0.0,4e-05
Utkarsh Aurora,6,0.0001,0.0,0.0,4e-05
Amruta Suri,6,0.0001,0.0,0.0,4e-05
Kashish Balay,6,0.0001,0.0,0.0,4e-05
Vasudha Guha,6,0.0001,0.0,0.0,4e-05
Sneha Chandra,6,0.0001,0.0,0.0,4e-05
Nitesh Naik,6,0.0001,0.0,0.0,4e-05
Jagat Subramaniam,6,0.0001,0.0,0.0,4e-05
Samar Saraf,6,0.0001,0.0,0.0,4e-05
Maya Sankar,6,0.0001,0.0,0.0,4e-05
Ekani Sachdeva,6,0.0001,0.0,0.0,4e-05
Arjun Hari,6,0.0001,0.0,0.0,4e-05
Yutika Pant,7,0.0001,0.0,0.0,4e-05
Shaurya Wason,7,0.0001,0.0,0.0,4e-05
Lucky Chahal,6,0.0001,0.0,0.0,4e-05
Osha Dar,6,0.0001,0.0,0.0,4e-05
Avni Buch,6,0.0001,0.0,0.0,4e-05
Rushil Shah,6,0.0001,0.0,0.0,4e-05
Zaid Keer,6,0.0001,0.0,0.0,4e-05
Ekanta Mall,6,0.0001,0.0,0.0,4e-05
Rajata Toor,6,0.0001,0.0,0.0,4e-05
Aryan Lanka,6,0.0001,0.0,0.0,4e-05
Mahika Shere,6,0.0001,0.0,0.0,4e-05
Vamakshi Mani,6,0.0001,0.0,0.0,4e-05
Ekaja Menon,6,0.0001,0.0,0.0,4e-05
Januja Shan,6,0.0001,0.0,0.0,4e-05
Banjeet Pandit,6,0.0001,0.0,0.0,4e-05
Anamika Arora,6,0.0001,0.0,0.0,4e-05
Chavvi Bhatnagar,6,0.0001,0.0,0.0,4e-05
Advik Aurora,6,0.0001,0.0,0.0,4e-05
Nathaniel Singh,7,0.0001,0.0,0.0,4e-05
Anvi Nagi,6,0.0001,0.0,0.0,4e-05
Sanaya Biswas,6,0.0001,0.0,0.0,4e-05
Forum Thaker,7,0.0001,0.0,0.0,4e-05
Bhavani Khare,6,0.0001,0.0,0.0,4e-05
Harsh Bajaj,6,0.0001,0.0,0.0,4e-05
Ladli Patil,6,0.0001,0.0,0.0,4e-05
Lavanya Lal,6,0.0001,0.0,0.0,4e-05
Ayaan Mahajan,6,0.0001,0.0,0.0,4e-05
Ojasvi Bir,6,0.0001,0.0,0.0,4e-05
Krishna Tak,6,0.0001,0.0,0.0,4e-05
Amruta Taneja,6,0.0001,0.0,0.0,4e-05
Chasmum Prakash,6,0.0001,0.0,0.0,4e-05
Tarak Prabhakar,6,0.0001,0.0,0.0,4e-05
Lila Bandi,6,0.0001,0.0,0.0,4e-05
Tripti Chahal,6,0.0001,0.0,0.0,4e-05
Chandresh Chowdhury,6,0.0001,0.0,0.0,4e-05
Ridhi D’Alia,6,0.0001,0.0,0.0,4e-05
Upma Raja,6,0.0001,0.0,0.0,4e-05
Sanya Nigam,6,0.0001,0.0,0.0,4e-05
Sathvik Sha,6,0.0001,0.0,0.0,4e-05
Lekha Date,6,0.0001,0.0,0.0,4e-05
Forum Virk,6,0.0001,0.0,0.0,4e-05
Chatresh Dar,6,0.0001,0.0,0.0,4e-05
Warinder Chakraborty,6,0.0001,0.0,0.0,4e-05
Pratyush Peri,6,0.0001,0.0,0.0,4e-05
Ayushman Jayaraman,6,0.0001,0.0,0.0,4e-05
Elijah Bhatnagar,6,0.0001,0.0,0.0,4e-05
Oeshi Rajagopalan,6,0.0001,0.0,0.0,4e-05
Widisha Gulati,6,0.0001,0.0,0.0,4e-05
Indira Sastry,7,0.0001,0.0,0.0,4e-05
Wishi Korpal,6,0.0001,0.0,0.0,4e-05
Osha Zacharia,6,0.0001,0.0,0.0,4e-05
Eiravati Bal,6,0.0001,0.0,0.0,4e-05
Tara Gala,6,0.0001,0.0,0.0,4e-05
Noah Dani,7,0.0001,0.0,0.0,4e-05
Anay Sankaran,6,0.0001,0.0,0.0,4e-05
Gaurang Shah,6,0.0001,0.0,0.0,4e-05
Chakradhar Ramachandran,6,0.0001,0.0,0.0,4e-05
Anvi Nanda,6,0.0001,0.0,0.0,4e-05
Praneel Goda,6,0.0001,0.0,0.0,4e-05
Vyanjana Gupta,6,0.0001,0.0,0.0,4e-05
Sneha Srivastava,6,0.0001,0.0,0.0,4e-05
Nitara More,6,0.0001,0.0,0.0,4e-05
Gayathri Anne,7,0.0001,0.0,0.0,4e-05
Frederick Banik,6,0.0001,0.0,0.0,4e-05
Bhanumati Bose,6,0.0001,0.0,0.0,4e-05
Logan Parmar,7,0.0001,0.0,0.0,4e-05
Naksh Wason,6,0.0001,0.0,0.0,4e-05
Shivani Chana,6,0.0001,0.0,0.0,4e-05
Chaman Khurana,6,0.0001,0.0,0.0,4e-05
Maanas Devan,6,0.0001,0.0,0.0,4e-05
Omisha Kara,7,0.0001,0.0,0.0,4e-05
Aachal Yogi,6,0.0001,0.0,0.0,4e-05
Joshua Thaman,6,0.0001,0.0,0.0,4e-05
Banjeet Thaman,6,0.0001,0.0,0.0,4e-05
Nirja Gill,6,0.0001,0.0,0.0,4e-05
Anjali Srivastava,6,0.0001,0.0,0.0,4e-05
Aarush Chhabra,6,0.0001,0.0,0.0,4e-05
Kiaan Palla,7,0.0001,0.0,0.0,4e-05
Edhitha Bahl,6,0.0001,0.0,0.0,4e-05
Hemani Shukla,6,0.0001,0.0,0.0,4e-05
Agastya Tripathi,6,0.0001,0.0,0.0,4e-05
Leela Bail,6,0.0001,0.0,0.0,4e-05
Yahvi Agrawal,6,0.0001,0.0,0.0,4e-05
Pallavi Dani,6,0.0001,0.0,0.0,4e-05
Turvi Mannan,6,0.0001,0.0,0.0,4e-05
Aarnav Lala,6,0.0001,0.0,0.0,4e-05
Avi Gupta,6,0.0001,0.0,0.0,4e-05
Yug Kohli,6,0.0001,0.0,0.0,4e-05
Divya Arya,6,0.0001,0.0,0.0,4e-05
Saksham Dasgupta,7,0.0001,0.0,0.0,4e-05
Max Toor,6,0.0001,0.0,0.0,4e-05
Anjali Sengupta,7,0.0001,0.0,0.0,4e-05
Omaja Dutt,6,0.0001,0.0,0.0,4e-05
Robert Sodhi,6,0.0001,0.0,0.0,4e-05
Kashvi Padmanabhan,6,0.0001,0.0,0.0,4e-05
Osha Sathe,6,0.0001,0.0,0.0,4e-05
Robert Dalal,6,0.0001,0.0,0.0,4e-05
Nilima Dyal,6,0.0001,0.0,0.0,4e-05
Teerth Bhatt,6,0.0001,0.0,0.0,4e-05
Forum Sant,6,0.0001,0.0,0.0,4e-05
Darpan Bhavsar,6,0.0001,0.0,0.0,4e-05
Jhalak Bail,6,0.0001,0.0,0.0,4e-05
Raagini Master,6,0.0001,0.0,0.0,4e-05
Ekbal Pal,6,0.0001,0.0,0.0,4e-05
Meghana Zachariah,6,0.0001,0.0,0.0,4e-05
Baljiwan Batta,6,0.0001,0.0,0.0,4e-05
Imaran Raghavan,6,0.0001,0.0,0.0,4e-05
Odika Dyal,7,0.0001,0.0,0.0,4e-05
Ijaya Sood,6,0.0001,0.0,0.0,4e-05
Jasmit Nayar,6,0.0001,0.0,0.0,4e-05
Jonathan Naik,6,0.0001,0.0,0.0,4e-05
Parth Sawhney,6,0.0001,0.0,0.0,4e-05
Meera Dhillon,6,0.0001,0.0,0.0,4e-05
Oliver Kalla,6,0.0001,0.0,0.0,4e-05
Henry Dhaliwal,6,0.0001,0.0,0.0,4e-05
Ekaja Barad,6,0.0001,0.0,0.0,4e-05
Jhalak Morar,6,0.0001,0.0,0.0,4e-05
Bhavini Kamdar,6,0.0001,0.0,0.0,4e-05
Gauri Deshpande,6,0.0001,0.0,0.0,4e-05
Upkaar Master,6,0.0001,0.0,0.0,4e-05
Damyanti Varma,6,0.0001,0.0,0.0,4e-05
Daniel Chhabra,6,0.0001,0.0,0.0,4e-05
Anay Kala,7,0.0001,0.0,0.0,4e-05
Vasudha Khurana,6,0.0001,0.0,0.0,4e-05
Tanvi Warrior,6,0.0001,0.0,0.0,4e-05
Idika Dass,6,0.0001,0.0,0.0,4e-05
Nitara Barad,6,0.0001,0.0,0.0,4e-05
Amara Gola,6,0.0001,0.0,0.0,4e-05
Bimala Mitter,6,0.0001,0.0,0.0,4e-05
Nirja Saxena,6,0.0001,0.0,0.0,4e-05
Dev Chanda,6,0.0001,0.0,0.0,4e-05
Mitesh Lanka,6,0.0001,0.0,0.0,4e-05
Zaitra Patel,6,0.0001,0.0,0.0,4e-05
Aarini Taneja,6,0.0001,0.0,0.0,4e-05
Darsh Soni,6,0.0001,0.0,0.0,4e-05
Manan Gokhale,6,0.0001,0.0,0.0,4e-05
Nachiket Lanka,6,0.0001,0.0,0.0,4e-05
Yatan Chauhan,6,0.0001,0.0,0.0,4e-05
Reva Sandal,6,0.0001,0.0,0.0,4e-05
Dalbir Chandran,6,0.0001,0.0,0.0,4e-05
Triveni Oak,6,0.0001,0.0,0.0,4e-05
Nathaniel Agate,6,0.0001,0.0,0.0,4e-05
Janani Ganesan,6,0.0001,0.0,0.0,4e-05
Sai Parekh,6,0.0001,0.0,0.0,4e-05
Riya Chaudhari,6,0.0001,0.0,0.0,4e-05
Vrinda Natt,6,0.0001,0.0,0.0,4e-05
Janya Sahota,6,0.0001,0.0,0.0,4e-05
Odika Tiwari,6,0.0001,0.0,0.0,4e-05
Zashil Varkey,6,0.0001,0.0,0.0,4e-05
Indali Kannan,6,0.0001,0.0,0.0,4e-05
Meghana Vohra,6,0.0001,0.0,0.0,4e-05
Tanmayi Issac,6,0.0001,0.0,0.0,4e-05
Yamini Luthra,6,0.0001,0.0,0.0,4e-05
Ishaan Korpal,6,0.0001,0.0,0.0,4e-05
Kala Chad,6,0.0001,0.0,0.0,4e-05
Aradhana Ganguly,6,0.0001,0.0,0.0,4e-05
Kritika Uppal,6,0.0001,0.0,0.0,4e-05
Bhanumati Ranganathan,6,0.0001,0.0,0.0,4e-05
Rajata Bhakta,6,0.0001,0.0,0.0,4e-05
Qarin Bhasin,6,0.0001,0.0,0.0,4e-05
Ekapad Bir,6,0.0001,0.0,0.0,4e-05
Riya Chauhan,6,0.0001,0.0,0.0,4e-05
Gayathri Mital,6,0.0001,0.0,0.0,4e-05
Amruta Vala,7,0.0001,0.0,0.0,4e-05
Jeevika Maharaj,6,0.0001,0.0,0.0,4e-05
Tanveer Saha,6,0.0001,0.0,0.0,4e-05
Farhan Gour,6,0.0001,0.0,0.0,4e-05
Ijaya Dube,6,0.0001,0.0,0.0,4e-05
Harsh Bhattacharyya,6,0.0001,0.0,0.0,4e-05
Girik Narain,6,0.0001,0.0,0.0,4e-05
Thomas Tata,6,0.0001,0.0,0.0,4e-05
Ojas Dalal,6,0.0001,0.0,0.0,4e-05
Tamanna Nayak,6,0.0001,0.0,0.0,4e-05
Ria Vala,6,0.0001,0.0,0.0,4e-05
Chasmum Singhal,6,0.0001,0.0,0.0,4e-05
Chavvi Viswanathan,6,0.0001,0.0,0.0,4e-05
Karan Kari,6,0.0001,0.0,0.0,4e-05
Harita Mohanty,6,0.0001,0.0,0.0,4e-05
Raksha Badal,6,0.0001,0.0,0.0,4e-05
Leela Prabhu,6,0.0001,0.0,0.0,4e-05
Gaurang Vala,6,0.0001,0.0,0.0,4e-05
Janani Gole,6,0.0001,0.0,0.0,4e-05
Nathaniel Panchal,6,0.0001,0.0,0.0,4e-05
Aayush Soni,6,0.0001,0.0,0.0,4e-05
Warda Kumar,6,0.0001,0.0,0.0,4e-05
Falguni Sura,6,0.0001,0.0,0.0,4e-05
Ria Shere,6,0.0001,0.0,0.0,4e-05
Vedhika Goswami,6,0.0001,0.0,0.0,4e-05
Jagrati Maharaj,6,0.0001,0.0,0.0,4e-05
Pranav Saxena,6,0.0001,0.0,0.0,4e-05
Omisha Bakshi,6,0.0001,0.0,0.0,4e-05
Nicholas Vala,6,0.0001,0.0,0.0,4e-05
Simon Sidhu,6,0.0001,0.0,0.0,4e-05
Avni Dara,6,0.0001,0.0,0.0,4e-05
Teerth Natt,6,0.0001,0.0,0.0,4e-05
Januja Padmanabhan,6,0.0001,0.0,0.0,4e-05
Karan Biswas,6,0.0001,0.0,0.0,4e-05
Maanas Setty,6,0.0001,0.0,0.0,4e-05
Samuel Minhas,6,0.0001,0.0,0.0,4e-05
Udant Rastogi,6,0.0001,0.0,0.0,4e-05
Elijah Shere,6,0.0001,0.0,0.0,4e-05
Harish Bath,6,0.0001,0.0,0.0,4e-05
Ishani Boase,6,0.0001,0.0,0.0,4e-05
Jagrati Ganesan,6,0.0001,0.0,0.0,4e-05
Patrick Yadav,6,0.0001,0.0,0.0,4e-05
Samuel Divan,6,0.0001,0.0,0.0,4e-05
Damyanti Manne,6,0.0001,0.0,0.0,4e-05
Zashil Date,6,0.0001,0.0,0.0,4e-05
Gunbir Zacharia,6,0.0001,0.0,0.0,4e-05
Urmi Borde,6,0.0001,0.0,0.0,4e-05
Krisha Edwin,6,0.0001,0.0,0.0,4e-05
Bakhshi Wable,6,0.0001,0.0,0.0,4e-05
Yasti Muni,7,0.0001,0.0,0.0,4e-05
Jeet Mammen,6,0.0001,0.0,0.0,4e-05
Nihal Palan,6,0.0001,0.0,0.0,4e-05
Osha Borde,6,0.0001,0.0,0.0,4e-05
Parth Hayer,6,0.0001,0.0,0.0,4e-05
Sanaya Sarkar,6,0.0001,0.0,0.0,4e-05
Vanya Reddy,6,0.0001,0.0,0.0,4e-05
Jasmit Bhasin,6,0.0001,0.0,0.0,4e-05
Dayita Kari,6,0.0001,0.0,0.0,4e-05
Manthan Uppal,6,0.0001,0.0,0.0,4e-05
Aachal Kapadia,7,0.0001,0.0,0.0,4e-05
Abhimanyu Hans,7,0.0001,0.0,0.0,4e-05
Yasti Garg,6,0.0001,0.0,0.0,4e-05
Kamya Dugal,6,0.0001,0.0,0.0,4e-05
Nitesh Patil,6,0.0001,0.0,0.0,4e-05
Udarsh Chopra,6,0.0001,0.0,0.0,4e-05
Xalak Vaidya,6,0.0001,0.0,0.0,4e-05
Barkha Karan,6,0.0001,0.0,0.0,4e-05
Veda Hegde,6,0.0001,0.0,0.0,4e-05
Madhav Uppal,6,0.0001,0.0,0.0,4e-05
Yash Chada,6,0.0001,0.0,0.0,4e-05
Nathaniel Das,6,0.0001,0.0,0.0,4e-05
Qasim Bassi,6,0.0001,0.0,0.0,4e-05
Advik Agarwal,6,0.0001,0.0,0.0,4e-05
Rishi Agate,6,0.0001,0.0,0.0,4e-05
Victor Kari,6,0.0001,0.0,0.0,4e-05
Maanas Sethi,6,0.0001,0.0,0.0,4e-05
Qadim Ramachandran,7,0.0001,0.0,0.0,4e-05
Nimrat Nagi,6,0.0001,0.0,0.0,4e-05
Riya Acharya,6,0.0001,0.0,0.0,4e-05
Jonathan Sengupta,6,0.0001,0.0,0.0,4e-05
Champak Kata,7,0.0001,0.0,0.0,4e-05
Maanav Kaul,7,0.0001,0.0,0.0,4e-05
Reyansh Mammen,6,0.0001,0.0,0.0,4e-05
Ira Wali,6,0.0001,0.0,0.0,4e-05
Omya Ahuja,7,0.0001,0.0,0.0,4e-05
Reva Keer,6,0.0001,0.0,0.0,4e-05
Sara Bhakta,6,0.0001,0.0,0.0,4e-05
Indrajit Sastry,7,0.0001,0.0,0.0,4e-05
Udant Ratti,6,0.0001,0.0,0.0,4e-05
Lekha Handa,6,0.0001,0.0,0.0,4e-05
Shivansh Nanda,6,0.0001,0.0,0.0,4e-05
Advaith Ray,6,0.0001,0.0,0.0,4e-05
Kritika Batta,6,0.0001,0.0,0.0,4e-05
Krishna Kanda,7,0.0001,0.0,0.0,4e-05
Ria Soman,6,0.0001,0.0,0.0,4e-05
Krishna Ahluwalia,7,0.0001,0.0,0.0,4e-05
Dominic Ganguly,6,0.0001,0.0,0.0,4e-05
Mitali Sani,6,0.0001,0.0,0.0,4e-05
Krisha De,6,0.0001,0.0,0.0,4e-05
Bishakha Virk,6,0.0001,0.0,0.0,4e-05
Neel Dasgupta,6,0.0001,0.0,0.0,4e-05
Damini Pandit,6,0.0001,0.0,0.0,4e-05
Waida Zachariah,6,0.0001,0.0,0.0,4e-05
Leela Rastogi,6,0.0001,0.0,0.0,4e-05
Teerth Dutta,6,0.0001,0.0,0.0,4e-05
Rohan Sule,6,0.0001,0.0,0.0,4e-05
Yashawini Chada,6,0.0001,0.0,0.0,4e-05
Inaya Rama,6,0.0001,0.0,0.0,4e-05
Banjeet Sharma,6,0.0001,0.0,0.0,4e-05
Kashvi Suresh,6,0.0001,0.0,0.0,4e-05
Shivani Kala,6,0.0001,0.0,0.0,4e-05
Bimala Sehgal,6,0.0001,0.0,0.0,4e-05
Lopa Sandhu,6,0.0001,0.0,0.0,4e-05
Arunima Raj,6,0.0001,0.0,0.0,4e-05
Simon Choudhary,7,0.0001,0.0,0.0,4e-05
Brijesh Shere,6,0.0001,0.0,0.0,4e-05
Odika Seth,6,0.0001,0.0,0.0,4e-05
Vedika Bhalla,6,0.0001,0.0,0.0,4e-05
Gauri Vyas,6,0.0001,0.0,0.0,4e-05
Saksham Sur,6,0.0001,0.0,0.0,4e-05
Ishani Sunder,6,0.0001,0.0,0.0,4e-05
Chasmum Chadha,6,0.0001,0.0,0.0,4e-05
Saanvi Wason,6,0.0001,0.0,0.0,4e-05
Sai Sachdeva,6,0.0001,0.0,0.0,4e-05
Timothy Dar,6,0.0001,0.0,0.0,4e-05
Logan Tara,6,0.0001,0.0,0.0,4e-05
Advaith Bala,6,0.0001,0.0,0.0,4e-05
Liam Chaudhuri,6,0.0001,0.0,0.0,4e-05
Girish Narayan,6,0.0001,0.0,0.0,4e-05
Yoshita Goda,6,0.0001,0.0,0.0,4e-05
Harini Baral,6,0.0001,0.0,0.0,4e-05
Forum Bedi,6,0.0001,0.0,0.0,4e-05
Janaki Barad,6,0.0001,0.0,0.0,4e-05
Jatin Sastry,6,0.0001,0.0,0.0,4e-05
Kashish Pai,6,0.0001,0.0,0.0,4e-05
Devansh Mand,6,0.0001,0.0,0.0,4e-05
Thomas Chad,6,0.0001,0.0,0.0,4e-05
Omisha Kapoor,6,0.0001,0.0,0.0,4e-05
Rayaan Warrior,6,0.0001,0.0,0.0,4e-05
Kashvi Kashyap,6,0.0001,0.0,0.0,4e-05
Ati Dube,6,0.0001,0.0,0.0,4e-05
Yadavi Manda,6,0.0001,0.0,0.0,4e-05
Wriddhish Acharya,6,0.0001,0.0,0.0,4e-05
Arjun Sagar,6,0.0001,0.0,0.0,4e-05
Wridesh Batta,6,0.0001,0.0,0.0,4e-05
Maanas Raghavan,6,0.0001,0.0,0.0,4e-05
Adweta Om,6,0.0001,0.0,0.0,4e-05
Harinakshi Nadkarni,6,0.0001,0.0,0.0,4e-05
Anay Gera,6,0.0001,0.0,0.0,4e-05
Ira Dutta,6,0.0001,0.0,0.0,4e-05
Jalsa Mander,6,0.0001,0.0,0.0,4e-05
Harish Upadhyay,6,0.0001,0.0,0.0,4e-05
Faras Bali,6,0.0001,0.0,0.0,4e-05
Reva Dani,6,0.0001,0.0,0.0,4e-05
Hiral Sama,6,0.0001,0.0,0.0,4e-05
Kevin Kurian,6,0.0001,0.0,0.0,4e-05
Odika Mutti,6,0.0001,0.0,0.0,4e-05
Garima Tailor,6,0.0001,0.0,0.0,4e-05
Osha Madan,6,0.0001,0.0,0.0,4e-05
Januja Malhotra,6,0.0001,0.0,0.0,4e-05
Yochana Kar,6,0.0001,0.0,0.0,4e-05
Hemangini Mistry,7,0.0001,0.0,0.0,4e-05
Riya Magar,6,0.0001,0.0,0.0,4e-05
Kala Wagle,6,0.0001,0.0,0.0,4e-05
Kashvi Naidu,6,0.0001,0.0,0.0,4e-05
Tanish Shah,7,0.0001,0.0,0.0,4e-05
Jhalak Wable,6,0.0001,0.0,0.0,4e-05
Yatin Dixit,6,0.0001,0.0,0.0,4e-05
Maanav Maharaj,6,0.0001,0.0,0.0,4e-05
Logan Kamdar,7,0.0001,0.0,0.0,4e-05
Chakradhar Memon,7,0.0001,0.0,0.0,4e-05
Kritika Wagle,6,0.0001,0.0,0.0,4e-05
Yachana Gokhale,6,0.0001,0.0,0.0,4e-05
Falguni Talwar,6,0.0001,0.0,0.0,4e-05
Indira Saxena,6,0.0001,0.0,0.0,4e-05
Lucky Gupta,6,0.0001,0.0,0.0,4e-05
Devika Mani,6,0.0001,0.0,0.0,4e-05
Amaira Solanki,6,0.0001,0.0,0.0,4e-05
Wishi Kant,6,0.0001,0.0,0.0,4e-05
Faqid Mohan,7,0.0001,0.0,0.0,4e-05
Zansi Raja,6,0.0001,0.0,0.0,4e-05
Naveen Jayaraman,6,0.0001,0.0,0.0,4e-05
Oscar Mutti,6,0.0001,0.0,0.0,4e-05
Ekanta Salvi,6,0.0001,0.0,0.0,4e-05
Ikshita Balakrishnan,6,0.0001,0.0,0.0,4e-05
Zashil Barad,7,0.0001,0.0,0.0,4e-05
Anthony Brar,6,0.0001,0.0,0.0,4e-05
Manthan D’Alia,6,0.0001,0.0,0.0,4e-05
Avi Sahota,6,0.0001,0.0,0.0,4e-05
Harsh Raja,6,0.0001,0.0,0.0,4e-05
Hritik Golla,6,0.0001,0.0,0.0,4e-05
Nimrat Puri,6,0.0001,0.0,0.0,4e-05
Chameli Dhingra,6,0.0001,0.0,0.0,4e-05
Dhriti Rout,6,0.0001,0.0,0.0,4e-05
Chandresh Nadkarni,6,0.0001,0.0,0.0,4e-05
Jeevika Mistry,7,0.0001,0.0,0.0,4e-05
Kalpit Gara,6,0.0001,0.0,0.0,4e-05
Watika Chandran,6,0.0001,0.0,0.0,4e-05
Fariq Chaudhary,6,0.0001,0.0,0.0,4e-05
Turvi Barman,6,0.0001,0.0,0.0,4e-05
Xavier Ben,6,0.0001,0.0,0.0,4e-05
Brinda Roy,6,0.0001,0.0,0.0,4e-05
Samarth Raman,6,0.0001,0.0,0.0,4e-05
Nidhi Khare,6,0.0001,0.0,0.0,4e-05
Yahvi Tella,6,0.0001,0.0,0.0,4e-05
Andrew Mannan,6,0.0001,0.0,0.0,4e-05
Samuel Bhavsar,6,0.0001,0.0,0.0,4e-05
Yashica Nayar,6,0.0001,0.0,0.0,4e-05
Falak Srivastava,6,0.0001,0.0,0.0,4e-05
George Majumdar,6,0.0001,0.0,0.0,4e-05
Ekapad Yohannan,6,0.0001,0.0,0.0,4e-05
Deepa Salvi,6,0.0001,0.0,0.0,4e-05
Ranbir Wali,6,0.0001,0.0,0.0,4e-05
Darpan Dada,6,0.0001,0.0,0.0,4e-05
Edhitha Sanghvi,7,0.0001,0.0,0.0,4e-05
Irya Thakkar,6,0.0001,0.0,0.0,4e-05
Ayush Misra,7,0.0001,0.0,0.0,4e-05
Tanay Arora,6,0.0001,0.0,0.0,4e-05
Zarna Deshpande,6,0.0001,0.0,0.0,4e-05
Osha Sur,6,0.0001,0.0,0.0,4e-05
Ubika Jha,6,0.0001,0.0,0.0,4e-05
Chasmum Kaul,6,0.0001,0.0,0.0,4e-05
Advay Murty,6,0.0001,0.0,0.0,4e-05
Indira Rastogi,6,0.0001,0.0,0.0,4e-05
Rohan Gokhale,6,0.0001,0.0,0.0,4e-05
Darika Vyas,6,0.0001,0.0,0.0,4e-05
Harshil Narang,6,0.0001,0.0,0.0,4e-05
Jeevika Varma,6,0.0001,0.0,0.0,4e-05
Oliver Sodhi,6,0.0001,0.0,0.0,4e-05
Vidhi Garde,6,0.0001,0.0,0.0,4e-05
Yachana Prasad,6,0.0001,0.0,0.0,4e-05
Janaki Nadkarni,7,0.0001,0.0,0.0,4e-05
Vrinda Bakshi,6,0.0001,0.0,0.0,4e-05
Qadim Nadig,6,0.0001,0.0,0.0,4e-05
Anjali Saxena,6,0.0001,0.0,0.0,4e-05
Tarak Deo,6,0.0001,0.0,0.0,4e-05
Ekani Vala,6,0.0001,0.0,0.0,4e-05
Jagvi Dayal,6,0.0001,0.0,0.0,4e-05
Harinakshi Bhagat,7,0.0001,0.0,0.0,4e-05
Chaaya Sastry,6,0.0001,0.0,0.0,4e-05
Ekapad Mutti,6,0.0001,0.0,0.0,4e-05
Ekanta Edwin,6,0.0001,0.0,0.0,4e-05
Advaith Thaman,6,0.0001,0.0,0.0,4e-05
Wakeeta Raja,6,0.0001,0.0,0.0,4e-05
Tara Khatri,6,0.0001,0.0,0.0,4e-05
Aryan Oak,7,0.0001,0.0,0.0,4e-05
Dev Tak,6,0.0001,0.0,0.0,4e-05
Nisha Badal,6,0.0001,0.0,0.0,4e-05
Ubika Thaman,6,0.0001,0.0,0.0,4e-05
Yutika Choudhary,7,0.0001,0.0,0.0,4e-05
Bhavya Grover,6,0.0001,0.0,0.0,4e-05
Varenya Buch,6,0.0001,0.0,0.0,4e-05
Ekapad Mander,6,0.0001,0.0,0.0,4e-05
Sai Sundaram,6,0.0001,0.0,0.0,4e-05
Azaan Kamdar,7,0.0001,0.0,0.0,4e-05
Amol Rajan,6,0.0001,0.0,0.0,4e-05
Vamakshi Malhotra,6,0.0001,0.0,0.0,4e-05
Veda Sabharwal,6,0.0001,0.0,0.0,4e-05
Baljiwan Ahluwalia,6,0.0001,0.0,0.0,4e-05
Rishi Gade,6,0.0001,0.0,0.0,4e-05
Wazir More,6,0.0001,0.0,0.0,4e-05
Aradhana Jaggi,6,0.0001,0.0,0.0,4e-05
Balvan Bail,6,0.0001,0.0,0.0,4e-05
Vinaya Lalla,6,0.0001,0.0,0.0,4e-05
Quincy Gola,6,0.0001,0.0,0.0,4e-05
Warjas Bhandari,6,0.0001,0.0,0.0,4e-05
Bishakha Sankar,6,0.0001,0.0,0.0,4e-05
Sarthak Chandra,6,0.0001,0.0,0.0,4e-05
Darpan Talwar,6,0.0001,0.0,0.0,4e-05
Ucchal Goel,6,0.0001,0.0,0.0,4e-05
Noah Bora,6,0.0001,0.0,0.0,4e-05
Aachal Prabhakar,6,0.0001,0.0,0.0,4e-05
Finn Gala,6,0.0001,0.0,0.0,4e-05
Yug Dass,6,0.0001,0.0,0.0,4e-05
Vansha Dhawan,6,0.0001,0.0,0.0,4e-05
Aachal Mandal,6,0.0001,0.0,0.0,4e-05
Lipika Dara,6,0.0001,0.0,0.0,4e-05
Bhavna Baria,6,0.0001,0.0,0.0,4e-05
Sachi Om,6,0.0001,0.0,0.0,4e-05
Neha Kanda,6,0.0001,0.0,0.0,4e-05
Unni Shan,6,0.0001,0.0,0.0,4e-05
Vamakshi Khatri,6,0.0001,0.0,0.0,4e-05
Gabriel Grover,6,0.0001,0.0,0.0,4e-05
Jeevika Chand,6,0.0001,0.0,0.0,4e-05
Robert Mangat,6,0.0001,0.0,0.0,4e-05
Isaac Bhalla,6,0.0001,0.0,0.0,4e-05
Zansi Chhabra,6,0.0001,0.0,0.0,4e-05
Gaurang Kala,6,0.0001,0.0,0.0,4e-05
Jagdish Soman,7,0.0001,0.0,0.0,4e-05
Brinda Narain,6,0.0001,0.0,0.0,4e-05
Bhavna Loyal,6,0.0001,0.0,0.0,4e-05
Ikbal Ratti,6,0.0001,0.0,0.0,4e-05
Damini Ranganathan,6,0.0001,0.0,0.0,4e-05
Ishani Sarraf,6,0.0001,0.0,0.0,4e-05
Ishani Sampath,7,0.0001,0.0,0.0,4e-05
Anay Prabhu,6,0.0001,0.0,0.0,4e-05
Warda Edwin,6,0.0001,0.0,0.0,4e-05
Anirudh Menon,6,0.0001,0.0,0.0,4e-05
Rishi Solanki,6,0.0001,0.0,0.0,4e-05
Devansh Deshpande,6,0.0001,0.0,0.0,4e-05
Girindra Bawa,6,0.0001,0.0,0.0,4e-05
Varsha Patla,6,0.0001,0.0,0.0,4e-05
Gaurika Gala,6,0.0001,0.0,0.0,4e-05
Jhalak Nadkarni,6,0.0001,0.0,0.0,4e-05
Ekantika Thaman,7,0.0001,0.0,0.0,4e-05
Watika Khanna,6,0.0001,0.0,0.0,4e-05
Ira Nagar,6,0.0001,0.0,0.0,4e-05
Mitesh Bhagat,7,0.0001,0.0,0.0,4e-05
Laban Kulkarni,6,0.0001,0.0,0.0,4e-05
David Bhardwaj,6,0.0001,0.0,0.0,4e-05
Charan Mitter,6,0.0001,0.0,0.0,4e-05
Eiravati Parmer,6,0.0001,0.0,0.0,4e-05
Devansh Bobal,6,0.0001,0.0,0.0,4e-05
Ethan Sachdeva,6,0.0001,0.0,0.0,4e-05
Rushil Behl,7,0.0001,0.0,0.0,4e-05
Ladli Mahal,6,0.0001,0.0,0.0,4e-05
Lucky Kade,6,0.0001,0.0,0.0,4e-05
Damyanti Wason,6,0.0001,0.0,0.0,4e-05
Chakradhar Majumdar,6,0.0001,0.0,0.0,4e-05
Eshana Bajwa,6,0.0001,0.0,0.0,4e-05
Jeet Chowdhury,6,0.0001,0.0,0.0,4e-05
Chaitaly Sandal,6,0.0001,0.0,0.0,4e-05
Amara Ganesan,6,0.0001,0.0,0.0,4e-05
Yadavi Lad,6,0.0001,0.0,0.0,4e-05
Nitesh Chhabra,7,0.0001,0.0,0.0,4e-05
Adweta Badami,6,0.0001,0.0,0.0,4e-05
Meera Upadhyay,6,0.0001,0.0,0.0,4e-05
Saumya Saha,6,0.0001,0.0,0.0,4e-05
Indali Sehgal,6,0.0001,0.0,0.0,4e-05
Gautami Ratta,6,0.0001,0.0,0.0,4e-05
Nitara Reddy,6,0.0001,0.0,0.0,4e-05
Jasmit Pandey,6,0.0001,0.0,0.0,4e-05
Eshana Hayre,6,0.0001,0.0,0.0,4e-05
Samar Dara,6,0.0001,0.0,0.0,4e-05
Frado Dugal,6,0.0001,0.0,0.0,4e-05
Vritti Dyal,6,0.0001,0.0,0.0,4e-05
Chaaya Puri,6,0.0001,0.0,0.0,4e-05
Rachana Pradhan,6,0.0001,0.0,0.0,4e-05
Dev Chad,6,0.0001,0.0,0.0,4e-05
Arunima Borah,6,0.0001,0.0,0.0,4e-05
Zinal Kant,6,0.0001,0.0,0.0,4e-05
Lila Gole,6,0.0001,0.0,0.0,4e-05
Amol Bhardwaj,6,0.0001,0.0,0.0,4e-05
Alka Rana,6,0.0001,0.0,0.0,4e-05
Harita Srivastava,6,0.0001,0.0,0.0,4e-05
Ijaya Bhakta,6,0.0001,0.0,0.0,4e-05
Vedika Sheth,6,0.0001,0.0,0.0,4e-05
Qarin Dora,6,0.0001,0.0,0.0,4e-05
Wriddhish Mane,6,0.0001,0.0,0.0,4e-05
Omkaar Sem,6,0.0001,0.0,0.0,4e-05
Teerth Deshmukh,6,0.0001,0.0,0.0,4e-05
Michael Sundaram,6,0.0001,0.0,0.0,4e-05
Veda Ravel,6,0.0001,0.0,0.0,4e-05
Joshua Kar,6,0.0001,0.0,0.0,4e-05
Aarini Sharaf,6,0.0001,0.0,0.0,4e-05
Devika Pandya,6,0.0001,0.0,0.0,4e-05
Omaja Bhardwaj,7,0.0001,0.0,0.0,4e-05
Umang Uppal,6,0.0001,0.0,0.0,4e-05
Avi Bhargava,6,0.0001,0.0,0.0,4e-05
Joshua Cherian,6,0.0001,0.0,0.0,4e-05
Isaac Hans,6,0.0001,0.0,0.0,4e-05
Kiaan Mukherjee,6,0.0001,0.0,0.0,4e-05
Thomas Naik,6,0.0001,0.0,0.0,4e-05
Gaurangi Sastry,6,0.0001,0.0,0.0,4e-05
Vrinda Raval,6,0.0001,0.0,0.0,4e-05
Lajita Sama,6,0.0001,0.0,0.0,4e-05
Yuvraj Ravel,6,0.0001,0.0,0.0,4e-05
Ekavir Banerjee,6,0.0001,0.0,0.0,4e-05
Tanvi Kurian,6,0.0001,0.0,0.0,4e-05
Vyanjana Sami,6,0.0001,0.0,0.0,4e-05
Zashil De,7,0.0001,0.0,0.0,4e-05
Dev Kari,6,0.0001,0.0,0.0,4e-05
Arjun Batra,6,0.0001,0.0,0.0,4e-05
Chasmum Loke,6,0.0001,0.0,0.0,4e-05
Ekaja Radhakrishnan,6,0.0001,0.0,0.0,4e-05
Fiyaz Basu,6,0.0001,0.0,0.0,4e-05
Pooja Chakraborty,6,0.0001,0.0,0.0,4e-05
Kritika Nazareth,6,0.0001,0.0,0.0,4e-05
Charita Char,6,0.0001,0.0,0.0,4e-05
Manbir Korpal,6,0.0001,0.0,0.0,4e-05
Vasudha Karnik,6,0.0001,0.0,0.0,4e-05
Damini Uppal,6,0.0001,0.0,0.0,4e-05
Falak Gaba,6,0.0001,0.0,0.0,4e-05
Ojas Aggarwal,6,0.0001,0.0,0.0,4e-05
Janaki Sood,6,0.0001,0.0,0.0,4e-05
Arunima Garde,6,0.0001,0.0,0.0,4e-05
Gaurika Datta,6,0.0001,0.0,0.0,4e-05
Megha Sood,6,0.0001,0.0,0.0,4e-05
Chasmum Oommen,6,0.0001,0.0,0.0,4e-05
Caleb Arya,6,0.0001,0.0,0.0,4e-05
Aachal Venkatesh,6,0.0001,0.0,0.0,4e-05
Kamya Ben,6,0.0001,0.0,0.0,4e-05
Yug Kalla,7,0.0001,0.0,0.0,4e-05
Harita Bahl,6,0.0001,0.0,0.0,4e-05
Ekalinga Pandya,6,0.0001,0.0,0.0,4e-05
Yatin Choudhury,6,0.0001,0.0,0.0,4e-05
Dalaja Chandran,6,0.0001,0.0,0.0,4e-05
Nihal Magar,6,0.0001,0.0,0.0,4e-05
Wyatt Sagar,6,0.0001,0.0,0.0,4e-05
Saumya Bali,6,0.0001,0.0,0.0,4e-05
Anmol Mahajan,6,0.0001,0.0,0.0,4e-05
Fitan Sarkar,6,0.0001,0.0,0.0,4e-05
Anita Yohannan,6,0.0001,0.0,0.0,4e-05
Aahana Chandra,6,0.0001,0.0,0.0,4e-05
Alka Seth,6,0.0001,0.0,0.0,4e-05
Jackson Arya,6,0.0001,0.0,0.0,4e-05
Zehaan Narayan,6,0.0001,0.0,0.0,4e-05
Amara Dhillon,6,0.0001,0.0,0.0,4e-05
Rishi Panchal,7,0.0001,0.0,0.0,4e-05
Warhi Sarin,6,0.0001,0.0,0.0,4e-05
Oliver Mukhopadhyay,6,0.0001,0.0,0.0,4e-05
Baghyawati Nagy,7,0.0001,0.0,0.0,4e-05
Waida Jhaveri,7,0.0001,0.0,0.0,4e-05
Omkaar Tank,6,0.0001,0.0,0.0,4e-05
Charles Bhasin,6,0.0001,0.0,0.0,4e-05
Waida Mohanty,6,0.0001,0.0,0.0,4e-05
Anay Chander,6,0.0001,0.0,0.0,4e-05
Rachana Ahluwalia,6,0.0001,0.0,0.0,4e-05
Abhiram Dora,6,0.0001,0.0,0.0,4e-05
Manya Taneja,6,0.0001,0.0,0.0,4e-05
Vivaan Mital,7,0.0001,0.0,0.0,4e-05
Chameli Tara,6,0.0001,0.0,0.0,4e-05
Chatresh Pandey,7,0.0001,0.0,0.0,4e-05
Tejas Sur,6,0.0001,0.0,0.0,4e-05
Samaksh Yohannan,6,0.0001,0.0,0.0,4e-05
Jackson Devan,6,0.0001,0.0,0.0,4e-05
Vivaan Bava,6,0.0001,0.0,0.0,4e-05
Yagnesh D’Alia,6,0.0001,0.0,0.0,4e-05
Dhruv Tandon,7,0.0001,0.0,0.0,4e-05
Ubika Dayal,6,0.0001,0.0,0.0,4e-05
Lila Dara,6,0.0001,0.0,0.0,4e-05
Samar Vora,6,0.0001,0.0,0.0,4e-05
Chatresh Ram,6,0.0001,0.0,0.0,4e-05
Yuvraj Bhatt,6,0.0001,0.0,0.0,4e-05
Diya Warrior,6,0.0001,0.0,0.0,4e-05
Vrishti Savant,6,0.0001,0.0,0.0,4e-05
Gautam Sengupta,6,0.0001,0.0,0.0,4e-05
Dalbir Walia,6,0.0001,0.0,0.0,4e-05
Anay Mohanty,6,0.0001,0.0,0.0,4e-05
Varsha Deo,6,0.0001,0.0,0.0,4e-05
Ekansh Murty,6,0.0001,0.0,0.0,4e-05
Vansha Kaul,6,0.0001,0.0,0.0,4e-05
Gopal Chowdhury,6,0.0001,0.0,0.0,4e-05
Omya Banerjee,6,0.0001,0.0,0.0,4e-05
Gayathri Palan,6,0.0001,0.0,0.0,4e-05
Gautam Dey,6,0.0001,0.0,0.0,4e-05
Triveni Saini,6,0.0001,0.0,0.0,4e-05
Veer Issac,7,0.0001,0.0,0.0,4e-05
Panini Bora,6,0.0001,0.0,0.0,4e-05
Saanvi Malhotra,7,0.0001,0.0,0.0,4e-05
Pranav Hegde,6,0.0001,0.0,0.0,4e-05
Veda Upadhyay,6,0.0001,0.0,0.0,4e-05
Guneet Goel,6,0.0001,0.0,0.0,4e-05
Rachita Kuruvilla,6,0.0001,0.0,0.0,4e-05
Ekaja Bobal,6,0.0001,0.0,0.0,4e-05
Dalbir Khosla,6,0.0001,0.0,0.0,4e-05
Upadhriti Singhal,6,0.0001,0.0,0.0,4e-05
Aadhya Sarraf,6,0.0001,0.0,0.0,4e-05
Ridhi Chokshi,6,0.0001,0.0,0.0,4e-05
Sathvik Seth,6,0.0001,0.0,0.0,4e-05
Gaurangi Wagle,6,0.0001,0.0,0.0,4e-05
Pallavi Nori,6,0.0001,0.0,0.0,4e-05
Baljiwan Nanda,6,0.0001,0.0,0.0,4e-05
Ekaja Varma,6,0.0001,0.0,0.0,4e-05
Hardik Chowdhury,6,0.0001,0.0,0.0,4e-05
Daksha Khosla,6,0.0001,0.0,0.0,4e-05
Xiti Chad,6,0.0001,0.0,0.0,4e-05
Bimala Mall,6,0.0001,0.0,0.0,4e-05
Yug Ahuja,6,0.0001,0.0,0.0,4e-05
Vasatika Ganesh,6,0.0001,0.0,0.0,4e-05
Ikshita Khalsa,6,0.0001,0.0,0.0,4e-05
Mohini Nigam,6,0.0001,0.0,0.0,4e-05
Rajeshri Tank,6,0.0001,0.0,0.0,4e-05
Chasmum Shere,6,0.0001,0.0,0.0,4e-05
Lavanya Dora,6,0.0001,0.0,0.0,4e-05
Mugdha Parsa,6,0.0001,0.0,0.0,4e-05
Wriddhish Balasubramanian,6,0.0001,0.0,0.0,4e-05
Max Chandran,6,0.0001,0.0,0.0,4e-05
Xiti Gokhale,6,0.0001,0.0,0.0,4e-05
Ishita Mander,6,0.0001,0.0,0.0,4e-05
Anya Pathak,6,0.0001,0.0,0.0,4e-05
Max Brar,6,0.0001,0.0,0.0,4e-05
Samar Lala,6,0.0001,0.0,0.0,4e-05
Xiti Mahal,6,0.0001,0.0,0.0,4e-05
Yamini Sibal,7,0.0001,0.0,0.0,4e-05
Urmi Shenoy,6,0.0001,0.0,0.0,4e-05
Naveen Dhawan,6,0.0001,0.0,0.0,4e-05
Atharv Malhotra,6,0.0001,0.0,0.0,4e-05
Jagvi Soni,7,0.0001,0.0,0.0,4e-05
Jeremiah Nagar,6,0.0001,0.0,0.0,4e-05
Tanveer Ghosh,7,0.0001,0.0,0.0,4e-05
Jagvi Swamy,6,0.0001,0.0,0.0,4e-05
Zinal Rege,6,0.0001,0.0,0.0,4e-05
Ganga Kumer,6,0.0001,0.0,0.0,4e-05
Frado Vig,6,0.0001,0.0,0.0,4e-05
Chaman Saran,6,0.0001,0.0,0.0,4e-05
Aradhana Bhargava,6,0.0001,0.0,0.0,4e-05
Turvi D’Alia,6,0.0001,0.0,0.0,4e-05
Vivaan Johal,6,0.0001,0.0,0.0,4e-05
Vaishnavi Sachdeva,6,0.0001,0.0,0.0,4e-05
Ayaan Chad,6,0.0001,0.0,0.0,4e-05
Damyanti Garde,6,0.0001,0.0,0.0,4e-05
Bhanumati Balay,6,0.0001,0.0,0.0,4e-05
Robert Mand,6,0.0001,0.0,0.0,4e-05
Isaac De,6,0.0001,0.0,0.0,4e-05
Jagvi Sastry,6,0.0001,0.0,0.0,4e-05
Lakshmi Cheema,6,0.0001,0.0,0.0,4e-05
Unni Nadkarni,6,0.0001,0.0,0.0,4e-05
Champak Saraf,6,0.0001,0.0,0.0,4e-05
Yachana Doctor,6,0.0001,0.0,0.0,4e-05
Shivansh Luthra,6,0.0001,0.0,0.0,4e-05
Rajeshri Vig,7,0.0001,0.0,0.0,4e-05
Jagrati Majumdar,6,0.0001,0.0,0.0,4e-05
Aradhana Dutta,6,0.0001,0.0,0.0,4e-05
Balvan Deol,6,0.0001,0.0,0.0,4e-05
Anya Jaggi,6,0.0001,0.0,0.0,4e-05
Nimrat Sehgal,6,0.0001,0.0,0.0,4e-05
Manan Barad,6,0.0001,0.0,0.0,4e-05
Jalsa Sahota,6,0.0001,0.0,0.0,4e-05
Radha Borra,6,0.0001,0.0,0.0,4e-05
Luke Bahl,6,0.0001,0.0,0.0,4e-05
Turvi Oommen,6,0.0001,0.0,0.0,4e-05
Krishna Naidu,6,0.0001,0.0,0.0,4e-05
Aarush Nagar,7,0.0001,0.0,0.0,4e-05
Vasana Ratti,6,0.0001,0.0,0.0,4e-05
Vasudha Kaur,6,0.0001,0.0,0.0,4e-05
Chandran Pradhan,6,0.0001,0.0,0.0,4e-05
Eshana Palan,6,0.0001,0.0,0.0,4e-05
Oni Venkataraman,6,0.0001,0.0,0.0,4e-05
Owen Yadav,6,0.0001,0.0,0.0,4e-05
Gopal Bava,6,0.0001,0.0,0.0,4e-05
Vaishnavi Bhattacharyya,6,0.0001,0.0,0.0,4e-05
Mahika Tak,6,0.0001,0.0,0.0,4e-05
Kashvi Ramachandran,6,0.0001,0.0,0.0,4e-05
Bishakha Muni,6,0.0001,0.0,0.0,4e-05
Chakrika Kara,6,0.0001,0.0,0.0,4e-05
Nilima Zacharia,6,0.0001,0.0,0.0,4e-05
Lila Khare,6,0.0001,0.0,0.0,4e-05
Hredhaan Thakur,6,0.0001,0.0,0.0,4e-05
Hemal Modi,6,0.0001,0.0,0.0,4e-05
Rudra Srinivasan,6,0.0001,0.0,0.0,4e-05
Upma Nagarajan,6,0.0001,0.0,0.0,4e-05
Vasudha Loke,7,0.0001,0.0,0.0,4e-05
Wahab Samra,6,0.0001,0.0,0.0,4e-05
Baghyawati Sankar,6,0.0001,0.0,0.0,4e-05
Wazir Bhardwaj,6,0.0001,0.0,0.0,4e-05
Zansi Mahajan,6,0.0001,0.0,0.0,4e-05
Darpan Gola,6,0.0001,0.0,0.0,4e-05
Amrita Mahajan,6,0.0001,0.0,0.0,4e-05
Ira Dube,6,0.0001,0.0,0.0,4e-05
Keya Kanda,6,0.0001,0.0,0.0,4e-05
Vrishti Rai,6,0.0001,0.0,0.0,4e-05
Mitesh Sarma,6,0.0001,0.0,0.0,4e-05
Harrison Subramaniam,6,0.0001,0.0,0.0,4e-05
Chaitaly Das,6,0.0001,0.0,0.0,4e-05
Harsh Khatri,6,0.0001,0.0,0.0,4e-05
Yutika Jaggi,6,0.0001,0.0,0.0,4e-05
Advay Choudhry,6,0.0001,0.0,0.0,4e-05
Jonathan Gala,6,0.0001,0.0,0.0,4e-05
Lucky Bala,6,0.0001,0.0,0.0,4e-05
Tanvi Varty,6,0.0001,0.0,0.0,4e-05
Neel Setty,6,0.0001,0.0,0.0,4e-05
Naksh Bhasin,6,0.0001,0.0,0.0,4e-05
Niharika Bhatia,6,0.0001,0.0,0.0,4e-05
Zansi Mander,6,0.0001,0.0,0.0,4e-05
Chaitaly Chaudhuri,6,0.0001,0.0,0.0,4e-05
Yagnesh Chandra,6,0.0001,0.0,0.0,4e-05
Omya Chandra,6,0.0001,0.0,0.0,4e-05
Samarth Gara,6,0.0001,0.0,0.0,4e-05
Balveer Kota,7,0.0001,0.0,0.0,4e-05
Ucchal Sinha,6,0.0001,0.0,0.0,4e-05
Ganga Balakrishnan,6,0.0001,0.0,0.0,4e-05
Sudiksha Bera,6,0.0001,0.0,0.0,4e-05
Mugdha Kaur,6,0.0001,0.0,0.0,4e-05
Gagan Deshmukh,6,0.0001,0.0,0.0,4e-05
Naksh Varma,6,0.0001,0.0,0.0,4e-05
Rohan Goyal,7,0.0001,0.0,0.0,4e-05
Yamini Kurian,6,0.0001,0.0,0.0,4e-05
Pavani Badal,6,0.0001,0.0,0.0,4e-05
Aishani Din,6,0.0001,0.0,0.0,4e-05
Daksha Trivedi,6,0.0001,0.0,0.0,4e-05
Edhitha Saha,6,0.0001,0.0,0.0,4e-05
Theodore Sarma,6,0.0001,0.0,0.0,4e-05
Janaki Prashad,6,0.0001,0.0,0.0,4e-05
Samarth Uppal,6,0.0001,0.0,0.0,4e-05
Yatin Ghosh,6,0.0001,0.0,0.0,4e-05
Nathaniel Malhotra,6,0.0001,0.0,0.0,4e-05
Daksha Uppal,6,0.0001,0.0,0.0,4e-05
Krisha Chakrabarti,6,0.0001,0.0,0.0,4e-05
Vihaan Mittal,6,0.0001,0.0,0.0,4e-05
Hema Raghavan,6,0.0001,0.0,0.0,4e-05
Janya Hora,6,0.0001,0.0,0.0,4e-05
Amaira Nanda,6,0.0001,0.0,0.0,4e-05
Tanish Buch,6,0.0001,0.0,0.0,4e-05
Jacob Krishna,6,0.0001,0.0,0.0,4e-05
Isaac Bobal,6,0.0001,0.0,0.0,4e-05
Quincy Nath,6,0.0001,0.0,0.0,4e-05
George Nayar,6,0.0001,0.0,0.0,4e-05
Sai Chand,6,0.0001,0.0,0.0,4e-05
Aashi Ravi,6,0.0001,0.0,0.0,4e-05
Nandini Thakkar,6,0.0001,0.0,0.0,4e-05
Gautami Shah,6,0.0001,0.0,0.0,4e-05
Bhanumati Banerjee,6,0.0001,0.0,0.0,4e-05
Omkaar Kant,6,0.0001,0.0,0.0,4e-05
Yamini Lad,7,0.0001,0.0,0.0,4e-05
Vritti Chaudhari,6,0.0001,0.0,0.0,4e-05
Kamala Edwin,6,0.0001,0.0,0.0,4e-05
Diya Pant,6,0.0001,0.0,0.0,4e-05
Ganga Chahal,6,0.0001,0.0,0.0,4e-05
Divya Lad,6,0.0001,0.0,0.0,4e-05
Indira Pillai,6,0.0001,0.0,0.0,4e-05
Bhavini Gandhi,6,0.0001,0.0,0.0,4e-05
Keya Chhabra,6,0.0001,0.0,0.0,4e-05
Yashasvi Narayanan,6,0.0001,0.0,0.0,4e-05
Harish Ganesh,6,0.0001,0.0,0.0,4e-05
Lohit Mander,6,0.0001,0.0,0.0,4e-05
Jonathan Varma,6,0.0001,0.0,0.0,4e-05
Chanchal Rai,6,0.0001,0.0,0.0,4e-05
Indrajit Kata,6,0.0001,0.0,0.0,4e-05
Charita Sawhney,6,0.0001,0.0,0.0,4e-05
Damyanti Pillai,6,0.0001,0.0,0.0,4e-05
Gautami Bera,6,0.0001,0.0,0.0,4e-05
Faris Pai,6,0.0001,0.0,0.0,4e-05
Mekhala Choudhry,6,0.0001,0.0,0.0,4e-05
Chanchal Murthy,6,0.0001,0.0,0.0,4e-05
Ekta Hayer,6,0.0001,0.0,0.0,4e-05
Widisha Majumdar,6,0.0001,0.0,0.0,4e-05
Hritik Patil,6,0.0001,0.0,0.0,4e-05
Advika Guha,6,0.0001,0.0,0.0,4e-05
Fitan Halder,6,0.0001,0.0,0.0,4e-05
Shivani Aurora,7,0.0001,0.0,0.0,4e-05
Yatan Behl,6,0.0001,0.0,0.0,4e-05
Chandani Menon,6,0.0001,0.0,0.0,4e-05
Kamala Joshi,6,0.0001,0.0,0.0,4e-05
Chaitaly Chandra,6,0.0001,0.0,0.0,4e-05
Triya Desai,6,0.0001,0.0,0.0,4e-05
Kamya Nair,6,0.0001,0.0,0.0,4e-05
Victor Shankar,6,0.0001,0.0,0.0,4e-05
Bhavna Shanker,6,0.0001,0.0,0.0,4e-05
Saksham Ghosh,6,0.0001,0.0,0.0,4e-05
Vrishti Pai,6,0.0001,0.0,0.0,4e-05
Udarsh Thaman,6,0.0001,0.0,0.0,4e-05
Vasana Grewal,6,0.0001,0.0,0.0,4e-05
Lopa Bath,6,0.0001,0.0,0.0,4e-05
Frado Apte,7,0.0001,0.0,0.0,4e-05
Kala Misra,6,0.0001,0.0,0.0,4e-05
Daksh Contractor,6,0.0001,0.0,0.0,4e-05
Lajita Srivastava,7,0.0001,0.0,0.0,4e-05
Aradhana Anand,6,0.0001,0.0,0.0,4e-05
Yochana Rattan,6,0.0001,0.0,0.0,4e-05
Gayathri Aurora,6,0.0001,0.0,0.0,4e-05
Ladli Sandal,6,0.0001,0.0,0.0,4e-05
Ucchal Bobal,6,0.0001,0.0,0.0,4e-05
Oni Khosla,6,0.0001,0.0,0.0,4e-05
Urmi Savant,6,0.0001,0.0,0.0,4e-05
Mohammed Krishna,6,0.0001,0.0,0.0,4e-05
Frado Kakar,6,0.0001,0.0,0.0,4e-05
Rayaan Shere,6,0.0001,0.0,0.0,4e-05
Noah Sarna,6,0.0001,0.0,0.0,4e-05
Agastya Gala,6,0.0001,0.0,0.0,4e-05
Udyati Kumer,6,0.0001,0.0,0.0,4e-05
Quincy Shetty,6,0.0001,0.0,0.0,4e-05
Charan Dhillon,6,0.0001,0.0,0.0,4e-05
Aradhana Saran,6,0.0001,0.0,0.0,4e-05
Rishi Sane,6,0.0001,0.0,0.0,4e-05
Laban Mutti,6,0.0001,0.0,0.0,4e-05
Theodore Prasad,6,0.0001,0.0,0.0,4e-05
Mitesh Bora,6,0.0001,0.0,0.0,4e-05
Janaki Ramaswamy,6,0.0001,0.0,0.0,4e-05
Jagat Yogi,6,0.0001,0.0,0.0,4e-05
Qushi Rama,6,0.0001,0.0,0.0,4e-05
Raksha Lad,6,0.0001,0.0,0.0,4e-05
Ayaan Basu,6,0.0001,0.0,0.0,4e-05
Eta Grewal,7,0.0001,0.0,0.0,4e-05
Qasim Bal,6,0.0001,0.0,0.0,4e-05
Janaki Sule,6,0.0001,0.0,0.0,4e-05
Meera Pandey,6,0.0001,0.0,0.0,4e-05
Ekbal Goswami,6,0.0001,0.0,0.0,4e-05
Abhimanyu Subramanian,6,0.0001,0.0,0.0,4e-05
Lohit Vaidya,6,0.0001,0.0,0.0,4e-05
Ojas Parmar,6,0.0001,0.0,0.0,4e-05
Daniel Srinivasan,6,0.0001,0.0,0.0,4e-05
Patrick Atwal,6,0.0001,0.0,0.0,4e-05
Ronith Varghese,6,0.0001,0.0,0.0,4e-05
Lipika Dhillon,6,0.0001,0.0,0.0,4e-05
Arya Yadav,6,0.0001,0.0,0.0,4e-05
Bhavini Comar,6,0.0001,0.0,0.0,4e-05
Isha Ratti,6,0.0001,0.0,0.0,4e-05
Tara Misra,6,0.0001,0.0,0.0,4e-05
Bhavani Dalal,6,0.0001,0.0,0.0,4e-05
Elijah Raja,6,0.0001,0.0,0.0,4e-05
Frederick Jha,6,0.0001,0.0,0.0,4e-05
Fiyaz Kuruvilla,6,0.0001,0.0,0.0,4e-05
Vincent Kothari,6,0.0001,0.0,0.0,4e-05
Chavvi Deo,6,0.0001,0.0,0.0,4e-05
Orinder Grover,6,0.0001,0.0,0.0,4e-05
Tanmayi Boase,6,0.0001,0.0,0.0,4e-05
Madhavi Bahl,6,0.0001,0.0,0.0,4e-05
Upadhriti Dara,6,0.0001,0.0,0.0,4e-05
Jagrati Shenoy,6,0.0001,0.0,0.0,4e-05
Hemal Batta,6,0.0001,0.0,0.0,4e-05
Gopal Sunder,6,0.0001,0.0,0.0,4e-05
Advaith Sankaran,6,0.0001,0.0,0.0,4e-05
Thomas Garde,6,0.0001,0.0,0.0,4e-05
Gauri Kibe,6,0.0001,0.0,0.0,4e-05
Samaksh Goel,6,0.0001,0.0,0.0,4e-05
Jack Rattan,7,0.0001,0.0,0.0,4e-05
Upma Sandhu,6,0.0001,0.0,0.0,4e-05
Meghana Sarin,7,0.0001,0.0,0.0,4e-05
Dipta Patel,6,0.0001,0.0,0.0,4e-05
Dalbir Seth,6,0.0001,0.0,0.0,4e-05
Tripti Sama,6,0.0001,0.0,0.0,4e-05
Bakhshi Bhagat,6,0.0001,0.0,0.0,4e-05
Finn Issac,6,0.0001,0.0,0.0,4e-05
Vritti Mody,6,0.0001,0.0,0.0,4e-05
Manbir Magar,6,0.0001,0.0,0.0,4e-05
Ria Morar,6,0.0001,0.0,0.0,4e-05
Yasti Taneja,6,0.0001,0.0,0.0,4e-05
Dhriti Toor,6,0.0001,0.0,0.0,4e-05
Vasatika Bala,6,0.0001,0.0,0.0,4e-05
Omaja Misra,6,0.0001,0.0,0.0,4e-05
Siya Kala,7,0.0001,0.0,0.0,4e-05
Upkaar Dua,6,0.0001,0.0,0.0,4e-05
Darika Malhotra,6,0.0001,0.0,0.0,4e-05
Rachit Sule,6,0.0001,0.0,0.0,4e-05
Megha Vaidya,6,0.0001,0.0,0.0,4e-05
Kavya Buch,6,0.0001,0.0,0.0,4e-05
Victor Boase,6,0.0001,0.0,0.0,4e-05
Luke Mistry,6,0.0001,0.0,0.0,4e-05
Mohammed Balan,6,0.0001,0.0,0.0,4e-05
Ekantika Sunder,6,0.0001,0.0,0.0,4e-05
Kavya Raman,6,0.0001,0.0,0.0,4e-05
Wazir Mallick,7,0.0001,0.0,0.0,4e-05
Prisha Tara,6,0.0001,0.0,0.0,4e-05
Abdul Yadav,6,0.0001,0.0,0.0,4e-05
Gaurika Chhabra,6,0.0001,0.0,0.0,4e-05
Udyati Mane,6,0.0001,0.0,0.0,4e-05
Harsh Ben,6,0.0001,0.0,0.0,4e-05
Onkar Korpal,6,0.0001,0.0,0.0,4e-05
Alka Zachariah,6,0.0001,0.0,0.0,4e-05
Umang Dhaliwal,6,0.0001,0.0,0.0,4e-05
Ucchal Balasubramanian,6,0.0001,0.0,0.0,4e-05
Tripti Majumdar,6,0.0001,0.0,0.0,4e-05
Abhiram Sem,6,0.0001,0.0,0.0,4e-05
Indrajit Sidhu,6,0.0001,0.0,0.0,4e-05
Vivaan Thakkar,6,0.0001,0.0,0.0,4e-05
Patrick Shetty,6,0.0001,0.0,0.0,4e-05
Janani Khurana,7,0.0001,0.0,0.0,4e-05
Gopal Balasubramanian,6,0.0001,0.0,0.0,4e-05
Aayush Arora,6,0.0001,0.0,0.0,4e-05
Jacob Kale,6,0.0001,0.0,0.0,4e-05
Aachal Choudhry,6,0.0001,0.0,0.0,4e-05
Praneel Bumb,6,0.0001,0.0,0.0,4e-05
Vaishnavi Dube,6,0.0001,0.0,0.0,4e-05
Gautam Rama,6,0.0001,0.0,0.0,4e-05
Idika Jani,6,0.0001,0.0,0.0,4e-05
Priya Buch,6,0.0001,0.0,0.0,4e-05
Pavani Anand,6,0.0001,0.0,0.0,4e-05
Bakhshi Madan,7,0.0001,0.0,0.0,4e-05
Mason Ray,6,0.0001,0.0,0.0,4e-05
Zehaan Viswanathan,6,0.0001,0.0,0.0,4e-05
Upma Patla,7,0.0001,0.0,0.0,4e-05
Qabil Behl,6,0.0001,0.0,0.0,4e-05
Hema Ramachandran,6,0.0001,0.0,0.0,4e-05
Amrita Acharya,6,0.0001,0.0,0.0,4e-05
Chameli Tank,6,0.0001,0.0,0.0,4e-05
Tanveer Khurana,6,0.0001,0.0,0.0,4e-05
Dhruv Dhingra,6,0.0001,0.0,0.0,4e-05
Yagnesh Ghose,6,0.0001,0.0,0.0,4e-05
Om Warrior,6,0.0001,0.0,0.0,4e-05
Leena Behl,6,0.0001,0.0,0.0,4e-05
Lucky Andra,6,0.0001,0.0,0.0,4e-05
Niharika Sant,6,0.0001,0.0,0.0,4e-05
Mohini Jayaraman,6,0.0001,0.0,0.0,4e-05
Atharv Sarin,6,0.0001,0.0,0.0,4e-05
Krish Bhavsar,6,0.0001,0.0,0.0,4e-05
Anirudh Sankar,6,0.0001,0.0,0.0,4e-05
Lipika Bumb,6,0.0001,0.0,0.0,4e-05
Amrita Kumer,6,0.0001,0.0,0.0,4e-05
Vrishti Kumar,7,0.0001,0.0,0.0,4e-05
Netra Konda,6,0.0001,0.0,0.0,4e-05
Ojasvi Sharma,6,0.0001,0.0,0.0,4e-05
Chaitanya Mahajan,7,0.0001,0.0,0.0,4e-05
Wazir Jain,6,0.0001,0.0,0.0,4e-05
Mohini Sha,6,0.0001,0.0,0.0,4e-05
Tripti Issac,6,0.0001,0.0,0.0,4e-05
Harini Raghavan,6,0.0001,0.0,0.0,4e-05
Yauvani Parsa,6,0.0001,0.0,0.0,4e-05
Kritika Viswanathan,6,0.0001,0.0,0.0,4e-05
Zehaan Sandhu,6,0.0001,0.0,0.0,4e-05
Bakhshi Tak,6,0.0001,0.0,0.0,4e-05
Harish Majumdar,6,0.0001,0.0,0.0,4e-05
Victor Sem,6,0.0001,0.0,0.0,4e-05
Irya Rattan,6,0.0001,0.0,0.0,4e-05
Ethan Khatri,7,0.0001,0.0,0.0,4e-05
Nirja Bhagat,6,0.0001,0.0,0.0,4e-05
Dhriti Majumdar,6,0.0001,0.0,0.0,4e-05
Jalsa Om,6,0.0001,0.0,0.0,4e-05
Kevin Naik,6,0.0001,0.0,0.0,4e-05
Jasmit Sahota,6,0.0001,0.0,0.0,4e-05
Advik Prasad,6,0.0001,0.0,0.0,4e-05
Aradhana Kaur,6,0.0001,0.0,0.0,4e-05
Eta Suri,6,0.0001,0.0,0.0,4e-05
Thomas Raval,6,0.0001,0.0,0.0,4e-05
Ansh Jain,6,0.0001,0.0,0.0,4e-05
Mahika Seshadri,6,0.0001,0.0,0.0,4e-05
Rudra Sawhney,7,0.0001,0.0,0.0,4e-05
Vinaya Dugal,6,0.0001,0.0,0.0,4e-05
Lucky Jain,6,0.0001,0.0,0.0,4e-05
William Mani,6,0.0001,0.0,0.0,4e-05
Vasana Tara,6,0.0001,0.0,0.0,4e-05
Maya Char,6,0.0001,0.0,0.0,4e-05
Rishi Rout,6,0.0001,0.0,0.0,4e-05
Nakul Shanker,6,0.0001,0.0,0.0,4e-05
Inaya Saran,6,0.0001,0.0,0.0,4e-05
Andrew Dua,6,0.0001,0.0,0.0,4e-05
Kabir Gandhi,6,0.0001,0.0,0.0,4e-05
Gavin Tandon,6,0.0001,0.0,0.0,4e-05
Ira Misra,6,0.0001,0.0,0.0,4e-05
Nandini Agate,6,0.0001,0.0,0.0,4e-05
Yashoda Dube,6,0.0001,0.0,0.0,4e-05
Vidhi Kakar,6,0.0001,0.0,0.0,4e-05
Ishanvi Sarkar,6,0.0001,0.0,0.0,4e-05
Logan Johal,6,0.0001,0.0,0.0,4e-05
Yahvi Sura,6,0.0001,0.0,0.0,4e-05
Nidhi Bail,7,0.0001,0.0,0.0,4e-05
Ikbal Bhakta,6,0.0001,0.0,0.0,4e-05
Radhika Choudhary,6,0.0001,0.0,0.0,4e-05
Oviya Mittal,6,0.0001,0.0,0.0,4e-05
Yashodhara Keer,6,0.0001,0.0,0.0,4e-05
Aradhana Dube,6,0.0001,0.0,0.0,4e-05
Vedant Raj,7,0.0001,0.0,0.0,4e-05
Yagnesh Din,6,0.0001,0.0,0.0,4e-05
Yahvi Devi,6,0.0001,0.0,0.0,4e-05
Nakul Varghese,6,0.0001,0.0,0.0,4e-05
Xalak Vala,6,0.0001,0.0,0.0,4e-05
Yatin Bhalla,6,0.0001,0.0,0.0,4e-05
Vedhika Thakkar,6,0.0001,0.0,0.0,4e-05
Januja Sama,6,0.0001,0.0,0.0,4e-05
Omkaar Bumb,6,0.0001,0.0,0.0,4e-05
Aryan Solanki,6,0.0001,0.0,0.0,4e-05
Nitesh Sule,6,0.0001,0.0,0.0,4e-05
Chameli Kala,6,0.0001,0.0,0.0,4e-05
Luke Munshi,6,0.0001,0.0,0.0,4e-05
Kabir Balay,6,0.0001,0.0,0.0,4e-05
Chaitanya Singhal,6,0.0001,0.0,0.0,4e-05
Jyoti Sandhu,6,0.0001,0.0,0.0,4e-05
Gagan Chopra,6,0.0001,0.0,0.0,4e-05
Champak Bedi,6,0.0001,0.0,0.0,4e-05
Dayamai Sridhar,6,0.0001,0.0,0.0,4e-05
Amaira Sangha,6,0.0001,0.0,0.0,4e-05
Oviya Gopal,6,0.0001,0.0,0.0,4e-05
Amrita Chaudhary,6,0.0001,0.0,0.0,4e-05
Agastya Shankar,6,0.0001,0.0,0.0,4e-05
Jhalak Misra,6,0.0001,0.0,0.0,4e-05
Tanmayi Ravi,6,0.0001,0.0,0.0,4e-05
Bachittar Narula,6,0.0001,0.0,0.0,4e-05
Ekalinga Chaudhry,6,0.0001,0.0,0.0,4e-05
Ira Pandya,6,0.0001,0.0,0.0,4e-05
Kritika Hayre,6,0.0001,0.0,0.0,4e-05
Raagini Behl,6,0.0001,0.0,0.0,4e-05
Alexander Guha,6,0.0001,0.0,0.0,4e-05
Mitesh Goel,6,0.0001,0.0,0.0,4e-05
Ira Mann,6,0.0001,0.0,0.0,4e-05
Vedhika Arora,6,0.0001,0.0,0.0,4e-05
Imaran Sastry,6,0.0001,0.0,0.0,4e-05
Jason Balasubramanian,6,0.0001,0.0,0.0,4e-05
Ikshita Kari,6,0.0001,0.0,0.0,4e-05
Janaki Bakshi,6,0.0001,0.0,0.0,4e-05
Nihal Johal,6,0.0001,0.0,0.0,4e-05
Zaid Kota,6,0.0001,0.0,0.0,4e-05
Janaki Solanki,6,0.0001,0.0,0.0,4e-05
Lila Chana,7,0.0001,0.0,0.0,4e-05
Watika Narula,6,0.0001,0.0,0.0,4e-05
Michael Kulkarni,6,0.0001,0.0,0.0,4e-05
Yatan Kohli,6,0.0001,0.0,0.0,4e-05
Ranveer Kurian,6,0.0001,0.0,0.0,4e-05
Daksha Bera,6,0.0001,0.0,0.0,4e-05
Yug Sangha,6,0.0001,0.0,0.0,4e-05
Mitali D’Alia,6,0.0001,0.0,0.0,4e-05
Yagnesh Puri,7,0.0001,0.0,0.0,4e-05
Geetika Bhagat,6,0.0001,0.0,0.0,4e-05
Divya Venkataraman,6,0.0001,0.0,0.0,4e-05
Zayan Rau,6,0.0001,0.0,0.0,4e-05
Eiravati Nayak,6,0.0001,0.0,0.0,4e-05
Nachiket Baria,6,0.0001,0.0,0.0,4e-05
Raagini Date,6,0.0001,0.0,0.0,4e-05
Ansh Behl,6,0.0001,0.0,0.0,4e-05
Ansh Mukhopadhyay,6,0.0001,0.0,0.0,4e-05
Wakeeta Dey,6,0.0001,0.0,0.0,4e-05
Max Nagar,6,0.0001,0.0,0.0,4e-05
Brijesh Bhatia,6,0.0001,0.0,0.0,4e-05
Samuel Chandra,6,0.0001,0.0,0.0,4e-05
Kashvi Zacharia,6,0.0001,0.0,0.0,4e-05
Harrison Jain,6,0.0001,0.0,0.0,4e-05
Harshil Doshi,6,0.0001,0.0,0.0,4e-05
Meera Raval,6,0.0001,0.0,0.0,4e-05
Chaitaly Nazareth,6,0.0001,0.0,0.0,4e-05
Mohini Prabhakar,6,0.0001,0.0,0.0,4e-05
Henry Tata,6,0.0001,0.0,0.0,4e-05
Tanay Khare,6,0.0001,0.0,0.0,4e-05
Jonathan Rama,6,0.0001,0.0,0.0,4e-05
Vrinda Gara,6,0.0001,0.0,0.0,4e-05
Ridhi Sekhon,6,0.0001,0.0,0.0,4e-05
Yashasvi Dada,6,0.0001,0.0,0.0,4e-05
Samaksh Mittal,6,0.0001,0.0,0.0,4e-05
William Shenoy,6,0.0001,0.0,0.0,4e-05
Yutika Seth,6,0.0001,0.0,0.0,4e-05
Pavani Puri,6,0.0001,0.0,0.0,4e-05
Ojasvi Sundaram,7,0.0001,0.0,0.0,4e-05
Joshua Bhattacharyya,6,0.0001,0.0,0.0,4e-05
Champak Sachdev,6,0.0001,0.0,0.0,4e-05
Praneel Thaker,6,0.0001,0.0,0.0,4e-05
Irya Goda,6,0.0001,0.0,0.0,4e-05
Kashish Andra,6,0.0001,0.0,0.0,4e-05
Isaiah Rana,6,0.0001,0.0,0.0,4e-05
Suhani Parsa,6,0.0001,0.0,0.0,4e-05
Wakeeta Oak,6,0.0001,0.0,0.0,4e-05
Tripti Balakrishnan,6,0.0001,0.0,0.0,4e-05
Vedhika Khalsa,6,0.0001,0.0,0.0,4e-05
Balveer Sachdev,6,0.0001,0.0,0.0,4e-05
Warjas Puri,6,0.0001,0.0,0.0,4e-05
Arin Bansal,6,0.0001,0.0,0.0,4e-05
Henry Krishnamurthy,6,0.0001,0.0,0.0,4e-05
Pratyush Kohli,6,0.0001,0.0,0.0,4e-05
Aashi Prasad,6,0.0001,0.0,0.0,4e-05
Veer Edwin,6,0.0001,0.0,0.0,4e-05
Neel Ganesan,6,0.0001,0.0,0.0,4e-05
Unni Bandi,6,0.0001,0.0,0.0,4e-05
Ekalinga Chaudhary,6,0.0001,0.0,0.0,4e-05
William Mandal,6,0.0001,0.0,0.0,4e-05
Vrishti Menon,6,0.0001,0.0,0.0,4e-05
Amruta Sule,6,0.0001,0.0,0.0,4e-05
Urvashi Bhavsar,6,0.0001,0.0,0.0,4e-05
Ladli Anne,6,0.0001,0.0,0.0,4e-05
Ronith Kale,7,0.0001,0.0,0.0,4e-05
Jyoti Murthy,7,0.0001,0.0,0.0,4e-05
Isha Khurana,6,0.0001,0.0,0.0,4e-05
Veer Chand,6,0.0001,0.0,0.0,4e-05
William Bhavsar,6,0.0001,0.0,0.0,4e-05
Nicholas Naidu,7,0.0001,0.0,0.0,4e-05
Rajeshri Balan,6,0.0001,0.0,0.0,4e-05
Pratyush Sant,6,0.0001,0.0,0.0,4e-05
Ekaja Chadha,6,0.0001,0.0,0.0,4e-05
Viraj Subramanian,6,0.0001,0.0,0.0,4e-05
Isaac Joshi,6,0.0001,0.0,0.0,4e-05
Veda Sura,6,0.0001,0.0,0.0,4e-05
Aarush Ratti,6,0.0001,0.0,0.0,4e-05
Teerth Bhargava,6,0.0001,0.0,0.0,4e-05
Akshay Jain,6,0.0001,0.0,0.0,4e-05
Jai Bhatnagar,7,0.0001,0.0,0.0,4e-05
Saanvi Mukherjee,6,0.0001,0.0,0.0,4e-05
Yashvi Chander,6,0.0001,0.0,0.0,4e-05
Maya Aurora,6,0.0001,0.0,0.0,4e-05
Kiaan Jani,6,0.0001,0.0,0.0,4e-05
Siddharth Yogi,6,0.0001,0.0,0.0,4e-05
Oni Brahmbhatt,6,0.0001,0.0,0.0,4e-05
Fariq Kanda,6,0.0001,0.0,0.0,4e-05
Yug Chawla,6,0.0001,0.0,0.0,4e-05
Pallavi Halder,6,0.0001,0.0,0.0,4e-05
Yahvi Dhar,6,0.0001,0.0,0.0,4e-05
Jalsa Prabhu,6,0.0001,0.0,0.0,4e-05
Farhan Barad,6,0.0001,0.0,0.0,4e-05
Gauri Hayre,6,0.0001,0.0,0.0,4e-05
Caleb Gera,6,0.0001,0.0,0.0,4e-05
Tara Gopal,6,0.0001,0.0,0.0,4e-05
Upkaar Bora,6,0.0001,0.0,0.0,4e-05
Jagat Sarkar,6,0.0001,0.0,0.0,4e-05
Inaya Kalla,6,0.0001,0.0,0.0,4e-05
Janaki Arya,6,0.0001,0.0,0.0,4e-05
Sathvik Panchal,7,0.0001,0.0,0.0,4e-05
Riya Oak,6,0.0001,0.0,0.0,4e-05
Nathan Amble,6,0.0001,0.0,0.0,4e-05
Vasana Sridhar,6,0.0001,0.0,0.0,4e-05
Ekalinga Parmer,6,0.0001,0.0,0.0,4e-05
Chaman Dutta,6,0.0001,0.0,0.0,4e-05
Ishanvi Rama,6,0.0001,0.0,0.0,4e-05
Yochana Kota,6,0.0001,0.0,0.0,4e-05
Meera Kale,6,0.0001,0.0,0.0,4e-05
Jagdish Ganesh,6,0.0001,0.0,0.0,4e-05
Theodore Shankar,6,0.0001,0.0,0.0,4e-05
Chakrika Dar,6,0.0001,0.0,0.0,4e-05
Rudra Anne,6,0.0001,0.0,0.0,4e-05
Zansi Aggarwal,6,0.0001,0.0,0.0,4e-05
Omya Contractor,6,0.0001,0.0,0.0,4e-05
Triya Kunda,6,0.0001,0.0,0.0,4e-05
Ekaraj Shroff,6,0.0001,0.0,0.0,4e-05
Jagrati Lalla,6,0.0001,0.0,0.0,4e-05
Advay Pau,6,0.0001,0.0,0.0,4e-05
Tanish Samra,6,0.0001,0.0,0.0,4e-05
Daksh Natt,6,0.0001,0.0,0.0,4e-05
Jack Ramachandran,6,0.0001,0.0,0.0,4e-05
Matthew Subramaniam,7,0.0001,0.0,0.0,4e-05
Megha Oza,6,0.0001,0.0,0.0,4e-05
Yatin Sarkar,6,0.0001,0.0,0.0,4e-05
Faris Devan,6,0.0001,0.0,0.0,4e-05
Dayamai Prabhakar,6,0.0001,0.0,0.0,4e-05
Jeevika Walia,6,0.0001,0.0,0.0,4e-05
Pooja Venkatesh,6,0.0001,0.0,0.0,4e-05
Farhan Tata,6,0.0001,0.0,0.0,4e-05
Nakul Yogi,6,0.0001,0.0,0.0,4e-05
Unnati Khatri,6,0.0001,0.0,0.0,4e-05
Logan Dash,6,0.0001,0.0,0.0,4e-05
Arin Kadakia,6,0.0001,0.0,0.0,4e-05
Wridesh Deep,6,0.0001,0.0,0.0,4e-05
Baghyawati Chada,6,0.0001,0.0,0.0,4e-05
Aishani Oza,6,0.0001,0.0,0.0,4e-05
Ishwar Ghose,6,0.0001,0.0,0.0,4e-05
Harish Sehgal,6,0.0001,0.0,0.0,4e-05
Abdul Sarkar,6,0.0001,0.0,0.0,4e-05
Nirja Kannan,6,0.0001,0.0,0.0,4e-05
Victor Ramaswamy,6,0.0001,0.0,0.0,4e-05
Lavanya Bhakta,7,0.0001,0.0,0.0,4e-05
Azad Chokshi,6,0.0001,0.0,0.0,4e-05
Harsh Tailor,6,0.0001,0.0,0.0,4e-05
Ojas Mahajan,6,0.0001,0.0,0.0,4e-05
Onveer Mani,6,0.0001,0.0,0.0,4e-05
Nikita Munshi,6,0.0001,0.0,0.0,4e-05
Raghav Wable,6,0.0001,0.0,0.0,4e-05
Abdul Saxena,7,0.0001,0.0,0.0,4e-05
Keya Wable,6,0.0001,0.0,0.0,4e-05
Saanvi Mangal,6,0.0001,0.0,0.0,4e-05
Inaya Nigam,6,0.0001,0.0,0.0,4e-05
Reva Bail,6,0.0001,0.0,0.0,4e-05
Dhruv Pandya,6,0.0001,0.0,0.0,4e-05
Gaurika Sama,6,0.0001,0.0,0.0,4e-05
Azaan Brahmbhatt,6,0.0001,0.0,0.0,4e-05
Chaitaly Doctor,7,0.0001,0.0,0.0,4e-05
Idika Deshpande,6,0.0001,0.0,0.0,4e-05
Mason Viswanathan,6,0.0001,0.0,0.0,4e-05
Xalak Raju,6,0.0001,0.0,0.0,4e-05
Tamanna Sangha,6,0.0001,0.0,0.0,4e-05
Krisha Mane,6,0.0001,0.0,0.0,4e-05
Qarin Lad,6,0.0001,0.0,0.0,4e-05
Hiral Bassi,7,0.0001,0.0,0.0,4e-05
Hemani Loyal,7,0.0001,0.0,0.0,4e-05
Joshua Krishnamurthy,6,0.0001,0.0,0.0,4e-05
Dalaja Rastogi,6,0.0001,0.0,0.0,4e-05
Akshay Narula,6,0.0001,0.0,0.0,4e-05
Balvan Vasa,6,0.0001,0.0,0.0,4e-05
Vamakshi Kumer,6,0.0001,0.0,0.0,4e-05
Harsh Golla,6,0.0001,0.0,0.0,4e-05
Baljiwan Narang,6,0.0001,0.0,0.0,4e-05
Leena Bal,6,0.0001,0.0,0.0,4e-05
Wyatt Biswas,6,0.0001,0.0,0.0,4e-05
Rachita Sangha,7,0.0001,0.0,0.0,4e-05
Rohan Kadakia,6,0.0001,0.0,0.0,4e-05
Lohit Borah,6,0.0001,0.0,0.0,4e-05
Jeevika Kashyap,6,0.0001,0.0,0.0,4e-05
Frederick Sharaf,6,0.0001,0.0,0.0,4e-05
Udyati Bhakta,6,0.0001,0.0,0.0,4e-05
Tanay Kalita,6,0.0001,0.0,0.0,4e-05
Oscar Behl,6,0.0001,0.0,0.0,4e-05
Yatan Kaul,6,0.0001,0.0,0.0,4e-05
Nicholas Purohit,6,0.0001,0.0,0.0,4e-05
Lipika Mishra,6,0.0001,0.0,0.0,4e-05
Qarin Varkey,6,0.0001,0.0,0.0,4e-05
Aryan Gopal,6,0.0001,0.0,0.0,4e-05
Hiral Soni,6,0.0001,0.0,0.0,4e-05
Utkarsh Pathak,6,0.0001,0.0,0.0,4e-05
Tarak Dhaliwal,6,0.0001,0.0,0.0,4e-05
Dev Narayan,6,0.0001,0.0,0.0,4e-05
Inaya Bali,6,0.0001,0.0,0.0,4e-05
Nathaniel Shah,7,0.0001,0.0,0.0,4e-05
Vihaan Mahajan,6,0.0001,0.0,0.0,4e-05
Eiravati Date,6,0.0001,0.0,0.0,4e-05
Yauvani Ramanathan,6,0.0001,0.0,0.0,4e-05
Turvi Parikh,6,0.0001,0.0,0.0,4e-05
Upasna Cheema,6,0.0001,0.0,0.0,4e-05
Aarnav Korpal,6,0.0001,0.0,0.0,4e-05
Laksh Mohan,6,0.0001,0.0,0.0,4e-05
Veda Sampath,6,0.0001,0.0,0.0,4e-05
Eesha Buch,6,0.0001,0.0,0.0,4e-05
Brinda Varma,7,0.0001,0.0,0.0,4e-05
Vanya Bansal,6,0.0001,0.0,0.0,4e-05
Vidhi Gade,6,0.0001,0.0,0.0,4e-05
Frado Dhillon,6,0.0001,0.0,0.0,4e-05
Ria Puri,6,0.0001,0.0,0.0,4e-05
Diya Char,6,0.0001,0.0,0.0,4e-05
Jonathan Goyal,6,0.0001,0.0,0.0,4e-05
Anvi Ramakrishnan,6,0.0001,0.0,0.0,4e-05
Jai Rama,6,0.0001,0.0,0.0,4e-05
Vamakshi Nair,6,0.0001,0.0,0.0,4e-05
Zaitra Koshy,6,0.0001,0.0,0.0,4e-05
Aarna Badami,6,0.0001,0.0,0.0,4e-05
Kamala Dara,6,0.0001,0.0,0.0,4e-05
Jai Kumar,6,0.0001,0.0,0.0,4e-05
Henry Pradhan,6,0.0001,0.0,0.0,4e-05
Jyoti Pingle,6,0.0001,0.0,0.0,4e-05
Pranit Sundaram,7,0.0001,0.0,0.0,4e-05
Arunima More,6,0.0001,0.0,0.0,4e-05
Sanya Toor,6,0.0001,0.0,0.0,4e-05
Krishna Gera,7,0.0001,0.0,0.0,4e-05
Adya Pillay,7,0.0001,0.0,0.0,4e-05
Janaki Saxena,6,0.0001,0.0,0.0,4e-05
Omisha Sami,6,0.0001,0.0,0.0,4e-05
Zinal Mammen,6,0.0001,0.0,0.0,4e-05
Laksh Munshi,7,0.0001,0.0,0.0,4e-05
Krishna Barad,7,0.0001,0.0,0.0,4e-05
Tejas Korpal,6,0.0001,0.0,0.0,4e-05
Dhruv Goda,6,0.0001,0.0,0.0,4e-05
Harita Shetty,6,0.0001,0.0,0.0,4e-05
Wakeeta Nayar,6,0.0001,0.0,0.0,4e-05
Aachal Radhakrishnan,6,0.0001,0.0,0.0,4e-05
Geetika Goswami,6,0.0001,0.0,0.0,4e-05
Gaurika Banerjee,6,0.0001,0.0,0.0,4e-05
Daniel Chauhan,6,0.0001,0.0,0.0,4e-05
Upasna Sanghvi,6,0.0001,0.0,0.0,4e-05
Gaurangi Pau,6,0.0001,0.0,0.0,4e-05
Jasmit Balay,6,0.0001,0.0,0.0,4e-05
Aahana Batra,6,0.0001,0.0,0.0,4e-05
Unni Baria,7,0.0001,0.0,0.0,4e-05
Champak Sarraf,6,0.0001,0.0,0.0,4e-05
Tanish Sura,7,0.0001,0.0,0.0,4e-05
Nisha Rama,6,0.0001,0.0,0.0,4e-05
Nisha Sheth,6,0.0001,0.0,0.0,4e-05
Arya Subramaniam,6,0.0001,0.0,0.0,4e-05
Omaja Iyengar,6,0.0001,0.0,0.0,4e-05
Avi Venkataraman,6,0.0001,0.0,0.0,4e-05
Wazir Dara,6,0.0001,0.0,0.0,4e-05
Leena Warrior,6,0.0001,0.0,0.0,4e-05
Eta De,6,0.0001,0.0,0.0,4e-05
Warinder Chaudhuri,6,0.0001,0.0,0.0,4e-05
Ethan Khare,6,0.0001,0.0,0.0,4e-05
Yash Bava,6,0.0001,0.0,0.0,4e-05
Yashoda Parmer,6,0.0001,0.0,0.0,4e-05
Edhitha Sha,6,0.0001,0.0,0.0,4e-05
Ishita Tella,6,0.0001,0.0,0.0,4e-05
Wriddhish Ghosh,6,0.0001,0.0,0.0,4e-05
Omisha Suresh,6,0.0001,0.0,0.0,4e-05
Leela Lanka,6,0.0001,0.0,0.0,4e-05
Yash Ramaswamy,6,0.0001,0.0,0.0,4e-05
Vansha Ram,6,0.0001,0.0,0.0,4e-05
Daksh Bala,6,0.0001,0.0,0.0,4e-05
Manthan Hans,6,0.0001,0.0,0.0,4e-05
Ucchal Pillai,6,0.0001,0.0,0.0,4e-05
Chandresh More,6,0.0001,0.0,0.0,4e-05
Pavani Mani,6,0.0001,0.0,0.0,4e-05
Ansh Din,6,0.0001,0.0,0.0,4e-05
Kashish Mandal,6,0.0001,0.0,0.0,4e-05
Jagrati Pathak,6,0.0001,0.0,0.0,4e-05
Sudiksha Dubey,6,0.0001,0.0,0.0,4e-05
Upasna Menon,6,0.0001,0.0,0.0,4e-05
Fariq Bajaj,7,0.0001,0.0,0.0,4e-05
Girindra Sandhu,6,0.0001,0.0,0.0,4e-05
Zaid Subramaniam,6,0.0001,0.0,0.0,4e-05
Widisha Deep,6,0.0001,0.0,0.0,4e-05
Bachittar Choudhry,6,0.0001,0.0,0.0,4e-05
Inaya Korpal,6,0.0001,0.0,0.0,4e-05
Matthew Taneja,7,0.0001,0.0,0.0,4e-05
Keya Mani,6,0.0001,0.0,0.0,4e-05
Falak Seshadri,6,0.0001,0.0,0.0,4e-05
Ishanvi Gala,6,0.0001,0.0,0.0,4e-05
Wahab Purohit,6,0.0001,0.0,0.0,4e-05
Jeet Butala,6,0.0001,0.0,0.0,4e-05
Zansi Krishnan,6,0.0001,0.0,0.0,4e-05
Falguni Rao,6,0.0001,0.0,0.0,4e-05
Vansha Chaudhry,6,0.0001,0.0,0.0,4e-05
Yashoda Bobal,6,0.0001,0.0,0.0,4e-05
Ridhi Hans,6,0.0001,0.0,0.0,4e-05
Gaurangi Chad,6,0.0001,0.0,0.0,4e-05
Onveer Sama,6,0.0001,0.0,0.0,4e-05
Farhan Johal,6,0.0001,0.0,0.0,4e-05
Samaksh Lalla,6,0.0001,0.0,0.0,4e-05
Umang Saxena,6,0.0001,0.0,0.0,4e-05
Pranit Raghavan,6,0.0001,0.0,0.0,4e-05
Vidhi Agrawal,6,0.0001,0.0,0.0,4e-05
Luke Mukherjee,6,0.0001,0.0,0.0,4e-05
Zehaan More,6,0.0001,0.0,0.0,4e-05
Adya Kulkarni,6,0.0001,0.0,0.0,4e-05
Radha Kant,6,0.0001,0.0,0.0,4e-05
Sai Sur,6,0.0001,0.0,0.0,4e-05
Chasmum Pai,6,0.0001,0.0,0.0,4e-05
Caleb Nath,6,0.0001,0.0,0.0,4e-05
Mekhala Kumer,6,0.0001,0.0,0.0,4e-05
Hardik Ramesh,6,0.0001,0.0,0.0,4e-05
Devika Kunda,6,0.0001,0.0,0.0,4e-05
Ayaan Hayer,6,0.0001,0.0,0.0,4e-05
Kamala Solanki,6,0.0001,0.0,0.0,4e-05
Tamanna Ghosh,6,0.0001,0.0,0.0,4e-05
Manthan Chaudhry,6,0.0001,0.0,0.0,4e-05
Zinal Kaur,6,0.0001,0.0,0.0,4e-05
Ayush Gandhi,6,0.0001,0.0,0.0,4e-05
Ira Bhardwaj,6,0.0001,0.0,0.0,4e-05
Mugdha Natt,6,0.0001,0.0,0.0,4e-05
Janani Sarraf,6,0.0001,0.0,0.0,4e-05
Yashawini Nayak,6,0.0001,0.0,0.0,4e-05
Vincent Walia,6,0.0001,0.0,0.0,4e-05
Vrishti Lanka,6,0.0001,0.0,0.0,4e-05
Warjas Tiwari,6,0.0001,0.0,0.0,4e-05
Hemal Dash,6,0.0001,0.0,0.0,4e-05
Vamakshi Walla,7,0.0001,0.0,0.0,4e-05
Tejas Khalsa,7,0.0001,0.0,0.0,4e-05
Indira Borde,6,0.0001,0.0,0.0,4e-05
Adya Sibal,6,0.0001,0.0,0.0,4e-05
Divya Ghosh,6,0.0001,0.0,0.0,4e-05
Lakshmi Sahota,6,0.0001,0.0,0.0,4e-05
Bhavya Bakshi,6,0.0001,0.0,0.0,4e-05
Wazir Ahluwalia,6,0.0001,0.0,0.0,4e-05
Upkaar Vala,7,0.0001,0.0,0.0,4e-05
Gauri Dara,6,0.0001,0.0,0.0,4e-05
Abdul Nazareth,6,0.0001,0.0,0.0,4e-05
Aradhana Koshy,6,0.0001,0.0,0.0,4e-05
Veer Vasa,6,0.0001,0.0,0.0,4e-05
Alexander Lalla,6,0.0001,0.0,0.0,4e-05
Manbir Rai,6,0.0001,0.0,0.0,4e-05
Falan Jhaveri,6,0.0001,0.0,0.0,4e-05
Raagini Mane,7,0.0001,0.0,0.0,4e-05
Jyoti Khanna,6,0.0001,0.0,0.0,4e-05
Rachit Misra,6,0.0001,0.0,0.0,4e-05
Nicholas Singh,6,0.0001,0.0,0.0,4e-05
Shravya Sheth,6,0.0001,0.0,0.0,4e-05
Joshua Badal,6,0.0001,0.0,0.0,4e-05
Tanay Wable,6,0.0001,0.0,0.0,4e-05
Nilima Tandon,6,0.0001,0.0,0.0,4e-05
Rachita Rege,6,0.0001,0.0,0.0,4e-05
Anirudh Dewan,6,0.0001,0.0,0.0,4e-05
Yashawini Barad,6,0.0001,0.0,0.0,4e-05
Vedika Sagar,6,0.0001,0.0,0.0,4e-05
Ekantika Chander,6,0.0001,0.0,0.0,4e-05
Ethan Issac,6,0.0001,0.0,0.0,4e-05
Gabriel Naik,6,0.0001,0.0,0.0,4e-05
Yagnesh Mittal,6,0.0001,0.0,0.0,4e-05
Geetika Dubey,6,0.0001,0.0,0.0,4e-05
Meera Dhaliwal,6,0.0001,0.0,0.0,4e-05
Naveen Sheth,6,0.0001,0.0,0.0,4e-05
Aradhana Parmar,6,0.0001,0.0,0.0,4e-05
Eta Mukherjee,6,0.0001,0.0,0.0,4e-05
Ekavir Ahuja,6,0.0001,0.0,0.0,4e-05
Faris Khanna,6,0.0001,0.0,0.0,4e-05
Shivani Sehgal,6,0.0001,0.0,0.0,4e-05
Elijah Bir,6,0.0001,0.0,0.0,4e-05
Nachiket Borde,6,0.0001,0.0,0.0,4e-05
Siddharth Chandra,6,0.0001,0.0,0.0,4e-05
Teerth Reddy,6,0.0001,0.0,0.0,4e-05
Umang Sen,6,0.0001,0.0,0.0,4e-05
Radha Varughese,6,0.0001,0.0,0.0,4e-05
Gunbir Krishnamurthy,6,0.0001,0.0,0.0,4e-05
Ekanta Hora,6,0.0001,0.0,0.0,4e-05
Ikbal Halder,6,0.0001,0.0,0.0,4e-05
Alexander Sarkar,6,0.0001,0.0,0.0,4e-05
Jyoti Nadkarni,6,0.0001,0.0,0.0,4e-05
Ekaja Parmar,7,0.0001,0.0,0.0,4e-05
Darika Doctor,6,0.0001,0.0,0.0,4e-05
Vrishti Upadhyay,6,0.0001,0.0,0.0,4e-05
Sneha Kothari,6,0.0001,0.0,0.0,4e-05
Bhavini Kunda,6,0.0001,0.0,0.0,4e-05
Rachit Deep,6,0.0001,0.0,0.0,4e-05
Libni Naik,6,0.0001,0.0,0.0,4e-05
Bina Kaur,6,0.0001,0.0,0.0,4e-05
Vansha Gulati,6,0.0001,0.0,0.0,4e-05
Ekta Bobal,6,0.0001,0.0,0.0,4e-05
Guneet Mani,6,0.0001,0.0,0.0,4e-05
Panini Wadhwa,6,0.0001,0.0,0.0,4e-05
Kashvi Iyengar,6,0.0001,0.0,0.0,4e-05
Gaurika Pant,6,0.0001,0.0,0.0,4e-05
Rachana Anne,6,0.0001,0.0,0.0,4e-05
Aadhya Nadig,6,0.0001,0.0,0.0,4e-05
Zehaan Dhawan,6,0.0001,0.0,0.0,4e-05
David Bir,6,0.0001,0.0,0.0,4e-05
Girish Balakrishnan,6,0.0001,0.0,0.0,4e-05
Yutika Sheth,6,0.0001,0.0,0.0,4e-05
Anamika Kade,6,0.0001,0.0,0.0,4e-05
Anita Dar,6,0.0001,0.0,0.0,4e-05
Sneha Tandon,6,0.0001,0.0,0.0,4e-05
Aachal Rao,6,0.0001,0.0,0.0,4e-05
Samar Mand,6,0.0001,0.0,0.0,4e-05
Aadhya Issac,6,0.0001,0.0,0.0,4e-05
Benjamin Gupta,6,0.0001,0.0,0.0,4e-05
Chakradhar Kamdar,6,0.0001,0.0,0.0,4e-05
Advaith Sachar,6,0.0001,0.0,0.0,4e-05
Yadavi Khatri,6,0.0001,0.0,0.0,4e-05
Lekha Barad,6,0.0001,0.0,0.0,4e-05
Lakshmi Rao,6,0.0001,0.0,0.0,4e-05
Vasatika Dasgupta,6,0.0001,0.0,0.0,4e-05
Chasmum Mangal,6,0.0001,0.0,0.0,4e-05
Advik Toor,6,0.0001,0.0,0.0,4e-05
Omaja Borde,6,0.0001,0.0,0.0,4e-05
Henry Borde,6,0.0001,0.0,0.0,4e-05
Tripti Keer,6,0.0001,0.0,0.0,4e-05
Kala Murthy,6,0.0001,0.0,0.0,4e-05
Omkaar Gour,6,0.0001,0.0,0.0,4e-05
Veda Goda,6,0.0001,0.0,0.0,4e-05
Vedhika Bajwa,6,0.0001,0.0,0.0,4e-05
Warhi Majumdar,6,0.0001,0.0,0.0,4e-05
Waida Krish,6,0.0001,0.0,0.0,4e-05
Omkaar Viswanathan,6,0.0001,0.0,0.0,4e-05
Nihal Palla,6,0.0001,0.0,0.0,4e-05
Zayan More,7,0.0001,0.0,0.0,4e-05
Ishani Butala,6,0.0001,0.0,0.0,4e-05
Aarav Mand,6,0.0001,0.0,0.0,4e-05
Upadhriti Choudhury,6,0.0001,0.0,0.0,4e-05
Yashodhara Dua,6,0.0001,0.0,0.0,4e-05
Isaac Kulkarni,6,0.0001,0.0,0.0,4e-05
Vinaya Setty,6,0.0001,0.0,0.0,4e-05
Bhavini Dayal,6,0.0001,0.0,0.0,4e-05
Ikshita Chakrabarti,7,0.0001,0.0,0.0,4e-05
Wridesh Walla,6,0.0001,0.0,0.0,4e-05
Varsha Rana,6,0.0001,0.0,0.0,4e-05
Vedhika Bir,6,0.0001,0.0,0.0,4e-05
Mekhala Sampath,6,0.0001,0.0,0.0,4e-05
Yashica Banerjee,6,0.0001,0.0,0.0,4e-05
Suhani Nath,7,0.0001,0.0,0.0,4e-05
Tanish Bassi,6,0.0001,0.0,0.0,4e-05
Kabir Sachdev,6,0.0001,0.0,0.0,4e-05
Bimala Palla,6,0.0001,0.0,0.0,4e-05
Neel Seth,6,0.0001,0.0,0.0,4e-05
Idika Dave,6,0.0001,0.0,0.0,4e-05
Anusha Kadakia,6,0.0001,0.0,0.0,4e-05
Jasmit Nagi,6,0.0001,0.0,0.0,4e-05
Triveni Mani,6,0.0001,0.0,0.0,4e-05
Onveer Varughese,6,0.0001,0.0,0.0,4e-05
Hredhaan Bhandari,6,0.0001,0.0,0.0,4e-05
Pavani Parmar,6,0.0001,0.0,0.0,4e-05
Ishaan Garg,6,0.0001,0.0,0.0,4e-05
Alexander Bhandari,6,0.0001,0.0,0.0,4e-05
Faqid Jain,6,0.0001,0.0,0.0,4e-05
Benjamin Bhavsar,7,0.0001,0.0,0.0,4e-05
Vihaan Mody,6,0.0001,0.0,0.0,4e-05
Ekani Muni,6,0.0001,0.0,0.0,4e-05
Nicholas Loyal,7,0.0001,0.0,0.0,4e-05
Ati Deol,6,0.0001,0.0,0.0,4e-05
Sathvik Naik,6,0.0001,0.0,0.0,4e-05
Karan Bedi,6,0.0001,0.0,0.0,4e-05
Jackson Date,6,0.0001,0.0,0.0,4e-05
Banjeet Saraf,6,0.0001,0.0,0.0,4e-05
Jeremiah Nagarajan,6,0.0001,0.0,0.0,4e-05
Shaurya Devan,6,0.0001,0.0,0.0,4e-05
Bhavika Dube,6,0.0001,0.0,0.0,4e-05
Vihaan Deol,6,0.0001,0.0,0.0,4e-05
Aadi Prabhakar,6,0.0001,0.0,0.0,4e-05
Michael Pandit,6,0.0001,0.0,0.0,4e-05
Sachi Reddy,6,0.0001,0.0,0.0,4e-05
Owen Arora,6,0.0001,0.0,0.0,4e-05
Vasudha Prabhu,6,0.0001,0.0,0.0,4e-05
Rudra Bawa,6,0.0001,0.0,0.0,4e-05
Ronith Mutti,6,0.0001,0.0,0.0,4e-05
Inaya Venkatesh,6,0.0001,0.0,0.0,4e-05
Chaaya Grover,6,0.0001,0.0,0.0,4e-05
Rohan Mandal,6,0.0001,0.0,0.0,4e-05
Kiaan Gulati,6,0.0001,0.0,0.0,4e-05
Damini Sem,6,0.0001,0.0,0.0,4e-05
Ira Palla,6,0.0001,0.0,0.0,4e-05
Nathan Saran,6,0.0001,0.0,0.0,4e-05
Yashasvi Bora,6,0.0001,0.0,0.0,4e-05
Advaith Sachdeva,6,0.0001,0.0,0.0,4e-05
Amaira Sharaf,6,0.0001,0.0,0.0,4e-05
Tamanna Talwar,6,0.0001,0.0,0.0,4e-05
Anika Minhas,6,0.0001,0.0,0.0,4e-05
Mitesh Kale,6,0.0001,0.0,0.0,4e-05
Aarini Sura,7,0.0001,0.0,0.0,4e-05
Ucchal Sahni,6,0.0001,0.0,0.0,4e-05
Ojasvi Dasgupta,6,0.0001,0.0,0.0,4e-05
Isha Wason,6,0.0001,0.0,0.0,4e-05
Reyansh Bath,6,0.0001,0.0,0.0,4e-05
Raksha Ranganathan,6,0.0001,0.0,0.0,4e-05
Bimala Dara,6,0.0001,0.0,0.0,4e-05
Yagnesh Parekh,6,0.0001,0.0,0.0,4e-05
Charvi Khatri,6,0.0001,0.0,0.0,4e-05
Falguni Bose,6,0.0001,0.0,0.0,4e-05
Jagrati Natarajan,6,0.0001,0.0,0.0,4e-05
Januja Shankar,6,0.0001,0.0,0.0,4e-05
Chaman Ravi,6,0.0001,0.0,0.0,4e-05
Pooja Setty,6,0.0001,0.0,0.0,4e-05
Atharv Majumdar,7,0.0001,0.0,0.0,4e-05
Orinder Oak,6,0.0001,0.0,0.0,4e-05
Hemal Master,6,0.0001,0.0,0.0,4e-05
Mekhala Bose,6,0.0001,0.0,0.0,4e-05
Leena Nigam,6,0.0001,0.0,0.0,4e-05
Vinaya Shanker,6,0.0001,0.0,0.0,4e-05
Zansi Venkatesh,6,0.0001,0.0,0.0,4e-05
Jacob Nayak,6,0.0001,0.0,0.0,4e-05
Harrison Banerjee,6,0.0001,0.0,0.0,4e-05
Ria Kar,6,0.0001,0.0,0.0,4e-05
Champak Kunda,6,0.0001,0.0,0.0,4e-05
Rushil Saraf,6,0.0001,0.0,0.0,4e-05
Panini Khalsa,6,0.0001,0.0,0.0,4e-05
Girish Uppal,6,0.0001,0.0,0.0,4e-05
Mason Gokhale,6,0.0001,0.0,0.0,4e-05
Chandani Sinha,6,0.0001,0.0,0.0,4e-05
Nilima Jhaveri,6,0.0001,0.0,0.0,4e-05
Rajeshri Dara,6,0.0001,0.0,0.0,4e-05
Teerth Kannan,6,0.0001,0.0,0.0,4e-05
Frederick Som,6,0.0001,0.0,0.0,4e-05
Alka Chowdhury,6,0.0001,0.0,0.0,4e-05
Urishilla Mani,6,0.0001,0.0,0.0,4e-05
Eta Golla,6,0.0001,0.0,0.0,4e-05
Yahvi Pall,6,0.0001,0.0,0.0,4e-05
Wriddhish Rajagopal,6,0.0001,0.0,0.0,4e-05
Yashawini Kibe,6,0.0001,0.0,0.0,4e-05
Upma Minhas,6,0.0001,0.0,0.0,4e-05
Sai Minhas,6,0.0001,0.0,0.0,4e-05
Vrinda Yogi,6,0.0001,0.0,0.0,4e-05
Urvi Rana,6,0.0001,0.0,0.0,4e-05
Ishanvi Savant,7,0.0001,0.0,0.0,4e-05
Samaksh Kohli,6,0.0001,0.0,0.0,4e-05
Chaaya Pradhan,6,0.0001,0.0,0.0,4e-05
Anirudh Mishra,6,0.0001,0.0,0.0,4e-05
Advay Sarraf,6,0.0001,0.0,0.0,4e-05
Theodore Saha,6,0.0001,0.0,0.0,4e-05
Tanmayi Sura,6,0.0001,0.0,0.0,4e-05
Sudiksha Nadig,6,0.0001,0.0,0.0,4e-05
Urvashi Sastry,6,0.0001,0.0,0.0,4e-05
Kabir Sarraf,6,0.0001,0.0,0.0,4e-05
Daniel Badami,6,0.0001,0.0,0.0,4e-05
Balveer Balay,6,0.0001,0.0,0.0,4e-05
Anirudh Rau,7,0.0001,0.0,0.0,4e-05
Chandani Bahri,6,0.0001,0.0,0.0,4e-05
Mohammed Chopra,6,0.0001,0.0,0.0,4e-05
Nachiket Parsa,6,0.0001,0.0,0.0,4e-05
Jason Brahmbhatt,6,0.0001,0.0,0.0,4e-05
Azaan Nigam,6,0.0001,0.0,0.0,4e-05
Faraj Khalsa,6,0.0001,0.0,0.0,4e-05
Chandran Dhingra,6,0.0001,0.0,0.0,4e-05
Ekavir Patil,6,0.0001,0.0,0.0,4e-05
Nimrat Aurora,6,0.0001,0.0,0.0,4e-05
Ranveer Prakash,6,0.0001,0.0,0.0,4e-05
Rachana Ahuja,6,0.0001,0.0,0.0,4e-05
Priya Sidhu,7,0.0001,0.0,0.0,4e-05
Chakrika Choudhury,6,0.0001,0.0,0.0,4e-05
Ucchal Wali,6,0.0001,0.0,0.0,4e-05
Shaurya Dyal,6,0.0001,0.0,0.0,4e-05
Pranit Baral,6,0.0001,0.0,0.0,4e-05
Anusha Saran,6,0.0001,0.0,0.0,4e-05
Sneha Lala,6,0.0001,0.0,0.0,4e-05
Tanmayi Kale,6,0.0001,0.0,0.0,4e-05
Yadavi Dutt,6,0.0001,0.0,0.0,4e-05
Rishi Nagar,6,0.0001,0.0,0.0,4e-05
Warda Tandon,7,0.0001,0.0,0.0,4e-05
Wriddhish Barad,6,0.0001,0.0,0.0,4e-05
Jai Chopra,6,0.0001,0.0,0.0,4e-05
Faqid Shenoy,6,0.0001,0.0,0.0,4e-05
Ranbir Soman,6,0.0001,0.0,0.0,4e-05
Charles Mane,6,0.0001,0.0,0.0,4e-05
Chandresh Natarajan,6,0.0001,0.0,0.0,4e-05
Ayushman Prabhakar,6,0.0001,0.0,0.0,4e-05
Kabir Peri,6,0.0001,0.0,0.0,4e-05
Mugdha Sachar,6,0.0001,0.0,0.0,4e-05
Leela Divan,6,0.0001,0.0,0.0,4e-05
Yashica Bir,7,0.0001,0.0,0.0,4e-05
Wyatt Raval,6,0.0001,0.0,0.0,4e-05
Yutika Krishna,6,0.0001,0.0,0.0,4e-05
Azad Sarin,6,0.0001,0.0,0.0,4e-05
Janani Bahri,6,0.0001,0.0,0.0,4e-05
Aahana Virk,6,0.0001,0.0,0.0,4e-05
Pranav Bhatt,6,0.0001,0.0,0.0,4e-05
Ayush Zachariah,6,0.0001,0.0,0.0,4e-05
Udant Devi,6,0.0001,0.0,0.0,4e-05
Caleb Balan,7,0.0001,0.0,0.0,4e-05
Yatan Sidhu,6,0.0001,0.0,0.0,4e-05
Advay Kade,6,0.0001,0.0,0.0,4e-05
Jhalak Rout,7,0.0001,0.0,0.0,4e-05
Nirja Sur,6,0.0001,0.0,0.0,4e-05
Naksh Rastogi,6,0.0001,0.0,0.0,4e-05
Ijaya Bassi,6,0.0001,0.0,0.0,4e-05
Garima Cheema,6,0.0001,0.0,0.0,4e-05
Ekaja Sridhar,6,0.0001,0.0,0.0,4e-05
Wriddhish Murthy,6,0.0001,0.0,0.0,4e-05
Raagini Dewan,7,0.0001,0.0,0.0,4e-05
Garima Bobal,6,0.0001,0.0,0.0,4e-05
Zehaan Gill,6,0.0001,0.0,0.0,4e-05
Pratyush Raval,6,0.0001,0.0,0.0,4e-05
Onveer Bajaj,6,0.0001,0.0,0.0,4e-05
Yashawini Purohit,7,0.0001,0.0,0.0,4e-05
Zaid Wadhwa,6,0.0001,0.0,0.0,4e-05
Falan Kapur,6,0.0001,0.0,0.0,4e-05
Isaac Ravi,6,0.0001,0.0,0.0,4e-05
Tejas Shetty,6,0.0001,0.0,0.0,4e-05
Tristan Goswami,6,0.0001,0.0,0.0,4e-05
Wridesh Batra,7,0.0001,0.0,0.0,4e-05
Ojas Bal,6,0.0001,0.0,0.0,4e-05
Banjeet Kapoor,6,0.0001,0.0,0.0,4e-05
Wridesh Jhaveri,7,0.0001,0.0,0.0,4e-05
Chanakya Amble,7,0.0001,0.0,0.0,4e-05
Aarav Kale,6,0.0001,0.0,0.0,4e-05
Max Dasgupta,6,0.0001,0.0,0.0,4e-05
Max Madan,6,0.0001,0.0,0.0,4e-05
Owen Raja,6,0.0001,0.0,0.0,4e-05
Fitan Keer,7,0.0001,0.0,0.0,4e-05
Nidra Solanki,6,0.0001,0.0,0.0,4e-05
Harini Dewan,6,0.0001,0.0,0.0,4e-05
Timothy Dalal,6,0.0001,0.0,0.0,4e-05
Vasudha Krish,6,0.0001,0.0,0.0,4e-05
Rushil Nair,6,0.0001,0.0,0.0,4e-05
Shravya Goswami,6,0.0001,0.0,0.0,4e-05
Abhiram Varghese,6,0.0001,0.0,0.0,4e-05
Zinal Cheema,6,0.0001,0.0,0.0,4e-05
Chakrika Johal,6,0.0001,0.0,0.0,4e-05
Garima Bera,6,0.0001,0.0,0.0,4e-05
Manthan Sur,6,0.0001,0.0,0.0,4e-05
Gautam Edwin,6,0.0001,0.0,0.0,4e-05
Nachiket Brar,6,0.0001,0.0,0.0,4e-05
Upadhriti Karan,6,0.0001,0.0,0.0,4e-05
Advay Sidhu,6,0.0001,0.0,0.0,4e-05
Odika Keer,6,0.0001,0.0,0.0,4e-05
Odika Kota,6,0.0001,0.0,0.0,4e-05
Maanas Pradhan,6,0.0001,0.0,0.0,4e-05
Omya Kohli,6,0.0001,0.0,0.0,4e-05
Aarush Bahl,6,0.0001,0.0,0.0,4e-05
Ansh Mand,7,0.0001,0.0,0.0,4e-05
Faraj Sankar,6,0.0001,0.0,0.0,4e-05
Wridesh Sinha,6,0.0001,0.0,0.0,4e-05
Nitara Gill,6,0.0001,0.0,0.0,4e-05
Yamini Batta,7,0.0001,0.0,0.0,4e-05
Darpan Mitra,6,0.0001,0.0,0.0,4e-05
Keya Pall,7,0.0001,0.0,0.0,4e-05
Samarth Suri,6,0.0001,0.0,0.0,4e-05
Chaitanya Ravel,6,0.0001,0.0,0.0,4e-05
Zarna Mital,6,0.0001,0.0,0.0,4e-05
Liam Kulkarni,6,0.0001,0.0,0.0,4e-05
Krishna Lata,6,0.0001,0.0,0.0,4e-05
Ranveer Korpal,6,0.0001,0.0,0.0,4e-05
Onveer Saini,6,0.0001,0.0,0.0,4e-05
Reva Sankar,6,0.0001,0.0,0.0,4e-05
Hiral Chaudry,6,0.0001,0.0,0.0,4e-05
Gavin Viswanathan,6,0.0001,0.0,0.0,4e-05
Faraj Ratta,6,0.0001,0.0,0.0,4e-05
Mohini Modi,6,0.0001,0.0,0.0,4e-05
Neha Prabhu,6,0.0001,0.0,0.0,4e-05
Chandran Balay,6,0.0001,0.0,0.0,4e-05
Vamakshi Kalla,6,0.0001,0.0,0.0,4e-05
Ekalinga Mannan,6,0.0001,0.0,0.0,4e-05
Hardik Basu,6,0.0001,0.0,0.0,4e-05
Chavvi Deep,6,0.0001,0.0,0.0,4e-05
Chasmum Jayaraman,6,0.0001,0.0,0.0,4e-05
Anika Thakur,6,0.0001,0.0,0.0,4e-05
Eta Basu,6,0.0001,0.0,0.0,4e-05
Girik Raman,6,0.0001,0.0,0.0,4e-05
Tejas Boase,6,0.0001,0.0,0.0,4e-05
Bhavna Nazareth,6,0.0001,0.0,0.0,4e-05
Pavani Raghavan,6,0.0001,0.0,0.0,4e-05
Rajata Agarwal,6,0.0001,0.0,0.0,4e-05
Viraj Hayre,7,0.0001,0.0,0.0,4e-05
Tristan Subramanian,6,0.0001,0.0,0.0,4e-05
Vyanjana Pingle,7,0.0001,0.0,0.0,4e-05
Kalpit Srinivas,6,0.0001,0.0,0.0,4e-05
Shaurya Cheema,6,0.0001,0.0,0.0,4e-05
Yashodhara Varty,6,0.0001,0.0,0.0,4e-05
Ekansh Pal,6,0.0001,0.0,0.0,4e-05
Aarini Dhawan,6,0.0001,0.0,0.0,4e-05
Robert Gulati,6,0.0001,0.0,0.0,4e-05
Gabriel Chana,6,0.0001,0.0,0.0,4e-05
Vanya Kuruvilla,6,0.0001,0.0,0.0,4e-05
Ekaraj Mani,7,0.0001,0.0,0.0,4e-05
Hiral Rajan,6,0.0001,0.0,0.0,4e-05
Ekaja Kadakia,6,0.0001,0.0,0.0,4e-05
Arya Borah,6,0.0001,0.0,0.0,4e-05
Darika Vala,6,0.0001,0.0,0.0,4e-05
Anthony Thakur,6,0.0001,0.0,0.0,4e-05
Anusha Agrawal,6,0.0001,0.0,0.0,4e-05
Teerth Borah,6,0.0001,0.0,0.0,4e-05
Anjali Khurana,6,0.0001,0.0,0.0,4e-05
Jagat Deol,6,0.0001,0.0,0.0,4e-05
Sanya Gera,6,0.0001,0.0,0.0,4e-05
Libni Bhat,6,0.0001,0.0,0.0,4e-05
Yashica Sridhar,6,0.0001,0.0,0.0,4e-05
Bahadurjit Khatri,6,0.0001,0.0,0.0,4e-05
Megha Chander,6,0.0001,0.0,0.0,4e-05
Umang Shah,6,0.0001,0.0,0.0,4e-05
Rajeshri Om,6,0.0001,0.0,0.0,4e-05
Praneel Butala,6,0.0001,0.0,0.0,4e-05
Kashish Sachdev,7,0.0001,0.0,0.0,4e-05
Ria Patla,6,0.0001,0.0,0.0,4e-05
Anika Rout,6,0.0001,0.0,0.0,4e-05
Turvi Kakar,6,0.0001,0.0,0.0,4e-05
Ojasvi Bose,6,0.0001,0.0,0.0,4e-05
Sachi Deshmukh,6,0.0001,0.0,0.0,4e-05
Nandini Pau,7,0.0001,0.0,0.0,4e-05
Harini Soman,7,0.0001,0.0,0.0,4e-05
Ranveer Shukla,6,0.0001,0.0,0.0,4e-05
Anirudh Cheema,7,0.0001,0.0,0.0,4e-05
Oscar Bhakta,6,0.0001,0.0,0.0,4e-05
Rehaan Wadhwa,6,0.0001,0.0,0.0,4e-05
Zinal Hayre,6,0.0001,0.0,0.0,4e-05
Frederick Raval,6,0.0001,0.0,0.0,4e-05
Waida Loke,6,0.0001,0.0,0.0,4e-05
Deepa Ratta,6,0.0001,0.0,0.0,4e-05
Baghyawati Narain,6,0.0001,0.0,0.0,4e-05
David Nayak,6,0.0001,0.0,0.0,4e-05
Kamya Banerjee,6,0.0001,0.0,0.0,4e-05
Faraj Datta,6,0.0001,0.0,0.0,4e-05
Falan Garg,6,0.0001,0.0,0.0,4e-05
Ira Yadav,6,0.0001,0.0,0.0,4e-05
Madhavi Bhalla,6,0.0001,0.0,0.0,4e-05
Vedika Nagarajan,6,0.0001,0.0,0.0,4e-05
Hritik Dhaliwal,6,0.0001,0.0,0.0,4e-05
Turvi Oza,6,0.0001,0.0,0.0,4e-05
Vansha Hora,7,0.0001,0.0,0.0,4e-05
Chatresh Chaudhary,6,0.0001,0.0,0.0,4e-05
Quincy Grewal,6,0.0001,0.0,0.0,4e-05
Abhiram Dhar,6,0.0001,0.0,0.0,4e-05
Kalpit Panchal,6,0.0001,0.0,0.0,4e-05
Ishita Merchant,6,0.0001,0.0,0.0,4e-05
Isaac Narasimhan,6,0.0001,0.0,0.0,4e-05
Vrishti Verma,6,0.0001,0.0,0.0,4e-05
Kala Tara,6,0.0001,0.0,0.0,4e-05
Gauri Pingle,6,0.0001,0.0,0.0,4e-05
Chatura Chadha,6,0.0001,0.0,0.0,4e-05
Anjali Dave,6,0.0001,0.0,0.0,4e-05
Chatresh Chaudhari,6,0.0001,0.0,0.0,4e-05
Chandani Narayanan,6,0.0001,0.0,0.0,4e-05
Guneet Randhawa,7,0.0001,0.0,0.0,4e-05
Saksham Hora,6,0.0001,0.0,0.0,4e-05
Lakshmi Arora,6,0.0001,0.0,0.0,4e-05
Lavanya Deo,6,0.0001,0.0,0.0,4e-05
Rachana Dewan,6,0.0001,0.0,0.0,4e-05
Januja Choudhury,6,0.0001,0.0,0.0,4e-05
Jeevika Raj,6,0.0001,0.0,0.0,4e-05
Nitara Srinivasan,6,0.0001,0.0,0.0,4e-05
Zaid Shetty,6,0.0001,0.0,0.0,4e-05
Dominic Keer,6,0.0001,0.0,0.0,4e-05
Hemani Misra,6,0.0001,0.0,0.0,4e-05
Agastya Kala,6,0.0001,0.0,0.0,4e-05
Bhavini Gade,6,0.0001,0.0,0.0,4e-05
Dalbir Sura,6,0.0001,0.0,0.0,4e-05
Mitali Choudhry,6,0.0001,0.0,0.0,4e-05
Warjas Chacko,6,0.0001,0.0,0.0,4e-05
Aarav Ramaswamy,6,0.0001,0.0,0.0,4e-05
Parth Puri,6,0.0001,0.0,0.0,4e-05
Lekha Bhasin,6,0.0001,0.0,0.0,4e-05
Madhav Narula,6,0.0001,0.0,0.0,4e-05
Darsh Arora,6,0.0001,0.0,0.0,4e-05
Vedika Tripathi,7,0.0001,0.0,0.0,4e-05
Karan Verma,6,0.0001,0.0,0.0,4e-05
Kai Pal,6,0.0001,0.0,0.0,4e-05
Mugdha Palla,6,0.0001,0.0,0.0,4e-05
Vihaan Krishna,6,0.0001,0.0,0.0,4e-05
Yoshita Pradhan,6,0.0001,0.0,0.0,4e-05
Ijaya Samra,6,0.0001,0.0,0.0,4e-05
Rishi Swaminathan,6,0.0001,0.0,0.0,4e-05
Januja Bandi,6,0.0001,0.0,0.0,4e-05
Kashvi Dani,6,0.0001,0.0,0.0,4e-05
Ethan Nigam,6,0.0001,0.0,0.0,4e-05
Girik Kapadia,6,0.0001,0.0,0.0,4e-05
Karan Kalla,6,0.0001,0.0,0.0,4e-05
Amaira Badami,6,0.0001,0.0,0.0,4e-05
Nandini Vig,6,0.0001,0.0,0.0,4e-05
Yashasvi Bhatnagar,7,0.0001,0.0,0.0,4e-05
Geetika Sekhon,6,0.0001,0.0,0.0,4e-05
Kevin Varty,6,0.0001,0.0,0.0,4e-05
Sanaya Jha,6,0.0001,0.0,0.0,4e-05
Vrishti Ramachandran,6,0.0001,0.0,0.0,4e-05
Liam Sachdeva,6,0.0001,0.0,0.0,4e-05
Farhan Tandon,6,0.0001,0.0,0.0,4e-05
Oeshi Dave,6,0.0001,0.0,0.0,4e-05
Dev Raval,6,0.0001,0.0,0.0,4e-05
Gopal Iyer,6,0.0001,0.0,0.0,4e-05
Upadhriti Choudhry,6,0.0001,0.0,0.0,4e-05
Diya Dara,6,0.0001,0.0,0.0,4e-05
Jagat Rege,6,0.0001,0.0,0.0,4e-05
Jagdish Chakraborty,6,0.0001,0.0,0.0,4e-05
Kai Seshadri,6,0.0001,0.0,0.0,4e-05
Ishita Srinivasan,6,0.0001,0.0,0.0,4e-05
Jagvi Balakrishnan,6,0.0001,0.0,0.0,4e-05
Onveer Wason,6,0.0001,0.0,0.0,4e-05
Hemal Sethi,6,0.0001,0.0,0.0,4e-05
Thomas Narang,6,0.0001,0.0,0.0,4e-05
Harsh Bobal,6,0.0001,0.0,0.0,4e-05
Ira Mishra,6,0.0001,0.0,0.0,4e-05
Megha Nagar,6,0.0001,0.0,0.0,4e-05
Ekalinga Dube,6,0.0001,0.0,0.0,4e-05
Frederick Samra,6,0.0001,0.0,0.0,4e-05
Balvan Chadha,6,0.0001,0.0,0.0,4e-05
Ishanvi Dada,6,0.0001,0.0,0.0,4e-05
Frado Tella,6,0.0001,0.0,0.0,4e-05
Veer Date,6,0.0001,0.0,0.0,4e-05
Leena Sule,6,0.0001,0.0,0.0,4e-05
Adweta Kurian,6,0.0001,0.0,0.0,4e-05
Nirja Tripathi,6,0.0001,0.0,0.0,4e-05
Amruta Narain,6,0.0001,0.0,0.0,4e-05
Sai Bail,6,0.0001,0.0,0.0,4e-05
Jatin Chanda,6,0.0001,0.0,0.0,4e-05
Ekalinga Oza,7,0.0001,0.0,0.0,4e-05
Yashawini Dara,6,0.0001,0.0,0.0,4e-05
Om Dhawan,6,0.0001,0.0,0.0,4e-05
Vedant Bhagat,6,0.0001,0.0,0.0,4e-05
Harshil Chowdhury,6,0.0001,0.0,0.0,4e-05
Bahadurjit Gupta,6,0.0001,0.0,0.0,4e-05
Meghana Agrawal,6,0.0001,0.0,0.0,4e-05
Advik Sani,6,0.0001,0.0,0.0,4e-05
Viraj Sood,6,0.0001,0.0,0.0,4e-05
Pavani Pal,6,0.0001,0.0,0.0,4e-05
Tanveer Boase,7,0.0001,0.0,0.0,4e-05
Deepa Bera,6,0.0001,0.0,0.0,4e-05
Aditya Singhal,6,0.0001,0.0,0.0,4e-05
Qushi Seth,7,0.0001,0.0,0.0,4e-05
Darsh Iyengar,6,0.0001,0.0,0.0,4e-05
Dakshesh Vala,6,0.0001,0.0,0.0,4e-05
Krishna Gaba,6,0.0001,0.0,0.0,4e-05
Aarini Sawhney,6,0.0001,0.0,0.0,4e-05
Naksh Bahl,6,0.0001,0.0,0.0,4e-05
Raagini Varkey,6,0.0001,0.0,0.0,4e-05
Jagrati Sandhu,6,0.0001,0.0,0.0,4e-05
Warda Patil,6,0.0001,0.0,0.0,4e-05
Ekta Chahal,7,0.0001,0.0,0.0,4e-05
Ojas Loyal,6,0.0001,0.0,0.0,4e-05
Urvi Sibal,6,0.0001,0.0,0.0,4e-05
Vivaan Chaudhry,6,0.0001,0.0,0.0,4e-05
Anusha Loke,6,0.0001,0.0,0.0,4e-05
Idika Garg,6,0.0001,0.0,0.0,4e-05
Timothy Kurian,6,0.0001,0.0,0.0,4e-05
Zayyan Ranganathan,6,0.0001,0.0,0.0,4e-05
Chandani Mandal,6,0.0001,0.0,0.0,4e-05
Panini Vig,6,0.0001,0.0,0.0,4e-05
Amol Sami,6,0.0001,0.0,0.0,4e-05
Advika Baria,6,0.0001,0.0,0.0,4e-05
Isha Bal,6,0.0001,0.0,0.0,4e-05
Daksh Chada,6,0.0001,0.0,0.0,4e-05
Lucky Wagle,6,0.0001,0.0,0.0,4e-05
Yagnesh Merchant,6,0.0001,0.0,0.0,4e-05
Wridesh Randhawa,6,0.0001,0.0,0.0,4e-05
Dakshesh Ratti,6,0.0001,0.0,0.0,4e-05
Charan Kannan,6,0.0001,0.0,0.0,4e-05
Vedika Shah,7,0.0001,0.0,0.0,4e-05
Advika Agate,6,0.0001,0.0,0.0,4e-05
Chaman Pau,6,0.0001,0.0,0.0,4e-05
Devansh Banerjee,6,0.0001,0.0,0.0,4e-05
Yug Mitra,6,0.0001,0.0,0.0,4e-05
Joshua Tiwari,6,0.0001,0.0,0.0,4e-05
Girish Brar,6,0.0001,0.0,0.0,4e-05
William Johal,6,0.0001,0.0,0.0,4e-05
Sarthak Chopra,6,0.0001,0.0,0.0,4e-05
Atharv Din,6,0.0001,0.0,0.0,4e-05
Lakshit Bhatt,6,0.0001,0.0,0.0,4e-05
Champak Chaudhuri,6,0.0001,0.0,0.0,4e-05
Wriddhish Suri,6,0.0001,0.0,0.0,4e-05
Upadhriti Parsa,6,0.0001,0.0,0.0,4e-05
Upasna Bhatti,6,0.0001,0.0,0.0,4e-05
Nicholas Mallick,6,0.0001,0.0,0.0,4e-05
Anamika Verma,7,0.0001,0.0,0.0,4e-05
Bishakha Bala,6,0.0001,0.0,0.0,4e-05
Advik Gokhale,6,0.0001,0.0,0.0,4e-05
Adya Pandya,6,0.0001,0.0,0.0,4e-05
Finn Mane,6,0.0001,0.0,0.0,4e-05
Vidhi Sabharwal,6,0.0001,0.0,0.0,4e-05
Kevin Balan,7,0.0001,0.0,0.0,4e-05
Waida Kaul,6,0.0001,0.0,0.0,4e-05
Ekbal Rai,6,0.0001,0.0,0.0,4e-05
Kavya Ramachandran,6,0.0001,0.0,0.0,4e-05
Matthew Krishna,6,0.0001,0.0,0.0,4e-05
Chakrika Chander,6,0.0001,0.0,0.0,4e-05
Ishwar Kaul,6,0.0001,0.0,0.0,4e-05
Ayushman Cherian,7,0.0001,0.0,0.0,4e-05
Omisha Biswas,6,0.0001,0.0,0.0,4e-05
Anay Dugar,6,0.0001,0.0,0.0,4e-05
Tara Palla,6,0.0001,0.0,0.0,4e-05
Ekapad Maharaj,6,0.0001,0.0,0.0,4e-05
Xalak Ramachandran,6,0.0001,0.0,0.0,4e-05
Ishita Kaur,6,0.0001,0.0,0.0,4e-05
Veda Patla,6,0.0001,0.0,0.0,4e-05
Teerth Chahal,6,0.0001,0.0,0.0,4e-05
Zansi Kota,6,0.0001,0.0,0.0,4e-05
Praneel Purohit,6,0.0001,0.0,0.0,4e-05
Arjun Shah,6,0.0001,0.0,0.0,4e-05
Saksham Handa,6,0.0001,0.0,0.0,4e-05
Owen Char,6,0.0001,0.0,0.0,4e-05
Oscar Srivastava,6,0.0001,0.0,0.0,4e-05
Hema Mistry,6,0.0001,0.0,0.0,4e-05
Lavanya Maharaj,6,0.0001,0.0,0.0,4e-05
Geetika Sachdeva,6,0.0001,0.0,0.0,4e-05
Eshana Kalla,6,0.0001,0.0,0.0,4e-05
Hemal Gupta,6,0.0001,0.0,0.0,4e-05
Rayaan Bains,6,0.0001,0.0,0.0,4e-05
Bimala Chowdhury,6,0.0001,0.0,0.0,4e-05
Robert Banik,6,0.0001,0.0,0.0,4e-05
Riya Lata,6,0.0001,0.0,0.0,4e-05
Megha Sani,6,0.0001,0.0,0.0,4e-05
Netra Chana,6,0.0001,0.0,0.0,4e-05
Hardik Balay,6,0.0001,0.0,0.0,4e-05
Rehaan Sahni,6,0.0001,0.0,0.0,4e-05
Chatura Dasgupta,6,0.0001,0.0,0.0,4e-05
Hemal Shetty,6,0.0001,0.0,0.0,4e-05
Gaurang Pradhan,6,0.0001,0.0,0.0,4e-05
Baghyawati Krishnan,6,0.0001,0.0,0.0,4e-05
Rajata Sha,6,0.0001,0.0,0.0,4e-05
Urvi Konda,6,0.0001,0.0,0.0,4e-05
Jyoti Bala,6,0.0001,0.0,0.0,4e-05
Mekhala Gaba,7,0.0001,0.0,0.0,4e-05
Pahal Kamdar,6,0.0001,0.0,0.0,4e-05
Aarini Kumar,6,0.0001,0.0,0.0,4e-05
Wridesh Sethi,6,0.0001,0.0,0.0,4e-05
Jeevika Walla,6,0.0001,0.0,0.0,4e-05
Jagdish Pandey,6,0.0001,0.0,0.0,4e-05
Yashawini Jha,7,0.0001,0.0,0.0,4e-05
Matthew Dubey,6,0.0001,0.0,0.0,4e-05
Vaishnavi Comar,6,0.0001,0.0,0.0,4e-05
Anusha Mital,6,0.0001,0.0,0.0,4e-05
Wriddhish De,6,0.0001,0.0,0.0,4e-05
Kavya Verma,6,0.0001,0.0,0.0,4e-05
Damyanti Sawhney,6,0.0001,0.0,0.0,4e-05
Udyati Varughese,6,0.0001,0.0,0.0,4e-05
Isaac Dhar,6,0.0001,0.0,0.0,4e-05
Damini Kadakia,7,0.0001,0.0,0.0,4e-05
Ikbal Morar,6,0.0001,0.0,0.0,4e-05
Pranit Reddy,7,0.0001,0.0,0.0,4e-05
Ryan Bobal,7,0.0001,0.0,0.0,4e-05
Unni Sabharwal,6,0.0001,0.0,0.0,4e-05
Yashawini Kari,6,0.0001,0.0,0.0,4e-05
Orinder Mistry,6,0.0001,0.0,0.0,4e-05
Lekha Savant,6,0.0001,0.0,0.0,4e-05
Yatan Murty,6,0.0001,0.0,0.0,4e-05
Tejas Dey,6,0.0001,0.0,0.0,4e-05
Dayita Dugar,6,0.0001,0.0,0.0,4e-05
Robert Chand,6,0.0001,0.0,0.0,4e-05
Naveen Mangal,6,0.0001,0.0,0.0,4e-05
Jason Varghese,6,0.0001,0.0,0.0,4e-05
Bahadurjit Dutta,6,0.0001,0.0,0.0,4e-05
Akshay Subramaniam,6,0.0001,0.0,0.0,4e-05
Wriddhish Ganesh,6,0.0001,0.0,0.0,4e-05
Rudra Khosla,6,0.0001,0.0,0.0,4e-05
Qabil Das,6,0.0001,0.0,0.0,4e-05
Aarnav Taneja,7,0.0001,0.0,0.0,4e-05
Ganga Chaudry,6,0.0001,0.0,0.0,4e-05
Abhimanyu Kashyap,6,0.0001,0.0,0.0,4e-05
George Naidu,6,0.0001,0.0,0.0,4e-05
Vasana Savant,6,0.0001,0.0,0.0,4e-05
Peter Koshy,6,0.0001,0.0,0.0,4e-05
Dalbir Salvi,6,0.0001,0.0,0.0,4e-05
Ayush Deep,6,0.0001,0.0,0.0,4e-05
Yug Mistry,6,0.0001,0.0,0.0,4e-05
Balveer Venkataraman,6,0.0001,0.0,0.0,4e-05
Banjeet Nagar,6,0.0001,0.0,0.0,4e-05
Robert Ghosh,6,0.0001,0.0,0.0,4e-05
Geetika Sen,7,0.0001,0.0,0.0,4e-05
Qabil Ram,6,0.0001,0.0,0.0,4e-05
Vincent Pau,6,0.0001,0.0,0.0,4e-05
Ekta Bera,6,0.0001,0.0,0.0,4e-05
Nakul Varma,6,0.0001,0.0,0.0,4e-05
Pratyush Sengupta,6,0.0001,0.0,0.0,4e-05
Hema Baral,6,0.0001,0.0,0.0,4e-05
Adya Shanker,6,0.0001,0.0,0.0,4e-05
Dhruv Sekhon,6,0.0001,0.0,0.0,4e-05
Pranit Kapadia,6,0.0001,0.0,0.0,4e-05
Orinder Wason,6,0.0001,0.0,0.0,4e-05
Nathan Char,6,0.0001,0.0,0.0,4e-05
Hemang Banik,6,0.0001,0.0,0.0,4e-05
Nisha Thakkar,6,0.0001,0.0,0.0,4e-05
Yochana Sem,6,0.0001,0.0,0.0,4e-05
Upasna Sehgal,6,0.0001,0.0,0.0,4e-05
Falan Kala,6,0.0001,0.0,0.0,4e-05
Anya Bora,6,0.0001,0.0,0.0,4e-05
Bhavya Sarraf,6,0.0001,0.0,0.0,4e-05
Vivaan Das,6,0.0001,0.0,0.0,4e-05
Krishna Pillay,6,0.0001,0.0,0.0,4e-05
Om Yogi,6,0.0001,0.0,0.0,4e-05
Shivansh Barad,7,0.0001,0.0,0.0,4e-05
Varenya Gaba,6,0.0001,0.0,0.0,4e-05
Leela Purohit,7,0.0001,0.0,0.0,4e-05
Balvan Patil,6,0.0001,0.0,0.0,4e-05
Advaith Pillai,6,0.0001,0.0,0.0,4e-05
Vinaya Bava,6,0.0001,0.0,0.0,4e-05
Januja Mishra,6,0.0001,0.0,0.0,4e-05
Sarthak Nadkarni,6,0.0001,0.0,0.0,4e-05
Nathan Grewal,6,0.0001,0.0,0.0,4e-05
Aditya Badal,6,0.0001,0.0,0.0,4e-05
Daksh Nagar,6,0.0001,0.0,0.0,4e-05
Sathvik Agate,7,0.0001,0.0,0.0,4e-05
Anvi Sule,7,0.0001,0.0,0.0,4e-05
Advaith Ahluwalia,6,0.0001,0.0,0.0,4e-05
Saanvi Vala,7,0.0001,0.0,0.0,4e-05
Lekha Shan,6,0.0001,0.0,0.0,4e-05
Yutika Agarwal,6,0.0001,0.0,0.0,4e-05
Saanvi Char,6,0.0001,0.0,0.0,4e-05
Charvi Chadha,6,0.0001,0.0,0.0,4e-05
Akshay Narayan,6,0.0001,0.0,0.0,4e-05
Turvi Bhatti,6,0.0001,0.0,0.0,4e-05
Kabir Chaudry,6,0.0001,0.0,0.0,4e-05
Vedhika Barman,6,0.0001,0.0,0.0,4e-05
Aashi Lalla,6,0.0001,0.0,0.0,4e-05
Gopal Vasa,6,0.0001,0.0,0.0,4e-05
Ikshita Dewan,6,0.0001,0.0,0.0,4e-05
Onveer Bhatnagar,6,0.0001,0.0,0.0,4e-05
Yagnesh Narayan,6,0.0001,0.0,0.0,4e-05
Balvan Rege,6,0.0001,0.0,0.0,4e-05
Chatura Mangat,6,0.0001,0.0,0.0,4e-05
Reva Ranganathan,6,0.0001,0.0,0.0,4e-05
Urvashi Kara,6,0.0001,0.0,0.0,4e-05
Hitesh Mistry,6,0.0001,0.0,0.0,4e-05
Gayathri Ratta,6,0.0001,0.0,0.0,4e-05
Vincent Aurora,6,0.0001,0.0,0.0,4e-05
Sai Vala,6,0.0001,0.0,0.0,4e-05
Veer Kadakia,6,0.0001,0.0,0.0,4e-05
Odika Konda,6,0.0001,0.0,0.0,4e-05
Vamakshi Misra,6,0.0001,0.0,0.0,4e-05
Chameli Behl,6,0.0001,0.0,0.0,4e-05
Zayan Din,6,0.0001,0.0,0.0,4e-05
Chavvi Kala,6,0.0001,0.0,0.0,4e-05
Nachiket Khare,6,0.0001,0.0,0.0,4e-05
Zaid Batta,6,0.0001,0.0,0.0,4e-05
Nakul Dewan,6,0.0001,0.0,0.0,4e-05
Benjamin Hora,6,0.0001,0.0,0.0,4e-05
Nathaniel Goswami,6,0.0001,0.0,0.0,4e-05
Charles Shenoy,6,0.0001,0.0,0.0,4e-05
Advika Sibal,6,0.0001,0.0,0.0,4e-05
Jagdish Zacharia,6,0.0001,0.0,0.0,4e-05
Vasudha Wagle,6,0.0001,0.0,0.0,4e-05
Meera Buch,7,0.0001,0.0,0.0,4e-05
Wridesh Sandhu,6,0.0001,0.0,0.0,4e-05
Radha Tandon,6,0.0001,0.0,0.0,4e-05
Robert Tailor,6,0.0001,0.0,0.0,4e-05
Imaran Agate,6,0.0001,0.0,0.0,4e-05
Bhavika Wable,6,0.0001,0.0,0.0,4e-05
Ikbal Luthra,6,0.0001,0.0,0.0,4e-05
Michael Wable,6,0.0001,0.0,0.0,4e-05
Arjun Banik,6,0.0001,0.0,0.0,4e-05
Waida Dora,6,0.0001,0.0,0.0,4e-05
Sathvik Bhandari,6,0.0001,0.0,0.0,4e-05
Thomas Nath,6,0.0001,0.0,0.0,4e-05
Gaurika Bhatnagar,6,0.0001,0.0,0.0,4e-05
Qushi Sankar,7,0.0001,0.0,0.0,4e-05
Agastya Maharaj,6,0.0001,0.0,0.0,4e-05
Panini Gade,6,0.0001,0.0,0.0,4e-05
Matthew Sinha,6,0.0001,0.0,0.0,4e-05
Tamanna Mann,6,0.0001,0.0,0.0,4e-05
Warhi Raghavan,6,0.0001,0.0,0.0,4e-05
Libni Kumer,6,0.0001,0.0,0.0,4e-05
Ishanvi Sibal,6,0.0001,0.0,0.0,4e-05
Girish Ranganathan,6,0.0001,0.0,0.0,4e-05
Vedant Shenoy,6,0.0001,0.0,0.0,4e-05
Bachittar Yohannan,6,0.0001,0.0,0.0,4e-05
Jyoti Uppal,6,0.0001,0.0,0.0,4e-05
Anirudh Gopal,6,0.0001,0.0,0.0,4e-05
Bhavna Seshadri,6,0.0001,0.0,0.0,4e-05
Nakul Thakkar,6,0.0001,0.0,0.0,4e-05
Megha Subramanian,6,0.0001,0.0,0.0,4e-05
Chanchal Kade,6,0.0001,0.0,0.0,4e-05
Eta Bhasin,6,0.0001,0.0,0.0,4e-05
Idika Dara,6,0.0001,0.0,0.0,4e-05
Libni Sidhu,6,0.0001,0.0,0.0,4e-05
Madhav Choudhary,6,0.0001,0.0,0.0,4e-05
Utkarsh Rana,6,0.0001,0.0,0.0,4e-05
Anita Bahl,6,0.0001,0.0,0.0,4e-05
Eta Lad,6,0.0001,0.0,0.0,4e-05
Teerth Wadhwa,6,0.0001,0.0,0.0,4e-05
Kabir Jain,6,0.0001,0.0,0.0,4e-05
Ekbal Patil,6,0.0001,0.0,0.0,4e-05
Luke Sethi,6,0.0001,0.0,0.0,4e-05
Ansh Dar,6,0.0001,0.0,0.0,4e-05
Nitesh Butala,7,0.0001,0.0,0.0,4e-05
Ishani Dass,6,0.0001,0.0,0.0,4e-05
Hritik Mohan,6,0.0001,0.0,0.0,4e-05
Ati Singhal,6,0.0001,0.0,0.0,4e-05
Oviya Datta,6,0.0001,0.0,0.0,4e-05
Onveer Borah,6,0.0001,0.0,0.0,4e-05
Fitan Raju,6,0.0001,0.0,0.0,4e-05
Maanav Zachariah,6,0.0001,0.0,0.0,4e-05
Jasmit Nair,6,0.0001,0.0,0.0,4e-05
Ekapad Bhatti,6,0.0001,0.0,0.0,4e-05
Manya Ramanathan,6,0.0001,0.0,0.0,4e-05
Dhruv Bhargava,6,0.0001,0.0,0.0,4e-05
Laksh Ben,7,0.0001,0.0,0.0,4e-05
Bimala Bhardwaj,6,0.0001,0.0,0.0,4e-05
Neelima Bava,6,0.0001,0.0,0.0,4e-05
Deepa Chahal,6,0.0001,0.0,0.0,4e-05
Ubika Choudhry,6,0.0001,0.0,0.0,4e-05
Nilima Loke,6,0.0001,0.0,0.0,4e-05
Kamala Pandey,6,0.0001,0.0,0.0,4e-05
Umang Bhandari,6,0.0001,0.0,0.0,4e-05
Januja Lad,6,0.0001,0.0,0.0,4e-05
Yash Bora,6,0.0001,0.0,0.0,4e-05
Peter Dey,6,0.0001,0.0,0.0,4e-05
Krisha Gara,6,0.0001,0.0,0.0,4e-05
Bhavna Prakash,6,0.0001,0.0,0.0,4e-05
Kala Ganesh,6,0.0001,0.0,0.0,4e-05
Kavya Dara,6,0.0001,0.0,0.0,4e-05
Adya Ravi,6,0.0001,0.0,0.0,4e-05
William Trivedi,6,0.0001,0.0,0.0,4e-05
Chanakya Nadig,6,0.0001,0.0,0.0,4e-05
Chakradhar Ganesan,6,0.0001,0.0,0.0,4e-05
Jonathan Narula,6,0.0001,0.0,0.0,4e-05
Alexander Dutt,6,0.0001,0.0,0.0,4e-05
Imaran Chanda,6,0.0001,0.0,0.0,4e-05
Vincent Bawa,6,0.0001,0.0,0.0,4e-05
Aarini Basak,6,0.0001,0.0,0.0,4e-05
Krishna Prasad,7,0.0001,0.0,0.0,4e-05
Jeet Gade,6,0.0001,0.0,0.0,4e-05
Viraj Mitter,6,0.0001,0.0,0.0,4e-05
Pranav Sachdev,7,0.0001,0.0,0.0,4e-05
Aradhana Iyengar,6,0.0001,0.0,0.0,4e-05
Girindra Goda,6,0.0001,0.0,0.0,4e-05
Fiyaz Hora,6,0.0001,0.0,0.0,4e-05
Manan Oommen,6,0.0001,0.0,0.0,4e-05
Ranveer Wagle,6,0.0001,0.0,0.0,4e-05
Yoshita Dugal,6,0.0001,0.0,0.0,4e-05
Umang Gokhale,6,0.0001,0.0,0.0,4e-05
Ishanvi Manda,6,0.0001,0.0,0.0,4e-05
Alexander Biswas,6,0.0001,0.0,0.0,4e-05
Charan Suresh,6,0.0001,0.0,0.0,4e-05
Girik Deshpande,7,0.0001,0.0,0.0,4e-05
Warjas Randhawa,6,0.0001,0.0,0.0,4e-05
Naksh Dubey,6,0.0001,0.0,0.0,4e-05
Jacob Varghese,6,0.0001,0.0,0.0,4e-05
Chatresh Bora,6,0.0001,0.0,0.0,4e-05
Yahvi Nagi,6,0.0001,0.0,0.0,4e-05
Urvashi Dora,6,0.0001,0.0,0.0,4e-05
Jasmit Menon,6,0.0001,0.0,0.0,4e-05
Chatresh Taneja,6,0.0001,0.0,0.0,4e-05
Chaitaly Devi,6,0.0001,0.0,0.0,4e-05
Lakshmi Bhattacharyya,6,0.0001,0.0,0.0,4e-05
Pranav Sangha,6,0.0001,0.0,0.0,4e-05
Abeer Atwal,6,0.0001,0.0,0.0,4e-05
Sarthak Bath,6,0.0001,0.0,0.0,4e-05
Gagan Munshi,6,0.0001,0.0,0.0,4e-05
Pranit Bhagat,6,0.0001,0.0,0.0,4e-05
Lucky Bakshi,6,0.0001,0.0,0.0,4e-05
Sanya Sarna,6,0.0001,0.0,0.0,4e-05
Lakshmi Mohan,6,0.0001,0.0,0.0,4e-05
Udant Naik,6,0.0001,0.0,0.0,4e-05
Praneel Palan,6,0.0001,0.0,0.0,4e-05
Dayita Samra,6,0.0001,0.0,0.0,4e-05
Lavanya Sen,6,0.0001,0.0,0.0,4e-05
Mitesh Parmer,6,0.0001,0.0,0.0,4e-05
Nilima Suri,6,0.0001,0.0,0.0,4e-05
Jagrati Hora,6,0.0001,0.0,0.0,4e-05
Frado Murty,6,0.0001,0.0,0.0,4e-05
Bhavani Ramaswamy,6,0.0001,0.0,0.0,4e-05
Krishna Chand,6,0.0001,0.0,0.0,4e-05
Omya Sawhney,6,0.0001,0.0,0.0,4e-05
Ethan Balay,6,0.0001,0.0,0.0,4e-05
Mugdha Zacharia,6,0.0001,0.0,0.0,4e-05
Chatura Wali,7,0.0001,0.0,0.0,4e-05
Manan Khare,6,0.0001,0.0,0.0,4e-05
Parth Rana,6,0.0001,0.0,0.0,4e-05
Leena Mallick,6,0.0001,0.0,0.0,4e-05
Rachana Misra,6,0.0001,0.0,0.0,4e-05
Ekavir Comar,6,0.0001,0.0,0.0,4e-05
Varenya Borra,7,0.0001,0.0,0.0,4e-05
Radha Bali,7,0.0001,0.0,0.0,4e-05
Parth Tandon,6,0.0001,0.0,0.0,4e-05
Daksha Vohra,7,0.0001,0.0,0.0,4e-05
Mahika Amble,6,0.0001,0.0,0.0,4e-05
Janani Wable,6,0.0001,0.0,0.0,4e-05
Aarnav Raj,6,0.0001,0.0,0.0,4e-05
Bhavika Gandhi,7,0.0001,0.0,0.0,4e-05
Hemang Pant,6,0.0001,0.0,0.0,4e-05
Damini Ratti,6,0.0001,0.0,0.0,4e-05
Falak Puri,6,0.0001,0.0,0.0,4e-05
Max Gala,6,0.0001,0.0,0.0,4e-05
Lila Nayar,6,0.0001,0.0,0.0,4e-05
Xiti Ravi,6,0.0001,0.0,0.0,4e-05
Vritti Agrawal,6,0.0001,0.0,0.0,4e-05
Yashasvi Oommen,6,0.0001,0.0,0.0,4e-05
Lakshmi Mandal,6,0.0001,0.0,0.0,4e-05
Simon Mand,6,0.0001,0.0,0.0,4e-05
Bhavika Varghese,6,0.0001,0.0,0.0,4e-05
Bhavani Guha,6,0.0001,0.0,0.0,4e-05
Divya Virk,6,0.0001,0.0,0.0,4e-05
Ekta Date,6,0.0001,0.0,0.0,4e-05
Krisha Panchal,6,0.0001,0.0,0.0,4e-05
Reva Lall,6,0.0001,0.0,0.0,4e-05
Hemani Kamdar,6,0.0001,0.0,0.0,4e-05
Bahadurjit Nath,6,0.0001,0.0,0.0,4e-05
Theodore Ghosh,6,0.0001,0.0,0.0,4e-05
Hredhaan Khare,6,0.0001,0.0,0.0,4e-05
Ubika Bhat,6,0.0001,0.0,0.0,4e-05
Mohammed Mohanty,6,0.0001,0.0,0.0,4e-05
Nirja Chandra,6,0.0001,0.0,0.0,4e-05
Charita Guha,6,0.0001,0.0,0.0,4e-05
Xavier Bhasin,6,0.0001,0.0,0.0,4e-05
Ekalinga Loyal,6,0.0001,0.0,0.0,4e-05
Shivansh Sethi,6,0.0001,0.0,0.0,4e-05
Alexander Thakkar,6,0.0001,0.0,0.0,4e-05
Vaishnavi Jain,6,0.0001,0.0,0.0,4e-05
Waida Keer,6,0.0001,0.0,0.0,4e-05
Pallavi Parmer,6,0.0001,0.0,0.0,4e-05
Diya Kala,6,0.0001,0.0,0.0,4e-05
Ekani Sha,6,0.0001,0.0,0.0,4e-05
Ayaan Nagi,7,0.0001,0.0,0.0,4e-05
Bahadurjit Master,6,0.0001,0.0,0.0,4e-05
Yatan Yohannan,6,0.0001,0.0,0.0,4e-05
Dev Dey,6,0.0001,0.0,0.0,4e-05
Chaitaly Dar,6,0.0001,0.0,0.0,4e-05
Urishilla Sankaran,6,0.0001,0.0,0.0,4e-05
Ria Suresh,6,0.0001,0.0,0.0,4e-05
Pooja Mital,7,0.0001,0.0,0.0,4e-05
Zehaan Balakrishnan,6,0.0001,0.0,0.0,4e-05
Faris Brar,6,0.0001,0.0,0.0,4e-05
Ayush Munshi,7,0.0001,0.0,0.0,4e-05
Yutika Tank,6,0.0001,0.0,0.0,4e-05
Xavier Yohannan,6,0.0001,0.0,0.0,4e-05
Mitesh Malhotra,6,0.0001,0.0,0.0,4e-05
Adweta Narula,6,0.0001,0.0,0.0,4e-05
Ekaraj Mahal,6,0.0001,0.0,0.0,4e-05
Dhruv Nagy,6,0.0001,0.0,0.0,4e-05
Girish Bal,6,0.0001,0.0,0.0,4e-05
Naveen Tripathi,7,0.0001,0.0,0.0,4e-05
Lakshit Chand,6,0.0001,0.0,0.0,4e-05
Saumya Bhattacharyya,6,0.0001,0.0,0.0,4e-05
Ira Bera,6,0.0001,0.0,0.0,4e-05
Aarini Rajagopal,6,0.0001,0.0,0.0,4e-05
Anmol Balay,6,0.0001,0.0,0.0,4e-05
Qarin Rajagopal,6,0.0001,0.0,0.0,4e-05
Wridesh Shere,6,0.0001,0.0,0.0,4e-05
David Upadhyay,6,0.0001,0.0,0.0,4e-05
Eshana Bera,6,0.0001,0.0,0.0,4e-05
Unnati Brar,6,0.0001,0.0,0.0,4e-05
Alexander Swamy,6,0.0001,0.0,0.0,4e-05
Thomas Gill,6,0.0001,0.0,0.0,4e-05
Riya Palla,6,0.0001,0.0,0.0,4e-05
Ati Bhalla,6,0.0001,0.0,0.0,4e-05
Samesh Biswas,7,0.0001,0.0,0.0,4e-05
Peter Kalita,6,0.0001,0.0,0.0,4e-05
Unni Chada,6,0.0001,0.0,0.0,4e-05
Dipta Bora,6,0.0001,0.0,0.0,4e-05
Yachana Hans,6,0.0001,0.0,0.0,4e-05
Nidhi Nadig,6,0.0001,0.0,0.0,4e-05
Ekta Kapadia,6,0.0001,0.0,0.0,4e-05
Ikshita Gulati,6,0.0001,0.0,0.0,4e-05
Yachana Kara,6,0.0001,0.0,0.0,4e-05
Ucchal Som,6,0.0001,0.0,0.0,4e-05
Anya Mukhopadhyay,6,0.0001,0.0,0.0,4e-05
Ekaraj Mannan,6,0.0001,0.0,0.0,4e-05
Neel Banik,6,0.0001,0.0,0.0,4e-05
Wakeeta Badal,6,0.0001,0.0,0.0,4e-05
Tara Vora,6,0.0001,0.0,0.0,4e-05
Peter Bhardwaj,6,0.0001,0.0,0.0,4e-05
Tanvi Kumer,6,0.0001,0.0,0.0,4e-05
Ekaraj Pandya,6,0.0001,0.0,0.0,4e-05
Viraj Gulati,6,0.0001,0.0,0.0,4e-05
Atharv Walla,6,0.0001,0.0,0.0,4e-05
Isaiah Suresh,6,0.0001,0.0,0.0,4e-05
Sudiksha Ravi,6,0.0001,0.0,0.0,4e-05
Yatan Nadkarni,6,0.0001,0.0,0.0,4e-05
Jeet Varughese,6,0.0001,0.0,0.0,4e-05
Rachit Walia,6,0.0001,0.0,0.0,4e-05
Nirja Pathak,6,0.0001,0.0,0.0,4e-05
Wyatt Mammen,6,0.0001,0.0,0.0,4e-05
Harinakshi Mallick,6,0.0001,0.0,0.0,4e-05
Patrick Tak,6,0.0001,0.0,0.0,4e-05
Nidra Dewan,6,0.0001,0.0,0.0,4e-05
Omya Kanda,6,0.0001,0.0,0.0,4e-05
Pratyush Bhagat,6,0.0001,0.0,0.0,4e-05
Krishna Solanki,7,0.0001,0.0,0.0,4e-05
Aadhya Narang,6,0.0001,0.0,0.0,4e-05
Bishakha Mane,6,0.0001,0.0,0.0,4e-05
Pavani Narang,6,0.0001,0.0,0.0,4e-05
Anthony Dixit,7,0.0001,0.0,0.0,4e-05
Aayush Barman,6,0.0001,0.0,0.0,4e-05
Devansh Mohan,6,0.0001,0.0,0.0,4e-05
Isha Goda,6,0.0001,0.0,0.0,4e-05
Kevin Nayak,6,0.0001,0.0,0.0,4e-05
Azaan Sharma,6,0.0001,0.0,0.0,4e-05
Praneel Suri,7,0.0001,0.0,0.0,4e-05
Jagat Bhasin,6,0.0001,0.0,0.0,4e-05
Jagvi Patel,6,0.0001,0.0,0.0,4e-05
Bimala Chokshi,6,0.0001,0.0,0.0,4e-05
Chaitaly Jayaraman,6,0.0001,0.0,0.0,4e-05
Garima Sehgal,6,0.0001,0.0,0.0,4e-05
Mahika Kapoor,6,0.0001,0.0,0.0,4e-05
Ekaja Issac,6,0.0001,0.0,0.0,4e-05
Bhavya Talwar,6,0.0001,0.0,0.0,4e-05
Mahika Venkatesh,6,0.0001,0.0,0.0,4e-05
Ekbal Kala,6,0.0001,0.0,0.0,4e-05
Hemangini Srivastava,6,0.0001,0.0,0.0,4e-05
Samaksh Bahl,6,0.0001,0.0,0.0,4e-05
Oscar Shah,6,0.0001,0.0,0.0,4e-05
Nidhi Sood,6,0.0001,0.0,0.0,4e-05
Chandresh Parmer,6,0.0001,0.0,0.0,4e-05
Falguni Garg,6,0.0001,0.0,0.0,4e-05
Ekbal Bhargava,6,0.0001,0.0,0.0,4e-05
Pooja Kar,6,0.0001,0.0,0.0,4e-05
Nirja Gour,7,0.0001,0.0,0.0,4e-05
Harish Dhar,6,0.0001,0.0,0.0,4e-05
Zayan Sagar,6,0.0001,0.0,0.0,4e-05
Janya Hayer,6,0.0001,0.0,0.0,4e-05
Gabriel Nair,6,0.0001,0.0,0.0,4e-05
Brijesh Bakshi,6,0.0001,0.0,0.0,4e-05
Sneha Thakur,6,0.0001,0.0,0.0,4e-05
Abha Varkey,6,0.0001,0.0,0.0,4e-05
Vasudha Devi,7,0.0001,0.0,0.0,4e-05
Janaki Kata,6,0.0001,0.0,0.0,4e-05
Teerth Chadha,6,0.0001,0.0,0.0,4e-05
Samar Dubey,6,0.0001,0.0,0.0,4e-05
Yashawini Sibal,6,0.0001,0.0,0.0,4e-05
Mitesh Devi,6,0.0001,0.0,0.0,4e-05
Lakshmi Agarwal,6,0.0001,0.0,0.0,4e-05
Bahadurjit Chatterjee,6,0.0001,0.0,0.0,4e-05
Zaitra Shan,6,0.0001,0.0,0.0,4e-05
Omaja Kale,6,0.0001,0.0,0.0,4e-05
Lohit Garg,6,0.0001,0.0,0.0,4e-05
Shivansh Halder,6,0.0001,0.0,0.0,4e-05
Raagini Mangal,6,0.0001,0.0,0.0,4e-05
Mitesh Comar,6,0.0001,0.0,0.0,4e-05
Karan Bakshi,6,0.0001,0.0,0.0,4e-05
Nathaniel Dada,6,0.0001,0.0,0.0,4e-05
Jack Baral,6,0.0001,0.0,0.0,4e-05
Odika Sehgal,6,0.0001,0.0,0.0,4e-05
Megha Kakar,6,0.0001,0.0,0.0,4e-05
Chandani Tiwari,6,0.0001,0.0,0.0,4e-05
Gagan Parsa,6,0.0001,0.0,0.0,4e-05
Neelima Kanda,6,0.0001,0.0,0.0,4e-05
Vansha Mall,6,0.0001,0.0,0.0,4e-05
Abeer Gara,6,0.0001,0.0,0.0,4e-05
Lakshit Pandey,6,0.0001,0.0,0.0,4e-05
Kala Shukla,6,0.0001,0.0,0.0,4e-05
Samar Anand,6,0.0001,0.0,0.0,4e-05
Jalsa Rao,6,0.0001,0.0,0.0,4e-05
Qarin Balan,6,0.0001,0.0,0.0,4e-05
Vasatika Krish,6,0.0001,0.0,0.0,4e-05
Rayaan Mander,6,0.0001,0.0,0.0,4e-05
Yutika Bobal,6,0.0001,0.0,0.0,4e-05
Vanya Divan,6,0.0001,0.0,0.0,4e-05
Chaaya Bal,6,0.0001,0.0,0.0,4e-05
Tara Handa,6,0.0001,0.0,0.0,4e-05
Praneel Pandit,6,0.0001,0.0,0.0,4e-05
Oliver Tiwari,6,0.0001,0.0,0.0,4e-05
Damini Tank,6,0.0001,0.0,0.0,4e-05
Ishaan Patla,6,0.0001,0.0,0.0,4e-05
Balendra Kothari,7,0.0001,0.0,0.0,4e-05
Hemangini Dani,6,0.0001,0.0,0.0,4e-05
Chaitanya Tella,6,0.0001,0.0,0.0,4e-05
Zaid Bhat,6,0.0001,0.0,0.0,4e-05
Gayathri Khanna,6,0.0001,0.0,0.0,4e-05
Anmol Muni,6,0.0001,0.0,0.0,4e-05
Janani Hegde,6,0.0001,0.0,0.0,4e-05
Lavanya Shetty,6,0.0001,0.0,0.0,4e-05
Rachita Grover,6,0.0001,0.0,0.0,4e-05
Amruta Munshi,6,0.0001,0.0,0.0,4e-05
Yash Badami,6,0.0001,0.0,0.0,4e-05
Yamini Loyal,6,0.0001,0.0,0.0,4e-05
Neelima Bajaj,6,0.0001,0.0,0.0,4e-05
Veer Bala,6,0.0001,0.0,0.0,4e-05
Yug Bakshi,6,0.0001,0.0,0.0,4e-05
Bhavani Bhattacharyya,7,0.0001,0.0,0.0,4e-05
Jhalak Char,6,0.0001,0.0,0.0,4e-05
Ekaraj Patel,6,0.0001,0.0,0.0,4e-05
Ekalinga Bedi,6,0.0001,0.0,0.0,4e-05
Aadhya Thakkar,6,0.0001,0.0,0.0,4e-05
Tamanna Iyengar,6,0.0001,0.0,0.0,4e-05
Gaurang Bandi,6,0.0001,0.0,0.0,4e-05
Mason Chahal,6,0.0001,0.0,0.0,4e-05
Chaitanya Batta,6,0.0001,0.0,0.0,4e-05
Nathan Goda,6,0.0001,0.0,0.0,4e-05
Adya Dave,6,0.0001,0.0,0.0,4e-05
Inaya Murty,6,0.0001,0.0,0.0,4e-05
Baghyawati Gola,6,0.0001,0.0,0.0,4e-05
Yug Sharaf,6,0.0001,0.0,0.0,4e-05
Joshua Nanda,6,0.0001,0.0,0.0,4e-05
Watika Bawa,6,0.0001,0.0,0.0,4e-05
Shaurya Dalal,7,0.0001,0.0,0.0,4e-05
Ayaan Choudhary,6,0.0001,0.0,0.0,4e-05
Vidhi Srinivas,6,0.0001,0.0,0.0,4e-05
Zinal Bail,6,0.0001,0.0,0.0,4e-05
Arin Wagle,6,0.0001,0.0,0.0,4e-05
Alexander Khanna,7,0.0001,0.0,0.0,4e-05
Abhiram Rao,6,0.0001,0.0,0.0,4e-05
Gaurika Sathe,6,0.0001,0.0,0.0,4e-05
Teerth Lala,6,0.0001,0.0,0.0,4e-05
Ekaraj Devan,6,0.0001,0.0,0.0,4e-05
Sarthak Madan,6,0.0001,0.0,0.0,4e-05
Pranav Wali,6,0.0001,0.0,0.0,4e-05
Nakul Dayal,6,0.0001,0.0,0.0,4e-05
Azaan Vyas,6,0.0001,0.0,0.0,4e-05
Xiti Bedi,7,0.0001,0.0,0.0,4e-05
Kevin Bhandari,6,0.0001,0.0,0.0,4e-05
Widisha Rattan,6,0.0001,0.0,0.0,4e-05
Irya Rao,6,0.0001,0.0,0.0,4e-05
Gagan Sen,6,0.0001,0.0,0.0,4e-05
Yashica Bhavsar,7,0.0001,0.0,0.0,4e-05
Ikshita Viswanathan,6,0.0001,0.0,0.0,4e-05
Ria Keer,6,0.0001,0.0,0.0,4e-05
Wakeeta Tandon,6,0.0001,0.0,0.0,4e-05
Chaaya Chopra,6,0.0001,0.0,0.0,4e-05
Lipika Kala,6,0.0001,0.0,0.0,4e-05
Charan Kumer,6,0.0001,0.0,0.0,4e-05
Ikbal Chana,6,0.0001,0.0,0.0,4e-05
Gaurika Murthy,6,0.0001,0.0,0.0,4e-05
Vinaya Sahni,6,0.0001,0.0,0.0,4e-05
Aarini Doctor,7,0.0001,0.0,0.0,4e-05
Oscar Chauhan,6,0.0001,0.0,0.0,4e-05
Damini Bose,7,0.0001,0.0,0.0,4e-05
Vanya Apte,6,0.0001,0.0,0.0,4e-05
Peter Mall,6,0.0001,0.0,0.0,4e-05
Nitesh Seth,7,0.0001,0.0,0.0,4e-05
Fitan Chandran,6,0.0001,0.0,0.0,4e-05
Hiral Arya,6,0.0001,0.0,0.0,4e-05
Nitara Magar,6,0.0001,0.0,0.0,4e-05
Nidhi Mane,6,0.0001,0.0,0.0,4e-05
Upkaar Solanki,6,0.0001,0.0,0.0,4e-05
Victor Narang,6,0.0001,0.0,0.0,4e-05
Kai Dara,6,0.0001,0.0,0.0,4e-05
Oscar Tata,6,0.0001,0.0,0.0,4e-05
Yasti Pandit,6,0.0001,0.0,0.0,4e-05
Wyatt Mani,6,0.0001,0.0,0.0,4e-05
Frado Sule,6,0.0001,0.0,0.0,4e-05
Anmol Madan,7,0.0001,0.0,0.0,4e-05
Chanchal Sahota,6,0.0001,0.0,0.0,4e-05
Jagrati Chacko,7,0.0001,0.0,0.0,4e-05
Warjas Khanna,6,0.0001,0.0,0.0,4e-05
Harini Kapadia,6,0.0001,0.0,0.0,4e-05
Ranveer Hegde,6,0.0001,0.0,0.0,4e-05
Ekaraj Varughese,6,0.0001,0.0,0.0,4e-05
David Kari,6,0.0001,0.0,0.0,4e-05
Ethan Mann,6,0.0001,0.0,0.0,4e-05
Logan Thakkar,6,0.0001,0.0,0.0,4e-05
Vivaan Sarin,6,0.0001,0.0,0.0,4e-05
Abha Rana,6,0.0001,0.0,0.0,4e-05
Ekbal Ratta,6,0.0001,0.0,0.0,4e-05
Mason Bhatt,6,0.0001,0.0,0.0,4e-05
Bimala Saxena,6,0.0001,0.0,0.0,4e-05
Baljiwan Hayre,6,0.0001,0.0,0.0,4e-05
Sudiksha Prasad,6,0.0001,0.0,0.0,4e-05
Zinal Sandal,6,0.0001,0.0,0.0,4e-05
Noah Mitter,6,0.0001,0.0,0.0,4e-05
Prisha Mukhopadhyay,6,0.0001,0.0,0.0,4e-05
Umang Kaur,6,0.0001,0.0,0.0,4e-05
Ikshita Nanda,6,0.0001,0.0,0.0,4e-05
Zaid Dhar,7,0.0001,0.0,0.0,4e-05
Sarthak Muni,6,0.0001,0.0,0.0,4e-05
Qasim Kant,6,0.0001,0.0,0.0,4e-05
Ganga Dube,6,0.0001,0.0,0.0,4e-05
Onveer Jaggi,6,0.0001,0.0,0.0,4e-05
Anirudh Pal,6,0.0001,0.0,0.0,4e-05
Mitali Chaudhry,6,0.0001,0.0,0.0,4e-05
Abhimanyu Wali,6,0.0001,0.0,0.0,4e-05
Charan Sarraf,6,0.0001,0.0,0.0,4e-05
Dayita Som,6,0.0001,0.0,0.0,4e-05
Sneha Gara,6,0.0001,0.0,0.0,4e-05
Gaurangi Prabhu,7,0.0001,0.0,0.0,4e-05
Dipta Talwar,6,0.0001,0.0,0.0,4e-05
Pranav Boase,6,0.0001,0.0,0.0,4e-05
Diya Chander,6,0.0001,0.0,0.0,4e-05
Upkaar Natt,6,0.0001,0.0,0.0,4e-05
Kashvi Kibe,6,0.0001,0.0,0.0,4e-05
Chaitanya Comar,6,0.0001,0.0,0.0,4e-05
Bina Dora,6,0.0001,0.0,0.0,4e-05
Agastya Mangal,6,0.0001,0.0,0.0,4e-05
Aarna Bhandari,6,0.0001,0.0,0.0,4e-05
Matthew Keer,6,0.0001,0.0,0.0,4e-05
Rishi Soman,6,0.0001,0.0,0.0,4e-05
Ayaan Bhalla,6,0.0001,0.0,0.0,4e-05
Jairaj Bumb,6,0.0001,0.0,0.0,4e-05
Pratyush Goel,6,0.0001,0.0,0.0,4e-05
Janya Bhattacharyya,6,0.0001,0.0,0.0,4e-05
Meghana Lad,7,0.0001,0.0,0.0,4e-05
Aarna Rattan,6,0.0001,0.0,0.0,4e-05
Udarsh Bahri,6,0.0001,0.0,0.0,4e-05
Arya Mane,6,0.0001,0.0,0.0,4e-05
Neelima Prabhakar,6,0.0001,0.0,0.0,4e-05
Aashi Barad,6,0.0001,0.0,0.0,4e-05
Sanya Chander,6,0.0001,0.0,0.0,4e-05
Pahal Sheth,6,0.0001,0.0,0.0,4e-05
Balendra Randhawa,6,0.0001,0.0,0.0,4e-05
Yashawini Biswas,6,0.0001,0.0,0.0,4e-05
Chanakya Bath,6,0.0001,0.0,0.0,4e-05
Samaksh Mukhopadhyay,6,0.0001,0.0,0.0,4e-05
Kavya Nori,6,0.0001,0.0,0.0,4e-05
Yashica Virk,6,0.0001,0.0,0.0,4e-05
Leela Deol,6,0.0001,0.0,0.0,4e-05
Hemal Mahal,7,0.0001,0.0,0.0,4e-05
Eiravati Purohit,6,0.0001,0.0,0.0,4e-05
Udant Bera,6,0.0001,0.0,0.0,4e-05
Aarush Goyal,6,0.0001,0.0,0.0,4e-05
Vrinda Ramanathan,6,0.0001,0.0,0.0,4e-05
Jasmit Deshmukh,6,0.0001,0.0,0.0,4e-05
Bhavna Khanna,6,0.0001,0.0,0.0,4e-05
Dev Hari,6,0.0001,0.0,0.0,4e-05
Jhalak Kakar,6,0.0001,0.0,0.0,4e-05
Charvi Memon,6,0.0001,0.0,0.0,4e-05
Jack Som,6,0.0001,0.0,0.0,4e-05
Harsh Sahni,6,0.0001,0.0,0.0,4e-05
Lakshmi Sami,6,0.0001,0.0,0.0,4e-05
Veda Chaudhari,6,0.0001,0.0,0.0,4e-05
Xiti Dasgupta,6,0.0001,0.0,0.0,4e-05
Tripti Trivedi,6,0.0001,0.0,0.0,4e-05
Chatresh Deol,6,0.0001,0.0,0.0,4e-05
Charvi Borra,6,0.0001,0.0,0.0,4e-05
Teerth Pant,6,0.0001,0.0,0.0,4e-05
Chatura Tiwari,6,0.0001,0.0,0.0,4e-05
Orinder Pai,6,0.0001,0.0,0.0,4e-05
Girindra Nagy,6,0.0001,0.0,0.0,4e-05
Vanya Sachdev,6,0.0001,0.0,0.0,4e-05
Shaurya Bahl,6,0.0001,0.0,0.0,4e-05
Wazir Bhatnagar,6,0.0001,0.0,0.0,4e-05
Oviya Goswami,6,0.0001,0.0,0.0,4e-05
Megha Patla,6,0.0001,0.0,0.0,4e-05
Jagvi Lanka,6,0.0001,0.0,0.0,4e-05
Garima Khosla,6,0.0001,0.0,0.0,4e-05
Vedika Raju,6,0.0001,0.0,0.0,4e-05
Sara Sahota,6,0.0001,0.0,0.0,4e-05
Jacob Kumer,6,0.0001,0.0,0.0,4e-05
Pranav Varughese,6,0.0001,0.0,0.0,4e-05
Isha Jain,6,0.0001,0.0,0.0,4e-05
Varsha Majumdar,6,0.0001,0.0,0.0,4e-05
Oviya Sabharwal,6,0.0001,0.0,0.0,4e-05
Reyansh Yogi,6,0.0001,0.0,0.0,4e-05
Henry Bakshi,6,0.0001,0.0,0.0,4e-05
Divya Badami,6,0.0001,0.0,0.0,4e-05
Panini Johal,6,0.0001,0.0,0.0,4e-05
Abeer Datta,7,0.0001,0.0,0.0,4e-05
Indali Sridhar,6,0.0001,0.0,0.0,4e-05
Yatin Parikh,6,0.0001,0.0,0.0,4e-05
Falan Gara,6,0.0001,0.0,0.0,4e-05
Eshana Sunder,6,0.0001,0.0,0.0,4e-05
Manan Nagy,6,0.0001,0.0,0.0,4e-05
Qushi Chandran,6,0.0001,0.0,0.0,4e-05
Zehaan Ranganathan,6,0.0001,0.0,0.0,4e-05
William Pillai,6,0.0001,0.0,0.0,4e-05
Mugdha Sani,6,0.0001,0.0,0.0,4e-05
Sachi Mandal,6,0.0001,0.0,0.0,4e-05
Raagini Swamy,6,0.0001,0.0,0.0,4e-05
Darsh Dugal,7,0.0001,0.0,0.0,4e-05
William Vasa,6,0.0001,0.0,0.0,4e-05
Zayan Sharaf,6,0.0001,0.0,0.0,4e-05
Fiyaz Iyengar,6,0.0001,0.0,0.0,4e-05
Netra Magar,6,0.0001,0.0,0.0,4e-05
Kashish Gole,6,0.0001,0.0,0.0,4e-05
Gunbir Lala,6,0.0001,0.0,0.0,4e-05
Ekaja Sangha,6,0.0001,0.0,0.0,4e-05
Amruta Bhat,6,0.0001,0.0,0.0,4e-05
Sneha Dugal,6,0.0001,0.0,0.0,4e-05
Rishi Sharaf,6,0.0001,0.0,0.0,4e-05
Amruta Sodhi,6,0.0001,0.0,0.0,4e-05
Ayaan Yogi,6,0.0001,0.0,0.0,4e-05
Theodore Das,6,0.0001,0.0,0.0,4e-05
Aishani Yohannan,6,0.0001,0.0,0.0,4e-05
Ria Mani,6,0.0001,0.0,0.0,4e-05
Omkaar Shan,6,0.0001,0.0,0.0,4e-05
Tripti Pal,6,0.0001,0.0,0.0,4e-05
Geetika Luthra,6,0.0001,0.0,0.0,4e-05
Owen Palla,6,0.0001,0.0,0.0,4e-05
Bishakha Hans,6,0.0001,0.0,0.0,4e-05
Netra Dugar,7,0.0001,0.0,0.0,4e-05
Jeremiah Mani,6,0.0001,0.0,0.0,4e-05
Utkarsh Virk,6,0.0001,0.0,0.0,4e-05
Hritik Shetty,6,0.0001,0.0,0.0,4e-05
Geetika Iyer,6,0.0001,0.0,0.0,4e-05
Madhav Keer,6,0.0001,0.0,0.0,4e-05
Bahadurjit Apte,6,0.0001,0.0,0.0,4e-05
Indali Ram,6,0.0001,0.0,0.0,4e-05
Ikbal Pau,6,0.0001,0.0,0.0,4e-05
Hemani Narasimhan,6,0.0001,0.0,0.0,4e-05
Saanvi Walla,6,0.0001,0.0,0.0,4e-05
Sai Sarkar,6,0.0001,0.0,0.0,4e-05
Onveer Jani,6,0.0001,0.0,0.0,4e-05
Nikita Chaudhuri,6,0.0001,0.0,0.0,4e-05
Pranit Chakrabarti,6,0.0001,0.0,0.0,4e-05
Azad Tandon,6,0.0001,0.0,0.0,4e-05
Anita Chaudhari,6,0.0001,0.0,0.0,4e-05
Jalsa Varghese,6,0.0001,0.0,0.0,4e-05
Tanveer Varty,6,0.0001,0.0,0.0,4e-05
Banjeet Prashad,6,0.0001,0.0,0.0,4e-05
Meghana Bains,6,0.0001,0.0,0.0,4e-05
Zashil Kibe,6,0.0001,0.0,0.0,4e-05
Janaki Char,6,0.0001,0.0,0.0,4e-05
Megha Jayaraman,6,0.0001,0.0,0.0,4e-05
Timothy Yohannan,6,0.0001,0.0,0.0,4e-05
Mason Kata,6,0.0001,0.0,0.0,4e-05
Pavani Butala,6,0.0001,0.0,0.0,4e-05
Tarak Dar,6,0.0001,0.0,0.0,4e-05
Rudra Khatri,6,0.0001,0.0,0.0,4e-05
Gagan Banerjee,7,0.0001,0.0,0.0,4e-05
Ikbal Walla,7,0.0001,0.0,0.0,4e-05
Unni Basu,6,0.0001,0.0,0.0,4e-05
Yashvi Amble,6,0.0001,0.0,0.0,4e-05
Pranav Kumar,6,0.0001,0.0,0.0,4e-05
Aarnav Sodhi,6,0.0001,0.0,0.0,4e-05
Rudra Sidhu,6,0.0001,0.0,0.0,4e-05
William Dasgupta,6,0.0001,0.0,0.0,4e-05
Pooja Dasgupta,6,0.0001,0.0,0.0,4e-05
Rohan Lanka,6,0.0001,0.0,0.0,4e-05
Wazir Bhatti,6,0.0001,0.0,0.0,4e-05
Yashawini Korpal,6,0.0001,0.0,0.0,4e-05
Kamala Palan,6,0.0001,0.0,0.0,4e-05
Kritika Kalita,6,0.0001,0.0,0.0,4e-05
Fitan Gara,6,0.0001,0.0,0.0,4e-05
Jagrati Luthra,6,0.0001,0.0,0.0,4e-05
Jacob Wali,6,0.0001,0.0,0.0,4e-05
Faras Chawla,6,0.0001,0.0,0.0,4e-05
Unni Borde,6,0.0001,0.0,0.0,4e-05
Inaya Balay,6,0.0001,0.0,0.0,4e-05
Bhavna Ghose,6,0.0001,0.0,0.0,4e-05
Amaira Taneja,6,0.0001,0.0,0.0,4e-05
Indira Sur,6,0.0001,0.0,0.0,4e-05
Pahal Chakraborty,6,0.0001,0.0,0.0,4e-05
Krishna Bajaj,7,0.0001,0.0,0.0,4e-05
Nitara Karan,6,0.0001,0.0,0.0,4e-05
Azaan Shere,6,0.0001,0.0,0.0,4e-05
Faris Yadav,7,0.0001,0.0,0.0,4e-05
Udant Master,6,0.0001,0.0,0.0,4e-05
Bhavani Bajwa,6,0.0001,0.0,0.0,4e-05
Yasti Bhatnagar,6,0.0001,0.0,0.0,4e-05
Anya Patel,6,0.0001,0.0,0.0,4e-05
Jackson Ramachandran,6,0.0001,0.0,0.0,4e-05
Raagini Walla,6,0.0001,0.0,0.0,4e-05
Rachit Barman,6,0.0001,0.0,0.0,4e-05
Yash Kannan,6,0.0001,0.0,0.0,4e-05
Ansh Puri,6,0.0001,0.0,0.0,4e-05
Zilmil Sawhney,6,0.0001,0.0,0.0,4e-05
Robert Hayre,6,0.0001,0.0,0.0,4e-05
Anmol Vyas,6,0.0001,0.0,0.0,4e-05
Wyatt Rajan,6,0.0001,0.0,0.0,4e-05
Advik Sem,6,0.0001,0.0,0.0,4e-05
Hemangini Swamy,6,0.0001,0.0,0.0,4e-05
Om Zacharia,6,0.0001,0.0,0.0,4e-05
Nachiket Gill,6,0.0001,0.0,0.0,4e-05
Kashish Om,6,0.0001,0.0,0.0,4e-05
Anya Oak,6,0.0001,0.0,0.0,4e-05
Zehaan Bumb,6,0.0001,0.0,0.0,4e-05
Ishani Borde,6,0.0001,0.0,0.0,4e-05
Tanveer Apte,6,0.0001,0.0,0.0,4e-05
Patrick Padmanabhan,6,0.0001,0.0,0.0,4e-05
Umang Ganesh,6,0.0001,0.0,0.0,4e-05
Caleb Karan,6,0.0001,0.0,0.0,4e-05
Anthony Gala,6,0.0001,0.0,0.0,4e-05
Daniel Bhandari,6,0.0001,0.0,0.0,4e-05
Ria Wali,6,0.0001,0.0,0.0,4e-05
Mugdha Baria,6,0.0001,0.0,0.0,4e-05
Pranit Chakraborty,6,0.0001,0.0,0.0,4e-05
Kritika Handa,6,0.0001,0.0,0.0,4e-05
Jairaj Tank,6,0.0001,0.0,0.0,4e-05
Avi Balakrishnan,6,0.0001,0.0,0.0,4e-05
Ayush Sabharwal,6,0.0001,0.0,0.0,4e-05
Anusha Atwal,7,0.0001,0.0,0.0,4e-05
Devansh Kata,6,0.0001,0.0,0.0,4e-05
Advay Memon,6,0.0001,0.0,0.0,4e-05
Siya Sengupta,6,0.0001,0.0,0.0,4e-05
Keya Mandal,6,0.0001,0.0,0.0,4e-05
Advay Jhaveri,6,0.0001,0.0,0.0,4e-05
Vivaan Brar,6,0.0001,0.0,0.0,4e-05
Libni Shan,6,0.0001,0.0,0.0,4e-05
Harita Agate,6,0.0001,0.0,0.0,4e-05
Harsh Mital,6,0.0001,0.0,0.0,4e-05
Vivaan Kothari,6,0.0001,0.0,0.0,4e-05
Daksh Gupta,6,0.0001,0.0,0.0,4e-05
Niharika Iyer,6,0.0001,0.0,0.0,4e-05
Nakul Krishna,7,0.0001,0.0,0.0,4e-05
Yachana Dara,6,0.0001,0.0,0.0,4e-05
Yauvani Sandal,6,0.0001,0.0,0.0,4e-05
Shaurya Kumar,6,0.0001,0.0,0.0,4e-05
Leela Khurana,6,0.0001,0.0,0.0,4e-05
Ekavir Misra,6,0.0001,0.0,0.0,4e-05
Samar Agate,6,0.0001,0.0,0.0,4e-05
Eiravati Dua,6,0.0001,0.0,0.0,4e-05
Alka Goel,6,0.0001,0.0,0.0,4e-05
Osha Pandey,6,0.0001,0.0,0.0,4e-05
Baghyawati Solanki,6,0.0001,0.0,0.0,4e-05
Krish Jayaraman,6,0.0001,0.0,0.0,4e-05
Pushti Bhatnagar,6,0.0001,0.0,0.0,4e-05
Yadavi Samra,7,0.0001,0.0,0.0,4e-05
Omaja Pingle,6,0.0001,0.0,0.0,4e-05
Unni Ramachandran,6,0.0001,0.0,0.0,4e-05
Manan Buch,6,0.0001,0.0,0.0,4e-05
Neha Swamy,6,0.0001,0.0,0.0,4e-05
Azad Kade,6,0.0001,0.0,0.0,4e-05
Lakshmi Deshmukh,6,0.0001,0.0,0.0,4e-05
Bhavini Rama,6,0.0001,0.0,0.0,4e-05
Azad Krish,6,0.0001,0.0,0.0,4e-05
Yutika Bandi,6,0.0001,0.0,0.0,4e-05
Oeshi Guha,6,0.0001,0.0,0.0,4e-05
Jatin Bala,6,0.0001,0.0,0.0,4e-05
Sai Choudhary,6,0.0001,0.0,0.0,4e-05
Ranveer Parikh,6,0.0001,0.0,0.0,4e-05
Rushil Kalla,7,0.0001,0.0,0.0,4e-05
Ikbal Dash,6,0.0001,0.0,0.0,4e-05
Kala Dhingra,6,0.0001,0.0,0.0,4e-05
Qabil Wagle,6,0.0001,0.0,0.0,4e-05
Ucchal Khare,6,0.0001,0.0,0.0,4e-05
Omisha Chokshi,6,0.0001,0.0,0.0,4e-05
Yashawini Chaudhary,6,0.0001,0.0,0.0,4e-05
Upadhriti Narain,6,0.0001,0.0,0.0,4e-05
Hredhaan Krishnamurthy,6,0.0001,0.0,0.0,4e-05
Yash Sane,6,0.0001,0.0,0.0,4e-05
Joshua Kade,6,0.0001,0.0,0.0,4e-05
Kai Mand,6,0.0001,0.0,0.0,4e-05
Riya Mahal,6,0.0001,0.0,0.0,4e-05
Tanvi Bera,6,0.0001,0.0,0.0,4e-05
Oviya Sarin,6,0.0001,0.0,0.0,4e-05
Bhavika Mital,6,0.0001,0.0,0.0,4e-05
Ekavir Nair,6,0.0001,0.0,0.0,4e-05
Ishaan Garde,6,0.0001,0.0,0.0,4e-05
Charles Barman,6,0.0001,0.0,0.0,4e-05
Samesh Swaminathan,6,0.0001,0.0,0.0,4e-05
Aadhya Dave,6,0.0001,0.0,0.0,4e-05
Hemal Parikh,6,0.0001,0.0,0.0,4e-05
Anusha Mahal,6,0.0001,0.0,0.0,4e-05
Rajeshri Ganesh,6,0.0001,0.0,0.0,4e-05
Nandini Batra,6,0.0001,0.0,0.0,4e-05
Oliver Gaba,6,0.0001,0.0,0.0,4e-05
Vasudha Chahal,6,0.0001,0.0,0.0,4e-05
Vanya Parsa,6,0.0001,0.0,0.0,4e-05
Christopher Bhakta,6,0.0001,0.0,0.0,4e-05
Ishani Nanda,7,0.0001,0.0,0.0,4e-05
Udarsh Tara,6,0.0001,0.0,0.0,4e-05
Kevin Joshi,6,0.0001,0.0,0.0,4e-05
Zayan Shere,6,0.0001,0.0,0.0,4e-05
Zansi Rana,6,0.0001,0.0,0.0,4e-05
Hemangini Saran,6,0.0001,0.0,0.0,4e-05
Varsha Babu,6,0.0001,0.0,0.0,4e-05
Madhav Babu,6,0.0001,0.0,0.0,4e-05
Quincy Patel,6,0.0001,0.0,0.0,4e-05
Mohini Jha,6,0.0001,0.0,0.0,4e-05
Sathvik Murthy,6,0.0001,0.0,0.0,4e-05
Vaishnavi Sahota,6,0.0001,0.0,0.0,4e-05
Bhavani Behl,6,0.0001,0.0,0.0,4e-05
Adweta Dave,6,0.0001,0.0,0.0,4e-05
Charvi Sule,6,0.0001,0.0,0.0,4e-05
Jeremiah Mukhopadhyay,7,0.0001,0.0,0.0,4e-05
Bhavani Shetty,6,0.0001,0.0,0.0,4e-05
Indira Sandal,6,0.0001,0.0,0.0,4e-05
Bhavani Dhaliwal,6,0.0001,0.0,0.0,4e-05
George Ben,6,0.0001,0.0,0.0,4e-05
William Oommen,6,0.0001,0.0,0.0,4e-05
Ganga Bir,7,0.0001,0.0,0.0,4e-05
Hema Kapadia,6,0.0001,0.0,0.0,4e-05
Dominic Bala,6,0.0001,0.0,0.0,4e-05
Umang Agate,6,0.0001,0.0,0.0,4e-05
Chanchal Hari,6,0.0001,0.0,0.0,4e-05
Falan Sankar,7,0.0001,0.0,0.0,4e-05
Abdul Dave,6,0.0001,0.0,0.0,4e-05
Chanchal Sane,6,0.0001,0.0,0.0,4e-05
Peter Palan,6,0.0001,0.0,0.0,4e-05
Dipta Nadkarni,6,0.0001,0.0,0.0,4e-05
Luke Raj,6,0.0001,0.0,0.0,4e-05
Hemangini Mand,6,0.0001,0.0,0.0,4e-05
Urvi Ganesan,6,0.0001,0.0,0.0,4e-05
Yatin Dugar,6,0.0001,0.0,0.0,4e-05
Neel Kumer,6,0.0001,0.0,0.0,4e-05
Rachit Radhakrishnan,6,0.0001,0.0,0.0,4e-05
Vanya Golla,6,0.0001,0.0,0.0,4e-05
Lucky Sarma,6,0.0001,0.0,0.0,4e-05
Geetika Badal,6,0.0001,0.0,0.0,4e-05
Aarnav Mukhopadhyay,6,0.0001,0.0,0.0,4e-05
Kabir Rama,6,0.0001,0.0,0.0,4e-05
Zarna Mander,6,0.0001,0.0,0.0,4e-05
Tanveer Kata,6,0.0001,0.0,0.0,4e-05
Nathaniel De,6,0.0001,0.0,0.0,4e-05
Tamanna Subramaniam,6,0.0001,0.0,0.0,4e-05
Kritika Kadakia,6,0.0001,0.0,0.0,4e-05
Jackson Choudhury,6,0.0001,0.0,0.0,4e-05
Amaira Lata,6,0.0001,0.0,0.0,4e-05
Vasana Sankaran,6,0.0001,0.0,0.0,4e-05
Ekapad Dutta,6,0.0001,0.0,0.0,4e-05
Hemal Narayanan,6,0.0001,0.0,0.0,4e-05
Chandani Chaudhari,6,0.0001,0.0,0.0,4e-05
Kashvi Sha,6,0.0001,0.0,0.0,4e-05
Kavya Dixit,6,0.0001,0.0,0.0,4e-05
Chakradhar Muni,6,0.0001,0.0,0.0,4e-05
Wriddhish Munshi,6,0.0001,0.0,0.0,4e-05
Parth Sem,6,0.0001,0.0,0.0,4e-05
Geetika Mukhopadhyay,6,0.0001,0.0,0.0,4e-05
Prisha Arya,6,0.0001,0.0,0.0,4e-05
Kamala Subramanian,6,0.0001,0.0,0.0,4e-05
Diya Ramaswamy,6,0.0001,0.0,0.0,4e-05
Qushi Gara,6,0.0001,0.0,0.0,4e-05
Zarna Balay,6,0.0001,0.0,0.0,4e-05
Chasmum Agate,6,0.0001,0.0,0.0,4e-05
Aadi Krishna,6,0.0001,0.0,0.0,4e-05
Vamakshi Bala,6,0.0001,0.0,0.0,4e-05
Faris Bhargava,6,0.0001,0.0,0.0,4e-05
Lucky Gera,6,0.0001,0.0,0.0,4e-05
Widisha Gade,6,0.0001,0.0,0.0,4e-05
Mason Tara,6,0.0001,0.0,0.0,4e-05
Ijaya Grewal,7,0.0001,0.0,0.0,4e-05
Vasana Mahal,6,0.0001,0.0,0.0,4e-05
Sanya Kapadia,6,0.0001,0.0,0.0,4e-05
Omisha Vig,6,0.0001,0.0,0.0,4e-05
Kala Shroff,6,0.0001,0.0,0.0,4e-05
Vasana Chaudhari,6,0.0001,0.0,0.0,4e-05
Ojasvi Mohanty,6,0.0001,0.0,0.0,4e-05
Prisha Bhattacharyya,6,0.0001,0.0,0.0,4e-05
Bimala Dass,6,0.0001,0.0,0.0,4e-05
Reyansh Som,6,0.0001,0.0,0.0,4e-05
Wyatt Bera,6,0.0001,0.0,0.0,4e-05
Indira Brar,6,0.0001,0.0,0.0,4e-05
Zayyan Naidu,6,0.0001,0.0,0.0,4e-05
Kiaan Lall,6,0.0001,0.0,0.0,4e-05
Urmi Gade,6,0.0001,0.0,0.0,4e-05
Manan Srinivas,6,0.0001,0.0,0.0,4e-05
Chasmum Wali,7,0.0001,0.0,0.0,4e-05
Zayan De,6,0.0001,0.0,0.0,4e-05
Girindra Seth,6,0.0001,0.0,0.0,4e-05
Vrinda Warrior,6,0.0001,0.0,0.0,4e-05
Abeer Sura,6,0.0001,0.0,0.0,4e-05
Divya Chakraborty,6,0.0001,0.0,0.0,4e-05
Lekha Banerjee,6,0.0001,0.0,0.0,4e-05
Samaksh Devi,6,0.0001,0.0,0.0,4e-05
Gayathri Kapoor,6,0.0001,0.0,0.0,4e-05
Gauri Sundaram,6,0.0001,0.0,0.0,4e-05
Jairaj Koshy,6,0.0001,0.0,0.0,4e-05
Hemang Golla,6,0.0001,0.0,0.0,4e-05
Brinda Sachdeva,6,0.0001,0.0,0.0,4e-05
Yash Aggarwal,6,0.0001,0.0,0.0,4e-05
Ikbal Mukhopadhyay,6,0.0001,0.0,0.0,4e-05
Vrishti Lad,6,0.0001,0.0,0.0,4e-05
Sara Shankar,6,0.0001,0.0,0.0,4e-05
Naveen Dada,6,0.0001,0.0,0.0,4e-05
Zehaan Natarajan,7,0.0001,0.0,0.0,4e-05
Laksh Kar,6,0.0001,0.0,0.0,4e-05
Ekiya Kakar,6,0.0001,0.0,0.0,4e-05
Abeer Ram,6,0.0001,0.0,0.0,4e-05
Garima Doshi,6,0.0001,0.0,0.0,4e-05
Pranit Sarna,6,0.0001,0.0,0.0,4e-05
Nimrat Ahluwalia,6,0.0001,0.0,0.0,4e-05
Bishakha Shankar,6,0.0001,0.0,0.0,4e-05
Dayamai Deep,6,0.0001,0.0,0.0,4e-05
Jairaj Chakraborty,7,0.0001,0.0,0.0,4e-05
Nakul Badal,6,0.0001,0.0,0.0,4e-05
Andrew Tailor,6,0.0001,0.0,0.0,4e-05
Mitesh Kalita,6,0.0001,0.0,0.0,4e-05
Eshana Pandey,6,0.0001,0.0,0.0,4e-05
Caleb Sachar,6,0.0001,0.0,0.0,4e-05
Sai Nagar,6,0.0001,0.0,0.0,4e-05
Zaid De,6,0.0001,0.0,0.0,4e-05
Jyoti Chaudhari,6,0.0001,0.0,0.0,4e-05
Finn Mohanty,6,0.0001,0.0,0.0,4e-05
Akshay Sem,6,0.0001,0.0,0.0,4e-05
Waida Sharaf,6,0.0001,0.0,0.0,4e-05
Vrishti Ravel,7,0.0001,0.0,0.0,4e-05
Indrajit Ramachandran,6,0.0001,0.0,0.0,4e-05
Jason Singh,6,0.0001,0.0,0.0,4e-05
Maanas Yohannan,6,0.0001,0.0,0.0,4e-05
Dhriti Swamy,6,0.0001,0.0,0.0,4e-05
Warhi Raja,6,0.0001,0.0,0.0,4e-05
Urvi Bahl,6,0.0001,0.0,0.0,4e-05
Chakradev Chandra,6,0.0001,0.0,0.0,4e-05
Devansh Mander,6,0.0001,0.0,0.0,4e-05
Atharv Gupta,6,0.0001,0.0,0.0,4e-05
Ucchal Sem,6,0.0001,0.0,0.0,4e-05
Keya Kapadia,6,0.0001,0.0,0.0,4e-05
Unni Apte,6,0.0001,0.0,0.0,4e-05
Eiravati Murty,6,0.0001,0.0,0.0,4e-05
Chaaya D’Alia,6,0.0001,0.0,0.0,4e-05
Yasti Ramesh,6,0.0001,0.0,0.0,4e-05
Yutika Dhawan,6,0.0001,0.0,0.0,4e-05
Forum Dara,6,0.0001,0.0,0.0,4e-05
Charles Brahmbhatt,6,0.0001,0.0,0.0,4e-05
Gaurika Krish,6,0.0001,0.0,0.0,4e-05
Chasmum Date,6,0.0001,0.0,0.0,4e-05
Eshana Batta,6,0.0001,0.0,0.0,4e-05
Yochana Dar,6,0.0001,0.0,0.0,4e-05
Urvi Guha,6,0.0001,0.0,0.0,4e-05
Radhika Banik,6,0.0001,0.0,0.0,4e-05
Omaja Raju,6,0.0001,0.0,0.0,4e-05
Saanvi Sawhney,6,0.0001,0.0,0.0,4e-05
Girish Bora,6,0.0001,0.0,0.0,4e-05
Krishna Sachdev,6,0.0001,0.0,0.0,4e-05
Madhav Patla,6,0.0001,0.0,0.0,4e-05
Yagnesh Khosla,6,0.0001,0.0,0.0,4e-05
Wazir Hora,6,0.0001,0.0,0.0,4e-05
Yashica Chana,6,0.0001,0.0,0.0,4e-05
Jagrati Deo,6,0.0001,0.0,0.0,4e-05
Neha Shroff,6,0.0001,0.0,0.0,4e-05
Abdul Walla,6,0.0001,0.0,0.0,4e-05
Gagan Solanki,6,0.0001,0.0,0.0,4e-05
Victor Sharma,6,0.0001,0.0,0.0,4e-05
Liam Sarraf,6,0.0001,0.0,0.0,4e-05
Hritik Saini,6,0.0001,0.0,0.0,4e-05
Ranbir Mangat,6,0.0001,0.0,0.0,4e-05
Nikita Thakkar,6,0.0001,0.0,0.0,4e-05
Yahvi Mallick,7,0.0001,0.0,0.0,4e-05
Balvan Vig,6,0.0001,0.0,0.0,4e-05
Eesha Chand,6,0.0001,0.0,0.0,4e-05
Aarush Dada,7,0.0001,0.0,0.0,4e-05
Abhiram Barad,6,0.0001,0.0,0.0,4e-05
Sachi Garg,6,0.0001,0.0,0.0,4e-05
Omisha Sagar,6,0.0001,0.0,0.0,4e-05
Aditya Nazareth,6,0.0001,0.0,0.0,4e-05
Rajeshri Vala,6,0.0001,0.0,0.0,4e-05
Omkaar Mandal,6,0.0001,0.0,0.0,4e-05
Shivansh Prabhu,6,0.0001,0.0,0.0,4e-05
Pahal Chopra,6,0.0001,0.0,0.0,4e-05
Lekha Rattan,6,0.0001,0.0,0.0,4e-05
Maya Natt,6,0.0001,0.0,0.0,4e-05
Damyanti Narayanan,6,0.0001,0.0,0.0,4e-05
Karan Bawa,6,0.0001,0.0,0.0,4e-05
Saumya Bhatnagar,6,0.0001,0.0,0.0,4e-05
Lekha Mital,7,0.0001,0.0,0.0,4e-05
Prisha Bala,6,0.0001,0.0,0.0,4e-05
Leela Mutti,6,0.0001,0.0,0.0,4e-05
Omkaar Bajaj,6,0.0001,0.0,0.0,4e-05
Reva Das,6,0.0001,0.0,0.0,4e-05
Sanya Deol,6,0.0001,0.0,0.0,4e-05
Veda Verma,6,0.0001,0.0,0.0,4e-05
Neha Dasgupta,6,0.0001,0.0,0.0,4e-05
Radhika Bhasin,6,0.0001,0.0,0.0,4e-05
Falguni Kumar,6,0.0001,0.0,0.0,4e-05
Oliver Jani,6,0.0001,0.0,0.0,4e-05
David Sampath,7,0.0001,0.0,0.0,4e-05
Advaith Shan,6,0.0001,0.0,0.0,4e-05
Amruta Hegde,7,0.0001,0.0,0.0,4e-05
Lipika Deo,6,0.0001,0.0,0.0,4e-05
Rudra Golla,6,0.0001,0.0,0.0,4e-05
Isaiah Sandhu,6,0.0001,0.0,0.0,4e-05
Pratyush Koshy,6,0.0001,0.0,0.0,4e-05
Hamsini Nanda,6,0.0001,0.0,0.0,4e-05
Shivani Mangal,7,0.0001,0.0,0.0,4e-05
Onkar Rajagopal,6,0.0001,0.0,0.0,4e-05
Nachiket Gera,6,0.0001,0.0,0.0,4e-05
Madhav Bal,6,0.0001,0.0,0.0,4e-05
Kavya Comar,6,0.0001,0.0,0.0,4e-05
Sai Narasimhan,6,0.0001,0.0,0.0,4e-05
Nirja Mital,6,0.0001,0.0,0.0,4e-05
Owen Bava,6,0.0001,0.0,0.0,4e-05
Bina Sankar,6,0.0001,0.0,0.0,4e-05
Harrison Samra,6,0.0001,0.0,0.0,4e-05
Falan Sarma,6,0.0001,0.0,0.0,4e-05
Nirja Chanda,6,0.0001,0.0,0.0,4e-05
Yug Devi,6,0.0001,0.0,0.0,4e-05
Victor Dada,6,0.0001,0.0,0.0,4e-05
Wahab Choudhary,6,0.0001,0.0,0.0,4e-05
Ekaraj Soman,6,0.0001,0.0,0.0,4e-05
Abhimanyu Golla,6,0.0001,0.0,0.0,4e-05
Daksha Khatri,6,0.0001,0.0,0.0,4e-05
Siddharth Handa,6,0.0001,0.0,0.0,4e-05
Unnati Trivedi,6,0.0001,0.0,0.0,4e-05
Naksh Master,6,0.0001,0.0,0.0,4e-05
Nitara Sharma,6,0.0001,0.0,0.0,4e-05
Tristan Murthy,6,0.0001,0.0,0.0,4e-05
Ishani Sankar,6,0.0001,0.0,0.0,4e-05
Aahana Gaba,6,0.0001,0.0,0.0,4e-05
Jonathan Yohannan,6,0.0001,0.0,0.0,4e-05
Quincy Gade,6,0.0001,0.0,0.0,4e-05
Widisha Bains,6,0.0001,0.0,0.0,4e-05
Radha Konda,6,0.0001,0.0,0.0,4e-05
Vrinda Goda,6,0.0001,0.0,0.0,4e-05
Chaitanya Krishnan,6,0.0001,0.0,0.0,4e-05
Dalbir Zacharia,6,0.0001,0.0,0.0,4e-05
Yasti Lall,6,0.0001,0.0,0.0,4e-05
Bhanumati Dubey,6,0.0001,0.0,0.0,4e-05
Harshil Saraf,7,0.0001,0.0,0.0,4e-05
Anusha Hayer,7,0.0001,0.0,0.0,4e-05
Odika Nagi,6,0.0001,0.0,0.0,4e-05
Priya Gandhi,7,0.0001,0.0,0.0,4e-05
Noah Pradhan,6,0.0001,0.0,0.0,4e-05
Daksh Rege,6,0.0001,0.0,0.0,4e-05
Adya Keer,6,0.0001,0.0,0.0,4e-05
Arya Narayanan,6,0.0001,0.0,0.0,4e-05
Naksh Wadhwa,6,0.0001,0.0,0.0,4e-05
Ekani Nagi,6,0.0001,0.0,0.0,4e-05
Hamsini Khanna,6,0.0001,0.0,0.0,4e-05
Sarthak Salvi,6,0.0001,0.0,0.0,4e-05
Hritik Sarin,6,0.0001,0.0,0.0,4e-05
Ekanta Madan,7,0.0001,0.0,0.0,4e-05
Jason Krish,6,0.0001,0.0,0.0,4e-05
Advik Vaidya,6,0.0001,0.0,0.0,4e-05
Wridesh Kala,6,0.0001,0.0,0.0,4e-05
Aarnav Chakraborty,6,0.0001,0.0,0.0,4e-05
Dayamai Sule,6,0.0001,0.0,0.0,4e-05
Chatresh Bedi,6,0.0001,0.0,0.0,4e-05
Lohit Aggarwal,6,0.0001,0.0,0.0,4e-05
Radhika Bansal,6,0.0001,0.0,0.0,4e-05
Baljiwan Tailor,6,0.0001,0.0,0.0,4e-05
Pratyush Krishnan,6,0.0001,0.0,0.0,4e-05
Chakradev Arora,6,0.0001,0.0,0.0,4e-05
Xiti Chawla,6,0.0001,0.0,0.0,4e-05
Harsh Nath,6,0.0001,0.0,0.0,4e-05
Dev Din,6,0.0001,0.0,0.0,4e-05
Benjamin Chandra,6,0.0001,0.0,0.0,4e-05
Yashvi Goyal,6,0.0001,0.0,0.0,4e-05
Rachit Kari,6,0.0001,0.0,0.0,4e-05
Anmol Iyer,7,0.0001,0.0,0.0,4e-05
Upma Bal,6,0.0001,0.0,0.0,4e-05
Zashil Zacharia,6,0.0001,0.0,0.0,4e-05
Gopal Bajwa,6,0.0001,0.0,0.0,4e-05
Tara Dugal,6,0.0001,0.0,0.0,4e-05
Tanay Nori,6,0.0001,0.0,0.0,4e-05
Omaja Pai,6,0.0001,0.0,0.0,4e-05
Aarav Sampath,6,0.0001,0.0,0.0,4e-05
Amrita Badami,6,0.0001,0.0,0.0,4e-05
Urishilla Solanki,6,0.0001,0.0,0.0,4e-05
Yatan Suresh,6,0.0001,0.0,0.0,4e-05
Janani Tank,6,0.0001,0.0,0.0,4e-05
Falguni Goyal,6,0.0001,0.0,0.0,4e-05
Vrinda Pathak,6,0.0001,0.0,0.0,4e-05
George Borde,6,0.0001,0.0,0.0,4e-05
Yachana Bhagat,6,0.0001,0.0,0.0,4e-05
Ansh Mistry,6,0.0001,0.0,0.0,4e-05
Libni Prasad,7,0.0001,0.0,0.0,4e-05
Shravya Manne,6,0.0001,0.0,0.0,4e-05
Maanas Bhandari,7,0.0001,0.0,0.0,4e-05
Keya Balan,6,0.0001,0.0,0.0,4e-05
Samaksh Manne,6,0.0001,0.0,0.0,4e-05
Geetika Batra,6,0.0001,0.0,0.0,4e-05
Gopal Koshy,6,0.0001,0.0,0.0,4e-05
Orinder Chaudry,6,0.0001,0.0,0.0,4e-05
Max Pradhan,6,0.0001,0.0,0.0,4e-05
Ikshita Swamy,6,0.0001,0.0,0.0,4e-05
Fiyaz Sant,6,0.0001,0.0,0.0,4e-05
Dhruv Rajagopal,6,0.0001,0.0,0.0,4e-05
Bahadurjit Mangat,7,0.0001,0.0,0.0,4e-05
Nisha Narang,6,0.0001,0.0,0.0,4e-05
Praneel Vala,6,0.0001,0.0,0.0,4e-05
Hiral Baral,6,0.0001,0.0,0.0,4e-05
Ryan Mahajan,6,0.0001,0.0,0.0,4e-05
Anirudh Sawhney,6,0.0001,0.0,0.0,4e-05
Theodore Deol,6,0.0001,0.0,0.0,4e-05
Hemani Bose,6,0.0001,0.0,0.0,4e-05
Yoshita Sengupta,6,0.0001,0.0,0.0,4e-05
Chakradev Khatri,6,0.0001,0.0,0.0,4e-05
Krish Jaggi,6,0.0001,0.0,0.0,4e-05
Sara Jhaveri,6,0.0001,0.0,0.0,4e-05
Maanas Sunder,6,0.0001,0.0,0.0,4e-05
Girik Tiwari,6,0.0001,0.0,0.0,4e-05
Amrita Shanker,6,0.0001,0.0,0.0,4e-05
Ishita Dora,6,0.0001,0.0,0.0,4e-05
Timothy Menon,6,0.0001,0.0,0.0,4e-05
Adya Bhattacharyya,6,0.0001,0.0,0.0,4e-05
Triveni Shroff,6,0.0001,0.0,0.0,4e-05
Laksh Memon,6,0.0001,0.0,0.0,4e-05
Oeshi Rege,6,0.0001,0.0,0.0,4e-05
Nimrat Pai,6,0.0001,0.0,0.0,4e-05
Ekiya Gara,6,0.0001,0.0,0.0,4e-05
Ekiya Gopal,6,0.0001,0.0,0.0,4e-05
Prisha Varughese,6,0.0001,0.0,0.0,4e-05
Henry Shukla,7,0.0001,0.0,0.0,4e-05
Banjeet Krish,6,0.0001,0.0,0.0,4e-05
Patrick Buch,6,0.0001,0.0,0.0,4e-05
Jason Luthra,6,0.0001,0.0,0.0,4e-05
Chanchal Chaudhary,6,0.0001,0.0,0.0,4e-05
Tarak Johal,6,0.0001,0.0,0.0,4e-05
Charvi Anand,7,0.0001,0.0,0.0,4e-05
Vyanjana Badami,6,0.0001,0.0,0.0,4e-05
Aarnav Ben,6,0.0001,0.0,0.0,4e-05
Oscar Yogi,7,0.0001,0.0,0.0,4e-05
Fitan Som,6,0.0001,0.0,0.0,4e-05
Vivaan Kohli,6,0.0001,0.0,0.0,4e-05
Azad Narayanan,6,0.0001,0.0,0.0,4e-05
Ikbal Thaker,6,0.0001,0.0,0.0,4e-05
Nidra Kala,6,0.0001,0.0,0.0,4e-05
Pushti Varughese,6,0.0001,0.0,0.0,4e-05
Irya Garde,6,0.0001,0.0,0.0,4e-05
Urvashi Dhar,6,0.0001,0.0,0.0,4e-05
Avi Wason,6,0.0001,0.0,0.0,4e-05
Ronith Prabhu,6,0.0001,0.0,0.0,4e-05
Ryan Dyal,6,0.0001,0.0,0.0,4e-05
Maanav Soni,6,0.0001,0.0,0.0,4e-05
Devika Sankaran,6,0.0001,0.0,0.0,4e-05
Aarnav Natarajan,6,0.0001,0.0,0.0,4e-05
Zehaan Roy,6,0.0001,0.0,0.0,4e-05
Qarin Narain,6,0.0001,0.0,0.0,4e-05
Dalaja Saraf,6,0.0001,0.0,0.0,4e-05
Viraj Srinivasan,6,0.0001,0.0,0.0,4e-05
Gaurav Ahluwalia,6,0.0001,0.0,0.0,4e-05
Ishita Peri,6,0.0001,0.0,0.0,4e-05
Ishita Uppal,6,0.0001,0.0,0.0,4e-05
Yagnesh Bedi,6,0.0001,0.0,0.0,4e-05
Samarth Krishnamurthy,6,0.0001,0.0,0.0,4e-05
Utkarsh Choudhry,7,0.0001,0.0,0.0,4e-05
Devika Raval,6,0.0001,0.0,0.0,4e-05
Jack Shukla,6,0.0001,0.0,0.0,4e-05
Priya Muni,7,0.0001,0.0,0.0,4e-05
Triya Kanda,6,0.0001,0.0,0.0,4e-05
Sarthak Dhillon,6,0.0001,0.0,0.0,4e-05
Anthony Sehgal,6,0.0001,0.0,0.0,4e-05
Mohini Bandi,6,0.0001,0.0,0.0,4e-05
Onkar Sidhu,6,0.0001,0.0,0.0,4e-05
Vyanjana Shah,6,0.0001,0.0,0.0,4e-05
Amrita Sidhu,6,0.0001,0.0,0.0,4e-05
Ekalinga Narula,7,0.0001,0.0,0.0,4e-05
Riya Rajagopalan,6,0.0001,0.0,0.0,4e-05
Vrinda Koshy,6,0.0001,0.0,0.0,4e-05
Victor Batta,6,0.0001,0.0,0.0,4e-05
Xalak Tiwari,6,0.0001,0.0,0.0,4e-05
Suhani Sridhar,6,0.0001,0.0,0.0,4e-05
Kamya Mander,6,0.0001,0.0,0.0,4e-05
Diya Som,6,0.0001,0.0,0.0,4e-05
Devika Rastogi,7,0.0001,0.0,0.0,4e-05
Om Char,6,0.0001,0.0,0.0,4e-05
Nirja Datta,6,0.0001,0.0,0.0,4e-05
Vihaan Venkatesh,6,0.0001,0.0,0.0,4e-05
Ekansh Bajaj,6,0.0001,0.0,0.0,4e-05
Nitara Char,6,0.0001,0.0,0.0,4e-05
Shravya Shanker,6,0.0001,0.0,0.0,4e-05
Arya Baral,6,0.0001,0.0,0.0,4e-05
Warda Mane,6,0.0001,0.0,0.0,4e-05
Dev Mangat,6,0.0001,0.0,0.0,4e-05
Suhani Bajwa,6,0.0001,0.0,0.0,4e-05
Indira Bhat,6,0.0001,0.0,0.0,4e-05
Hemang Mody,6,0.0001,0.0,0.0,4e-05
Tarak Andra,6,0.0001,0.0,0.0,4e-05
Varsha Dayal,6,0.0001,0.0,0.0,4e-05
Mitesh Uppal,6,0.0001,0.0,0.0,4e-05
Meghana Sundaram,6,0.0001,0.0,0.0,4e-05
Rachit Kaul,6,0.0001,0.0,0.0,4e-05
Girik Sahni,6,0.0001,0.0,0.0,4e-05
Benjamin Bahl,6,0.0001,0.0,0.0,4e-05
Ryan Raghavan,6,0.0001,0.0,0.0,4e-05
Kamala Parsa,6,0.0001,0.0,0.0,4e-05
Nachiket Wadhwa,6,0.0001,0.0,0.0,4e-05
Dominic Memon,6,0.0001,0.0,0.0,4e-05
Anjali Rege,6,0.0001,0.0,0.0,4e-05
Ikbal Bora,6,0.0001,0.0,0.0,4e-05
Vaishnavi Walla,6,0.0001,0.0,0.0,4e-05
Rachita Pathak,6,0.0001,0.0,0.0,4e-05
Shivani Kaur,6,0.0001,0.0,0.0,4e-05
Krisha Maharaj,6,0.0001,0.0,0.0,4e-05
Indrajit Yogi,6,0.0001,0.0,0.0,4e-05
Abdul Balay,6,0.0001,0.0,0.0,4e-05
Udyati Jhaveri,6,0.0001,0.0,0.0,4e-05
Joshua Kapadia,7,0.0001,0.0,0.0,4e-05
Lipika Singhal,6,0.0001,0.0,0.0,4e-05
Jackson Gokhale,6,0.0001,0.0,0.0,4e-05
Abhimanyu Mital,6,0.0001,0.0,0.0,4e-05
Saumya Sidhu,6,0.0001,0.0,0.0,4e-05
Jeet Joshi,6,0.0001,0.0,0.0,4e-05
Pahal Chandran,6,0.0001,0.0,0.0,4e-05
Krishna Misra,6,0.0001,0.0,0.0,4e-05
Onveer Thaman,6,0.0001,0.0,0.0,4e-05
Sathvik Jaggi,7,0.0001,0.0,0.0,4e-05
Diya Bera,6,0.0001,0.0,0.0,4e-05
Sanaya Loyal,6,0.0001,0.0,0.0,4e-05
Zaitra Chakrabarti,7,0.0001,0.0,0.0,4e-05
Meghana Dhillon,6,0.0001,0.0,0.0,4e-05
Hredhaan Yohannan,6,0.0001,0.0,0.0,4e-05
Vinaya Loyal,6,0.0001,0.0,0.0,4e-05
Udarsh Char,6,0.0001,0.0,0.0,4e-05
Oscar Deo,6,0.0001,0.0,0.0,4e-05
Oni Acharya,6,0.0001,0.0,0.0,4e-05
Abhimanyu Dhingra,6,0.0001,0.0,0.0,4e-05
Jasmit Kota,6,0.0001,0.0,0.0,4e-05
Samesh Gade,7,0.0001,0.0,0.0,4e-05
Owen Swaminathan,6,0.0001,0.0,0.0,4e-05
Urvi Savant,6,0.0001,0.0,0.0,4e-05
Rajeshri Nagi,6,0.0001,0.0,0.0,4e-05
Nicholas Natt,6,0.0001,0.0,0.0,4e-05
Max Muni,6,0.0001,0.0,0.0,4e-05
Azad Parmer,6,0.0001,0.0,0.0,4e-05
Maanav Chakrabarti,6,0.0001,0.0,0.0,4e-05
Hritik Cherian,6,0.0001,0.0,0.0,4e-05
Inaya Char,6,0.0001,0.0,0.0,4e-05
Irya Warrior,6,0.0001,0.0,0.0,4e-05
Advay Nagi,6,0.0001,0.0,0.0,4e-05
Onveer Hayer,6,0.0001,0.0,0.0,4e-05
Chaitanya Dua,6,0.0001,0.0,0.0,4e-05
Krishna Seth,6,0.0001,0.0,0.0,4e-05
Abha Master,6,0.0001,0.0,0.0,4e-05
Laban Sule,6,0.0001,0.0,0.0,4e-05
Guneet Patel,6,0.0001,0.0,0.0,4e-05
Leela Sengupta,6,0.0001,0.0,0.0,4e-05
Oscar Chaudry,6,0.0001,0.0,0.0,4e-05
Vinaya Kohli,6,0.0001,0.0,0.0,4e-05
Ekaja Sathe,6,0.0001,0.0,0.0,4e-05
Jonathan Barman,6,0.0001,0.0,0.0,4e-05
Balendra Bawa,6,0.0001,0.0,0.0,4e-05
Yasti Dey,6,0.0001,0.0,0.0,4e-05
Veda Parmer,6,0.0001,0.0,0.0,4e-05
Yashasvi Sahota,6,0.0001,0.0,0.0,4e-05
Ikbal Bali,6,0.0001,0.0,0.0,4e-05
George Bajwa,6,0.0001,0.0,0.0,4e-05
Shivani Sibal,6,0.0001,0.0,0.0,4e-05
Kalpit Parikh,6,0.0001,0.0,0.0,4e-05
Avi Arya,6,0.0001,0.0,0.0,4e-05
Dhruv Thakur,7,0.0001,0.0,0.0,4e-05
Qadim Gola,7,0.0001,0.0,0.0,4e-05
Chanakya Magar,6,0.0001,0.0,0.0,4e-05
Turvi Dhingra,6,0.0001,0.0,0.0,4e-05
Harini Narain,6,0.0001,0.0,0.0,4e-05
Abhimanyu Dalal,6,0.0001,0.0,0.0,4e-05
Zilmil Virk,6,0.0001,0.0,0.0,4e-05
Vasudha Dass,6,0.0001,0.0,0.0,4e-05
Yachana Ahuja,6,0.0001,0.0,0.0,4e-05
Saksham Varty,6,0.0001,0.0,0.0,4e-05
Neelima Walla,6,0.0001,0.0,0.0,4e-05
Arjun Balan,6,0.0001,0.0,0.0,4e-05
Avni Pradhan,6,0.0001,0.0,0.0,4e-05
Krishna More,6,0.0001,0.0,0.0,4e-05
Theodore Sharaf,6,0.0001,0.0,0.0,4e-05
Manya Maharaj,6,0.0001,0.0,0.0,4e-05
Devika Dixit,6,0.0001,0.0,0.0,4e-05
Aadi Sheth,6,0.0001,0.0,0.0,4e-05
Vinaya Korpal,6,0.0001,0.0,0.0,4e-05
Sneha Sandal,6,0.0001,0.0,0.0,4e-05
Warda Shah,6,0.0001,0.0,0.0,4e-05
Avni Gole,6,0.0001,0.0,0.0,4e-05
Tanveer Mohanty,6,0.0001,0.0,0.0,4e-05
Zayyan Thakkar,6,0.0001,0.0,0.0,4e-05
Matthew Nazareth,6,0.0001,0.0,0.0,4e-05
Ekaja Sant,6,0.0001,0.0,0.0,4e-05
Max Mohanty,6,0.0001,0.0,0.0,4e-05
Kritika Saha,6,0.0001,0.0,0.0,4e-05
Arya Rau,6,0.0001,0.0,0.0,4e-05
Udarsh Sarkar,7,0.0001,0.0,0.0,4e-05
Kritika Lala,6,0.0001,0.0,0.0,4e-05
Bishakha Divan,7,0.0001,0.0,0.0,4e-05
Zehaan Hayre,6,0.0001,0.0,0.0,4e-05
Wridesh Goyal,6,0.0001,0.0,0.0,4e-05
Aadi Dua,6,0.0001,0.0,0.0,4e-05
Aarini Baral,6,0.0001,0.0,0.0,4e-05
Damyanti Sandal,6,0.0001,0.0,0.0,4e-05
Zashil Pal,6,0.0001,0.0,0.0,4e-05
Dayamai Gola,6,0.0001,0.0,0.0,4e-05
Jason Chaudhry,7,0.0001,0.0,0.0,4e-05
Warjas Dugar,6,0.0001,0.0,0.0,4e-05
Wakeeta Samra,6,0.0001,0.0,0.0,4e-05
Darsh Virk,7,0.0001,0.0,0.0,4e-05
Radha Sani,6,0.0001,0.0,0.0,4e-05
Aarush Banik,6,0.0001,0.0,0.0,4e-05
Chakrika Bedi,6,0.0001,0.0,0.0,4e-05
Kai Mall,6,0.0001,0.0,0.0,4e-05
Tanveer Subramaniam,6,0.0001,0.0,0.0,4e-05
Caleb Chad,6,0.0001,0.0,0.0,4e-05
Champak Chahal,6,0.0001,0.0,0.0,4e-05
Warinder Goel,6,0.0001,0.0,0.0,4e-05
Jack Dass,6,0.0001,0.0,0.0,4e-05
Abdul Goswami,6,0.0001,0.0,0.0,4e-05
Lila Tara,6,0.0001,0.0,0.0,4e-05
Dalaja Mukherjee,6,0.0001,0.0,0.0,4e-05
Xavier Cheema,7,0.0001,0.0,0.0,4e-05
Avni Shan,6,0.0001,0.0,0.0,4e-05
Triveni Rama,6,0.0001,0.0,0.0,4e-05
Karan Koshy,6,0.0001,0.0,0.0,4e-05
Sara Chaudry,6,0.0001,0.0,0.0,4e-05
Nandini Murty,6,0.0001,0.0,0.0,4e-05
Tanish Prashad,7,0.0001,0.0,0.0,4e-05
Rachana Srinivasan,6,0.0001,0.0,0.0,4e-05
Mason Khare,6,0.0001,0.0,0.0,4e-05
Raghav Devi,6,0.0001,0.0,0.0,4e-05
Wishi Hayre,6,0.0001,0.0,0.0,4e-05
Ayushman Rajan,6,0.0001,0.0,0.0,4e-05
Akshay Chaudry,6,0.0001,0.0,0.0,4e-05
Barkha Sem,6,0.0001,0.0,0.0,4e-05
Rehaan Bhargava,6,0.0001,0.0,0.0,4e-05
Yatan Acharya,6,0.0001,0.0,0.0,4e-05
Sachi Bajaj,6,0.0001,0.0,0.0,4e-05
Jairaj Gopal,6,0.0001,0.0,0.0,4e-05
Falak Venkatesh,6,0.0001,0.0,0.0,4e-05
Urishilla Pillai,7,0.0001,0.0,0.0,4e-05
Jeet Kalla,6,0.0001,0.0,0.0,4e-05
Amrita Pandya,6,0.0001,0.0,0.0,4e-05
Sudiksha Golla,7,0.0001,0.0,0.0,4e-05
Sachi Memon,6,0.0001,0.0,0.0,4e-05
Rachita Dar,6,0.0001,0.0,0.0,4e-05
Eshana Saran,6,0.0001,0.0,0.0,4e-05
Wishi Bir,6,0.0001,0.0,0.0,4e-05
Zaid Patla,6,0.0001,0.0,0.0,4e-05
Chakradhar Gulati,6,0.0001,0.0,0.0,4e-05
Raksha Samra,6,0.0001,0.0,0.0,4e-05
Charan Raj,6,0.0001,0.0,0.0,4e-05
Samar Sastry,7,0.0001,0.0,0.0,4e-05
Finn Sathe,6,0.0001,0.0,0.0,4e-05
Vasatika Kunda,6,0.0001,0.0,0.0,4e-05
Lekha Nigam,7,0.0001,0.0,0.0,4e-05
Lakshit Mital,6,0.0001,0.0,0.0,4e-05
Arjun Nadig,6,0.0001,0.0,0.0,4e-05
Indali Bhasin,6,0.0001,0.0,0.0,4e-05
Warda Khare,6,0.0001,0.0,0.0,4e-05
Varsha Dhar,7,0.0001,0.0,0.0,4e-05
Oliver Vig,6,0.0001,0.0,0.0,4e-05
Saanvi Palan,6,0.0001,0.0,0.0,4e-05
Nakul Shere,6,0.0001,0.0,0.0,4e-05
Urishilla Bhalla,6,0.0001,0.0,0.0,4e-05
Avi Lall,6,0.0001,0.0,0.0,4e-05
Krisha Garg,6,0.0001,0.0,0.0,4e-05
Parth Ravi,6,0.0001,0.0,0.0,4e-05
Zaid Dara,6,0.0001,0.0,0.0,4e-05
Ansh Aurora,6,0.0001,0.0,0.0,4e-05
Tamanna Atwal,6,0.0001,0.0,0.0,4e-05
Vasudha Cheema,6,0.0001,0.0,0.0,4e-05
Deepa Bhakta,6,0.0001,0.0,0.0,4e-05
Yoshita Nigam,6,0.0001,0.0,0.0,4e-05
Samarth Talwar,6,0.0001,0.0,0.0,4e-05
Aarna Batra,6,0.0001,0.0,0.0,4e-05
Ishita Om,6,0.0001,0.0,0.0,4e-05
Naksh Pant,6,0.0001,0.0,0.0,4e-05
Robert Sarkar,6,0.0001,0.0,0.0,4e-05
Urvi Sachdev,6,0.0001,0.0,0.0,4e-05
Bhavna Agate,6,0.0001,0.0,0.0,4e-05
Ronith Gola,6,0.0001,0.0,0.0,4e-05
Banjeet Kohli,6,0.0001,0.0,0.0,4e-05
Tara Arora,6,0.0001,0.0,0.0,4e-05
Jagrati Chana,6,0.0001,0.0,0.0,4e-05
Aarnav Loke,6,0.0001,0.0,0.0,4e-05
Ayush Kapur,6,0.0001,0.0,0.0,4e-05
Jeevika Thakkar,6,0.0001,0.0,0.0,4e-05
Garima Mani,6,0.0001,0.0,0.0,4e-05
Riya Virk,6,0.0001,0.0,0.0,4e-05
Balendra Mahal,6,0.0001,0.0,0.0,4e-05
Lila Dutt,6,0.0001,0.0,0.0,4e-05
Ikshita Shankar,6,0.0001,0.0,0.0,4e-05
Pratyush Sankar,6,0.0001,0.0,0.0,4e-05
Fiyaz Date,6,0.0001,0.0,0.0,4e-05
Neha Lanka,6,0.0001,0.0,0.0,4e-05
Ria Hans,6,0.0001,0.0,0.0,4e-05
Charan Shere,6,0.0001,0.0,0.0,4e-05
Wazir Magar,6,0.0001,0.0,0.0,4e-05
Rayaan Tripathi,6,0.0001,0.0,0.0,4e-05
Ekalinga Ramesh,6,0.0001,0.0,0.0,4e-05
Gayathri Badal,6,0.0001,0.0,0.0,4e-05
Kashish Kashyap,6,0.0001,0.0,0.0,4e-05
Reyansh Sarna,6,0.0001,0.0,0.0,4e-05
Daksh Ghose,6,0.0001,0.0,0.0,4e-05
Jagdish Menon,6,0.0001,0.0,0.0,4e-05
Nidhi Bera,6,0.0001,0.0,0.0,4e-05
Chaman Som,6,0.0001,0.0,0.0,4e-05
Kashvi Thaman,6,0.0001,0.0,0.0,4e-05
Finn Sandal,7,0.0001,0.0,0.0,4e-05
Anusha Kota,6,0.0001,0.0,0.0,4e-05
Ijaya Iyengar,6,0.0001,0.0,0.0,4e-05
Netra Keer,6,0.0001,0.0,0.0,4e-05
Anika De,6,0.0001,0.0,0.0,4e-05
Sachi Kakar,6,0.0001,0.0,0.0,4e-05
Aarav Dugal,6,0.0001,0.0,0.0,4e-05
Krisha Barad,7,0.0001,0.0,0.0,4e-05
Yashoda Taneja,6,0.0001,0.0,0.0,4e-05
Wahab Gola,6,0.0001,0.0,0.0,4e-05
Lipika Sule,6,0.0001,0.0,0.0,4e-05
Oeshi Kara,6,0.0001,0.0,0.0,4e-05
Madhav Nagy,6,0.0001,0.0,0.0,4e-05
Gaurika Bhagat,6,0.0001,0.0,0.0,4e-05
Amaira Chadha,6,0.0001,0.0,0.0,4e-05
Nitesh Sarna,6,0.0001,0.0,0.0,4e-05
Ijaya Baral,6,0.0001,0.0,0.0,4e-05
Jacob Wadhwa,6,0.0001,0.0,0.0,4e-05
Rishi Wason,7,0.0001,0.0,0.0,4e-05
Nidhi Ben,6,0.0001,0.0,0.0,4e-05
Siddharth Morar,6,0.0001,0.0,0.0,4e-05
Champak Koshy,6,0.0001,0.0,0.0,4e-05
Vidhi More,6,0.0001,0.0,0.0,4e-05
Wriddhish Dayal,6,0.0001,0.0,0.0,4e-05
Arin Borra,6,0.0001,0.0,0.0,4e-05
Kai Divan,6,0.0001,0.0,0.0,4e-05
Nitara Balay,6,0.0001,0.0,0.0,4e-05
Dayamai Upadhyay,6,0.0001,0.0,0.0,4e-05
Anika Vohra,6,0.0001,0.0,0.0,4e-05
Veer Rajan,6,0.0001,0.0,0.0,4e-05
Rushil Yogi,6,0.0001,0.0,0.0,4e-05
Kamya Choudhry,6,0.0001,0.0,0.0,4e-05
Chanchal Banik,6,0.0001,0.0,0.0,4e-05
Mekhala Pal,6,0.0001,0.0,0.0,4e-05
Chatura Sharaf,6,0.0001,0.0,0.0,4e-05
Christopher Basak,6,0.0001,0.0,0.0,4e-05
Dayamai Dutta,6,0.0001,0.0,0.0,4e-05
William Chawla,6,0.0001,0.0,0.0,4e-05
Dalaja Dar,6,0.0001,0.0,0.0,4e-05
Ridhi Varty,6,0.0001,0.0,0.0,4e-05
Harrison Nori,6,0.0001,0.0,0.0,4e-05
Krishna Arya,6,0.0001,0.0,0.0,4e-05
Anjali Balasubramanian,6,0.0001,0.0,0.0,4e-05
Jeevika Nagy,6,0.0001,0.0,0.0,4e-05
Yoshita Buch,7,0.0001,0.0,0.0,4e-05
Joshua Shan,6,0.0001,0.0,0.0,4e-05
Divya Manne,6,0.0001,0.0,0.0,4e-05
Dhriti Chana,6,0.0001,0.0,0.0,4e-05
Bhavna Morar,6,0.0001,0.0,0.0,4e-05
Yasti Chander,6,0.0001,0.0,0.0,4e-05
Keya Chaudhuri,6,0.0001,0.0,0.0,4e-05
Chakradev Rege,6,0.0001,0.0,0.0,4e-05
Ira Gupta,6,0.0001,0.0,0.0,4e-05
Yadavi Dar,6,0.0001,0.0,0.0,4e-05
Lila Hegde,6,0.0001,0.0,0.0,4e-05
Victor Memon,6,0.0001,0.0,0.0,4e-05
Bhavika Vasa,6,0.0001,0.0,0.0,4e-05
Xiti Choudhary,6,0.0001,0.0,0.0,4e-05
Yashvi Kala,6,0.0001,0.0,0.0,4e-05
Nitesh Ramesh,7,0.0001,0.0,0.0,4e-05
Yatan Maharaj,6,0.0001,0.0,0.0,4e-05
Omisha Oza,6,0.0001,0.0,0.0,4e-05
Hredhaan Modi,6,0.0001,0.0,0.0,4e-05
Ikbal Prakash,6,0.0001,0.0,0.0,4e-05
Aradhana Comar,6,0.0001,0.0,0.0,4e-05
Mugdha D’Alia,6,0.0001,0.0,0.0,4e-05
Shaurya Kapadia,6,0.0001,0.0,0.0,4e-05
Quincy Bora,6,0.0001,0.0,0.0,4e-05
Andrew Lall,6,0.0001,0.0,0.0,4e-05
Vanya Prasad,6,0.0001,0.0,0.0,4e-05
Ladli Narain,6,0.0001,0.0,0.0,4e-05
Oeshi Prasad,6,0.0001,0.0,0.0,4e-05
Dhriti Amble,6,0.0001,0.0,0.0,4e-05
Sara Palla,6,0.0001,0.0,0.0,4e-05
Tristan Mukherjee,6,0.0001,0.0,0.0,4e-05
Saanvi Pradhan,6,0.0001,0.0,0.0,4e-05
Anika Nadig,6,0.0001,0.0,0.0,4e-05
Damyanti Shetty,6,0.0001,0.0,0.0,4e-05
Andrew Kakar,6,0.0001,0.0,0.0,4e-05
Charles Bhatt,6,0.0001,0.0,0.0,4e-05
Janaki Golla,6,0.0001,0.0,0.0,4e-05
Yauvani Grover,6,0.0001,0.0,0.0,4e-05
Yash Sule,6,0.0001,0.0,0.0,4e-05
Wriddhish Kari,6,0.0001,0.0,0.0,4e-05
Aadhya Zacharia,6,0.0001,0.0,0.0,4e-05
Fariq Hayer,6,0.0001,0.0,0.0,4e-05
Devansh Kari,6,0.0001,0.0,0.0,4e-05
Charles Magar,6,0.0001,0.0,0.0,4e-05
Krishna Karan,7,0.0001,0.0,0.0,4e-05
Rachit Sandal,6,0.0001,0.0,0.0,4e-05
Hemangini Pant,6,0.0001,0.0,0.0,4e-05
Henry Bahri,6,0.0001,0.0,0.0,4e-05
Naveen Bahl,6,0.0001,0.0,0.0,4e-05
Sai Panchal,7,0.0001,0.0,0.0,4e-05
Praneel Dayal,6,0.0001,0.0,0.0,4e-05
Sanaya Agrawal,6,0.0001,0.0,0.0,4e-05
Unnati Mahajan,6,0.0001,0.0,0.0,4e-05
Ekbal Bedi,6,0.0001,0.0,0.0,4e-05
Advik Chadha,6,0.0001,0.0,0.0,4e-05
Chakradhar Varty,6,0.0001,0.0,0.0,4e-05
Darsh Kade,6,0.0001,0.0,0.0,4e-05
Sathvik Gole,6,0.0001,0.0,0.0,4e-05
Brijesh Chahal,6,0.0001,0.0,0.0,4e-05
Falak Batta,6,0.0001,0.0,0.0,4e-05
Mohammed Vaidya,6,0.0001,0.0,0.0,4e-05
Hiral Pall,6,0.0001,0.0,0.0,4e-05
Tanmayi Guha,6,0.0001,0.0,0.0,4e-05
Gagan Pillai,6,0.0001,0.0,0.0,4e-05
David Verma,7,0.0001,0.0,0.0,4e-05
Shravya Bhatti,6,0.0001,0.0,0.0,4e-05
Henry Mohanty,6,0.0001,0.0,0.0,4e-05
Girindra Shanker,6,0.0001,0.0,0.0,4e-05
Avni Amble,6,0.0001,0.0,0.0,4e-05
Chandani Rau,6,0.0001,0.0,0.0,4e-05
Pallavi Ravi,6,0.0001,0.0,0.0,4e-05
Chanchal Luthra,6,0.0001,0.0,0.0,4e-05
Jyoti Babu,6,0.0001,0.0,0.0,4e-05
Parth Behl,7,0.0001,0.0,0.0,4e-05
Neelima Upadhyay,6,0.0001,0.0,0.0,4e-05
Lakshit Sood,6,0.0001,0.0,0.0,4e-05
Mugdha Mallick,6,0.0001,0.0,0.0,4e-05
Upasna Sagar,6,0.0001,0.0,0.0,4e-05
Harshil Kaur,6,0.0001,0.0,0.0,4e-05
Eesha Koshy,6,0.0001,0.0,0.0,4e-05
Megha Apte,6,0.0001,0.0,0.0,4e-05
Niharika Suresh,6,0.0001,0.0,0.0,4e-05
Reyansh Subramanian,6,0.0001,0.0,0.0,4e-05
Urmi Dayal,6,0.0001,0.0,0.0,4e-05
Chakradev Bhandari,6,0.0001,0.0,0.0,4e-05
Samarth Halder,6,0.0001,0.0,0.0,4e-05
Yashica Shenoy,6,0.0001,0.0,0.0,4e-05
Riya Seshadri,6,0.0001,0.0,0.0,4e-05
Sudiksha Soman,6,0.0001,0.0,0.0,4e-05
Unni Datta,6,0.0001,0.0,0.0,4e-05
Lila Dass,7,0.0001,0.0,0.0,4e-05
Maanas Dayal,6,0.0001,0.0,0.0,4e-05
Siya Roy,6,0.0001,0.0,0.0,4e-05
Hemang Saran,6,0.0001,0.0,0.0,4e-05
Vasatika Garg,6,0.0001,0.0,0.0,4e-05
Gaurika Kohli,6,0.0001,0.0,0.0,4e-05
Brinda Bansal,6,0.0001,0.0,0.0,4e-05
Januja De,6,0.0001,0.0,0.0,4e-05
Deepa Shukla,6,0.0001,0.0,0.0,4e-05
Anjali Khalsa,6,0.0001,0.0,0.0,4e-05
Dayita Andra,6,0.0001,0.0,0.0,4e-05
Timothy Choudhury,6,0.0001,0.0,0.0,4e-05
Jyoti Bhakta,6,0.0001,0.0,0.0,4e-05
Balendra Sood,6,0.0001,0.0,0.0,4e-05
Ekaja Khanna,6,0.0001,0.0,0.0,4e-05
Vihaan Bhagat,6,0.0001,0.0,0.0,4e-05
Qushi Pandya,6,0.0001,0.0,0.0,4e-05
Jason Halder,6,0.0001,0.0,0.0,4e-05
Advik Wason,6,0.0001,0.0,0.0,4e-05
Alexander Pingle,6,0.0001,0.0,0.0,4e-05
Harsh Subramanian,6,0.0001,0.0,0.0,4e-05
Lohit Johal,6,0.0001,0.0,0.0,4e-05
Chakradev Kar,6,0.0001,0.0,0.0,4e-05
Aarush Dutta,6,0.0001,0.0,0.0,4e-05
Chameli Modi,6,0.0001,0.0,0.0,4e-05
Meera Dugar,6,0.0001,0.0,0.0,4e-05
Idika Nayar,6,0.0001,0.0,0.0,4e-05
Bhavika Sharaf,6,0.0001,0.0,0.0,4e-05
Netra Narayan,6,0.0001,0.0,0.0,4e-05
Hiral More,6,0.0001,0.0,0.0,4e-05
Rachita Dyal,6,0.0001,0.0,0.0,4e-05
Lajita Nayar,6,0.0001,0.0,0.0,4e-05
Triya Chaudhuri,6,0.0001,0.0,0.0,4e-05
Aradhana Memon,6,0.0001,0.0,0.0,4e-05
Utkarsh Sen,6,0.0001,0.0,0.0,4e-05
Vanya Gopal,6,0.0001,0.0,0.0,4e-05
Riya Talwar,6,0.0001,0.0,0.0,4e-05
Bachittar Chopra,6,0.0001,0.0,0.0,4e-05
Anay Mand,6,0.0001,0.0,0.0,4e-05
Kavya Modi,6,0.0001,0.0,0.0,4e-05
Nimrat Balay,6,0.0001,0.0,0.0,4e-05
Balendra Sidhu,6,0.0001,0.0,0.0,4e-05
Udyati Uppal,6,0.0001,0.0,0.0,4e-05
Kavya Sathe,6,0.0001,0.0,0.0,4e-05
Alka Nayar,6,0.0001,0.0,0.0,4e-05
Darsh Sachdev,6,0.0001,0.0,0.0,4e-05
Megha Sridhar,6,0.0001,0.0,0.0,4e-05
Maanas Raju,6,0.0001,0.0,0.0,4e-05
Ekalinga Bandi,6,0.0001,0.0,0.0,4e-05
Aradhana Deshmukh,6,0.0001,0.0,0.0,4e-05
Harinakshi Venkatesh,6,0.0001,0.0,0.0,4e-05
Chavvi Prasad,6,0.0001,0.0,0.0,4e-05
Nimrat Buch,6,0.0001,0.0,0.0,4e-05
Henry Tripathi,6,0.0001,0.0,0.0,4e-05
Vivaan Sahota,6,0.0001,0.0,0.0,4e-05
Nisha Mand,6,0.0001,0.0,0.0,4e-05
Rajata Pingle,6,0.0001,0.0,0.0,4e-05
Mekhala Behl,6,0.0001,0.0,0.0,4e-05
Aarna Kunda,6,0.0001,0.0,0.0,4e-05
Alka Thakur,6,0.0001,0.0,0.0,4e-05
Imaran Narayanan,6,0.0001,0.0,0.0,4e-05
Yash Balay,6,0.0001,0.0,0.0,4e-05
Upadhriti Baral,6,0.0001,0.0,0.0,4e-05
Radha Bandi,6,0.0001,0.0,0.0,4e-05
Anvi Mistry,6,0.0001,0.0,0.0,4e-05
Urishilla Dua,6,0.0001,0.0,0.0,4e-05
Omkaar Kamdar,6,0.0001,0.0,0.0,4e-05
Abhimanyu Chad,6,0.0001,0.0,0.0,4e-05
Divya Suresh,6,0.0001,0.0,0.0,4e-05
Lila Bera,6,0.0001,0.0,0.0,4e-05
Faraj Vaidya,6,0.0001,0.0,0.0,4e-05
Omaja Sood,6,0.0001,0.0,0.0,4e-05
Siya Singhal,6,0.0001,0.0,0.0,4e-05
Guneet Misra,6,0.0001,0.0,0.0,4e-05
Reva Gola,6,0.0001,0.0,0.0,4e-05
Libni Date,6,0.0001,0.0,0.0,4e-05
Reyansh Behl,6,0.0001,0.0,0.0,4e-05
Jack Karnik,6,0.0001,0.0,0.0,4e-05
Amrita Manne,6,0.0001,0.0,0.0,4e-05
Pranav Kant,6,0.0001,0.0,0.0,4e-05
Azaan Kala,6,0.0001,0.0,0.0,4e-05
Tanvi Chada,7,0.0001,0.0,0.0,4e-05
Pushti Aurora,6,0.0001,0.0,0.0,4e-05
Unni Shah,6,0.0001,0.0,0.0,4e-05
Panini Sankar,6,0.0001,0.0,0.0,4e-05
Watika Divan,6,0.0001,0.0,0.0,4e-05
Kamala Ram,6,0.0001,0.0,0.0,4e-05
Rajeshri Ranganathan,7,0.0001,0.0,0.0,4e-05
Radha Dani,6,0.0001,0.0,0.0,4e-05
Dev Rajagopalan,6,0.0001,0.0,0.0,4e-05
Saanvi Saini,6,0.0001,0.0,0.0,4e-05
Qasim Tella,6,0.0001,0.0,0.0,4e-05
Bhavya Ghosh,6,0.0001,0.0,0.0,4e-05
Ayushman Gill,7,0.0001,0.0,0.0,4e-05
Naveen Sastry,6,0.0001,0.0,0.0,4e-05
Pranit Om,6,0.0001,0.0,0.0,4e-05
Ati Oak,6,0.0001,0.0,0.0,4e-05
Rudra Vala,7,0.0001,0.0,0.0,4e-05
Urvi Raghavan,6,0.0001,0.0,0.0,4e-05
Orinder Sachdeva,6,0.0001,0.0,0.0,4e-05
Eshana Zacharia,6,0.0001,0.0,0.0,4e-05
Zaid Barman,6,0.0001,0.0,0.0,4e-05
Lucky Seth,6,0.0001,0.0,0.0,4e-05
Ekaraj Mammen,6,0.0001,0.0,0.0,4e-05
Anirudh Yogi,6,0.0001,0.0,0.0,4e-05
Maanav Mani,6,0.0001,0.0,0.0,4e-05
Tara Sampath,6,0.0001,0.0,0.0,4e-05
Om Om,6,0.0001,0.0,0.0,4e-05
Madhavi Dora,6,0.0001,0.0,0.0,4e-05
Shivansh Goda,6,0.0001,0.0,0.0,4e-05
Hemal Nair,6,0.0001,0.0,0.0,4e-05
Oscar Das,6,0.0001,0.0,0.0,4e-05
Girik Dash,6,0.0001,0.0,0.0,4e-05
Jackson Merchant,6,0.0001,0.0,0.0,4e-05
David Dara,6,0.0001,0.0,0.0,4e-05
Vincent Comar,6,0.0001,0.0,0.0,4e-05
Caleb Buch,6,0.0001,0.0,0.0,4e-05
Yadavi Dayal,7,0.0001,0.0,0.0,4e-05
Sanaya Sanghvi,6,0.0001,0.0,0.0,4e-05
Rohan Mohan,6,0.0001,0.0,0.0,4e-05
Saumya Vala,6,0.0001,0.0,0.0,4e-05
Parth Saxena,6,0.0001,0.0,0.0,4e-05
Aditya Vala,6,0.0001,0.0,0.0,4e-05
Hemal Puri,6,0.0001,0.0,0.0,4e-05
Lekha Narayanan,6,0.0001,0.0,0.0,4e-05
Vanya Mall,6,0.0001,0.0,0.0,4e-05
Jeremiah Dash,6,0.0001,0.0,0.0,4e-05
Vincent Lall,6,0.0001,0.0,0.0,4e-05
Jackson Sanghvi,7,0.0001,0.0,0.0,4e-05
Barkha Munshi,6,0.0001,0.0,0.0,4e-05
Jagrati Char,6,0.0001,0.0,0.0,4e-05
Eshana Som,6,0.0001,0.0,0.0,4e-05
Samar Gopal,6,0.0001,0.0,0.0,4e-05
Benjamin Agarwal,6,0.0001,0.0,0.0,4e-05
Falak Chakrabarti,6,0.0001,0.0,0.0,4e-05
Owen Kuruvilla,6,0.0001,0.0,0.0,4e-05
Vamakshi Pai,6,0.0001,0.0,0.0,4e-05
Vivaan Rastogi,6,0.0001,0.0,0.0,4e-05
Kala Bava,6,0.0001,0.0,0.0,4e-05
Sudiksha Tata,6,0.0001,0.0,0.0,4e-05
Rohan Krishna,6,0.0001,0.0,0.0,4e-05
Daksha Ramachandran,6,0.0001,0.0,0.0,4e-05
David Bose,6,0.0001,0.0,0.0,4e-05
Jyoti Chokshi,7,0.0001,0.0,0.0,4e-05
Azaan Bobal,6,0.0001,0.0,0.0,4e-05
Jason Karnik,6,0.0001,0.0,0.0,4e-05
William Upadhyay,6,0.0001,0.0,0.0,4e-05
Vasudha Doctor,6,0.0001,0.0,0.0,4e-05
Ekantika Golla,6,0.0001,0.0,0.0,4e-05
Rehaan Iyer,6,0.0001,0.0,0.0,4e-05
Sachi Sanghvi,6,0.0001,0.0,0.0,4e-05
Utkarsh Raj,6,0.0001,0.0,0.0,4e-05
Omya Mani,7,0.0001,0.0,0.0,4e-05
Tanay Morar,6,0.0001,0.0,0.0,4e-05
Rushil Korpal,6,0.0001,0.0,0.0,4e-05
Ubika Kaul,6,0.0001,0.0,0.0,4e-05
Chaitanya Khare,6,0.0001,0.0,0.0,4e-05
Abdul Sarma,6,0.0001,0.0,0.0,4e-05
Ethan Bajwa,7,0.0001,0.0,0.0,4e-05
Aarav Nagar,6,0.0001,0.0,0.0,4e-05
Amaira Behl,6,0.0001,0.0,0.0,4e-05
Pranit Dhar,7,0.0001,0.0,0.0,4e-05
Orinder Sharaf,6,0.0001,0.0,0.0,4e-05
Ojasvi Bhalla,6,0.0001,0.0,0.0,4e-05
Avni Chada,6,0.0001,0.0,0.0,4e-05
Andrew Chauhan,6,0.0001,0.0,0.0,4e-05
Harita Borra,6,0.0001,0.0,0.0,4e-05
Urishilla Panchal,6,0.0001,0.0,0.0,4e-05
Anya Chauhan,6,0.0001,0.0,0.0,4e-05
Avni Basu,6,0.0001,0.0,0.0,4e-05
Vasatika Kari,6,0.0001,0.0,0.0,4e-05
Reyansh Pandya,6,0.0001,0.0,0.0,4e-05
Damyanti Padmanabhan,6,0.0001,0.0,0.0,4e-05
Aarini Bhatia,6,0.0001,0.0,0.0,4e-05
Avi Minhas,6,0.0001,0.0,0.0,4e-05
Imaran Rao,6,0.0001,0.0,0.0,4e-05
Barkha Nadkarni,6,0.0001,0.0,0.0,4e-05
Darika Madan,6,0.0001,0.0,0.0,4e-05
Damini Nagarajan,6,0.0001,0.0,0.0,4e-05
Kala Ghosh,6,0.0001,0.0,0.0,4e-05
Brinda Bhardwaj,6,0.0001,0.0,0.0,4e-05
Baghyawati Sarna,6,0.0001,0.0,0.0,4e-05
Rayaan Karnik,6,0.0001,0.0,0.0,4e-05
Aarna Prabhu,6,0.0001,0.0,0.0,4e-05
Dalaja Oza,6,0.0001,0.0,0.0,4e-05
Eshana Saha,6,0.0001,0.0,0.0,4e-05
Faqid Rege,6,0.0001,0.0,0.0,4e-05
Gayathri Sathe,6,0.0001,0.0,0.0,4e-05
Aashi Bobal,6,0.0001,0.0,0.0,4e-05
Farhan Bhatia,6,0.0001,0.0,0.0,4e-05
Warinder Pant,6,0.0001,0.0,0.0,4e-05
Garima Lall,6,0.0001,0.0,0.0,4e-05
Unni Malhotra,6,0.0001,0.0,0.0,4e-05
Osha Subramaniam,6,0.0001,0.0,0.0,4e-05
Warhi Karpe,6,0.0001,0.0,0.0,4e-05
Gautam Tank,6,0.0001,0.0,0.0,4e-05
Maya Sahota,6,0.0001,0.0,0.0,4e-05
Aditya Hari,6,0.0001,0.0,0.0,4e-05
Avni Purohit,6,0.0001,0.0,0.0,4e-05
Charita Pau,6,0.0001,0.0,0.0,4e-05
Eiravati Chaudhry,6,0.0001,0.0,0.0,4e-05
Amrita Hayer,6,0.0001,0.0,0.0,4e-05
Quincy Bassi,6,0.0001,0.0,0.0,4e-05
Watika Comar,6,0.0001,0.0,0.0,4e-05
Agastya Ramesh,6,0.0001,0.0,0.0,4e-05
Amaira Krish,7,0.0001,0.0,0.0,4e-05
Finn Rastogi,6,0.0001,0.0,0.0,4e-05
Chaaya Dash,6,0.0001,0.0,0.0,4e-05
Nachiket Ramesh,6,0.0001,0.0,0.0,4e-05
Advay Vala,6,0.0001,0.0,0.0,4e-05
Yasti Thaker,6,0.0001,0.0,0.0,4e-05
Aadi Manne,6,0.0001,0.0,0.0,4e-05
Shivansh Wagle,6,0.0001,0.0,0.0,4e-05
Gauri Walia,6,0.0001,0.0,0.0,4e-05
Zinal Arya,6,0.0001,0.0,0.0,4e-05
Tripti Varkey,6,0.0001,0.0,0.0,4e-05
Jonathan Kata,6,0.0001,0.0,0.0,4e-05
Chaitanya Mahal,6,0.0001,0.0,0.0,4e-05
Vasatika Narasimhan,6,0.0001,0.0,0.0,4e-05
Ladli Bali,6,0.0001,0.0,0.0,4e-05
Daksh Nagi,6,0.0001,0.0,0.0,4e-05
Mason Chad,6,0.0001,0.0,0.0,4e-05
Yatan Anand,6,0.0001,0.0,0.0,4e-05
Chanakya Mani,6,0.0001,0.0,0.0,4e-05
Indali Sant,6,0.0001,0.0,0.0,4e-05
Ekbal Sachdeva,6,0.0001,0.0,0.0,4e-05
Vamakshi Choudhry,6,0.0001,0.0,0.0,4e-05
Rayaan Panchal,6,0.0001,0.0,0.0,4e-05
Kashish Nayar,6,0.0001,0.0,0.0,4e-05
Ranveer Suri,6,0.0001,0.0,0.0,4e-05
Henry Apte,6,0.0001,0.0,0.0,4e-05
Balendra Grover,6,0.0001,0.0,0.0,4e-05
Baljiwan Dua,6,0.0001,0.0,0.0,4e-05
Hiral Nigam,6,0.0001,0.0,0.0,4e-05
Parth Sibal,6,0.0001,0.0,0.0,4e-05
Garima Shah,6,0.0001,0.0,0.0,4e-05
Nilima Jha,6,0.0001,0.0,0.0,4e-05
Mohini Goel,6,0.0001,0.0,0.0,4e-05
Naksh Rajagopal,6,0.0001,0.0,0.0,4e-05
Damini Kuruvilla,6,0.0001,0.0,0.0,4e-05
Anya Cherian,6,0.0001,0.0,0.0,4e-05
Hredhaan Kurian,6,0.0001,0.0,0.0,4e-05
Mohini Rao,6,0.0001,0.0,0.0,4e-05
Aarnav Mistry,6,0.0001,0.0,0.0,4e-05
Arunima Krish,6,0.0001,0.0,0.0,4e-05
Aishani Lal,6,0.0001,0.0,0.0,4e-05
Timothy Dutt,6,0.0001,0.0,0.0,4e-05
Ekantika Radhakrishnan,6,0.0001,0.0,0.0,4e-05
Neha Rama,7,0.0001,0.0,0.0,4e-05
Darsh Bail,6,0.0001,0.0,0.0,4e-05
Chatresh Ramachandran,7,0.0001,0.0,0.0,4e-05
Pratyush Palla,6,0.0001,0.0,0.0,4e-05
Advay Prabhu,6,0.0001,0.0,0.0,4e-05
Bhavya Dugal,6,0.0001,0.0,0.0,4e-05
Frederick Manda,6,0.0001,0.0,0.0,4e-05
Yashasvi Purohit,6,0.0001,0.0,0.0,4e-05
Banjeet Mukherjee,6,0.0001,0.0,0.0,4e-05
Ishanvi Rajagopal,6,0.0001,0.0,0.0,4e-05
Yagnesh Chaudhari,7,0.0001,0.0,0.0,4e-05
Faras Gour,6,0.0001,0.0,0.0,4e-05
Udyati Nori,6,0.0001,0.0,0.0,4e-05
Priya Divan,6,0.0001,0.0,0.0,4e-05
Fiyaz Loyal,6,0.0001,0.0,0.0,4e-05
Nitara Radhakrishnan,6,0.0001,0.0,0.0,4e-05
Aadi Banik,6,0.0001,0.0,0.0,4e-05
Hemangini Patel,6,0.0001,0.0,0.0,4e-05
Pahal Char,6,0.0001,0.0,0.0,4e-05
Ayush Amble,6,0.0001,0.0,0.0,4e-05
Dhruv Sarna,6,0.0001,0.0,0.0,4e-05
Nitesh Kunda,6,0.0001,0.0,0.0,4e-05
Siddharth Babu,6,0.0001,0.0,0.0,4e-05
Bhavini Kala,6,0.0001,0.0,0.0,4e-05
Banjeet Khatri,6,0.0001,0.0,0.0,4e-05
Yash Rao,6,0.0001,0.0,0.0,4e-05
Warda Yogi,6,0.0001,0.0,0.0,4e-05
Praneel Amble,6,0.0001,0.0,0.0,4e-05
Triya Baria,6,0.0001,0.0,0.0,4e-05
Bhavani Savant,6,0.0001,0.0,0.0,4e-05
Ayaan Ganesh,6,0.0001,0.0,0.0,4e-05
Pranav Bhattacharyya,6,0.0001,0.0,0.0,4e-05
Diya Majumdar,6,0.0001,0.0,0.0,4e-05
Laksh Oommen,6,0.0001,0.0,0.0,4e-05
Devansh Chaudhuri,6,0.0001,0.0,0.0,4e-05
Chatresh Khanna,7,0.0001,0.0,0.0,4e-05
Harita Khare,6,0.0001,0.0,0.0,4e-05
Luke Sathe,6,0.0001,0.0,0.0,4e-05
Fariq Mohan,6,0.0001,0.0,0.0,4e-05
Rachita Natt,6,0.0001,0.0,0.0,4e-05
Raagini Dasgupta,6,0.0001,0.0,0.0,4e-05
Rishi Bath,6,0.0001,0.0,0.0,4e-05
Anay Kumar,6,0.0001,0.0,0.0,4e-05
Ekapad Nagy,6,0.0001,0.0,0.0,4e-05
Oscar Ramaswamy,6,0.0001,0.0,0.0,4e-05
Zaitra Mani,6,0.0001,0.0,0.0,4e-05
Sarthak Kakar,6,0.0001,0.0,0.0,4e-05
Ekaja Tailor,6,0.0001,0.0,0.0,4e-05
Chasmum Bhalla,6,0.0001,0.0,0.0,4e-05
Yadavi Vala,6,0.0001,0.0,0.0,4e-05
Anmol Mandal,6,0.0001,0.0,0.0,4e-05
Samesh Saraf,6,0.0001,0.0,0.0,4e-05
Owen Lad,6,0.0001,0.0,0.0,4e-05
Pooja Sundaram,6,0.0001,0.0,0.0,4e-05
Sudiksha Anand,6,0.0001,0.0,0.0,4e-05
Hemang Pillay,7,0.0001,0.0,0.0,4e-05
Neha Borra,6,0.0001,0.0,0.0,4e-05
Andrew Dani,6,0.0001,0.0,0.0,4e-05
Falguni Dash,7,0.0001,0.0,0.0,4e-05
Theodore Krishnamurthy,6,0.0001,0.0,0.0,4e-05
Inaya Sandal,6,0.0001,0.0,0.0,4e-05
Isha Kalita,7,0.0001,0.0,0.0,4e-05
Neel Din,6,0.0001,0.0,0.0,4e-05
Faras Chaudhari,6,0.0001,0.0,0.0,4e-05
Yochana Gaba,6,0.0001,0.0,0.0,4e-05
Chaaya Goda,6,0.0001,0.0,0.0,4e-05
Gaurika Bhasin,6,0.0001,0.0,0.0,4e-05
Advika Mangal,6,0.0001,0.0,0.0,4e-05
Urishilla Rajan,6,0.0001,0.0,0.0,4e-05
Lakshit Sarkar,6,0.0001,0.0,0.0,4e-05
Yashawini Sur,6,0.0001,0.0,0.0,4e-05
Lila Khatri,6,0.0001,0.0,0.0,4e-05
Ishanvi Mann,6,0.0001,0.0,0.0,4e-05
Jatin Bansal,6,0.0001,0.0,0.0,4e-05
Ojasvi Palla,6,0.0001,0.0,0.0,4e-05
Ekansh Basak,6,0.0001,0.0,0.0,4e-05
Krishna Raval,6,0.0001,0.0,0.0,4e-05
Tanveer Madan,6,0.0001,0.0,0.0,4e-05
Aditya Dewan,6,0.0001,0.0,0.0,4e-05
Oviya Devan,6,0.0001,0.0,0.0,4e-05
Naksh Doshi,6,0.0001,0.0,0.0,4e-05
Teerth Ravi,6,0.0001,0.0,0.0,4e-05
Gaurangi Mann,6,0.0001,0.0,0.0,4e-05
Hardik Sarkar,6,0.0001,0.0,0.0,4e-05
Meera Magar,6,0.0001,0.0,0.0,4e-05
Sudiksha Kari,6,0.0001,0.0,0.0,4e-05
Ganga Konda,6,0.0001,0.0,0.0,4e-05
Vedika Karpe,6,0.0001,0.0,0.0,4e-05
Rudra Chopra,6,0.0001,0.0,0.0,4e-05
Wriddhish Sathe,6,0.0001,0.0,0.0,4e-05
Daniel Verma,6,0.0001,0.0,0.0,4e-05
Dalaja Som,6,0.0001,0.0,0.0,4e-05
Wazir Subramaniam,6,0.0001,0.0,0.0,4e-05
Chaitanya Tank,6,0.0001,0.0,0.0,4e-05
Urmi Chana,6,0.0001,0.0,0.0,4e-05
Lajita Halder,6,0.0001,0.0,0.0,4e-05
Chandani Shah,6,0.0001,0.0,0.0,4e-05
Thomas Mishra,6,0.0001,0.0,0.0,4e-05
Nakul Bhasin,6,0.0001,0.0,0.0,4e-05
Vedika Chaudry,6,0.0001,0.0,0.0,4e-05
Anmol Raval,6,0.0001,0.0,0.0,4e-05
Aryan Tripathi,6,0.0001,0.0,0.0,4e-05
Neha Gopal,6,0.0001,0.0,0.0,4e-05
Samuel Tiwari,6,0.0001,0.0,0.0,4e-05
Naveen Thakur,6,0.0001,0.0,0.0,4e-05
Anthony Kalla,6,0.0001,0.0,0.0,4e-05
Amaira Biswas,6,0.0001,0.0,0.0,4e-05
Chasmum Kapoor,6,0.0001,0.0,0.0,4e-05
Ishita Soni,7,0.0001,0.0,0.0,4e-05
Omisha Rai,6,0.0001,0.0,0.0,4e-05
Sara Chopra,6,0.0001,0.0,0.0,4e-05
Xalak Naik,6,0.0001,0.0,0.0,4e-05
Bakhshi Hayer,6,0.0001,0.0,0.0,4e-05
Mitesh Varughese,6,0.0001,0.0,0.0,4e-05
Finn Bumb,6,0.0001,0.0,0.0,4e-05
Rachit Date,6,0.0001,0.0,0.0,4e-05
Hemang Rao,6,0.0001,0.0,0.0,4e-05
Ridhi Bajwa,6,0.0001,0.0,0.0,4e-05
Urmi Virk,6,0.0001,0.0,0.0,4e-05
Noah Bose,6,0.0001,0.0,0.0,4e-05
Dipta Tella,6,0.0001,0.0,0.0,4e-05
Jeremiah Char,6,0.0001,0.0,0.0,4e-05
Indrajit Reddy,6,0.0001,0.0,0.0,4e-05
Barkha Varkey,6,0.0001,0.0,0.0,4e-05
Hardik Misra,6,0.0001,0.0,0.0,4e-05
Sanaya Suresh,6,0.0001,0.0,0.0,4e-05
Sudiksha Randhawa,6,0.0001,0.0,0.0,4e-05
Jack Choudhry,6,0.0001,0.0,0.0,4e-05
Sanya Dutt,6,0.0001,0.0,0.0,4e-05
Nitara Datta,7,0.0001,0.0,0.0,4e-05
Ijaya Sharma,6,0.0001,0.0,0.0,4e-05
Faraj Pradhan,6,0.0001,0.0,0.0,4e-05
Shravya Murthy,6,0.0001,0.0,0.0,4e-05
Simon Walla,6,0.0001,0.0,0.0,4e-05
Elijah Deo,6,0.0001,0.0,0.0,4e-05
Advik Krishnamurthy,6,0.0001,0.0,0.0,4e-05
Pallavi Doctor,6,0.0001,0.0,0.0,4e-05
Xavier Sachar,6,0.0001,0.0,0.0,4e-05
Jason Chaudhari,6,0.0001,0.0,0.0,4e-05
Quincy Bhandari,6,0.0001,0.0,0.0,4e-05
Warhi Ramanathan,7,0.0001,0.0,0.0,4e-05
Imaran Atwal,6,0.0001,0.0,0.0,4e-05
Omkaar Bal,6,0.0001,0.0,0.0,4e-05
Laban Varughese,6,0.0001,0.0,0.0,4e-05
Girik Chopra,6,0.0001,0.0,0.0,4e-05
Raagini Yadav,6,0.0001,0.0,0.0,4e-05
Patrick Peri,6,0.0001,0.0,0.0,4e-05
Girish Dua,6,0.0001,0.0,0.0,4e-05
Dakshesh Gupta,6,0.0001,0.0,0.0,4e-05
Kashvi Chaudhuri,6,0.0001,0.0,0.0,4e-05
Faraj Morar,6,0.0001,0.0,0.0,4e-05
Jackson Malhotra,6,0.0001,0.0,0.0,4e-05
Pooja Peri,6,0.0001,0.0,0.0,4e-05
Oliver Nazareth,6,0.0001,0.0,0.0,4e-05
Anvi Sehgal,6,0.0001,0.0,0.0,4e-05
Vincent Dani,6,0.0001,0.0,0.0,4e-05
Rayaan Dani,6,0.0001,0.0,0.0,4e-05
Zehaan Sagar,6,0.0001,0.0,0.0,4e-05
Falak Palla,6,0.0001,0.0,0.0,4e-05
Chavvi Borah,6,0.0001,0.0,0.0,4e-05
Ishwar Ramachandran,6,0.0001,0.0,0.0,4e-05
Tristan Sawhney,6,0.0001,0.0,0.0,4e-05
Qabil Chahal,6,0.0001,0.0,0.0,4e-05
Atharv Srivastava,6,0.0001,0.0,0.0,4e-05
Jonathan Chacko,6,0.0001,0.0,0.0,4e-05
Xiti Sengupta,6,0.0001,0.0,0.0,4e-05
Sachi Tata,6,0.0001,0.0,0.0,4e-05
Qasim Jha,6,0.0001,0.0,0.0,4e-05
Zaitra Lata,6,0.0001,0.0,0.0,4e-05
Nitara Rege,6,0.0001,0.0,0.0,4e-05
Arin Mishra,6,0.0001,0.0,0.0,4e-05
Om Ramanathan,6,0.0001,0.0,0.0,4e-05
Siya Kota,6,0.0001,0.0,0.0,4e-05
Anusha More,6,0.0001,0.0,0.0,4e-05
Girindra Walla,6,0.0001,0.0,0.0,4e-05
Amol Kunda,6,0.0001,0.0,0.0,4e-05
Chavvi Lata,6,0.0001,0.0,0.0,4e-05
Nihal Borde,6,0.0001,0.0,0.0,4e-05
Yauvani Gala,6,0.0001,0.0,0.0,4e-05
Girindra Sahni,6,0.0001,0.0,0.0,4e-05
Diya Aggarwal,6,0.0001,0.0,0.0,4e-05
Anthony Dalal,6,0.0001,0.0,0.0,4e-05
Tanveer Shah,6,0.0001,0.0,0.0,4e-05
Zansi Baral,6,0.0001,0.0,0.0,4e-05
Faras Seshadri,6,0.0001,0.0,0.0,4e-05
Jeremiah Sangha,6,0.0001,0.0,0.0,4e-05
Ekalinga Chawla,6,0.0001,0.0,0.0,4e-05
Pallavi Hayer,6,0.0001,0.0,0.0,4e-05
Gautam Choudhary,6,0.0001,0.0,0.0,4e-05
Jairaj Edwin,6,0.0001,0.0,0.0,4e-05
Ojasvi Chaudhary,6,0.0001,0.0,0.0,4e-05
Tanay Narayan,6,0.0001,0.0,0.0,4e-05
Krishna Nair,6,0.0001,0.0,0.0,4e-05
Ansh Savant,6,0.0001,0.0,0.0,4e-05
Om Ravel,6,0.0001,0.0,0.0,4e-05
Joshua Vala,6,0.0001,0.0,0.0,4e-05
Aashi Grewal,6,0.0001,0.0,0.0,4e-05
Isaac Chacko,7,0.0001,0.0,0.0,4e-05
Matthew Loyal,6,0.0001,0.0,0.0,4e-05
Irya Sibal,6,0.0001,0.0,0.0,4e-05
Aashi Sawhney,6,0.0001,0.0,0.0,4e-05
Champak Ramesh,6,0.0001,0.0,0.0,4e-05
Damini Balay,6,0.0001,0.0,0.0,4e-05
Ishita Nazareth,6,0.0001,0.0,0.0,4e-05
Siddharth Parsa,6,0.0001,0.0,0.0,4e-05
Alexander Atwal,6,0.0001,0.0,0.0,4e-05
Ganga Singh,6,0.0001,0.0,0.0,4e-05
Falguni Pillay,6,0.0001,0.0,0.0,4e-05
Qadim Ravel,6,0.0001,0.0,0.0,4e-05
Warinder Pandit,6,0.0001,0.0,0.0,4e-05
Girik Hora,6,0.0001,0.0,0.0,4e-05
Reyansh Misra,6,0.0001,0.0,0.0,4e-05
Thomas Gupta,6,0.0001,0.0,0.0,4e-05
Viraj Sachar,6,0.0001,0.0,0.0,4e-05
Hritik Jain,6,0.0001,0.0,0.0,4e-05
Ayushman Dhillon,6,0.0001,0.0,0.0,4e-05
Henry Ramanathan,6,0.0001,0.0,0.0,4e-05
Turvi Thakkar,6,0.0001,0.0,0.0,4e-05
Charan Krishnamurthy,6,0.0001,0.0,0.0,4e-05
Hardik Dani,6,0.0001,0.0,0.0,4e-05
Ubika Deo,6,0.0001,0.0,0.0,4e-05
Yashawini Nazareth,6,0.0001,0.0,0.0,4e-05
Gautami Chanda,6,0.0001,0.0,0.0,4e-05
Harita Pandit,6,0.0001,0.0,0.0,4e-05
Wakeeta Sarna,6,0.0001,0.0,0.0,4e-05
Ranveer Nagarajan,6,0.0001,0.0,0.0,4e-05
Brinda Gole,6,0.0001,0.0,0.0,4e-05
Aryan Narayan,6,0.0001,0.0,0.0,4e-05
Chakrika Parekh,6,0.0001,0.0,0.0,4e-05
Vaishnavi Pau,6,0.0001,0.0,0.0,4e-05
Triveni Sidhu,6,0.0001,0.0,0.0,4e-05
Reyansh Krishnan,6,0.0001,0.0,0.0,4e-05
Abeer Arya,6,0.0001,0.0,0.0,4e-05
Harsh Dugal,6,0.0001,0.0,0.0,4e-05
Garima Bhavsar,6,0.0001,0.0,0.0,4e-05
Anamika Bhattacharyya,6,0.0001,0.0,0.0,4e-05
Niharika Dewan,6,0.0001,0.0,0.0,4e-05
Warda Merchant,6,0.0001,0.0,0.0,4e-05
Unni Thaman,6,0.0001,0.0,0.0,4e-05
Sanya Agate,6,0.0001,0.0,0.0,4e-05
Rachit Char,6,0.0001,0.0,0.0,4e-05
Nakul Palla,6,0.0001,0.0,0.0,4e-05
Hemang Kade,6,0.0001,0.0,0.0,4e-05
Zashil Bhagat,6,0.0001,0.0,0.0,4e-05
Advay Goswami,6,0.0001,0.0,0.0,4e-05
Edhitha Loyal,6,0.0001,0.0,0.0,4e-05
Dalbir Magar,6,0.0001,0.0,0.0,4e-05
Vaishnavi Kalita,6,0.0001,0.0,0.0,4e-05
Siya Palla,6,0.0001,0.0,0.0,4e-05
Adya Nath,6,0.0001,0.0,0.0,4e-05
Qasim Kulkarni,6,0.0001,0.0,0.0,4e-05
Gauri Khurana,6,0.0001,0.0,0.0,4e-05
Tarak Pai,6,0.0001,0.0,0.0,4e-05
Qarin Sethi,6,0.0001,0.0,0.0,4e-05
Madhav Ramesh,6,0.0001,0.0,0.0,4e-05
Ubika Date,6,0.0001,0.0,0.0,4e-05
Ryan Date,6,0.0001,0.0,0.0,4e-05
Anjali Doshi,6,0.0001,0.0,0.0,4e-05
Aadi Grewal,6,0.0001,0.0,0.0,4e-05
Avni Choudhry,6,0.0001,0.0,0.0,4e-05
Faqid Yogi,6,0.0001,0.0,0.0,4e-05
Daksh Sharaf,6,0.0001,0.0,0.0,4e-05
Gagan Acharya,6,0.0001,0.0,0.0,4e-05
Timothy Gopal,6,0.0001,0.0,0.0,4e-05
Anvi Oza,6,0.0001,0.0,0.0,4e-05
Onkar Bhatti,6,0.0001,0.0,0.0,4e-05
Yachana Divan,6,0.0001,0.0,0.0,4e-05
Rudra Murthy,6,0.0001,0.0,0.0,4e-05
Vasudha Bobal,7,0.0001,0.0,0.0,4e-05
Liam Sengupta,6,0.0001,0.0,0.0,4e-05
Ekanta Agarwal,6,0.0001,0.0,0.0,4e-05
Faras Jani,6,0.0001,0.0,0.0,4e-05
Ojas Prashad,6,0.0001,0.0,0.0,4e-05
Bhanumati Mall,6,0.0001,0.0,0.0,4e-05
Yashodhara Bhavsar,6,0.0001,0.0,0.0,4e-05
Onkar Mall,6,0.0001,0.0,0.0,4e-05
Hiral Narayanan,6,0.0001,0.0,0.0,4e-05
Jeremiah Gandhi,6,0.0001,0.0,0.0,4e-05
Bhavya Deep,6,0.0001,0.0,0.0,4e-05
Nirja Mane,6,0.0001,0.0,0.0,4e-05
Hredhaan Gupta,6,0.0001,0.0,0.0,4e-05
Rachit Bhardwaj,6,0.0001,0.0,0.0,4e-05
Vidhi Kapoor,6,0.0001,0.0,0.0,4e-05
Amaira Saraf,6,0.0001,0.0,0.0,4e-05
Barkha Srivastava,6,0.0001,0.0,0.0,4e-05
Praneel Divan,6,0.0001,0.0,0.0,4e-05
Yauvani Sengupta,6,0.0001,0.0,0.0,4e-05
Leela Sathe,6,0.0001,0.0,0.0,4e-05
Hemal Sahni,6,0.0001,0.0,0.0,4e-05
Bhavika Som,6,0.0001,0.0,0.0,4e-05
Ria Ahluwalia,6,0.0001,0.0,0.0,4e-05
Rohan Suri,7,0.0001,0.0,0.0,4e-05
Balhaar Upadhyay,6,0.0001,0.0,0.0,4e-05
Ishita Narayanan,6,0.0001,0.0,0.0,4e-05
Krishna Deep,6,0.0001,0.0,0.0,4e-05
Januja Gulati,6,0.0001,0.0,0.0,4e-05
Andrew Bandi,6,0.0001,0.0,0.0,4e-05
Krish Chatterjee,6,0.0001,0.0,0.0,4e-05
Yuvraj Devi,6,0.0001,0.0,0.0,4e-05
Robert Shenoy,6,0.0001,0.0,0.0,4e-05
Megha Hegde,6,0.0001,0.0,0.0,4e-05
Ekaraj Oza,6,0.0001,0.0,0.0,4e-05
Tristan Swamy,6,0.0001,0.0,0.0,4e-05
Owen Sodhi,6,0.0001,0.0,0.0,4e-05
Garima Pandit,6,0.0001,0.0,0.0,4e-05
Yachana Memon,6,0.0001,0.0,0.0,4e-05
Falak Dar,6,0.0001,0.0,0.0,4e-05
Owen Srivastava,6,0.0001,0.0,0.0,4e-05
Guneet Bumb,6,0.0001,0.0,0.0,4e-05
Pratyush Rama,6,0.0001,0.0,0.0,4e-05
Chanchal Ahuja,6,0.0001,0.0,0.0,4e-05
Ishaan Konda,6,0.0001,0.0,0.0,4e-05
Sanya Handa,6,0.0001,0.0,0.0,4e-05
Pranav Sabharwal,6,0.0001,0.0,0.0,4e-05
Yatan Samra,6,0.0001,0.0,0.0,4e-05
Kabir Dugal,6,0.0001,0.0,0.0,4e-05
Zayyan Choudhary,6,0.0001,0.0,0.0,4e-05
Ansh Halder,6,0.0001,0.0,0.0,4e-05
Urvashi Ramesh,6,0.0001,0.0,0.0,4e-05
Sanaya Bora,6,0.0001,0.0,0.0,4e-05
Kevin Kibe,6,0.0001,0.0,0.0,4e-05
Brijesh Kashyap,6,0.0001,0.0,0.0,4e-05
Chaman Menon,6,0.0001,0.0,0.0,4e-05
Jagvi Sood,6,0.0001,0.0,0.0,4e-05
Balhaar Madan,6,0.0001,0.0,0.0,4e-05
Fiyaz Talwar,6,0.0001,0.0,0.0,4e-05
Abhiram Bhandari,6,0.0001,0.0,0.0,4e-05
Faraj Ratti,6,0.0001,0.0,0.0,4e-05
Kashish Mallick,6,0.0001,0.0,0.0,4e-05
Daksha Chokshi,6,0.0001,0.0,0.0,4e-05
Amol Chakrabarti,6,0.0001,0.0,0.0,4e-05
Jairaj Bose,6,0.0001,0.0,0.0,4e-05
Xiti Parsa,6,0.0001,0.0,0.0,4e-05
Kamala Rana,6,0.0001,0.0,0.0,4e-05
Mugdha Varty,6,0.0001,0.0,0.0,4e-05
Patrick Swaminathan,6,0.0001,0.0,0.0,4e-05
Laban Kohli,6,0.0001,0.0,0.0,4e-05
Kashish Dayal,6,0.0001,0.0,0.0,4e-05
Unnati Lala,6,0.0001,0.0,0.0,4e-05
Chanakya Halder,6,0.0001,0.0,0.0,4e-05
Bishakha Lata,6,0.0001,0.0,0.0,4e-05
Mitali Mandal,6,0.0001,0.0,0.0,4e-05
Warinder Chander,6,0.0001,0.0,0.0,4e-05
Krishna Sheth,6,0.0001,0.0,0.0,4e-05
Dhriti Seshadri,6,0.0001,0.0,0.0,4e-05
Manan Kota,6,0.0001,0.0,0.0,4e-05
Leela Parmar,7,0.0001,0.0,0.0,4e-05
Xiti Bala,6,0.0001,0.0,0.0,4e-05
Aarnav Memon,6,0.0001,0.0,0.0,4e-05
Watika Walla,6,0.0001,0.0,0.0,4e-05
Osha Gara,6,0.0001,0.0,0.0,4e-05
Yatan Goyal,6,0.0001,0.0,0.0,4e-05
Yauvani Amble,6,0.0001,0.0,0.0,4e-05
Varenya Chhabra,6,0.0001,0.0,0.0,4e-05
Yatin Venkataraman,6,0.0001,0.0,0.0,4e-05
Warda Sani,6,0.0001,0.0,0.0,4e-05
Manthan Ramesh,6,0.0001,0.0,0.0,4e-05
Wakeeta Khalsa,6,0.0001,0.0,0.0,4e-05
Tripti Gola,6,0.0001,0.0,0.0,4e-05
Samuel Soman,6,0.0001,0.0,0.0,4e-05
Hamsini Buch,7,0.0001,0.0,0.0,4e-05
Dhruv Dash,6,0.0001,0.0,0.0,4e-05
Chanakya Tank,6,0.0001,0.0,0.0,4e-05
Aashi Bir,6,0.0001,0.0,0.0,4e-05
Peter Chaudry,6,0.0001,0.0,0.0,4e-05
Ishwar Saini,6,0.0001,0.0,0.0,4e-05
Banjeet Rana,6,0.0001,0.0,0.0,4e-05
Radhika Lanka,6,0.0001,0.0,0.0,4e-05
Teerth Bail,6,0.0001,0.0,0.0,4e-05
Bimala Apte,6,0.0001,0.0,0.0,4e-05
Yug Bassi,6,0.0001,0.0,0.0,4e-05
Frederick Tripathi,6,0.0001,0.0,0.0,4e-05
Laban Hayre,6,0.0001,0.0,0.0,4e-05
Jeevika Jhaveri,6,0.0001,0.0,0.0,4e-05
Hemangini Balasubramanian,6,0.0001,0.0,0.0,4e-05
Chandani Kapoor,6,0.0001,0.0,0.0,4e-05
Chanakya Grewal,6,0.0001,0.0,0.0,4e-05
Teerth Zacharia,6,0.0001,0.0,0.0,4e-05
Mugdha Krishnamurthy,6,0.0001,0.0,0.0,4e-05
Megha Kothari,6,0.0001,0.0,0.0,4e-05
Ansh Gour,6,0.0001,0.0,0.0,4e-05
Vrishti Bhakta,6,0.0001,0.0,0.0,4e-05
Omisha Balan,6,0.0001,0.0,0.0,4e-05
Azaan Thakur,6,0.0001,0.0,0.0,4e-05
Yashodhara Guha,6,0.0001,0.0,0.0,4e-05
Nihal Mandal,6,0.0001,0.0,0.0,4e-05
Devika Andra,6,0.0001,0.0,0.0,4e-05
Yochana Pingle,6,0.0001,0.0,0.0,4e-05
Chandresh Kala,6,0.0001,0.0,0.0,4e-05
Varsha Gokhale,6,0.0001,0.0,0.0,4e-05
Banjeet Mammen,6,0.0001,0.0,0.0,4e-05
Ekavir Kalita,7,0.0001,0.0,0.0,4e-05
Raksha Saxena,6,0.0001,0.0,0.0,4e-05
Lipika Krishna,6,0.0001,0.0,0.0,4e-05
Jeevika Mitter,6,0.0001,0.0,0.0,4e-05
Ojas Jhaveri,6,0.0001,0.0,0.0,4e-05
Teerth Mall,6,0.0001,0.0,0.0,4e-05
Vaishnavi Barman,6,0.0001,0.0,0.0,4e-05
Udant Talwar,6,0.0001,0.0,0.0,4e-05
Urmi Sawhney,6,0.0001,0.0,0.0,4e-05
Chaitanya Palan,6,0.0001,0.0,0.0,4e-05
Samarth Dhingra,6,0.0001,0.0,0.0,4e-05
Advay Kanda,6,0.0001,0.0,0.0,4e-05
Jyoti Mangat,6,0.0001,0.0,0.0,4e-05
Yashica Minhas,6,0.0001,0.0,0.0,4e-05
Henry More,6,0.0001,0.0,0.0,4e-05
Unnati Sami,6,0.0001,0.0,0.0,4e-05
Rachana Bhatt,6,0.0001,0.0,0.0,4e-05
Qasim Pathak,6,0.0001,0.0,0.0,4e-05
Janya Reddy,6,0.0001,0.0,0.0,4e-05
Hemangini Mukhopadhyay,6,0.0001,0.0,0.0,4e-05
Eshana Kothari,6,0.0001,0.0,0.0,4e-05
Faris Misra,7,0.0001,0.0,0.0,4e-05
Hemani Swamy,6,0.0001,0.0,0.0,4e-05
Upadhriti Talwar,6,0.0001,0.0,0.0,4e-05
Daniel Sachdeva,6,0.0001,0.0,0.0,4e-05
Fiyaz Ganesh,6,0.0001,0.0,0.0,4e-05
Jatin Gera,6,0.0001,0.0,0.0,4e-05
Lucky Sanghvi,6,0.0001,0.0,0.0,4e-05
Arjun Bhakta,7,0.0001,0.0,0.0,4e-05
Anirudh Tripathi,7,0.0001,0.0,0.0,4e-05
Jai Lala,6,0.0001,0.0,0.0,4e-05
Frederick Gade,7,0.0001,0.0,0.0,4e-05
Nitara Chad,6,0.0001,0.0,0.0,4e-05
Ethan Pandit,6,0.0001,0.0,0.0,4e-05
Charles De,6,0.0001,0.0,0.0,4e-05
Anika More,6,0.0001,0.0,0.0,4e-05
Damini Padmanabhan,6,0.0001,0.0,0.0,4e-05
Yug Dara,6,0.0001,0.0,0.0,4e-05
Ishwar Contractor,6,0.0001,0.0,0.0,4e-05
Nicholas Shan,6,0.0001,0.0,0.0,4e-05
Arin Soman,6,0.0001,0.0,0.0,4e-05
Anay Purohit,6,0.0001,0.0,0.0,4e-05
Nathan Sant,6,0.0001,0.0,0.0,4e-05
Kamala Deshpande,6,0.0001,0.0,0.0,4e-05
Vyanjana Varghese,6,0.0001,0.0,0.0,4e-05
Dipta Bains,6,0.0001,0.0,0.0,4e-05
Dipta Majumdar,6,0.0001,0.0,0.0,4e-05
Advay Ranganathan,6,0.0001,0.0,0.0,4e-05
Charvi Cheema,6,0.0001,0.0,0.0,4e-05
Hemani Issac,6,0.0001,0.0,0.0,4e-05
Gaurang Nadkarni,6,0.0001,0.0,0.0,4e-05
Anay Sethi,6,0.0001,0.0,0.0,4e-05
Yashoda Rau,6,0.0001,0.0,0.0,4e-05
Rishi Bobal,6,0.0001,0.0,0.0,4e-05
Nathan Tripathi,6,0.0001,0.0,0.0,4e-05
Anamika Pant,6,0.0001,0.0,0.0,4e-05
Devika Sarna,6,0.0001,0.0,0.0,4e-05
Aadi Seth,6,0.0001,0.0,0.0,4e-05
Amol Yohannan,6,0.0001,0.0,0.0,4e-05
Ekta Singhal,7,0.0001,0.0,0.0,4e-05
Nikita Kapoor,6,0.0001,0.0,0.0,4e-05
Megha Bhatt,6,0.0001,0.0,0.0,4e-05
Gopal Mallick,6,0.0001,0.0,0.0,4e-05
Zashil Kaul,6,0.0001,0.0,0.0,4e-05
Kevin Chand,6,0.0001,0.0,0.0,4e-05
Samuel Deshmukh,6,0.0001,0.0,0.0,4e-05
Noah Ram,6,0.0001,0.0,0.0,4e-05
Benjamin Lal,6,0.0001,0.0,0.0,4e-05
Aadhya Sunder,6,0.0001,0.0,0.0,4e-05
Ayush Chakraborty,6,0.0001,0.0,0.0,4e-05
Lajita D’Alia,6,0.0001,0.0,0.0,4e-05
Banjeet Ramakrishnan,6,0.0001,0.0,0.0,4e-05
Chaitaly Sachdev,6,0.0001,0.0,0.0,4e-05
Varenya Seshadri,6,0.0001,0.0,0.0,4e-05
Vasatika Mandal,6,0.0001,0.0,0.0,4e-05
Chatresh Bhatia,6,0.0001,0.0,0.0,4e-05
Qarin Garde,6,0.0001,0.0,0.0,4e-05
Maanav Mall,6,0.0001,0.0,0.0,4e-05
Elijah Chowdhury,6,0.0001,0.0,0.0,4e-05
Manthan Goswami,6,0.0001,0.0,0.0,4e-05
Krishna Pillai,6,0.0001,0.0,0.0,4e-05
Jalsa Bose,6,0.0001,0.0,0.0,4e-05
Raghav Sood,6,0.0001,0.0,0.0,4e-05
Upma Bhalla,6,0.0001,0.0,0.0,4e-05
Fitan Roy,6,0.0001,0.0,0.0,4e-05
Jackson Edwin,6,0.0001,0.0,0.0,4e-05
Fariq Naik,6,0.0001,0.0,0.0,4e-05
Amrita Edwin,7,0.0001,0.0,0.0,4e-05
Faris Ramakrishnan,6,0.0001,0.0,0.0,4e-05
Triveni Dhaliwal,6,0.0001,0.0,0.0,4e-05
Udarsh Sagar,6,0.0001,0.0,0.0,4e-05
Radha Narasimhan,6,0.0001,0.0,0.0,4e-05
Patrick Ganesan,6,0.0001,0.0,0.0,4e-05
Odika Manne,6,0.0001,0.0,0.0,4e-05
Vihaan Sahota,6,0.0001,0.0,0.0,4e-05
Jagdish Vaidya,6,0.0001,0.0,0.0,4e-05
Fariq Venkatesh,6,0.0001,0.0,0.0,4e-05
Hemani Aggarwal,6,0.0001,0.0,0.0,4e-05
Yashawini Mandal,6,0.0001,0.0,0.0,4e-05
Tanvi Biswas,6,0.0001,0.0,0.0,4e-05
Bhavani Biswas,6,0.0001,0.0,0.0,4e-05
Zilmil Behl,7,0.0001,0.0,0.0,4e-05
Damini Behl,6,0.0001,0.0,0.0,4e-05
Urishilla Pradhan,6,0.0001,0.0,0.0,4e-05
Warjas Behl,6,0.0001,0.0,0.0,4e-05
Falguni Banik,6,0.0001,0.0,0.0,4e-05
Neha Goyal,6,0.0001,0.0,0.0,4e-05
Wyatt Varkey,6,0.0001,0.0,0.0,4e-05
Rushil Sani,6,0.0001,0.0,0.0,4e-05
Advaith Balasubramanian,6,0.0001,0.0,0.0,4e-05
Utkarsh Sridhar,6,0.0001,0.0,0.0,4e-05
Jeevika Kumer,6,0.0001,0.0,0.0,4e-05
Anamika Balakrishnan,6,0.0001,0.0,0.0,4e-05
Dhruv Padmanabhan,6,0.0001,0.0,0.0,4e-05
Upkaar Raju,6,0.0001,0.0,0.0,4e-05
Yash Dash,6,0.0001,0.0,0.0,4e-05
Tanvi Rattan,6,0.0001,0.0,0.0,4e-05
Ronith Anand,7,0.0001,0.0,0.0,4e-05
Charan Walia,7,0.0001,0.0,0.0,4e-05
Anamika Ganesan,6,0.0001,0.0,0.0,4e-05
Hemani Sastry,6,0.0001,0.0,0.0,4e-05
Jeet Choudhry,6,0.0001,0.0,0.0,4e-05
Leela Date,6,0.0001,0.0,0.0,4e-05
Harinakshi Dixit,6,0.0001,0.0,0.0,4e-05
Jai Patla,6,0.0001,0.0,0.0,4e-05
Reva Murthy,6,0.0001,0.0,0.0,4e-05
Raksha Goel,6,0.0001,0.0,0.0,4e-05
Ekansh Chakraborty,6,0.0001,0.0,0.0,4e-05
Vivaan Munshi,6,0.0001,0.0,0.0,4e-05
Ethan Thaman,6,0.0001,0.0,0.0,4e-05
Pranav Kade,6,0.0001,0.0,0.0,4e-05
Kalpit Murthy,6,0.0001,0.0,0.0,4e-05
Amruta Mannan,6,0.0001,0.0,0.0,4e-05
Maanav Tripathi,6,0.0001,0.0,0.0,4e-05
Nimrat Rao,6,0.0001,0.0,0.0,4e-05
Frederick Gala,6,0.0001,0.0,0.0,4e-05
Finn Mahal,6,0.0001,0.0,0.0,4e-05
Fiyaz Sem,6,0.0001,0.0,0.0,4e-05
Lohit Dugal,6,0.0001,0.0,0.0,4e-05
Veer Sachdeva,6,0.0001,0.0,0.0,4e-05
Anamika Mutti,6,0.0001,0.0,0.0,4e-05
Ikbal Gopal,6,0.0001,0.0,0.0,4e-05
Wishi Anne,6,0.0001,0.0,0.0,4e-05
Utkarsh Chaudhry,6,0.0001,0.0,0.0,4e-05
Elijah Mukherjee,6,0.0001,0.0,0.0,4e-05
Yauvani Chauhan,6,0.0001,0.0,0.0,4e-05
Jonathan Aggarwal,6,0.0001,0.0,0.0,4e-05
Gaurika Narayan,6,0.0001,0.0,0.0,4e-05
Shravya Bhardwaj,7,0.0001,0.0,0.0,4e-05
Pallavi Vyas,6,0.0001,0.0,0.0,4e-05
Vasatika Minhas,6,0.0001,0.0,0.0,4e-05
Omya Naik,7,0.0001,0.0,0.0,4e-05
Reyansh Seth,7,0.0001,0.0,0.0,4e-05
Samar Nagar,6,0.0001,0.0,0.0,4e-05
Aarnav Kanda,6,0.0001,0.0,0.0,4e-05
Jack Datta,6,0.0001,0.0,0.0,4e-05
Vyanjana Kota,6,0.0001,0.0,0.0,4e-05
Aadi Ramanathan,6,0.0001,0.0,0.0,4e-05
Henry Pall,6,0.0001,0.0,0.0,4e-05
Ryan Bassi,6,0.0001,0.0,0.0,4e-05
Vritti Sandal,6,0.0001,0.0,0.0,4e-05
Ranbir Nath,7,0.0001,0.0,0.0,4e-05
Reva Warrior,6,0.0001,0.0,0.0,4e-05
Sai Loyal,6,0.0001,0.0,0.0,4e-05
Kevin Varghese,6,0.0001,0.0,0.0,4e-05
Suhani Nanda,6,0.0001,0.0,0.0,4e-05
Ryan Roy,6,0.0001,0.0,0.0,4e-05
Manbir Dass,6,0.0001,0.0,0.0,4e-05
Jasmit Buch,6,0.0001,0.0,0.0,4e-05
Samaksh Seshadri,6,0.0001,0.0,0.0,4e-05
Watika Chopra,6,0.0001,0.0,0.0,4e-05
Azaan Sani,6,0.0001,0.0,0.0,4e-05
Vedika Dayal,6,0.0001,0.0,0.0,4e-05
Chandani Kurian,6,0.0001,0.0,0.0,4e-05
Viraj Keer,6,0.0001,0.0,0.0,4e-05
Neha Wason,6,0.0001,0.0,0.0,4e-05
Widisha Hayer,6,0.0001,0.0,0.0,4e-05
Maanav Babu,6,0.0001,0.0,0.0,4e-05
Maanav Shanker,6,0.0001,0.0,0.0,4e-05
Varsha Mandal,6,0.0001,0.0,0.0,4e-05
Dakshesh Raj,6,0.0001,0.0,0.0,4e-05
Atharv Edwin,6,0.0001,0.0,0.0,4e-05
Arjun Raman,6,0.0001,0.0,0.0,4e-05
Harinakshi Sangha,6,0.0001,0.0,0.0,4e-05
Lavanya Kannan,6,0.0001,0.0,0.0,4e-05
Abeer Banik,6,0.0001,0.0,0.0,4e-05
Anita Dewan,6,0.0001,0.0,0.0,4e-05
Pallavi Ahuja,6,0.0001,0.0,0.0,4e-05
Adweta Goyal,6,0.0001,0.0,0.0,4e-05
Wakeeta Konda,6,0.0001,0.0,0.0,4e-05
Peter Goyal,6,0.0001,0.0,0.0,4e-05
Yatin Kakar,6,0.0001,0.0,0.0,4e-05
Bhavika Kaul,6,0.0001,0.0,0.0,4e-05
Luke Rai,6,0.0001,0.0,0.0,4e-05
George Vora,6,0.0001,0.0,0.0,4e-05
Chavvi Thakkar,6,0.0001,0.0,0.0,4e-05
Anthony Mital,7,0.0001,0.0,0.0,4e-05
Laksh Tata,6,0.0001,0.0,0.0,4e-05
Prisha Pall,6,0.0001,0.0,0.0,4e-05
Xalak Chaudhuri,6,0.0001,0.0,0.0,4e-05
Manthan Prabhakar,6,0.0001,0.0,0.0,4e-05
Adya Tak,6,0.0001,0.0,0.0,4e-05
Vivaan Naik,6,0.0001,0.0,0.0,4e-05
Darpan Butala,6,0.0001,0.0,0.0,4e-05
Udarsh Bhasin,6,0.0001,0.0,0.0,4e-05
Triya Bhalla,6,0.0001,0.0,0.0,4e-05
Ira Dutt,7,0.0001,0.0,0.0,4e-05
Nihal Lal,6,0.0001,0.0,0.0,4e-05
Wakeeta Pingle,6,0.0001,0.0,0.0,4e-05
Fariq Konda,6,0.0001,0.0,0.0,4e-05
Kalpit Sheth,6,0.0001,0.0,0.0,4e-05
Janani Lala,6,0.0001,0.0,0.0,4e-05
Nicholas Memon,6,0.0001,0.0,0.0,4e-05
Zashil Nadig,7,0.0001,0.0,0.0,4e-05
Gabriel Dube,6,0.0001,0.0,0.0,4e-05
Krish Chaudry,6,0.0001,0.0,0.0,4e-05
Darika Iyengar,6,0.0001,0.0,0.0,4e-05
Balendra Sharma,6,0.0001,0.0,0.0,4e-05
Aryan Reddy,6,0.0001,0.0,0.0,4e-05
Liam Seth,6,0.0001,0.0,0.0,4e-05
Dominic Muni,6,0.0001,0.0,0.0,4e-05
Udyati Sama,6,0.0001,0.0,0.0,4e-05
Neel Varma,6,0.0001,0.0,0.0,4e-05
Balveer De,6,0.0001,0.0,0.0,4e-05
Onveer Nanda,6,0.0001,0.0,0.0,4e-05
Urishilla Palla,6,0.0001,0.0,0.0,4e-05
Hamsini Sen,6,0.0001,0.0,0.0,4e-05
Mekhala Prabhakar,6,0.0001,0.0,0.0,4e-05
Krishna Sarin,6,0.0001,0.0,0.0,4e-05
Priya Handa,6,0.0001,0.0,0.0,4e-05
Umang Srivastava,6,0.0001,0.0,0.0,4e-05
Yatan Gola,6,0.0001,0.0,0.0,4e-05
Samesh Gandhi,6,0.0001,0.0,0.0,4e-05
Rachit Mitter,6,0.0001,0.0,0.0,4e-05
Luke Ravi,6,0.0001,0.0,0.0,4e-05
Rachana Raval,6,0.0001,0.0,0.0,4e-05
Rushil Sankar,6,0.0001,0.0,0.0,4e-05
Vanya Warrior,6,0.0001,0.0,0.0,4e-05
Ekbal Grewal,6,0.0001,0.0,0.0,4e-05
Ishanvi Samra,6,0.0001,0.0,0.0,4e-05
David Dixit,6,0.0001,0.0,0.0,4e-05
Unni Mangat,6,0.0001,0.0,0.0,4e-05
Pavani Gole,6,0.0001,0.0,0.0,4e-05
Gagan Balay,6,0.0001,0.0,0.0,4e-05
Chavvi Singhal,6,0.0001,0.0,0.0,4e-05
Naveen Dhar,7,0.0001,0.0,0.0,4e-05
Omkaar Bhavsar,6,0.0001,0.0,0.0,4e-05
Shravya Tailor,6,0.0001,0.0,0.0,4e-05
Ati Sachar,6,0.0001,0.0,0.0,4e-05
Noah Dhar,7,0.0001,0.0,0.0,4e-05
Abhiram Bava,6,0.0001,0.0,0.0,4e-05
Vyanjana Din,7,0.0001,0.0,0.0,4e-05
Laksh Badami,6,0.0001,0.0,0.0,4e-05
Nilima Kumar,6,0.0001,0.0,0.0,4e-05
Avni Borah,6,0.0001,0.0,0.0,4e-05
Lopa Oak,6,0.0001,0.0,0.0,4e-05
Waida Bains,6,0.0001,0.0,0.0,4e-05
Barkha Talwar,6,0.0001,0.0,0.0,4e-05
Ekanta Chowdhury,6,0.0001,0.0,0.0,4e-05
Amol Salvi,6,0.0001,0.0,0.0,4e-05
Wazir Gopal,6,0.0001,0.0,0.0,4e-05
Dalaja Arora,7,0.0001,0.0,0.0,4e-05
Riya Arya,6,0.0001,0.0,0.0,4e-05
Manan Mohan,6,0.0001,0.0,0.0,4e-05
Azad Korpal,6,0.0001,0.0,0.0,4e-05
Mugdha Dhingra,6,0.0001,0.0,0.0,4e-05
Gautami Dhillon,6,0.0001,0.0,0.0,4e-05
Vasatika Saraf,6,0.0001,0.0,0.0,4e-05
William Ravel,6,0.0001,0.0,0.0,4e-05
Falan Vyas,7,0.0001,0.0,0.0,4e-05
Ranbir Mani,6,0.0001,0.0,0.0,4e-05
Faraj Shan,6,0.0001,0.0,0.0,4e-05
Vivaan Chaudry,6,0.0001,0.0,0.0,4e-05
Advaith Badal,6,0.0001,0.0,0.0,4e-05
Oviya Dhillon,6,0.0001,0.0,0.0,4e-05
Dalbir Nagy,6,0.0001,0.0,0.0,4e-05
Bhanumati Karan,6,0.0001,0.0,0.0,4e-05
Darika Konda,6,0.0001,0.0,0.0,4e-05
Kalpit Bawa,6,0.0001,0.0,0.0,4e-05
Dhriti Lata,6,0.0001,0.0,0.0,4e-05
Thomas Narula,6,0.0001,0.0,0.0,4e-05
Hamsini Swaminathan,6,0.0001,0.0,0.0,4e-05
Gaurav Borra,6,0.0001,0.0,0.0,4e-05
Warhi Sinha,6,0.0001,0.0,0.0,4e-05
Gautami Mand,6,0.0001,0.0,0.0,4e-05
Mekhala Bandi,6,0.0001,0.0,0.0,4e-05
Brijesh Baral,7,0.0001,0.0,0.0,4e-05
Chaitaly Chauhan,6,0.0001,0.0,0.0,4e-05
Ekantika Naidu,6,0.0001,0.0,0.0,4e-05
Omisha Mallick,6,0.0001,0.0,0.0,4e-05
Balvan Mane,6,0.0001,0.0,0.0,4e-05
Lavanya Aggarwal,6,0.0001,0.0,0.0,4e-05
Orinder Naidu,7,0.0001,0.0,0.0,4e-05
Udant Chandra,6,0.0001,0.0,0.0,4e-05
Ekaraj Kapoor,6,0.0001,0.0,0.0,4e-05
Gaurangi Gala,6,0.0001,0.0,0.0,4e-05
Reva Dass,6,0.0001,0.0,0.0,4e-05
Zaid Dash,7,0.0001,0.0,0.0,4e-05
Faqid Toor,6,0.0001,0.0,0.0,4e-05
Chakradhar Dass,6,0.0001,0.0,0.0,4e-05
Oni Mallick,6,0.0001,0.0,0.0,4e-05
Forum Sabharwal,7,0.0001,0.0,0.0,4e-05
Anusha Sangha,7,0.0001,0.0,0.0,4e-05
Simon Muni,6,0.0001,0.0,0.0,4e-05
Chaman Tailor,6,0.0001,0.0,0.0,4e-05
Aarini Khare,6,0.0001,0.0,0.0,4e-05
Eiravati Varty,7,0.0001,0.0,0.0,4e-05
Ridhi Kakar,6,0.0001,0.0,0.0,4e-05
Ucchal Comar,6,0.0001,0.0,0.0,4e-05
Ronith Dave,6,0.0001,0.0,0.0,4e-05
Gunbir Aggarwal,6,0.0001,0.0,0.0,4e-05
Gaurangi Arora,6,0.0001,0.0,0.0,4e-05
Vrinda Mani,6,0.0001,0.0,0.0,4e-05
Dakshesh Chacko,6,0.0001,0.0,0.0,4e-05
Omya Borah,6,0.0001,0.0,0.0,4e-05
Kamala Patla,6,0.0001,0.0,0.0,4e-05
Andrew Virk,7,0.0001,0.0,0.0,4e-05
Triya Bhardwaj,6,0.0001,0.0,0.0,4e-05
Abhiram Aurora,6,0.0001,0.0,0.0,4e-05
Eshana Ganesan,6,0.0001,0.0,0.0,4e-05
Charvi Kashyap,6,0.0001,0.0,0.0,4e-05
Raksha Suresh,6,0.0001,0.0,0.0,4e-05
Ishita Oak,6,0.0001,0.0,0.0,4e-05
Widisha Varma,6,0.0001,0.0,0.0,4e-05
Damini Zachariah,6,0.0001,0.0,0.0,4e-05
Gaurika Choudhry,6,0.0001,0.0,0.0,4e-05
Raksha Agate,6,0.0001,0.0,0.0,4e-05
Maanav Sood,6,0.0001,0.0,0.0,4e-05
Saksham Apte,6,0.0001,0.0,0.0,4e-05
Bhavani Balan,6,0.0001,0.0,0.0,4e-05
Bhavna Doctor,6,0.0001,0.0,0.0,4e-05
Quincy Savant,6,0.0001,0.0,0.0,4e-05
Neelima Bhakta,6,0.0001,0.0,0.0,4e-05
Ira Boase,6,0.0001,0.0,0.0,4e-05
Shivansh Pandit,6,0.0001,0.0,0.0,4e-05
Dhruv Nadkarni,6,0.0001,0.0,0.0,4e-05
Ishwar Deo,6,0.0001,0.0,0.0,4e-05
Vrishti Tiwari,6,0.0001,0.0,0.0,4e-05
Vasana Mohanty,6,0.0001,0.0,0.0,4e-05
Yasti Kakar,7,0.0001,0.0,0.0,4e-05
Manya Desai,6,0.0001,0.0,0.0,4e-05
Mason Shenoy,6,0.0001,0.0,0.0,4e-05
Harrison Seshadri,6,0.0001,0.0,0.0,4e-05
Banjeet Oak,6,0.0001,0.0,0.0,4e-05
Amruta Ahuja,6,0.0001,0.0,0.0,4e-05
Indrajit Setty,6,0.0001,0.0,0.0,4e-05
Qadim Memon,6,0.0001,0.0,0.0,4e-05
Vedhika Ramakrishnan,6,0.0001,0.0,0.0,4e-05
Faras Konda,6,0.0001,0.0,0.0,4e-05
Tarak Rama,6,0.0001,0.0,0.0,4e-05
Maanas Badami,6,0.0001,0.0,0.0,4e-05
Vyanjana Suresh,6,0.0001,0.0,0.0,4e-05
Faraj Gaba,6,0.0001,0.0,0.0,4e-05
Chanchal Talwar,6,0.0001,0.0,0.0,4e-05
Ekaja Trivedi,6,0.0001,0.0,0.0,4e-05
Tanmayi Padmanabhan,6,0.0001,0.0,0.0,4e-05
Ekaja Chawla,6,0.0001,0.0,0.0,4e-05
Vamakshi Uppal,6,0.0001,0.0,0.0,4e-05
Upma Krishnamurthy,6,0.0001,0.0,0.0,4e-05
Vanya Rout,6,0.0001,0.0,0.0,4e-05
Nathaniel Mani,6,0.0001,0.0,0.0,4e-05
Gopal Garg,6,0.0001,0.0,0.0,4e-05
Quincy Ganguly,6,0.0001,0.0,0.0,4e-05
Max Chahal,6,0.0001,0.0,0.0,4e-05
Avni Dash,6,0.0001,0.0,0.0,4e-05
Udant Dhar,6,0.0001,0.0,0.0,4e-05
Dalaja Divan,6,0.0001,0.0,0.0,4e-05
Bhavna Nori,6,0.0001,0.0,0.0,4e-05
Indrajit Wason,6,0.0001,0.0,0.0,4e-05
Ranbir Chawla,6,0.0001,0.0,0.0,4e-05
Lila Oommen,6,0.0001,0.0,0.0,4e-05
Hemangini Brahmbhatt,6,0.0001,0.0,0.0,4e-05
Fitan Dhawan,6,0.0001,0.0,0.0,4e-05
Praneel Ramesh,6,0.0001,0.0,0.0,4e-05
Sudiksha Madan,6,0.0001,0.0,0.0,4e-05
Azaan Kale,6,0.0001,0.0,0.0,4e-05
Hiral Yogi,6,0.0001,0.0,0.0,4e-05
Akshay Yohannan,6,0.0001,0.0,0.0,4e-05
Tamanna Randhawa,6,0.0001,0.0,0.0,4e-05
Turvi Modi,6,0.0001,0.0,0.0,4e-05
Harinakshi Dara,6,0.0001,0.0,0.0,4e-05
Faris Mohan,6,0.0001,0.0,0.0,4e-05
Chameli Viswanathan,6,0.0001,0.0,0.0,4e-05
Kiaan Shere,6,0.0001,0.0,0.0,4e-05
Zarna Chaudhry,6,0.0001,0.0,0.0,4e-05
Kiaan Wason,6,0.0001,0.0,0.0,4e-05
Baghyawati Lad,6,0.0001,0.0,0.0,4e-05
Urvashi Chanda,6,0.0001,0.0,0.0,4e-05
Mitesh Bhatti,6,0.0001,0.0,0.0,4e-05
Utkarsh Khanna,6,0.0001,0.0,0.0,4e-05
Shaurya Loke,6,0.0001,0.0,0.0,4e-05
Hemang Mohan,6,0.0001,0.0,0.0,4e-05
Peter Chada,6,0.0001,0.0,0.0,4e-05
Gaurav Kapur,6,0.0001,0.0,0.0,4e-05
Aarush Reddy,6,0.0001,0.0,0.0,4e-05
Lohit Atwal,6,0.0001,0.0,0.0,4e-05
Dalbir Rau,6,0.0001,0.0,0.0,4e-05
Vivaan Kala,6,0.0001,0.0,0.0,4e-05
Daksha Jani,6,0.0001,0.0,0.0,4e-05
Ekani Chopra,6,0.0001,0.0,0.0,4e-05
Prisha Khurana,6,0.0001,0.0,0.0,4e-05
Udant Tailor,6,0.0001,0.0,0.0,4e-05
Bina Shan,6,0.0001,0.0,0.0,4e-05
Sudiksha Wali,6,0.0001,0.0,0.0,4e-05
Baljiwan Sha,6,0.0001,0.0,0.0,4e-05
Siya Edwin,6,0.0001,0.0,0.0,4e-05
Harshil Raghavan,6,0.0001,0.0,0.0,4e-05
Aarush Divan,7,0.0001,0.0,0.0,4e-05
Avi Puri,6,0.0001,0.0,0.0,4e-05
Alexander Ganesh,7,0.0001,0.0,0.0,4e-05
Jasmit Joshi,6,0.0001,0.0,0.0,4e-05
Yauvani Shenoy,6,0.0001,0.0,0.0,4e-05
Anirudh Chada,6,0.0001,0.0,0.0,4e-05
Theodore Ratti,7,0.0001,0.0,0.0,4e-05
Abha Mukherjee,6,0.0001,0.0,0.0,4e-05
Hemani Shenoy,6,0.0001,0.0,0.0,4e-05
Lavanya Raghavan,6,0.0001,0.0,0.0,4e-05
Hemang Kumer,6,0.0001,0.0,0.0,4e-05
Advik Rau,6,0.0001,0.0,0.0,4e-05
Abhimanyu Chatterjee,6,0.0001,0.0,0.0,4e-05
Frederick Lalla,6,0.0001,0.0,0.0,4e-05
Januja Chopra,6,0.0001,0.0,0.0,4e-05
Krishna Kari,6,0.0001,0.0,0.0,4e-05
Jeevika Loke,6,0.0001,0.0,0.0,4e-05
Widisha Solanki,6,0.0001,0.0,0.0,4e-05
Vanya Bhandari,6,0.0001,0.0,0.0,4e-05
Ronith Mane,6,0.0001,0.0,0.0,4e-05
Lohit Pal,6,0.0001,0.0,0.0,4e-05
Harini Mohan,6,0.0001,0.0,0.0,4e-05
Bakhshi Kala,6,0.0001,0.0,0.0,4e-05
Bhanumati Dhillon,6,0.0001,0.0,0.0,4e-05
Henry Balasubramanian,6,0.0001,0.0,0.0,4e-05
Mason Krishnamurthy,6,0.0001,0.0,0.0,4e-05
Yochana Peri,7,0.0001,0.0,0.0,4e-05
Oviya Madan,7,0.0001,0.0,0.0,4e-05
William Virk,6,0.0001,0.0,0.0,4e-05
Nirja Krishnan,6,0.0001,0.0,0.0,4e-05
Lekha Raman,6,0.0001,0.0,0.0,4e-05
Warjas Sathe,6,0.0001,0.0,0.0,4e-05
Ucchal Mody,6,0.0001,0.0,0.0,4e-05
Urvashi Dara,6,0.0001,0.0,0.0,4e-05
Upasna Goel,6,0.0001,0.0,0.0,4e-05
Rushil Buch,6,0.0001,0.0,0.0,4e-05
Hemangini Rama,6,0.0001,0.0,0.0,4e-05
Onkar Pau,6,0.0001,0.0,0.0,4e-05
Netra Mutti,6,0.0001,0.0,0.0,4e-05
Rushil Sekhon,6,0.0001,0.0,0.0,4e-05
Bhanumati Savant,6,0.0001,0.0,0.0,4e-05
Edhitha Dave,6,0.0001,0.0,0.0,4e-05
Champak Vyas,6,0.0001,0.0,0.0,4e-05
Upasna Bhattacharyya,6,0.0001,0.0,0.0,4e-05
Dakshesh Subramanian,6,0.0001,0.0,0.0,4e-05
Wridesh Shroff,6,0.0001,0.0,0.0,4e-05
Fitan Manne,6,0.0001,0.0,0.0,4e-05
Wahab Kaul,6,0.0001,0.0,0.0,4e-05
Manbir Patil,6,0.0001,0.0,0.0,4e-05
Dhriti Karan,6,0.0001,0.0,0.0,4e-05
Rayaan Gandhi,6,0.0001,0.0,0.0,4e-05
Robert Sandhu,6,0.0001,0.0,0.0,4e-05
Aarush Jha,6,0.0001,0.0,0.0,4e-05
Harish Ghose,6,0.0001,0.0,0.0,4e-05
Kabir Chaudhry,6,0.0001,0.0,0.0,4e-05
Advik Gaba,6,0.0001,0.0,0.0,4e-05
Anika Boase,6,0.0001,0.0,0.0,4e-05
Jai Soman,7,0.0001,0.0,0.0,4e-05
Zayan Deol,6,0.0001,0.0,0.0,4e-05
Dipta Patil,6,0.0001,0.0,0.0,4e-05
Yahvi Bhalla,7,0.0001,0.0,0.0,4e-05
Anita Srinivas,6,0.0001,0.0,0.0,4e-05
Robert Sachar,6,0.0001,0.0,0.0,4e-05
Devansh Lanka,6,0.0001,0.0,0.0,4e-05
Lipika Batta,6,0.0001,0.0,0.0,4e-05
Laksh Sanghvi,6,0.0001,0.0,0.0,4e-05
Eiravati Krishnan,6,0.0001,0.0,0.0,4e-05
Oni Narayanan,6,0.0001,0.0,0.0,4e-05
Liam Sangha,6,0.0001,0.0,0.0,4e-05
Shivansh Dave,6,0.0001,0.0,0.0,4e-05
Urvashi Padmanabhan,6,0.0001,0.0,0.0,4e-05
Riya Chhabra,6,0.0001,0.0,0.0,4e-05
Hardik Naidu,6,0.0001,0.0,0.0,4e-05
Ira Narayanan,6,0.0001,0.0,0.0,4e-05
Gagan Raman,7,0.0001,0.0,0.0,4e-05
Simon Chowdhury,6,0.0001,0.0,0.0,4e-05
Aashi Bahl,6,0.0001,0.0,0.0,4e-05
Radhika Mander,6,0.0001,0.0,0.0,4e-05
Yug Chowdhury,6,0.0001,0.0,0.0,4e-05
Gaurang Chandran,6,0.0001,0.0,0.0,4e-05
Hardik Dugal,6,0.0001,0.0,0.0,4e-05
Krish Dewan,6,0.0001,0.0,0.0,4e-05
Shravya Sanghvi,6,0.0001,0.0,0.0,4e-05
Bina Issac,6,0.0001,0.0,0.0,4e-05
Idika Chander,6,0.0001,0.0,0.0,4e-05
Mohammed Samra,6,0.0001,0.0,0.0,4e-05
Devika Walia,6,0.0001,0.0,0.0,4e-05
Adya Das,6,0.0001,0.0,0.0,4e-05
Aarush Atwal,6,0.0001,0.0,0.0,4e-05
Gaurika Srinivas,6,0.0001,0.0,0.0,4e-05
Max Bandi,6,0.0001,0.0,0.0,4e-05
Falak Verma,6,0.0001,0.0,0.0,4e-05
Gaurang Balakrishnan,6,0.0001,0.0,0.0,4e-05
Hredhaan Ramaswamy,6,0.0001,0.0,0.0,4e-05
Maanas Gour,6,0.0001,0.0,0.0,4e-05
Varenya Kota,6,0.0001,0.0,0.0,4e-05
Girindra Joshi,6,0.0001,0.0,0.0,4e-05
Nathaniel Parmar,6,0.0001,0.0,0.0,4e-05
Pratyush Konda,6,0.0001,0.0,0.0,4e-05
Veer Narayanan,6,0.0001,0.0,0.0,4e-05
Ishaan Kata,6,0.0001,0.0,0.0,4e-05
Chatresh Ratta,6,0.0001,0.0,0.0,4e-05
Hitesh Sharma,6,0.0001,0.0,0.0,4e-05
Wazir Radhakrishnan,7,0.0001,0.0,0.0,4e-05
Varsha Nadkarni,6,0.0001,0.0,0.0,4e-05
Saanvi Chad,6,0.0001,0.0,0.0,4e-05
Abeer Pall,6,0.0001,0.0,0.0,4e-05
Bhavini Atwal,6,0.0001,0.0,0.0,4e-05
Liam Puri,6,0.0001,0.0,0.0,4e-05
Brinda Saxena,6,0.0001,0.0,0.0,4e-05
Prisha Dhaliwal,6,0.0001,0.0,0.0,4e-05
Anika Gade,6,0.0001,0.0,0.0,4e-05
Warinder Ray,6,0.0001,0.0,0.0,4e-05
Yashawini Shenoy,6,0.0001,0.0,0.0,4e-05
Shivani Bora,6,0.0001,0.0,0.0,4e-05
Avni Nayar,6,0.0001,0.0,0.0,4e-05
Madhavi Srinivas,6,0.0001,0.0,0.0,4e-05
Ishani Deep,6,0.0001,0.0,0.0,4e-05
Leela Dhar,7,0.0001,0.0,0.0,4e-05
Devika Walla,6,0.0001,0.0,0.0,4e-05
Dominic Patil,6,0.0001,0.0,0.0,4e-05
Netra Palla,6,0.0001,0.0,0.0,4e-05
Vihaan Chatterjee,6,0.0001,0.0,0.0,4e-05
Timothy Rout,6,0.0001,0.0,0.0,4e-05
Aarush Chakraborty,6,0.0001,0.0,0.0,4e-05
Ati Peri,6,0.0001,0.0,0.0,4e-05
Nicholas Nanda,6,0.0001,0.0,0.0,4e-05
Chasmum Grover,6,0.0001,0.0,0.0,4e-05
Shivansh Sodhi,7,0.0001,0.0,0.0,4e-05
Lopa Acharya,6,0.0001,0.0,0.0,4e-05
Waida Dasgupta,6,0.0001,0.0,0.0,4e-05
Ranbir Parikh,6,0.0001,0.0,0.0,4e-05
David Savant,6,0.0001,0.0,0.0,4e-05
Harita Muni,6,0.0001,0.0,0.0,4e-05
Hemal Agarwal,6,0.0001,0.0,0.0,4e-05
Chaaya Sarraf,6,0.0001,0.0,0.0,4e-05
Balendra Baria,6,0.0001,0.0,0.0,4e-05
Nandini Edwin,6,0.0001,0.0,0.0,4e-05
Shivani Balakrishnan,6,0.0001,0.0,0.0,4e-05
Nidra Pradhan,6,0.0001,0.0,0.0,4e-05
Isaac Chandran,6,0.0001,0.0,0.0,4e-05
Fariq Puri,6,0.0001,0.0,0.0,4e-05
Tamanna Chandra,6,0.0001,0.0,0.0,4e-05
Frederick Sha,6,0.0001,0.0,0.0,4e-05
Nidra Kibe,6,0.0001,0.0,0.0,4e-05
Darika Lata,6,0.0001,0.0,0.0,4e-05
Vrishti Borah,6,0.0001,0.0,0.0,4e-05
Jairaj Bala,6,0.0001,0.0,0.0,4e-05
Priya Nigam,6,0.0001,0.0,0.0,4e-05
Jackson Mittal,6,0.0001,0.0,0.0,4e-05
Anthony Gola,6,0.0001,0.0,0.0,4e-05
Darika Dora,6,0.0001,0.0,0.0,4e-05
Devika Panchal,6,0.0001,0.0,0.0,4e-05
Chanakya Loyal,6,0.0001,0.0,0.0,4e-05
Ekalinga Dugar,6,0.0001,0.0,0.0,4e-05
Dalaja Luthra,7,0.0001,0.0,0.0,4e-05
Bhavani Prakash,6,0.0001,0.0,0.0,4e-05
Kashish Anand,6,0.0001,0.0,0.0,4e-05
Ekaja Hayer,6,0.0001,0.0,0.0,4e-05
Chameli Dash,6,0.0001,0.0,0.0,4e-05
Faqid Sampath,6,0.0001,0.0,0.0,4e-05
Kashvi Viswanathan,6,0.0001,0.0,0.0,4e-05
Ekantika Koshy,6,0.0001,0.0,0.0,4e-05
Ryan Doctor,7,0.0001,0.0,0.0,4e-05
Leela Memon,6,0.0001,0.0,0.0,4e-05
Vinaya Bhargava,6,0.0001,0.0,0.0,4e-05
Gavin Roy,6,0.0001,0.0,0.0,4e-05
Maya Garg,6,0.0001,0.0,0.0,4e-05
Gauri Kapoor,6,0.0001,0.0,0.0,4e-05
Madhavi Shanker,6,0.0001,0.0,0.0,4e-05
Daniel Thaker,6,0.0001,0.0,0.0,4e-05
Yuvraj Lala,6,0.0001,0.0,0.0,4e-05
Tamanna Chander,6,0.0001,0.0,0.0,4e-05
Nicholas Anand,6,0.0001,0.0,0.0,4e-05
Damyanti Pradhan,6,0.0001,0.0,0.0,4e-05
Ishaan Dugal,6,0.0001,0.0,0.0,4e-05
Patrick Karnik,6,0.0001,0.0,0.0,4e-05
Balvan Amble,6,0.0001,0.0,0.0,4e-05
Nilima Gara,6,0.0001,0.0,0.0,4e-05
Libni Karan,6,0.0001,0.0,0.0,4e-05
Reva Biswas,6,0.0001,0.0,0.0,4e-05
Harinakshi Sagar,6,0.0001,0.0,0.0,4e-05
Panini Sur,6,0.0001,0.0,0.0,4e-05
Michael Mukherjee,6,0.0001,0.0,0.0,4e-05
Xalak Barad,7,0.0001,0.0,0.0,4e-05
Aashi Mohan,6,0.0001,0.0,0.0,4e-05
Arin Uppal,6,0.0001,0.0,0.0,4e-05
Chameli Chandran,6,0.0001,0.0,0.0,4e-05
Garima Sankar,6,0.0001,0.0,0.0,4e-05
Oeshi Jayaraman,6,0.0001,0.0,0.0,4e-05
Tejas Anne,6,0.0001,0.0,0.0,4e-05
Tanish Varma,6,0.0001,0.0,0.0,4e-05
Harsh Mannan,6,0.0001,0.0,0.0,4e-05
Jyoti Pillai,7,0.0001,0.0,0.0,4e-05
Ansh Magar,6,0.0001,0.0,0.0,4e-05
Vedika Puri,6,0.0001,0.0,0.0,4e-05
Bimala Goel,6,0.0001,0.0,0.0,4e-05
Nakul Puri,6,0.0001,0.0,0.0,4e-05
Tamanna Sheth,6,0.0001,0.0,0.0,4e-05
Joshua Dutt,6,0.0001,0.0,0.0,4e-05
Hamsini Lad,6,0.0001,0.0,0.0,4e-05
Zilmil Sahni,6,0.0001,0.0,0.0,4e-05
Tara Raval,6,0.0001,0.0,0.0,4e-05
Maanav Dua,7,0.0001,0.0,0.0,4e-05
Qushi Raj,6,0.0001,0.0,0.0,4e-05
Benjamin Chand,6,0.0001,0.0,0.0,4e-05
Harish Dhillon,6,0.0001,0.0,0.0,4e-05
Lucky Rana,6,0.0001,0.0,0.0,4e-05
Nimrat Bhat,6,0.0001,0.0,0.0,4e-05
Ishaan Handa,6,0.0001,0.0,0.0,4e-05
Jack Kalla,6,0.0001,0.0,0.0,4e-05
Pranit Koshy,6,0.0001,0.0,0.0,4e-05
Isaac Lalla,6,0.0001,0.0,0.0,4e-05
Ethan Narayan,6,0.0001,0.0,0.0,4e-05
Manthan Lata,7,0.0001,0.0,0.0,4e-05
Bina Varkey,6,0.0001,0.0,0.0,4e-05
Rudra Sandhu,6,0.0001,0.0,0.0,4e-05
Isaac Doctor,6,0.0001,0.0,0.0,4e-05
Yauvani Rajan,6,0.0001,0.0,0.0,4e-05
Gaurika Borde,6,0.0001,0.0,0.0,4e-05
Daksha Dhar,6,0.0001,0.0,0.0,4e-05
Chakradhar Sridhar,6,0.0001,0.0,0.0,4e-05
Raghav Vasa,7,0.0001,0.0,0.0,4e-05
Azad Nagarajan,6,0.0001,0.0,0.0,4e-05
Pooja Narula,6,0.0001,0.0,0.0,4e-05
Nandini Joshi,6,0.0001,0.0,0.0,4e-05
Anika Kothari,6,0.0001,0.0,0.0,4e-05
Nitesh Tara,6,0.0001,0.0,0.0,4e-05
Ubika Sant,6,0.0001,0.0,0.0,4e-05
Jagat Grover,6,0.0001,0.0,0.0,4e-05
Chandani Borde,6,0.0001,0.0,0.0,4e-05
Januja Pandey,6,0.0001,0.0,0.0,4e-05
Inaya Sha,6,0.0001,0.0,0.0,4e-05
Bina Chatterjee,6,0.0001,0.0,0.0,4e-05
Zaitra Edwin,6,0.0001,0.0,0.0,4e-05
Jeevika More,6,0.0001,0.0,0.0,4e-05
Vedika Dasgupta,6,0.0001,0.0,0.0,4e-05
Harsh Issac,6,0.0001,0.0,0.0,4e-05
Lipika Venkataraman,6,0.0001,0.0,0.0,4e-05
Ojas Sawhney,6,0.0001,0.0,0.0,4e-05
Turvi Mann,6,0.0001,0.0,0.0,4e-05
Tanay Kara,6,0.0001,0.0,0.0,4e-05
Damyanti Tata,7,0.0001,0.0,0.0,4e-05
Kalpit Ravi,6,0.0001,0.0,0.0,4e-05
Oviya Zachariah,6,0.0001,0.0,0.0,4e-05
Ria Chaudry,6,0.0001,0.0,0.0,4e-05
Vasudha Bal,6,0.0001,0.0,0.0,4e-05
Hema Bajwa,7,0.0001,0.0,0.0,4e-05
Charan Madan,6,0.0001,0.0,0.0,4e-05
Falguni Baria,6,0.0001,0.0,0.0,4e-05
Rudra Kale,6,0.0001,0.0,0.0,4e-05
Upasna Bera,6,0.0001,0.0,0.0,4e-05
Kritika Anne,6,0.0001,0.0,0.0,4e-05
Ekaraj Walia,6,0.0001,0.0,0.0,4e-05
Gavin Tara,6,0.0001,0.0,0.0,4e-05
Timothy Dora,6,0.0001,0.0,0.0,4e-05
Ekani Lanka,6,0.0001,0.0,0.0,4e-05
Ekanta Datta,6,0.0001,0.0,0.0,4e-05
Odika Mani,6,0.0001,0.0,0.0,4e-05
Rishi Thaman,6,0.0001,0.0,0.0,4e-05
Jasmit Tank,6,0.0001,0.0,0.0,4e-05
Gaurav Parmer,6,0.0001,0.0,0.0,4e-05
Bhavna Kant,6,0.0001,0.0,0.0,4e-05
Anusha Morar,6,0.0001,0.0,0.0,4e-05
Kashish Sood,6,0.0001,0.0,0.0,4e-05
Aishani Bali,6,0.0001,0.0,0.0,4e-05
Ira Chakraborty,6,0.0001,0.0,0.0,4e-05
Amrita Dubey,6,0.0001,0.0,0.0,4e-05
Ekaraj Sen,6,0.0001,0.0,0.0,4e-05
Balendra Munshi,6,0.0001,0.0,0.0,4e-05
Priya Dube,6,0.0001,0.0,0.0,4e-05
Vamakshi Kara,6,0.0001,0.0,0.0,4e-05
Nikita Deo,6,0.0001,0.0,0.0,4e-05
Baljiwan Konda,6,0.0001,0.0,0.0,4e-05
Chanakya Naidu,6,0.0001,0.0,0.0,4e-05
Chandran Dave,6,0.0001,0.0,0.0,4e-05
Adweta Nair,6,0.0001,0.0,0.0,4e-05
Ridhi Gera,6,0.0001,0.0,0.0,4e-05
Maanas Mani,6,0.0001,0.0,0.0,4e-05
Ekiya Chatterjee,6,0.0001,0.0,0.0,4e-05
Banjeet Edwin,6,0.0001,0.0,0.0,4e-05
Krisha Chhabra,6,0.0001,0.0,0.0,4e-05
Balendra Mitra,6,0.0001,0.0,0.0,4e-05
Chanakya Bains,6,0.0001,0.0,0.0,4e-05
Samarth Lanka,6,0.0001,0.0,0.0,4e-05
Girik Bhatia,6,0.0001,0.0,0.0,4e-05
Zayan Rana,6,0.0001,0.0,0.0,4e-05
Gaurangi Solanki,7,0.0001,0.0,0.0,4e-05
Lakshmi Loke,6,0.0001,0.0,0.0,4e-05
Ira Narula,6,0.0001,0.0,0.0,4e-05
Watika Mammen,6,0.0001,0.0,0.0,4e-05
Wridesh Joshi,7,0.0001,0.0,0.0,4e-05
Shravya Toor,6,0.0001,0.0,0.0,4e-05
Aarini Badal,6,0.0001,0.0,0.0,4e-05
Tarak Mall,6,0.0001,0.0,0.0,4e-05
Oeshi Dey,6,0.0001,0.0,0.0,4e-05
Aarna Uppal,6,0.0001,0.0,0.0,4e-05
Harita Chopra,6,0.0001,0.0,0.0,4e-05
Rushil Lala,7,0.0001,0.0,0.0,4e-05
Varsha Kakar,6,0.0001,0.0,0.0,4e-05
Lopa Narain,6,0.0001,0.0,0.0,4e-05
Shivani Gopal,6,0.0001,0.0,0.0,4e-05
Bachittar Keer,6,0.0001,0.0,0.0,4e-05
Indali Roy,6,0.0001,0.0,0.0,4e-05
Anamika Varma,6,0.0001,0.0,0.0,4e-05
Rishi Balay,6,0.0001,0.0,0.0,4e-05
Dipta Nigam,6,0.0001,0.0,0.0,4e-05
Shivansh Shanker,6,0.0001,0.0,0.0,4e-05
Jeremiah Joshi,6,0.0001,0.0,0.0,4e-05
Shivansh Chacko,6,0.0001,0.0,0.0,4e-05
Chanchal Pandey,6,0.0001,0.0,0.0,4e-05
Veda Das,6,0.0001,0.0,0.0,4e-05
Chavvi Manda,6,0.0001,0.0,0.0,4e-05
Yug Narayan,6,0.0001,0.0,0.0,4e-05
Sarthak Amble,6,0.0001,0.0,0.0,4e-05
Viraj Doshi,6,0.0001,0.0,0.0,4e-05
Agastya Bhandari,6,0.0001,0.0,0.0,4e-05
Owen Aurora,6,0.0001,0.0,0.0,4e-05
Pranit Lata,6,0.0001,0.0,0.0,4e-05
Farhan Grover,6,0.0001,0.0,0.0,4e-05
Aarna Thakur,6,0.0001,0.0,0.0,4e-05
Yahvi Bahl,6,0.0001,0.0,0.0,4e-05
Omaja Nagar,6,0.0001,0.0,0.0,4e-05
Yachana Bassi,6,0.0001,0.0,0.0,4e-05
Urvashi Lall,6,0.0001,0.0,0.0,4e-05
Ekiya Kothari,6,0.0001,0.0,0.0,4e-05
Hitesh Pillay,6,0.0001,0.0,0.0,4e-05
Raksha Kakar,6,0.0001,0.0,0.0,4e-05
Prisha Srinivasan,6,0.0001,0.0,0.0,4e-05
Ekaja Kant,6,0.0001,0.0,0.0,4e-05
Anika Nigam,6,0.0001,0.0,0.0,4e-05
Hamsini Nagar,6,0.0001,0.0,0.0,4e-05
Lakshit Kuruvilla,6,0.0001,0.0,0.0,4e-05
Samarth Dhar,6,0.0001,0.0,0.0,4e-05
Varsha Dhawan,6,0.0001,0.0,0.0,4e-05
Charvi Bath,6,0.0001,0.0,0.0,4e-05
Liam Hora,6,0.0001,0.0,0.0,4e-05
Balendra Gour,6,0.0001,0.0,0.0,4e-05
Logan Chanda,6,0.0001,0.0,0.0,4e-05
Anita Grover,6,0.0001,0.0,0.0,4e-05
Nikita Kota,6,0.0001,0.0,0.0,4e-05
Zaitra Nadig,6,0.0001,0.0,0.0,4e-05
Vanya Sidhu,6,0.0001,0.0,0.0,4e-05
Anika Grewal,6,0.0001,0.0,0.0,4e-05
Dipta Keer,6,0.0001,0.0,0.0,4e-05
Pavani Mishra,6,0.0001,0.0,0.0,4e-05
Advika Sampath,6,0.0001,0.0,0.0,4e-05
Aarush Pau,6,0.0001,0.0,0.0,4e-05
Vanya Ram,6,0.0001,0.0,0.0,4e-05
Nathaniel Nagy,6,0.0001,0.0,0.0,4e-05
Nimrat Shanker,6,0.0001,0.0,0.0,4e-05
Wyatt Babu,6,0.0001,0.0,0.0,4e-05
Ayushman Wadhwa,6,0.0001,0.0,0.0,4e-05
Pranit Bakshi,6,0.0001,0.0,0.0,4e-05
Sanya Deshpande,6,0.0001,0.0,0.0,4e-05
Manbir Vala,6,0.0001,0.0,0.0,4e-05
Amara Vala,6,0.0001,0.0,0.0,4e-05
Yatin Singhal,6,0.0001,0.0,0.0,4e-05
Jeremiah Deep,6,0.0001,0.0,0.0,4e-05
Amol Gulati,6,0.0001,0.0,0.0,4e-05
Ekantika Bhargava,6,0.0001,0.0,0.0,4e-05
Tejas Sawhney,6,0.0001,0.0,0.0,4e-05
Raghav Srinivasan,6,0.0001,0.0,0.0,4e-05
Charita Saran,6,0.0001,0.0,0.0,4e-05
Amruta Krishna,6,0.0001,0.0,0.0,4e-05
Girish Hegde,6,0.0001,0.0,0.0,4e-05
Amaira Murthy,6,0.0001,0.0,0.0,4e-05
Lipika Behl,6,0.0001,0.0,0.0,4e-05
Nidhi Gera,6,0.0001,0.0,0.0,4e-05
Frado Edwin,6,0.0001,0.0,0.0,4e-05
Upkaar Shanker,6,0.0001,0.0,0.0,4e-05
Teerth Kakar,6,0.0001,0.0,0.0,4e-05
Owen Dhaliwal,6,0.0001,0.0,0.0,4e-05
Mitali Nazareth,6,0.0001,0.0,0.0,4e-05
Devika Virk,6,0.0001,0.0,0.0,4e-05
Lopa Lall,6,0.0001,0.0,0.0,4e-05
Isaiah Choudhary,6,0.0001,0.0,0.0,4e-05
Raksha Mittal,6,0.0001,0.0,0.0,4e-05
Ubika Kala,6,0.0001,0.0,0.0,4e-05
Ryan Narasimhan,6,0.0001,0.0,0.0,4e-05
Eta Krishnan,6,0.0001,0.0,0.0,4e-05
Jalsa Merchant,6,0.0001,0.0,0.0,4e-05
Deepa Khare,6,0.0001,0.0,0.0,4e-05
Tanveer Aggarwal,6,0.0001,0.0,0.0,4e-05
Prisha Sharma,6,0.0001,0.0,0.0,4e-05
Harita Pradhan,6,0.0001,0.0,0.0,4e-05
Triya Dixit,6,0.0001,0.0,0.0,4e-05
Alka Amble,6,0.0001,0.0,0.0,4e-05
Chandresh Sampath,6,0.0001,0.0,0.0,4e-05
Manbir Karan,6,0.0001,0.0,0.0,4e-05
Varsha Seshadri,6,0.0001,0.0,0.0,4e-05
Vansha Pau,6,0.0001,0.0,0.0,4e-05
Aishani Chhabra,6,0.0001,0.0,0.0,4e-05
Daksha Ravi,6,0.0001,0.0,0.0,4e-05
Omisha Gulati,6,0.0001,0.0,0.0,4e-05
Leela Gaba,6,0.0001,0.0,0.0,4e-05
Chandran Dewan,6,0.0001,0.0,0.0,4e-05
Ridhi Kumar,6,0.0001,0.0,0.0,4e-05
Neelima Kalita,6,0.0001,0.0,0.0,4e-05
Nilima Gour,6,0.0001,0.0,0.0,4e-05
Mitesh Manne,7,0.0001,0.0,0.0,4e-05
Nidra Bhat,6,0.0001,0.0,0.0,4e-05
Wishi Ravel,6,0.0001,0.0,0.0,4e-05
Victor Kade,6,0.0001,0.0,0.0,4e-05
Odika Issac,6,0.0001,0.0,0.0,4e-05
Harrison Walia,7,0.0001,0.0,0.0,4e-05
Advay Natt,6,0.0001,0.0,0.0,4e-05
Vanya Rai,6,0.0001,0.0,0.0,4e-05
Ganga Ramanathan,6,0.0001,0.0,0.0,4e-05
Hiral Kumer,6,0.0001,0.0,0.0,4e-05
Faraj Dugar,6,0.0001,0.0,0.0,4e-05
Wazir Walia,6,0.0001,0.0,0.0,4e-05
Adweta Nagar,6,0.0001,0.0,0.0,4e-05
Alexander Sampath,6,0.0001,0.0,0.0,4e-05
Kashish Golla,6,0.0001,0.0,0.0,4e-05
Tarak Oommen,6,0.0001,0.0,0.0,4e-05
Unni Kalita,6,0.0001,0.0,0.0,4e-05
Theodore Ahluwalia,6,0.0001,0.0,0.0,4e-05
Owen Edwin,6,0.0001,0.0,0.0,4e-05
Raghav Jayaraman,7,0.0001,0.0,0.0,4e-05
Tejas Vohra,6,0.0001,0.0,0.0,4e-05
Luke Thaman,6,0.0001,0.0,0.0,4e-05
Veda Sastry,6,0.0001,0.0,0.0,4e-05
Naksh Wable,6,0.0001,0.0,0.0,4e-05
Samesh Narayan,6,0.0001,0.0,0.0,4e-05
Timothy Rastogi,6,0.0001,0.0,0.0,4e-05
Harsh Comar,6,0.0001,0.0,0.0,4e-05
Wakeeta Dube,6,0.0001,0.0,0.0,4e-05
Shravya More,6,0.0001,0.0,0.0,4e-05
Rajata Borra,6,0.0001,0.0,0.0,4e-05
Balveer Som,6,0.0001,0.0,0.0,4e-05
Shivansh Verma,6,0.0001,0.0,0.0,4e-05
Dipta Nazareth,6,0.0001,0.0,0.0,4e-05
Suhani Jaggi,6,0.0001,0.0,0.0,4e-05
Isaiah Kalla,6,0.0001,0.0,0.0,4e-05
Vaishnavi Master,6,0.0001,0.0,0.0,4e-05
Balhaar Rai,6,0.0001,0.0,0.0,4e-05
Girindra Merchant,6,0.0001,0.0,0.0,4e-05
Rudra Naidu,6,0.0001,0.0,0.0,4e-05
Thomas Bawa,6,0.0001,0.0,0.0,4e-05
Priya Singh,7,0.0001,0.0,0.0,4e-05
Logan Mani,6,0.0001,0.0,0.0,4e-05
Manbir Palla,6,0.0001,0.0,0.0,4e-05
Qasim Vyas,6,0.0001,0.0,0.0,4e-05
Dayita Bera,6,0.0001,0.0,0.0,4e-05
Michael Dalal,6,0.0001,0.0,0.0,4e-05
Harsh Saini,7,0.0001,0.0,0.0,4e-05
Laksh Mander,6,0.0001,0.0,0.0,4e-05
Mason Tata,6,0.0001,0.0,0.0,4e-05
Devansh Ratti,6,0.0001,0.0,0.0,4e-05
Vivaan Morar,6,0.0001,0.0,0.0,4e-05
Akshay Dayal,6,0.0001,0.0,0.0,4e-05
Oscar Comar,6,0.0001,0.0,0.0,4e-05
Reva Shah,6,0.0001,0.0,0.0,4e-05
Vedant Prakash,6,0.0001,0.0,0.0,4e-05
Samarth Sheth,6,0.0001,0.0,0.0,4e-05
Tamanna Ravel,7,0.0001,0.0,0.0,4e-05
Teerth Kara,6,0.0001,0.0,0.0,4e-05
Gaurav Tailor,6,0.0001,0.0,0.0,4e-05
Urvi Magar,6,0.0001,0.0,0.0,4e-05
Jack Dave,6,0.0001,0.0,0.0,4e-05
Charan Chad,7,0.0001,0.0,0.0,4e-05
Henry Dube,6,0.0001,0.0,0.0,4e-05
Ekantika Naik,6,0.0001,0.0,0.0,4e-05
Ekanta Sandhu,7,0.0001,0.0,0.0,4e-05
Thomas Bajaj,6,0.0001,0.0,0.0,4e-05
Zansi Shah,7,0.0001,0.0,0.0,4e-05
Omkaar Chanda,6,0.0001,0.0,0.0,4e-05
Nachiket Tak,6,0.0001,0.0,0.0,4e-05
Victor Varty,6,0.0001,0.0,0.0,4e-05
Anusha Ramaswamy,6,0.0001,0.0,0.0,4e-05
Triveni Tak,6,0.0001,0.0,0.0,4e-05
Rishi Golla,7,0.0001,0.0,0.0,4e-05
Rishi Subramanian,6,0.0001,0.0,0.0,4e-05
Aahana Sen,6,0.0001,0.0,0.0,4e-05
Brijesh Balay,6,0.0001,0.0,0.0,4e-05
Harini Divan,6,0.0001,0.0,0.0,4e-05
Qasim Sarin,6,0.0001,0.0,0.0,4e-05
Vritti Balasubramanian,6,0.0001,0.0,0.0,4e-05
Faqid Sehgal,6,0.0001,0.0,0.0,4e-05
Ikshita Kapur,6,0.0001,0.0,0.0,4e-05
Ikbal Ravi,6,0.0001,0.0,0.0,4e-05
Abha Sibal,6,0.0001,0.0,0.0,4e-05
Lipika Shankar,7,0.0001,0.0,0.0,4e-05
Lakshit Maharaj,6,0.0001,0.0,0.0,4e-05
Adya Buch,6,0.0001,0.0,0.0,4e-05
Siya Johal,6,0.0001,0.0,0.0,4e-05
Lila Sethi,6,0.0001,0.0,0.0,4e-05
Aachal Sinha,6,0.0001,0.0,0.0,4e-05
Jacob Narayan,7,0.0001,0.0,0.0,4e-05
Lohit Soni,6,0.0001,0.0,0.0,4e-05
Nimrat Karan,6,0.0001,0.0,0.0,4e-05
Warda Deol,6,0.0001,0.0,0.0,4e-05
Ojas Venkatesh,6,0.0001,0.0,0.0,4e-05
Falak Amble,6,0.0001,0.0,0.0,4e-05
Yutika Bera,6,0.0001,0.0,0.0,4e-05
Pooja Ranganathan,6,0.0001,0.0,0.0,4e-05
Alexander Pradhan,6,0.0001,0.0,0.0,4e-05
Ekbal Borah,6,0.0001,0.0,0.0,4e-05
Tara Bassi,6,0.0001,0.0,0.0,4e-05
Garima Ram,6,0.0001,0.0,0.0,4e-05
Jairaj Mandal,6,0.0001,0.0,0.0,4e-05
Abhiram Bhakta,6,0.0001,0.0,0.0,4e-05
Vasana Bose,6,0.0001,0.0,0.0,4e-05
Faqid Narain,6,0.0001,0.0,0.0,4e-05
Janya Chawla,6,0.0001,0.0,0.0,4e-05
Harinakshi Bahl,6,0.0001,0.0,0.0,4e-05
Tejas Acharya,6,0.0001,0.0,0.0,4e-05
Arya Morar,6,0.0001,0.0,0.0,4e-05
Irya Mander,6,0.0001,0.0,0.0,4e-05
Ucchal Sandhu,6,0.0001,0.0,0.0,4e-05
Udyati Iyengar,6,0.0001,0.0,0.0,4e-05
Anirudh Lanka,6,0.0001,0.0,0.0,4e-05
Varsha Oommen,6,0.0001,0.0,0.0,4e-05
Anita Bail,6,0.0001,0.0,0.0,4e-05
Sathvik Banik,6,0.0001,0.0,0.0,4e-05
Edhitha Kapoor,6,0.0001,0.0,0.0,4e-05
Kavya Maharaj,6,0.0001,0.0,0.0,4e-05
Abhiram Rau,6,0.0001,0.0,0.0,4e-05
Dakshesh Subramaniam,6,0.0001,0.0,0.0,4e-05
Ekalinga Nori,6,0.0001,0.0,0.0,4e-05
Ojasvi Deshmukh,6,0.0001,0.0,0.0,4e-05
Xiti Jhaveri,6,0.0001,0.0,0.0,4e-05
Karan Pradhan,6,0.0001,0.0,0.0,4e-05
Aadi Biswas,6,0.0001,0.0,0.0,4e-05
Robert Khatri,6,0.0001,0.0,0.0,4e-05
Yahvi Menon,6,0.0001,0.0,0.0,4e-05
Warinder Murthy,6,0.0001,0.0,0.0,4e-05
Jackson Babu,6,0.0001,0.0,0.0,4e-05
Gautami Pandit,6,0.0001,0.0,0.0,4e-05
Aadi Bawa,6,0.0001,0.0,0.0,4e-05
Aayush Khare,6,0.0001,0.0,0.0,4e-05
Omkaar Kala,6,0.0001,0.0,0.0,4e-05
Ekiya Parikh,6,0.0001,0.0,0.0,4e-05
Michael Ganesh,6,0.0001,0.0,0.0,4e-05
Yug Lalla,6,0.0001,0.0,0.0,4e-05
Widisha Goda,7,0.0001,0.0,0.0,4e-05
Rachita Malhotra,6,0.0001,0.0,0.0,4e-05
Ayushman Soman,6,0.0001,0.0,0.0,4e-05
Henry Gola,6,0.0001,0.0,0.0,4e-05
Aarna Pandya,6,0.0001,0.0,0.0,4e-05
Ayushman Chaudhary,6,0.0001,0.0,0.0,4e-05
Edhitha Goswami,6,0.0001,0.0,0.0,4e-05
Yochana Chawla,6,0.0001,0.0,0.0,4e-05
Kamya Sarkar,6,0.0001,0.0,0.0,4e-05
Manya Vala,6,0.0001,0.0,0.0,4e-05
Jagat Kala,6,0.0001,0.0,0.0,4e-05
Gopal Dhawan,6,0.0001,0.0,0.0,4e-05
Kiaan Dhingra,6,0.0001,0.0,0.0,4e-05
Veer Kakar,6,0.0001,0.0,0.0,4e-05
Ucchal Vig,6,0.0001,0.0,0.0,4e-05
Krishna Dara,6,0.0001,0.0,0.0,4e-05
Tara Kala,6,0.0001,0.0,0.0,4e-05
Hemang Dada,6,0.0001,0.0,0.0,4e-05
Liam Solanki,6,0.0001,0.0,0.0,4e-05
Balveer Varghese,6,0.0001,0.0,0.0,4e-05
Girindra Korpal,6,0.0001,0.0,0.0,4e-05
Tripti Bawa,6,0.0001,0.0,0.0,4e-05
Dominic Grover,6,0.0001,0.0,0.0,4e-05
Udarsh Dua,6,0.0001,0.0,0.0,4e-05
Jonathan Ram,6,0.0001,0.0,0.0,4e-05
Waida Sehgal,6,0.0001,0.0,0.0,4e-05
Rishi Balan,6,0.0001,0.0,0.0,4e-05
Fariq Maharaj,6,0.0001,0.0,0.0,4e-05
Imaran Kunda,6,0.0001,0.0,0.0,4e-05
Balveer Soman,6,0.0001,0.0,0.0,4e-05
George Bhavsar,6,0.0001,0.0,0.0,4e-05
Ganga Bail,6,0.0001,0.0,0.0,4e-05
Girish Karan,6,0.0001,0.0,0.0,4e-05
Abhiram Krishna,6,0.0001,0.0,0.0,4e-05
Anirudh Devi,6,0.0001,0.0,0.0,4e-05
Unnati Hayre,7,0.0001,0.0,0.0,4e-05
Falguni Prabhu,6,0.0001,0.0,0.0,4e-05
Siddharth Setty,6,0.0001,0.0,0.0,4e-05
Ganga Mangal,6,0.0001,0.0,0.0,4e-05
Yatin Krishnan,6,0.0001,0.0,0.0,4e-05
Elijah Balakrishnan,6,0.0001,0.0,0.0,4e-05
Wriddhish D’Alia,6,0.0001,0.0,0.0,4e-05
Netra Shanker,6,0.0001,0.0,0.0,4e-05
Harini Gour,7,0.0001,0.0,0.0,4e-05
Krishna Srivastava,6,0.0001,0.0,0.0,4e-05
Lavanya Patla,6,0.0001,0.0,0.0,4e-05
Raghav Dalal,6,0.0001,0.0,0.0,4e-05
Brijesh Badami,6,0.0001,0.0,0.0,4e-05
Pallavi Kulkarni,6,0.0001,0.0,0.0,4e-05
Anusha Gupta,6,0.0001,0.0,0.0,4e-05
Darika Batra,6,0.0001,0.0,0.0,4e-05
Akshay Saxena,6,0.0001,0.0,0.0,4e-05
Yahvi Parsa,6,0.0001,0.0,0.0,4e-05
Kala Deol,6,0.0001,0.0,0.0,4e-05
Unni Ranganathan,6,0.0001,0.0,0.0,4e-05
Gunbir Koshy,6,0.0001,0.0,0.0,4e-05
Harish Sachar,6,0.0001,0.0,0.0,4e-05
Vyanjana Issac,6,0.0001,0.0,0.0,4e-05
Timothy Khatri,6,0.0001,0.0,0.0,4e-05
Ekantika Chandra,6,0.0001,0.0,0.0,4e-05
Udarsh Thakkar,6,0.0001,0.0,0.0,4e-05
Niharika Ghosh,6,0.0001,0.0,0.0,4e-05
Krisha Setty,6,0.0001,0.0,0.0,4e-05
Ekapad Mittal,6,0.0001,0.0,0.0,4e-05
Triveni Mannan,6,0.0001,0.0,0.0,4e-05
Tristan Thaman,6,0.0001,0.0,0.0,4e-05
Robert Nagy,6,0.0001,0.0,0.0,4e-05
Balvan Gandhi,6,0.0001,0.0,0.0,4e-05
Jasmit Mannan,6,0.0001,0.0,0.0,4e-05
Viraj Tara,6,0.0001,0.0,0.0,4e-05
Libni Singhal,6,0.0001,0.0,0.0,4e-05
Indali Gour,6,0.0001,0.0,0.0,4e-05
Azaan Pal,6,0.0001,0.0,0.0,4e-05
Jagat Date,6,0.0001,0.0,0.0,4e-05
Isaiah Merchant,6,0.0001,0.0,0.0,4e-05
Avi Barad,6,0.0001,0.0,0.0,4e-05
Amol Goel,6,0.0001,0.0,0.0,4e-05
Upkaar Doctor,6,0.0001,0.0,0.0,4e-05
Dipta Deep,6,0.0001,0.0,0.0,4e-05
Siya Comar,6,0.0001,0.0,0.0,4e-05
Yug Brar,6,0.0001,0.0,0.0,4e-05
Udant Gala,6,0.0001,0.0,0.0,4e-05
Harish Dara,7,0.0001,0.0,0.0,4e-05
Gautam Borde,6,0.0001,0.0,0.0,4e-05
Tanvi Kota,6,0.0001,0.0,0.0,4e-05
Aarav Korpal,6,0.0001,0.0,0.0,4e-05
Tripti Verma,6,0.0001,0.0,0.0,4e-05
Charan Bawa,6,0.0001,0.0,0.0,4e-05
Udyati Loke,6,0.0001,0.0,0.0,4e-05
Vritti Krishnan,6,0.0001,0.0,0.0,4e-05
Zaitra Sama,6,0.0001,0.0,0.0,4e-05
Anvi Bora,6,0.0001,0.0,0.0,4e-05
Maanav Pant,6,0.0001,0.0,0.0,4e-05
Oni Sagar,6,0.0001,0.0,0.0,4e-05
Vasana Dube,6,0.0001,0.0,0.0,4e-05
Neelima Natt,6,0.0001,0.0,0.0,4e-05
Forum Wason,7,0.0001,0.0,0.0,4e-05
Andrew Ravi,6,0.0001,0.0,0.0,4e-05
Chakradhar Chakraborty,6,0.0001,0.0,0.0,4e-05
Bimala Halder,6,0.0001,0.0,0.0,4e-05
Simon Tank,6,0.0001,0.0,0.0,4e-05
Raagini Kapoor,6,0.0001,0.0,0.0,4e-05
Maya Parmar,6,0.0001,0.0,0.0,4e-05
Warinder Koshy,6,0.0001,0.0,0.0,4e-05
Ekbal Sha,6,0.0001,0.0,0.0,4e-05
Gayathri Chacko,7,0.0001,0.0,0.0,4e-05
Hemang Rattan,6,0.0001,0.0,0.0,4e-05
Rehaan Bhasin,6,0.0001,0.0,0.0,4e-05
Frado Chandra,6,0.0001,0.0,0.0,4e-05
Zansi Vora,6,0.0001,0.0,0.0,4e-05
Faqid Chadha,6,0.0001,0.0,0.0,4e-05
Radha Kamdar,6,0.0001,0.0,0.0,4e-05
Shravya Sani,6,0.0001,0.0,0.0,4e-05
Imaran Batra,6,0.0001,0.0,0.0,4e-05
Ayush Bose,6,0.0001,0.0,0.0,4e-05
Divya Keer,6,0.0001,0.0,0.0,4e-05
Tanveer Mammen,6,0.0001,0.0,0.0,4e-05
Shaurya Soni,6,0.0001,0.0,0.0,4e-05
Nidra Vala,6,0.0001,0.0,0.0,4e-05
Peter Batra,6,0.0001,0.0,0.0,4e-05
Henry Prashad,6,0.0001,0.0,0.0,4e-05
Forum Iyer,6,0.0001,0.0,0.0,4e-05
Simon Sama,6,0.0001,0.0,0.0,4e-05
Unnati Bora,6,0.0001,0.0,0.0,4e-05
Darpan Trivedi,6,0.0001,0.0,0.0,4e-05
Nandini Sarin,7,0.0001,0.0,0.0,4e-05
Yochana Upadhyay,6,0.0001,0.0,0.0,4e-05
Krisha Peri,6,0.0001,0.0,0.0,4e-05
Yamini Buch,6,0.0001,0.0,0.0,4e-05
Janani Krishnamurthy,6,0.0001,0.0,0.0,4e-05
Siya Arora,6,0.0001,0.0,0.0,4e-05
Bimala Sodhi,6,0.0001,0.0,0.0,4e-05
Dev Gulati,6,0.0001,0.0,0.0,4e-05
Jasmit Char,6,0.0001,0.0,0.0,4e-05
Gautami Kibe,6,0.0001,0.0,0.0,4e-05
Januja Mammen,6,0.0001,0.0,0.0,4e-05
Nimrat Konda,6,0.0001,0.0,0.0,4e-05
Mohini Kara,6,0.0001,0.0,0.0,4e-05
Qadim Bumb,6,0.0001,0.0,0.0,4e-05
Bhanumati Biswas,6,0.0001,0.0,0.0,4e-05
Hemang Kulkarni,6,0.0001,0.0,0.0,4e-05
Tejas Mangat,6,0.0001,0.0,0.0,4e-05
Kevin Bahri,6,0.0001,0.0,0.0,4e-05
Qarin Bajaj,6,0.0001,0.0,0.0,4e-05
Rachita Bal,6,0.0001,0.0,0.0,4e-05
Advay Hayer,6,0.0001,0.0,0.0,4e-05
Joshua Gour,6,0.0001,0.0,0.0,4e-05
Balvan Bhattacharyya,6,0.0001,0.0,0.0,4e-05
Yutika Johal,6,0.0001,0.0,0.0,4e-05
Girish Krishnamurthy,6,0.0001,0.0,0.0,4e-05
Bakhshi Hora,6,0.0001,0.0,0.0,4e-05
Chakrika Divan,6,0.0001,0.0,0.0,4e-05
Janya Bakshi,6,0.0001,0.0,0.0,4e-05
Kiaan Magar,6,0.0001,0.0,0.0,4e-05
Yash Suresh,6,0.0001,0.0,0.0,4e-05
Harrison Parikh,6,0.0001,0.0,0.0,4e-05
Anita Virk,6,0.0001,0.0,0.0,4e-05
Jackson Madan,6,0.0001,0.0,0.0,4e-05
Qadim Oza,6,0.0001,0.0,0.0,4e-05
Girindra Varghese,6,0.0001,0.0,0.0,4e-05
Eesha Atwal,6,0.0001,0.0,0.0,4e-05
Osha Ganguly,6,0.0001,0.0,0.0,4e-05
Lekha Dhar,6,0.0001,0.0,0.0,4e-05
Nirja Iyer,6,0.0001,0.0,0.0,4e-05
Eiravati Choudhry,6,0.0001,0.0,0.0,4e-05
Chandran Agate,6,0.0001,0.0,0.0,4e-05
Aradhana Thakkar,6,0.0001,0.0,0.0,4e-05
Arya Nagar,6,0.0001,0.0,0.0,4e-05
Ikshita Bhat,6,0.0001,0.0,0.0,4e-05
Raagini Dalal,6,0.0001,0.0,0.0,4e-05
Yashvi Sastry,6,0.0001,0.0,0.0,4e-05
Pratyush Lad,7,0.0001,0.0,0.0,4e-05
Priya Chaudhary,6,0.0001,0.0,0.0,4e-05
Manbir Narayanan,6,0.0001,0.0,0.0,4e-05
Tanmayi Khanna,6,0.0001,0.0,0.0,4e-05
Zayan Goyal,6,0.0001,0.0,0.0,4e-05
Samarth Bajwa,6,0.0001,0.0,0.0,4e-05
Zarna Som,6,0.0001,0.0,0.0,4e-05
Aashi Shankar,7,0.0001,0.0,0.0,4e-05
Ikbal Krishnan,6,0.0001,0.0,0.0,4e-05
Wishi Varma,6,0.0001,0.0,0.0,4e-05
Edhitha Thaker,6,0.0001,0.0,0.0,4e-05
Xalak Dar,6,0.0001,0.0,0.0,4e-05
Arya Chopra,6,0.0001,0.0,0.0,4e-05
Keya Raj,6,0.0001,0.0,0.0,4e-05
Hema Johal,6,0.0001,0.0,0.0,4e-05
Varenya Saxena,6,0.0001,0.0,0.0,4e-05
Hema Ghose,6,0.0001,0.0,0.0,4e-05
Lopa Karnik,6,0.0001,0.0,0.0,4e-05
Ojas Pathak,6,0.0001,0.0,0.0,4e-05
Vansha Rajan,6,0.0001,0.0,0.0,4e-05
Triveni Kadakia,6,0.0001,0.0,0.0,4e-05
Mitesh Ghosh,6,0.0001,0.0,0.0,4e-05
Abhiram Choudhary,7,0.0001,0.0,0.0,4e-05
Rushil Hari,6,0.0001,0.0,0.0,4e-05
Fariq Sheth,6,0.0001,0.0,0.0,4e-05
Harita Kade,6,0.0001,0.0,0.0,4e-05
Arjun Guha,6,0.0001,0.0,0.0,4e-05
Gayathri Goda,6,0.0001,0.0,0.0,4e-05
Faqid Sankaran,6,0.0001,0.0,0.0,4e-05
Nidhi Gola,6,0.0001,0.0,0.0,4e-05
Adya Ramesh,6,0.0001,0.0,0.0,4e-05
Eta Dugar,6,0.0001,0.0,0.0,4e-05
Manan Modi,6,0.0001,0.0,0.0,4e-05
Jagat Kaul,6,0.0001,0.0,0.0,4e-05
Jai Dhawan,6,0.0001,0.0,0.0,4e-05
Gaurika Nanda,6,0.0001,0.0,0.0,4e-05
Mahika Rajan,6,0.0001,0.0,0.0,4e-05
Benjamin Gour,6,0.0001,0.0,0.0,4e-05
Liam Lall,6,0.0001,0.0,0.0,4e-05
Dalbir Lala,6,0.0001,0.0,0.0,4e-05
Alka Zacharia,6,0.0001,0.0,0.0,4e-05
Shaurya Thaker,6,0.0001,0.0,0.0,4e-05
Waida Prasad,6,0.0001,0.0,0.0,4e-05
Anjali Nath,6,0.0001,0.0,0.0,4e-05
Wishi Minhas,6,0.0001,0.0,0.0,4e-05
Balendra Choudhary,6,0.0001,0.0,0.0,4e-05
Chaitanya Puri,6,0.0001,0.0,0.0,4e-05
Tamanna Johal,6,0.0001,0.0,0.0,4e-05
Yoshita Dua,6,0.0001,0.0,0.0,4e-05
Saksham Dalal,6,0.0001,0.0,0.0,4e-05
Yoshita Vora,7,0.0001,0.0,0.0,4e-05
Januja Bhavsar,6,0.0001,0.0,0.0,4e-05
Vrishti Handa,6,0.0001,0.0,0.0,4e-05
Arjun Bhat,6,0.0001,0.0,0.0,4e-05
Urvashi Mander,6,0.0001,0.0,0.0,4e-05
Upma Shroff,6,0.0001,0.0,0.0,4e-05
Eshana Manda,6,0.0001,0.0,0.0,4e-05
Urishilla Pau,6,0.0001,0.0,0.0,4e-05
Rushil Sahni,6,0.0001,0.0,0.0,4e-05
Chatresh Bhargava,6,0.0001,0.0,0.0,4e-05
Gauri Peri,6,0.0001,0.0,0.0,4e-05
Amara Mital,7,0.0001,0.0,0.0,4e-05
Panini Loyal,6,0.0001,0.0,0.0,4e-05
Gautam More,7,0.0001,0.0,0.0,4e-05
Warhi Kashyap,6,0.0001,0.0,0.0,4e-05
Fitan Mani,6,0.0001,0.0,0.0,4e-05
Zaitra Agarwal,6,0.0001,0.0,0.0,4e-05
Ishanvi Hari,6,0.0001,0.0,0.0,4e-05
Faris Gokhale,6,0.0001,0.0,0.0,4e-05
Nidra Shan,6,0.0001,0.0,0.0,4e-05
Lipika Saxena,6,0.0001,0.0,0.0,4e-05
Shivansh Sura,6,0.0001,0.0,0.0,4e-05
Aachal Sem,6,0.0001,0.0,0.0,4e-05
Yahvi Varughese,6,0.0001,0.0,0.0,4e-05
Zayyan Devi,6,0.0001,0.0,0.0,4e-05
Bishakha Kadakia,6,0.0001,0.0,0.0,4e-05
Idika Kala,6,0.0001,0.0,0.0,4e-05
Praneel Basak,6,0.0001,0.0,0.0,4e-05
Jyoti Menon,6,0.0001,0.0,0.0,4e-05
Zilmil Hora,6,0.0001,0.0,0.0,4e-05
Advik Bhatt,6,0.0001,0.0,0.0,4e-05
Yashvi Saxena,6,0.0001,0.0,0.0,4e-05
William Chopra,6,0.0001,0.0,0.0,4e-05
Pooja Randhawa,6,0.0001,0.0,0.0,4e-05
Inaya Contractor,6,0.0001,0.0,0.0,4e-05
Jagdish Balasubramanian,6,0.0001,0.0,0.0,4e-05
Zayan Varghese,6,0.0001,0.0,0.0,4e-05
Oni Prakash,6,0.0001,0.0,0.0,4e-05
Lakshit Banik,6,0.0001,0.0,0.0,4e-05
Yahvi Desai,6,0.0001,0.0,0.0,4e-05
Isaac Sane,6,0.0001,0.0,0.0,4e-05
Falguni Mistry,6,0.0001,0.0,0.0,4e-05
Mohini Om,6,0.0001,0.0,0.0,4e-05
Kalpit Pandey,6,0.0001,0.0,0.0,4e-05
Caleb Khalsa,6,0.0001,0.0,0.0,4e-05
Ishwar Mody,6,0.0001,0.0,0.0,4e-05
Xalak Seshadri,6,0.0001,0.0,0.0,4e-05
Barkha Gola,6,0.0001,0.0,0.0,4e-05
Gaurav Bhargava,6,0.0001,0.0,0.0,4e-05
Yashasvi Varkey,7,0.0001,0.0,0.0,4e-05
Chanchal Master,6,0.0001,0.0,0.0,4e-05
Idika Hari,6,0.0001,0.0,0.0,4e-05
Rudra Nath,6,0.0001,0.0,0.0,4e-05
Anita Koshy,6,0.0001,0.0,0.0,4e-05
Chandani Chanda,6,0.0001,0.0,0.0,4e-05
Chatresh Prabhakar,6,0.0001,0.0,0.0,4e-05
Ranveer Sawhney,6,0.0001,0.0,0.0,4e-05
Kalpit Sen,6,0.0001,0.0,0.0,4e-05
Ekansh Narain,6,0.0001,0.0,0.0,4e-05
Oeshi Bhalla,6,0.0001,0.0,0.0,4e-05
Edhitha Soman,6,0.0001,0.0,0.0,4e-05
Gabriel Setty,6,0.0001,0.0,0.0,4e-05
Kiaan Pradhan,6,0.0001,0.0,0.0,4e-05
Adweta Dar,6,0.0001,0.0,0.0,4e-05
Radhika Madan,6,0.0001,0.0,0.0,4e-05
Rishi Deshpande,6,0.0001,0.0,0.0,4e-05
Nikita Pillay,6,0.0001,0.0,0.0,4e-05
Dayita Mane,6,0.0001,0.0,0.0,4e-05
Balveer Viswanathan,6,0.0001,0.0,0.0,4e-05
Jacob Deo,6,0.0001,0.0,0.0,4e-05
Harrison Balakrishnan,6,0.0001,0.0,0.0,4e-05
Ikbal Bahri,6,0.0001,0.0,0.0,4e-05
Bina Dey,6,0.0001,0.0,0.0,4e-05
Diya Dhingra,6,0.0001,0.0,0.0,4e-05
Yadavi Nazareth,6,0.0001,0.0,0.0,4e-05
Hema Dhar,6,0.0001,0.0,0.0,4e-05
Vasatika Varma,6,0.0001,0.0,0.0,4e-05
Banjeet Keer,6,0.0001,0.0,0.0,4e-05
Abha Acharya,6,0.0001,0.0,0.0,4e-05
Rachit Rastogi,6,0.0001,0.0,0.0,4e-05
Mitesh Oommen,6,0.0001,0.0,0.0,4e-05
Tara Chopra,6,0.0001,0.0,0.0,4e-05
Anya Nanda,6,0.0001,0.0,0.0,4e-05
Mitesh Sibal,6,0.0001,0.0,0.0,4e-05
Janaki Talwar,6,0.0001,0.0,0.0,4e-05
Shaurya Mitter,6,0.0001,0.0,0.0,4e-05
Jairaj Hayer,6,0.0001,0.0,0.0,4e-05
Advik Lalla,6,0.0001,0.0,0.0,4e-05
Gopal Chacko,6,0.0001,0.0,0.0,4e-05
Jagvi Amble,6,0.0001,0.0,0.0,4e-05
Kamala Venkatesh,6,0.0001,0.0,0.0,4e-05
Rohan Murty,6,0.0001,0.0,0.0,4e-05
Aadi Munshi,6,0.0001,0.0,0.0,4e-05
Adya Mani,6,0.0001,0.0,0.0,4e-05
Lohit Edwin,6,0.0001,0.0,0.0,4e-05
Kavya Murty,6,0.0001,0.0,0.0,4e-05
Ekapad Balay,6,0.0001,0.0,0.0,4e-05
Garima Modi,6,0.0001,0.0,0.0,4e-05
Sarthak Minhas,6,0.0001,0.0,0.0,4e-05
Nandini Bala,6,0.0001,0.0,0.0,4e-05
Wyatt Nanda,6,0.0001,0.0,0.0,4e-05
Vihaan Bhatnagar,7,0.0001,0.0,0.0,4e-05
Devansh Ramanathan,6,0.0001,0.0,0.0,4e-05
Kashvi Bahl,6,0.0001,0.0,0.0,4e-05
Manbir Sibal,7,0.0001,0.0,0.0,4e-05
Ishita Chaudhuri,6,0.0001,0.0,0.0,4e-05
Max Basu,6,0.0001,0.0,0.0,4e-05
Zarna Nori,6,0.0001,0.0,0.0,4e-05
Ganga Narayanan,6,0.0001,0.0,0.0,4e-05
Eiravati Bobal,6,0.0001,0.0,0.0,4e-05
Nitara Anand,6,0.0001,0.0,0.0,4e-05
Vrishti Sengupta,6,0.0001,0.0,0.0,4e-05
Pratyush Venkataraman,6,0.0001,0.0,0.0,4e-05
Chaitaly Dewan,6,0.0001,0.0,0.0,4e-05
Vamakshi Shankar,6,0.0001,0.0,0.0,4e-05
Kritika Bala,6,0.0001,0.0,0.0,4e-05
Leena Vasa,6,0.0001,0.0,0.0,4e-05
Hamsini Johal,7,0.0001,0.0,0.0,4e-05
Chakradhar De,6,0.0001,0.0,0.0,4e-05
Dominic Reddy,6,0.0001,0.0,0.0,4e-05
Farhan Minhas,6,0.0001,0.0,0.0,4e-05
Upkaar Mallick,6,0.0001,0.0,0.0,4e-05
Anjali Yogi,6,0.0001,0.0,0.0,4e-05
Aditya Loke,6,0.0001,0.0,0.0,4e-05
Chaaya Sengupta,6,0.0001,0.0,0.0,4e-05
Omkaar Rege,6,0.0001,0.0,0.0,4e-05
Arin Nadig,6,0.0001,0.0,0.0,4e-05
Jatin Pai,6,0.0001,0.0,0.0,4e-05
Gayathri Chahal,6,0.0001,0.0,0.0,4e-05
Pranav Parmar,6,0.0001,0.0,0.0,4e-05
Rayaan Mannan,6,0.0001,0.0,0.0,4e-05
Kevin Rastogi,6,0.0001,0.0,0.0,4e-05
Urvashi Mutti,6,0.0001,0.0,0.0,4e-05
Ridhi Vasa,6,0.0001,0.0,0.0,4e-05
Faris Chaudhari,6,0.0001,0.0,0.0,4e-05
Wishi Gokhale,6,0.0001,0.0,0.0,4e-05
Yashasvi Rastogi,6,0.0001,0.0,0.0,4e-05
Bahadurjit Rao,6,0.0001,0.0,0.0,4e-05
Kamala Pall,6,0.0001,0.0,0.0,4e-05
Pooja Vig,6,0.0001,0.0,0.0,4e-05
Michael Shetty,6,0.0001,0.0,0.0,4e-05
Matthew Sami,6,0.0001,0.0,0.0,4e-05
Pratyush Luthra,6,0.0001,0.0,0.0,4e-05
Jatin Varma,6,0.0001,0.0,0.0,4e-05
Nikita Bera,6,0.0001,0.0,0.0,4e-05
Tanmayi Apte,6,0.0001,0.0,0.0,4e-05
Upasna Wason,6,0.0001,0.0,0.0,4e-05
Nihal Bahl,6,0.0001,0.0,0.0,4e-05
Lakshmi Tata,6,0.0001,0.0,0.0,4e-05
Rachana Grewal,6,0.0001,0.0,0.0,4e-05
Vrishti Butala,6,0.0001,0.0,0.0,4e-05
Shivansh Kakar,6,0.0001,0.0,0.0,4e-05
Jeevika Golla,6,0.0001,0.0,0.0,4e-05
Saumya Thakur,6,0.0001,0.0,0.0,4e-05
Udant Kannan,6,0.0001,0.0,0.0,4e-05
Timothy Kaul,6,0.0001,0.0,0.0,4e-05
Kamala Comar,6,0.0001,0.0,0.0,4e-05
Siddharth Sant,6,0.0001,0.0,0.0,4e-05
Yashvi Mallick,6,0.0001,0.0,0.0,4e-05
Urvashi Swamy,6,0.0001,0.0,0.0,4e-05
Amol Mahajan,6,0.0001,0.0,0.0,4e-05
Mitali Bhasin,6,0.0001,0.0,0.0,4e-05
Jeet Khurana,6,0.0001,0.0,0.0,4e-05
Kabir Padmanabhan,6,0.0001,0.0,0.0,4e-05
Lohit Varty,6,0.0001,0.0,0.0,4e-05
Jhalak Yohannan,6,0.0001,0.0,0.0,4e-05
Jatin Barad,6,0.0001,0.0,0.0,4e-05
Amara Nagy,6,0.0001,0.0,0.0,4e-05
Vivaan Reddy,6,0.0001,0.0,0.0,4e-05
Peter Behl,6,0.0001,0.0,0.0,4e-05
Yasti Bala,6,0.0001,0.0,0.0,4e-05
Nisha Thakur,6,0.0001,0.0,0.0,4e-05
Christopher Lad,6,0.0001,0.0,0.0,4e-05
Aditya Loyal,6,0.0001,0.0,0.0,4e-05
Praneel Parikh,6,0.0001,0.0,0.0,4e-05
Ekta Tank,6,0.0001,0.0,0.0,4e-05
Jonathan Bahl,6,0.0001,0.0,0.0,4e-05
Jonathan Grover,6,0.0001,0.0,0.0,4e-05
Sudiksha Dash,7,0.0001,0.0,0.0,4e-05
Neha Gara,6,0.0001,0.0,0.0,4e-05
Eshana Buch,6,0.0001,0.0,0.0,4e-05
Yatin Mannan,6,0.0001,0.0,0.0,4e-05
Gabriel Sethi,6,0.0001,0.0,0.0,4e-05
Zayyan Saini,6,0.0001,0.0,0.0,4e-05
Madhav Vasa,6,0.0001,0.0,0.0,4e-05
Niharika Sheth,6,0.0001,0.0,0.0,4e-05
Hredhaan Nayar,6,0.0001,0.0,0.0,4e-05
Vihaan Nayar,6,0.0001,0.0,0.0,4e-05
Saksham Sekhon,6,0.0001,0.0,0.0,4e-05
Zilmil Patel,6,0.0001,0.0,0.0,4e-05
Naveen Morar,6,0.0001,0.0,0.0,4e-05
Zaitra Gola,6,0.0001,0.0,0.0,4e-05
Manthan Bains,6,0.0001,0.0,0.0,4e-05
Quincy Ramaswamy,6,0.0001,0.0,0.0,4e-05
Bhavika Dara,6,0.0001,0.0,0.0,4e-05
Damyanti Bahl,6,0.0001,0.0,0.0,4e-05
Balveer Rastogi,6,0.0001,0.0,0.0,4e-05
Edhitha Choudhry,6,0.0001,0.0,0.0,4e-05
Harini Ghosh,6,0.0001,0.0,0.0,4e-05
Ojas Goda,6,0.0001,0.0,0.0,4e-05
Krisha Wable,6,0.0001,0.0,0.0,4e-05
Triveni Suri,6,0.0001,0.0,0.0,4e-05
Amol Lall,6,0.0001,0.0,0.0,4e-05
Naksh Raja,6,0.0001,0.0,0.0,4e-05
Upma Sarin,6,0.0001,0.0,0.0,4e-05
Kashish Chatterjee,6,0.0001,0.0,0.0,4e-05
Dalaja Chauhan,6,0.0001,0.0,0.0,4e-05
Yachana Bala,6,0.0001,0.0,0.0,4e-05
Zehaan Sule,6,0.0001,0.0,0.0,4e-05
Raagini Rai,6,0.0001,0.0,0.0,4e-05
Alexander Krishnan,6,0.0001,0.0,0.0,4e-05
Vritti Raj,6,0.0001,0.0,0.0,4e-05
Yochana Karan,6,0.0001,0.0,0.0,4e-05
Avni Ben,6,0.0001,0.0,0.0,4e-05
Ria Agarwal,6,0.0001,0.0,0.0,4e-05
Sachi Srinivasan,6,0.0001,0.0,0.0,4e-05
Om Jani,6,0.0001,0.0,0.0,4e-05
Dipta Ravel,6,0.0001,0.0,0.0,4e-05
Mohini Bedi,6,0.0001,0.0,0.0,4e-05
Yamini Jhaveri,6,0.0001,0.0,0.0,4e-05
Matthew Vasa,6,0.0001,0.0,0.0,4e-05
Jasmit Aggarwal,6,0.0001,0.0,0.0,4e-05
Harsh Samra,6,0.0001,0.0,0.0,4e-05
Deepa Dubey,6,0.0001,0.0,0.0,4e-05
Omisha Mani,7,0.0001,0.0,0.0,4e-05
Udant Bansal,6,0.0001,0.0,0.0,4e-05
Tanish Pai,6,0.0001,0.0,0.0,4e-05
Andrew Pall,6,0.0001,0.0,0.0,4e-05
Lopa Sankar,6,0.0001,0.0,0.0,4e-05
Tejas Wagle,7,0.0001,0.0,0.0,4e-05
Ekani Sarna,6,0.0001,0.0,0.0,4e-05
Daksh Mangal,6,0.0001,0.0,0.0,4e-05
Thomas Kant,6,0.0001,0.0,0.0,4e-05
Brinda Badami,6,0.0001,0.0,0.0,4e-05
Chandran Sarraf,6,0.0001,0.0,0.0,4e-05
Arunima Sen,6,0.0001,0.0,0.0,4e-05
Aahana Cherian,6,0.0001,0.0,0.0,4e-05
Sai Zacharia,6,0.0001,0.0,0.0,4e-05
Chatresh Date,6,0.0001,0.0,0.0,4e-05
Vincent Thakur,6,0.0001,0.0,0.0,4e-05
Zansi Deshpande,6,0.0001,0.0,0.0,4e-05
Alexander Joshi,6,0.0001,0.0,0.0,4e-05
Luke Mukhopadhyay,6,0.0001,0.0,0.0,4e-05
Aashi Vaidya,6,0.0001,0.0,0.0,4e-05
Isaac Sen,6,0.0001,0.0,0.0,4e-05
Daksh Balan,6,0.0001,0.0,0.0,4e-05
Meghana Borra,6,0.0001,0.0,0.0,4e-05
Vivaan Singhal,6,0.0001,0.0,0.0,4e-05
Jagat Anne,6,0.0001,0.0,0.0,4e-05
Faraj Grover,6,0.0001,0.0,0.0,4e-05
Dominic Sidhu,6,0.0001,0.0,0.0,4e-05
Samarth Chaudhary,6,0.0001,0.0,0.0,4e-05
Nihal Sangha,6,0.0001,0.0,0.0,4e-05
Rajeshri Jani,6,0.0001,0.0,0.0,4e-05
Sathvik Bala,6,0.0001,0.0,0.0,4e-05
Bhanumati Trivedi,6,0.0001,0.0,0.0,4e-05
Saksham Ravi,6,0.0001,0.0,0.0,4e-05
Omaja Dixit,6,0.0001,0.0,0.0,4e-05
Amaira Devan,6,0.0001,0.0,0.0,4e-05
Bimala Sethi,7,0.0001,0.0,0.0,4e-05
Ishwar Bajaj,6,0.0001,0.0,0.0,4e-05
Zayyan Bajaj,6,0.0001,0.0,0.0,4e-05
Kabir Patil,6,0.0001,0.0,0.0,4e-05
Yug Panchal,6,0.0001,0.0,0.0,4e-05
Theodore Pall,6,0.0001,0.0,0.0,4e-05
Sai Ramachandran,7,0.0001,0.0,0.0,4e-05
Harsh Kurian,6,0.0001,0.0,0.0,4e-05
Aarini Karnik,6,0.0001,0.0,0.0,4e-05
Nisha Ahuja,6,0.0001,0.0,0.0,4e-05
Zaitra Naik,6,0.0001,0.0,0.0,4e-05
Maanav Sharaf,6,0.0001,0.0,0.0,4e-05
Ishwar Suresh,6,0.0001,0.0,0.0,4e-05
Urvi Mandal,6,0.0001,0.0,0.0,4e-05
Unnati Khalsa,6,0.0001,0.0,0.0,4e-05
Dalaja Ravi,6,0.0001,0.0,0.0,4e-05
Bhavna Sampath,6,0.0001,0.0,0.0,4e-05
Qabil Mallick,6,0.0001,0.0,0.0,4e-05
Qabil Sama,6,0.0001,0.0,0.0,4e-05
Nirja Dhar,7,0.0001,0.0,0.0,4e-05
Gaurika Sangha,6,0.0001,0.0,0.0,4e-05
Bhavya Sunder,6,0.0001,0.0,0.0,4e-05
Darika Tella,6,0.0001,0.0,0.0,4e-05
Xavier Ranganathan,6,0.0001,0.0,0.0,4e-05
Ojasvi Handa,6,0.0001,0.0,0.0,4e-05
Kritika Roy,6,0.0001,0.0,0.0,4e-05
Daksh Mahal,6,0.0001,0.0,0.0,4e-05
Vihaan Nagar,6,0.0001,0.0,0.0,4e-05
Maanav Chhabra,7,0.0001,0.0,0.0,4e-05
Chandran Thaker,6,0.0001,0.0,0.0,4e-05
Bishakha Puri,6,0.0001,0.0,0.0,4e-05
Osha Sahni,6,0.0001,0.0,0.0,4e-05
Andrew Halder,6,0.0001,0.0,0.0,4e-05
Mitesh Krishnan,7,0.0001,0.0,0.0,4e-05
Darika Jaggi,6,0.0001,0.0,0.0,4e-05
Caleb Mani,6,0.0001,0.0,0.0,4e-05
Nitesh Wason,6,0.0001,0.0,0.0,4e-05
Girik Gulati,6,0.0001,0.0,0.0,4e-05
Qarin Dubey,6,0.0001,0.0,0.0,4e-05
Falak Bhat,6,0.0001,0.0,0.0,4e-05
Bahadurjit Shenoy,6,0.0001,0.0,0.0,4e-05
Amara Devan,6,0.0001,0.0,0.0,4e-05
Fitan Raghavan,6,0.0001,0.0,0.0,4e-05
Janani Ranganathan,6,0.0001,0.0,0.0,4e-05
Ekantika Karpe,6,0.0001,0.0,0.0,4e-05
Anmol Khalsa,6,0.0001,0.0,0.0,4e-05
Yatin Bhandari,6,0.0001,0.0,0.0,4e-05
Vasudha Vig,6,0.0001,0.0,0.0,4e-05
Sudiksha Tandon,6,0.0001,0.0,0.0,4e-05
Bhanumati Bal,6,0.0001,0.0,0.0,4e-05
Aarush Kalla,6,0.0001,0.0,0.0,4e-05
Dhriti Rau,6,0.0001,0.0,0.0,4e-05
Deepa Gola,6,0.0001,0.0,0.0,4e-05
Lila Sachdev,6,0.0001,0.0,0.0,4e-05
Champak Varughese,6,0.0001,0.0,0.0,4e-05
Eesha Loke,6,0.0001,0.0,0.0,4e-05
Jackson Karan,7,0.0001,0.0,0.0,4e-05
Yochana Garde,6,0.0001,0.0,0.0,4e-05
Anvi Johal,6,0.0001,0.0,0.0,4e-05
Oni Chopra,6,0.0001,0.0,0.0,4e-05
Lila Cherian,6,0.0001,0.0,0.0,4e-05
Aryan Dara,6,0.0001,0.0,0.0,4e-05
Raksha Chawla,6,0.0001,0.0,0.0,4e-05
Patrick Dasgupta,6,0.0001,0.0,0.0,4e-05
Sudiksha Kuruvilla,6,0.0001,0.0,0.0,4e-05
William Randhawa,6,0.0001,0.0,0.0,4e-05
Nisha Iyengar,6,0.0001,0.0,0.0,4e-05
Indrajit Madan,6,0.0001,0.0,0.0,4e-05
Brinda Choudhury,6,0.0001,0.0,0.0,4e-05
Rishi Raghavan,6,0.0001,0.0,0.0,4e-05
Yashoda Lalla,6,0.0001,0.0,0.0,4e-05
Champak Mohanty,6,0.0001,0.0,0.0,4e-05
Frado Mital,6,0.0001,0.0,0.0,4e-05
Bachittar Kamdar,6,0.0001,0.0,0.0,4e-05
Harish Som,7,0.0001,0.0,0.0,4e-05
Samaksh Ravel,6,0.0001,0.0,0.0,4e-05
Tripti Modi,6,0.0001,0.0,0.0,4e-05
Siddharth Thaman,6,0.0001,0.0,0.0,4e-05
Aayush Lall,6,0.0001,0.0,0.0,4e-05
Hredhaan Narang,6,0.0001,0.0,0.0,4e-05
Qasim Karan,6,0.0001,0.0,0.0,4e-05
Upma Dave,6,0.0001,0.0,0.0,4e-05
Waida Saxena,7,0.0001,0.0,0.0,4e-05
David Dewan,6,0.0001,0.0,0.0,4e-05
Oviya Thaker,6,0.0001,0.0,0.0,4e-05
Pushti Tailor,6,0.0001,0.0,0.0,4e-05
Gautam Jha,6,0.0001,0.0,0.0,4e-05
Ekani Deshmukh,6,0.0001,0.0,0.0,4e-05
Jonathan Keer,6,0.0001,0.0,0.0,4e-05
Champak Prabhu,6,0.0001,0.0,0.0,4e-05
Zaitra Bajwa,6,0.0001,0.0,0.0,4e-05
Anamika Sinha,6,0.0001,0.0,0.0,4e-05
Dipta Trivedi,6,0.0001,0.0,0.0,4e-05
Bakhshi Mukhopadhyay,6,0.0001,0.0,0.0,4e-05
Lavanya Swamy,7,0.0001,0.0,0.0,4e-05
Omkaar Salvi,6,0.0001,0.0,0.0,4e-05
Siya Raju,6,0.0001,0.0,0.0,4e-05
Jason Badal,6,0.0001,0.0,0.0,4e-05
Dominic Tripathi,6,0.0001,0.0,0.0,4e-05
Benjamin Pant,6,0.0001,0.0,0.0,4e-05
Janaki Karan,6,0.0001,0.0,0.0,4e-05
Arya Bumb,6,0.0001,0.0,0.0,4e-05
Wazir Sinha,6,0.0001,0.0,0.0,4e-05
Lavanya Chacko,7,0.0001,0.0,0.0,4e-05
Triya Gole,6,0.0001,0.0,0.0,4e-05
Bhavini Bansal,6,0.0001,0.0,0.0,4e-05
Bhanumati Chopra,6,0.0001,0.0,0.0,4e-05
Edhitha Arora,6,0.0001,0.0,0.0,4e-05
Xalak Chander,6,0.0001,0.0,0.0,4e-05
Daniel Nagy,6,0.0001,0.0,0.0,4e-05
Ekani Rajan,6,0.0001,0.0,0.0,4e-05
Rudra Aggarwal,6,0.0001,0.0,0.0,4e-05
Laksh Tiwari,6,0.0001,0.0,0.0,4e-05
Ikbal Pai,6,0.0001,0.0,0.0,4e-05
Atharv Bandi,7,0.0001,0.0,0.0,4e-05
Maya Borra,6,0.0001,0.0,0.0,4e-05
Balveer Oza,6,0.0001,0.0,0.0,4e-05
Neelima Nayar,6,0.0001,0.0,0.0,4e-05
Balhaar Vohra,6,0.0001,0.0,0.0,4e-05
Ubika Ramaswamy,7,0.0001,0.0,0.0,4e-05
Gaurika Morar,7,0.0001,0.0,0.0,4e-05
Tara Karnik,6,0.0001,0.0,0.0,4e-05
Balendra Reddy,6,0.0001,0.0,0.0,4e-05
Ekavir Rana,7,0.0001,0.0,0.0,4e-05
Ladli Hans,6,0.0001,0.0,0.0,4e-05
Chaaya Jhaveri,6,0.0001,0.0,0.0,4e-05
Raagini Das,6,0.0001,0.0,0.0,4e-05
Neha Halder,6,0.0001,0.0,0.0,4e-05
Ethan Boase,7,0.0001,0.0,0.0,4e-05
Sathvik Loyal,6,0.0001,0.0,0.0,4e-05
Mahika Narayan,6,0.0001,0.0,0.0,4e-05
Pranav Raj,6,0.0001,0.0,0.0,4e-05
Zinal Kapur,6,0.0001,0.0,0.0,4e-05
Qadim Bora,6,0.0001,0.0,0.0,4e-05
Max Gera,6,0.0001,0.0,0.0,4e-05
David Biswas,6,0.0001,0.0,0.0,4e-05
Arjun Baria,6,0.0001,0.0,0.0,4e-05
Bhavna Walla,6,0.0001,0.0,0.0,4e-05
Oscar Dhingra,6,0.0001,0.0,0.0,4e-05
Udant Hayre,6,0.0001,0.0,0.0,4e-05
Hitesh Dutta,7,0.0001,0.0,0.0,4e-05
Upma Padmanabhan,6,0.0001,0.0,0.0,4e-05
Keya Khatri,6,0.0001,0.0,0.0,4e-05
Matthew Dalal,6,0.0001,0.0,0.0,4e-05
Udant Prabhakar,6,0.0001,0.0,0.0,4e-05
Siya Dube,6,0.0001,0.0,0.0,4e-05
Viraj Uppal,6,0.0001,0.0,0.0,4e-05
Udyati Jani,6,0.0001,0.0,0.0,4e-05
Lekha Mallick,6,0.0001,0.0,0.0,4e-05
Bahadurjit Chaudry,6,0.0001,0.0,0.0,4e-05
Charvi Sabharwal,6,0.0001,0.0,0.0,4e-05
Mason Thakkar,6,0.0001,0.0,0.0,4e-05
Kashish Rama,6,0.0001,0.0,0.0,4e-05
Radha Dara,6,0.0001,0.0,0.0,4e-05
Mugdha Prabhu,7,0.0001,0.0,0.0,4e-05
Ranbir Pandya,6,0.0001,0.0,0.0,4e-05
Kashvi Dutta,6,0.0001,0.0,0.0,4e-05
Meghana Shere,6,0.0001,0.0,0.0,4e-05
Jason Rout,6,0.0001,0.0,0.0,4e-05
Yashasvi Hari,6,0.0001,0.0,0.0,4e-05
Veda Roy,6,0.0001,0.0,0.0,4e-05
Bishakha Mannan,6,0.0001,0.0,0.0,4e-05
Liam Randhawa,6,0.0001,0.0,0.0,4e-05
Anvi Walia,6,0.0001,0.0,0.0,4e-05
Raghav Mammen,6,0.0001,0.0,0.0,4e-05
Gaurangi Varty,6,0.0001,0.0,0.0,4e-05
Forum Pall,6,0.0001,0.0,0.0,4e-05
Isaac Samra,6,0.0001,0.0,0.0,4e-05
Mason Sen,6,0.0001,0.0,0.0,4e-05
Advaith Shukla,6,0.0001,0.0,0.0,4e-05
Lila Sridhar,6,0.0001,0.0,0.0,4e-05
Benjamin Kulkarni,6,0.0001,0.0,0.0,4e-05
Tanish Virk,6,0.0001,0.0,0.0,4e-05
Max Vaidya,6,0.0001,0.0,0.0,4e-05
Yug Varma,6,0.0001,0.0,0.0,4e-05
Balveer Dash,6,0.0001,0.0,0.0,4e-05
Advik Wali,6,0.0001,0.0,0.0,4e-05
Gautam Chad,6,0.0001,0.0,0.0,4e-05
Krishna Ramesh,6,0.0001,0.0,0.0,4e-05
Hitesh Chaudhry,7,0.0001,0.0,0.0,4e-05
Tanay Sura,6,0.0001,0.0,0.0,4e-05
Charles Baria,6,0.0001,0.0,0.0,4e-05
Faraj Sagar,6,0.0001,0.0,0.0,4e-05
Anthony Pillai,6,0.0001,0.0,0.0,4e-05
Patrick Srinivas,6,0.0001,0.0,0.0,4e-05
Urvi Ratti,6,0.0001,0.0,0.0,4e-05
Harish Wadhwa,6,0.0001,0.0,0.0,4e-05
Chakrika Pau,6,0.0001,0.0,0.0,4e-05
Megha Sarin,7,0.0001,0.0,0.0,4e-05
Azad Brar,6,0.0001,0.0,0.0,4e-05
Xalak Wable,6,0.0001,0.0,0.0,4e-05
Indira Mander,6,0.0001,0.0,0.0,4e-05
Nathaniel Varkey,6,0.0001,0.0,0.0,4e-05
Aayush Pathak,6,0.0001,0.0,0.0,4e-05
Lucky Pillay,6,0.0001,0.0,0.0,4e-05
Advik Choudhary,6,0.0001,0.0,0.0,4e-05
Abhimanyu Lad,6,0.0001,0.0,0.0,4e-05
Hema Dass,6,0.0001,0.0,0.0,4e-05
Udant Bakshi,6,0.0001,0.0,0.0,4e-05
Hema Samra,7,0.0001,0.0,0.0,4e-05
Reyansh Rai,6,0.0001,0.0,0.0,4e-05
Lakshmi Kala,6,0.0001,0.0,0.0,4e-05
Ishanvi Dora,6,0.0001,0.0,0.0,4e-05
Ekanta Nagarajan,6,0.0001,0.0,0.0,4e-05
Banjeet Cherian,6,0.0001,0.0,0.0,4e-05
Harish Keer,6,0.0001,0.0,0.0,4e-05
Chakrika Sachar,6,0.0001,0.0,0.0,4e-05
Peter Bhakta,6,0.0001,0.0,0.0,4e-05
Brinda Prabhu,7,0.0001,0.0,0.0,4e-05
Naksh Pathak,6,0.0001,0.0,0.0,4e-05
Kevin Narula,6,0.0001,0.0,0.0,4e-05
Ethan Choudhury,6,0.0001,0.0,0.0,4e-05
Chandresh Sehgal,6,0.0001,0.0,0.0,4e-05
Idika Ram,6,0.0001,0.0,0.0,4e-05
Frado Magar,6,0.0001,0.0,0.0,4e-05
Girik Om,6,0.0001,0.0,0.0,4e-05
Nachiket Mital,6,0.0001,0.0,0.0,4e-05
Leela Gopal,7,0.0001,0.0,0.0,4e-05
Nicholas Varma,6,0.0001,0.0,0.0,4e-05
Avi Jayaraman,6,0.0001,0.0,0.0,4e-05
Vrinda Yohannan,6,0.0001,0.0,0.0,4e-05
Christopher Saraf,6,0.0001,0.0,0.0,4e-05
Vasatika Parekh,7,0.0001,0.0,0.0,4e-05
Yug Sheth,6,0.0001,0.0,0.0,4e-05
Farhan Rattan,6,0.0001,0.0,0.0,4e-05
Saanvi Pal,6,0.0001,0.0,0.0,4e-05
Lila Talwar,6,0.0001,0.0,0.0,4e-05
Ishwar Dada,6,0.0001,0.0,0.0,4e-05
Aadi Bumb,6,0.0001,0.0,0.0,4e-05
Ayush Choudhury,6,0.0001,0.0,0.0,4e-05
Krisha Bhatti,6,0.0001,0.0,0.0,4e-05
Ishita Bobal,6,0.0001,0.0,0.0,4e-05
Manbir Dixit,6,0.0001,0.0,0.0,4e-05
Neha Sankar,6,0.0001,0.0,0.0,4e-05
Shravya Rao,6,0.0001,0.0,0.0,4e-05
Ria Nath,6,0.0001,0.0,0.0,4e-05
Chakradhar Vora,6,0.0001,0.0,0.0,4e-05
Vamakshi Manda,6,0.0001,0.0,0.0,4e-05
Azad Dua,6,0.0001,0.0,0.0,4e-05
Udant Jain,6,0.0001,0.0,0.0,4e-05
David Trivedi,6,0.0001,0.0,0.0,4e-05
Aradhana Bumb,6,0.0001,0.0,0.0,4e-05
Zehaan Andra,6,0.0001,0.0,0.0,4e-05
Yochana Lalla,6,0.0001,0.0,0.0,4e-05
Arin Talwar,6,0.0001,0.0,0.0,4e-05
Vincent Narain,6,0.0001,0.0,0.0,4e-05
Pooja Kalla,6,0.0001,0.0,0.0,4e-05
Raghav Lata,6,0.0001,0.0,0.0,4e-05
Om Nori,6,0.0001,0.0,0.0,4e-05
Darpan Ben,6,0.0001,0.0,0.0,4e-05
Hardik Date,6,0.0001,0.0,0.0,4e-05
Wyatt Divan,6,0.0001,0.0,0.0,4e-05
Laban Gade,6,0.0001,0.0,0.0,4e-05
Mekhala Patla,7,0.0001,0.0,0.0,4e-05
Ishaan Munshi,6,0.0001,0.0,0.0,4e-05
Fariq Lal,6,0.0001,0.0,0.0,4e-05
Niharika Uppal,6,0.0001,0.0,0.0,4e-05
Patrick Raman,6,0.0001,0.0,0.0,4e-05
Ayush Kashyap,6,0.0001,0.0,0.0,4e-05
Gaurangi Menon,6,0.0001,0.0,0.0,4e-05
Nidra Issac,6,0.0001,0.0,0.0,4e-05
Harish Setty,6,0.0001,0.0,0.0,4e-05
Gavin Kunda,6,0.0001,0.0,0.0,4e-05
Charan Bhasin,6,0.0001,0.0,0.0,4e-05
Leena Vig,6,0.0001,0.0,0.0,4e-05
Agastya Tata,7,0.0001,0.0,0.0,4e-05
Finn Wason,6,0.0001,0.0,0.0,4e-05
Nachiket Doshi,6,0.0001,0.0,0.0,4e-05
Wriddhish Varma,6,0.0001,0.0,0.0,4e-05
Naveen Shroff,6,0.0001,0.0,0.0,4e-05
Akshay Sami,6,0.0001,0.0,0.0,4e-05
Ganga Suresh,6,0.0001,0.0,0.0,4e-05
Pahal Deshpande,6,0.0001,0.0,0.0,4e-05
Omisha Vora,6,0.0001,0.0,0.0,4e-05
Aishani Date,6,0.0001,0.0,0.0,4e-05
Yashasvi Grover,6,0.0001,0.0,0.0,4e-05
Sai Ram,6,0.0001,0.0,0.0,4e-05
Ishani Venkatesh,6,0.0001,0.0,0.0,4e-05
Fariq Tata,6,0.0001,0.0,0.0,4e-05
Yatin Cheema,7,0.0001,0.0,0.0,4e-05
Jackson Solanki,6,0.0001,0.0,0.0,4e-05
Gauri Jhaveri,6,0.0001,0.0,0.0,4e-05
Damini Mittal,6,0.0001,0.0,0.0,4e-05
Amrita Kalla,6,0.0001,0.0,0.0,4e-05
Gagan Bhasin,6,0.0001,0.0,0.0,4e-05
Yash Ahluwalia,6,0.0001,0.0,0.0,4e-05
Advika Shah,6,0.0001,0.0,0.0,4e-05
Waida Acharya,6,0.0001,0.0,0.0,4e-05
Eiravati Mishra,6,0.0001,0.0,0.0,4e-05
Aahana Joshi,6,0.0001,0.0,0.0,4e-05
Anirudh Rout,6,0.0001,0.0,0.0,4e-05
Harshil Gole,6,0.0001,0.0,0.0,4e-05
Zehaan Mand,7,0.0001,0.0,0.0,4e-05
Jagvi Korpal,6,0.0001,0.0,0.0,4e-05
Aryan Patla,6,0.0001,0.0,0.0,4e-05
Sanya Kannan,6,0.0001,0.0,0.0,4e-05
Ekbal Rattan,6,0.0001,0.0,0.0,4e-05
Alka Kohli,6,0.0001,0.0,0.0,4e-05
Abdul Verma,6,0.0001,0.0,0.0,4e-05
Pavani Sridhar,7,0.0001,0.0,0.0,4e-05
Leela Kamdar,6,0.0001,0.0,0.0,4e-05
Chatura Acharya,6,0.0001,0.0,0.0,4e-05
Rachita Hora,6,0.0001,0.0,0.0,4e-05
Ekapad Jani,6,0.0001,0.0,0.0,4e-05
Falan Rama,6,0.0001,0.0,0.0,4e-05
Anusha Vyas,6,0.0001,0.0,0.0,4e-05
Qushi Yogi,6,0.0001,0.0,0.0,4e-05
Devansh Zachariah,6,0.0001,0.0,0.0,4e-05
Ishita Varughese,6,0.0001,0.0,0.0,4e-05
Mekhala Raman,6,0.0001,0.0,0.0,4e-05
Panini Batra,6,0.0001,0.0,0.0,4e-05
Mason Bakshi,6,0.0001,0.0,0.0,4e-05
Dayita Banerjee,6,0.0001,0.0,0.0,4e-05
Oeshi Sodhi,6,0.0001,0.0,0.0,4e-05
Panini Bhasin,6,0.0001,0.0,0.0,4e-05
Nitesh Chander,6,0.0001,0.0,0.0,4e-05
Brijesh Kulkarni,6,0.0001,0.0,0.0,4e-05
Luke Jhaveri,6,0.0001,0.0,0.0,4e-05
Vansha Karan,6,0.0001,0.0,0.0,4e-05
Dev Karpe,6,0.0001,0.0,0.0,4e-05
Charita Banerjee,6,0.0001,0.0,0.0,4e-05
Ekanta Biswas,6,0.0001,0.0,0.0,4e-05
Joshua Swamy,6,0.0001,0.0,0.0,4e-05
Abha Grewal,6,0.0001,0.0,0.0,4e-05
Faras Khanna,6,0.0001,0.0,0.0,4e-05
Pranit Dugar,6,0.0001,0.0,0.0,4e-05
Udant Cheema,6,0.0001,0.0,0.0,4e-05
Dalaja Minhas,6,0.0001,0.0,0.0,4e-05
Tripti Batra,6,0.0001,0.0,0.0,4e-05
Vedika Samra,6,0.0001,0.0,0.0,4e-05
Yashvi Muni,6,0.0001,0.0,0.0,4e-05
Deepa Dugar,6,0.0001,0.0,0.0,4e-05
Isaac Kumar,6,0.0001,0.0,0.0,4e-05
Yashodhara Ramachandran,6,0.0001,0.0,0.0,4e-05
Pranit Morar,6,0.0001,0.0,0.0,4e-05
Gopal Jaggi,6,0.0001,0.0,0.0,4e-05
Bhanumati Kata,6,0.0001,0.0,0.0,4e-05
Omkaar Raghavan,6,0.0001,0.0,0.0,4e-05
Hemal Verma,6,0.0001,0.0,0.0,4e-05
Bakhshi Batta,6,0.0001,0.0,0.0,4e-05
Hamsini Bhakta,6,0.0001,0.0,0.0,4e-05
Gagan Hayer,6,0.0001,0.0,0.0,4e-05
Kashvi Divan,6,0.0001,0.0,0.0,4e-05
Warhi Butala,6,0.0001,0.0,0.0,4e-05
Upkaar Mutti,6,0.0001,0.0,0.0,4e-05
Nathaniel Modi,6,0.0001,0.0,0.0,4e-05
Ekaja Nazareth,6,0.0001,0.0,0.0,4e-05
Fitan Swamy,6,0.0001,0.0,0.0,4e-05
Caleb Kibe,6,0.0001,0.0,0.0,4e-05
Yashvi Badal,6,0.0001,0.0,0.0,4e-05
Ridhi Kalita,6,0.0001,0.0,0.0,4e-05
Ansh Bahri,6,0.0001,0.0,0.0,4e-05
Panini Tandon,6,0.0001,0.0,0.0,4e-05
Utkarsh Ahuja,6,0.0001,0.0,0.0,4e-05
Vihaan Sha,6,0.0001,0.0,0.0,4e-05
Chanchal Mane,6,0.0001,0.0,0.0,4e-05
Anjali Deshpande,6,0.0001,0.0,0.0,4e-05
Aarna Puri,6,0.0001,0.0,0.0,4e-05
Arin Halder,6,0.0001,0.0,0.0,4e-05
Vihaan Luthra,6,0.0001,0.0,0.0,4e-05
Rachita Din,6,0.0001,0.0,0.0,4e-05
Aditya Gulati,7,0.0001,0.0,0.0,4e-05
Eesha Venkatesh,6,0.0001,0.0,0.0,4e-05
Mitali Mani,6,0.0001,0.0,0.0,4e-05
Om Dora,6,0.0001,0.0,0.0,4e-05
Owen Cheema,6,0.0001,0.0,0.0,4e-05
Wriddhish Bhavsar,6,0.0001,0.0,0.0,4e-05
Indira Thaker,6,0.0001,0.0,0.0,4e-05
Aarav Rajan,6,0.0001,0.0,0.0,4e-05
Baghyawati Parmer,6,0.0001,0.0,0.0,4e-05
Dayamai Dhar,6,0.0001,0.0,0.0,4e-05
Nikita Mandal,6,0.0001,0.0,0.0,4e-05
Ishita Agate,6,0.0001,0.0,0.0,4e-05
Yagnesh Chaudry,6,0.0001,0.0,0.0,4e-05
Gabriel Sathe,6,0.0001,0.0,0.0,4e-05
Faqid Rai,6,0.0001,0.0,0.0,4e-05
Brijesh Sengupta,6,0.0001,0.0,0.0,4e-05
Onveer Aggarwal,6,0.0001,0.0,0.0,4e-05
Yashica Bhatti,6,0.0001,0.0,0.0,4e-05
Peter Borah,6,0.0001,0.0,0.0,4e-05
Bhavini Gara,6,0.0001,0.0,0.0,4e-05
Faras Malhotra,6,0.0001,0.0,0.0,4e-05
Tripti Mohanty,6,0.0001,0.0,0.0,4e-05
Vasatika Lalla,6,0.0001,0.0,0.0,4e-05
Urishilla Manne,6,0.0001,0.0,0.0,4e-05
Advay Agrawal,6,0.0001,0.0,0.0,4e-05
Caleb Shetty,6,0.0001,0.0,0.0,4e-05
Saumya Sood,6,0.0001,0.0,0.0,4e-05
Chaitanya Chakraborty,6,0.0001,0.0,0.0,4e-05
Sara Suri,6,0.0001,0.0,0.0,4e-05
Finn Tiwari,6,0.0001,0.0,0.0,4e-05
Riya Morar,6,0.0001,0.0,0.0,4e-05
Indrajit Dutta,6,0.0001,0.0,0.0,4e-05
Matthew Ray,6,0.0001,0.0,0.0,4e-05
Jeremiah Vasa,6,0.0001,0.0,0.0,4e-05
Praneel Som,6,0.0001,0.0,0.0,4e-05
Chatresh Garde,6,0.0001,0.0,0.0,4e-05
Ubika Luthra,6,0.0001,0.0,0.0,4e-05
Chatresh Modi,6,0.0001,0.0,0.0,4e-05
Niharika Raj,6,0.0001,0.0,0.0,4e-05
Manthan Tara,6,0.0001,0.0,0.0,4e-05
Samarth Raja,6,0.0001,0.0,0.0,4e-05
Akshay Palla,6,0.0001,0.0,0.0,4e-05
Xalak Buch,6,0.0001,0.0,0.0,4e-05
Girish Modi,6,0.0001,0.0,0.0,4e-05
Rachit Sunder,6,0.0001,0.0,0.0,4e-05
Bhavya Nadig,6,0.0001,0.0,0.0,4e-05
Agastya Bajaj,6,0.0001,0.0,0.0,4e-05
Ansh Iyengar,6,0.0001,0.0,0.0,4e-05
Kalpit Balasubramanian,6,0.0001,0.0,0.0,4e-05
Onveer Dalal,6,0.0001,0.0,0.0,4e-05
Dhriti Mody,6,0.0001,0.0,0.0,4e-05
Jackson Mody,6,0.0001,0.0,0.0,4e-05
Januja Bera,6,0.0001,0.0,0.0,4e-05
Diya Deshpande,6,0.0001,0.0,0.0,4e-05
Nirja Tata,6,0.0001,0.0,0.0,4e-05
Eta Karnik,6,0.0001,0.0,0.0,4e-05
Vasatika Narang,6,0.0001,0.0,0.0,4e-05
Aachal Chauhan,6,0.0001,0.0,0.0,4e-05
Jonathan Borah,6,0.0001,0.0,0.0,4e-05
Daksh Zacharia,6,0.0001,0.0,0.0,4e-05
Hemangini Desai,7,0.0001,0.0,0.0,4e-05
Jeremiah Saha,6,0.0001,0.0,0.0,4e-05
Noah Chand,6,0.0001,0.0,0.0,4e-05
Veer Patel,7,0.0001,0.0,0.0,4e-05
Aradhana Rau,6,0.0001,0.0,0.0,4e-05
Vihaan Pradhan,6,0.0001,0.0,0.0,4e-05
Wakeeta Bora,6,0.0001,0.0,0.0,4e-05
Udant Amble,7,0.0001,0.0,0.0,4e-05
Darsh Chacko,6,0.0001,0.0,0.0,4e-05
Ekiya Arya,6,0.0001,0.0,0.0,4e-05
Rudra Badal,6,0.0001,0.0,0.0,4e-05
Rohan Vasa,6,0.0001,0.0,0.0,4e-05
Chanakya Bhargava,6,0.0001,0.0,0.0,4e-05
Gaurang Oza,6,0.0001,0.0,0.0,4e-05
Joshua Sagar,6,0.0001,0.0,0.0,4e-05
Ira Puri,6,0.0001,0.0,0.0,4e-05
Aishani Singhal,6,0.0001,0.0,0.0,4e-05
Neha Mani,6,0.0001,0.0,0.0,4e-05
Wriddhish Gokhale,6,0.0001,0.0,0.0,4e-05
Ganga Ganguly,6,0.0001,0.0,0.0,4e-05
Banjeet Yohannan,6,0.0001,0.0,0.0,4e-05
Farhan Kumer,6,0.0001,0.0,0.0,4e-05
Nikita Tak,6,0.0001,0.0,0.0,4e-05
Indrajit Chaudry,6,0.0001,0.0,0.0,4e-05
Darika Apte,6,0.0001,0.0,0.0,4e-05
Aarav D’Alia,6,0.0001,0.0,0.0,4e-05
Irya Dugar,6,0.0001,0.0,0.0,4e-05
Rehaan Sur,6,0.0001,0.0,0.0,4e-05
Tanish Mandal,6,0.0001,0.0,0.0,4e-05
Garima Lanka,6,0.0001,0.0,0.0,4e-05
Veda Swamy,6,0.0001,0.0,0.0,4e-05
Alka Warrior,6,0.0001,0.0,0.0,4e-05
Ekapad Rout,6,0.0001,0.0,0.0,4e-05
Dominic Bhardwaj,6,0.0001,0.0,0.0,4e-05
Theodore Padmanabhan,6,0.0001,0.0,0.0,4e-05
Omkaar Ganesh,6,0.0001,0.0,0.0,4e-05
Brijesh Sharaf,6,0.0001,0.0,0.0,4e-05
Omaja Sundaram,6,0.0001,0.0,0.0,4e-05
Pranav Tripathi,7,0.0001,0.0,0.0,4e-05
Viraj Khurana,6,0.0001,0.0,0.0,4e-05
Avni Date,6,0.0001,0.0,0.0,4e-05
Ethan Rai,6,0.0001,0.0,0.0,4e-05
Wyatt Pandya,6,0.0001,0.0,0.0,4e-05
Zehaan Cherian,6,0.0001,0.0,0.0,4e-05
Inaya Baral,6,0.0001,0.0,0.0,4e-05
Alka Deo,6,0.0001,0.0,0.0,4e-05
Tanish Sastry,6,0.0001,0.0,0.0,4e-05
Orinder Ahuja,6,0.0001,0.0,0.0,4e-05
Tarak Saraf,6,0.0001,0.0,0.0,4e-05
Nachiket Keer,6,0.0001,0.0,0.0,4e-05
Tripti Sampath,6,0.0001,0.0,0.0,4e-05
Rachit Zacharia,6,0.0001,0.0,0.0,4e-05
Ishwar Dash,6,0.0001,0.0,0.0,4e-05
Tanish Shankar,6,0.0001,0.0,0.0,4e-05
Hardik Kala,7,0.0001,0.0,0.0,4e-05
Shaurya Subramanian,6,0.0001,0.0,0.0,4e-05
Charita Garg,6,0.0001,0.0,0.0,4e-05
Aarav Magar,6,0.0001,0.0,0.0,4e-05
Parth Thakur,6,0.0001,0.0,0.0,4e-05
Panini Dasgupta,6,0.0001,0.0,0.0,4e-05
Rushil Dyal,6,0.0001,0.0,0.0,4e-05
Dalaja Tandon,6,0.0001,0.0,0.0,4e-05
Faqid Bera,6,0.0001,0.0,0.0,4e-05
Ubika Bhandari,6,0.0001,0.0,0.0,4e-05
Tanmayi Parikh,6,0.0001,0.0,0.0,4e-05
Pallavi Venkataraman,6,0.0001,0.0,0.0,4e-05
Noah Chawla,6,0.0001,0.0,0.0,4e-05
Megha Goswami,6,0.0001,0.0,0.0,4e-05
Lopa Chatterjee,6,0.0001,0.0,0.0,4e-05
Zaitra Pathak,6,0.0001,0.0,0.0,4e-05
Nimrat Raghavan,6,0.0001,0.0,0.0,4e-05
Jalsa Rai,6,0.0001,0.0,0.0,4e-05
Chameli Upadhyay,6,0.0001,0.0,0.0,4e-05
Ati Mahal,6,0.0001,0.0,0.0,4e-05
Noah Das,6,0.0001,0.0,0.0,4e-05
Ekta Bhatia,6,0.0001,0.0,0.0,4e-05
Lakshit Kamdar,6,0.0001,0.0,0.0,4e-05
Rajata Arya,6,0.0001,0.0,0.0,4e-05
Panini Edwin,6,0.0001,0.0,0.0,4e-05
Zayyan Barad,6,0.0001,0.0,0.0,4e-05
Upadhriti Rastogi,6,0.0001,0.0,0.0,4e-05
Indrajit Jhaveri,6,0.0001,0.0,0.0,4e-05
Damyanti Nadkarni,6,0.0001,0.0,0.0,4e-05
Lopa Raj,6,0.0001,0.0,0.0,4e-05
Lekha Chada,6,0.0001,0.0,0.0,4e-05
Raksha Ganesh,6,0.0001,0.0,0.0,4e-05
Maanav Bhattacharyya,7,0.0001,0.0,0.0,4e-05
Ria Thakkar,6,0.0001,0.0,0.0,4e-05
Waida Bhat,6,0.0001,0.0,0.0,4e-05
Gagan Aggarwal,6,0.0001,0.0,0.0,4e-05
Vyanjana Baral,6,0.0001,0.0,0.0,4e-05
Abdul Mitra,6,0.0001,0.0,0.0,4e-05
Orinder Bail,6,0.0001,0.0,0.0,4e-05
Chameli Khalsa,6,0.0001,0.0,0.0,4e-05
Faras Bala,6,0.0001,0.0,0.0,4e-05
Zaitra Jain,6,0.0001,0.0,0.0,4e-05
Quincy Rao,6,0.0001,0.0,0.0,4e-05
Harish Manda,7,0.0001,0.0,0.0,4e-05
Meghana Suri,6,0.0001,0.0,0.0,4e-05
Hardik Boase,6,0.0001,0.0,0.0,4e-05
Arjun Ratta,6,0.0001,0.0,0.0,4e-05
Rushil Magar,6,0.0001,0.0,0.0,4e-05
Vrishti Nanda,6,0.0001,0.0,0.0,4e-05
Yadavi Sura,6,0.0001,0.0,0.0,4e-05
Andrew Naik,6,0.0001,0.0,0.0,4e-05
Yatin Karpe,7,0.0001,0.0,0.0,4e-05
Jagdish Tailor,6,0.0001,0.0,0.0,4e-05
Patrick Golla,6,0.0001,0.0,0.0,4e-05
Sathvik Walla,6,0.0001,0.0,0.0,4e-05
Ronith Puri,6,0.0001,0.0,0.0,4e-05
Ojas Madan,7,0.0001,0.0,0.0,4e-05
Ronith Narula,6,0.0001,0.0,0.0,4e-05
Mitesh Pall,6,0.0001,0.0,0.0,4e-05
Ekantika Grewal,6,0.0001,0.0,0.0,4e-05
Veda Wali,6,0.0001,0.0,0.0,4e-05
Aarav Keer,6,0.0001,0.0,0.0,4e-05
Jacob Kala,6,0.0001,0.0,0.0,4e-05
Vedhika Rege,6,0.0001,0.0,0.0,4e-05
Edhitha Chahal,6,0.0001,0.0,0.0,4e-05
Ishwar Bassi,6,0.0001,0.0,0.0,4e-05
Gabriel Bajaj,6,0.0001,0.0,0.0,4e-05
Anmol Walla,6,0.0001,0.0,0.0,4e-05
Brinda Warrior,6,0.0001,0.0,0.0,4e-05
Charles Varghese,6,0.0001,0.0,0.0,4e-05
Mekhala Agarwal,6,0.0001,0.0,0.0,4e-05
Jairaj Handa,7,0.0001,0.0,0.0,4e-05
Gunbir Kala,6,0.0001,0.0,0.0,4e-05
Kashish Lall,6,0.0001,0.0,0.0,4e-05
Anmol Sheth,6,0.0001,0.0,0.0,4e-05
Nimrat Lala,6,0.0001,0.0,0.0,4e-05
Quincy Srivastava,6,0.0001,0.0,0.0,4e-05
Vasatika Bandi,6,0.0001,0.0,0.0,4e-05
Ishaan Nanda,6,0.0001,0.0,0.0,4e-05
Yashawini Badami,6,0.0001,0.0,0.0,4e-05
Vansha Bedi,6,0.0001,0.0,0.0,4e-05
Kamya Viswanathan,6,0.0001,0.0,0.0,4e-05
Benjamin Dash,6,0.0001,0.0,0.0,4e-05
Gavin Ravi,6,0.0001,0.0,0.0,4e-05
Geetika Barman,6,0.0001,0.0,0.0,4e-05
Dalaja Sundaram,6,0.0001,0.0,0.0,4e-05
Triya Nath,6,0.0001,0.0,0.0,4e-05
Kiaan Arora,6,0.0001,0.0,0.0,4e-05
Inaya Sidhu,6,0.0001,0.0,0.0,4e-05
Ayush Dhaliwal,6,0.0001,0.0,0.0,4e-05
Nakul Deol,6,0.0001,0.0,0.0,4e-05
Xavier Naidu,6,0.0001,0.0,0.0,4e-05
Jagvi Mitra,6,0.0001,0.0,0.0,4e-05
Faqid Murty,6,0.0001,0.0,0.0,4e-05
Hemani Mistry,6,0.0001,0.0,0.0,4e-05
Siddharth Sangha,6,0.0001,0.0,0.0,4e-05
Bhavani Nanda,6,0.0001,0.0,0.0,4e-05
Hiral Deo,6,0.0001,0.0,0.0,4e-05
Indrajit Edwin,6,0.0001,0.0,0.0,4e-05
Panini Yohannan,6,0.0001,0.0,0.0,4e-05
Charita Ganesan,6,0.0001,0.0,0.0,4e-05
Lakshmi Din,6,0.0001,0.0,0.0,4e-05
Warinder Bera,6,0.0001,0.0,0.0,4e-05
Faris Wason,6,0.0001,0.0,0.0,4e-05
Wahab Ganesh,6,0.0001,0.0,0.0,4e-05
Jagdish Ramakrishnan,6,0.0001,0.0,0.0,4e-05
Edhitha Khare,6,0.0001,0.0,0.0,4e-05
Avi Chhabra,6,0.0001,0.0,0.0,4e-05
Faris Ramesh,6,0.0001,0.0,0.0,4e-05
Netra Sarma,6,0.0001,0.0,0.0,4e-05
Januja Wable,6,0.0001,0.0,0.0,4e-05
Naveen Chowdhury,6,0.0001,0.0,0.0,4e-05
Daniel Shan,6,0.0001,0.0,0.0,4e-05
Yashvi Ganguly,6,0.0001,0.0,0.0,4e-05
Azaan Doctor,6,0.0001,0.0,0.0,4e-05
Sai Lanka,6,0.0001,0.0,0.0,4e-05
Brijesh Sidhu,6,0.0001,0.0,0.0,4e-05
Bhavna Sankaran,6,0.0001,0.0,0.0,4e-05
Maanav Bakshi,6,0.0001,0.0,0.0,4e-05
Qadim Bhalla,6,0.0001,0.0,0.0,4e-05
Jack More,6,0.0001,0.0,0.0,4e-05
Sara Pingle,6,0.0001,0.0,0.0,4e-05
Tanish Kapadia,6,0.0001,0.0,0.0,4e-05
Wishi Tata,6,0.0001,0.0,0.0,4e-05
Yasti Sangha,6,0.0001,0.0,0.0,4e-05
Kashish Natt,6,0.0001,0.0,0.0,4e-05
Dakshesh Grewal,6,0.0001,0.0,0.0,4e-05
Brijesh Trivedi,6,0.0001,0.0,0.0,4e-05
Alexander Tata,6,0.0001,0.0,0.0,4e-05
Girik Chaudhary,6,0.0001,0.0,0.0,4e-05
Reva Sabharwal,6,0.0001,0.0,0.0,4e-05
Dipta Mallick,6,0.0001,0.0,0.0,4e-05
Jagvi Iyengar,7,0.0001,0.0,0.0,4e-05
Nakul Gulati,6,0.0001,0.0,0.0,4e-05
Veda Nazareth,6,0.0001,0.0,0.0,4e-05
Oscar Bhatti,6,0.0001,0.0,0.0,4e-05
Rushil Mohan,6,0.0001,0.0,0.0,4e-05
Aditya Rastogi,6,0.0001,0.0,0.0,4e-05
Kalpit Dalal,6,0.0001,0.0,0.0,4e-05
Veda Banerjee,6,0.0001,0.0,0.0,4e-05
Luke Lad,6,0.0001,0.0,0.0,4e-05
Arin Shenoy,6,0.0001,0.0,0.0,4e-05
Qadim Nair,6,0.0001,0.0,0.0,4e-05
Aadhya Vig,6,0.0001,0.0,0.0,4e-05
Anirudh Lad,6,0.0001,0.0,0.0,4e-05
Samarth Pathak,6,0.0001,0.0,0.0,4e-05
Adya Taneja,6,0.0001,0.0,0.0,4e-05
Yuvraj Chahal,7,0.0001,0.0,0.0,4e-05
Aashi Chana,6,0.0001,0.0,0.0,4e-05
Jagat More,6,0.0001,0.0,0.0,4e-05
Udarsh Kurian,6,0.0001,0.0,0.0,4e-05
Suhani Mohan,6,0.0001,0.0,0.0,4e-05
Edhitha Kala,6,0.0001,0.0,0.0,4e-05
Aarav Sant,6,0.0001,0.0,0.0,4e-05
Aarna Issac,6,0.0001,0.0,0.0,4e-05
Saanvi Talwar,6,0.0001,0.0,0.0,4e-05
Sanaya Chaudhari,6,0.0001,0.0,0.0,4e-05
Neel Puri,6,0.0001,0.0,0.0,4e-05
Eesha Manda,6,0.0001,0.0,0.0,4e-05
Xiti Prakash,6,0.0001,0.0,0.0,4e-05
Henry Peri,6,0.0001,0.0,0.0,4e-05
Vivaan Chakrabarti,6,0.0001,0.0,0.0,4e-05
Sanya Wadhwa,6,0.0001,0.0,0.0,4e-05
Xalak Krishna,6,0.0001,0.0,0.0,4e-05
Darsh Kant,6,0.0001,0.0,0.0,4e-05
Chanakya Mitra,6,0.0001,0.0,0.0,4e-05
Farhan Mall,6,0.0001,0.0,0.0,4e-05
Zilmil Kalita,6,0.0001,0.0,0.0,4e-05
Mugdha Banerjee,6,0.0001,0.0,0.0,4e-05
Zarna Agarwal,6,0.0001,0.0,0.0,4e-05
Mekhala Chauhan,6,0.0001,0.0,0.0,4e-05
Darika Sama,6,0.0001,0.0,0.0,4e-05
Jeevika Patla,6,0.0001,0.0,0.0,4e-05
Luke Thaker,6,0.0001,0.0,0.0,4e-05
Arunima Sankar,6,0.0001,0.0,0.0,4e-05
Anita Hayer,6,0.0001,0.0,0.0,4e-05
Bahadurjit Wadhwa,6,0.0001,0.0,0.0,4e-05
Nisha Mall,6,0.0001,0.0,0.0,4e-05
Ekaraj Krishna,6,0.0001,0.0,0.0,4e-05
Ojas Maharaj,6,0.0001,0.0,0.0,4e-05
Nakul Sehgal,6,0.0001,0.0,0.0,4e-05
Hredhaan Doshi,6,0.0001,0.0,0.0,4e-05
Qadim Jhaveri,6,0.0001,0.0,0.0,4e-05
Nachiket Kakar,6,0.0001,0.0,0.0,4e-05
Zansi Dash,6,0.0001,0.0,0.0,4e-05
Bishakha Tata,6,0.0001,0.0,0.0,4e-05
Vasana Manda,6,0.0001,0.0,0.0,4e-05
Abhimanyu Viswanathan,6,0.0001,0.0,0.0,4e-05
Unni Chhabra,6,0.0001,0.0,0.0,4e-05
Megha Mitter,7,0.0001,0.0,0.0,4e-05
Gavin Sampath,6,0.0001,0.0,0.0,4e-05
Girik Shanker,6,0.0001,0.0,0.0,4e-05
Sai Edwin,6,0.0001,0.0,0.0,4e-05
Madhav Sant,7,0.0001,0.0,0.0,4e-05
Ishanvi Yohannan,6,0.0001,0.0,0.0,4e-05
Tanvi Parsa,6,0.0001,0.0,0.0,4e-05
Gautami Doshi,6,0.0001,0.0,0.0,4e-05
Netra Bal,6,0.0001,0.0,0.0,4e-05
Utkarsh Karnik,6,0.0001,0.0,0.0,4e-05
Nisha Sinha,6,0.0001,0.0,0.0,4e-05
Ira Raman,6,0.0001,0.0,0.0,4e-05
Upasna Natarajan,6,0.0001,0.0,0.0,4e-05
Charita Mani,6,0.0001,0.0,0.0,4e-05
Laksh Bhagat,6,0.0001,0.0,0.0,4e-05
Chatresh Ahuja,6,0.0001,0.0,0.0,4e-05
Harshil Murthy,6,0.0001,0.0,0.0,4e-05
Tanmayi Soni,6,0.0001,0.0,0.0,4e-05
Yug Wali,6,0.0001,0.0,0.0,4e-05
Fiyaz Jayaraman,7,0.0001,0.0,0.0,4e-05
Samuel Tandon,6,0.0001,0.0,0.0,4e-05
Champak Hegde,6,0.0001,0.0,0.0,4e-05
Mason Mannan,6,0.0001,0.0,0.0,4e-05
Gauri Yogi,6,0.0001,0.0,0.0,4e-05
Chameli Sood,6,0.0001,0.0,0.0,4e-05
Hemal Ratta,6,0.0001,0.0,0.0,4e-05
Siddharth Shah,6,0.0001,0.0,0.0,4e-05
Wakeeta Parikh,6,0.0001,0.0,0.0,4e-05
Charan Dhawan,6,0.0001,0.0,0.0,4e-05
Chakradev Pal,6,0.0001,0.0,0.0,4e-05
Aahana Nayar,6,0.0001,0.0,0.0,4e-05
Lekha Bansal,6,0.0001,0.0,0.0,4e-05
Varsha Pau,6,0.0001,0.0,0.0,4e-05
Waida Shukla,6,0.0001,0.0,0.0,4e-05
Irya Madan,6,0.0001,0.0,0.0,4e-05
Amol Thaman,6,0.0001,0.0,0.0,4e-05
Jagrati Dube,6,0.0001,0.0,0.0,4e-05
Manan Thakur,6,0.0001,0.0,0.0,4e-05
Nathan Nair,6,0.0001,0.0,0.0,4e-05
Yahvi Prabhu,6,0.0001,0.0,0.0,4e-05
Yahvi Date,6,0.0001,0.0,0.0,4e-05
Balhaar Nagi,7,0.0001,0.0,0.0,4e-05
Ishaan Bose,6,0.0001,0.0,0.0,4e-05
Brinda Mallick,6,0.0001,0.0,0.0,4e-05
Ranbir Manda,6,0.0001,0.0,0.0,4e-05
Bakhshi Bhatnagar,6,0.0001,0.0,0.0,4e-05
Hemal Pingle,6,0.0001,0.0,0.0,4e-05
Dalaja Mistry,6,0.0001,0.0,0.0,4e-05
Jackson Badal,6,0.0001,0.0,0.0,4e-05
Vritti Arora,6,0.0001,0.0,0.0,4e-05
Banjeet Bahl,6,0.0001,0.0,0.0,4e-05
Lucky Bhargava,6,0.0001,0.0,0.0,4e-05
Inaya Savant,6,0.0001,0.0,0.0,4e-05
Chanchal Panchal,6,0.0001,0.0,0.0,4e-05
Maya Virk,6,0.0001,0.0,0.0,4e-05
Pahal Soni,6,0.0001,0.0,0.0,4e-05
Nitara Vohra,6,0.0001,0.0,0.0,4e-05
Radha Gade,6,0.0001,0.0,0.0,4e-05
Libni Sridhar,6,0.0001,0.0,0.0,4e-05
Gaurangi Lata,6,0.0001,0.0,0.0,4e-05
Bina Saha,6,0.0001,0.0,0.0,4e-05
Yauvani Arora,6,0.0001,0.0,0.0,4e-05
Omkaar Ram,6,0.0001,0.0,0.0,4e-05
Nakul Chacko,6,0.0001,0.0,0.0,4e-05
Avni Bhatnagar,6,0.0001,0.0,0.0,4e-05
Sarthak Chana,6,0.0001,0.0,0.0,4e-05
Rayaan Yadav,6,0.0001,0.0,0.0,4e-05
Vihaan Mohanty,6,0.0001,0.0,0.0,4e-05
Kamya Dash,6,0.0001,0.0,0.0,4e-05
Ria Sundaram,6,0.0001,0.0,0.0,4e-05
Rushil Gupta,6,0.0001,0.0,0.0,4e-05
Tara Kuruvilla,6,0.0001,0.0,0.0,4e-05
Hemal Maharaj,7,0.0001,0.0,0.0,4e-05
Rushil Misra,6,0.0001,0.0,0.0,4e-05
Bahadurjit Merchant,6,0.0001,0.0,0.0,4e-05
Ishaan Murty,6,0.0001,0.0,0.0,4e-05
Yauvani Ganesh,6,0.0001,0.0,0.0,4e-05
Vasatika Doshi,6,0.0001,0.0,0.0,4e-05
Jyoti Majumdar,6,0.0001,0.0,0.0,4e-05
Yashvi Barad,6,0.0001,0.0,0.0,4e-05
Jagdish Aurora,6,0.0001,0.0,0.0,4e-05
Upma Tella,6,0.0001,0.0,0.0,4e-05
Madhavi Shankar,6,0.0001,0.0,0.0,4e-05
Ronith Parmer,7,0.0001,0.0,0.0,4e-05
Ranbir Mann,6,0.0001,0.0,0.0,4e-05
Pooja Sangha,6,0.0001,0.0,0.0,4e-05
Indali Kaur,6,0.0001,0.0,0.0,4e-05
Darpan Pant,6,0.0001,0.0,0.0,4e-05
Neha Sharaf,6,0.0001,0.0,0.0,4e-05
Vasudha Mangat,6,0.0001,0.0,0.0,4e-05
Devika Baral,6,0.0001,0.0,0.0,4e-05
Ucchal Ahluwalia,6,0.0001,0.0,0.0,4e-05
Rachana Parekh,6,0.0001,0.0,0.0,4e-05
Bhavna Mannan,6,0.0001,0.0,0.0,4e-05
Umang Pingle,6,0.0001,0.0,0.0,4e-05
Adweta Dutt,6,0.0001,0.0,0.0,4e-05
Manbir Sidhu,6,0.0001,0.0,0.0,4e-05
Kashish Bora,6,0.0001,0.0,0.0,4e-05
Brijesh Sankar,7,0.0001,0.0,0.0,4e-05
Sara Gera,6,0.0001,0.0,0.0,4e-05
Vincent Soni,6,0.0001,0.0,0.0,4e-05
Utkarsh Dar,6,0.0001,0.0,0.0,4e-05
Kamala Basak,6,0.0001,0.0,0.0,4e-05
Joshua Brar,6,0.0001,0.0,0.0,4e-05
Veer Wali,6,0.0001,0.0,0.0,4e-05
Omya Sandhu,6,0.0001,0.0,0.0,4e-05
Samesh Kothari,6,0.0001,0.0,0.0,4e-05
Damyanti Nair,6,0.0001,0.0,0.0,4e-05
Isaac Pau,6,0.0001,0.0,0.0,4e-05
Ekiya Badal,6,0.0001,0.0,0.0,4e-05
Zinal Devan,6,0.0001,0.0,0.0,4e-05
Dhriti Sha,6,0.0001,0.0,0.0,4e-05
Amol Sibal,6,0.0001,0.0,0.0,4e-05
Zayyan Trivedi,6,0.0001,0.0,0.0,4e-05
Harinakshi Krishnan,6,0.0001,0.0,0.0,4e-05
Bhavika Baral,6,0.0001,0.0,0.0,4e-05
Jason Gandhi,6,0.0001,0.0,0.0,4e-05
Harinakshi Luthra,6,0.0001,0.0,0.0,4e-05
Rohan Krish,6,0.0001,0.0,0.0,4e-05
Zayyan Patla,6,0.0001,0.0,0.0,4e-05
Nikita Badami,6,0.0001,0.0,0.0,4e-05
Bhavani Hari,6,0.0001,0.0,0.0,4e-05
Shivansh Salvi,6,0.0001,0.0,0.0,4e-05
Ijaya Ramakrishnan,6,0.0001,0.0,0.0,4e-05
Oeshi Mitra,6,0.0001,0.0,0.0,4e-05
Janya Golla,6,0.0001,0.0,0.0,4e-05
Kevin Prasad,6,0.0001,0.0,0.0,4e-05
Gopal Ghosh,6,0.0001,0.0,0.0,4e-05
Rishi Choudhary,6,0.0001,0.0,0.0,4e-05
Sathvik Chahal,6,0.0001,0.0,0.0,4e-05
Xalak Kumar,6,0.0001,0.0,0.0,4e-05
Vaishnavi Parsa,6,0.0001,0.0,0.0,4e-05
Bishakha Dayal,6,0.0001,0.0,0.0,4e-05
Tripti Dara,6,0.0001,0.0,0.0,4e-05
Yashasvi Bumb,6,0.0001,0.0,0.0,4e-05
Matthew Sandhu,6,0.0001,0.0,0.0,4e-05
Kamala Pal,6,0.0001,0.0,0.0,4e-05
Vidhi Rau,6,0.0001,0.0,0.0,4e-05
Naveen Ratta,6,0.0001,0.0,0.0,4e-05
William Biswas,6,0.0001,0.0,0.0,4e-05
Vihaan Kannan,6,0.0001,0.0,0.0,4e-05
Unni Lalla,6,0.0001,0.0,0.0,4e-05
Arjun Chaudhari,6,0.0001,0.0,0.0,4e-05
Adya Khanna,6,0.0001,0.0,0.0,4e-05
Yamini Manne,6,0.0001,0.0,0.0,4e-05
Parth Soman,6,0.0001,0.0,0.0,4e-05
Madhav Tella,6,0.0001,0.0,0.0,4e-05
Onkar Chaudhary,6,0.0001,0.0,0.0,4e-05
Praneel Ram,6,0.0001,0.0,0.0,4e-05
Qabil Banerjee,6,0.0001,0.0,0.0,4e-05
Shivansh Sani,6,0.0001,0.0,0.0,4e-05
Aachal Kadakia,6,0.0001,0.0,0.0,4e-05
Udyati Tella,6,0.0001,0.0,0.0,4e-05
Omaja Char,6,0.0001,0.0,0.0,4e-05
Tanvi Jayaraman,6,0.0001,0.0,0.0,4e-05
Advik Sidhu,6,0.0001,0.0,0.0,4e-05
Veda Gulati,6,0.0001,0.0,0.0,4e-05
Vedhika Chacko,6,0.0001,0.0,0.0,4e-05
Ayushman Agarwal,6,0.0001,0.0,0.0,4e-05
Anita Bhatti,6,0.0001,0.0,0.0,4e-05
Joshua Saini,6,0.0001,0.0,0.0,4e-05
Rachana Suri,6,0.0001,0.0,0.0,4e-05
Lakshmi Ravel,6,0.0001,0.0,0.0,4e-05
Baghyawati Bassi,6,0.0001,0.0,0.0,4e-05
Jairaj Yohannan,6,0.0001,0.0,0.0,4e-05
Neha Mann,6,0.0001,0.0,0.0,4e-05
Yashawini Kala,6,0.0001,0.0,0.0,4e-05
Gayathri Dalal,6,0.0001,0.0,0.0,4e-05
Samesh Tak,6,0.0001,0.0,0.0,4e-05
Ryan Srivastava,6,0.0001,0.0,0.0,4e-05
Unnati Mangat,6,0.0001,0.0,0.0,4e-05
Chatresh Biswas,6,0.0001,0.0,0.0,4e-05
Udant Dyal,6,0.0001,0.0,0.0,4e-05
Harini Dara,6,0.0001,0.0,0.0,4e-05
Joshua Solanki,6,0.0001,0.0,0.0,4e-05
Zaid Agarwal,6,0.0001,0.0,0.0,4e-05
Hemangini Bumb,6,0.0001,0.0,0.0,4e-05
Anita Parekh,6,0.0001,0.0,0.0,4e-05
Harshil Krish,6,0.0001,0.0,0.0,4e-05
Krishna Singh,6,0.0001,0.0,0.0,4e-05
Vincent Babu,6,0.0001,0.0,0.0,4e-05
Gaurav Trivedi,6,0.0001,0.0,0.0,4e-05
Guneet Bala,6,0.0001,0.0,0.0,4e-05
Indrajit Sachdeva,6,0.0001,0.0,0.0,4e-05
Suhani Kala,6,0.0001,0.0,0.0,4e-05
Ubika Lad,6,0.0001,0.0,0.0,4e-05
Jonathan Purohit,7,0.0001,0.0,0.0,4e-05
Kashvi Ganguly,6,0.0001,0.0,0.0,4e-05
Udyati Nagi,6,0.0001,0.0,0.0,4e-05
Naveen Mitra,6,0.0001,0.0,0.0,4e-05
Urmi Chhabra,6,0.0001,0.0,0.0,4e-05
Yashasvi Padmanabhan,6,0.0001,0.0,0.0,4e-05
Kashish Dara,6,0.0001,0.0,0.0,4e-05
Benjamin Randhawa,6,0.0001,0.0,0.0,4e-05
Darsh Sheth,6,0.0001,0.0,0.0,4e-05
Eiravati Karnik,6,0.0001,0.0,0.0,4e-05
Ekansh Nanda,6,0.0001,0.0,0.0,4e-05
Faraj Bhardwaj,6,0.0001,0.0,0.0,4e-05
Qarin Garg,6,0.0001,0.0,0.0,4e-05
Upadhriti Deol,6,0.0001,0.0,0.0,4e-05
Ethan Krishnan,6,0.0001,0.0,0.0,4e-05
Madhavi Gill,6,0.0001,0.0,0.0,4e-05
Krish Bhat,6,0.0001,0.0,0.0,4e-05
Girindra Savant,6,0.0001,0.0,0.0,4e-05
Onveer Taneja,6,0.0001,0.0,0.0,4e-05
Yashodhara Bhatti,6,0.0001,0.0,0.0,4e-05
Leena Kunda,6,0.0001,0.0,0.0,4e-05
Dipta Contractor,7,0.0001,0.0,0.0,4e-05
Raagini Kar,6,0.0001,0.0,0.0,4e-05
Oliver Sehgal,6,0.0001,0.0,0.0,4e-05
Anita Tak,6,0.0001,0.0,0.0,4e-05
Tripti Ratti,6,0.0001,0.0,0.0,4e-05
Vinaya Kanda,7,0.0001,0.0,0.0,4e-05
Nitesh Kalla,6,0.0001,0.0,0.0,4e-05
Mohini Lanka,6,0.0001,0.0,0.0,4e-05
Jasmit Shenoy,6,0.0001,0.0,0.0,4e-05
Dalaja Tata,6,0.0001,0.0,0.0,4e-05
Xavier Jaggi,6,0.0001,0.0,0.0,4e-05
Shravya Yadav,6,0.0001,0.0,0.0,4e-05
Wahab Palan,6,0.0001,0.0,0.0,4e-05
Aarnav Varkey,6,0.0001,0.0,0.0,4e-05
Radhika Sachar,6,0.0001,0.0,0.0,4e-05
Gopal Krishnan,6,0.0001,0.0,0.0,4e-05
Chandani Rao,6,0.0001,0.0,0.0,4e-05
Lohit Mangal,6,0.0001,0.0,0.0,4e-05
Kashvi Sarna,6,0.0001,0.0,0.0,4e-05
Samesh Basak,6,0.0001,0.0,0.0,4e-05
Gautami Sahni,6,0.0001,0.0,0.0,4e-05
Nicholas Ramachandran,6,0.0001,0.0,0.0,4e-05
Harini Cheema,6,0.0001,0.0,0.0,4e-05
Upma Sodhi,6,0.0001,0.0,0.0,4e-05
Azad Taneja,6,0.0001,0.0,0.0,4e-05
Yashawini Khare,7,0.0001,0.0,0.0,4e-05
Unni Natarajan,6,0.0001,0.0,0.0,4e-05
Neelima Mahal,6,0.0001,0.0,0.0,4e-05
Tripti Seth,6,0.0001,0.0,0.0,4e-05
Maanav Jhaveri,6,0.0001,0.0,0.0,4e-05
Imaran Loke,6,0.0001,0.0,0.0,4e-05
Advik Reddy,6,0.0001,0.0,0.0,4e-05
Victor Dara,7,0.0001,0.0,0.0,4e-05
Idika Kulkarni,6,0.0001,0.0,0.0,4e-05
Kevin Chandra,6,0.0001,0.0,0.0,4e-05
Kamya Nagy,6,0.0001,0.0,0.0,4e-05
Rachit Sastry,6,0.0001,0.0,0.0,4e-05
Chakrika Roy,6,0.0001,0.0,0.0,4e-05
Diya Rajagopal,6,0.0001,0.0,0.0,4e-05
Harinakshi Bassi,6,0.0001,0.0,0.0,4e-05
Samuel Bhattacharyya,6,0.0001,0.0,0.0,4e-05
Harish Batra,6,0.0001,0.0,0.0,4e-05
Ubika Bera,6,0.0001,0.0,0.0,4e-05
Jagvi Thaker,6,0.0001,0.0,0.0,4e-05
Azaan Krishna,6,0.0001,0.0,0.0,4e-05
Hemang Mand,6,0.0001,0.0,0.0,4e-05
Faris Sami,6,0.0001,0.0,0.0,4e-05
Devika Sura,6,0.0001,0.0,0.0,4e-05
Ucchal Kaur,6,0.0001,0.0,0.0,4e-05
Peter Mital,6,0.0001,0.0,0.0,4e-05
Hritik Agrawal,6,0.0001,0.0,0.0,4e-05
Vasudha Sachdeva,6,0.0001,0.0,0.0,4e-05
Gaurang Gour,6,0.0001,0.0,0.0,4e-05
Ryan Sabharwal,6,0.0001,0.0,0.0,4e-05
Gavin Sahota,6,0.0001,0.0,0.0,4e-05
Omisha Apte,6,0.0001,0.0,0.0,4e-05
Ridhi Bhattacharyya,7,0.0001,0.0,0.0,4e-05
Madhav Mand,6,0.0001,0.0,0.0,4e-05
Barkha Andra,6,0.0001,0.0,0.0,4e-05
Ekansh Sarkar,7,0.0001,0.0,0.0,4e-05
Gaurika Upadhyay,6,0.0001,0.0,0.0,4e-05
Jatin Tank,6,0.0001,0.0,0.0,4e-05
Charvi Lata,6,0.0001,0.0,0.0,4e-05
Ayush Sahni,6,0.0001,0.0,0.0,4e-05
Qushi Choudhury,6,0.0001,0.0,0.0,4e-05
Kritika Narasimhan,6,0.0001,0.0,0.0,4e-05
Nihal Kala,7,0.0001,0.0,0.0,4e-05
Girindra Murty,6,0.0001,0.0,0.0,4e-05
Jonathan Gandhi,6,0.0001,0.0,0.0,4e-05
Netra Dora,6,0.0001,0.0,0.0,4e-05
Xiti Kalla,6,0.0001,0.0,0.0,4e-05
Hemani Majumdar,6,0.0001,0.0,0.0,4e-05
Bhavani Madan,6,0.0001,0.0,0.0,4e-05
Madhav Buch,6,0.0001,0.0,0.0,4e-05
Qasim Kar,6,0.0001,0.0,0.0,4e-05
Jeet Basak,6,0.0001,0.0,0.0,4e-05
Bishakha Pandya,7,0.0001,0.0,0.0,4e-05
Laksh Vora,6,0.0001,0.0,0.0,4e-05
Sai Sen,6,0.0001,0.0,0.0,4e-05
Jeremiah Rege,6,0.0001,0.0,0.0,4e-05
Varsha Subramaniam,6,0.0001,0.0,0.0,4e-05
Praneel Gala,6,0.0001,0.0,0.0,4e-05
Gaurika Ramaswamy,6,0.0001,0.0,0.0,4e-05
Hemal Khatri,6,0.0001,0.0,0.0,4e-05
Veer Loyal,6,0.0001,0.0,0.0,4e-05
Jack Ghose,6,0.0001,0.0,0.0,4e-05
Hritik Sathe,6,0.0001,0.0,0.0,4e-05
Ekani Puri,6,0.0001,0.0,0.0,4e-05
Gagan Dhillon,6,0.0001,0.0,0.0,4e-05
Lucky Agrawal,6,0.0001,0.0,0.0,4e-05
Manan Vala,6,0.0001,0.0,0.0,4e-05
Tejas Badami,6,0.0001,0.0,0.0,4e-05
Baljiwan Handa,6,0.0001,0.0,0.0,4e-05
Ishanvi Chauhan,6,0.0001,0.0,0.0,4e-05
Dipta Raj,6,0.0001,0.0,0.0,4e-05
Victor Lalla,6,0.0001,0.0,0.0,4e-05
Warda Ranganathan,6,0.0001,0.0,0.0,4e-05
Oliver Tailor,6,0.0001,0.0,0.0,4e-05
Frado Samra,6,0.0001,0.0,0.0,4e-05
Sathvik Palan,6,0.0001,0.0,0.0,4e-05
Lipika Jhaveri,6,0.0001,0.0,0.0,4e-05
Gauri Mander,6,0.0001,0.0,0.0,4e-05
Vinaya Narasimhan,7,0.0001,0.0,0.0,4e-05
Janaki Kunda,6,0.0001,0.0,0.0,4e-05
Niharika Dasgupta,6,0.0001,0.0,0.0,4e-05
Isaiah Sengupta,6,0.0001,0.0,0.0,4e-05
Arin Palan,6,0.0001,0.0,0.0,4e-05
Abhimanyu Narayan,6,0.0001,0.0,0.0,4e-05
Waida Magar,6,0.0001,0.0,0.0,4e-05
Anya Singh,6,0.0001,0.0,0.0,4e-05
Rayaan Bahl,6,0.0001,0.0,0.0,4e-05
Zehaan Rana,6,0.0001,0.0,0.0,4e-05
Varsha Suresh,6,0.0001,0.0,0.0,4e-05
Pahal Atwal,6,0.0001,0.0,0.0,4e-05
Madhav Verma,6,0.0001,0.0,0.0,4e-05
Sachi Gola,6,0.0001,0.0,0.0,4e-05
Aayush Buch,7,0.0001,0.0,0.0,4e-05
Vihaan Nagy,6,0.0001,0.0,0.0,4e-05
Advika Karan,6,0.0001,0.0,0.0,4e-05
Dalbir Hans,6,0.0001,0.0,0.0,4e-05
Leela Chandra,6,0.0001,0.0,0.0,4e-05
Upasna Char,6,0.0001,0.0,0.0,4e-05
Ojasvi Tandon,6,0.0001,0.0,0.0,4e-05
Vritti Tara,6,0.0001,0.0,0.0,4e-05
Max Dixit,6,0.0001,0.0,0.0,4e-05
Nihal Sarna,6,0.0001,0.0,0.0,4e-05
Aashi Pau,7,0.0001,0.0,0.0,4e-05
Niharika Jain,6,0.0001,0.0,0.0,4e-05
Krishna Koshy,6,0.0001,0.0,0.0,4e-05
Janya Dara,6,0.0001,0.0,0.0,4e-05
Vincent Wadhwa,6,0.0001,0.0,0.0,4e-05
Abeer Bansal,6,0.0001,0.0,0.0,4e-05
George Sekhon,6,0.0001,0.0,0.0,4e-05
Warda Singhal,6,0.0001,0.0,0.0,4e-05
Tejas Agarwal,6,0.0001,0.0,0.0,4e-05
Jagvi Nagi,6,0.0001,0.0,0.0,4e-05
Saksham Ranganathan,6,0.0001,0.0,0.0,4e-05
Mekhala Sahni,6,0.0001,0.0,0.0,4e-05
Shravya Muni,6,0.0001,0.0,0.0,4e-05
Lekha Chana,6,0.0001,0.0,0.0,4e-05
Manan Sarma,6,0.0001,0.0,0.0,4e-05
Vansha Morar,6,0.0001,0.0,0.0,4e-05
Ekavir Mand,6,0.0001,0.0,0.0,4e-05
Champak Sur,6,0.0001,0.0,0.0,4e-05
Christopher Goda,6,0.0001,0.0,0.0,4e-05
Anya Nigam,6,0.0001,0.0,0.0,4e-05
Andrew Oak,6,0.0001,0.0,0.0,4e-05
Eta Choudhury,6,0.0001,0.0,0.0,4e-05
Krish Mital,6,0.0001,0.0,0.0,4e-05
Hredhaan Murthy,6,0.0001,0.0,0.0,4e-05
Wriddhish Sethi,6,0.0001,0.0,0.0,4e-05
Dipta Ben,6,0.0001,0.0,0.0,4e-05
Samuel Hora,6,0.0001,0.0,0.0,4e-05
Saanvi Pandey,6,0.0001,0.0,0.0,4e-05
Quincy Agate,6,0.0001,0.0,0.0,4e-05
Om Oommen,6,0.0001,0.0,0.0,4e-05
Vasudha Roy,6,0.0001,0.0,0.0,4e-05
Vedhika Dubey,6,0.0001,0.0,0.0,4e-05
Girik Kar,6,0.0001,0.0,0.0,4e-05
Tanmayi Maharaj,6,0.0001,0.0,0.0,4e-05
Vanya Gala,6,0.0001,0.0,0.0,4e-05
Panini Pant,7,0.0001,0.0,0.0,4e-05
Rudra Chauhan,6,0.0001,0.0,0.0,4e-05
Sai Malhotra,7,0.0001,0.0,0.0,4e-05
Samesh Sunder,6,0.0001,0.0,0.0,4e-05
Ishani Sur,6,0.0001,0.0,0.0,4e-05
Krishna Varkey,6,0.0001,0.0,0.0,4e-05
Saumya Bumb,6,0.0001,0.0,0.0,4e-05
Yug Pant,6,0.0001,0.0,0.0,4e-05
Aayush Dani,6,0.0001,0.0,0.0,4e-05
Samaksh Varty,6,0.0001,0.0,0.0,4e-05
Netra Goda,6,0.0001,0.0,0.0,4e-05
Praneel Mittal,6,0.0001,0.0,0.0,4e-05
Yagnesh Hegde,6,0.0001,0.0,0.0,4e-05
Janya Dhar,6,0.0001,0.0,0.0,4e-05
Aarna Sarma,6,0.0001,0.0,0.0,4e-05
Sanaya Master,6,0.0001,0.0,0.0,4e-05
George Deo,6,0.0001,0.0,0.0,4e-05
Kashish Trivedi,6,0.0001,0.0,0.0,4e-05
Pranav Anne,6,0.0001,0.0,0.0,4e-05
Gunbir Jani,6,0.0001,0.0,0.0,4e-05
Zayan Bawa,6,0.0001,0.0,0.0,4e-05
Ekaraj Pillai,6,0.0001,0.0,0.0,4e-05
Vedant Goda,6,0.0001,0.0,0.0,4e-05
Pahal Dani,6,0.0001,0.0,0.0,4e-05
Upadhriti Bajaj,6,0.0001,0.0,0.0,4e-05
Prisha Suresh,6,0.0001,0.0,0.0,4e-05
Jason Krishnan,6,0.0001,0.0,0.0,4e-05
Dayita Babu,6,0.0001,0.0,0.0,4e-05
Faras Dar,6,0.0001,0.0,0.0,4e-05
Rajeshri Khanna,6,0.0001,0.0,0.0,4e-05
Mason Saran,6,0.0001,0.0,0.0,4e-05
Dalbir Tripathi,6,0.0001,0.0,0.0,4e-05
Rudra Sama,6,0.0001,0.0,0.0,4e-05
Chakradev Bajaj,6,0.0001,0.0,0.0,4e-05
Qabil Bhalla,6,0.0001,0.0,0.0,4e-05
Anusha Nanda,6,0.0001,0.0,0.0,4e-05
George Gandhi,6,0.0001,0.0,0.0,4e-05
Patrick Chadha,6,0.0001,0.0,0.0,4e-05
Tripti Viswanathan,6,0.0001,0.0,0.0,4e-05
Omya Peri,6,0.0001,0.0,0.0,4e-05
Saksham Khalsa,6,0.0001,0.0,0.0,4e-05
Vyanjana Jain,6,0.0001,0.0,0.0,4e-05
Jagvi Sani,6,0.0001,0.0,0.0,4e-05
Yagnesh Pillai,7,0.0001,0.0,0.0,4e-05
Faqid Ganesan,6,0.0001,0.0,0.0,4e-05
Unnati Bains,6,0.0001,0.0,0.0,4e-05
Lekha Chawla,6,0.0001,0.0,0.0,4e-05
Ekiya Chawla,6,0.0001,0.0,0.0,4e-05
Yug Karpe,6,0.0001,0.0,0.0,4e-05
Oliver Contractor,6,0.0001,0.0,0.0,4e-05
Yahvi Aurora,6,0.0001,0.0,0.0,4e-05
Jack Savant,6,0.0001,0.0,0.0,4e-05
Advik Sathe,6,0.0001,0.0,0.0,4e-05
Xiti Apte,7,0.0001,0.0,0.0,4e-05
Warjas Kamdar,6,0.0001,0.0,0.0,4e-05
Vritti Solanki,6,0.0001,0.0,0.0,4e-05
Ganga Sethi,6,0.0001,0.0,0.0,4e-05
Yatan Basak,6,0.0001,0.0,0.0,4e-05
Yashica Bhatia,6,0.0001,0.0,0.0,4e-05
Hitesh Narula,6,0.0001,0.0,0.0,4e-05
Qarin Virk,6,0.0001,0.0,0.0,4e-05
Frederick Bir,6,0.0001,0.0,0.0,4e-05
Chatresh Prasad,6,0.0001,0.0,0.0,4e-05
Christopher Sharaf,6,0.0001,0.0,0.0,4e-05
Ekani Nanda,6,0.0001,0.0,0.0,4e-05
Oscar Tiwari,6,0.0001,0.0,0.0,4e-05
Yadavi Bains,6,0.0001,0.0,0.0,4e-05
Guneet Saxena,6,0.0001,0.0,0.0,4e-05
Vedhika Nori,6,0.0001,0.0,0.0,4e-05
Veda Bhargava,6,0.0001,0.0,0.0,4e-05
Leela Sandal,6,0.0001,0.0,0.0,4e-05
Yauvani Shanker,6,0.0001,0.0,0.0,4e-05
Anika Dugar,6,0.0001,0.0,0.0,4e-05
Aishani Dhawan,6,0.0001,0.0,0.0,4e-05
Aryan Toor,6,0.0001,0.0,0.0,4e-05
Vansha Chandra,6,0.0001,0.0,0.0,4e-05
Ekalinga Krishna,6,0.0001,0.0,0.0,4e-05
Aadi Contractor,6,0.0001,0.0,0.0,4e-05
Fitan Upadhyay,6,0.0001,0.0,0.0,4e-05
Ishani Ghosh,6,0.0001,0.0,0.0,4e-05
Rachit Naidu,6,0.0001,0.0,0.0,4e-05
Udarsh Dhar,7,0.0001,0.0,0.0,4e-05
Janya Batra,6,0.0001,0.0,0.0,4e-05
Ishwar Mand,6,0.0001,0.0,0.0,4e-05
Triveni Sagar,6,0.0001,0.0,0.0,4e-05
Oeshi Bhattacharyya,6,0.0001,0.0,0.0,4e-05
Kavya Koshy,6,0.0001,0.0,0.0,4e-05
Gopal Puri,7,0.0001,0.0,0.0,4e-05
Tanay Vala,6,0.0001,0.0,0.0,4e-05
Veer Mani,6,0.0001,0.0,0.0,4e-05
William Chatterjee,6,0.0001,0.0,0.0,4e-05
Upadhriti Gola,6,0.0001,0.0,0.0,4e-05
Siya Gour,6,0.0001,0.0,0.0,4e-05
Hredhaan Kala,6,0.0001,0.0,0.0,4e-05
Alka Saxena,6,0.0001,0.0,0.0,4e-05
Harrison Kaul,6,0.0001,0.0,0.0,4e-05
Vedika Baria,6,0.0001,0.0,0.0,4e-05
Anthony Parmer,6,0.0001,0.0,0.0,4e-05
Bahadurjit Naik,6,0.0001,0.0,0.0,4e-05
Brijesh Sarin,6,0.0001,0.0,0.0,4e-05
Jagrati Som,6,0.0001,0.0,0.0,4e-05
Arin Atwal,7,0.0001,0.0,0.0,4e-05
Wakeeta Radhakrishnan,6,0.0001,0.0,0.0,4e-05
Maya Solanki,6,0.0001,0.0,0.0,4e-05
Simon Gour,6,0.0001,0.0,0.0,4e-05
Ekavir Loke,6,0.0001,0.0,0.0,4e-05
Lipika Hayre,6,0.0001,0.0,0.0,4e-05
Aarna Thaman,6,0.0001,0.0,0.0,4e-05
Dev Chaudhari,6,0.0001,0.0,0.0,4e-05
Kamala Patel,6,0.0001,0.0,0.0,4e-05
Ojas Bhatti,6,0.0001,0.0,0.0,4e-05
Caleb Dhar,6,0.0001,0.0,0.0,4e-05
Ethan Sami,6,0.0001,0.0,0.0,4e-05
Nikita Rattan,6,0.0001,0.0,0.0,4e-05
Watika Vyas,6,0.0001,0.0,0.0,4e-05
Alka Rau,6,0.0001,0.0,0.0,4e-05
Abhimanyu Bir,6,0.0001,0.0,0.0,4e-05
Oeshi Kalla,6,0.0001,0.0,0.0,4e-05
Vyanjana Kala,6,0.0001,0.0,0.0,4e-05
Bhavika Agrawal,7,0.0001,0.0,0.0,4e-05
Ekapad Prabhu,6,0.0001,0.0,0.0,4e-05
Faras Dalal,6,0.0001,0.0,0.0,4e-05
Krishna Bassi,6,0.0001,0.0,0.0,4e-05
Kashish Balasubramanian,6,0.0001,0.0,0.0,4e-05
Lohit Nayak,7,0.0001,0.0,0.0,4e-05
Neel Kashyap,6,0.0001,0.0,0.0,4e-05
Ranbir Bhatt,6,0.0001,0.0,0.0,4e-05
Shivansh Babu,6,0.0001,0.0,0.0,4e-05
Siddharth Dalal,6,0.0001,0.0,0.0,4e-05
Jeet Thaker,6,0.0001,0.0,0.0,4e-05
Maanas Keer,7,0.0001,0.0,0.0,4e-05
Pushti Gole,6,0.0001,0.0,0.0,4e-05
Aayush Mani,6,0.0001,0.0,0.0,4e-05
Onkar Chaudhari,6,0.0001,0.0,0.0,4e-05
Mitesh Tak,6,0.0001,0.0,0.0,4e-05
Sudiksha Cherian,6,0.0001,0.0,0.0,4e-05
Triveni Krish,6,0.0001,0.0,0.0,4e-05
Ayaan Mammen,7,0.0001,0.0,0.0,4e-05
Indira Mody,6,0.0001,0.0,0.0,4e-05
Jalsa Dutt,6,0.0001,0.0,0.0,4e-05
Yochana Batta,6,0.0001,0.0,0.0,4e-05
Azad Karpe,6,0.0001,0.0,0.0,4e-05
Sanaya Murty,6,0.0001,0.0,0.0,4e-05
Chakradhar Saraf,6,0.0001,0.0,0.0,4e-05
Harini Sarma,6,0.0001,0.0,0.0,4e-05
Azaan Chaudhari,6,0.0001,0.0,0.0,4e-05
Rajata Vig,6,0.0001,0.0,0.0,4e-05
Oeshi Mall,6,0.0001,0.0,0.0,4e-05
Hredhaan Divan,6,0.0001,0.0,0.0,4e-05
Parth Setty,6,0.0001,0.0,0.0,4e-05
Urishilla Sankar,6,0.0001,0.0,0.0,4e-05
Warhi Gulati,6,0.0001,0.0,0.0,4e-05
Siya Dhar,6,0.0001,0.0,0.0,4e-05
Inaya Nayak,6,0.0001,0.0,0.0,4e-05
Nitara Trivedi,6,0.0001,0.0,0.0,4e-05
Gaurang Muni,6,0.0001,0.0,0.0,4e-05
Ekaraj Narang,6,0.0001,0.0,0.0,4e-05
Triveni Patla,6,0.0001,0.0,0.0,4e-05
Harrison Kohli,6,0.0001,0.0,0.0,4e-05
Pahal Dhar,6,0.0001,0.0,0.0,4e-05
Ati Sharma,6,0.0001,0.0,0.0,4e-05
Daksh Sami,7,0.0001,0.0,0.0,4e-05
Jagvi Lata,6,0.0001,0.0,0.0,4e-05
Ganga Tank,6,0.0001,0.0,0.0,4e-05
Vivaan Chadha,6,0.0001,0.0,0.0,4e-05
Abhimanyu Naidu,6,0.0001,0.0,0.0,4e-05
Anay Dutta,6,0.0001,0.0,0.0,4e-05
Maya Mutti,7,0.0001,0.0,0.0,4e-05
Nicholas Behl,6,0.0001,0.0,0.0,4e-05
Sudiksha Rege,6,0.0001,0.0,0.0,4e-05
Isaac Nadig,6,0.0001,0.0,0.0,4e-05
Dhriti Saran,6,0.0001,0.0,0.0,4e-05
Samaksh Aggarwal,6,0.0001,0.0,0.0,4e-05
Sathvik Sridhar,6,0.0001,0.0,0.0,4e-05
Chandran Sabharwal,6,0.0001,0.0,0.0,4e-05
Tripti Din,6,0.0001,0.0,0.0,4e-05
Max Jani,6,0.0001,0.0,0.0,4e-05
Eesha Mitra,6,0.0001,0.0,0.0,4e-05
Waida Boase,6,0.0001,0.0,0.0,4e-05
Darika Kuruvilla,6,0.0001,0.0,0.0,4e-05
Sai Acharya,6,0.0001,0.0,0.0,4e-05
Lohit Zachariah,6,0.0001,0.0,0.0,4e-05
Manbir Natarajan,6,0.0001,0.0,0.0,4e-05
Shivansh Sabharwal,6,0.0001,0.0,0.0,4e-05
Sara Behl,6,0.0001,0.0,0.0,4e-05
Varenya Acharya,6,0.0001,0.0,0.0,4e-05
Nidra Verma,6,0.0001,0.0,0.0,4e-05
Gaurangi Krish,6,0.0001,0.0,0.0,4e-05
Chavvi Mitter,6,0.0001,0.0,0.0,4e-05
Ekani Mital,6,0.0001,0.0,0.0,4e-05
Rachana Seshadri,6,0.0001,0.0,0.0,4e-05
Radha Date,6,0.0001,0.0,0.0,4e-05
Bhavna Cherian,6,0.0001,0.0,0.0,4e-05
Neha Edwin,6,0.0001,0.0,0.0,4e-05
Omkaar Ghosh,6,0.0001,0.0,0.0,4e-05
Jason Jain,6,0.0001,0.0,0.0,4e-05
Upma Mukherjee,6,0.0001,0.0,0.0,4e-05
Nilima Basu,6,0.0001,0.0,0.0,4e-05
Barkha Bandi,6,0.0001,0.0,0.0,4e-05
Hitesh Krishna,6,0.0001,0.0,0.0,4e-05
Robert Raman,6,0.0001,0.0,0.0,4e-05
Lopa Amble,6,0.0001,0.0,0.0,4e-05
Tripti Ram,6,0.0001,0.0,0.0,4e-05
Viraj Misra,6,0.0001,0.0,0.0,4e-05
Aditya Morar,6,0.0001,0.0,0.0,4e-05
Umang Sachdev,6,0.0001,0.0,0.0,4e-05
Panini Gokhale,6,0.0001,0.0,0.0,4e-05
Upadhriti Joshi,6,0.0001,0.0,0.0,4e-05
Vyanjana Pradhan,6,0.0001,0.0,0.0,4e-05
Ansh Rajagopalan,6,0.0001,0.0,0.0,4e-05
Rishi Sarraf,6,0.0001,0.0,0.0,4e-05
Laban Kuruvilla,6,0.0001,0.0,0.0,4e-05
Chatura Arya,6,0.0001,0.0,0.0,4e-05
Aadhya Dutta,6,0.0001,0.0,0.0,4e-05
Gaurav Sarraf,6,0.0001,0.0,0.0,4e-05
Sudiksha Nadkarni,6,0.0001,0.0,0.0,4e-05
Varsha Radhakrishnan,6,0.0001,0.0,0.0,4e-05
Jai Baria,6,0.0001,0.0,0.0,4e-05
Turvi Maharaj,6,0.0001,0.0,0.0,4e-05
Advay Krishna,6,0.0001,0.0,0.0,4e-05
Wazir Jayaraman,6,0.0001,0.0,0.0,4e-05
Yauvani Kunda,6,0.0001,0.0,0.0,4e-05
Qasim Pillai,6,0.0001,0.0,0.0,4e-05
Veer Swamy,6,0.0001,0.0,0.0,4e-05
Qarin Pillay,6,0.0001,0.0,0.0,4e-05
Hemal Datta,6,0.0001,0.0,0.0,4e-05
Tamanna Khalsa,7,0.0001,0.0,0.0,4e-05
Timothy Mistry,6,0.0001,0.0,0.0,4e-05
Madhavi Mane,6,0.0001,0.0,0.0,4e-05
Ganga Wagle,6,0.0001,0.0,0.0,4e-05
Nidhi Seshadri,6,0.0001,0.0,0.0,4e-05
Girik Narang,6,0.0001,0.0,0.0,4e-05
Naveen Banerjee,6,0.0001,0.0,0.0,4e-05
Frado Korpal,6,0.0001,0.0,0.0,4e-05
Nathaniel Sane,7,0.0001,0.0,0.0,4e-05
Karan Boase,6,0.0001,0.0,0.0,4e-05
Tarak Magar,6,0.0001,0.0,0.0,4e-05
Akshay Kar,6,0.0001,0.0,0.0,4e-05
Rishi Peri,6,0.0001,0.0,0.0,4e-05
Anjali Nori,6,0.0001,0.0,0.0,4e-05
Aishani Gade,6,0.0001,0.0,0.0,4e-05
Sudiksha Sani,6,0.0001,0.0,0.0,4e-05
Omaja Aurora,6,0.0001,0.0,0.0,4e-05
Pallavi Devan,6,0.0001,0.0,0.0,4e-05
Peter Om,6,0.0001,0.0,0.0,4e-05
Samarth Ben,6,0.0001,0.0,0.0,4e-05
Lila Saran,6,0.0001,0.0,0.0,4e-05
Anita Nanda,6,0.0001,0.0,0.0,4e-05
Anusha Batta,6,0.0001,0.0,0.0,4e-05
Oliver Bhasin,7,0.0001,0.0,0.0,4e-05
Yochana Sathe,6,0.0001,0.0,0.0,4e-05
Rishi Suri,6,0.0001,0.0,0.0,4e-05
Sarthak Bhagat,7,0.0001,0.0,0.0,4e-05
Nathan Prakash,6,0.0001,0.0,0.0,4e-05
Charita Munshi,6,0.0001,0.0,0.0,4e-05
Baghyawati Aurora,6,0.0001,0.0,0.0,4e-05
Falguni Srinivas,6,0.0001,0.0,0.0,4e-05
Urvi Bava,6,0.0001,0.0,0.0,4e-05
Ikshita Dyal,6,0.0001,0.0,0.0,4e-05
Dayamai Varty,6,0.0001,0.0,0.0,4e-05
Jagrati Kalla,6,0.0001,0.0,0.0,4e-05
Dakshesh Talwar,6,0.0001,0.0,0.0,4e-05
Daksha Loyal,6,0.0001,0.0,0.0,4e-05
Omya Sahota,6,0.0001,0.0,0.0,4e-05
Yashvi Mital,6,0.0001,0.0,0.0,4e-05
Rohan Golla,6,0.0001,0.0,0.0,4e-05
Damyanti Dhingra,6,0.0001,0.0,0.0,4e-05
Reyansh Ganesan,6,0.0001,0.0,0.0,4e-05
Christopher Dubey,6,0.0001,0.0,0.0,4e-05
Chameli Kamdar,6,0.0001,0.0,0.0,4e-05
Warjas Sarkar,6,0.0001,0.0,0.0,4e-05
Samar Andra,6,0.0001,0.0,0.0,4e-05
Noah Dugal,6,0.0001,0.0,0.0,4e-05
Samar Sodhi,6,0.0001,0.0,0.0,4e-05
Gaurang Khosla,6,0.0001,0.0,0.0,4e-05
Aashi Ramakrishnan,6,0.0001,0.0,0.0,4e-05
Atharv Chacko,6,0.0001,0.0,0.0,4e-05
Umang Halder,6,0.0001,0.0,0.0,4e-05
Pavani Thaker,6,0.0001,0.0,0.0,4e-05
Tanveer Basak,6,0.0001,0.0,0.0,4e-05
Hemang Bedi,6,0.0001,0.0,0.0,4e-05
Samesh Ahluwalia,6,0.0001,0.0,0.0,4e-05
Gunbir Sidhu,6,0.0001,0.0,0.0,4e-05
Ekavir Manda,6,0.0001,0.0,0.0,4e-05
Darsh De,6,0.0001,0.0,0.0,4e-05
Upadhriti Mohanty,6,0.0001,0.0,0.0,4e-05
Vihaan Grewal,6,0.0001,0.0,0.0,4e-05
Shravya Mannan,6,0.0001,0.0,0.0,4e-05
Triya Dhaliwal,6,0.0001,0.0,0.0,4e-05
Abhiram Kade,6,0.0001,0.0,0.0,4e-05
Laksh Pillay,6,0.0001,0.0,0.0,4e-05
Aadhya Cheema,6,0.0001,0.0,0.0,4e-05
Om Dugal,6,0.0001,0.0,0.0,4e-05
Nitara Vora,6,0.0001,0.0,0.0,4e-05
Urvi Bhatt,6,0.0001,0.0,0.0,4e-05
Hemang Menon,6,0.0001,0.0,0.0,4e-05
Champak Kamdar,6,0.0001,0.0,0.0,4e-05
Tara Balan,6,0.0001,0.0,0.0,4e-05
Janya Chaudry,6,0.0001,0.0,0.0,4e-05
Aashi Dixit,6,0.0001,0.0,0.0,4e-05
Janya Sami,6,0.0001,0.0,0.0,4e-05
Janaki Hans,6,0.0001,0.0,0.0,4e-05
Gavin Sawhney,6,0.0001,0.0,0.0,4e-05
Jonathan Saxena,6,0.0001,0.0,0.0,4e-05
Wakeeta Kari,6,0.0001,0.0,0.0,4e-05
Chameli Arora,6,0.0001,0.0,0.0,4e-05
Nilima Rege,6,0.0001,0.0,0.0,4e-05
Kiaan Handa,6,0.0001,0.0,0.0,4e-05
Abdul Sangha,6,0.0001,0.0,0.0,4e-05
Azaan Som,6,0.0001,0.0,0.0,4e-05
Priya Choudhry,6,0.0001,0.0,0.0,4e-05
Ijaya Guha,6,0.0001,0.0,0.0,4e-05
Ronith Dixit,6,0.0001,0.0,0.0,4e-05
Kalpit Deo,6,0.0001,0.0,0.0,4e-05
Qasim Bahri,6,0.0001,0.0,0.0,4e-05
Ayush Soman,6,0.0001,0.0,0.0,4e-05
Anmol Minhas,6,0.0001,0.0,0.0,4e-05
Neha Khare,6,0.0001,0.0,0.0,4e-05
Ijaya Purohit,6,0.0001,0.0,0.0,4e-05
Thomas Buch,6,0.0001,0.0,0.0,4e-05
Ansh Suresh,6,0.0001,0.0,0.0,4e-05
Kavya Bhakta,6,0.0001,0.0,0.0,4e-05
Keya Kade,6,0.0001,0.0,0.0,4e-05
Yatan Hora,6,0.0001,0.0,0.0,4e-05
Tara Chahal,6,0.0001,0.0,0.0,4e-05
Quincy Tella,6,0.0001,0.0,0.0,4e-05
Karan Saraf,6,0.0001,0.0,0.0,4e-05
Manya Banerjee,6,0.0001,0.0,0.0,4e-05
Yachana Kadakia,6,0.0001,0.0,0.0,4e-05
Bina Krishnan,6,0.0001,0.0,0.0,4e-05
Aashi Barman,7,0.0001,0.0,0.0,4e-05
Rehaan Kothari,6,0.0001,0.0,0.0,4e-05
Neel Bahl,6,0.0001,0.0,0.0,4e-05
Vinaya Mander,6,0.0001,0.0,0.0,4e-05
Warhi Kurian,6,0.0001,0.0,0.0,4e-05
Zaitra Tank,6,0.0001,0.0,0.0,4e-05
Ati Lala,6,0.0001,0.0,0.0,4e-05
Vamakshi Thaker,6,0.0001,0.0,0.0,4e-05
Samesh Khosla,6,0.0001,0.0,0.0,4e-05
Watika Dasgupta,6,0.0001,0.0,0.0,4e-05
Kashvi Nadkarni,6,0.0001,0.0,0.0,4e-05
Triveni Dutta,6,0.0001,0.0,0.0,4e-05
Unni Bal,7,0.0001,0.0,0.0,4e-05
Frederick Deo,6,0.0001,0.0,0.0,4e-05
Odika Dhaliwal,6,0.0001,0.0,0.0,4e-05
Devansh Shankar,6,0.0001,0.0,0.0,4e-05
Victor Sarma,6,0.0001,0.0,0.0,4e-05
Yatan Sinha,6,0.0001,0.0,0.0,4e-05
Osha Bora,6,0.0001,0.0,0.0,4e-05
Abhiram Oza,6,0.0001,0.0,0.0,4e-05
Darika Dua,6,0.0001,0.0,0.0,4e-05
Lavanya Prasad,6,0.0001,0.0,0.0,4e-05
Zaid Divan,6,0.0001,0.0,0.0,4e-05
Omkaar Iyer,6,0.0001,0.0,0.0,4e-05
Qadim Ahluwalia,6,0.0001,0.0,0.0,4e-05
Manbir Thakkar,6,0.0001,0.0,0.0,4e-05
Warhi Bhagat,7,0.0001,0.0,0.0,4e-05
Reva Ganguly,6,0.0001,0.0,0.0,4e-05
Lopa Krishnamurthy,6,0.0001,0.0,0.0,4e-05
Madhavi Garde,6,0.0001,0.0,0.0,4e-05
Vasatika Gupta,6,0.0001,0.0,0.0,4e-05
Owen Chanda,6,0.0001,0.0,0.0,4e-05
Damini Chaudhry,6,0.0001,0.0,0.0,4e-05
Bina Madan,6,0.0001,0.0,0.0,4e-05
Yauvani Pandey,6,0.0001,0.0,0.0,4e-05
Girik Parikh,6,0.0001,0.0,0.0,4e-05
Bhavika Goel,6,0.0001,0.0,0.0,4e-05
Devika Joshi,6,0.0001,0.0,0.0,4e-05
Damyanti Varghese,6,0.0001,0.0,0.0,4e-05
Anya Viswanathan,6,0.0001,0.0,0.0,4e-05
Ekansh Narasimhan,6,0.0001,0.0,0.0,4e-05
Xavier Chawla,6,0.0001,0.0,0.0,4e-05
Tarak Sodhi,6,0.0001,0.0,0.0,4e-05
Rehaan Parsa,6,0.0001,0.0,0.0,4e-05
Kashvi Rajagopal,6,0.0001,0.0,0.0,4e-05
Warda Ratta,7,0.0001,0.0,0.0,4e-05
Ishita Morar,6,0.0001,0.0,0.0,4e-05
Aarnav Chand,6,0.0001,0.0,0.0,4e-05
Omisha Palla,6,0.0001,0.0,0.0,4e-05
Shivani Dara,6,0.0001,0.0,0.0,4e-05
Sara Ganguly,6,0.0001,0.0,0.0,4e-05
Ekbal Chaudhari,6,0.0001,0.0,0.0,4e-05
David Kumar,6,0.0001,0.0,0.0,4e-05
Ronith Garde,6,0.0001,0.0,0.0,4e-05
Bishakha Loyal,6,0.0001,0.0,0.0,4e-05
Gaurangi Ravel,6,0.0001,0.0,0.0,4e-05
Jackson Cherian,6,0.0001,0.0,0.0,4e-05
Geetika Shankar,6,0.0001,0.0,0.0,4e-05
Chandresh Sura,6,0.0001,0.0,0.0,4e-05
Rohan Mani,6,0.0001,0.0,0.0,4e-05
Samaksh Muni,6,0.0001,0.0,0.0,4e-05
Zaitra Dube,6,0.0001,0.0,0.0,4e-05
Jeremiah Vyas,6,0.0001,0.0,0.0,4e-05
Praneel Savant,6,0.0001,0.0,0.0,4e-05
Alka Char,7,0.0001,0.0,0.0,4e-05
Shivani Sahota,6,0.0001,0.0,0.0,4e-05
Waida Singh,6,0.0001,0.0,0.0,4e-05
Balveer Sarkar,6,0.0001,0.0,0.0,4e-05
Zansi Mannan,6,0.0001,0.0,0.0,4e-05
Hemal Talwar,6,0.0001,0.0,0.0,4e-05
Osha Manda,6,0.0001,0.0,0.0,4e-05
Michael Yadav,7,0.0001,0.0,0.0,4e-05
Fitan Dewan,6,0.0001,0.0,0.0,4e-05
Yutika Dar,6,0.0001,0.0,0.0,4e-05
Robert Naik,6,0.0001,0.0,0.0,4e-05
Amaira Nigam,6,0.0001,0.0,0.0,4e-05
Zansi Dixit,6,0.0001,0.0,0.0,4e-05
Aarna Sarraf,6,0.0001,0.0,0.0,4e-05
Edhitha Badami,6,0.0001,0.0,0.0,4e-05
Fariq Sarraf,6,0.0001,0.0,0.0,4e-05
Atharv Kibe,6,0.0001,0.0,0.0,4e-05
Ekaraj Brahmbhatt,6,0.0001,0.0,0.0,4e-05
Abhimanyu Rout,6,0.0001,0.0,0.0,4e-05
Edhitha Jha,6,0.0001,0.0,0.0,4e-05
Chakradev Bali,6,0.0001,0.0,0.0,4e-05
Teerth Sodhi,6,0.0001,0.0,0.0,4e-05
Gaurangi Gopal,6,0.0001,0.0,0.0,4e-05
Sanya Mallick,6,0.0001,0.0,0.0,4e-05
Nihal Puri,6,0.0001,0.0,0.0,4e-05
Garima Bora,6,0.0001,0.0,0.0,4e-05
Mekhala Buch,6,0.0001,0.0,0.0,4e-05
Benjamin Chaudhari,6,0.0001,0.0,0.0,4e-05
Tara Badami,6,0.0001,0.0,0.0,4e-05
Nicholas Krish,6,0.0001,0.0,0.0,4e-05
Chaman Bawa,6,0.0001,0.0,0.0,4e-05
Shivansh Thakkar,6,0.0001,0.0,0.0,4e-05
Manya Prabhakar,6,0.0001,0.0,0.0,4e-05
Ekaraj Natt,6,0.0001,0.0,0.0,4e-05
Radhika Bir,6,0.0001,0.0,0.0,4e-05
Girish Kakar,6,0.0001,0.0,0.0,4e-05
Gunbir Gola,6,0.0001,0.0,0.0,4e-05
Zayan Vora,6,0.0001,0.0,0.0,4e-05
Timothy Sama,6,0.0001,0.0,0.0,4e-05
Wishi Kaur,6,0.0001,0.0,0.0,4e-05
Diya Bose,6,0.0001,0.0,0.0,4e-05
Unnati Kari,6,0.0001,0.0,0.0,4e-05
Gunbir Kothari,6,0.0001,0.0,0.0,4e-05
Nakul Edwin,6,0.0001,0.0,0.0,4e-05
Vidhi Keer,6,0.0001,0.0,0.0,4e-05
Karan Sha,6,0.0001,0.0,0.0,4e-05
Triveni Sanghvi,6,0.0001,0.0,0.0,4e-05
Abha Srinivas,6,0.0001,0.0,0.0,4e-05
Faraj Narasimhan,6,0.0001,0.0,0.0,4e-05
Vritti Tailor,6,0.0001,0.0,0.0,4e-05
Anamika Kumer,6,0.0001,0.0,0.0,4e-05
Aayush Gara,6,0.0001,0.0,0.0,4e-05
Lipika Modi,6,0.0001,0.0,0.0,4e-05
Aarush Khatri,6,0.0001,0.0,0.0,4e-05
Yashica Kohli,6,0.0001,0.0,0.0,4e-05
Warhi Gill,6,0.0001,0.0,0.0,4e-05
Aachal Patla,6,0.0001,0.0,0.0,4e-05
Ayaan Das,6,0.0001,0.0,0.0,4e-05
Hema Banik,6,0.0001,0.0,0.0,4e-05
Tanay Purohit,6,0.0001,0.0,0.0,4e-05
Gagan Deshpande,7,0.0001,0.0,0.0,4e-05
Gabriel Sarna,6,0.0001,0.0,0.0,4e-05
Mohini Jain,6,0.0001,0.0,0.0,4e-05
Watika Narain,6,0.0001,0.0,0.0,4e-05
Udant Bahl,7,0.0001,0.0,0.0,4e-05
Suhani Nigam,6,0.0001,0.0,0.0,4e-05
Unni Bala,6,0.0001,0.0,0.0,4e-05
Krishna Tailor,6,0.0001,0.0,0.0,4e-05
Falguni Vig,6,0.0001,0.0,0.0,4e-05
Quincy Sachdev,6,0.0001,0.0,0.0,4e-05
Ucchal Aggarwal,6,0.0001,0.0,0.0,4e-05
Falak Narang,6,0.0001,0.0,0.0,4e-05
Bahadurjit Chauhan,6,0.0001,0.0,0.0,4e-05
Yashica Kala,6,0.0001,0.0,0.0,4e-05
Balendra Kapoor,6,0.0001,0.0,0.0,4e-05
Manthan Kala,6,0.0001,0.0,0.0,4e-05
Ikshita Panchal,6,0.0001,0.0,0.0,4e-05
Anita Suresh,6,0.0001,0.0,0.0,4e-05
Jeevika Mall,6,0.0001,0.0,0.0,4e-05
Chandran Manne,6,0.0001,0.0,0.0,4e-05
Yachana Chacko,6,0.0001,0.0,0.0,4e-05
Gagan Palan,6,0.0001,0.0,0.0,4e-05
Naveen Master,6,0.0001,0.0,0.0,4e-05
Rachana Din,6,0.0001,0.0,0.0,4e-05
Vaishnavi Vig,6,0.0001,0.0,0.0,4e-05
Pavani Kaur,6,0.0001,0.0,0.0,4e-05
Tarak Oak,6,0.0001,0.0,0.0,4e-05
Chanakya Sem,6,0.0001,0.0,0.0,4e-05
Oviya Malhotra,6,0.0001,0.0,0.0,4e-05
Joshua Chandran,7,0.0001,0.0,0.0,4e-05
Aryan Apte,6,0.0001,0.0,0.0,4e-05
Rishi Gara,6,0.0001,0.0,0.0,4e-05
Patrick Goyal,6,0.0001,0.0,0.0,4e-05
Qasim Shroff,6,0.0001,0.0,0.0,4e-05
Devika Bhatt,6,0.0001,0.0,0.0,4e-05
Bhavya Tandon,6,0.0001,0.0,0.0,4e-05
Urvashi Bhalla,7,0.0001,0.0,0.0,4e-05
Radhika Arya,6,0.0001,0.0,0.0,4e-05
Wridesh Reddy,6,0.0001,0.0,0.0,4e-05
Ojas Khanna,6,0.0001,0.0,0.0,4e-05
Utkarsh Merchant,7,0.0001,0.0,0.0,4e-05
Januja Magar,6,0.0001,0.0,0.0,4e-05
Udyati Narula,6,0.0001,0.0,0.0,4e-05
Madhav Varma,6,0.0001,0.0,0.0,4e-05
Yatin Chad,6,0.0001,0.0,0.0,4e-05
Yash Lal,6,0.0001,0.0,0.0,4e-05
Balvan Hayre,6,0.0001,0.0,0.0,4e-05
Tanay Bal,6,0.0001,0.0,0.0,4e-05
Chaaya Raman,6,0.0001,0.0,0.0,4e-05
Aarna Mistry,7,0.0001,0.0,0.0,4e-05
Baghyawati Mukhopadhyay,6,0.0001,0.0,0.0,4e-05
Warhi Mall,6,0.0001,0.0,0.0,4e-05
Arin Mannan,6,0.0001,0.0,0.0,4e-05
Kalpit Garde,6,0.0001,0.0,0.0,4e-05
Pallavi Sarraf,6,0.0001,0.0,0.0,4e-05
Fitan Jaggi,6,0.0001,0.0,0.0,4e-05
Nathaniel Bali,6,0.0001,0.0,0.0,4e-05
Azad Konda,6,0.0001,0.0,0.0,4e-05
Champak Pandit,6,0.0001,0.0,0.0,4e-05
Gaurav Nagar,6,0.0001,0.0,0.0,4e-05
Ethan Desai,6,0.0001,0.0,0.0,4e-05
Chanchal Mani,6,0.0001,0.0,0.0,4e-05
Waida Subramanian,6,0.0001,0.0,0.0,4e-05
Pushti Shah,6,0.0001,0.0,0.0,4e-05
Timothy Grover,6,0.0001,0.0,0.0,4e-05
Ayushman Ramesh,6,0.0001,0.0,0.0,4e-05
Ekiya Butala,6,0.0001,0.0,0.0,4e-05
Megha Tara,6,0.0001,0.0,0.0,4e-05
Ethan Zacharia,6,0.0001,0.0,0.0,4e-05
Pushti Gill,6,0.0001,0.0,0.0,4e-05
Tanish Kulkarni,6,0.0001,0.0,0.0,4e-05
Avni Kuruvilla,6,0.0001,0.0,0.0,4e-05
Anay Warrior,6,0.0001,0.0,0.0,4e-05
Xavier Kurian,6,0.0001,0.0,0.0,4e-05
Raagini Mandal,6,0.0001,0.0,0.0,4e-05
Varsha Kuruvilla,6,0.0001,0.0,0.0,4e-05
Bhavika Kalita,6,0.0001,0.0,0.0,4e-05
Jagrati Grover,6,0.0001,0.0,0.0,4e-05
Vasana Nadkarni,6,0.0001,0.0,0.0,4e-05
Mohammed Chandra,6,0.0001,0.0,0.0,4e-05
Vaishnavi Rao,6,0.0001,0.0,0.0,4e-05
Libni Magar,6,0.0001,0.0,0.0,4e-05
Advika Sahota,6,0.0001,0.0,0.0,4e-05
Upkaar Gill,6,0.0001,0.0,0.0,4e-05
Yachana Trivedi,6,0.0001,0.0,0.0,4e-05
Sanaya Yogi,6,0.0001,0.0,0.0,4e-05
Falguni Batta,6,0.0001,0.0,0.0,4e-05
Jai Ganesh,6,0.0001,0.0,0.0,4e-05
Yashodhara Mahal,6,0.0001,0.0,0.0,4e-05
Panini Sathe,6,0.0001,0.0,0.0,4e-05
Jonathan Parmer,6,0.0001,0.0,0.0,4e-05
Ishaan Date,6,0.0001,0.0,0.0,4e-05
Ira Verma,6,0.0001,0.0,0.0,4e-05
Henry Wali,6,0.0001,0.0,0.0,4e-05
Daksha Pandey,6,0.0001,0.0,0.0,4e-05
Zinal Thakur,6,0.0001,0.0,0.0,4e-05
Yatan Chakraborty,6,0.0001,0.0,0.0,4e-05
Tanmayi Nori,6,0.0001,0.0,0.0,4e-05
Jagat Kumar,6,0.0001,0.0,0.0,4e-05
Vedhika Kari,6,0.0001,0.0,0.0,4e-05
Keya Taneja,6,0.0001,0.0,0.0,4e-05
Ayaan Padmanabhan,6,0.0001,0.0,0.0,4e-05
Nachiket Palan,6,0.0001,0.0,0.0,4e-05
Divya Date,6,0.0001,0.0,0.0,4e-05
Aahana Gandhi,7,0.0001,0.0,0.0,4e-05
Chanchal Gola,6,0.0001,0.0,0.0,4e-05
Viraj Pandit,6,0.0001,0.0,0.0,4e-05
Forum Mittal,6,0.0001,0.0,0.0,4e-05
Abdul Chacko,6,0.0001,0.0,0.0,4e-05
Isaac Kapur,6,0.0001,0.0,0.0,4e-05
Mugdha Lad,6,0.0001,0.0,0.0,4e-05
Fariq Gade,6,0.0001,0.0,0.0,4e-05
Fiyaz Vala,6,0.0001,0.0,0.0,4e-05
Matthew Lanka,6,0.0001,0.0,0.0,4e-05
Neelima Kamdar,6,0.0001,0.0,0.0,4e-05
Mohini Trivedi,6,0.0001,0.0,0.0,4e-05
Yashvi Devi,7,0.0001,0.0,0.0,4e-05
Kevin Bahl,6,0.0001,0.0,0.0,4e-05
Balvan Kamdar,6,0.0001,0.0,0.0,4e-05
Eshana Biswas,6,0.0001,0.0,0.0,4e-05
Sneha Madan,6,0.0001,0.0,0.0,4e-05
Avni Baral,6,0.0001,0.0,0.0,4e-05
Ekansh Seshadri,7,0.0001,0.0,0.0,4e-05
Jagat Apte,6,0.0001,0.0,0.0,4e-05
Ira Chaudry,7,0.0001,0.0,0.0,4e-05
Bhavani Kalla,7,0.0001,0.0,0.0,4e-05
Ansh Malhotra,6,0.0001,0.0,0.0,4e-05
Ishanvi Lad,6,0.0001,0.0,0.0,4e-05
Rayaan Virk,6,0.0001,0.0,0.0,4e-05
Lajita Lalla,6,0.0001,0.0,0.0,4e-05
Simon Dave,6,0.0001,0.0,0.0,4e-05
Indrajit Varughese,7,0.0001,0.0,0.0,4e-05
Aishani Sarna,6,0.0001,0.0,0.0,4e-05
Geetika Sengupta,6,0.0001,0.0,0.0,4e-05
Henry Patil,6,0.0001,0.0,0.0,4e-05
Noah Pathak,6,0.0001,0.0,0.0,4e-05
Tanveer Saini,6,0.0001,0.0,0.0,4e-05
Hemani Mall,6,0.0001,0.0,0.0,4e-05
Watika Borah,6,0.0001,0.0,0.0,4e-05
Liam Shenoy,6,0.0001,0.0,0.0,4e-05
Yashica Bhat,6,0.0001,0.0,0.0,4e-05
Ganga Loke,6,0.0001,0.0,0.0,4e-05
Brinda Dada,6,0.0001,0.0,0.0,4e-05
Jeevika Sinha,6,0.0001,0.0,0.0,4e-05
Wridesh Arora,6,0.0001,0.0,0.0,4e-05
Gunbir Jain,6,0.0001,0.0,0.0,4e-05
Charan Mittal,6,0.0001,0.0,0.0,4e-05
Robert Ahuja,6,0.0001,0.0,0.0,4e-05
Jatin Swaminathan,6,0.0001,0.0,0.0,4e-05
Ayushman Goyal,6,0.0001,0.0,0.0,4e-05
Zashil Mannan,6,0.0001,0.0,0.0,4e-05
Aarush Chander,6,0.0001,0.0,0.0,4e-05
Elijah Maharaj,6,0.0001,0.0,0.0,4e-05
Ojas Mitra,6,0.0001,0.0,0.0,4e-05
Veda Sekhon,6,0.0001,0.0,0.0,4e-05
Omkaar Kapoor,6,0.0001,0.0,0.0,4e-05
Zansi Karnik,6,0.0001,0.0,0.0,4e-05
Harsh Tiwari,6,0.0001,0.0,0.0,4e-05
Oni Master,6,0.0001,0.0,0.0,4e-05
Megha Dara,6,0.0001,0.0,0.0,4e-05
Ria Chaudhry,6,0.0001,0.0,0.0,4e-05
Wriddhish Kapoor,6,0.0001,0.0,0.0,4e-05
Rachit Gulati,6,0.0001,0.0,0.0,4e-05
Gavin Chaudhuri,6,0.0001,0.0,0.0,4e-05
Ikshita Shukla,6,0.0001,0.0,0.0,4e-05
Yashvi Master,6,0.0001,0.0,0.0,4e-05
Faraj Butala,6,0.0001,0.0,0.0,4e-05
Abhimanyu Seth,6,0.0001,0.0,0.0,4e-05
Devika Balasubramanian,6,0.0001,0.0,0.0,4e-05
Urmi Bahl,6,0.0001,0.0,0.0,4e-05
Sai Guha,6,0.0001,0.0,0.0,4e-05
Omya Walia,6,0.0001,0.0,0.0,4e-05
Benjamin Natt,6,0.0001,0.0,0.0,4e-05
Ekalinga Seshadri,6,0.0001,0.0,0.0,4e-05
Kamala Ahuja,6,0.0001,0.0,0.0,4e-05
Jeet Dixit,6,0.0001,0.0,0.0,4e-05
Pooja Parmar,6,0.0001,0.0,0.0,4e-05
Raksha Bora,6,0.0001,0.0,0.0,4e-05
Maya Karpe,6,0.0001,0.0,0.0,4e-05
Jagdish Sinha,6,0.0001,0.0,0.0,4e-05
Yahvi Virk,6,0.0001,0.0,0.0,4e-05
Xiti Guha,6,0.0001,0.0,0.0,4e-05
Tanvi Lata,6,0.0001,0.0,0.0,4e-05
Xiti Buch,6,0.0001,0.0,0.0,4e-05
Nirja Bhattacharyya,6,0.0001,0.0,0.0,4e-05
Rachit Prabhu,6,0.0001,0.0,0.0,4e-05
Abhiram Dalal,6,0.0001,0.0,0.0,4e-05
Samarth Chopra,6,0.0001,0.0,0.0,4e-05
Darika Muni,6,0.0001,0.0,0.0,4e-05
Nidra Bala,6,0.0001,0.0,0.0,4e-05
Max Raman,6,0.0001,0.0,0.0,4e-05
Timothy Tara,6,0.0001,0.0,0.0,4e-05
Hemal Wali,6,0.0001,0.0,0.0,4e-05
Urmi Tandon,6,0.0001,0.0,0.0,4e-05
Devika Choudhary,6,0.0001,0.0,0.0,4e-05
Qadim Shenoy,6,0.0001,0.0,0.0,4e-05
Ranveer Krish,6,0.0001,0.0,0.0,4e-05
Bhavya Tara,6,0.0001,0.0,0.0,4e-05
Maya Shanker,6,0.0001,0.0,0.0,4e-05
Urmi Yohannan,6,0.0001,0.0,0.0,4e-05
Fitan Sha,6,0.0001,0.0,0.0,4e-05
Yatin Ravi,6,0.0001,0.0,0.0,4e-05
Abdul Grover,6,0.0001,0.0,0.0,4e-05
Mohini Cherian,6,0.0001,0.0,0.0,4e-05
Harita Biswas,6,0.0001,0.0,0.0,4e-05
Jacob Mutti,6,0.0001,0.0,0.0,4e-05
Udarsh Brar,6,0.0001,0.0,0.0,4e-05
Chavvi Mody,6,0.0001,0.0,0.0,4e-05
Laban Mangat,6,0.0001,0.0,0.0,4e-05
Faraj Kaul,6,0.0001,0.0,0.0,4e-05
Chanchal Shah,6,0.0001,0.0,0.0,4e-05
Megha Lall,6,0.0001,0.0,0.0,4e-05
Ria Dugar,6,0.0001,0.0,0.0,4e-05
Chaitanya Krishna,6,0.0001,0.0,0.0,4e-05
Zayan Hora,7,0.0001,0.0,0.0,4e-05
Parth Brar,6,0.0001,0.0,0.0,4e-05
Vidhi Nayak,6,0.0001,0.0,0.0,4e-05
Agastya Prasad,6,0.0001,0.0,0.0,4e-05
Varenya Dixit,7,0.0001,0.0,0.0,4e-05
Sarthak Lata,6,0.0001,0.0,0.0,4e-05
Pranit Gade,6,0.0001,0.0,0.0,4e-05
Vansha Dass,6,0.0001,0.0,0.0,4e-05
Qadim Ben,6,0.0001,0.0,0.0,4e-05
Ishaan Vaidya,7,0.0001,0.0,0.0,4e-05
Mohini Borah,6,0.0001,0.0,0.0,4e-05
Yashvi Walla,6,0.0001,0.0,0.0,4e-05
Kashvi Sami,6,0.0001,0.0,0.0,4e-05
Hema Wadhwa,6,0.0001,0.0,0.0,4e-05
Baljiwan Misra,6,0.0001,0.0,0.0,4e-05
Yutika Vig,6,0.0001,0.0,0.0,4e-05
Ria Basak,6,0.0001,0.0,0.0,4e-05
Harrison Buch,6,0.0001,0.0,0.0,4e-05
Unnati Samra,6,0.0001,0.0,0.0,4e-05
Jackson Gera,6,0.0001,0.0,0.0,4e-05
Tanveer Chopra,6,0.0001,0.0,0.0,4e-05
Raksha Manda,6,0.0001,0.0,0.0,4e-05
Baljiwan Chada,6,0.0001,0.0,0.0,4e-05
Shivani Ahluwalia,6,0.0001,0.0,0.0,4e-05
Isha Golla,7,0.0001,0.0,0.0,4e-05
Aradhana Bhasin,6,0.0001,0.0,0.0,4e-05
Yauvani Shere,6,0.0001,0.0,0.0,4e-05
Madhav Handa,6,0.0001,0.0,0.0,4e-05
Odika Mander,7,0.0001,0.0,0.0,4e-05
Charita Naidu,7,0.0001,0.0,0.0,4e-05
Triveni Bhargava,6,0.0001,0.0,0.0,4e-05
Leena Kala,6,0.0001,0.0,0.0,4e-05
Aadhya Vaidya,6,0.0001,0.0,0.0,4e-05
Mitali Munshi,6,0.0001,0.0,0.0,4e-05
Kabir Deo,7,0.0001,0.0,0.0,4e-05
Faras Pillay,6,0.0001,0.0,0.0,4e-05
Madhavi Magar,6,0.0001,0.0,0.0,4e-05
Harinakshi Sinha,6,0.0001,0.0,0.0,4e-05
Yuvraj Bahri,6,0.0001,0.0,0.0,4e-05
Yauvani Anne,6,0.0001,0.0,0.0,4e-05
Anamika Rao,6,0.0001,0.0,0.0,4e-05
Isha Bhasin,6,0.0001,0.0,0.0,4e-05
Vasatika Kohli,6,0.0001,0.0,0.0,4e-05
Anya Khanna,6,0.0001,0.0,0.0,4e-05
Alexander Narain,6,0.0001,0.0,0.0,4e-05
Mohammed Parikh,6,0.0001,0.0,0.0,4e-05
Isha Vora,6,0.0001,0.0,0.0,4e-05
Ekanta Chauhan,6,0.0001,0.0,0.0,4e-05
Harini Choudhary,6,0.0001,0.0,0.0,4e-05
Warjas Rattan,6,0.0001,0.0,0.0,4e-05
Ati Brar,6,0.0001,0.0,0.0,4e-05
Azad Deshmukh,6,0.0001,0.0,0.0,4e-05
Darika Bir,6,0.0001,0.0,0.0,4e-05
Tanvi Sheth,6,0.0001,0.0,0.0,4e-05
Warhi Narasimhan,6,0.0001,0.0,0.0,4e-05
Wishi Purohit,6,0.0001,0.0,0.0,4e-05
Bishakha Jhaveri,6,0.0001,0.0,0.0,4e-05
Theodore Bali,6,0.0001,0.0,0.0,4e-05
Krish Kala,7,0.0001,0.0,0.0,4e-05
Gautami Khalsa,6,0.0001,0.0,0.0,4e-05
Riya Rastogi,6,0.0001,0.0,0.0,4e-05
Wriddhish Mandal,6,0.0001,0.0,0.0,4e-05
Tanish Palla,6,0.0001,0.0,0.0,4e-05
Wazir Kuruvilla,6,0.0001,0.0,0.0,4e-05
Farhan Rai,6,0.0001,0.0,0.0,4e-05
Charles Mistry,6,0.0001,0.0,0.0,4e-05
Bimala Choudhry,6,0.0001,0.0,0.0,4e-05
Wazir Nayar,6,0.0001,0.0,0.0,4e-05
Yatin Handa,6,0.0001,0.0,0.0,4e-05
Tara Nanda,6,0.0001,0.0,0.0,4e-05
Gaurav Dash,6,0.0001,0.0,0.0,4e-05
Bhavna Choudhary,6,0.0001,0.0,0.0,4e-05
Yashica Dhaliwal,6,0.0001,0.0,0.0,4e-05
Manya Pai,6,0.0001,0.0,0.0,4e-05
Liam Baral,6,0.0001,0.0,0.0,4e-05
Adya Shan,6,0.0001,0.0,0.0,4e-05
Arjun Soni,6,0.0001,0.0,0.0,4e-05
Zansi Sengupta,6,0.0001,0.0,0.0,4e-05
Dayamai Pant,6,0.0001,0.0,0.0,4e-05
Aashi Varkey,7,0.0001,0.0,0.0,4e-05
Champak Gole,6,0.0001,0.0,0.0,4e-05
Saanvi Jhaveri,6,0.0001,0.0,0.0,4e-05
Joshua Shanker,7,0.0001,0.0,0.0,4e-05
Mahika Shankar,6,0.0001,0.0,0.0,4e-05
Charvi Bhalla,6,0.0001,0.0,0.0,4e-05
Daksha Krishna,6,0.0001,0.0,0.0,4e-05
Nakul Divan,6,0.0001,0.0,0.0,4e-05
Aryan Jhaveri,6,0.0001,0.0,0.0,4e-05
Bishakha Rama,6,0.0001,0.0,0.0,4e-05
Saumya Deol,6,0.0001,0.0,0.0,4e-05
Yasti Garde,6,0.0001,0.0,0.0,4e-05
Sanya Narang,6,0.0001,0.0,0.0,4e-05
Gaurav Murthy,6,0.0001,0.0,0.0,4e-05
Waida Sinha,6,0.0001,0.0,0.0,4e-05
Sai Tella,6,0.0001,0.0,0.0,4e-05
Omya Shah,6,0.0001,0.0,0.0,4e-05
Nathaniel Mand,6,0.0001,0.0,0.0,4e-05
Advaith Chandran,6,0.0001,0.0,0.0,4e-05
Ubika Bahri,6,0.0001,0.0,0.0,4e-05
Azaan Gill,6,0.0001,0.0,0.0,4e-05
Ekaraj Hayer,6,0.0001,0.0,0.0,4e-05
Onveer Parmar,6,0.0001,0.0,0.0,4e-05
Tanish Bakshi,6,0.0001,0.0,0.0,4e-05
Nisha Mangat,6,0.0001,0.0,0.0,4e-05
Lila Keer,7,0.0001,0.0,0.0,4e-05
Zehaan Narasimhan,6,0.0001,0.0,0.0,4e-05
Yadavi Parikh,6,0.0001,0.0,0.0,4e-05
Yatan Morar,6,0.0001,0.0,0.0,4e-05
Isaac Chada,6,0.0001,0.0,0.0,4e-05
Bakhshi Dalal,6,0.0001,0.0,0.0,4e-05
Mekhala Rao,6,0.0001,0.0,0.0,4e-05
Ria Mander,6,0.0001,0.0,0.0,4e-05
Falguni Vohra,6,0.0001,0.0,0.0,4e-05
Banjeet Goswami,7,0.0001,0.0,0.0,4e-05
Jason Chahal,6,0.0001,0.0,0.0,4e-05
Amruta Acharya,6,0.0001,0.0,0.0,4e-05
Indira Mohan,6,0.0001,0.0,0.0,4e-05
David Prakash,7,0.0001,0.0,0.0,4e-05
Baghyawati Kaur,6,0.0001,0.0,0.0,4e-05
Hardik Dhar,6,0.0001,0.0,0.0,4e-05
Nachiket Subramanian,6,0.0001,0.0,0.0,4e-05
Januja Ray,6,0.0001,0.0,0.0,4e-05
Ekapad Mahal,6,0.0001,0.0,0.0,4e-05
Shivani Rai,6,0.0001,0.0,0.0,4e-05
Agastya Bal,6,0.0001,0.0,0.0,4e-05
Charvi Palan,6,0.0001,0.0,0.0,4e-05
Jatin Malhotra,6,0.0001,0.0,0.0,4e-05
Mekhala Pillai,6,0.0001,0.0,0.0,4e-05
Yug Luthra,6,0.0001,0.0,0.0,4e-05
Liam Chacko,7,0.0001,0.0,0.0,4e-05
Zarna Bala,6,0.0001,0.0,0.0,4e-05
Gaurangi Behl,6,0.0001,0.0,0.0,4e-05
Yashoda Bajaj,6,0.0001,0.0,0.0,4e-05
Lopa Mody,6,0.0001,0.0,0.0,4e-05
Ridhi Wason,6,0.0001,0.0,0.0,4e-05
Diya Sampath,6,0.0001,0.0,0.0,4e-05
Yashvi Prakash,6,0.0001,0.0,0.0,4e-05
Zinal Korpal,6,0.0001,0.0,0.0,4e-05
Agastya Mishra,6,0.0001,0.0,0.0,4e-05
Xalak Vohra,6,0.0001,0.0,0.0,4e-05
Nitesh Lall,6,0.0001,0.0,0.0,4e-05
Zinal Wali,6,0.0001,0.0,0.0,4e-05
Fariq Chakraborty,6,0.0001,0.0,0.0,4e-05
Ekantika Garg,6,0.0001,0.0,0.0,4e-05
Triya Rai,6,0.0001,0.0,0.0,4e-05
Deepa Vasa,6,0.0001,0.0,0.0,4e-05
Ladli Muni,6,0.0001,0.0,0.0,4e-05
Chandani Mani,6,0.0001,0.0,0.0,4e-05
Krish Mannan,6,0.0001,0.0,0.0,4e-05
Ria Ray,6,0.0001,0.0,0.0,4e-05
Orinder Walla,7,0.0001,0.0,0.0,4e-05
Chakradev Chacko,6,0.0001,0.0,0.0,4e-05
Agastya Kade,6,0.0001,0.0,0.0,4e-05
Rehaan Divan,6,0.0001,0.0,0.0,4e-05
Oni Bail,6,0.0001,0.0,0.0,4e-05
Owen Bali,6,0.0001,0.0,0.0,4e-05
Logan Basu,6,0.0001,0.0,0.0,4e-05
Damini Nagi,6,0.0001,0.0,0.0,4e-05
Nitesh Borah,6,0.0001,0.0,0.0,4e-05
Ishani Lall,6,0.0001,0.0,0.0,4e-05
Kashvi Varty,6,0.0001,0.0,0.0,4e-05
Chakradhar Mohan,6,0.0001,0.0,0.0,4e-05
Dalbir Hayre,6,0.0001,0.0,0.0,4e-05
Vedant Pingle,6,0.0001,0.0,0.0,4e-05
Jalsa Mukherjee,6,0.0001,0.0,0.0,4e-05
Jeevika Buch,6,0.0001,0.0,0.0,4e-05
Faraj Srinivasan,6,0.0001,0.0,0.0,4e-05
Gautami Amble,6,0.0001,0.0,0.0,4e-05
Mahika Rajagopal,6,0.0001,0.0,0.0,4e-05
Aadhya Brahmbhatt,7,0.0001,0.0,0.0,4e-05
Ishita Kohli,6,0.0001,0.0,0.0,4e-05
Ijaya Rajagopalan,6,0.0001,0.0,0.0,4e-05
Jyoti Rajagopalan,6,0.0001,0.0,0.0,4e-05
Aarush Korpal,6,0.0001,0.0,0.0,4e-05
Idika Kohli,6,0.0001,0.0,0.0,4e-05
Amruta Nigam,6,0.0001,0.0,0.0,4e-05
Qarin Chander,6,0.0001,0.0,0.0,4e-05
Finn Sankar,6,0.0001,0.0,0.0,4e-05
Charita Khalsa,6,0.0001,0.0,0.0,4e-05
Lavanya Manda,6,0.0001,0.0,0.0,4e-05
Atharv Subramaniam,6,0.0001,0.0,0.0,4e-05
Triveni Bose,6,0.0001,0.0,0.0,4e-05
Aarna Gaba,6,0.0001,0.0,0.0,4e-05
Triveni Korpal,6,0.0001,0.0,0.0,4e-05
Yashodhara Zachariah,6,0.0001,0.0,0.0,4e-05
Tara Mannan,6,0.0001,0.0,0.0,4e-05
Janya Issac,6,0.0001,0.0,0.0,4e-05
Eta Mann,6,0.0001,0.0,0.0,4e-05
Anamika Sharma,6,0.0001,0.0,0.0,4e-05
Neel Agate,6,0.0001,0.0,0.0,4e-05
Abha Sha,6,0.0001,0.0,0.0,4e-05
Saumya Nath,6,0.0001,0.0,0.0,4e-05
Max D’Alia,6,0.0001,0.0,0.0,4e-05
Ijaya Patla,6,0.0001,0.0,0.0,4e-05
Dhruv Raman,6,0.0001,0.0,0.0,4e-05
Kamya Narasimhan,6,0.0001,0.0,0.0,4e-05
Varsha Mohanty,6,0.0001,0.0,0.0,4e-05
Urvashi Kumar,6,0.0001,0.0,0.0,4e-05
Ekta Mohanty,6,0.0001,0.0,0.0,4e-05
Jack Rege,6,0.0001,0.0,0.0,4e-05
Ishanvi Wable,6,0.0001,0.0,0.0,4e-05
Rayaan Nath,6,0.0001,0.0,0.0,4e-05
Sai Khalsa,6,0.0001,0.0,0.0,4e-05
Gunbir Tandon,6,0.0001,0.0,0.0,4e-05
Banjeet Anand,6,0.0001,0.0,0.0,4e-05
Vedant Mitra,6,0.0001,0.0,0.0,4e-05
Fitan Kara,6,0.0001,0.0,0.0,4e-05
Oviya Sule,6,0.0001,0.0,0.0,4e-05
Jhalak Mistry,6,0.0001,0.0,0.0,4e-05
Charvi Bhatia,6,0.0001,0.0,0.0,4e-05
Charita Rao,6,0.0001,0.0,0.0,4e-05
Kritika Jain,6,0.0001,0.0,0.0,4e-05
Januja Mukhopadhyay,6,0.0001,0.0,0.0,4e-05
Ikshita Muni,6,0.0001,0.0,0.0,4e-05
Aryan Rana,6,0.0001,0.0,0.0,4e-05
Veda Loke,6,0.0001,0.0,0.0,4e-05
Omkaar Balakrishnan,6,0.0001,0.0,0.0,4e-05
Ekansh Murthy,6,0.0001,0.0,0.0,4e-05
Azad Apte,6,0.0001,0.0,0.0,4e-05
Ekanta Ahluwalia,6,0.0001,0.0,0.0,4e-05
Krish Pingle,6,0.0001,0.0,0.0,4e-05
Ekaja Rao,6,0.0001,0.0,0.0,4e-05
Christopher Chahal,6,0.0001,0.0,0.0,4e-05
Faris Trivedi,6,0.0001,0.0,0.0,4e-05
Patrick Sarna,6,0.0001,0.0,0.0,4e-05
Mitesh Swamy,6,0.0001,0.0,0.0,4e-05
Chanakya Sheth,6,0.0001,0.0,0.0,4e-05
Sanaya Ramakrishnan,6,0.0001,0.0,0.0,4e-05
Ridhi Kota,6,0.0001,0.0,0.0,4e-05
Neha Wali,6,0.0001,0.0,0.0,4e-05
David Tak,6,0.0001,0.0,0.0,4e-05
Yashasvi Prashad,6,0.0001,0.0,0.0,4e-05
Priya Sood,6,0.0001,0.0,0.0,4e-05
Harsh Khosla,6,0.0001,0.0,0.0,4e-05
Aarush Aggarwal,6,0.0001,0.0,0.0,4e-05
Oliver Sant,6,0.0001,0.0,0.0,4e-05
Vasudha Rajan,6,0.0001,0.0,0.0,4e-05
Eesha Mann,6,0.0001,0.0,0.0,4e-05
Chavvi Shah,6,0.0001,0.0,0.0,4e-05
Jagvi Bora,6,0.0001,0.0,0.0,4e-05
Luke Soman,6,0.0001,0.0,0.0,4e-05
Neha Puri,6,0.0001,0.0,0.0,4e-05
Dakshesh Sahni,6,0.0001,0.0,0.0,4e-05
Yashasvi Chhabra,6,0.0001,0.0,0.0,4e-05
Azaan Edwin,6,0.0001,0.0,0.0,4e-05
Pooja Sagar,6,0.0001,0.0,0.0,4e-05
Dalaja Chaudry,6,0.0001,0.0,0.0,4e-05
Pranav Devi,6,0.0001,0.0,0.0,4e-05
Anirudh Mane,6,0.0001,0.0,0.0,4e-05
Anthony Deshpande,6,0.0001,0.0,0.0,4e-05
Liam Rastogi,6,0.0001,0.0,0.0,4e-05
Nidra Saxena,6,0.0001,0.0,0.0,4e-05
Nihal Ghose,6,0.0001,0.0,0.0,4e-05
Praneel Swaminathan,6,0.0001,0.0,0.0,4e-05
Abhimanyu Bumb,6,0.0001,0.0,0.0,4e-05
Urvashi Issac,6,0.0001,0.0,0.0,4e-05
Nidhi Patel,6,0.0001,0.0,0.0,4e-05
Nathan Rastogi,6,0.0001,0.0,0.0,4e-05
Theodore Narula,6,0.0001,0.0,0.0,4e-05
Triveni Vohra,6,0.0001,0.0,0.0,4e-05
Victor Hegde,6,0.0001,0.0,0.0,4e-05
Chandran Agarwal,6,0.0001,0.0,0.0,4e-05
Ekalinga Golla,6,0.0001,0.0,0.0,4e-05
Udyati Sheth,6,0.0001,0.0,0.0,4e-05
Janaki Bassi,6,0.0001,0.0,0.0,4e-05
Udant Morar,6,0.0001,0.0,0.0,4e-05
Jyoti Balan,6,0.0001,0.0,0.0,4e-05
Maanas Parikh,6,0.0001,0.0,0.0,4e-05
Turvi Soni,6,0.0001,0.0,0.0,4e-05
Jason Goyal,6,0.0001,0.0,0.0,4e-05
Dayita Chahal,6,0.0001,0.0,0.0,4e-05
Niharika Khanna,6,0.0001,0.0,0.0,4e-05
Yutika Dara,6,0.0001,0.0,0.0,4e-05
Balhaar Ghose,6,0.0001,0.0,0.0,4e-05
Luke Krishnan,6,0.0001,0.0,0.0,4e-05
Leena Venkatesh,6,0.0001,0.0,0.0,4e-05
Nakul Chokshi,6,0.0001,0.0,0.0,4e-05
Unnati Sani,6,0.0001,0.0,0.0,4e-05
Chanchal Dhar,6,0.0001,0.0,0.0,4e-05
Indrajit Toor,6,0.0001,0.0,0.0,4e-05
Matthew Dani,6,0.0001,0.0,0.0,4e-05
Raagini Hegde,6,0.0001,0.0,0.0,4e-05
Shravya Pandya,6,0.0001,0.0,0.0,4e-05
Sneha Sekhon,6,0.0001,0.0,0.0,4e-05
Maya Kalita,6,0.0001,0.0,0.0,4e-05
Akshay Vala,6,0.0001,0.0,0.0,4e-05
Eesha Chaudry,6,0.0001,0.0,0.0,4e-05
Lohit Yogi,7,0.0001,0.0,0.0,4e-05
Chaitaly Kari,6,0.0001,0.0,0.0,4e-05
Libni Bhagat,7,0.0001,0.0,0.0,4e-05
Veda Sengupta,6,0.0001,0.0,0.0,4e-05
Farhan Ray,6,0.0001,0.0,0.0,4e-05
Sneha Shan,6,0.0001,0.0,0.0,4e-05
Yagnesh Pau,6,0.0001,0.0,0.0,4e-05
Dipta Mander,6,0.0001,0.0,0.0,4e-05
Finn Bains,6,0.0001,0.0,0.0,4e-05
Avni Deshpande,6,0.0001,0.0,0.0,4e-05
Patrick Vala,6,0.0001,0.0,0.0,4e-05
Qasim Sant,6,0.0001,0.0,0.0,4e-05
Mohini Sachdev,6,0.0001,0.0,0.0,4e-05
Chatura Ahuja,6,0.0001,0.0,0.0,4e-05
Upma Deep,6,0.0001,0.0,0.0,4e-05
Hiral Ganesan,6,0.0001,0.0,0.0,4e-05
Yash Saraf,6,0.0001,0.0,0.0,4e-05
Saksham Swamy,6,0.0001,0.0,0.0,4e-05
Laban Nadig,6,0.0001,0.0,0.0,4e-05
Zaitra Sur,6,0.0001,0.0,0.0,4e-05
Aradhana Sharma,6,0.0001,0.0,0.0,4e-05
Kashish Biswas,6,0.0001,0.0,0.0,4e-05
Warinder Merchant,6,0.0001,0.0,0.0,4e-05
Wyatt Majumdar,6,0.0001,0.0,0.0,4e-05
Lekha Ganesan,6,0.0001,0.0,0.0,4e-05
Gayathri Sodhi,6,0.0001,0.0,0.0,4e-05
Urmi Panchal,6,0.0001,0.0,0.0,4e-05
Irya Sankar,6,0.0001,0.0,0.0,4e-05
Umang Pandey,6,0.0001,0.0,0.0,4e-05
Chameli Seshadri,6,0.0001,0.0,0.0,4e-05
Finn Nagar,7,0.0001,0.0,0.0,4e-05
Jai Dugar,6,0.0001,0.0,0.0,4e-05
Jeevika Mane,6,0.0001,0.0,0.0,4e-05
Gautami Chahal,6,0.0001,0.0,0.0,4e-05
Damini Anne,6,0.0001,0.0,0.0,4e-05
Ishani Kadakia,6,0.0001,0.0,0.0,4e-05
Kai Behl,6,0.0001,0.0,0.0,4e-05
Akshay Banik,6,0.0001,0.0,0.0,4e-05
Wahab Dash,6,0.0001,0.0,0.0,4e-05
Samesh Dyal,6,0.0001,0.0,0.0,4e-05
Idika Kapadia,6,0.0001,0.0,0.0,4e-05
Indira Patla,6,0.0001,0.0,0.0,4e-05
Jai Som,6,0.0001,0.0,0.0,4e-05
Devika Kapur,7,0.0001,0.0,0.0,4e-05
Janani Sangha,6,0.0001,0.0,0.0,4e-05
Advay Dhingra,6,0.0001,0.0,0.0,4e-05
Vinaya Sarna,6,0.0001,0.0,0.0,4e-05
Qabil Dave,6,0.0001,0.0,0.0,4e-05
Omisha Atwal,6,0.0001,0.0,0.0,4e-05
Jacob Bhagat,6,0.0001,0.0,0.0,4e-05
Brijesh Chander,6,0.0001,0.0,0.0,4e-05
Timothy D’Alia,6,0.0001,0.0,0.0,4e-05
Xavier Deol,6,0.0001,0.0,0.0,4e-05
Indali Bawa,6,0.0001,0.0,0.0,4e-05
Pahal Chatterjee,6,0.0001,0.0,0.0,4e-05
Sarthak Sem,6,0.0001,0.0,0.0,4e-05
Anika Pillay,6,0.0001,0.0,0.0,4e-05
Ojas Sehgal,6,0.0001,0.0,0.0,4e-05
Warda Bawa,6,0.0001,0.0,0.0,4e-05
Mahika Dey,6,0.0001,0.0,0.0,4e-05
Caleb Sule,6,0.0001,0.0,0.0,4e-05
Jason Dass,6,0.0001,0.0,0.0,4e-05
Pallavi Nayar,6,0.0001,0.0,0.0,4e-05
Ronith Balan,6,0.0001,0.0,0.0,4e-05
Abdul Sagar,6,0.0001,0.0,0.0,4e-05
Shivani Chaudhry,6,0.0001,0.0,0.0,4e-05
Damini Naik,6,0.0001,0.0,0.0,4e-05
Tara Radhakrishnan,6,0.0001,0.0,0.0,4e-05
Abdul Prabhu,6,0.0001,0.0,0.0,4e-05
Wahab Dass,6,0.0001,0.0,0.0,4e-05
Orinder Karan,6,0.0001,0.0,0.0,4e-05
Pallavi Konda,6,0.0001,0.0,0.0,4e-05
Anmol Parikh,6,0.0001,0.0,0.0,4e-05
Lila Wadhwa,6,0.0001,0.0,0.0,4e-05
Warhi Kohli,6,0.0001,0.0,0.0,4e-05
Rachita Karan,6,0.0001,0.0,0.0,4e-05
Andrew Bansal,7,0.0001,0.0,0.0,4e-05
Aryan Nadkarni,6,0.0001,0.0,0.0,4e-05
Bhavya Jain,6,0.0001,0.0,0.0,4e-05
Harrison Rajan,6,0.0001,0.0,0.0,4e-05
Agastya Chandran,6,0.0001,0.0,0.0,4e-05
Naksh Wagle,6,0.0001,0.0,0.0,4e-05
Ati Dave,6,0.0001,0.0,0.0,4e-05
Theodore Chander,6,0.0001,0.0,0.0,4e-05
Shivansh Sur,7,0.0001,0.0,0.0,4e-05
Kabir Shan,6,0.0001,0.0,0.0,4e-05
Upkaar Naik,6,0.0001,0.0,0.0,4e-05
Nitara Manda,6,0.0001,0.0,0.0,4e-05
Raagini Wagle,6,0.0001,0.0,0.0,4e-05
Abhiram Puri,6,0.0001,0.0,0.0,4e-05
Aarav Sule,6,0.0001,0.0,0.0,4e-05
Reva Wali,6,0.0001,0.0,0.0,4e-05
Yoshita Sachdev,6,0.0001,0.0,0.0,4e-05
Manthan Dhawan,6,0.0001,0.0,0.0,4e-05
Darsh Anne,6,0.0001,0.0,0.0,4e-05
Wyatt Prabhu,6,0.0001,0.0,0.0,4e-05
Ijaya Kota,6,0.0001,0.0,0.0,4e-05
Mitali Pandya,6,0.0001,0.0,0.0,4e-05
Abha Dhingra,6,0.0001,0.0,0.0,4e-05
Vamakshi Narayanan,6,0.0001,0.0,0.0,4e-05
Warinder Sur,6,0.0001,0.0,0.0,4e-05
Kabir Lalla,6,0.0001,0.0,0.0,4e-05
Vivaan Malhotra,6,0.0001,0.0,0.0,4e-05
Rachita Gopal,6,0.0001,0.0,0.0,4e-05
Kala Lalla,6,0.0001,0.0,0.0,4e-05
Hema Deo,6,0.0001,0.0,0.0,4e-05
Irya Sastry,6,0.0001,0.0,0.0,4e-05
Benjamin Gopal,6,0.0001,0.0,0.0,4e-05
Dakshesh Mohanty,6,0.0001,0.0,0.0,4e-05
Madhav Sunder,6,0.0001,0.0,0.0,4e-05
Brijesh Nadig,6,0.0001,0.0,0.0,4e-05
Dayamai Kapur,6,0.0001,0.0,0.0,4e-05
Bhavna Chhabra,6,0.0001,0.0,0.0,4e-05
Yashawini Sachar,6,0.0001,0.0,0.0,4e-05
Urishilla Nagarajan,6,0.0001,0.0,0.0,4e-05
Jeremiah Bhagat,6,0.0001,0.0,0.0,4e-05
Aahana Mohanty,6,0.0001,0.0,0.0,4e-05
Shaurya Doctor,6,0.0001,0.0,0.0,4e-05
Kamala Shere,6,0.0001,0.0,0.0,4e-05
Ekavir Bawa,6,0.0001,0.0,0.0,4e-05
Harsh Koshy,6,0.0001,0.0,0.0,4e-05
Aditya Banerjee,6,0.0001,0.0,0.0,4e-05
Tanvi Savant,6,0.0001,0.0,0.0,4e-05
Inaya Varma,6,0.0001,0.0,0.0,4e-05
Harish Thakur,6,0.0001,0.0,0.0,4e-05
Damyanti Raj,6,0.0001,0.0,0.0,4e-05
Ekapad Natarajan,6,0.0001,0.0,0.0,4e-05
Xavier Butala,6,0.0001,0.0,0.0,4e-05
Guneet Bali,6,0.0001,0.0,0.0,4e-05
Ishita Palan,6,0.0001,0.0,0.0,4e-05
Harrison Magar,6,0.0001,0.0,0.0,4e-05
Amara Dhaliwal,6,0.0001,0.0,0.0,4e-05
Irya Sami,6,0.0001,0.0,0.0,4e-05
Sathvik Parsa,6,0.0001,0.0,0.0,4e-05
Reyansh Lal,6,0.0001,0.0,0.0,4e-05
Damini Chand,6,0.0001,0.0,0.0,4e-05
Jonathan Nath,6,0.0001,0.0,0.0,4e-05
Chakradhar Roy,6,0.0001,0.0,0.0,4e-05
Jeet Desai,6,0.0001,0.0,0.0,4e-05
Girindra Goswami,6,0.0001,0.0,0.0,4e-05
Leena Sibal,6,0.0001,0.0,0.0,4e-05
Vaishnavi Dani,6,0.0001,0.0,0.0,4e-05
Wakeeta Rout,6,0.0001,0.0,0.0,4e-05
Anika Krishnan,6,0.0001,0.0,0.0,4e-05
Naksh Radhakrishnan,6,0.0001,0.0,0.0,4e-05
Upma Chander,6,0.0001,0.0,0.0,4e-05
Zayyan Dutta,6,0.0001,0.0,0.0,4e-05
Alka Oommen,6,0.0001,0.0,0.0,4e-05
Amrita Bobal,6,0.0001,0.0,0.0,4e-05
Hamsini Ramanathan,6,0.0001,0.0,0.0,4e-05
Wakeeta Chad,6,0.0001,0.0,0.0,4e-05
Matthew Ratta,6,0.0001,0.0,0.0,4e-05
Champak Rana,6,0.0001,0.0,0.0,4e-05
Meghana Goyal,7,0.0001,0.0,0.0,4e-05
Anika Baria,6,0.0001,0.0,0.0,4e-05
Aachal Aurora,6,0.0001,0.0,0.0,4e-05
Ekiya Mammen,6,0.0001,0.0,0.0,4e-05
Jai Mannan,6,0.0001,0.0,0.0,4e-05
Shivansh Dubey,6,0.0001,0.0,0.0,4e-05
Upkaar Ranganathan,6,0.0001,0.0,0.0,4e-05
Ranveer Balan,6,0.0001,0.0,0.0,4e-05
Onveer Sabharwal,6,0.0001,0.0,0.0,4e-05
Dhriti Bajwa,6,0.0001,0.0,0.0,4e-05
Reyansh Karpe,6,0.0001,0.0,0.0,4e-05
Jhalak Gill,6,0.0001,0.0,0.0,4e-05
Nidhi Sami,6,0.0001,0.0,0.0,4e-05
Vivaan Swamy,6,0.0001,0.0,0.0,4e-05
Chakradev Sibal,6,0.0001,0.0,0.0,4e-05
Madhav Das,6,0.0001,0.0,0.0,4e-05
Gaurangi Naik,6,0.0001,0.0,0.0,4e-05
Kai Parekh,6,0.0001,0.0,0.0,4e-05
Mason Krish,6,0.0001,0.0,0.0,4e-05
Yoshita Choudhary,6,0.0001,0.0,0.0,4e-05
Sai Puri,6,0.0001,0.0,0.0,4e-05
Advaith Shere,6,0.0001,0.0,0.0,4e-05
Oni Memon,6,0.0001,0.0,0.0,4e-05
Abeer Boase,6,0.0001,0.0,0.0,4e-05
Devansh Goyal,6,0.0001,0.0,0.0,4e-05
Bhavani Chaudry,6,0.0001,0.0,0.0,4e-05
Atharv Sanghvi,6,0.0001,0.0,0.0,4e-05
Dominic Behl,6,0.0001,0.0,0.0,4e-05
Benjamin Merchant,6,0.0001,0.0,0.0,4e-05
Siya Pradhan,6,0.0001,0.0,0.0,4e-05
Aadi Kota,6,0.0001,0.0,0.0,4e-05
Garima Rajan,6,0.0001,0.0,0.0,4e-05
Jairaj Mander,6,0.0001,0.0,0.0,4e-05
Yug Nayak,6,0.0001,0.0,0.0,4e-05
Mahika Iyer,6,0.0001,0.0,0.0,4e-05
Vyanjana Narayan,6,0.0001,0.0,0.0,4e-05
Anirudh Gara,6,0.0001,0.0,0.0,4e-05
Warinder Oommen,6,0.0001,0.0,0.0,4e-05
Advik Borah,6,0.0001,0.0,0.0,4e-05
Hredhaan Patil,6,0.0001,0.0,0.0,4e-05
Yashasvi Rajagopal,6,0.0001,0.0,0.0,4e-05
Anita Tandon,6,0.0001,0.0,0.0,4e-05
Arunima Maharaj,6,0.0001,0.0,0.0,4e-05
Liam Gade,6,0.0001,0.0,0.0,4e-05
Aachal Buch,6,0.0001,0.0,0.0,4e-05
Chanchal Yogi,6,0.0001,0.0,0.0,4e-05
Yamini Pandit,6,0.0001,0.0,0.0,4e-05
Ekavir Malhotra,6,0.0001,0.0,0.0,4e-05
Wahab Dugal,6,0.0001,0.0,0.0,4e-05
Yashica Iyer,6,0.0001,0.0,0.0,4e-05
Lohit Solanki,6,0.0001,0.0,0.0,4e-05
Nimrat Ghose,6,0.0001,0.0,0.0,4e-05
Ayush Bhatti,6,0.0001,0.0,0.0,4e-05
Tripti Raghavan,6,0.0001,0.0,0.0,4e-05
Imaran Tak,6,0.0001,0.0,0.0,4e-05
Udant Misra,7,0.0001,0.0,0.0,4e-05
Frederick Cheema,6,0.0001,0.0,0.0,4e-05
Ijaya Raju,6,0.0001,0.0,0.0,4e-05
Yash Tata,6,0.0001,0.0,0.0,4e-05
Jeremiah Sarraf,6,0.0001,0.0,0.0,4e-05
Sathvik Khalsa,6,0.0001,0.0,0.0,4e-05
Arya Puri,6,0.0001,0.0,0.0,4e-05
Udant Bala,6,0.0001,0.0,0.0,4e-05
Dhriti Sampath,6,0.0001,0.0,0.0,4e-05
Pavani Thaman,6,0.0001,0.0,0.0,4e-05
Chandresh Mander,6,0.0001,0.0,0.0,4e-05
Ekalinga Varkey,6,0.0001,0.0,0.0,4e-05
Nitesh Parmer,6,0.0001,0.0,0.0,4e-05
Samar Dhar,6,0.0001,0.0,0.0,4e-05
Jack Soni,6,0.0001,0.0,0.0,4e-05
Samaksh Gaba,6,0.0001,0.0,0.0,4e-05
Gabriel Trivedi,6,0.0001,0.0,0.0,4e-05
Warda Vohra,6,0.0001,0.0,0.0,4e-05
Eesha Dutta,6,0.0001,0.0,0.0,4e-05
Xiti Ramachandran,6,0.0001,0.0,0.0,4e-05
Barkha Balasubramanian,6,0.0001,0.0,0.0,4e-05
Pushti Grover,6,0.0001,0.0,0.0,4e-05
Hiral Sehgal,6,0.0001,0.0,0.0,4e-05
Ojasvi Bains,6,0.0001,0.0,0.0,4e-05
Maanas Borde,6,0.0001,0.0,0.0,4e-05
Aarav Desai,6,0.0001,0.0,0.0,4e-05
Aarnav Soman,6,0.0001,0.0,0.0,4e-05
Niharika Soman,6,0.0001,0.0,0.0,4e-05
Fariq Warrior,6,0.0001,0.0,0.0,4e-05
Avni Bedi,6,0.0001,0.0,0.0,4e-05
Forum Khanna,6,0.0001,0.0,0.0,4e-05
Manthan Mane,6,0.0001,0.0,0.0,4e-05
Nitara Ben,6,0.0001,0.0,0.0,4e-05
Anjali Jha,6,0.0001,0.0,0.0,4e-05
Aishani Pall,6,0.0001,0.0,0.0,4e-05
Urvashi Doshi,6,0.0001,0.0,0.0,4e-05
Dalbir Sundaram,6,0.0001,0.0,0.0,4e-05
Victor Rege,6,0.0001,0.0,0.0,4e-05
Upadhriti Mukhopadhyay,6,0.0001,0.0,0.0,4e-05
Shravya Kalla,6,0.0001,0.0,0.0,4e-05
Viraj Dayal,6,0.0001,0.0,0.0,4e-05
Girik Varkey,6,0.0001,0.0,0.0,4e-05
Advika Nadig,6,0.0001,0.0,0.0,4e-05
Banjeet Devi,6,0.0001,0.0,0.0,4e-05
Christopher Saxena,7,0.0001,0.0,0.0,4e-05
Netra Sule,6,0.0001,0.0,0.0,4e-05
Alka Dhawan,6,0.0001,0.0,0.0,4e-05
Aayush Madan,6,0.0001,0.0,0.0,4e-05
Chaitaly Sami,6,0.0001,0.0,0.0,4e-05
Lila Kalita,6,0.0001,0.0,0.0,4e-05
Noah Krishna,6,0.0001,0.0,0.0,4e-05
Meera Kamdar,6,0.0001,0.0,0.0,4e-05
Azad Bahl,6,0.0001,0.0,0.0,4e-05
Parth Luthra,6,0.0001,0.0,0.0,4e-05
Rachita Patel,6,0.0001,0.0,0.0,4e-05
Zayyan Taneja,6,0.0001,0.0,0.0,4e-05
Nikita Jain,6,0.0001,0.0,0.0,4e-05
Arya Seshadri,6,0.0001,0.0,0.0,4e-05
Zinal Kadakia,6,0.0001,0.0,0.0,4e-05
Farhan Borah,6,0.0001,0.0,0.0,4e-05
Rajata Rastogi,6,0.0001,0.0,0.0,4e-05
Nimrat Walia,6,0.0001,0.0,0.0,4e-05
Priya Barman,6,0.0001,0.0,0.0,4e-05
Baljiwan Kala,6,0.0001,0.0,0.0,4e-05
Caleb Barman,6,0.0001,0.0,0.0,4e-05
Adweta Loyal,6,0.0001,0.0,0.0,4e-05
Arjun Wagle,6,0.0001,0.0,0.0,4e-05
Viraj Sunder,6,0.0001,0.0,0.0,4e-05
Adya Grover,6,0.0001,0.0,0.0,4e-05
Jonathan Chhabra,6,0.0001,0.0,0.0,4e-05
Krishna Nagi,6,0.0001,0.0,0.0,4e-05
Madhavi Bhatt,6,0.0001,0.0,0.0,4e-05
Osha Sule,6,0.0001,0.0,0.0,4e-05
Bhavini Dass,6,0.0001,0.0,0.0,4e-05
Baljiwan Wable,6,0.0001,0.0,0.0,4e-05
Falan Karnik,6,0.0001,0.0,0.0,4e-05
Tristan Sama,6,0.0001,0.0,0.0,4e-05
Rishi Dugar,6,0.0001,0.0,0.0,4e-05
Ladli Goswami,6,0.0001,0.0,0.0,4e-05
Luke Dubey,6,0.0001,0.0,0.0,4e-05
Udant Wali,6,0.0001,0.0,0.0,4e-05
Tanveer Viswanathan,6,0.0001,0.0,0.0,4e-05
Brijesh Mane,6,0.0001,0.0,0.0,4e-05
Shivansh Jhaveri,6,0.0001,0.0,0.0,4e-05
Imaran Mukherjee,6,0.0001,0.0,0.0,4e-05
Tejas Chatterjee,6,0.0001,0.0,0.0,4e-05
Hritik Koshy,6,0.0001,0.0,0.0,4e-05
Advik Wagle,6,0.0001,0.0,0.0,4e-05
Azaan Chanda,6,0.0001,0.0,0.0,4e-05
Yashvi D’Alia,6,0.0001,0.0,0.0,4e-05
Jagat Deep,6,0.0001,0.0,0.0,4e-05
Pranit Dara,6,0.0001,0.0,0.0,4e-05
Adya Deol,6,0.0001,0.0,0.0,4e-05
Qarin Kuruvilla,6,0.0001,0.0,0.0,4e-05
Amara Dhingra,6,0.0001,0.0,0.0,4e-05
Eesha Vyas,6,0.0001,0.0,0.0,4e-05
Andrew Dalal,6,0.0001,0.0,0.0,4e-05
Pratyush Sood,6,0.0001,0.0,0.0,4e-05
Ranveer Borra,6,0.0001,0.0,0.0,4e-05
Quincy Sundaram,6,0.0001,0.0,0.0,4e-05
Indali Bora,6,0.0001,0.0,0.0,4e-05
Chameli Palla,6,0.0001,0.0,0.0,4e-05
Ekaja Narayanan,6,0.0001,0.0,0.0,4e-05
Nakul Kannan,6,0.0001,0.0,0.0,4e-05
Yutika Khare,6,0.0001,0.0,0.0,4e-05
Nakul Babu,6,0.0001,0.0,0.0,4e-05
Kiaan Modi,6,0.0001,0.0,0.0,4e-05
Shivansh Patil,6,0.0001,0.0,0.0,4e-05
Aahana Bhakta,6,0.0001,0.0,0.0,4e-05
Hema Sehgal,6,0.0001,0.0,0.0,4e-05
Pallavi Ben,6,0.0001,0.0,0.0,4e-05
Maanav Chaudhary,6,0.0001,0.0,0.0,4e-05
Udarsh Khurana,6,0.0001,0.0,0.0,4e-05
Qasim Nair,7,0.0001,0.0,0.0,4e-05
Devika Narang,6,0.0001,0.0,0.0,4e-05
Mohini Goda,6,0.0001,0.0,0.0,4e-05
Fitan Dugal,6,0.0001,0.0,0.0,4e-05
Niharika Subramanian,7,0.0001,0.0,0.0,4e-05
Nandini Borde,6,0.0001,0.0,0.0,4e-05
Gaurav Kalla,6,0.0001,0.0,0.0,4e-05
Rachana Bhat,6,0.0001,0.0,0.0,4e-05
Nidhi Ramaswamy,6,0.0001,0.0,0.0,4e-05
Jasmit Gole,6,0.0001,0.0,0.0,4e-05
Anjali Raghavan,6,0.0001,0.0,0.0,4e-05
Leela Radhakrishnan,6,0.0001,0.0,0.0,4e-05
Darsh Hegde,6,0.0001,0.0,0.0,4e-05
Tanish Oak,6,0.0001,0.0,0.0,4e-05
Lila Oza,6,0.0001,0.0,0.0,4e-05
Daksh Mall,6,0.0001,0.0,0.0,4e-05
Arya Sachar,6,0.0001,0.0,0.0,4e-05
Karan Bhatnagar,6,0.0001,0.0,0.0,4e-05
Bakhshi Solanki,6,0.0001,0.0,0.0,4e-05
Zinal Chandra,6,0.0001,0.0,0.0,4e-05
Kevin Ramanathan,6,0.0001,0.0,0.0,4e-05
Warjas Jhaveri,7,0.0001,0.0,0.0,4e-05
Ucchal Nadig,6,0.0001,0.0,0.0,4e-05
Chaaya Kannan,6,0.0001,0.0,0.0,4e-05
Vedant Balan,6,0.0001,0.0,0.0,4e-05
Zilmil Ben,6,0.0001,0.0,0.0,4e-05
Xavier Nagi,6,0.0001,0.0,0.0,4e-05
Fiyaz Zachariah,6,0.0001,0.0,0.0,4e-05
Ishita Joshi,6,0.0001,0.0,0.0,4e-05
Indira Pant,6,0.0001,0.0,0.0,4e-05
Kamala Kohli,6,0.0001,0.0,0.0,4e-05
Chavvi Sandhu,6,0.0001,0.0,0.0,4e-05
Ekanta Dhar,6,0.0001,0.0,0.0,4e-05
Dhriti Sahota,6,0.0001,0.0,0.0,4e-05
Jeremiah Deshpande,6,0.0001,0.0,0.0,4e-05
Osha Grewal,6,0.0001,0.0,0.0,4e-05
Ranbir Vora,6,0.0001,0.0,0.0,4e-05
Aarav Comar,6,0.0001,0.0,0.0,4e-05
Gaurav Shah,6,0.0001,0.0,0.0,4e-05
Dhruv Rau,6,0.0001,0.0,0.0,4e-05
Vrinda Khare,6,0.0001,0.0,0.0,4e-05
Tejas Savant,6,0.0001,0.0,0.0,4e-05
Anay Issac,6,0.0001,0.0,0.0,4e-05
Pahal Balasubramanian,6,0.0001,0.0,0.0,4e-05
Victor Kuruvilla,6,0.0001,0.0,0.0,4e-05
Atharv Devan,6,0.0001,0.0,0.0,4e-05
Chandran Chauhan,6,0.0001,0.0,0.0,4e-05
Oeshi Parmer,6,0.0001,0.0,0.0,4e-05
Janani Saran,6,0.0001,0.0,0.0,4e-05
Gautami Ramachandran,6,0.0001,0.0,0.0,4e-05
Aachal Aggarwal,6,0.0001,0.0,0.0,4e-05
Tarak Memon,6,0.0001,0.0,0.0,4e-05
Gaurangi Rao,6,0.0001,0.0,0.0,4e-05
Sai Mangat,6,0.0001,0.0,0.0,4e-05
Pavani Bali,6,0.0001,0.0,0.0,4e-05
Ekavir Andra,6,0.0001,0.0,0.0,4e-05
Dhriti Nayak,6,0.0001,0.0,0.0,4e-05
Chatresh Shan,6,0.0001,0.0,0.0,4e-05
Ria Rau,6,0.0001,0.0,0.0,4e-05
Charan Jain,6,0.0001,0.0,0.0,4e-05
Madhavi Chahal,6,0.0001,0.0,0.0,4e-05
Yahvi Grewal,6,0.0001,0.0,0.0,4e-05
Praneel Mand,6,0.0001,0.0,0.0,4e-05
Aahana Agrawal,6,0.0001,0.0,0.0,4e-05
Owen Ramanathan,6,0.0001,0.0,0.0,4e-05
Chandresh Varughese,6,0.0001,0.0,0.0,4e-05
Ria Iyer,6,0.0001,0.0,0.0,4e-05
Aadhya Bajwa,6,0.0001,0.0,0.0,4e-05
Jackson Oak,6,0.0001,0.0,0.0,4e-05
Samesh Dara,6,0.0001,0.0,0.0,4e-05
Anmol Luthra,6,0.0001,0.0,0.0,4e-05
Nachiket Kala,6,0.0001,0.0,0.0,4e-05
Watika Mitra,6,0.0001,0.0,0.0,4e-05
Viraj Khare,6,0.0001,0.0,0.0,4e-05
Tanmayi Divan,6,0.0001,0.0,0.0,4e-05
Laban Kale,7,0.0001,0.0,0.0,4e-05
Tripti Jayaraman,6,0.0001,0.0,0.0,4e-05
Rohan Ben,7,0.0001,0.0,0.0,4e-05
Leena Comar,6,0.0001,0.0,0.0,4e-05
Ansh Karpe,6,0.0001,0.0,0.0,4e-05
Dayamai Tella,6,0.0001,0.0,0.0,4e-05
Hemani Shah,6,0.0001,0.0,0.0,4e-05
Lekha Pradhan,6,0.0001,0.0,0.0,4e-05
Rachana Subramaniam,6,0.0001,0.0,0.0,4e-05
Yahvi Ranganathan,6,0.0001,0.0,0.0,4e-05
Niharika Sahni,6,0.0001,0.0,0.0,4e-05
Siddharth Merchant,6,0.0001,0.0,0.0,4e-05
Aarav Nori,6,0.0001,0.0,0.0,4e-05
Nicholas Kalita,6,0.0001,0.0,0.0,4e-05
Janani Seshadri,6,0.0001,0.0,0.0,4e-05
Geetika Krishnan,6,0.0001,0.0,0.0,4e-05
Ekiya Atwal,6,0.0001,0.0,0.0,4e-05
Siya Sridhar,6,0.0001,0.0,0.0,4e-05
Mekhala Basak,6,0.0001,0.0,0.0,4e-05
Sai Dass,6,0.0001,0.0,0.0,4e-05
Chatresh Mital,6,0.0001,0.0,0.0,4e-05
Oeshi Deo,6,0.0001,0.0,0.0,4e-05
Krisha Bhargava,6,0.0001,0.0,0.0,4e-05
Logan Kar,6,0.0001,0.0,0.0,4e-05
Rajeshri Chowdhury,6,0.0001,0.0,0.0,4e-05
Urmi Nair,6,0.0001,0.0,0.0,4e-05
Samesh Goyal,6,0.0001,0.0,0.0,4e-05
Daksha Radhakrishnan,6,0.0001,0.0,0.0,4e-05
Avni Shenoy,6,0.0001,0.0,0.0,4e-05
Gopal Pandya,6,0.0001,0.0,0.0,4e-05
Raghav Patil,6,0.0001,0.0,0.0,4e-05
Fiyaz Khalsa,6,0.0001,0.0,0.0,4e-05
Jeremiah Seshadri,6,0.0001,0.0,0.0,4e-05
Nikita Varkey,7,0.0001,0.0,0.0,4e-05
Faris Iyer,6,0.0001,0.0,0.0,4e-05
Chandani Nagy,6,0.0001,0.0,0.0,4e-05
Jacob Mitra,6,0.0001,0.0,0.0,4e-05
Faris Pal,6,0.0001,0.0,0.0,4e-05
Vedant Nagi,6,0.0001,0.0,0.0,4e-05
Bhavna Tata,6,0.0001,0.0,0.0,4e-05
Tanmayi Mahajan,6,0.0001,0.0,0.0,4e-05
Bimala Hayer,6,0.0001,0.0,0.0,4e-05
Dev Munshi,6,0.0001,0.0,0.0,4e-05
Kai Mukherjee,6,0.0001,0.0,0.0,4e-05
Banjeet Minhas,6,0.0001,0.0,0.0,4e-05
Abha Kaul,6,0.0001,0.0,0.0,4e-05
Urmi Bhagat,6,0.0001,0.0,0.0,4e-05
Qasim Sastry,6,0.0001,0.0,0.0,4e-05
Yashawini Solanki,6,0.0001,0.0,0.0,4e-05
Rayaan Malhotra,7,0.0001,0.0,0.0,4e-05
Zayyan Barman,6,0.0001,0.0,0.0,4e-05
Watika Venkatesh,6,0.0001,0.0,0.0,4e-05
Veer Din,6,0.0001,0.0,0.0,4e-05
Kamya Talwar,6,0.0001,0.0,0.0,4e-05
Ekta Sheth,6,0.0001,0.0,0.0,4e-05
Lucky Mand,6,0.0001,0.0,0.0,4e-05
Mitali Kaul,6,0.0001,0.0,0.0,4e-05
Reyansh Chopra,6,0.0001,0.0,0.0,4e-05
Mugdha Borah,6,0.0001,0.0,0.0,4e-05
Rachit Bera,6,0.0001,0.0,0.0,4e-05
Ekaraj Menon,6,0.0001,0.0,0.0,4e-05
Chaitanya Madan,7,0.0001,0.0,0.0,4e-05
Henry Ravi,6,0.0001,0.0,0.0,4e-05
Saksham Kashyap,6,0.0001,0.0,0.0,4e-05
Gopal Vala,6,0.0001,0.0,0.0,4e-05
Ladli Natarajan,6,0.0001,0.0,0.0,4e-05
Dakshesh Mand,6,0.0001,0.0,0.0,4e-05
Lakshit Balay,6,0.0001,0.0,0.0,4e-05
Charan Tak,7,0.0001,0.0,0.0,4e-05
Wahab Walla,6,0.0001,0.0,0.0,4e-05
Jyoti Walla,6,0.0001,0.0,0.0,4e-05
Chakradhar Dara,6,0.0001,0.0,0.0,4e-05
Robert Pai,6,0.0001,0.0,0.0,4e-05
Yatin Bawa,6,0.0001,0.0,0.0,4e-05
Saanvi Bajwa,6,0.0001,0.0,0.0,4e-05
David Patel,6,0.0001,0.0,0.0,4e-05
Girindra Sarma,6,0.0001,0.0,0.0,4e-05
Dalaja Brar,6,0.0001,0.0,0.0,4e-05
Ekanta Saha,6,0.0001,0.0,0.0,4e-05
Yachana Khanna,6,0.0001,0.0,0.0,4e-05
Jairaj Dhar,6,0.0001,0.0,0.0,4e-05
Vritti Murthy,6,0.0001,0.0,0.0,4e-05
Sai Kaur,6,0.0001,0.0,0.0,4e-05
Indrajit Khurana,6,0.0001,0.0,0.0,4e-05
Waida Krishnamurthy,6,0.0001,0.0,0.0,4e-05
Chatura Prabhakar,6,0.0001,0.0,0.0,4e-05
Chaaya Oza,6,0.0001,0.0,0.0,4e-05
Darika Shukla,6,0.0001,0.0,0.0,4e-05
Kritika Sastry,6,0.0001,0.0,0.0,4e-05
Krish Mutti,6,0.0001,0.0,0.0,4e-05
Ubika Sastry,6,0.0001,0.0,0.0,4e-05
Fitan Walia,7,0.0001,0.0,0.0,4e-05
Nitesh Rout,6,0.0001,0.0,0.0,4e-05
Harita Chaudry,6,0.0001,0.0,0.0,4e-05
Mohini Sekhon,6,0.0001,0.0,0.0,4e-05
Ekantika Krish,7,0.0001,0.0,0.0,4e-05
Lajita Doshi,6,0.0001,0.0,0.0,4e-05
Nimrat Pall,6,0.0001,0.0,0.0,4e-05
Vasatika Handa,6,0.0001,0.0,0.0,4e-05
Harita Krishna,6,0.0001,0.0,0.0,4e-05
Oviya Mody,6,0.0001,0.0,0.0,4e-05
Ishaan Venkatesh,6,0.0001,0.0,0.0,4e-05
Gautam Pandya,6,0.0001,0.0,0.0,4e-05
Balendra Sem,6,0.0001,0.0,0.0,4e-05
Tanvi Uppal,6,0.0001,0.0,0.0,4e-05
Udant Sood,6,0.0001,0.0,0.0,4e-05
Dalaja Narasimhan,6,0.0001,0.0,0.0,4e-05
Abeer Agate,6,0.0001,0.0,0.0,4e-05
Indrajit Arya,6,0.0001,0.0,0.0,4e-05
Raghav Bora,6,0.0001,0.0,0.0,4e-05
Upma Pillai,6,0.0001,0.0,0.0,4e-05
Sathvik Nair,6,0.0001,0.0,0.0,4e-05
Aarav Narula,6,0.0001,0.0,0.0,4e-05
Ekavir Mander,6,0.0001,0.0,0.0,4e-05
Brinda Sandal,6,0.0001,0.0,0.0,4e-05
Jagat Murty,6,0.0001,0.0,0.0,4e-05
Samar Chowdhury,6,0.0001,0.0,0.0,4e-05
Shivansh Oommen,6,0.0001,0.0,0.0,4e-05
Baghyawati Dass,6,0.0001,0.0,0.0,4e-05
Yahvi Panchal,6,0.0001,0.0,0.0,4e-05
Anya Sant,6,0.0001,0.0,0.0,4e-05
Samaksh Srinivas,6,0.0001,0.0,0.0,4e-05
Chatresh Kulkarni,6,0.0001,0.0,0.0,4e-05
Lipika Ahluwalia,6,0.0001,0.0,0.0,4e-05
Jacob Saraf,6,0.0001,0.0,0.0,4e-05
Sanaya Lala,6,0.0001,0.0,0.0,4e-05
Mugdha Sangha,6,0.0001,0.0,0.0,4e-05
Reva Ray,6,0.0001,0.0,0.0,4e-05
Manya Bhasin,6,0.0001,0.0,0.0,4e-05
Yoshita Ramesh,6,0.0001,0.0,0.0,4e-05
Janaki Kalita,6,0.0001,0.0,0.0,4e-05
Jyoti Chaudhry,6,0.0001,0.0,0.0,4e-05
Aadhya Ganesh,6,0.0001,0.0,0.0,4e-05
Chandresh Goel,6,0.0001,0.0,0.0,4e-05
Abeer Chakrabarti,6,0.0001,0.0,0.0,4e-05
Krish Dixit,6,0.0001,0.0,0.0,4e-05
Chanchal Parmar,6,0.0001,0.0,0.0,4e-05
Vidhi Bansal,6,0.0001,0.0,0.0,4e-05
Chaman Pall,6,0.0001,0.0,0.0,4e-05
Barkha Parmer,6,0.0001,0.0,0.0,4e-05
Rehaan Chauhan,6,0.0001,0.0,0.0,4e-05
Daksh Sachar,6,0.0001,0.0,0.0,4e-05
Yash Nayar,6,0.0001,0.0,0.0,4e-05
Utkarsh Sandhu,6,0.0001,0.0,0.0,4e-05
Tanveer Tata,6,0.0001,0.0,0.0,4e-05
Naksh Sarma,6,0.0001,0.0,0.0,4e-05
Brijesh Sura,6,0.0001,0.0,0.0,4e-05
Udant Ram,6,0.0001,0.0,0.0,4e-05
Aradhana Barman,6,0.0001,0.0,0.0,4e-05
Azad Sandhu,6,0.0001,0.0,0.0,4e-05
Tanvi Srivastava,6,0.0001,0.0,0.0,4e-05
Rachita Oommen,6,0.0001,0.0,0.0,4e-05
Nirja Mutti,6,0.0001,0.0,0.0,4e-05
Jairaj Banik,6,0.0001,0.0,0.0,4e-05
Ranveer Maharaj,6,0.0001,0.0,0.0,4e-05
Ekaja Mahal,6,0.0001,0.0,0.0,4e-05
Jyoti Wali,6,0.0001,0.0,0.0,4e-05
Upadhriti Natarajan,6,0.0001,0.0,0.0,4e-05
Atharv Khanna,6,0.0001,0.0,0.0,4e-05
Vanya Ahluwalia,6,0.0001,0.0,0.0,4e-05
Aahana Vora,6,0.0001,0.0,0.0,4e-05
Anmol Seth,6,0.0001,0.0,0.0,4e-05
Ikshita Brahmbhatt,6,0.0001,0.0,0.0,4e-05
Yagnesh Samra,6,0.0001,0.0,0.0,4e-05
Aradhana Nazareth,6,0.0001,0.0,0.0,4e-05
Vivaan Rama,7,0.0001,0.0,0.0,4e-05
Frederick Saxena,6,0.0001,0.0,0.0,4e-05
Radha Balakrishnan,6,0.0001,0.0,0.0,4e-05
Ekanta Gade,6,0.0001,0.0,0.0,4e-05
Ojas Bava,6,0.0001,0.0,0.0,4e-05
Omisha Bajwa,6,0.0001,0.0,0.0,4e-05
Darika Taneja,6,0.0001,0.0,0.0,4e-05
Ranveer Jayaraman,6,0.0001,0.0,0.0,4e-05
Mason Randhawa,6,0.0001,0.0,0.0,4e-05
Wazir Sastry,6,0.0001,0.0,0.0,4e-05
Nitesh Sethi,6,0.0001,0.0,0.0,4e-05
Gaurika Palla,6,0.0001,0.0,0.0,4e-05
Ekaja Sastry,6,0.0001,0.0,0.0,4e-05
Aadhya Yogi,6,0.0001,0.0,0.0,4e-05
Ekaraj Butala,6,0.0001,0.0,0.0,4e-05
Damyanti Kanda,6,0.0001,0.0,0.0,4e-05
Fiyaz Bal,6,0.0001,0.0,0.0,4e-05
Charles Kala,6,0.0001,0.0,0.0,4e-05
William Aggarwal,6,0.0001,0.0,0.0,4e-05
Naveen Oak,6,0.0001,0.0,0.0,4e-05
Gopal Bail,6,0.0001,0.0,0.0,4e-05
Hema Rau,6,0.0001,0.0,0.0,4e-05
Vasatika Raj,6,0.0001,0.0,0.0,4e-05
Naveen Ghose,6,0.0001,0.0,0.0,4e-05
Hemangini Shenoy,6,0.0001,0.0,0.0,4e-05
Bishakha Sunder,6,0.0001,0.0,0.0,4e-05
Anika Sane,6,0.0001,0.0,0.0,4e-05
Zaitra Korpal,6,0.0001,0.0,0.0,4e-05
Unnati Walla,6,0.0001,0.0,0.0,4e-05
Elijah Gokhale,6,0.0001,0.0,0.0,4e-05
Vanya Sahota,6,0.0001,0.0,0.0,4e-05
Bhavani Srinivas,6,0.0001,0.0,0.0,4e-05
Jyoti Mandal,6,0.0001,0.0,0.0,4e-05
Bhavna Lal,6,0.0001,0.0,0.0,4e-05
Eshana Raju,6,0.0001,0.0,0.0,4e-05
Teerth Dey,6,0.0001,0.0,0.0,4e-05
Bina Sethi,6,0.0001,0.0,0.0,4e-05
Amol Zacharia,6,0.0001,0.0,0.0,4e-05
Azad Dave,6,0.0001,0.0,0.0,4e-05
Madhav Iyer,6,0.0001,0.0,0.0,4e-05
Chasmum Sanghvi,6,0.0001,0.0,0.0,4e-05
Nirja Vohra,6,0.0001,0.0,0.0,4e-05
Ethan Venkatesh,6,0.0001,0.0,0.0,4e-05
Andrew Palla,6,0.0001,0.0,0.0,4e-05
Quincy Sanghvi,6,0.0001,0.0,0.0,4e-05
Zayan Iyer,6,0.0001,0.0,0.0,4e-05
Ria Banerjee,6,0.0001,0.0,0.0,4e-05
Janani Mand,6,0.0001,0.0,0.0,4e-05
Baghyawati Grewal,7,0.0001,0.0,0.0,4e-05
Daksh Prasad,6,0.0001,0.0,0.0,4e-05
Panini Bhatti,6,0.0001,0.0,0.0,4e-05
Vedant Shanker,6,0.0001,0.0,0.0,4e-05
Ranbir Borah,6,0.0001,0.0,0.0,4e-05
Anya Chana,6,0.0001,0.0,0.0,4e-05
Omisha Merchant,6,0.0001,0.0,0.0,4e-05
Brijesh Bali,6,0.0001,0.0,0.0,4e-05
Ekta Shere,6,0.0001,0.0,0.0,4e-05
Dalbir Narang,6,0.0001,0.0,0.0,4e-05
Jatin Dar,6,0.0001,0.0,0.0,4e-05
Wakeeta Sami,6,0.0001,0.0,0.0,4e-05
Zashil Chakraborty,6,0.0001,0.0,0.0,4e-05
Pallavi Dyal,6,0.0001,0.0,0.0,4e-05
Om Kata,7,0.0001,0.0,0.0,4e-05
Advik Pillay,6,0.0001,0.0,0.0,4e-05
Anthony Upadhyay,6,0.0001,0.0,0.0,4e-05
Suhani Mangat,6,0.0001,0.0,0.0,4e-05
Kai Chauhan,6,0.0001,0.0,0.0,4e-05
Pahal Deol,6,0.0001,0.0,0.0,4e-05
Forum Agrawal,6,0.0001,0.0,0.0,4e-05
Abhimanyu Comar,6,0.0001,0.0,0.0,4e-05
Jagdish Sandhu,6,0.0001,0.0,0.0,4e-05
Advay Raman,6,0.0001,0.0,0.0,4e-05
Kevin Tripathi,6,0.0001,0.0,0.0,4e-05
Aahana Deo,6,0.0001,0.0,0.0,4e-05
Kevin Varughese,6,0.0001,0.0,0.0,4e-05
Rudra Shan,6,0.0001,0.0,0.0,4e-05
Tanvi Kohli,6,0.0001,0.0,0.0,4e-05
Urmi Atwal,6,0.0001,0.0,0.0,4e-05
Yahvi Balasubramanian,6,0.0001,0.0,0.0,4e-05
Warjas Bhagat,6,0.0001,0.0,0.0,4e-05
Kai Ramanathan,6,0.0001,0.0,0.0,4e-05
Advaith Bir,6,0.0001,0.0,0.0,4e-05
Qarin Mandal,6,0.0001,0.0,0.0,4e-05
Kavya Ghose,7,0.0001,0.0,0.0,4e-05
Maanas Palla,6,0.0001,0.0,0.0,4e-05
Anamika Subramanian,6,0.0001,0.0,0.0,4e-05
Rushil Chakraborty,6,0.0001,0.0,0.0,4e-05
Eshana Master,6,0.0001,0.0,0.0,4e-05
Amruta Garg,6,0.0001,0.0,0.0,4e-05
Abhimanyu Dey,6,0.0001,0.0,0.0,4e-05
Lucky Guha,6,0.0001,0.0,0.0,4e-05
Chaman Dixit,6,0.0001,0.0,0.0,4e-05
Vrishti Puri,6,0.0001,0.0,0.0,4e-05
Yahvi Rastogi,6,0.0001,0.0,0.0,4e-05
Karan Mallick,6,0.0001,0.0,0.0,4e-05
Parth Aggarwal,6,0.0001,0.0,0.0,4e-05
Anmol Gupta,6,0.0001,0.0,0.0,4e-05
Christopher Lalla,6,0.0001,0.0,0.0,4e-05
Ikshita Chaudhuri,6,0.0001,0.0,0.0,4e-05
Yamini Golla,7,0.0001,0.0,0.0,4e-05
Nandini Zacharia,6,0.0001,0.0,0.0,4e-05
Pushti Nazareth,6,0.0001,0.0,0.0,4e-05
Sai Sood,6,0.0001,0.0,0.0,4e-05
Ayaan Dhingra,6,0.0001,0.0,0.0,4e-05
Omisha Kamdar,6,0.0001,0.0,0.0,4e-05
Irya Banerjee,6,0.0001,0.0,0.0,4e-05
Yasti Krish,6,0.0001,0.0,0.0,4e-05
Ekavir Walia,6,0.0001,0.0,0.0,4e-05
Ekta Butala,6,0.0001,0.0,0.0,4e-05
Shivani Patla,6,0.0001,0.0,0.0,4e-05
Anjali Prabhu,6,0.0001,0.0,0.0,4e-05
Shivani Mammen,6,0.0001,0.0,0.0,4e-05
Chaitaly Garde,6,0.0001,0.0,0.0,4e-05
Arya Wagle,6,0.0001,0.0,0.0,4e-05
Kevin Pau,7,0.0001,0.0,0.0,4e-05
Viraj Mangat,6,0.0001,0.0,0.0,4e-05
Baghyawati Boase,6,0.0001,0.0,0.0,4e-05
Lekha Choudhry,6,0.0001,0.0,0.0,4e-05
Yashica Nagarajan,6,0.0001,0.0,0.0,4e-05
Tristan Gaba,6,0.0001,0.0,0.0,4e-05
Damini Prasad,6,0.0001,0.0,0.0,4e-05
Nilima Bhatnagar,6,0.0001,0.0,0.0,4e-05
Yash Agarwal,6,0.0001,0.0,0.0,4e-05
Ekansh Pai,6,0.0001,0.0,0.0,4e-05
Omaja Kata,6,0.0001,0.0,0.0,4e-05
Ekaraj Shah,6,0.0001,0.0,0.0,4e-05
Falak Wali,6,0.0001,0.0,0.0,4e-05
Avni Anand,6,0.0001,0.0,0.0,4e-05
Tanvi Wadhwa,6,0.0001,0.0,0.0,4e-05
Rajeshri Lad,6,0.0001,0.0,0.0,4e-05
Zansi Anne,6,0.0001,0.0,0.0,4e-05
Amol Goswami,6,0.0001,0.0,0.0,4e-05
Anirudh Bora,6,0.0001,0.0,0.0,4e-05
Chameli Batra,6,0.0001,0.0,0.0,4e-05
Reva Jhaveri,6,0.0001,0.0,0.0,4e-05
Yauvani Barad,6,0.0001,0.0,0.0,4e-05
Charita Bedi,6,0.0001,0.0,0.0,4e-05
Christopher Chakrabarti,6,0.0001,0.0,0.0,4e-05
Girindra Yohannan,7,0.0001,0.0,0.0,4e-05
Ishwar Sood,6,0.0001,0.0,0.0,4e-05
Wriddhish Chahal,6,0.0001,0.0,0.0,4e-05
Girik Murthy,6,0.0001,0.0,0.0,4e-05
Ira Sule,6,0.0001,0.0,0.0,4e-05
Agastya Hari,6,0.0001,0.0,0.0,4e-05
David Menon,6,0.0001,0.0,0.0,4e-05
Ekaraj Dash,6,0.0001,0.0,0.0,4e-05
Zansi Khanna,6,0.0001,0.0,0.0,4e-05
Dakshesh Pall,6,0.0001,0.0,0.0,4e-05
Zarna Bora,6,0.0001,0.0,0.0,4e-05
Turvi Rao,6,0.0001,0.0,0.0,4e-05
Robert Loke,6,0.0001,0.0,0.0,4e-05
Rishi Zachariah,6,0.0001,0.0,0.0,4e-05
Ubika Verma,6,0.0001,0.0,0.0,4e-05
Hredhaan Sarna,6,0.0001,0.0,0.0,4e-05
Xalak De,6,0.0001,0.0,0.0,4e-05
Hitesh Panchal,6,0.0001,0.0,0.0,4e-05
Pratyush Lall,6,0.0001,0.0,0.0,4e-05
Harish Wali,6,0.0001,0.0,0.0,4e-05
Wakeeta Bail,6,0.0001,0.0,0.0,4e-05
Kamya Wadhwa,6,0.0001,0.0,0.0,4e-05
Samar Raman,6,0.0001,0.0,0.0,4e-05
Aditya Sule,6,0.0001,0.0,0.0,4e-05
Bhavika Oak,6,0.0001,0.0,0.0,4e-05
Advay Sagar,6,0.0001,0.0,0.0,4e-05
Yochana Virk,6,0.0001,0.0,0.0,4e-05
Balendra Sinha,6,0.0001,0.0,0.0,4e-05
Onveer Naik,6,0.0001,0.0,0.0,4e-05
Bina Dalal,6,0.0001,0.0,0.0,4e-05
Yamini Toor,6,0.0001,0.0,0.0,4e-05
Gayathri Wali,6,0.0001,0.0,0.0,4e-05
Aadi Sule,6,0.0001,0.0,0.0,4e-05
Wahab Viswanathan,7,0.0001,0.0,0.0,4e-05
Champak Bhasin,6,0.0001,0.0,0.0,4e-05
Rehaan Yogi,6,0.0001,0.0,0.0,4e-05
Joshua Dugar,6,0.0001,0.0,0.0,4e-05
Diya Mahal,6,0.0001,0.0,0.0,4e-05
Yatan Kothari,7,0.0001,0.0,0.0,4e-05
Shivani Hayre,6,0.0001,0.0,0.0,4e-05
Robert Chhabra,6,0.0001,0.0,0.0,4e-05
Yamini Gandhi,6,0.0001,0.0,0.0,4e-05
Imaran Khanna,6,0.0001,0.0,0.0,4e-05
Harsh Krish,6,0.0001,0.0,0.0,4e-05
George Bobal,6,0.0001,0.0,0.0,4e-05
Ridhi Prabhu,6,0.0001,0.0,0.0,4e-05
Upasna Agarwal,6,0.0001,0.0,0.0,4e-05
Nihal Saran,6,0.0001,0.0,0.0,4e-05
Utkarsh Sodhi,6,0.0001,0.0,0.0,4e-05
Ria Dani,6,0.0001,0.0,0.0,4e-05
Elijah Bawa,6,0.0001,0.0,0.0,4e-05
Jagrati Hayer,6,0.0001,0.0,0.0,4e-05
Anusha Gole,6,0.0001,0.0,0.0,4e-05
Udarsh Sen,6,0.0001,0.0,0.0,4e-05
Hemangini Bhalla,6,0.0001,0.0,0.0,4e-05
Sara Ganesan,6,0.0001,0.0,0.0,4e-05
Nitesh Upadhyay,6,0.0001,0.0,0.0,4e-05
Tanveer More,6,0.0001,0.0,0.0,4e-05
Tanmayi Ratta,6,0.0001,0.0,0.0,4e-05
Wazir Bora,6,0.0001,0.0,0.0,4e-05
Lipika Bora,6,0.0001,0.0,0.0,4e-05
Oviya Kunda,6,0.0001,0.0,0.0,4e-05
Jasmit Chand,6,0.0001,0.0,0.0,4e-05
Rehaan Cherian,6,0.0001,0.0,0.0,4e-05
Hamsini Gour,6,0.0001,0.0,0.0,4e-05
Aarini Nanda,6,0.0001,0.0,0.0,4e-05
Turvi Jha,6,0.0001,0.0,0.0,4e-05
Jonathan Bawa,6,0.0001,0.0,0.0,4e-05
Gagan Bajwa,6,0.0001,0.0,0.0,4e-05
Warinder Vala,6,0.0001,0.0,0.0,4e-05
Mitesh Ahuja,6,0.0001,0.0,0.0,4e-05
Zaid Brahmbhatt,6,0.0001,0.0,0.0,4e-05
Udant Menon,6,0.0001,0.0,0.0,4e-05
Osha Shroff,6,0.0001,0.0,0.0,4e-05
Janani Maharaj,6,0.0001,0.0,0.0,4e-05
Vivaan Borde,6,0.0001,0.0,0.0,4e-05
Nitesh Deshmukh,6,0.0001,0.0,0.0,4e-05
Divya Soman,6,0.0001,0.0,0.0,4e-05
Aarini Sidhu,6,0.0001,0.0,0.0,4e-05
Sachi Rout,6,0.0001,0.0,0.0,4e-05
Oeshi Borde,6,0.0001,0.0,0.0,4e-05
Unnati Babu,6,0.0001,0.0,0.0,4e-05
Wishi Tank,6,0.0001,0.0,0.0,4e-05
Ijaya Arya,6,0.0001,0.0,0.0,4e-05
Pushti Chander,6,0.0001,0.0,0.0,4e-05
William Minhas,6,0.0001,0.0,0.0,4e-05
Lipika Dada,6,0.0001,0.0,0.0,4e-05
Samar Solanki,6,0.0001,0.0,0.0,4e-05
Isha Patil,6,0.0001,0.0,0.0,4e-05
Neha Balasubramanian,6,0.0001,0.0,0.0,4e-05
Gaurav Karnik,6,0.0001,0.0,0.0,4e-05
Raagini Yogi,6,0.0001,0.0,0.0,4e-05
Onveer Som,6,0.0001,0.0,0.0,4e-05
Bimala Prashad,6,0.0001,0.0,0.0,4e-05
Panini Guha,6,0.0001,0.0,0.0,4e-05
Yashodhara Trivedi,6,0.0001,0.0,0.0,4e-05
Udyati Manne,7,0.0001,0.0,0.0,4e-05
Meera Keer,6,0.0001,0.0,0.0,4e-05
Tarak Ghose,6,0.0001,0.0,0.0,4e-05
Triveni Aggarwal,6,0.0001,0.0,0.0,4e-05
Tanveer Kari,6,0.0001,0.0,0.0,4e-05
Ekbal Minhas,6,0.0001,0.0,0.0,4e-05
Aahana Chacko,6,0.0001,0.0,0.0,4e-05
Oni Kaul,6,0.0001,0.0,0.0,4e-05
Ijaya Mannan,6,0.0001,0.0,0.0,4e-05
Anthony Anne,6,0.0001,0.0,0.0,4e-05
Chandresh Ahuja,6,0.0001,0.0,0.0,4e-05
Balendra Pillai,6,0.0001,0.0,0.0,4e-05
Ojas Naik,6,0.0001,0.0,0.0,4e-05
Dalbir Dara,6,0.0001,0.0,0.0,4e-05
Jatin Sani,6,0.0001,0.0,0.0,4e-05
Anthony Hegde,6,0.0001,0.0,0.0,4e-05
Jhalak Nanda,6,0.0001,0.0,0.0,4e-05
Yuvraj Bala,6,0.0001,0.0,0.0,4e-05
Rajeshri Modi,6,0.0001,0.0,0.0,4e-05
Pavani Rajagopal,6,0.0001,0.0,0.0,4e-05
Azad Kapur,6,0.0001,0.0,0.0,4e-05
Pushti Kanda,6,0.0001,0.0,0.0,4e-05
Jacob Bava,6,0.0001,0.0,0.0,4e-05
Osha Rege,6,0.0001,0.0,0.0,4e-05
Abhiram Peri,6,0.0001,0.0,0.0,4e-05
Ridhi Bawa,6,0.0001,0.0,0.0,4e-05
Amara Bains,6,0.0001,0.0,0.0,4e-05
Maanav Dugar,6,0.0001,0.0,0.0,4e-05
Januja Ganesan,6,0.0001,0.0,0.0,4e-05
Siddharth Sibal,6,0.0001,0.0,0.0,4e-05
Chaaya Cherian,6,0.0001,0.0,0.0,4e-05
Abdul Ahluwalia,6,0.0001,0.0,0.0,4e-05
Panini Maharaj,6,0.0001,0.0,0.0,4e-05
Peter Madan,6,0.0001,0.0,0.0,4e-05
Bimala Varkey,6,0.0001,0.0,0.0,4e-05
Sai Kurian,6,0.0001,0.0,0.0,4e-05
William Modi,6,0.0001,0.0,0.0,4e-05
Ayushman Mitter,6,0.0001,0.0,0.0,4e-05
Chakradev Johal,6,0.0001,0.0,0.0,4e-05
Megha Biswas,6,0.0001,0.0,0.0,4e-05
Advika Chaudry,6,0.0001,0.0,0.0,4e-05
Eesha Sule,6,0.0001,0.0,0.0,4e-05
Diya Keer,6,0.0001,0.0,0.0,4e-05
Yadavi Mallick,6,0.0001,0.0,0.0,4e-05
Omaja Raman,6,0.0001,0.0,0.0,4e-05
Turvi Edwin,6,0.0001,0.0,0.0,4e-05
Frederick Sabharwal,6,0.0001,0.0,0.0,4e-05
Alexander Tara,6,0.0001,0.0,0.0,4e-05
Ekapad Sachdeva,6,0.0001,0.0,0.0,4e-05
Chanakya Bava,6,0.0001,0.0,0.0,4e-05
David Shukla,6,0.0001,0.0,0.0,4e-05
Jhalak Bahl,6,0.0001,0.0,0.0,4e-05
Thomas Hayer,6,0.0001,0.0,0.0,4e-05
Indira Mani,6,0.0001,0.0,0.0,4e-05
Yatin Krishna,6,0.0001,0.0,0.0,4e-05
Abeer Hayre,6,0.0001,0.0,0.0,4e-05
Parth Rout,6,0.0001,0.0,0.0,4e-05
Sara Mane,6,0.0001,0.0,0.0,4e-05
Ishanvi Ratti,6,0.0001,0.0,0.0,4e-05
Om Dada,6,0.0001,0.0,0.0,4e-05
Anika Hora,6,0.0001,0.0,0.0,4e-05
Dev Amble,6,0.0001,0.0,0.0,4e-05
Suhani Narasimhan,6,0.0001,0.0,0.0,4e-05
Charles Sawhney,6,0.0001,0.0,0.0,4e-05
Hardik Manne,6,0.0001,0.0,0.0,4e-05
Amol Sethi,6,0.0001,0.0,0.0,4e-05
Ekantika Dar,6,0.0001,0.0,0.0,4e-05
Raksha Sani,6,0.0001,0.0,0.0,4e-05
Onveer Cherian,6,0.0001,0.0,0.0,4e-05
Oliver Sundaram,6,0.0001,0.0,0.0,4e-05
Chaitanya Bhattacharyya,6,0.0001,0.0,0.0,4e-05
Chasmum Dhawan,6,0.0001,0.0,0.0,4e-05
Barkha Rana,6,0.0001,0.0,0.0,4e-05
Yochana Sura,6,0.0001,0.0,0.0,4e-05
Elijah Brar,6,0.0001,0.0,0.0,4e-05
Rajeshri Varughese,6,0.0001,0.0,0.0,4e-05
Qabil Kadakia,6,0.0001,0.0,0.0,4e-05
Yagnesh Gour,6,0.0001,0.0,0.0,4e-05
Leena Gopal,6,0.0001,0.0,0.0,4e-05
Hemani Dass,6,0.0001,0.0,0.0,4e-05
Rehaan Kalita,6,0.0001,0.0,0.0,4e-05
Azad Dugar,6,0.0001,0.0,0.0,4e-05
Vrishti Oak,6,0.0001,0.0,0.0,4e-05
Yagnesh Viswanathan,6,0.0001,0.0,0.0,4e-05
Balendra Date,6,0.0001,0.0,0.0,4e-05
Wridesh Kapur,6,0.0001,0.0,0.0,4e-05
Hitesh Nayar,6,0.0001,0.0,0.0,4e-05
Aditya Chauhan,6,0.0001,0.0,0.0,4e-05
Arya Mitter,6,0.0001,0.0,0.0,4e-05
Daksha Patla,6,0.0001,0.0,0.0,4e-05
Qasim Chand,6,0.0001,0.0,0.0,4e-05
Qushi Dixit,7,0.0001,0.0,0.0,4e-05
Chanchal De,6,0.0001,0.0,0.0,4e-05
Henry Dhar,6,0.0001,0.0,0.0,4e-05
Urvashi Goyal,6,0.0001,0.0,0.0,4e-05
Bimala Sankaran,6,0.0001,0.0,0.0,4e-05
Ekta Sengupta,6,0.0001,0.0,0.0,4e-05
Darika Kohli,6,0.0001,0.0,0.0,4e-05
Alka Bose,6,0.0001,0.0,0.0,4e-05
Mitesh Suri,6,0.0001,0.0,0.0,4e-05
Urmi Chander,6,0.0001,0.0,0.0,4e-05
Saksham Pai,6,0.0001,0.0,0.0,4e-05
Advaith Rana,6,0.0001,0.0,0.0,4e-05
Neha Deshmukh,6,0.0001,0.0,0.0,4e-05
Upadhriti Chad,6,0.0001,0.0,0.0,4e-05
Divya Badal,6,0.0001,0.0,0.0,4e-05
Lopa Balay,6,0.0001,0.0,0.0,4e-05
Charita Dave,6,0.0001,0.0,0.0,4e-05
Jason Gopal,6,0.0001,0.0,0.0,4e-05
Saumya Oak,6,0.0001,0.0,0.0,4e-05
Ishani Bahri,6,0.0001,0.0,0.0,4e-05
Girindra Chaudhry,6,0.0001,0.0,0.0,4e-05
Ikshita Seshadri,6,0.0001,0.0,0.0,4e-05
Diya Dua,6,0.0001,0.0,0.0,4e-05
Niharika Dass,6,0.0001,0.0,0.0,4e-05
Yashica Badami,6,0.0001,0.0,0.0,4e-05
Vedant Gola,6,0.0001,0.0,0.0,4e-05
Triya Grewal,6,0.0001,0.0,0.0,4e-05
Faris Nagar,6,0.0001,0.0,0.0,4e-05
Janaki Natt,6,0.0001,0.0,0.0,4e-05
Yashawini Sethi,6,0.0001,0.0,0.0,4e-05
Hritik Gour,6,0.0001,0.0,0.0,4e-05
Yutika Badal,6,0.0001,0.0,0.0,4e-05
Naveen Korpal,6,0.0001,0.0,0.0,4e-05
Chakradev Suresh,6,0.0001,0.0,0.0,4e-05
Omaja Sankaran,6,0.0001,0.0,0.0,4e-05
Aayush Raju,6,0.0001,0.0,0.0,4e-05
Ekani Manda,6,0.0001,0.0,0.0,4e-05
Girindra Rajagopalan,6,0.0001,0.0,0.0,4e-05
Gabriel Nagy,6,0.0001,0.0,0.0,4e-05
Devansh Lall,7,0.0001,0.0,0.0,4e-05
Gautam Ramachandran,6,0.0001,0.0,0.0,4e-05
Aarna Deol,6,0.0001,0.0,0.0,4e-05
Rajata Cheema,6,0.0001,0.0,0.0,4e-05
Zayyan Mohan,6,0.0001,0.0,0.0,4e-05
Widisha Bala,6,0.0001,0.0,0.0,4e-05
Hiral Khalsa,6,0.0001,0.0,0.0,4e-05
Maya Natarajan,6,0.0001,0.0,0.0,4e-05
Chakrika Naik,6,0.0001,0.0,0.0,4e-05
Dhriti Dugal,6,0.0001,0.0,0.0,4e-05
Sathvik Rastogi,6,0.0001,0.0,0.0,4e-05
Ishanvi Shukla,6,0.0001,0.0,0.0,4e-05
Chaaya Mital,6,0.0001,0.0,0.0,4e-05
Yasti Chahal,6,0.0001,0.0,0.0,4e-05
Nathaniel Dar,6,0.0001,0.0,0.0,4e-05
Timothy Chowdhury,6,0.0001,0.0,0.0,4e-05
Omaja Raval,6,0.0001,0.0,0.0,4e-05
Charles Rattan,6,0.0001,0.0,0.0,4e-05
Hritik Mandal,6,0.0001,0.0,0.0,4e-05
Yashodhara Gupta,6,0.0001,0.0,0.0,4e-05
Anita Subramaniam,6,0.0001,0.0,0.0,4e-05
Noah Ramakrishnan,6,0.0001,0.0,0.0,4e-05
Frederick Basak,6,0.0001,0.0,0.0,4e-05
Ishaan Batta,6,0.0001,0.0,0.0,4e-05
Daksha Guha,6,0.0001,0.0,0.0,4e-05
Hemani Kumar,6,0.0001,0.0,0.0,4e-05
Urishilla Saran,7,0.0001,0.0,0.0,4e-05
Viraj Sanghvi,6,0.0001,0.0,0.0,4e-05
Alka Balay,6,0.0001,0.0,0.0,4e-05
Kevin Shenoy,7,0.0001,0.0,0.0,4e-05
Megha Shan,6,0.0001,0.0,0.0,4e-05
Christopher Karan,6,0.0001,0.0,0.0,4e-05
Advika Narasimhan,6,0.0001,0.0,0.0,4e-05
Veer Chaudry,6,0.0001,0.0,0.0,4e-05
Saumya Muni,6,0.0001,0.0,0.0,4e-05
Aadhya Kara,6,0.0001,0.0,0.0,4e-05
Dayamai Savant,6,0.0001,0.0,0.0,4e-05
Varsha Balay,6,0.0001,0.0,0.0,4e-05
Balhaar Tiwari,6,0.0001,0.0,0.0,4e-05
Unni Desai,6,0.0001,0.0,0.0,4e-05
Madhav Walla,6,0.0001,0.0,0.0,4e-05
Upkaar Murty,7,0.0001,0.0,0.0,4e-05
Frederick Memon,6,0.0001,0.0,0.0,4e-05
Dayita Wable,6,0.0001,0.0,0.0,4e-05
Charita Ratti,6,0.0001,0.0,0.0,4e-05
Triveni Deol,6,0.0001,0.0,0.0,4e-05
Umang Garde,7,0.0001,0.0,0.0,4e-05
Ayush Sunder,7,0.0001,0.0,0.0,4e-05
Umang Dave,6,0.0001,0.0,0.0,4e-05
Michael Peri,6,0.0001,0.0,0.0,4e-05
Nachiket Mall,6,0.0001,0.0,0.0,4e-05
Turvi Bhagat,6,0.0001,0.0,0.0,4e-05
Unni Chadha,6,0.0001,0.0,0.0,4e-05
Anvi Parsa,6,0.0001,0.0,0.0,4e-05
Varsha Kadakia,6,0.0001,0.0,0.0,4e-05
Kashvi Munshi,6,0.0001,0.0,0.0,4e-05
Bimala Bhavsar,6,0.0001,0.0,0.0,4e-05
Dominic Raghavan,6,0.0001,0.0,0.0,4e-05
Hemal Varkey,6,0.0001,0.0,0.0,4e-05
Avi Bandi,6,0.0001,0.0,0.0,4e-05
Osha Gera,6,0.0001,0.0,0.0,4e-05
Arunima Choudhary,6,0.0001,0.0,0.0,4e-05
Sara Chand,6,0.0001,0.0,0.0,4e-05
Jackson Master,6,0.0001,0.0,0.0,4e-05
Dipta Kumar,6,0.0001,0.0,0.0,4e-05
Kabir Ganguly,6,0.0001,0.0,0.0,4e-05
Azad Sanghvi,6,0.0001,0.0,0.0,4e-05
Qushi Bassi,6,0.0001,0.0,0.0,4e-05
Panini Chander,6,0.0001,0.0,0.0,4e-05
Rajeshri Shukla,6,0.0001,0.0,0.0,4e-05
Karan Khosla,6,0.0001,0.0,0.0,4e-05
Harinakshi Chaudhary,6,0.0001,0.0,0.0,4e-05
Mitesh Chanda,6,0.0001,0.0,0.0,4e-05
Dominic Hegde,6,0.0001,0.0,0.0,4e-05
Guneet Khare,6,0.0001,0.0,0.0,4e-05
Gaurang Rattan,6,0.0001,0.0,0.0,4e-05
Pooja Sengupta,6,0.0001,0.0,0.0,4e-05
Baghyawati Ramanathan,6,0.0001,0.0,0.0,4e-05
Ryan Nanda,6,0.0001,0.0,0.0,4e-05
Peter Natt,6,0.0001,0.0,0.0,4e-05
Qabil Mangat,6,0.0001,0.0,0.0,4e-05
Damyanti Parmer,6,0.0001,0.0,0.0,4e-05
Arjun Ranganathan,6,0.0001,0.0,0.0,4e-05
Brinda Swaminathan,6,0.0001,0.0,0.0,4e-05
Jai Srinivasan,6,0.0001,0.0,0.0,4e-05
Chatresh Chatterjee,6,0.0001,0.0,0.0,4e-05
Kamya Barman,6,0.0001,0.0,0.0,4e-05
Omisha Zacharia,6,0.0001,0.0,0.0,4e-05
Caleb Singh,6,0.0001,0.0,0.0,4e-05
Harinakshi Chhabra,6,0.0001,0.0,0.0,4e-05
Upma Thaker,6,0.0001,0.0,0.0,4e-05
Warjas Narayanan,6,0.0001,0.0,0.0,4e-05
Orinder Mohan,6,0.0001,0.0,0.0,4e-05
Janya Dani,6,0.0001,0.0,0.0,4e-05
Garima Kapur,6,0.0001,0.0,0.0,4e-05
Qushi Grewal,6,0.0001,0.0,0.0,4e-05
Sarthak Raghavan,6,0.0001,0.0,0.0,4e-05
Rayaan Venkataraman,6,0.0001,0.0,0.0,4e-05
Neha Rattan,6,0.0001,0.0,0.0,4e-05
Libni Muni,6,0.0001,0.0,0.0,4e-05
Ridhi Sem,6,0.0001,0.0,0.0,4e-05
Amol Shanker,6,0.0001,0.0,0.0,4e-05
Manbir Rout,6,0.0001,0.0,0.0,4e-05
Amrita Bahri,6,0.0001,0.0,0.0,4e-05
Fariq Raghavan,6,0.0001,0.0,0.0,4e-05
Bachittar Muni,6,0.0001,0.0,0.0,4e-05
Panini Din,6,0.0001,0.0,0.0,4e-05
Ranveer Lata,6,0.0001,0.0,0.0,4e-05
Champak Bhatti,6,0.0001,0.0,0.0,4e-05
Victor Arora,7,0.0001,0.0,0.0,4e-05
Jairaj Kala,6,0.0001,0.0,0.0,4e-05
Amaira Chauhan,6,0.0001,0.0,0.0,4e-05
Lavanya Kari,6,0.0001,0.0,0.0,4e-05
Upasna Batta,6,0.0001,0.0,0.0,4e-05
Chatresh Kapur,6,0.0001,0.0,0.0,4e-05
Abhimanyu Dhaliwal,7,0.0001,0.0,0.0,4e-05
Charles Sehgal,6,0.0001,0.0,0.0,4e-05
Finn Shah,6,0.0001,0.0,0.0,4e-05
Lohit Bansal,6,0.0001,0.0,0.0,4e-05
Samesh Ranganathan,6,0.0001,0.0,0.0,4e-05
Urmi Bhavsar,6,0.0001,0.0,0.0,4e-05
Yash Thaker,6,0.0001,0.0,0.0,4e-05
Anamika Pillay,6,0.0001,0.0,0.0,4e-05
Nandini Kade,6,0.0001,0.0,0.0,4e-05
Wakeeta Rana,6,0.0001,0.0,0.0,4e-05
Nicholas Sheth,6,0.0001,0.0,0.0,4e-05
Abha Parsa,6,0.0001,0.0,0.0,4e-05
Madhav Deo,6,0.0001,0.0,0.0,4e-05
Harshil Suri,6,0.0001,0.0,0.0,4e-05
Umang Malhotra,6,0.0001,0.0,0.0,4e-05
Nitesh Swaminathan,6,0.0001,0.0,0.0,4e-05
Bishakha Lanka,6,0.0001,0.0,0.0,4e-05
Indali Menon,6,0.0001,0.0,0.0,4e-05
Lohit Gaba,6,0.0001,0.0,0.0,4e-05
Bhavani Devan,6,0.0001,0.0,0.0,4e-05
Rachit Babu,6,0.0001,0.0,0.0,4e-05
Girindra Chandran,6,0.0001,0.0,0.0,4e-05
Ekavir Pant,6,0.0001,0.0,0.0,4e-05
Gabriel Sinha,6,0.0001,0.0,0.0,4e-05
Samarth Mahajan,6,0.0001,0.0,0.0,4e-05
Leena Mutti,6,0.0001,0.0,0.0,4e-05
Gagan Keer,6,0.0001,0.0,0.0,4e-05
Ronith Sawhney,6,0.0001,0.0,0.0,4e-05
Anthony Shanker,6,0.0001,0.0,0.0,4e-05
Chatura Suresh,6,0.0001,0.0,0.0,4e-05
Sarthak Murty,6,0.0001,0.0,0.0,4e-05
Reyansh Rajagopalan,6,0.0001,0.0,0.0,4e-05
Chaman Hayre,6,0.0001,0.0,0.0,4e-05
Isha Viswanathan,7,0.0001,0.0,0.0,4e-05
Jai Iyer,6,0.0001,0.0,0.0,4e-05
Joshua Patel,6,0.0001,0.0,0.0,4e-05
Lakshmi Palan,6,0.0001,0.0,0.0,4e-05
Lekha Keer,6,0.0001,0.0,0.0,4e-05
Lakshit Wason,6,0.0001,0.0,0.0,4e-05
Advika Patla,6,0.0001,0.0,0.0,4e-05
Amara Bajwa,6,0.0001,0.0,0.0,4e-05
Jagat Bhalla,6,0.0001,0.0,0.0,4e-05
Bahadurjit Mann,6,0.0001,0.0,0.0,4e-05
Arya Mann,6,0.0001,0.0,0.0,4e-05
Yashvi Sandal,7,0.0001,0.0,0.0,4e-05
Rachit Nair,7,0.0001,0.0,0.0,4e-05
Osha Nagarajan,6,0.0001,0.0,0.0,4e-05
Dakshesh Sridhar,6,0.0001,0.0,0.0,4e-05
Oviya Chakraborty,6,0.0001,0.0,0.0,4e-05
Tanveer Kaur,6,0.0001,0.0,0.0,4e-05
Ayaan Nadkarni,6,0.0001,0.0,0.0,4e-05
Theodore Krishnan,6,0.0001,0.0,0.0,4e-05
Ekta Mammen,6,0.0001,0.0,0.0,4e-05
Vinaya Dalal,6,0.0001,0.0,0.0,4e-05
Gayathri Gokhale,6,0.0001,0.0,0.0,4e-05
Avi Sachdev,6,0.0001,0.0,0.0,4e-05
Niharika Mane,6,0.0001,0.0,0.0,4e-05
Prisha Tella,6,0.0001,0.0,0.0,4e-05
Indrajit Ramaswamy,6,0.0001,0.0,0.0,4e-05
Vincent Ganesh,6,0.0001,0.0,0.0,4e-05
Chandresh Sachar,6,0.0001,0.0,0.0,4e-05
Pushti Maharaj,6,0.0001,0.0,0.0,4e-05
Zaitra Dora,6,0.0001,0.0,0.0,4e-05
Arunima Chatterjee,6,0.0001,0.0,0.0,4e-05
Varsha Bhakta,6,0.0001,0.0,0.0,4e-05
Anusha Narasimhan,6,0.0001,0.0,0.0,4e-05
Peter Sule,6,0.0001,0.0,0.0,4e-05
Naveen Batta,6,0.0001,0.0,0.0,4e-05
Samarth Basu,6,0.0001,0.0,0.0,4e-05
Vaishnavi Dara,6,0.0001,0.0,0.0,4e-05
Wazir Bala,6,0.0001,0.0,0.0,4e-05
Vrinda Sundaram,6,0.0001,0.0,0.0,4e-05
Vasudha Dhingra,6,0.0001,0.0,0.0,4e-05
Girindra Rao,6,0.0001,0.0,0.0,4e-05
Adya Gandhi,6,0.0001,0.0,0.0,4e-05
Zarna Seshadri,6,0.0001,0.0,0.0,4e-05
Ekbal Modi,6,0.0001,0.0,0.0,4e-05
Rachana Kothari,6,0.0001,0.0,0.0,4e-05
Saumya Chokshi,6,0.0001,0.0,0.0,4e-05
Gunbir Issac,6,0.0001,0.0,0.0,4e-05
Aadhya Bahl,6,0.0001,0.0,0.0,4e-05
Ojas Apte,6,0.0001,0.0,0.0,4e-05
Jason Datta,6,0.0001,0.0,0.0,4e-05
Jagrati Borde,6,0.0001,0.0,0.0,4e-05
Ojas Dhingra,6,0.0001,0.0,0.0,4e-05
Triveni Pai,6,0.0001,0.0,0.0,4e-05
Upkaar Ghose,6,0.0001,0.0,0.0,4e-05
Nidra Patel,6,0.0001,0.0,0.0,4e-05
Yashica Bajaj,6,0.0001,0.0,0.0,4e-05
Ucchal Raj,6,0.0001,0.0,0.0,4e-05
Janani Guha,6,0.0001,0.0,0.0,4e-05
Atharv Nayak,6,0.0001,0.0,0.0,4e-05
Hemangini Muni,6,0.0001,0.0,0.0,4e-05
Sneha Lad,6,0.0001,0.0,0.0,4e-05
Dayita Tella,6,0.0001,0.0,0.0,4e-05
Garima Dutt,6,0.0001,0.0,0.0,4e-05
Qabil Madan,6,0.0001,0.0,0.0,4e-05
Yutika Raman,6,0.0001,0.0,0.0,4e-05
Warda Mistry,6,0.0001,0.0,0.0,4e-05
Yoshita Oommen,6,0.0001,0.0,0.0,4e-05
Rachit Basak,6,0.0001,0.0,0.0,4e-05
Yashvi Borah,6,0.0001,0.0,0.0,4e-05
Aayush Dayal,6,0.0001,0.0,0.0,4e-05
Rehaan Sridhar,6,0.0001,0.0,0.0,4e-05
Triya Bal,6,0.0001,0.0,0.0,4e-05
Gaurika Barad,6,0.0001,0.0,0.0,4e-05
Sai Dhingra,6,0.0001,0.0,0.0,4e-05
Ishita Roy,6,0.0001,0.0,0.0,4e-05
Aarush Ranganathan,6,0.0001,0.0,0.0,4e-05
Madhav Goswami,6,0.0001,0.0,0.0,4e-05
Zayan Khare,6,0.0001,0.0,0.0,4e-05
Jeremiah Goyal,6,0.0001,0.0,0.0,4e-05
Kamala Mann,6,0.0001,0.0,0.0,4e-05
Darika Dhillon,6,0.0001,0.0,0.0,4e-05
Girik Soni,6,0.0001,0.0,0.0,4e-05
Bhavika Minhas,6,0.0001,0.0,0.0,4e-05
Upasna Behl,6,0.0001,0.0,0.0,4e-05
Darsh Dhingra,6,0.0001,0.0,0.0,4e-05
Frado Mohanty,6,0.0001,0.0,0.0,4e-05
Saksham Bose,6,0.0001,0.0,0.0,4e-05
Oviya Wali,6,0.0001,0.0,0.0,4e-05
Janya Kumar,6,0.0001,0.0,0.0,4e-05
Sai Barad,7,0.0001,0.0,0.0,4e-05
William Singh,6,0.0001,0.0,0.0,4e-05
Oni Dey,6,0.0001,0.0,0.0,4e-05
Zayyan Agarwal,6,0.0001,0.0,0.0,4e-05
Abhimanyu Ganguly,6,0.0001,0.0,0.0,4e-05
Gunbir Wadhwa,6,0.0001,0.0,0.0,4e-05
Wridesh Patla,6,0.0001,0.0,0.0,4e-05
Alka Tak,6,0.0001,0.0,0.0,4e-05
Aayush Anand,6,0.0001,0.0,0.0,4e-05
Warinder Panchal,6,0.0001,0.0,0.0,4e-05
Mitali Pal,6,0.0001,0.0,0.0,4e-05
Chaaya Dada,6,0.0001,0.0,0.0,4e-05
Aarnav Kuruvilla,6,0.0001,0.0,0.0,4e-05
Pranit Khanna,6,0.0001,0.0,0.0,4e-05
David Das,6,0.0001,0.0,0.0,4e-05
Falguni Dhingra,6,0.0001,0.0,0.0,4e-05
Nimrat Pradhan,7,0.0001,0.0,0.0,4e-05
Keya Bassi,6,0.0001,0.0,0.0,4e-05
Libni Hora,6,0.0001,0.0,0.0,4e-05
Saksham Narula,6,0.0001,0.0,0.0,4e-05
Hiral Singh,6,0.0001,0.0,0.0,4e-05
Tripti Sibal,6,0.0001,0.0,0.0,4e-05
Ojas Comar,6,0.0001,0.0,0.0,4e-05
Pushti Ratta,6,0.0001,0.0,0.0,4e-05
Peter Sachdeva,6,0.0001,0.0,0.0,4e-05
Manan Viswanathan,6,0.0001,0.0,0.0,4e-05
Odika Behl,6,0.0001,0.0,0.0,4e-05
Udyati Garde,6,0.0001,0.0,0.0,4e-05
Kavya Varghese,6,0.0001,0.0,0.0,4e-05
Chakradev Acharya,6,0.0001,0.0,0.0,4e-05
Widisha Thaker,6,0.0001,0.0,0.0,4e-05
Dhruv Ganguly,6,0.0001,0.0,0.0,4e-05
Aarna Dhawan,6,0.0001,0.0,0.0,4e-05
Michael Ravel,6,0.0001,0.0,0.0,4e-05
Chanakya Sami,6,0.0001,0.0,0.0,4e-05
Baghyawati Jaggi,6,0.0001,0.0,0.0,4e-05
Amruta Dhawan,6,0.0001,0.0,0.0,4e-05
Deepa Babu,6,0.0001,0.0,0.0,4e-05
Parth Karan,6,0.0001,0.0,0.0,4e-05
Amrita Rege,6,0.0001,0.0,0.0,4e-05
Gopal Parmar,6,0.0001,0.0,0.0,4e-05
Jacob Choudhury,6,0.0001,0.0,0.0,4e-05
Darsh Wali,6,0.0001,0.0,0.0,4e-05
Suhani Kuruvilla,6,0.0001,0.0,0.0,4e-05
Gagan Kumar,6,0.0001,0.0,0.0,4e-05
Vrishti Andra,6,0.0001,0.0,0.0,4e-05
Vamakshi Batta,6,0.0001,0.0,0.0,4e-05
Banjeet Vala,6,0.0001,0.0,0.0,4e-05
Max Korpal,6,0.0001,0.0,0.0,4e-05
Jai Dua,6,0.0001,0.0,0.0,4e-05
Hamsini Roy,6,0.0001,0.0,0.0,4e-05
Saumya Dani,6,0.0001,0.0,0.0,4e-05
Zaitra Dewan,6,0.0001,0.0,0.0,4e-05
Geetika Kumar,6,0.0001,0.0,0.0,4e-05
Andrew Dube,6,0.0001,0.0,0.0,4e-05
Joshua Atwal,6,0.0001,0.0,0.0,4e-05
Harshil Mahajan,6,0.0001,0.0,0.0,4e-05
Darika Sandhu,6,0.0001,0.0,0.0,4e-05
Reyansh Walla,6,0.0001,0.0,0.0,4e-05
Rajata Nadkarni,6,0.0001,0.0,0.0,4e-05
Abeer Goswami,6,0.0001,0.0,0.0,4e-05
Bahadurjit Bose,6,0.0001,0.0,0.0,4e-05
Chaitanya Toor,6,0.0001,0.0,0.0,4e-05
Harshil Basu,6,0.0001,0.0,0.0,4e-05
Pushti Grewal,6,0.0001,0.0,0.0,4e-05
Yadavi Morar,6,0.0001,0.0,0.0,4e-05
Siddharth Pau,6,0.0001,0.0,0.0,4e-05
Keya Brar,6,0.0001,0.0,0.0,4e-05
Hitesh Vala,6,0.0001,0.0,0.0,4e-05
Darsh Nazareth,6,0.0001,0.0,0.0,4e-05
Edhitha Nadig,6,0.0001,0.0,0.0,4e-05
Wriddhish Deep,6,0.0001,0.0,0.0,4e-05
Robert Kara,6,0.0001,0.0,0.0,4e-05
Bhavika Dalal,6,0.0001,0.0,0.0,4e-05
Ranbir Devi,6,0.0001,0.0,0.0,4e-05
Vyanjana Gandhi,6,0.0001,0.0,0.0,4e-05
Turvi Deo,6,0.0001,0.0,0.0,4e-05
Zayyan Chokshi,6,0.0001,0.0,0.0,4e-05
Nisha Radhakrishnan,6,0.0001,0.0,0.0,4e-05
Janani Pau,6,0.0001,0.0,0.0,4e-05
Ekalinga Kar,6,0.0001,0.0,0.0,4e-05
Quincy Dalal,6,0.0001,0.0,0.0,4e-05
Yashodhara Behl,6,0.0001,0.0,0.0,4e-05
Peter Dani,6,0.0001,0.0,0.0,4e-05
Zashil Nanda,6,0.0001,0.0,0.0,4e-05
Veer Tata,6,0.0001,0.0,0.0,4e-05
Matthew Varty,6,0.0001,0.0,0.0,4e-05
Aachal Agarwal,6,0.0001,0.0,0.0,4e-05
Dipta Sridhar,6,0.0001,0.0,0.0,4e-05
Reva Dash,6,0.0001,0.0,0.0,4e-05
Lakshit Pradhan,6,0.0001,0.0,0.0,4e-05
Meghana Kala,6,0.0001,0.0,0.0,4e-05
Hemangini Raman,6,0.0001,0.0,0.0,4e-05
Ekalinga Bhasin,6,0.0001,0.0,0.0,4e-05
Jack Chacko,6,0.0001,0.0,0.0,4e-05
Hema Chand,6,0.0001,0.0,0.0,4e-05
Om Rastogi,7,0.0001,0.0,0.0,4e-05
Warhi Gaba,6,0.0001,0.0,0.0,4e-05
Krishna Ramakrishnan,6,0.0001,0.0,0.0,4e-05
Reva Gara,6,0.0001,0.0,0.0,4e-05
Ekta Thaman,7,0.0001,0.0,0.0,4e-05
Hemangini Sahota,6,0.0001,0.0,0.0,4e-05
Parth Gola,6,0.0001,0.0,0.0,4e-05
Faraj Vyas,6,0.0001,0.0,0.0,4e-05
Shaurya Sangha,6,0.0001,0.0,0.0,4e-05
Adya Sood,6,0.0001,0.0,0.0,4e-05
Jeevika Pau,6,0.0001,0.0,0.0,4e-05
Pushti Chhabra,6,0.0001,0.0,0.0,4e-05
Sudiksha Goyal,6,0.0001,0.0,0.0,4e-05
Omkaar Raju,6,0.0001,0.0,0.0,4e-05
Adweta Kanda,6,0.0001,0.0,0.0,4e-05
Diya Bahri,6,0.0001,0.0,0.0,4e-05
Ishanvi Agate,6,0.0001,0.0,0.0,4e-05
Baghyawati Kapoor,6,0.0001,0.0,0.0,4e-05
Girindra Nazareth,6,0.0001,0.0,0.0,4e-05
Theodore Chand,6,0.0001,0.0,0.0,4e-05
Chaitanya Kunda,6,0.0001,0.0,0.0,4e-05
Wyatt Dugar,6,0.0001,0.0,0.0,4e-05
Dayita Oak,6,0.0001,0.0,0.0,4e-05
Yadavi Chauhan,6,0.0001,0.0,0.0,4e-05
Ganga Parmer,6,0.0001,0.0,0.0,4e-05
Brijesh Zachariah,6,0.0001,0.0,0.0,4e-05
Osha Rattan,6,0.0001,0.0,0.0,4e-05
Ekaja Chatterjee,6,0.0001,0.0,0.0,4e-05
Aditya Kata,6,0.0001,0.0,0.0,4e-05
Triya Iyengar,6,0.0001,0.0,0.0,4e-05
Yashoda Kulkarni,6,0.0001,0.0,0.0,4e-05
Yashodhara Patla,6,0.0001,0.0,0.0,4e-05
Tripti Shukla,6,0.0001,0.0,0.0,4e-05
Ojas Patil,6,0.0001,0.0,0.0,4e-05
Oliver Palla,6,0.0001,0.0,0.0,4e-05
Niharika Ahuja,6,0.0001,0.0,0.0,4e-05
Sathvik Ramachandran,6,0.0001,0.0,0.0,4e-05
Pratyush Bhalla,6,0.0001,0.0,0.0,4e-05
Falak Hans,6,0.0001,0.0,0.0,4e-05
Champak Rastogi,6,0.0001,0.0,0.0,4e-05
Vedant Parmer,6,0.0001,0.0,0.0,4e-05
Warjas Dara,6,0.0001,0.0,0.0,4e-05
Dipta Jayaraman,6,0.0001,0.0,0.0,4e-05
Saksham Raja,6,0.0001,0.0,0.0,4e-05
Ekanta Tailor,6,0.0001,0.0,0.0,4e-05
Ethan Varty,6,0.0001,0.0,0.0,4e-05
Ekaraj Boase,6,0.0001,0.0,0.0,4e-05
Zayan Mann,6,0.0001,0.0,0.0,4e-05
Rushil Nori,6,0.0001,0.0,0.0,4e-05
Hemal Balasubramanian,6,0.0001,0.0,0.0,4e-05
Saanvi Khare,6,0.0001,0.0,0.0,4e-05
Jacob Minhas,6,0.0001,0.0,0.0,4e-05
Fiyaz Pradhan,6,0.0001,0.0,0.0,4e-05
Owen Mangal,6,0.0001,0.0,0.0,4e-05
Yadavi Rastogi,6,0.0001,0.0,0.0,4e-05
Avni Jha,6,0.0001,0.0,0.0,4e-05
Widisha Bassi,6,0.0001,0.0,0.0,4e-05
Mitali Mohan,6,0.0001,0.0,0.0,4e-05
Warda Varghese,6,0.0001,0.0,0.0,4e-05
Xiti Ben,6,0.0001,0.0,0.0,4e-05
Gagan Iyer,6,0.0001,0.0,0.0,4e-05
Hemal Mandal,6,0.0001,0.0,0.0,4e-05
Vasana Viswanathan,6,0.0001,0.0,0.0,4e-05
Bhavna Ganesan,6,0.0001,0.0,0.0,4e-05
Zayyan Apte,6,0.0001,0.0,0.0,4e-05
Adya Ahluwalia,6,0.0001,0.0,0.0,4e-05
Hritik Ben,6,0.0001,0.0,0.0,4e-05
Zashil Dhar,6,0.0001,0.0,0.0,4e-05
Bahadurjit Ghosh,6,0.0001,0.0,0.0,4e-05
Ekantika Bedi,6,0.0001,0.0,0.0,4e-05
Vansha Jaggi,6,0.0001,0.0,0.0,4e-05
Daksh Srinivasan,6,0.0001,0.0,0.0,4e-05
Ojasvi Warrior,6,0.0001,0.0,0.0,4e-05
Gayathri Bhattacharyya,6,0.0001,0.0,0.0,4e-05
Prisha Uppal,6,0.0001,0.0,0.0,4e-05
Kevin Keer,6,0.0001,0.0,0.0,4e-05
Ikshita Dhar,6,0.0001,0.0,0.0,4e-05
Ekani Dugar,6,0.0001,0.0,0.0,4e-05
Yuvraj Rana,6,0.0001,0.0,0.0,4e-05
Sudiksha Bose,6,0.0001,0.0,0.0,4e-05
Aachal Prasad,6,0.0001,0.0,0.0,4e-05
Idika Wali,6,0.0001,0.0,0.0,4e-05
Vritti Peri,6,0.0001,0.0,0.0,4e-05
Dhruv Handa,6,0.0001,0.0,0.0,4e-05
Zayyan Yohannan,6,0.0001,0.0,0.0,4e-05
Oni Rout,6,0.0001,0.0,0.0,4e-05
Akshay Srinivas,6,0.0001,0.0,0.0,4e-05
Panini Patel,6,0.0001,0.0,0.0,4e-05
Max Salvi,6,0.0001,0.0,0.0,4e-05
Udyati Jaggi,6,0.0001,0.0,0.0,4e-05
Maanas Gaba,6,0.0001,0.0,0.0,4e-05
Nidhi Lad,6,0.0001,0.0,0.0,4e-05
Gautami Mutti,6,0.0001,0.0,0.0,4e-05
Agastya Chacko,6,0.0001,0.0,0.0,4e-05
Jagdish Char,6,0.0001,0.0,0.0,4e-05
Geetika Biswas,6,0.0001,0.0,0.0,4e-05
Varsha Bhavsar,6,0.0001,0.0,0.0,4e-05
Teerth Chandran,6,0.0001,0.0,0.0,4e-05
Balhaar Narain,6,0.0001,0.0,0.0,4e-05
Tanish Bir,6,0.0001,0.0,0.0,4e-05
Jairaj Batta,6,0.0001,0.0,0.0,4e-05
Mohammed Ghose,6,0.0001,0.0,0.0,4e-05
Fiyaz Dugar,6,0.0001,0.0,0.0,4e-05
Widisha Nagy,6,0.0001,0.0,0.0,4e-05
Joshua Sha,6,0.0001,0.0,0.0,4e-05
Yahvi Mani,6,0.0001,0.0,0.0,4e-05
Madhavi Joshi,6,0.0001,0.0,0.0,4e-05
Frado Narasimhan,6,0.0001,0.0,0.0,4e-05
Janaki Nagarajan,6,0.0001,0.0,0.0,4e-05
Udyati Chopra,7,0.0001,0.0,0.0,4e-05
Meera Shetty,6,0.0001,0.0,0.0,4e-05
Sachi Sundaram,6,0.0001,0.0,0.0,4e-05
Shivani Chander,6,0.0001,0.0,0.0,4e-05
Christopher Deshpande,6,0.0001,0.0,0.0,4e-05
Girik Chokshi,6,0.0001,0.0,0.0,4e-05
Wridesh Bal,6,0.0001,0.0,0.0,4e-05
Vidhi De,6,0.0001,0.0,0.0,4e-05
Pahal Gill,6,0.0001,0.0,0.0,4e-05
Zehaan Comar,6,0.0001,0.0,0.0,4e-05
Upasna Butala,6,0.0001,0.0,0.0,4e-05
Max Choudhary,6,0.0001,0.0,0.0,4e-05
Omkaar Subramanian,6,0.0001,0.0,0.0,4e-05
Mekhala Chakrabarti,6,0.0001,0.0,0.0,4e-05
Xalak Din,6,0.0001,0.0,0.0,4e-05
Dev Koshy,6,0.0001,0.0,0.0,4e-05
Kamala Choudhary,6,0.0001,0.0,0.0,4e-05
Warda Khanna,6,0.0001,0.0,0.0,4e-05
Rachana Handa,6,0.0001,0.0,0.0,4e-05
Aarna Mittal,6,0.0001,0.0,0.0,4e-05
Nicholas Butala,6,0.0001,0.0,0.0,4e-05
Maanav Khalsa,6,0.0001,0.0,0.0,4e-05
Dipta Ahluwalia,6,0.0001,0.0,0.0,4e-05
Karan Kale,6,0.0001,0.0,0.0,4e-05
Hemani Subramaniam,6,0.0001,0.0,0.0,4e-05
Aarush Loyal,6,0.0001,0.0,0.0,4e-05
Barkha Rau,6,0.0001,0.0,0.0,4e-05
Fiyaz Chana,6,0.0001,0.0,0.0,4e-05
Ekiya Bal,6,0.0001,0.0,0.0,4e-05
Ekalinga Bir,6,0.0001,0.0,0.0,4e-05
Ati Kibe,6,0.0001,0.0,0.0,4e-05
Nisha Sampath,6,0.0001,0.0,0.0,4e-05
Zehaan Bansal,6,0.0001,0.0,0.0,4e-05
Upasna Hari,6,0.0001,0.0,0.0,4e-05
Yashasvi Behl,6,0.0001,0.0,0.0,4e-05
Falak Mallick,6,0.0001,0.0,0.0,4e-05
Nachiket Zachariah,6,0.0001,0.0,0.0,4e-05
Luke Tara,7,0.0001,0.0,0.0,4e-05
Elijah Sawhney,6,0.0001,0.0,0.0,4e-05
Zehaan Aggarwal,6,0.0001,0.0,0.0,4e-05
Geetika Ghose,6,0.0001,0.0,0.0,4e-05
Amol Ramakrishnan,6,0.0001,0.0,0.0,4e-05
Falan Cheema,6,0.0001,0.0,0.0,4e-05
Bachittar Ranganathan,6,0.0001,0.0,0.0,4e-05
Chakrika Sahni,6,0.0001,0.0,0.0,4e-05
Tejas Lall,6,0.0001,0.0,0.0,4e-05
Idika Bali,6,0.0001,0.0,0.0,4e-05
Vaishnavi Mitter,6,0.0001,0.0,0.0,4e-05
Abeer Purohit,7,0.0001,0.0,0.0,4e-05
Wridesh Bajaj,6,0.0001,0.0,0.0,4e-05
Hredhaan Goswami,6,0.0001,0.0,0.0,4e-05
Ayaan Bera,6,0.0001,0.0,0.0,4e-05
Ekapad Rai,6,0.0001,0.0,0.0,4e-05
Gaurav Jayaraman,6,0.0001,0.0,0.0,4e-05
Yashawini Mohanty,6,0.0001,0.0,0.0,4e-05
Abeer Nagy,6,0.0001,0.0,0.0,4e-05
Vrishti Varughese,6,0.0001,0.0,0.0,4e-05
Eesha Keer,6,0.0001,0.0,0.0,4e-05
Jeet Iyer,6,0.0001,0.0,0.0,4e-05
Lakshmi Radhakrishnan,6,0.0001,0.0,0.0,4e-05
Rachita Balan,6,0.0001,0.0,0.0,4e-05
Balveer Bali,6,0.0001,0.0,0.0,4e-05
Omkaar Thaman,6,0.0001,0.0,0.0,4e-05
Maanav Sandal,6,0.0001,0.0,0.0,4e-05
Frado Nazareth,6,0.0001,0.0,0.0,4e-05
Rehaan Agrawal,6,0.0001,0.0,0.0,4e-05
Faraj Iyer,6,0.0001,0.0,0.0,4e-05
Chaman Yohannan,6,0.0001,0.0,0.0,4e-05
Aarush Lad,6,0.0001,0.0,0.0,4e-05
Raagini Parsa,6,0.0001,0.0,0.0,4e-05
Sai Agate,6,0.0001,0.0,0.0,4e-05
Ekanta Sur,6,0.0001,0.0,0.0,4e-05
Lila Seth,6,0.0001,0.0,0.0,4e-05
Faraj Prabhakar,6,0.0001,0.0,0.0,4e-05
Ati Bhavsar,6,0.0001,0.0,0.0,4e-05
Patrick Mahajan,6,0.0001,0.0,0.0,4e-05
Isaiah Handa,6,0.0001,0.0,0.0,4e-05
Aradhana Natarajan,6,0.0001,0.0,0.0,4e-05
Charan Sodhi,6,0.0001,0.0,0.0,4e-05
Chatresh Gole,6,0.0001,0.0,0.0,4e-05
Nathan Sidhu,6,0.0001,0.0,0.0,4e-05
Chakradhar Narain,7,0.0001,0.0,0.0,4e-05
Ira Datta,6,0.0001,0.0,0.0,4e-05
Yatan Kannan,6,0.0001,0.0,0.0,4e-05
Qarin Goyal,6,0.0001,0.0,0.0,4e-05
Zehaan Bobal,6,0.0001,0.0,0.0,4e-05
Azaan Sankaran,6,0.0001,0.0,0.0,4e-05
Ati Wadhwa,6,0.0001,0.0,0.0,4e-05
Advika Goda,6,0.0001,0.0,0.0,4e-05
Gautami Thaker,6,0.0001,0.0,0.0,4e-05
Tristan Viswanathan,6,0.0001,0.0,0.0,4e-05
Arya Iyengar,6,0.0001,0.0,0.0,4e-05
Sachi Sem,6,0.0001,0.0,0.0,4e-05
Vedhika Agarwal,6,0.0001,0.0,0.0,4e-05
Jack Deo,6,0.0001,0.0,0.0,4e-05
Ekansh Dave,6,0.0001,0.0,0.0,4e-05
Luke Bhakta,6,0.0001,0.0,0.0,4e-05
Mohammed Pant,7,0.0001,0.0,0.0,4e-05
Qasim Hora,6,0.0001,0.0,0.0,4e-05
Lajita Upadhyay,6,0.0001,0.0,0.0,4e-05
Yashasvi Sunder,6,0.0001,0.0,0.0,4e-05
Mahika Zachariah,6,0.0001,0.0,0.0,4e-05
Charita Garde,6,0.0001,0.0,0.0,4e-05
Janani Johal,6,0.0001,0.0,0.0,4e-05
Ayushman Dugal,6,0.0001,0.0,0.0,4e-05
Nathan Mangat,6,0.0001,0.0,0.0,4e-05
Qarin Pau,6,0.0001,0.0,0.0,4e-05
Bhavani Kadakia,6,0.0001,0.0,0.0,4e-05
Niharika Dhillon,6,0.0001,0.0,0.0,4e-05
Harshil Choudhry,6,0.0001,0.0,0.0,4e-05
Bhavya Lala,6,0.0001,0.0,0.0,4e-05
Qarin Bail,6,0.0001,0.0,0.0,4e-05
Neha Ram,6,0.0001,0.0,0.0,4e-05
Qadim Aggarwal,6,0.0001,0.0,0.0,4e-05
Mitesh Srinivasan,6,0.0001,0.0,0.0,4e-05
Garima Jain,7,0.0001,0.0,0.0,4e-05
Daksh D’Alia,6,0.0001,0.0,0.0,4e-05
Aashi Iyengar,7,0.0001,0.0,0.0,4e-05
Rishi Viswanathan,6,0.0001,0.0,0.0,4e-05
Ethan Gulati,6,0.0001,0.0,0.0,4e-05
Vasudha Chana,6,0.0001,0.0,0.0,4e-05
Pallavi Mohanty,6,0.0001,0.0,0.0,4e-05
Rachana Tata,6,0.0001,0.0,0.0,4e-05
Ekavir Kota,6,0.0001,0.0,0.0,4e-05
Balendra Kar,6,0.0001,0.0,0.0,4e-05
Chakradev Bal,6,0.0001,0.0,0.0,4e-05
Saumya Kanda,6,0.0001,0.0,0.0,4e-05
Bachittar Walla,6,0.0001,0.0,0.0,4e-05
Anirudh De,6,0.0001,0.0,0.0,4e-05
Chatura Sandal,6,0.0001,0.0,0.0,4e-05
Agastya Panchal,6,0.0001,0.0,0.0,4e-05
Netra Babu,6,0.0001,0.0,0.0,4e-05
Indrajit Lala,6,0.0001,0.0,0.0,4e-05
Bakhshi Dey,6,0.0001,0.0,0.0,4e-05
Ekapad Keer,6,0.0001,0.0,0.0,4e-05
Anusha Gill,6,0.0001,0.0,0.0,4e-05
Geetika Karpe,6,0.0001,0.0,0.0,4e-05
Jai Rattan,6,0.0001,0.0,0.0,4e-05
Aachal Tara,6,0.0001,0.0,0.0,4e-05
Sathvik Munshi,6,0.0001,0.0,0.0,4e-05
Noah Zachariah,6,0.0001,0.0,0.0,4e-05
Chandran Rao,6,0.0001,0.0,0.0,4e-05
Nimrat Kala,6,0.0001,0.0,0.0,4e-05
Zehaan Bawa,6,0.0001,0.0,0.0,4e-05
Chandani Hayre,7,0.0001,0.0,0.0,4e-05
Mitali Mahajan,6,0.0001,0.0,0.0,4e-05
Gabriel Chowdhury,6,0.0001,0.0,0.0,4e-05
Kevin Taneja,6,0.0001,0.0,0.0,4e-05
Omaja Bhatt,6,0.0001,0.0,0.0,4e-05
Aadhya Ravi,6,0.0001,0.0,0.0,4e-05
Vanya Parekh,7,0.0001,0.0,0.0,4e-05
Jagat Raghavan,6,0.0001,0.0,0.0,4e-05
Jeet Venkatesh,6,0.0001,0.0,0.0,4e-05
Rayaan Kale,6,0.0001,0.0,0.0,4e-05
Madhav Bose,6,0.0001,0.0,0.0,4e-05
Riya Raju,6,0.0001,0.0,0.0,4e-05
Oliver Agate,6,0.0001,0.0,0.0,4e-05
Abhimanyu Patla,6,0.0001,0.0,0.0,4e-05
Anirudh Ravi,6,0.0001,0.0,0.0,4e-05
Luke Rajagopalan,6,0.0001,0.0,0.0,4e-05
Sanaya Patil,6,0.0001,0.0,0.0,4e-05
Panini Mukhopadhyay,7,0.0001,0.0,0.0,4e-05
Victor Dayal,6,0.0001,0.0,0.0,4e-05
Nikita Balasubramanian,6,0.0001,0.0,0.0,4e-05
Anya Gulati,6,0.0001,0.0,0.0,4e-05
Falak Narain,6,0.0001,0.0,0.0,4e-05
Omkaar Gandhi,6,0.0001,0.0,0.0,4e-05
Netra Mangal,6,0.0001,0.0,0.0,4e-05
Yadavi Misra,6,0.0001,0.0,0.0,4e-05
Ekiya Wadhwa,6,0.0001,0.0,0.0,4e-05
Anvi Mani,6,0.0001,0.0,0.0,4e-05
Madhavi Dutta,6,0.0001,0.0,0.0,4e-05
Guneet Butala,6,0.0001,0.0,0.0,4e-05
Yashoda Mall,6,0.0001,0.0,0.0,4e-05
Mekhala Nori,6,0.0001,0.0,0.0,4e-05
Theodore Mody,6,0.0001,0.0,0.0,4e-05
Akshay Dubey,6,0.0001,0.0,0.0,4e-05
Gavin Nayak,6,0.0001,0.0,0.0,4e-05
Kai Hayre,7,0.0001,0.0,0.0,4e-05
Kiaan Manda,6,0.0001,0.0,0.0,4e-05
Shivani Bhat,6,0.0001,0.0,0.0,4e-05
Yatan Shetty,6,0.0001,0.0,0.0,4e-05
Onveer Handa,6,0.0001,0.0,0.0,4e-05
Dakshesh Mahajan,6,0.0001,0.0,0.0,4e-05
Ekaja Bandi,6,0.0001,0.0,0.0,4e-05
Balendra Ray,6,0.0001,0.0,0.0,4e-05
Meera Sheth,6,0.0001,0.0,0.0,4e-05
Anusha Barman,7,0.0001,0.0,0.0,4e-05
Aradhana Swamy,6,0.0001,0.0,0.0,4e-05
Daniel Loyal,6,0.0001,0.0,0.0,4e-05
Prisha Walia,6,0.0001,0.0,0.0,4e-05
Aashi Warrior,6,0.0001,0.0,0.0,4e-05
Kabir Vig,6,0.0001,0.0,0.0,4e-05
Amrita Bhatnagar,6,0.0001,0.0,0.0,4e-05
Vidhi Badami,6,0.0001,0.0,0.0,4e-05
Mitesh Sani,6,0.0001,0.0,0.0,4e-05
Yasti Rai,6,0.0001,0.0,0.0,4e-05
Bhavani Khalsa,6,0.0001,0.0,0.0,4e-05
Qabil Solanki,6,0.0001,0.0,0.0,4e-05
Devansh Sawhney,6,0.0001,0.0,0.0,4e-05
Lajita Sankar,6,0.0001,0.0,0.0,4e-05
Samar Saha,6,0.0001,0.0,0.0,4e-05
Raksha Kalla,6,0.0001,0.0,0.0,4e-05
Rajata Vohra,6,0.0001,0.0,0.0,4e-05
Aayush Chaudry,6,0.0001,0.0,0.0,4e-05
Jagrati Rege,6,0.0001,0.0,0.0,4e-05
Qasim Varma,6,0.0001,0.0,0.0,4e-05
Ishaan Rege,7,0.0001,0.0,0.0,4e-05
Theodore Murthy,6,0.0001,0.0,0.0,4e-05
Aadhya Varma,6,0.0001,0.0,0.0,4e-05
Tarak Sridhar,6,0.0001,0.0,0.0,4e-05
Ria Mistry,6,0.0001,0.0,0.0,4e-05
Yauvani Mital,6,0.0001,0.0,0.0,4e-05
Thomas Sant,6,0.0001,0.0,0.0,4e-05
Aashi Deep,6,0.0001,0.0,0.0,4e-05
Ishaan Pathak,6,0.0001,0.0,0.0,4e-05
Daniel Puri,6,0.0001,0.0,0.0,4e-05
Yadavi Master,6,0.0001,0.0,0.0,4e-05
Anika Kadakia,6,0.0001,0.0,0.0,4e-05
Ekiya Puri,6,0.0001,0.0,0.0,4e-05
Vedant Mutti,6,0.0001,0.0,0.0,4e-05
Ekta Sahni,6,0.0001,0.0,0.0,4e-05
Sachi Golla,6,0.0001,0.0,0.0,4e-05
Amruta Balakrishnan,6,0.0001,0.0,0.0,4e-05
Rayaan Khatri,6,0.0001,0.0,0.0,4e-05
Gaurangi Kale,6,0.0001,0.0,0.0,4e-05
Tanmayi Parmer,6,0.0001,0.0,0.0,4e-05
Andrew Chowdhury,6,0.0001,0.0,0.0,4e-05
Aayush Tailor,6,0.0001,0.0,0.0,4e-05
Sai Vora,7,0.0001,0.0,0.0,4e-05
Rajata Iyer,6,0.0001,0.0,0.0,4e-05
Ladli Sibal,6,0.0001,0.0,0.0,4e-05
Avi Gala,6,0.0001,0.0,0.0,4e-05
Frederick Gill,6,0.0001,0.0,0.0,4e-05
Aryan Rattan,6,0.0001,0.0,0.0,4e-05
Megha Chanda,6,0.0001,0.0,0.0,4e-05
Joshua Buch,6,0.0001,0.0,0.0,4e-05
Ati Sheth,6,0.0001,0.0,0.0,4e-05
Hemal Gaba,6,0.0001,0.0,0.0,4e-05
Saanvi Bhandari,6,0.0001,0.0,0.0,4e-05
Falguni Nanda,6,0.0001,0.0,0.0,4e-05
Yoshita Ranganathan,6,0.0001,0.0,0.0,4e-05
Vaishnavi Kala,6,0.0001,0.0,0.0,4e-05
Baljiwan Bhargava,6,0.0001,0.0,0.0,4e-05
Maanav Gandhi,6,0.0001,0.0,0.0,4e-05
Vasana Chanda,6,0.0001,0.0,0.0,4e-05
Luke Sem,6,0.0001,0.0,0.0,4e-05
Vrishti Murty,6,0.0001,0.0,0.0,4e-05
Zinal Brahmbhatt,6,0.0001,0.0,0.0,4e-05
Tristan Saha,6,0.0001,0.0,0.0,4e-05
Divya Muni,6,0.0001,0.0,0.0,4e-05
Harshil Dave,6,0.0001,0.0,0.0,4e-05
Zehaan Lall,6,0.0001,0.0,0.0,4e-05
Amruta Loyal,6,0.0001,0.0,0.0,4e-05
Matthew Kapoor,6,0.0001,0.0,0.0,4e-05
Netra Kalita,6,0.0001,0.0,0.0,4e-05
Chandran Khosla,6,0.0001,0.0,0.0,4e-05
Faraj Menon,6,0.0001,0.0,0.0,4e-05
Sathvik Gopal,6,0.0001,0.0,0.0,4e-05
Rajeshri Srinivasan,6,0.0001,0.0,0.0,4e-05
Vansha Sahni,6,0.0001,0.0,0.0,4e-05
Bhavini Vig,6,0.0001,0.0,0.0,4e-05
Arunima Sunder,6,0.0001,0.0,0.0,4e-05
Manthan Golla,6,0.0001,0.0,0.0,4e-05
Jackson Pradhan,6,0.0001,0.0,0.0,4e-05
Aashi Bakshi,6,0.0001,0.0,0.0,4e-05
Krishna Bajwa,6,0.0001,0.0,0.0,4e-05
Guneet Subramaniam,6,0.0001,0.0,0.0,4e-05
Reyansh Nanda,6,0.0001,0.0,0.0,4e-05
Qasim Jaggi,6,0.0001,0.0,0.0,4e-05
Yashodhara Sandhu,6,0.0001,0.0,0.0,4e-05
Vidhi Murthy,7,0.0001,0.0,0.0,4e-05
Wazir Nagy,6,0.0001,0.0,0.0,4e-05
Ojasvi Hayre,6,0.0001,0.0,0.0,4e-05
Nathaniel Suri,6,0.0001,0.0,0.0,4e-05
Dhriti Edwin,6,0.0001,0.0,0.0,4e-05
Yatan More,6,0.0001,0.0,0.0,4e-05
Christopher Tripathi,6,0.0001,0.0,0.0,4e-05
Eiravati Balan,6,0.0001,0.0,0.0,4e-05
Janani Srinivasan,6,0.0001,0.0,0.0,4e-05
Ojas Bobal,6,0.0001,0.0,0.0,4e-05
Adya Sandhu,6,0.0001,0.0,0.0,4e-05
Maya More,6,0.0001,0.0,0.0,4e-05
Yashasvi Tiwari,6,0.0001,0.0,0.0,4e-05
Upasna Kanda,6,0.0001,0.0,0.0,4e-05
Ekapad Patla,6,0.0001,0.0,0.0,4e-05
Dakshesh Mangat,6,0.0001,0.0,0.0,4e-05
Inaya Chakraborty,6,0.0001,0.0,0.0,4e-05
Krishna Maharaj,6,0.0001,0.0,0.0,4e-05
Adweta Cheema,6,0.0001,0.0,0.0,4e-05
Triveni Bedi,6,0.0001,0.0,0.0,4e-05
Nitesh Merchant,6,0.0001,0.0,0.0,4e-05
Oeshi Sidhu,6,0.0001,0.0,0.0,4e-05
Ekavir Solanki,6,0.0001,0.0,0.0,4e-05
Isaiah Randhawa,6,0.0001,0.0,0.0,4e-05
Dhriti Soni,6,0.0001,0.0,0.0,4e-05
Libni Babu,6,0.0001,0.0,0.0,4e-05
Isha Dayal,6,0.0001,0.0,0.0,4e-05
Indira Butala,7,0.0001,0.0,0.0,4e-05
Edhitha Natt,6,0.0001,0.0,0.0,4e-05
Robert Sanghvi,6,0.0001,0.0,0.0,4e-05
Nitesh Gera,6,0.0001,0.0,0.0,4e-05
Aishani Dara,6,0.0001,0.0,0.0,4e-05
Ishita Kade,6,0.0001,0.0,0.0,4e-05
Jairaj Basak,6,0.0001,0.0,0.0,4e-05
Adya Sengupta,6,0.0001,0.0,0.0,4e-05
Charita Chhabra,6,0.0001,0.0,0.0,4e-05
Balvan Jha,6,0.0001,0.0,0.0,4e-05
Shravya Dutta,6,0.0001,0.0,0.0,4e-05
Hritik Goswami,6,0.0001,0.0,0.0,4e-05
Girish Badal,6,0.0001,0.0,0.0,4e-05
Balhaar Joshi,6,0.0001,0.0,0.0,4e-05
Nirja Barad,7,0.0001,0.0,0.0,4e-05
Hamsini Prashad,6,0.0001,0.0,0.0,4e-05
Lohit Nanda,6,0.0001,0.0,0.0,4e-05
Yashasvi Raj,6,0.0001,0.0,0.0,4e-05
Gaurangi Setty,6,0.0001,0.0,0.0,4e-05
Yasti Kari,6,0.0001,0.0,0.0,4e-05
Noah Aggarwal,6,0.0001,0.0,0.0,4e-05
Sanya Grewal,6,0.0001,0.0,0.0,4e-05
Viraj Agrawal,7,0.0001,0.0,0.0,4e-05
Priya Gole,6,0.0001,0.0,0.0,4e-05
Warhi Bhatt,6,0.0001,0.0,0.0,4e-05
Lucky Radhakrishnan,6,0.0001,0.0,0.0,4e-05
Yasti Hegde,6,0.0001,0.0,0.0,4e-05
Yutika Srivastava,6,0.0001,0.0,0.0,4e-05
Madhav Hayre,6,0.0001,0.0,0.0,4e-05
Watika Agate,6,0.0001,0.0,0.0,4e-05
Upasna Narayanan,6,0.0001,0.0,0.0,4e-05
Hema Gala,6,0.0001,0.0,0.0,4e-05
Ayushman Rattan,6,0.0001,0.0,0.0,4e-05
Eiravati Lal,6,0.0001,0.0,0.0,4e-05
Sudiksha Om,6,0.0001,0.0,0.0,4e-05
Nilima Rama,6,0.0001,0.0,0.0,4e-05
Frado Khosla,6,0.0001,0.0,0.0,4e-05
Zayan Verma,6,0.0001,0.0,0.0,4e-05
Advaith Nath,6,0.0001,0.0,0.0,4e-05
Jai Kibe,6,0.0001,0.0,0.0,4e-05
Siddharth Kadakia,6,0.0001,0.0,0.0,4e-05
Veda Zachariah,6,0.0001,0.0,0.0,4e-05
Yasti Wali,6,0.0001,0.0,0.0,4e-05
Shivani Raju,6,0.0001,0.0,0.0,4e-05
Lila Nagar,6,0.0001,0.0,0.0,4e-05
Chanchal Contractor,6,0.0001,0.0,0.0,4e-05
Shaurya Bhagat,6,0.0001,0.0,0.0,4e-05
Arya Sachdev,6,0.0001,0.0,0.0,4e-05
Yuvraj Mitter,6,0.0001,0.0,0.0,4e-05
Isaac Zachariah,6,0.0001,0.0,0.0,4e-05
Andrew Jani,6,0.0001,0.0,0.0,4e-05
Indali Rout,6,0.0001,0.0,0.0,4e-05
Urmi Choudhury,6,0.0001,0.0,0.0,4e-05
Baljiwan Khosla,6,0.0001,0.0,0.0,4e-05
Wakeeta Sachdeva,6,0.0001,0.0,0.0,4e-05
Unni Khosla,6,0.0001,0.0,0.0,4e-05
Faras Mane,6,0.0001,0.0,0.0,4e-05
Yasti Ram,6,0.0001,0.0,0.0,4e-05
Ladli Doshi,6,0.0001,0.0,0.0,4e-05
Turvi Gulati,6,0.0001,0.0,0.0,4e-05
Rushil Wali,7,0.0001,0.0,0.0,4e-05
Qasim Walla,6,0.0001,0.0,0.0,4e-05
Neelima Chaudhari,6,0.0001,0.0,0.0,4e-05
Rajeshri Misra,6,0.0001,0.0,0.0,4e-05
Manan Tandon,6,0.0001,0.0,0.0,4e-05
Luke Sami,6,0.0001,0.0,0.0,4e-05
Faras Mishra,6,0.0001,0.0,0.0,4e-05
Chandran Choudhury,7,0.0001,0.0,0.0,4e-05
Sanaya Toor,6,0.0001,0.0,0.0,4e-05
Ethan Shetty,6,0.0001,0.0,0.0,4e-05
Guneet Lalla,6,0.0001,0.0,0.0,4e-05
Vrinda Dugar,6,0.0001,0.0,0.0,4e-05
Ishita Sidhu,6,0.0001,0.0,0.0,4e-05
Nidra Kade,6,0.0001,0.0,0.0,4e-05
Yagnesh Sunder,6,0.0001,0.0,0.0,4e-05
Champak Gulati,6,0.0001,0.0,0.0,4e-05
Darika Sabharwal,6,0.0001,0.0,0.0,4e-05
Nandini Doctor,6,0.0001,0.0,0.0,4e-05
Anamika Khanna,6,0.0001,0.0,0.0,4e-05
Aayush Bali,6,0.0001,0.0,0.0,4e-05
Ekantika Trivedi,7,0.0001,0.0,0.0,4e-05
Rachana Bora,6,0.0001,0.0,0.0,4e-05
Gabriel Bhagat,6,0.0001,0.0,0.0,4e-05
Meera Prashad,6,0.0001,0.0,0.0,4e-05
Yagnesh Chand,6,0.0001,0.0,0.0,4e-05
Rachita Kari,7,0.0001,0.0,0.0,4e-05
Chandani Rege,6,0.0001,0.0,0.0,4e-05
Zaitra Verma,6,0.0001,0.0,0.0,4e-05
Reva Behl,6,0.0001,0.0,0.0,4e-05
Zinal Swamy,6,0.0001,0.0,0.0,4e-05
Liam Sane,6,0.0001,0.0,0.0,4e-05
Jack Sani,6,0.0001,0.0,0.0,4e-05
Suhani Jain,6,0.0001,0.0,0.0,4e-05
Vasatika Pingle,6,0.0001,0.0,0.0,4e-05
Omisha Chaudry,6,0.0001,0.0,0.0,4e-05
Abdul Tara,6,0.0001,0.0,0.0,4e-05
Gunbir Kant,6,0.0001,0.0,0.0,4e-05
Zansi Sani,6,0.0001,0.0,0.0,4e-05
Lila Om,6,0.0001,0.0,0.0,4e-05
Viraj Narain,6,0.0001,0.0,0.0,4e-05
Kashish Lanka,6,0.0001,0.0,0.0,4e-05
Rayaan Dutt,6,0.0001,0.0,0.0,4e-05
Kala Bajaj,6,0.0001,0.0,0.0,4e-05
Ronith Narang,7,0.0001,0.0,0.0,4e-05
Isha Gade,6,0.0001,0.0,0.0,4e-05
Ikshita Chadha,6,0.0001,0.0,0.0,4e-05
Gautam Randhawa,6,0.0001,0.0,0.0,4e-05
Tarak Keer,6,0.0001,0.0,0.0,4e-05
Ati Sibal,6,0.0001,0.0,0.0,4e-05
Laksh Srinivas,6,0.0001,0.0,0.0,4e-05
Omaja Prabhu,7,0.0001,0.0,0.0,4e-05
Yatin Sodhi,6,0.0001,0.0,0.0,4e-05
Urmi Wali,6,0.0001,0.0,0.0,4e-05
Januja Chakraborty,6,0.0001,0.0,0.0,4e-05
Veda Dhar,6,0.0001,0.0,0.0,4e-05
Nitesh Sarraf,6,0.0001,0.0,0.0,4e-05
Sai Kunda,7,0.0001,0.0,0.0,4e-05
Agastya Nayak,6,0.0001,0.0,0.0,4e-05
Rishi Halder,6,0.0001,0.0,0.0,4e-05
Megha Keer,6,0.0001,0.0,0.0,4e-05
Rachita Mand,6,0.0001,0.0,0.0,4e-05
Warjas Grover,6,0.0001,0.0,0.0,4e-05
Baghyawati Mahal,6,0.0001,0.0,0.0,4e-05
Anay Baral,6,0.0001,0.0,0.0,4e-05
Banjeet Menon,6,0.0001,0.0,0.0,4e-05
Teerth Boase,6,0.0001,0.0,0.0,4e-05
Jairaj Bains,6,0.0001,0.0,0.0,4e-05
Amrita Morar,6,0.0001,0.0,0.0,4e-05
Ubika Deshmukh,6,0.0001,0.0,0.0,4e-05
Manthan Sastry,6,0.0001,0.0,0.0,4e-05
Ojas Kohli,6,0.0001,0.0,0.0,4e-05
Hredhaan Prabhu,6,0.0001,0.0,0.0,4e-05
Nathan Pau,6,0.0001,0.0,0.0,4e-05
Zansi Lata,6,0.0001,0.0,0.0,4e-05
Pooja Upadhyay,6,0.0001,0.0,0.0,4e-05
Gavin Gaba,6,0.0001,0.0,0.0,4e-05
Faraj Narain,6,0.0001,0.0,0.0,4e-05
Jagdish Cheema,6,0.0001,0.0,0.0,4e-05
Karan Ganesan,7,0.0001,0.0,0.0,4e-05
Jatin Chad,6,0.0001,0.0,0.0,4e-05
Watika Radhakrishnan,6,0.0001,0.0,0.0,4e-05
Arunima Pandya,6,0.0001,0.0,0.0,4e-05
Gautami Memon,6,0.0001,0.0,0.0,4e-05
Balendra Nagar,6,0.0001,0.0,0.0,4e-05
Diya Singh,6,0.0001,0.0,0.0,4e-05
Pushti Kashyap,6,0.0001,0.0,0.0,4e-05
Christopher Oza,6,0.0001,0.0,0.0,4e-05
Gaurangi Kade,6,0.0001,0.0,0.0,4e-05
Harini Handa,6,0.0001,0.0,0.0,4e-05
Wazir Kant,6,0.0001,0.0,0.0,4e-05
Dhruv Rajan,6,0.0001,0.0,0.0,4e-05
Aayush Vig,6,0.0001,0.0,0.0,4e-05
Rohan Sangha,6,0.0001,0.0,0.0,4e-05
Samar Rout,6,0.0001,0.0,0.0,4e-05
Aarush Anand,6,0.0001,0.0,0.0,4e-05
Anjali Issac,6,0.0001,0.0,0.0,4e-05
Farhan Balay,6,0.0001,0.0,0.0,4e-05
Chanakya Pillai,6,0.0001,0.0,0.0,4e-05
Sarthak Gour,6,0.0001,0.0,0.0,4e-05
Ekapad Saini,6,0.0001,0.0,0.0,4e-05
Widisha Rajan,6,0.0001,0.0,0.0,4e-05
Benjamin Nagy,6,0.0001,0.0,0.0,4e-05
Henry Chand,6,0.0001,0.0,0.0,4e-05
Indrajit Sarma,6,0.0001,0.0,0.0,4e-05
Utkarsh Chaudry,6,0.0001,0.0,0.0,4e-05
Damini Kanda,7,0.0001,0.0,0.0,4e-05
Tanvi Hegde,6,0.0001,0.0,0.0,4e-05
Ladli Chad,6,0.0001,0.0,0.0,4e-05
Ojas Walla,6,0.0001,0.0,0.0,4e-05
Zashil Bassi,6,0.0001,0.0,0.0,4e-05
Mohini Kuruvilla,6,0.0001,0.0,0.0,4e-05
Faqid Sharma,6,0.0001,0.0,0.0,4e-05
Jeremiah Chaudhry,6,0.0001,0.0,0.0,4e-05
Triya Jain,6,0.0001,0.0,0.0,4e-05
Chakrika Lanka,7,0.0001,0.0,0.0,4e-05
Vrishti Talwar,6,0.0001,0.0,0.0,4e-05
Upasna Kibe,6,0.0001,0.0,0.0,4e-05
Ishaan Ratta,6,0.0001,0.0,0.0,4e-05
Aadhya Chana,6,0.0001,0.0,0.0,4e-05
Vedika Lall,6,0.0001,0.0,0.0,4e-05
Niharika Mander,6,0.0001,0.0,0.0,4e-05
Anmol Arora,6,0.0001,0.0,0.0,4e-05
Ryan Raja,6,0.0001,0.0,0.0,4e-05
Balhaar Sahota,6,0.0001,0.0,0.0,4e-05
Ucchal Sankar,6,0.0001,0.0,0.0,4e-05
Aadi Sarkar,6,0.0001,0.0,0.0,4e-05
Nidhi Lanka,6,0.0001,0.0,0.0,4e-05
Saanvi Bera,6,0.0001,0.0,0.0,4e-05
Kavya Bath,6,0.0001,0.0,0.0,4e-05
Darika Thaman,6,0.0001,0.0,0.0,4e-05
Kala Dhar,6,0.0001,0.0,0.0,4e-05
Advika Mishra,6,0.0001,0.0,0.0,4e-05
Alka Soman,6,0.0001,0.0,0.0,4e-05
Jeevika Gola,6,0.0001,0.0,0.0,4e-05
Nandini Yadav,6,0.0001,0.0,0.0,4e-05
Tanvi Bedi,6,0.0001,0.0,0.0,4e-05
Pavani Bhavsar,6,0.0001,0.0,0.0,4e-05
Brinda Prashad,6,0.0001,0.0,0.0,4e-05
Om Cherian,6,0.0001,0.0,0.0,4e-05
Tanmayi Kari,6,0.0001,0.0,0.0,4e-05
Eta Deo,6,0.0001,0.0,0.0,4e-05
Nidhi Tara,6,0.0001,0.0,0.0,4e-05
Abhimanyu Devan,6,0.0001,0.0,0.0,4e-05
Isaac Natt,6,0.0001,0.0,0.0,4e-05
Eta Viswanathan,6,0.0001,0.0,0.0,4e-05
Yashica Radhakrishnan,6,0.0001,0.0,0.0,4e-05
Jai Gopal,6,0.0001,0.0,0.0,4e-05
Lavanya Dada,6,0.0001,0.0,0.0,4e-05
Diya Sachdev,6,0.0001,0.0,0.0,4e-05
Warinder Ghosh,6,0.0001,0.0,0.0,4e-05
Michael Deshpande,6,0.0001,0.0,0.0,4e-05
Ishani Bhasin,6,0.0001,0.0,0.0,4e-05
Vedika Sarkar,6,0.0001,0.0,0.0,4e-05
Mohammed Sundaram,6,0.0001,0.0,0.0,4e-05
Widisha Anne,6,0.0001,0.0,0.0,4e-05
Vasudha Keer,6,0.0001,0.0,0.0,4e-05
Lavanya Gole,6,0.0001,0.0,0.0,4e-05
Gagan Kala,6,0.0001,0.0,0.0,4e-05
Irya Dar,6,0.0001,0.0,0.0,4e-05
Jacob Tripathi,6,0.0001,0.0,0.0,4e-05
Gagan Chana,6,0.0001,0.0,0.0,4e-05
Omaja Gole,6,0.0001,0.0,0.0,4e-05
Vinaya Sandal,6,0.0001,0.0,0.0,4e-05
Fiyaz Lal,6,0.0001,0.0,0.0,4e-05
Bahadurjit Bhatia,6,0.0001,0.0,0.0,4e-05
Nathan Balay,6,0.0001,0.0,0.0,4e-05
Nakul Bath,6,0.0001,0.0,0.0,4e-05
Sanaya Date,6,0.0001,0.0,0.0,4e-05
Atharv Dayal,6,0.0001,0.0,0.0,4e-05
Gauri Dewan,6,0.0001,0.0,0.0,4e-05
Lakshit Panchal,6,0.0001,0.0,0.0,4e-05
Kabir Lal,6,0.0001,0.0,0.0,4e-05
Zayyan Dhingra,6,0.0001,0.0,0.0,4e-05
Hemang Lata,6,0.0001,0.0,0.0,4e-05
Dhruv Gill,6,0.0001,0.0,0.0,4e-05
Raksha Hari,6,0.0001,0.0,0.0,4e-05
Anvi Sood,6,0.0001,0.0,0.0,4e-05
Udarsh Bail,6,0.0001,0.0,0.0,4e-05
Samar Wable,6,0.0001,0.0,0.0,4e-05
Ekta Puri,6,0.0001,0.0,0.0,4e-05
Nilima Khatri,6,0.0001,0.0,0.0,4e-05
Pranit Sura,6,0.0001,0.0,0.0,4e-05
Dalaja Boase,6,0.0001,0.0,0.0,4e-05
Wriddhish Pillay,6,0.0001,0.0,0.0,4e-05
Garima Sule,6,0.0001,0.0,0.0,4e-05
Dominic Tara,6,0.0001,0.0,0.0,4e-05
Vincent Pandit,6,0.0001,0.0,0.0,4e-05
Frederick Krishna,6,0.0001,0.0,0.0,4e-05
Warda Sarna,6,0.0001,0.0,0.0,4e-05
Qabil Sarraf,7,0.0001,0.0,0.0,4e-05
Gautam Kota,6,0.0001,0.0,0.0,4e-05
Ekbal Ravi,6,0.0001,0.0,0.0,4e-05
Aradhana Chokshi,6,0.0001,0.0,0.0,4e-05
Dalbir Panchal,6,0.0001,0.0,0.0,4e-05
Ikbal Sathe,6,0.0001,0.0,0.0,4e-05
Unnati Ram,6,0.0001,0.0,0.0,4e-05
Vamakshi Shan,6,0.0001,0.0,0.0,4e-05
Balvan Deep,6,0.0001,0.0,0.0,4e-05
Daniel Boase,6,0.0001,0.0,0.0,4e-05
Qadim Dixit,6,0.0001,0.0,0.0,4e-05
Krisha Sastry,6,0.0001,0.0,0.0,4e-05
Samesh Gour,6,0.0001,0.0,0.0,4e-05
Darika Raj,6,0.0001,0.0,0.0,4e-05
Wriddhish Kapur,6,0.0001,0.0,0.0,4e-05
Sarthak Sane,6,0.0001,0.0,0.0,4e-05
Abhiram Bhasin,6,0.0001,0.0,0.0,4e-05
Tripti Khurana,6,0.0001,0.0,0.0,4e-05
Girish Sodhi,6,0.0001,0.0,0.0,4e-05
Vasudha Khanna,6,0.0001,0.0,0.0,4e-05
Viraj Gera,6,0.0001,0.0,0.0,4e-05
Tanay Kadakia,6,0.0001,0.0,0.0,4e-05
Balendra Memon,6,0.0001,0.0,0.0,4e-05
Ronith Hayer,6,0.0001,0.0,0.0,4e-05
Oeshi Soman,6,0.0001,0.0,0.0,4e-05
Raghav Chahal,6,0.0001,0.0,0.0,4e-05
Zaitra Solanki,6,0.0001,0.0,0.0,4e-05
Hamsini Dutt,6,0.0001,0.0,0.0,4e-05
Rajeshri Chaudhary,6,0.0001,0.0,0.0,4e-05
Daksh Sur,6,0.0001,0.0,0.0,4e-05
Rachit Sarkar,6,0.0001,0.0,0.0,4e-05
Tanveer Chandra,6,0.0001,0.0,0.0,4e-05
Ikshita Walla,6,0.0001,0.0,0.0,4e-05
Chavvi Gola,6,0.0001,0.0,0.0,4e-05
Kevin Datta,7,0.0001,0.0,0.0,4e-05
Arjun Kothari,6,0.0001,0.0,0.0,4e-05
Kavya Gade,6,0.0001,0.0,0.0,4e-05
Lohit Misra,6,0.0001,0.0,0.0,4e-05
Omisha Contractor,6,0.0001,0.0,0.0,4e-05
Robert Mangal,6,0.0001,0.0,0.0,4e-05
Radhika Kaur,6,0.0001,0.0,0.0,4e-05
Gautami Verma,6,0.0001,0.0,0.0,4e-05
Harini Bhalla,6,0.0001,0.0,0.0,4e-05
Bina Lanka,6,0.0001,0.0,0.0,4e-05
Ubika Dixit,6,0.0001,0.0,0.0,4e-05
Neelima Bath,6,0.0001,0.0,0.0,4e-05
Amrita Brar,7,0.0001,0.0,0.0,4e-05
Owen Chana,6,0.0001,0.0,0.0,4e-05
Xalak Chhabra,6,0.0001,0.0,0.0,4e-05
Laban Prakash,6,0.0001,0.0,0.0,4e-05
Darsh Pai,6,0.0001,0.0,0.0,4e-05
Udant Mangal,6,0.0001,0.0,0.0,4e-05
Bakhshi Choudhury,6,0.0001,0.0,0.0,4e-05
Aditya Pall,6,0.0001,0.0,0.0,4e-05
Dalaja Rout,6,0.0001,0.0,0.0,4e-05
Chaitaly Bains,6,0.0001,0.0,0.0,4e-05
Jagdish Chauhan,6,0.0001,0.0,0.0,4e-05
Timothy Reddy,6,0.0001,0.0,0.0,4e-05
Qushi Dhawan,6,0.0001,0.0,0.0,4e-05
Elijah Mital,6,0.0001,0.0,0.0,4e-05
Chaitaly Shanker,6,0.0001,0.0,0.0,4e-05
Chaitanya Pal,6,0.0001,0.0,0.0,4e-05
Simon D’Alia,6,0.0001,0.0,0.0,4e-05
Abha Parmar,6,0.0001,0.0,0.0,4e-05
Krishna Sengupta,6,0.0001,0.0,0.0,4e-05
Imaran Kadakia,6,0.0001,0.0,0.0,4e-05
Falan Narayan,6,0.0001,0.0,0.0,4e-05
Jeet Seshadri,6,0.0001,0.0,0.0,4e-05
Warinder Chaudhari,6,0.0001,0.0,0.0,4e-05
Prisha Ahuja,6,0.0001,0.0,0.0,4e-05
Sai Bala,6,0.0001,0.0,0.0,4e-05
Girish Jha,6,0.0001,0.0,0.0,4e-05
Vritti Jha,6,0.0001,0.0,0.0,4e-05
Anusha Pandit,6,0.0001,0.0,0.0,4e-05
Dhriti Kibe,6,0.0001,0.0,0.0,4e-05
Leena Dora,6,0.0001,0.0,0.0,4e-05
Charles Chakraborty,6,0.0001,0.0,0.0,4e-05
Forum Contractor,6,0.0001,0.0,0.0,4e-05
Parth Walia,7,0.0001,0.0,0.0,4e-05
Vasana Mane,6,0.0001,0.0,0.0,4e-05
Vinaya Parekh,6,0.0001,0.0,0.0,4e-05
Mohammed Shah,6,0.0001,0.0,0.0,4e-05
Dalaja Tak,6,0.0001,0.0,0.0,4e-05
Aayush Basu,6,0.0001,0.0,0.0,4e-05
Watika Kala,6,0.0001,0.0,0.0,4e-05
Anirudh Sunder,6,0.0001,0.0,0.0,4e-05
Ekavir Dara,6,0.0001,0.0,0.0,4e-05
Ojasvi Keer,6,0.0001,0.0,0.0,4e-05
Gabriel Gaba,6,0.0001,0.0,0.0,4e-05
Akshay Acharya,6,0.0001,0.0,0.0,4e-05
Ati Jani,6,0.0001,0.0,0.0,4e-05
Lipika Palla,6,0.0001,0.0,0.0,4e-05
Praneel Ghosh,6,0.0001,0.0,0.0,4e-05
Eta Vohra,6,0.0001,0.0,0.0,4e-05
Hema Dada,6,0.0001,0.0,0.0,4e-05
Onkar Luthra,6,0.0001,0.0,0.0,4e-05
Bhavna Lalla,6,0.0001,0.0,0.0,4e-05
Jagvi Bansal,6,0.0001,0.0,0.0,4e-05
Samaksh Bora,6,0.0001,0.0,0.0,4e-05
Yahvi Goyal,6,0.0001,0.0,0.0,4e-05
Edhitha Kapadia,6,0.0001,0.0,0.0,4e-05
Wridesh Natt,6,0.0001,0.0,0.0,4e-05
Hamsini Bala,6,0.0001,0.0,0.0,4e-05
Ojas Kaul,6,0.0001,0.0,0.0,4e-05
Charvi Reddy,6,0.0001,0.0,0.0,4e-05
Yashica Reddy,6,0.0001,0.0,0.0,4e-05
Siddharth Trivedi,6,0.0001,0.0,0.0,4e-05
Darpan Sani,6,0.0001,0.0,0.0,4e-05
Chavvi Murthy,6,0.0001,0.0,0.0,4e-05
Yashica Raval,6,0.0001,0.0,0.0,4e-05
Ekavir Sabharwal,6,0.0001,0.0,0.0,4e-05
Nicholas Sandhu,6,0.0001,0.0,0.0,4e-05
Pushti Sundaram,6,0.0001,0.0,0.0,4e-05
Jeremiah Sen,6,0.0001,0.0,0.0,4e-05
Kala Nanda,6,0.0001,0.0,0.0,4e-05
Azad Oommen,6,0.0001,0.0,0.0,4e-05
Triveni Ganesan,6,0.0001,0.0,0.0,4e-05
Quincy Mitra,6,0.0001,0.0,0.0,4e-05
Tamanna Ratta,6,0.0001,0.0,0.0,4e-05
Fariq Bhandari,6,0.0001,0.0,0.0,4e-05
Deepa Natt,6,0.0001,0.0,0.0,4e-05
Girik Dhingra,6,0.0001,0.0,0.0,4e-05
Saumya Brar,6,0.0001,0.0,0.0,4e-05
Charvi Nigam,6,0.0001,0.0,0.0,4e-05
Aahana Cheema,6,0.0001,0.0,0.0,4e-05
Max Iyer,6,0.0001,0.0,0.0,4e-05
Nilima Khare,7,0.0001,0.0,0.0,4e-05
Rachit Behl,6,0.0001,0.0,0.0,4e-05
Damini Bhatt,7,0.0001,0.0,0.0,4e-05
Ekanta Loke,6,0.0001,0.0,0.0,4e-05
Nilima Nagi,6,0.0001,0.0,0.0,4e-05
Teerth Comar,6,0.0001,0.0,0.0,4e-05
Yashvi Reddy,6,0.0001,0.0,0.0,4e-05
Mohini Goyal,7,0.0001,0.0,0.0,4e-05
Dhruv Malhotra,6,0.0001,0.0,0.0,4e-05
Jack Sood,6,0.0001,0.0,0.0,4e-05
Hemani Chhabra,6,0.0001,0.0,0.0,4e-05
Chatresh Rai,6,0.0001,0.0,0.0,4e-05
Ishaan Kibe,6,0.0001,0.0,0.0,4e-05
Dev Saran,6,0.0001,0.0,0.0,4e-05
Forum Thakur,6,0.0001,0.0,0.0,4e-05
Urvashi Subramaniam,6,0.0001,0.0,0.0,4e-05
Edhitha Khalsa,6,0.0001,0.0,0.0,4e-05
Samuel Jaggi,6,0.0001,0.0,0.0,4e-05
Abhiram Gandhi,6,0.0001,0.0,0.0,4e-05
Ethan Kapoor,6,0.0001,0.0,0.0,4e-05
Eshana Shankar,6,0.0001,0.0,0.0,4e-05
Warjas Rao,6,0.0001,0.0,0.0,4e-05
Chaitaly Batta,6,0.0001,0.0,0.0,4e-05
Bachittar Gara,6,0.0001,0.0,0.0,4e-05
Krisha Grover,6,0.0001,0.0,0.0,4e-05
Onkar Trivedi,6,0.0001,0.0,0.0,4e-05
Yauvani Puri,6,0.0001,0.0,0.0,4e-05
Arya Sabharwal,6,0.0001,0.0,0.0,4e-05
Libni Mannan,6,0.0001,0.0,0.0,4e-05
Daksh Loke,6,0.0001,0.0,0.0,4e-05
Ikshita Comar,6,0.0001,0.0,0.0,4e-05
Zansi Keer,6,0.0001,0.0,0.0,4e-05
Oscar Parmer,6,0.0001,0.0,0.0,4e-05
Gayathri Ravi,6,0.0001,0.0,0.0,4e-05
Rishi Chaudhuri,6,0.0001,0.0,0.0,4e-05
Nitesh Kari,6,0.0001,0.0,0.0,4e-05
Gavin Dube,6,0.0001,0.0,0.0,4e-05
Divya Ratti,6,0.0001,0.0,0.0,4e-05
Manan Mangat,6,0.0001,0.0,0.0,4e-05
Dalbir Sathe,6,0.0001,0.0,0.0,4e-05
Waida Parikh,6,0.0001,0.0,0.0,4e-05
Maanav Lad,7,0.0001,0.0,0.0,4e-05
Panini Chaudhuri,6,0.0001,0.0,0.0,4e-05
Zansi Dhar,6,0.0001,0.0,0.0,4e-05
Omkaar Sani,6,0.0001,0.0,0.0,4e-05
Brijesh Balakrishnan,6,0.0001,0.0,0.0,4e-05
Vasana Doctor,6,0.0001,0.0,0.0,4e-05
Osha Nanda,6,0.0001,0.0,0.0,4e-05
Raagini Chander,6,0.0001,0.0,0.0,4e-05
Upkaar Pal,6,0.0001,0.0,0.0,4e-05
Krishna Chaudhari,6,0.0001,0.0,0.0,4e-05
Qabil Pandey,6,0.0001,0.0,0.0,4e-05
Samarth Singh,6,0.0001,0.0,0.0,4e-05
Faras Venkatesh,6,0.0001,0.0,0.0,4e-05
Rushil Randhawa,6,0.0001,0.0,0.0,4e-05
Aishani Dube,6,0.0001,0.0,0.0,4e-05
Oeshi Gala,6,0.0001,0.0,0.0,4e-05
Chameli Tandon,6,0.0001,0.0,0.0,4e-05
Pranit Dubey,6,0.0001,0.0,0.0,4e-05
Chavvi Sekhon,6,0.0001,0.0,0.0,4e-05
Charles More,6,0.0001,0.0,0.0,4e-05
Vasatika Bakshi,6,0.0001,0.0,0.0,4e-05
Divya Sekhon,6,0.0001,0.0,0.0,4e-05
Atharv Savant,6,0.0001,0.0,0.0,4e-05
Omkaar Kadakia,6,0.0001,0.0,0.0,4e-05
Maanav Sathe,6,0.0001,0.0,0.0,4e-05
Radha Dhar,6,0.0001,0.0,0.0,4e-05
Ekta Iyer,6,0.0001,0.0,0.0,4e-05
Aayush Ratta,6,0.0001,0.0,0.0,4e-05
Upma Chad,6,0.0001,0.0,0.0,4e-05
Simon Pandya,6,0.0001,0.0,0.0,4e-05
Lekha Sen,6,0.0001,0.0,0.0,4e-05
Balvan Balan,6,0.0001,0.0,0.0,4e-05
Peter Ganesh,6,0.0001,0.0,0.0,4e-05
Ucchal Sarna,6,0.0001,0.0,0.0,4e-05
Veda Shenoy,6,0.0001,0.0,0.0,4e-05
Kai Banerjee,6,0.0001,0.0,0.0,4e-05
Parth Datta,6,0.0001,0.0,0.0,4e-05
Saumya Ghosh,6,0.0001,0.0,0.0,4e-05
Diya Sen,6,0.0001,0.0,0.0,4e-05
Nandini Thakur,6,0.0001,0.0,0.0,4e-05
Hamsini Bajaj,6,0.0001,0.0,0.0,4e-05
Luke Bhalla,6,0.0001,0.0,0.0,4e-05
Hredhaan Sarkar,6,0.0001,0.0,0.0,4e-05
Ekaraj Gupta,6,0.0001,0.0,0.0,4e-05
Saanvi Mohanty,7,0.0001,0.0,0.0,4e-05
Peter Wali,6,0.0001,0.0,0.0,4e-05
Benjamin Dubey,6,0.0001,0.0,0.0,4e-05
Chavvi Sridhar,6,0.0001,0.0,0.0,4e-05
Tara Barad,6,0.0001,0.0,0.0,4e-05
Abhimanyu Dara,6,0.0001,0.0,0.0,4e-05
Aryan Nori,6,0.0001,0.0,0.0,4e-05
Amruta Bhandari,6,0.0001,0.0,0.0,4e-05
Ronith Ramachandran,6,0.0001,0.0,0.0,4e-05
William Hegde,6,0.0001,0.0,0.0,4e-05
Hiral Ramaswamy,6,0.0001,0.0,0.0,4e-05
Lipika Dua,6,0.0001,0.0,0.0,4e-05
Eiravati Chopra,6,0.0001,0.0,0.0,4e-05
Indira Malhotra,6,0.0001,0.0,0.0,4e-05
Pranit Chandra,6,0.0001,0.0,0.0,4e-05
Robert Bhargava,6,0.0001,0.0,0.0,4e-05
Viraj Dhaliwal,6,0.0001,0.0,0.0,4e-05
Adweta Contractor,6,0.0001,0.0,0.0,4e-05
Oeshi Chowdhury,6,0.0001,0.0,0.0,4e-05
Chaaya Divan,6,0.0001,0.0,0.0,4e-05
Gautam Master,6,0.0001,0.0,0.0,4e-05
Balvan Sethi,6,0.0001,0.0,0.0,4e-05
Gabriel Narayan,6,0.0001,0.0,0.0,4e-05
Lakshit Ghose,6,0.0001,0.0,0.0,4e-05
Lavanya Bhattacharyya,6,0.0001,0.0,0.0,4e-05
Mohammed Kade,6,0.0001,0.0,0.0,4e-05
Hritik Pandya,6,0.0001,0.0,0.0,4e-05
Amaira Kumar,6,0.0001,0.0,0.0,4e-05
Amruta Sangha,6,0.0001,0.0,0.0,4e-05
Orinder Oza,7,0.0001,0.0,0.0,4e-05
Saanvi Hayre,6,0.0001,0.0,0.0,4e-05
Pratyush Menon,6,0.0001,0.0,0.0,4e-05
Nathaniel Hayer,6,0.0001,0.0,0.0,4e-05
Warda Varughese,6,0.0001,0.0,0.0,4e-05
Avni Pall,6,0.0001,0.0,0.0,4e-05
Yashica Khanna,6,0.0001,0.0,0.0,4e-05
Finn Manda,6,0.0001,0.0,0.0,4e-05
Abeer Kamdar,6,0.0001,0.0,0.0,4e-05
Charvi Raghavan,6,0.0001,0.0,0.0,4e-05
Krishna Grewal,6,0.0001,0.0,0.0,4e-05
Jeet Nagar,6,0.0001,0.0,0.0,4e-05
Hema Lata,6,0.0001,0.0,0.0,4e-05
Siddharth Chakrabarti,6,0.0001,0.0,0.0,4e-05
Jairaj Sankar,6,0.0001,0.0,0.0,4e-05
Jyoti Raju,6,0.0001,0.0,0.0,4e-05
Warda Srinivas,6,0.0001,0.0,0.0,4e-05
Ishaan Krishnan,6,0.0001,0.0,0.0,4e-05
Rachana Badami,6,0.0001,0.0,0.0,4e-05
Faras Madan,6,0.0001,0.0,0.0,4e-05
Bachittar Purohit,6,0.0001,0.0,0.0,4e-05
Ekalinga Ratti,6,0.0001,0.0,0.0,4e-05
Janani Batra,6,0.0001,0.0,0.0,4e-05
Watika Aggarwal,6,0.0001,0.0,0.0,4e-05
Ranbir Dube,6,0.0001,0.0,0.0,4e-05
Aarnav Kalla,6,0.0001,0.0,0.0,4e-05
Ethan Dutt,6,0.0001,0.0,0.0,4e-05
Amrita Singhal,6,0.0001,0.0,0.0,4e-05
Yashasvi Shere,6,0.0001,0.0,0.0,4e-05
Arin Sen,6,0.0001,0.0,0.0,4e-05
Peter Kara,6,0.0001,0.0,0.0,4e-05
Frado Loke,6,0.0001,0.0,0.0,4e-05
Girish Nagarajan,6,0.0001,0.0,0.0,4e-05
Hiral Din,6,0.0001,0.0,0.0,4e-05
Fitan Sarraf,6,0.0001,0.0,0.0,4e-05
Eshana Gaba,6,0.0001,0.0,0.0,4e-05
Luke Joshi,6,0.0001,0.0,0.0,4e-05
Triya Viswanathan,6,0.0001,0.0,0.0,4e-05
Ishani Atwal,6,0.0001,0.0,0.0,4e-05
Theodore Hayre,6,0.0001,0.0,0.0,4e-05
Ekbal Toor,6,0.0001,0.0,0.0,4e-05
Onveer Mohanty,6,0.0001,0.0,0.0,4e-05
Liam Madan,6,0.0001,0.0,0.0,4e-05
Vrinda Bhasin,6,0.0001,0.0,0.0,4e-05
Jeevika Basak,6,0.0001,0.0,0.0,4e-05
Osha Agarwal,6,0.0001,0.0,0.0,4e-05
Yashica Gulati,6,0.0001,0.0,0.0,4e-05
Kalpit Dhar,6,0.0001,0.0,0.0,4e-05
Siddharth Sharaf,6,0.0001,0.0,0.0,4e-05
Jatin Raval,6,0.0001,0.0,0.0,4e-05
Chanchal Mishra,6,0.0001,0.0,0.0,4e-05
Chakradev Mallick,6,0.0001,0.0,0.0,4e-05
Manbir Gulati,6,0.0001,0.0,0.0,4e-05
Ira Rajan,6,0.0001,0.0,0.0,4e-05
Nidra Ghose,6,0.0001,0.0,0.0,4e-05
Onveer Issac,6,0.0001,0.0,0.0,4e-05
Onveer Boase,6,0.0001,0.0,0.0,4e-05
Jyoti Devi,6,0.0001,0.0,0.0,4e-05
Zehaan Shan,6,0.0001,0.0,0.0,4e-05
Ishaan Chakrabarti,6,0.0001,0.0,0.0,4e-05
Raagini Misra,6,0.0001,0.0,0.0,4e-05
Anirudh Sankaran,6,0.0001,0.0,0.0,4e-05
Mason Nayak,6,0.0001,0.0,0.0,4e-05
Gagan Johal,6,0.0001,0.0,0.0,4e-05
Sanya Gandhi,6,0.0001,0.0,0.0,4e-05
Krisha Chandra,6,0.0001,0.0,0.0,4e-05
Kabir Badal,6,0.0001,0.0,0.0,4e-05
Fitan Solanki,6,0.0001,0.0,0.0,4e-05
Aahana Lal,6,0.0001,0.0,0.0,4e-05
Eiravati Maharaj,6,0.0001,0.0,0.0,4e-05
Mekhala Balakrishnan,6,0.0001,0.0,0.0,4e-05
Saumya Cheema,6,0.0001,0.0,0.0,4e-05
Warhi Sur,6,0.0001,0.0,0.0,4e-05
Wishi Seth,6,0.0001,0.0,0.0,4e-05
Netra Sanghvi,6,0.0001,0.0,0.0,4e-05
Hiral Khatri,6,0.0001,0.0,0.0,4e-05
Michael Thaker,6,0.0001,0.0,0.0,4e-05
Zehaan Anand,6,0.0001,0.0,0.0,4e-05
Theodore Chakraborty,6,0.0001,0.0,0.0,4e-05
Champak Deep,6,0.0001,0.0,0.0,4e-05
Rohan Thaker,6,0.0001,0.0,0.0,4e-05
Kai Devi,6,0.0001,0.0,0.0,4e-05
Mason Dhawan,6,0.0001,0.0,0.0,4e-05
Ayushman Parikh,6,0.0001,0.0,0.0,4e-05
Ayaan Borah,7,0.0001,0.0,0.0,4e-05
Aryan Bhatt,6,0.0001,0.0,0.0,4e-05
Yagnesh Patla,6,0.0001,0.0,0.0,4e-05
Nathaniel Kunda,6,0.0001,0.0,0.0,4e-05
Warda Lad,6,0.0001,0.0,0.0,4e-05
Jagvi Tripathi,6,0.0001,0.0,0.0,4e-05
Gautami Chada,6,0.0001,0.0,0.0,4e-05
Dipta Subramanian,6,0.0001,0.0,0.0,4e-05
Eiravati Choudhury,6,0.0001,0.0,0.0,4e-05
Yadavi Bali,6,0.0001,0.0,0.0,4e-05
Samuel Chaudhary,6,0.0001,0.0,0.0,4e-05
Rachana Barad,6,0.0001,0.0,0.0,4e-05
Daniel Karnik,6,0.0001,0.0,0.0,4e-05
Peter More,6,0.0001,0.0,0.0,4e-05
Unni Kaul,6,0.0001,0.0,0.0,4e-05
Siddharth Cherian,6,0.0001,0.0,0.0,4e-05
Aayush Nair,6,0.0001,0.0,0.0,4e-05
Rayaan Sidhu,6,0.0001,0.0,0.0,4e-05
Janani Sethi,6,0.0001,0.0,0.0,4e-05
Zilmil Bansal,6,0.0001,0.0,0.0,4e-05
Pooja Kashyap,6,0.0001,0.0,0.0,4e-05
Jeevika Chawla,6,0.0001,0.0,0.0,4e-05
Vincent Dugar,6,0.0001,0.0,0.0,4e-05
Azaan Sagar,6,0.0001,0.0,0.0,4e-05
Lipika Shah,6,0.0001,0.0,0.0,4e-05
Hamsini Lalla,6,0.0001,0.0,0.0,4e-05
Avi Dey,6,0.0001,0.0,0.0,4e-05
Agastya Kari,6,0.0001,0.0,0.0,4e-05
Frederick Krishnan,6,0.0001,0.0,0.0,4e-05
Sanaya Bassi,6,0.0001,0.0,0.0,4e-05
Henry Sandhu,6,0.0001,0.0,0.0,4e-05
Indali Sha,6,0.0001,0.0,0.0,4e-05
Yash Singh,6,0.0001,0.0,0.0,4e-05
Omya Rajagopal,6,0.0001,0.0,0.0,4e-05
Niharika Vig,6,0.0001,0.0,0.0,4e-05
Tanvi Balan,6,0.0001,0.0,0.0,4e-05
Charvi Sankaran,6,0.0001,0.0,0.0,4e-05
Kashvi Ramesh,6,0.0001,0.0,0.0,4e-05
Sara Chaudhari,6,0.0001,0.0,0.0,4e-05
Falan Lala,6,0.0001,0.0,0.0,4e-05
Daksh Ratta,6,0.0001,0.0,0.0,4e-05
Meera Patil,6,0.0001,0.0,0.0,4e-05
Ekaraj Taneja,6,0.0001,0.0,0.0,4e-05
Aahana Choudhary,6,0.0001,0.0,0.0,4e-05
Wazir Chowdhury,6,0.0001,0.0,0.0,4e-05
Nikita Bhargava,6,0.0001,0.0,0.0,4e-05
Michael Sodhi,6,0.0001,0.0,0.0,4e-05
Max Pathak,6,0.0001,0.0,0.0,4e-05
Hemani Chand,6,0.0001,0.0,0.0,4e-05
Yagnesh Prakash,6,0.0001,0.0,0.0,4e-05
Veer Modi,6,0.0001,0.0,0.0,4e-05
Nakul Mane,6,0.0001,0.0,0.0,4e-05
Chandran Divan,6,0.0001,0.0,0.0,4e-05
Andrew Sathe,6,0.0001,0.0,0.0,4e-05
Upadhriti Deep,6,0.0001,0.0,0.0,4e-05
Kiaan Tripathi,6,0.0001,0.0,0.0,4e-05
Jatin Sethi,6,0.0001,0.0,0.0,4e-05
Lakshit Karnik,6,0.0001,0.0,0.0,4e-05
Ekiya Raval,6,0.0001,0.0,0.0,4e-05
Ekalinga Char,6,0.0001,0.0,0.0,4e-05
Vidhi Dalal,6,0.0001,0.0,0.0,4e-05
Watika Sahota,6,0.0001,0.0,0.0,4e-05
Faqid Solanki,6,0.0001,0.0,0.0,4e-05
Manan Tara,6,0.0001,0.0,0.0,4e-05
Aradhana Shenoy,6,0.0001,0.0,0.0,4e-05
Idika Bail,6,0.0001,0.0,0.0,4e-05
Ekapad Chana,7,0.0001,0.0,0.0,4e-05
Ganga Bains,6,0.0001,0.0,0.0,4e-05
Aishani Butala,6,0.0001,0.0,0.0,4e-05
Yashoda Padmanabhan,6,0.0001,0.0,0.0,4e-05
Aryan Pandit,6,0.0001,0.0,0.0,4e-05
Hema Som,6,0.0001,0.0,0.0,4e-05
Daksha Chaudry,6,0.0001,0.0,0.0,4e-05
Ranbir Hayer,6,0.0001,0.0,0.0,4e-05
Elijah Cherian,6,0.0001,0.0,0.0,4e-05
Akshay Zachariah,6,0.0001,0.0,0.0,4e-05
Nisha Ravi,6,0.0001,0.0,0.0,4e-05
Naksh Varughese,6,0.0001,0.0,0.0,4e-05
Chakradev Pall,6,0.0001,0.0,0.0,4e-05
Robert Prabhu,6,0.0001,0.0,0.0,4e-05
Ishani Chanda,6,0.0001,0.0,0.0,4e-05
Anvi Shroff,6,0.0001,0.0,0.0,4e-05
Azaan Dayal,6,0.0001,0.0,0.0,4e-05
Warda Palla,6,0.0001,0.0,0.0,4e-05
Vrishti Subramanian,6,0.0001,0.0,0.0,4e-05
Atharv Bhatt,6,0.0001,0.0,0.0,4e-05
Tristan Patil,6,0.0001,0.0,0.0,4e-05
Azaan Samra,6,0.0001,0.0,0.0,4e-05
Balvan Bava,6,0.0001,0.0,0.0,4e-05
Nachiket Nadig,6,0.0001,0.0,0.0,4e-05
Chakradhar Patel,6,0.0001,0.0,0.0,4e-05
Kabir Saxena,6,0.0001,0.0,0.0,4e-05
Umang Prashad,6,0.0001,0.0,0.0,4e-05
Edhitha Dubey,6,0.0001,0.0,0.0,4e-05
Oeshi Nazareth,6,0.0001,0.0,0.0,4e-05
Jonathan Sant,6,0.0001,0.0,0.0,4e-05
Gagan Narasimhan,6,0.0001,0.0,0.0,4e-05
Qabil Mann,6,0.0001,0.0,0.0,4e-05
Yashvi Bumb,6,0.0001,0.0,0.0,4e-05
Manthan Kadakia,6,0.0001,0.0,0.0,4e-05
Gauri Om,6,0.0001,0.0,0.0,4e-05
Aarna Tailor,6,0.0001,0.0,0.0,4e-05
Bahadurjit Bassi,6,0.0001,0.0,0.0,4e-05
Ekaja Kari,6,0.0001,0.0,0.0,4e-05
Ayaan Kashyap,6,0.0001,0.0,0.0,4e-05
Damini Loke,6,0.0001,0.0,0.0,4e-05
Bhavya Arora,7,0.0001,0.0,0.0,4e-05
Lucky Rege,6,0.0001,0.0,0.0,4e-05
Daniel Kadakia,6,0.0001,0.0,0.0,4e-05
Nitara Nanda,6,0.0001,0.0,0.0,4e-05
Omaja Dave,6,0.0001,0.0,0.0,4e-05
Gopal Kale,6,0.0001,0.0,0.0,4e-05
Tanveer Sarkar,6,0.0001,0.0,0.0,4e-05
Libni Narain,6,0.0001,0.0,0.0,4e-05
Kavya Kapur,6,0.0001,0.0,0.0,4e-05
Akshay Sachdev,6,0.0001,0.0,0.0,4e-05
Ati Upadhyay,6,0.0001,0.0,0.0,4e-05
Finn Arora,6,0.0001,0.0,0.0,4e-05
Krish Warrior,6,0.0001,0.0,0.0,4e-05
Upadhriti Khare,6,0.0001,0.0,0.0,4e-05
Akshay Sabharwal,6,0.0001,0.0,0.0,4e-05
Charvi Seshadri,6,0.0001,0.0,0.0,4e-05
Jack Chander,6,0.0001,0.0,0.0,4e-05
Hitesh Dugar,6,0.0001,0.0,0.0,4e-05
Indira Loke,6,0.0001,0.0,0.0,4e-05
Shivansh Sundaram,6,0.0001,0.0,0.0,4e-05
Girindra Anne,6,0.0001,0.0,0.0,4e-05
Owen Mody,6,0.0001,0.0,0.0,4e-05
Gunbir Nazareth,6,0.0001,0.0,0.0,4e-05
Falan Sanghvi,6,0.0001,0.0,0.0,4e-05
Eesha Grewal,6,0.0001,0.0,0.0,4e-05
Ganga Borra,6,0.0001,0.0,0.0,4e-05
Charles Goel,6,0.0001,0.0,0.0,4e-05
Jagvi Chopra,6,0.0001,0.0,0.0,4e-05
Frederick Ramakrishnan,6,0.0001,0.0,0.0,4e-05
Jeremiah Singhal,6,0.0001,0.0,0.0,4e-05
Janani Gade,6,0.0001,0.0,0.0,4e-05
Tamanna Sankar,6,0.0001,0.0,0.0,4e-05
Omaja Menon,6,0.0001,0.0,0.0,4e-05
Faris Date,6,0.0001,0.0,0.0,4e-05
Damyanti Bava,6,0.0001,0.0,0.0,4e-05
Jyoti Lall,7,0.0001,0.0,0.0,4e-05
Gaurang Pandey,6,0.0001,0.0,0.0,4e-05
Yachana Rana,6,0.0001,0.0,0.0,4e-05
Ansh Nayak,6,0.0001,0.0,0.0,4e-05
Fariq Sankaran,6,0.0001,0.0,0.0,4e-05
Amrita Lad,6,0.0001,0.0,0.0,4e-05
Alka Jani,6,0.0001,0.0,0.0,4e-05
Dominic Kuruvilla,6,0.0001,0.0,0.0,4e-05
Samaksh Ghose,6,0.0001,0.0,0.0,4e-05
Advika Kaul,6,0.0001,0.0,0.0,4e-05
Victor Nazareth,6,0.0001,0.0,0.0,4e-05
Dominic Borra,7,0.0001,0.0,0.0,4e-05
Mahika Prabhu,6,0.0001,0.0,0.0,4e-05
Mugdha Kala,6,0.0001,0.0,0.0,4e-05
Zashil Deshmukh,6,0.0001,0.0,0.0,4e-05
Triya Vala,6,0.0001,0.0,0.0,4e-05
Aarna Jani,6,0.0001,0.0,0.0,4e-05
Yuvraj Ratta,6,0.0001,0.0,0.0,4e-05
Timothy Banik,6,0.0001,0.0,0.0,4e-05
Dominic Desai,6,0.0001,0.0,0.0,4e-05
Chaitanya Rana,6,0.0001,0.0,0.0,4e-05
Bishakha Ramanathan,7,0.0001,0.0,0.0,4e-05
Azaan Amble,6,0.0001,0.0,0.0,4e-05
Jeet Dey,6,0.0001,0.0,0.0,4e-05
Lakshmi Subramanian,6,0.0001,0.0,0.0,4e-05
Alexander Hari,6,0.0001,0.0,0.0,4e-05
Gauri Wadhwa,6,0.0001,0.0,0.0,4e-05
Imaran Krishnan,6,0.0001,0.0,0.0,4e-05
Wridesh Pau,6,0.0001,0.0,0.0,4e-05
Michael Johal,6,0.0001,0.0,0.0,4e-05
Neel Gole,6,0.0001,0.0,0.0,4e-05
Gavin Gupta,6,0.0001,0.0,0.0,4e-05
Saumya Peri,6,0.0001,0.0,0.0,4e-05
Lakshit Batra,6,0.0001,0.0,0.0,4e-05
Ucchal Rout,6,0.0001,0.0,0.0,4e-05
Finn Kari,6,0.0001,0.0,0.0,4e-05
Sachi Chaudhuri,6,0.0001,0.0,0.0,4e-05
Netra Nagarajan,6,0.0001,0.0,0.0,4e-05
Geetika Bhattacharyya,6,0.0001,0.0,0.0,4e-05
Dev Dutt,6,0.0001,0.0,0.0,4e-05
Akshay Madan,6,0.0001,0.0,0.0,4e-05
Raagini Nadig,6,0.0001,0.0,0.0,4e-05
Warda Wali,6,0.0001,0.0,0.0,4e-05
Anya Saini,6,0.0001,0.0,0.0,4e-05
Manthan Malhotra,6,0.0001,0.0,0.0,4e-05
Gagan Ramakrishnan,6,0.0001,0.0,0.0,4e-05
Ekalinga Kannan,6,0.0001,0.0,0.0,4e-05
Libni Ram,6,0.0001,0.0,0.0,4e-05
Daniel Ranganathan,6,0.0001,0.0,0.0,4e-05
Anita Bhakta,6,0.0001,0.0,0.0,4e-05
Madhavi Ben,6,0.0001,0.0,0.0,4e-05
Tanmayi Ganesan,6,0.0001,0.0,0.0,4e-05
Agastya Nagar,6,0.0001,0.0,0.0,4e-05
Atharv Mitter,6,0.0001,0.0,0.0,4e-05
Lucky Mistry,6,0.0001,0.0,0.0,4e-05
Advik Jhaveri,6,0.0001,0.0,0.0,4e-05
Yashawini Vaidya,6,0.0001,0.0,0.0,4e-05
Naksh Yohannan,6,0.0001,0.0,0.0,4e-05
Indira Pingle,6,0.0001,0.0,0.0,4e-05
Nandini Gala,6,0.0001,0.0,0.0,4e-05
Irya Vasa,6,0.0001,0.0,0.0,4e-05
Qabil Sawhney,7,0.0001,0.0,0.0,4e-05
Ekanta Thakur,6,0.0001,0.0,0.0,4e-05
Timothy Chaudry,6,0.0001,0.0,0.0,4e-05
Aditya Oommen,6,0.0001,0.0,0.0,4e-05
Wazir Khatri,6,0.0001,0.0,0.0,4e-05
Ikshita Nadkarni,6,0.0001,0.0,0.0,4e-05
Nicholas Choudhry,6,0.0001,0.0,0.0,4e-05
Andrew Thaker,6,0.0001,0.0,0.0,4e-05
Alexander Gala,6,0.0001,0.0,0.0,4e-05
Siya Ramaswamy,6,0.0001,0.0,0.0,4e-05
Irya Buch,6,0.0001,0.0,0.0,4e-05
Amaira Chad,6,0.0001,0.0,0.0,4e-05
Libni Mukherjee,6,0.0001,0.0,0.0,4e-05
Kiaan Bassi,6,0.0001,0.0,0.0,4e-05
Rajeshri Mody,6,0.0001,0.0,0.0,4e-05
Arya Hayer,6,0.0001,0.0,0.0,4e-05
Udyati Lanka,6,0.0001,0.0,0.0,4e-05
Deepa Narain,6,0.0001,0.0,0.0,4e-05
Manan Mitra,6,0.0001,0.0,0.0,4e-05
Rehaan Morar,6,0.0001,0.0,0.0,4e-05
Isha Zacharia,7,0.0001,0.0,0.0,4e-05
Ansh Pandit,6,0.0001,0.0,0.0,4e-05
Chanchal Mitra,6,0.0001,0.0,0.0,4e-05
Arjun Peri,6,0.0001,0.0,0.0,4e-05
Hredhaan Bobal,6,0.0001,0.0,0.0,4e-05
Idika Memon,6,0.0001,0.0,0.0,4e-05
Vinaya Sathe,6,0.0001,0.0,0.0,4e-05
Ekanta Wagle,6,0.0001,0.0,0.0,4e-05
Tarak Ghosh,6,0.0001,0.0,0.0,4e-05
Baljiwan Barad,6,0.0001,0.0,0.0,4e-05
Brijesh Sachdev,6,0.0001,0.0,0.0,4e-05
Gopal Naik,6,0.0001,0.0,0.0,4e-05
Charan Devan,6,0.0001,0.0,0.0,4e-05
Mahika Pillay,6,0.0001,0.0,0.0,4e-05
Baljiwan Arya,6,0.0001,0.0,0.0,4e-05
Urmi Kaur,6,0.0001,0.0,0.0,4e-05
Onkar Sha,6,0.0001,0.0,0.0,4e-05
Meghana Joshi,6,0.0001,0.0,0.0,4e-05
Jagrati Krishnan,6,0.0001,0.0,0.0,4e-05
Ayush Sathe,6,0.0001,0.0,0.0,4e-05
Pranav Dhar,6,0.0001,0.0,0.0,4e-05
Anthony Chana,6,0.0001,0.0,0.0,4e-05
Chanakya Mittal,6,0.0001,0.0,0.0,4e-05
Dalbir Sodhi,6,0.0001,0.0,0.0,4e-05
Chakrika Saini,6,0.0001,0.0,0.0,4e-05
Utkarsh Kapur,6,0.0001,0.0,0.0,4e-05
Henry Deol,6,0.0001,0.0,0.0,4e-05
Abhiram Yadav,6,0.0001,0.0,0.0,4e-05
Barkha Bail,6,0.0001,0.0,0.0,4e-05
Harshil Ramaswamy,6,0.0001,0.0,0.0,4e-05
Akshay Dhaliwal,6,0.0001,0.0,0.0,4e-05
Janaki Parikh,6,0.0001,0.0,0.0,4e-05
Chameli Naik,6,0.0001,0.0,0.0,4e-05
Geetika Kapadia,6,0.0001,0.0,0.0,4e-05
Rajata Chaudhary,6,0.0001,0.0,0.0,4e-05
Zaitra Mohanty,6,0.0001,0.0,0.0,4e-05
Nakul Gaba,6,0.0001,0.0,0.0,4e-05
Balendra Raju,6,0.0001,0.0,0.0,4e-05
Oliver Bath,6,0.0001,0.0,0.0,4e-05
Yashodhara Kulkarni,6,0.0001,0.0,0.0,4e-05
Rehaan Thaker,6,0.0001,0.0,0.0,4e-05
Ishani Pandit,6,0.0001,0.0,0.0,4e-05
Ekiya Guha,6,0.0001,0.0,0.0,4e-05
Panini Dani,6,0.0001,0.0,0.0,4e-05
Raksha Dugal,6,0.0001,0.0,0.0,4e-05
Sarthak Sen,6,0.0001,0.0,0.0,4e-05
Chaaya Bhatia,6,0.0001,0.0,0.0,4e-05
Kala Dalal,6,0.0001,0.0,0.0,4e-05
Jacob Bumb,6,0.0001,0.0,0.0,4e-05
Fiyaz Kaur,6,0.0001,0.0,0.0,4e-05
Shivansh Vasa,6,0.0001,0.0,0.0,4e-05
Urmi Agarwal,6,0.0001,0.0,0.0,4e-05
Nirja Madan,6,0.0001,0.0,0.0,4e-05
Hemang Tella,6,0.0001,0.0,0.0,4e-05
Eta Bhatnagar,6,0.0001,0.0,0.0,4e-05
Reva Toor,6,0.0001,0.0,0.0,4e-05
Harrison Agarwal,6,0.0001,0.0,0.0,4e-05
Qabil Thakur,6,0.0001,0.0,0.0,4e-05
Anay Dave,6,0.0001,0.0,0.0,4e-05
Chanchal Saha,6,0.0001,0.0,0.0,4e-05
Imaran Pillay,6,0.0001,0.0,0.0,4e-05
Anirudh Oommen,6,0.0001,0.0,0.0,4e-05
Abdul Arya,6,0.0001,0.0,0.0,4e-05
Liam Munshi,6,0.0001,0.0,0.0,4e-05
Vasudha Hari,6,0.0001,0.0,0.0,4e-05
Hritik De,6,0.0001,0.0,0.0,4e-05
Balendra Raman,6,0.0001,0.0,0.0,4e-05
Hemangini Arya,6,0.0001,0.0,0.0,4e-05
Mohini Sheth,6,0.0001,0.0,0.0,4e-05
Pratyush Borde,6,0.0001,0.0,0.0,4e-05
Jagdish More,6,0.0001,0.0,0.0,4e-05
Kavya Sami,6,0.0001,0.0,0.0,4e-05
Mason Kurian,6,0.0001,0.0,0.0,4e-05
Alexander Oommen,6,0.0001,0.0,0.0,4e-05
Faraj Mander,6,0.0001,0.0,0.0,4e-05
Qushi Jaggi,6,0.0001,0.0,0.0,4e-05
Waida Rajan,6,0.0001,0.0,0.0,4e-05
Qarin Tandon,6,0.0001,0.0,0.0,4e-05
Zarna Sastry,6,0.0001,0.0,0.0,4e-05
Zaid Sharaf,6,0.0001,0.0,0.0,4e-05
Patrick Mall,6,0.0001,0.0,0.0,4e-05
Abhimanyu Kade,6,0.0001,0.0,0.0,4e-05
Urvashi Sarraf,6,0.0001,0.0,0.0,4e-05
Rajeshri Hora,6,0.0001,0.0,0.0,4e-05
Isaac Sethi,6,0.0001,0.0,0.0,4e-05
Anmol Mohan,6,0.0001,0.0,0.0,4e-05
Wyatt Mitra,6,0.0001,0.0,0.0,4e-05
Chatresh Sodhi,6,0.0001,0.0,0.0,4e-05
Neel Sarkar,6,0.0001,0.0,0.0,4e-05
Bhanumati Shetty,6,0.0001,0.0,0.0,4e-05
Nathan Varughese,6,0.0001,0.0,0.0,4e-05
Eta Contractor,7,0.0001,0.0,0.0,4e-05
Shivani Sethi,6,0.0001,0.0,0.0,4e-05
Unnati Nair,6,0.0001,0.0,0.0,4e-05
Daksha Nigam,6,0.0001,0.0,0.0,4e-05
Upkaar Vora,6,0.0001,0.0,0.0,4e-05
Pavani Sekhon,6,0.0001,0.0,0.0,4e-05
Gayathri Vala,6,0.0001,0.0,0.0,4e-05
Bhavini Varkey,6,0.0001,0.0,0.0,4e-05
Eta Saha,6,0.0001,0.0,0.0,4e-05
Eiravati Luthra,6,0.0001,0.0,0.0,4e-05
Urvi Shan,7,0.0001,0.0,0.0,4e-05
Oeshi Jaggi,6,0.0001,0.0,0.0,4e-05
Bakhshi Randhawa,6,0.0001,0.0,0.0,4e-05
Arya Raman,6,0.0001,0.0,0.0,4e-05
Vidhi Manda,6,0.0001,0.0,0.0,4e-05
Bhavya Dalal,6,0.0001,0.0,0.0,4e-05
Gaurangi Mahajan,6,0.0001,0.0,0.0,4e-05
Nikita Mishra,6,0.0001,0.0,0.0,4e-05
Rohan Pandya,6,0.0001,0.0,0.0,4e-05
Ishanvi Baral,6,0.0001,0.0,0.0,4e-05
Janani Agarwal,6,0.0001,0.0,0.0,4e-05
Daksha Vasa,6,0.0001,0.0,0.0,4e-05
Bachittar Padmanabhan,6,0.0001,0.0,0.0,4e-05
Saanvi Chada,6,0.0001,0.0,0.0,4e-05
Libni Yadav,6,0.0001,0.0,0.0,4e-05
Pavani Sama,6,0.0001,0.0,0.0,4e-05
Samar Chaudhary,6,0.0001,0.0,0.0,4e-05
Ucchal Hayre,6,0.0001,0.0,0.0,4e-05
Rachita Ramachandran,6,0.0001,0.0,0.0,4e-05
Bhavini Chowdhury,6,0.0001,0.0,0.0,4e-05
Harinakshi Dugar,6,0.0001,0.0,0.0,4e-05
Ekanta Peri,6,0.0001,0.0,0.0,4e-05
Urvi Dass,6,0.0001,0.0,0.0,4e-05
Chaitaly Sathe,6,0.0001,0.0,0.0,4e-05
Yug Kala,6,0.0001,0.0,0.0,4e-05
Yauvani Sama,6,0.0001,0.0,0.0,4e-05
Jairaj Patla,6,0.0001,0.0,0.0,4e-05
Eesha Master,6,0.0001,0.0,0.0,4e-05
Sanaya Din,6,0.0001,0.0,0.0,4e-05
Bachittar Parikh,7,0.0001,0.0,0.0,4e-05
Kamya Nagi,6,0.0001,0.0,0.0,4e-05
Joshua Lal,6,0.0001,0.0,0.0,4e-05
Qarin Dalal,6,0.0001,0.0,0.0,4e-05
Matthew Samra,6,0.0001,0.0,0.0,4e-05
Nidra Guha,6,0.0001,0.0,0.0,4e-05
Gauri Yadav,6,0.0001,0.0,0.0,4e-05
Faqid Shere,6,0.0001,0.0,0.0,4e-05
Suhani Lata,6,0.0001,0.0,0.0,4e-05
Yamini Andra,6,0.0001,0.0,0.0,4e-05
Jalsa Taneja,6,0.0001,0.0,0.0,4e-05
Aachal Divan,6,0.0001,0.0,0.0,4e-05
Rayaan Chakraborty,6,0.0001,0.0,0.0,4e-05
Saksham Setty,6,0.0001,0.0,0.0,4e-05
Anmol Dass,6,0.0001,0.0,0.0,4e-05
Vritti Narayanan,6,0.0001,0.0,0.0,4e-05
Eesha Aurora,6,0.0001,0.0,0.0,4e-05
Rachit Deshmukh,6,0.0001,0.0,0.0,4e-05
Advaith Khosla,6,0.0001,0.0,0.0,4e-05
Maanav Chowdhury,7,0.0001,0.0,0.0,4e-05
Aishani Kala,6,0.0001,0.0,0.0,4e-05
Ishaan Bhalla,6,0.0001,0.0,0.0,4e-05
Advay Shenoy,6,0.0001,0.0,0.0,4e-05
Faqid Kale,6,0.0001,0.0,0.0,4e-05
Fariq Joshi,6,0.0001,0.0,0.0,4e-05
Jairaj Srivastava,6,0.0001,0.0,0.0,4e-05
Triveni Shah,6,0.0001,0.0,0.0,4e-05
Henry Ghosh,6,0.0001,0.0,0.0,4e-05
Yasti Sarraf,6,0.0001,0.0,0.0,4e-05
Indira Bobal,6,0.0001,0.0,0.0,4e-05
Gauri Krishnan,6,0.0001,0.0,0.0,4e-05
Nikita Agate,6,0.0001,0.0,0.0,4e-05
Amrita Karpe,6,0.0001,0.0,0.0,4e-05
Aishani Menon,6,0.0001,0.0,0.0,4e-05
Qadim Balasubramanian,6,0.0001,0.0,0.0,4e-05
Radha Devi,6,0.0001,0.0,0.0,4e-05
Bina Krish,6,0.0001,0.0,0.0,4e-05
Jeremiah Dada,6,0.0001,0.0,0.0,4e-05
Indali Kota,6,0.0001,0.0,0.0,4e-05
Pooja Sachdev,6,0.0001,0.0,0.0,4e-05
Falak Mistry,6,0.0001,0.0,0.0,4e-05
Theodore Barman,6,0.0001,0.0,0.0,4e-05
Noah Pal,6,0.0001,0.0,0.0,4e-05
Mugdha Dave,6,0.0001,0.0,0.0,4e-05
Lucky Chad,6,0.0001,0.0,0.0,4e-05
Forum Hans,6,0.0001,0.0,0.0,4e-05
Inaya Chandra,6,0.0001,0.0,0.0,4e-05
Vedika Chandran,6,0.0001,0.0,0.0,4e-05
Yochana Halder,6,0.0001,0.0,0.0,4e-05
Abeer Kant,6,0.0001,0.0,0.0,4e-05
Chameli Ray,6,0.0001,0.0,0.0,4e-05
Zaitra Nagarajan,6,0.0001,0.0,0.0,4e-05
Patrick Ranganathan,6,0.0001,0.0,0.0,4e-05
Arjun Kari,6,0.0001,0.0,0.0,4e-05
Sai Dhillon,6,0.0001,0.0,0.0,4e-05
Yug Pai,6,0.0001,0.0,0.0,4e-05
Panini Chadha,6,0.0001,0.0,0.0,4e-05
Samuel Dayal,6,0.0001,0.0,0.0,4e-05
Yashodhara Bhalla,6,0.0001,0.0,0.0,4e-05
Neel Andra,6,0.0001,0.0,0.0,4e-05
Wyatt Zacharia,6,0.0001,0.0,0.0,4e-05
Oscar Mangat,6,0.0001,0.0,0.0,4e-05
Tanish Grewal,6,0.0001,0.0,0.0,4e-05
Dalaja Acharya,7,0.0001,0.0,0.0,4e-05
Manya Gaba,6,0.0001,0.0,0.0,4e-05
Krish Sandal,6,0.0001,0.0,0.0,4e-05
Wridesh Lad,6,0.0001,0.0,0.0,4e-05
Imaran Sura,6,0.0001,0.0,0.0,4e-05
Harish Gopal,6,0.0001,0.0,0.0,4e-05
Kabir Mukhopadhyay,6,0.0001,0.0,0.0,4e-05
Ishanvi Saini,6,0.0001,0.0,0.0,4e-05
Kevin Wali,6,0.0001,0.0,0.0,4e-05
Bahadurjit Saha,6,0.0001,0.0,0.0,4e-05
Yochana Parekh,6,0.0001,0.0,0.0,4e-05
Deepa Sastry,6,0.0001,0.0,0.0,4e-05
Samar Misra,6,0.0001,0.0,0.0,4e-05
Aahana Patel,6,0.0001,0.0,0.0,4e-05
Warjas Kaur,6,0.0001,0.0,0.0,4e-05
Zayan Borra,6,0.0001,0.0,0.0,4e-05
Umang Sandhu,6,0.0001,0.0,0.0,4e-05
Krisha Jha,6,0.0001,0.0,0.0,4e-05
Varenya Bahri,6,0.0001,0.0,0.0,4e-05
Anvi Pandey,6,0.0001,0.0,0.0,4e-05
Max Mittal,6,0.0001,0.0,0.0,4e-05
Vinaya Jaggi,6,0.0001,0.0,0.0,4e-05
Xalak Badami,6,0.0001,0.0,0.0,4e-05
Osha Kadakia,6,0.0001,0.0,0.0,4e-05
Aarav Dixit,6,0.0001,0.0,0.0,4e-05
Varenya Chauhan,6,0.0001,0.0,0.0,4e-05
Pranav Sant,6,0.0001,0.0,0.0,4e-05
Anika Deshmukh,6,0.0001,0.0,0.0,4e-05
Ridhi Hayre,6,0.0001,0.0,0.0,4e-05
Jeet Sood,6,0.0001,0.0,0.0,4e-05
Bahadurjit Banik,6,0.0001,0.0,0.0,4e-05
Udyati Sabharwal,6,0.0001,0.0,0.0,4e-05
Tripti Tiwari,6,0.0001,0.0,0.0,4e-05
William Dara,6,0.0001,0.0,0.0,4e-05
Tanish Patla,6,0.0001,0.0,0.0,4e-05
Tara Modi,6,0.0001,0.0,0.0,4e-05
Warhi Prashad,6,0.0001,0.0,0.0,4e-05
Qadim Balakrishnan,6,0.0001,0.0,0.0,4e-05
Omisha Mistry,6,0.0001,0.0,0.0,4e-05
Arjun Rau,6,0.0001,0.0,0.0,4e-05
Jagat Minhas,6,0.0001,0.0,0.0,4e-05
Aditya Sekhon,7,0.0001,0.0,0.0,4e-05
Ethan Menon,6,0.0001,0.0,0.0,4e-05
Bahadurjit Panchal,6,0.0001,0.0,0.0,4e-05
Turvi Narain,6,0.0001,0.0,0.0,4e-05
Girindra Nigam,6,0.0001,0.0,0.0,4e-05
Jyoti Iyengar,6,0.0001,0.0,0.0,4e-05
Anita Radhakrishnan,6,0.0001,0.0,0.0,4e-05
Sarthak Srinivas,6,0.0001,0.0,0.0,4e-05
Hamsini Chaudhuri,6,0.0001,0.0,0.0,4e-05
Vedhika Bains,6,0.0001,0.0,0.0,4e-05
Farhan Rajan,6,0.0001,0.0,0.0,4e-05
Bhavya Kannan,6,0.0001,0.0,0.0,4e-05
Vivaan Badal,7,0.0001,0.0,0.0,4e-05
Omya Bhargava,6,0.0001,0.0,0.0,4e-05
Ishwar Varkey,6,0.0001,0.0,0.0,4e-05
Balvan Nagar,6,0.0001,0.0,0.0,4e-05
Amruta Jha,6,0.0001,0.0,0.0,4e-05
Arin Kota,6,0.0001,0.0,0.0,4e-05
Wridesh Chander,6,0.0001,0.0,0.0,4e-05
Karan Yogi,6,0.0001,0.0,0.0,4e-05
Warda Acharya,6,0.0001,0.0,0.0,4e-05
Eshana Atwal,6,0.0001,0.0,0.0,4e-05
Nikita Dubey,6,0.0001,0.0,0.0,4e-05
Yashica Roy,6,0.0001,0.0,0.0,4e-05
Mason Bumb,6,0.0001,0.0,0.0,4e-05
Bishakha Chaudhry,6,0.0001,0.0,0.0,4e-05
Krishna Bose,6,0.0001,0.0,0.0,4e-05
Rehaan Parekh,6,0.0001,0.0,0.0,4e-05
Radha Comar,6,0.0001,0.0,0.0,4e-05
Chatresh Varma,6,0.0001,0.0,0.0,4e-05
Forum Purohit,6,0.0001,0.0,0.0,4e-05
Ayush Kamdar,6,0.0001,0.0,0.0,4e-05
Unni Koshy,6,0.0001,0.0,0.0,4e-05
Utkarsh Bora,6,0.0001,0.0,0.0,4e-05
Anvi Swaminathan,7,0.0001,0.0,0.0,4e-05
Liam Om,6,0.0001,0.0,0.0,4e-05
Jairaj Soni,6,0.0001,0.0,0.0,4e-05
Pranav Vora,6,0.0001,0.0,0.0,4e-05
Vedant Sengupta,6,0.0001,0.0,0.0,4e-05
Tejas Parmer,6,0.0001,0.0,0.0,4e-05
Raksha Wali,6,0.0001,0.0,0.0,4e-05
Yahvi Chakraborty,6,0.0001,0.0,0.0,4e-05
Aadi Mallick,6,0.0001,0.0,0.0,4e-05
Nidhi Parmar,6,0.0001,0.0,0.0,4e-05
Benjamin Rama,6,0.0001,0.0,0.0,4e-05
Darpan Gara,6,0.0001,0.0,0.0,4e-05
Harini Kaur,6,0.0001,0.0,0.0,4e-05
Waida Deol,6,0.0001,0.0,0.0,4e-05
Jagdish Kaul,6,0.0001,0.0,0.0,4e-05
Amaira Singh,6,0.0001,0.0,0.0,4e-05
Ekaja Shroff,6,0.0001,0.0,0.0,4e-05
Theodore Ravel,6,0.0001,0.0,0.0,4e-05
Leela Rao,6,0.0001,0.0,0.0,4e-05
Laksh Dube,6,0.0001,0.0,0.0,4e-05
Waida Choudhary,6,0.0001,0.0,0.0,4e-05
Vedant Boase,6,0.0001,0.0,0.0,4e-05
Xalak Kaul,6,0.0001,0.0,0.0,4e-05
Raghav Minhas,6,0.0001,0.0,0.0,4e-05
Vasatika Balay,6,0.0001,0.0,0.0,4e-05
Abhiram Sangha,6,0.0001,0.0,0.0,4e-05
Azaan Kata,6,0.0001,0.0,0.0,4e-05
Max Butala,6,0.0001,0.0,0.0,4e-05
Omya Munshi,6,0.0001,0.0,0.0,4e-05
Mitesh Seth,6,0.0001,0.0,0.0,4e-05
Ishwar Mukhopadhyay,6,0.0001,0.0,0.0,4e-05
Advika Varughese,6,0.0001,0.0,0.0,4e-05
Frado Mane,6,0.0001,0.0,0.0,4e-05
Zinal Sani,6,0.0001,0.0,0.0,4e-05
Yash Grewal,6,0.0001,0.0,0.0,4e-05
Adya Solanki,6,0.0001,0.0,0.0,4e-05
Raghav Shan,6,0.0001,0.0,0.0,4e-05
Utkarsh Cherian,6,0.0001,0.0,0.0,4e-05
Yatan Bhasin,6,0.0001,0.0,0.0,4e-05
Jacob Gill,6,0.0001,0.0,0.0,4e-05
Nandini Modi,6,0.0001,0.0,0.0,4e-05
Hitesh Dayal,6,0.0001,0.0,0.0,4e-05
Keya Sant,6,0.0001,0.0,0.0,4e-05
Gagan Pandey,6,0.0001,0.0,0.0,4e-05
Chaitaly Bose,6,0.0001,0.0,0.0,4e-05
Upkaar Raghavan,6,0.0001,0.0,0.0,4e-05
Alexander Deol,6,0.0001,0.0,0.0,4e-05
Ucchal Rajagopalan,6,0.0001,0.0,0.0,4e-05
Utkarsh Das,6,0.0001,0.0,0.0,4e-05
Vincent Khanna,6,0.0001,0.0,0.0,4e-05
Krisha Devan,6,0.0001,0.0,0.0,4e-05
Tanveer Srivastava,6,0.0001,0.0,0.0,4e-05
Kai Mahal,6,0.0001,0.0,0.0,4e-05
Oscar Master,6,0.0001,0.0,0.0,4e-05
Falguni Thakkar,6,0.0001,0.0,0.0,4e-05
Timothy Narasimhan,6,0.0001,0.0,0.0,4e-05
Janani Bhatti,6,0.0001,0.0,0.0,4e-05
Theodore Chhabra,6,0.0001,0.0,0.0,4e-05
Rachit Morar,7,0.0001,0.0,0.0,4e-05
Manbir Date,6,0.0001,0.0,0.0,4e-05
Ekansh Kade,6,0.0001,0.0,0.0,4e-05
Brijesh Karan,6,0.0001,0.0,0.0,4e-05
Chatura Sule,6,0.0001,0.0,0.0,4e-05
Charita Bhardwaj,6,0.0001,0.0,0.0,4e-05
Nimrat Peri,6,0.0001,0.0,0.0,4e-05
Balvan Raj,6,0.0001,0.0,0.0,4e-05
Viraj Gara,6,0.0001,0.0,0.0,4e-05
Anamika Gera,6,0.0001,0.0,0.0,4e-05
David Lalla,7,0.0001,0.0,0.0,4e-05
David Rajan,6,0.0001,0.0,0.0,4e-05
Ekansh Nadkarni,6,0.0001,0.0,0.0,4e-05
Brinda Bassi,6,0.0001,0.0,0.0,4e-05
Rishi Kapoor,6,0.0001,0.0,0.0,4e-05
Atharv Dasgupta,7,0.0001,0.0,0.0,4e-05
Aahana Raghavan,6,0.0001,0.0,0.0,4e-05
Hamsini Sura,6,0.0001,0.0,0.0,4e-05
Zehaan Kulkarni,6,0.0001,0.0,0.0,4e-05
Yahvi Sheth,6,0.0001,0.0,0.0,4e-05
Kavya Dani,6,0.0001,0.0,0.0,4e-05
Krisha Jaggi,6,0.0001,0.0,0.0,4e-05
Utkarsh Lanka,6,0.0001,0.0,0.0,4e-05
Urmi Dubey,6,0.0001,0.0,0.0,4e-05
Neha Yadav,6,0.0001,0.0,0.0,4e-05
Balhaar Som,6,0.0001,0.0,0.0,4e-05
Avi Bail,6,0.0001,0.0,0.0,4e-05
Onveer Bhat,6,0.0001,0.0,0.0,4e-05
Kashvi Kamdar,6,0.0001,0.0,0.0,4e-05
Jhalak Jha,6,0.0001,0.0,0.0,4e-05
Ethan Bhatia,6,0.0001,0.0,0.0,4e-05
Yutika Kamdar,6,0.0001,0.0,0.0,4e-05
Advika Agrawal,6,0.0001,0.0,0.0,4e-05
Abhiram Zacharia,6,0.0001,0.0,0.0,4e-05
Ekansh Raghavan,6,0.0001,0.0,0.0,4e-05
Ekavir Sheth,6,0.0001,0.0,0.0,4e-05
Yadavi Lalla,6,0.0001,0.0,0.0,4e-05
Mekhala Mann,6,0.0001,0.0,0.0,4e-05
Bahadurjit Agarwal,6,0.0001,0.0,0.0,4e-05
Deepa Dani,6,0.0001,0.0,0.0,4e-05
Rajata Pall,6,0.0001,0.0,0.0,4e-05
Yashvi Sridhar,6,0.0001,0.0,0.0,4e-05
Dalaja Char,6,0.0001,0.0,0.0,4e-05
Kashvi Walia,6,0.0001,0.0,0.0,4e-05
Kiaan Gour,6,0.0001,0.0,0.0,4e-05
Idika Lall,6,0.0001,0.0,0.0,4e-05
Ishani Ranganathan,6,0.0001,0.0,0.0,4e-05
Hemang Mukhopadhyay,6,0.0001,0.0,0.0,4e-05
Guneet Khurana,6,0.0001,0.0,0.0,4e-05
Hardik Saini,6,0.0001,0.0,0.0,4e-05
Nachiket Divan,6,0.0001,0.0,0.0,4e-05
Wakeeta Loke,6,0.0001,0.0,0.0,4e-05
Diya Dugal,6,0.0001,0.0,0.0,4e-05
Girik Chaudry,6,0.0001,0.0,0.0,4e-05
Vedant Gopal,6,0.0001,0.0,0.0,4e-05
Gagan Master,6,0.0001,0.0,0.0,4e-05
Pahal Baria,6,0.0001,0.0,0.0,4e-05
Ojasvi Parmer,6,0.0001,0.0,0.0,4e-05
Maanav Bhatt,6,0.0001,0.0,0.0,4e-05
Jhalak Date,6,0.0001,0.0,0.0,4e-05
Ayushman Nagi,6,0.0001,0.0,0.0,4e-05
Urvashi Warrior,6,0.0001,0.0,0.0,4e-05
Manbir Bera,6,0.0001,0.0,0.0,4e-05
Gaurangi Bhatt,6,0.0001,0.0,0.0,4e-05
Gopal Pant,6,0.0001,0.0,0.0,4e-05
Balveer Rajan,6,0.0001,0.0,0.0,4e-05
Isha Ben,6,0.0001,0.0,0.0,4e-05
Andrew Rastogi,6,0.0001,0.0,0.0,4e-05
Andrew Badal,6,0.0001,0.0,0.0,4e-05
Agastya Bhalla,6,0.0001,0.0,0.0,4e-05
Vihaan Wagle,6,0.0001,0.0,0.0,4e-05
Madhav Dewan,6,0.0001,0.0,0.0,4e-05
Zinal Walia,6,0.0001,0.0,0.0,4e-05
Ishita Vala,6,0.0001,0.0,0.0,4e-05
Kalpit Loke,6,0.0001,0.0,0.0,4e-05
Amrita Apte,6,0.0001,0.0,0.0,4e-05
Faqid Jha,6,0.0001,0.0,0.0,4e-05
Simon Gulati,6,0.0001,0.0,0.0,4e-05
Harish Gandhi,6,0.0001,0.0,0.0,4e-05
Krisha Sachdeva,6,0.0001,0.0,0.0,4e-05
Mohini Ramesh,6,0.0001,0.0,0.0,4e-05
Guneet Khosla,6,0.0001,0.0,0.0,4e-05
Omkaar Loyal,6,0.0001,0.0,0.0,4e-05
Janaki Bhatia,6,0.0001,0.0,0.0,4e-05
Chandani Dave,6,0.0001,0.0,0.0,4e-05
Oscar Singh,6,0.0001,0.0,0.0,4e-05
Aashi Banik,6,0.0001,0.0,0.0,4e-05
Rohan Chaudhary,6,0.0001,0.0,0.0,4e-05
Vanya Lata,6,0.0001,0.0,0.0,4e-05
Krishna Pingle,6,0.0001,0.0,0.0,4e-05
Xalak Sachar,6,0.0001,0.0,0.0,4e-05
Xalak Rege,6,0.0001,0.0,0.0,4e-05
Brijesh Chaudhry,6,0.0001,0.0,0.0,4e-05
Patrick Vyas,6,0.0001,0.0,0.0,4e-05
Upma Keer,6,0.0001,0.0,0.0,4e-05
Xavier Varkey,6,0.0001,0.0,0.0,4e-05
Qadim Swamy,6,0.0001,0.0,0.0,4e-05
Varenya Deo,6,0.0001,0.0,0.0,4e-05
Devansh Pall,6,0.0001,0.0,0.0,4e-05
Meera Sur,6,0.0001,0.0,0.0,4e-05
Guneet Jayaraman,6,0.0001,0.0,0.0,4e-05
Aayush Mannan,6,0.0001,0.0,0.0,4e-05
Aayush Keer,6,0.0001,0.0,0.0,4e-05
Kashish Iyer,6,0.0001,0.0,0.0,4e-05
Ekbal Bawa,6,0.0001,0.0,0.0,4e-05
Chasmum Bhagat,6,0.0001,0.0,0.0,4e-05
Damini Purohit,6,0.0001,0.0,0.0,4e-05
Samarth Koshy,6,0.0001,0.0,0.0,4e-05
Yutika Balasubramanian,6,0.0001,0.0,0.0,4e-05
Urmi Prakash,6,0.0001,0.0,0.0,4e-05
Gautam Dhillon,6,0.0001,0.0,0.0,4e-05
Onkar Patil,6,0.0001,0.0,0.0,4e-05
Leela Nath,7,0.0001,0.0,0.0,4e-05
Manthan Guha,6,0.0001,0.0,0.0,4e-05
Xiti Ganesh,6,0.0001,0.0,0.0,4e-05
Reva Choudhry,6,0.0001,0.0,0.0,4e-05
Yashasvi Kant,6,0.0001,0.0,0.0,4e-05
Rachit Raj,6,0.0001,0.0,0.0,4e-05
Henry Borra,6,0.0001,0.0,0.0,4e-05
Isaiah Subramaniam,6,0.0001,0.0,0.0,4e-05
Theodore Dave,6,0.0001,0.0,0.0,4e-05
Yamini Taneja,6,0.0001,0.0,0.0,4e-05
Dhriti Dave,6,0.0001,0.0,0.0,4e-05
Ekapad Bhasin,6,0.0001,0.0,0.0,4e-05
Ojasvi Varghese,6,0.0001,0.0,0.0,4e-05
Yachana Kale,6,0.0001,0.0,0.0,4e-05
Zehaan Chokshi,6,0.0001,0.0,0.0,4e-05
Daniel Karpe,6,0.0001,0.0,0.0,4e-05
Karan Thakur,6,0.0001,0.0,0.0,4e-05
Damini Krishnan,6,0.0001,0.0,0.0,4e-05
Alexander Nadkarni,6,0.0001,0.0,0.0,4e-05
Wazir Chand,6,0.0001,0.0,0.0,4e-05
Ayush Raman,6,0.0001,0.0,0.0,4e-05
Eshana Sidhu,6,0.0001,0.0,0.0,4e-05
Udarsh Sem,6,0.0001,0.0,0.0,4e-05
Yashasvi Gera,7,0.0001,0.0,0.0,4e-05
Darika Patla,7,0.0001,0.0,0.0,4e-05
Deepa Jaggi,6,0.0001,0.0,0.0,4e-05
Arunima Biswas,6,0.0001,0.0,0.0,4e-05
Amaira Sarin,6,0.0001,0.0,0.0,4e-05
Mugdha Bhargava,6,0.0001,0.0,0.0,4e-05
Nathan Patel,6,0.0001,0.0,0.0,4e-05
Joshua Mannan,6,0.0001,0.0,0.0,4e-05
Kabir Mukherjee,6,0.0001,0.0,0.0,4e-05
Raagini Din,6,0.0001,0.0,0.0,4e-05
Lakshmi Chanda,6,0.0001,0.0,0.0,4e-05
Priya Kulkarni,6,0.0001,0.0,0.0,4e-05
Hemal Ratti,6,0.0001,0.0,0.0,4e-05
Zayan Devi,6,0.0001,0.0,0.0,4e-05
Tejas Misra,6,0.0001,0.0,0.0,4e-05
Arunima Gola,6,0.0001,0.0,0.0,4e-05
Nachiket Vala,6,0.0001,0.0,0.0,4e-05
Krishna Khare,6,0.0001,0.0,0.0,4e-05
Ryan Patel,6,0.0001,0.0,0.0,4e-05
Mugdha Kakar,6,0.0001,0.0,0.0,4e-05
Eesha Mody,6,0.0001,0.0,0.0,4e-05
Arjun Muni,6,0.0001,0.0,0.0,4e-05
Hemal Kade,6,0.0001,0.0,0.0,4e-05
Ikbal Reddy,6,0.0001,0.0,0.0,4e-05
Chakrika Setty,6,0.0001,0.0,0.0,4e-05
Advik Dave,6,0.0001,0.0,0.0,4e-05
Arunima Dora,6,0.0001,0.0,0.0,4e-05
Alka Misra,6,0.0001,0.0,0.0,4e-05
Chandani Balasubramanian,6,0.0001,0.0,0.0,4e-05
Forum Sharaf,6,0.0001,0.0,0.0,4e-05
Qadim Karpe,6,0.0001,0.0,0.0,4e-05
Yashawini Yadav,6,0.0001,0.0,0.0,4e-05
Daksha Garde,6,0.0001,0.0,0.0,4e-05
Yashawini Balay,6,0.0001,0.0,0.0,4e-05
Yug Samra,6,0.0001,0.0,0.0,4e-05
Urishilla Ramakrishnan,6,0.0001,0.0,0.0,4e-05
Aryan Ganesh,6,0.0001,0.0,0.0,4e-05
Gautam Wason,6,0.0001,0.0,0.0,4e-05
Saksham Hayer,6,0.0001,0.0,0.0,4e-05
Michael Khatri,6,0.0001,0.0,0.0,4e-05
Anika Thaker,6,0.0001,0.0,0.0,4e-05
Aryan Randhawa,6,0.0001,0.0,0.0,4e-05
Netra Hayre,6,0.0001,0.0,0.0,4e-05
Tanmayi Dugar,6,0.0001,0.0,0.0,4e-05
Pranit Madan,6,0.0001,0.0,0.0,4e-05
Jagvi Patla,6,0.0001,0.0,0.0,4e-05
Lavanya Saran,6,0.0001,0.0,0.0,4e-05
Nidra Mannan,7,0.0001,0.0,0.0,4e-05
Gabriel Bava,6,0.0001,0.0,0.0,4e-05
Benjamin Nazareth,6,0.0001,0.0,0.0,4e-05
Yatin Pant,6,0.0001,0.0,0.0,4e-05
Chanakya Edwin,6,0.0001,0.0,0.0,4e-05
Kiaan Brahmbhatt,6,0.0001,0.0,0.0,4e-05
Harrison Mahal,6,0.0001,0.0,0.0,4e-05
Dalaja Agate,6,0.0001,0.0,0.0,4e-05
Wyatt Singh,6,0.0001,0.0,0.0,4e-05
Lavanya Atwal,6,0.0001,0.0,0.0,4e-05
Nathaniel Balan,7,0.0001,0.0,0.0,4e-05
Zansi Bala,6,0.0001,0.0,0.0,4e-05
Qabil Bandi,6,0.0001,0.0,0.0,4e-05
Girish Badami,6,0.0001,0.0,0.0,4e-05
Fitan Kapadia,6,0.0001,0.0,0.0,4e-05
Sneha Kapadia,6,0.0001,0.0,0.0,4e-05
Upasna Kumer,6,0.0001,0.0,0.0,4e-05
Abhimanyu Gole,6,0.0001,0.0,0.0,4e-05
Luke Goel,6,0.0001,0.0,0.0,4e-05
Balhaar Gala,6,0.0001,0.0,0.0,4e-05
Janaki Varghese,6,0.0001,0.0,0.0,4e-05
Janani Misra,6,0.0001,0.0,0.0,4e-05
Ganga Bassi,6,0.0001,0.0,0.0,4e-05
Lavanya Vala,6,0.0001,0.0,0.0,4e-05
Suhani Issac,6,0.0001,0.0,0.0,4e-05
Jeet Jaggi,6,0.0001,0.0,0.0,4e-05
Aashi Shukla,6,0.0001,0.0,0.0,4e-05
Dakshesh Shukla,6,0.0001,0.0,0.0,4e-05
Hritik Peri,6,0.0001,0.0,0.0,4e-05
Charles Patla,6,0.0001,0.0,0.0,4e-05
Tara Dyal,6,0.0001,0.0,0.0,4e-05
Nicholas Sura,6,0.0001,0.0,0.0,4e-05
Barkha Aggarwal,6,0.0001,0.0,0.0,4e-05
Anamika Babu,6,0.0001,0.0,0.0,4e-05
Chanakya Choudhary,6,0.0001,0.0,0.0,4e-05
Sanaya Balay,6,0.0001,0.0,0.0,4e-05
Tanmayi Chaudhari,6,0.0001,0.0,0.0,4e-05
Benjamin Date,6,0.0001,0.0,0.0,4e-05
Zilmil Suresh,6,0.0001,0.0,0.0,4e-05
Veer Rege,6,0.0001,0.0,0.0,4e-05
Yug Tailor,6,0.0001,0.0,0.0,4e-05
Pratyush Butala,6,0.0001,0.0,0.0,4e-05
Yatan Andra,6,0.0001,0.0,0.0,4e-05
Matthew Sarna,6,0.0001,0.0,0.0,4e-05
Ati Hayre,6,0.0001,0.0,0.0,4e-05
Sanaya Sarma,6,0.0001,0.0,0.0,4e-05
Abeer Devi,6,0.0001,0.0,0.0,4e-05
Jasmit Mohanty,6,0.0001,0.0,0.0,4e-05
Libni Mishra,6,0.0001,0.0,0.0,4e-05
Mason Hans,6,0.0001,0.0,0.0,4e-05
Qarin Bath,6,0.0001,0.0,0.0,4e-05
Champak Puri,6,0.0001,0.0,0.0,4e-05
Anvi Karpe,6,0.0001,0.0,0.0,4e-05
Rushil Dube,6,0.0001,0.0,0.0,4e-05
Aadhya Chandra,6,0.0001,0.0,0.0,4e-05
Nandini Gupta,6,0.0001,0.0,0.0,4e-05
Anay Rama,6,0.0001,0.0,0.0,4e-05
Rohan Konda,6,0.0001,0.0,0.0,4e-05
Waida Hora,7,0.0001,0.0,0.0,4e-05
Nikita Saraf,6,0.0001,0.0,0.0,4e-05
Lakshit Khosla,6,0.0001,0.0,0.0,4e-05
Mohini Gandhi,6,0.0001,0.0,0.0,4e-05
Pallavi Sampath,6,0.0001,0.0,0.0,4e-05
Tamanna Kota,6,0.0001,0.0,0.0,4e-05
Nirja Zachariah,6,0.0001,0.0,0.0,4e-05
Falak Master,6,0.0001,0.0,0.0,4e-05
Inaya Mutti,6,0.0001,0.0,0.0,4e-05
Leela Muni,6,0.0001,0.0,0.0,4e-05
Chakrika Rastogi,6,0.0001,0.0,0.0,4e-05
Upasna Ramanathan,6,0.0001,0.0,0.0,4e-05
Yutika Handa,6,0.0001,0.0,0.0,4e-05
Lajita Yadav,6,0.0001,0.0,0.0,4e-05
Pooja Sami,6,0.0001,0.0,0.0,4e-05
Panini Sidhu,6,0.0001,0.0,0.0,4e-05
Pavani Gandhi,6,0.0001,0.0,0.0,4e-05
Nakul Mannan,6,0.0001,0.0,0.0,4e-05
Chaman Kamdar,6,0.0001,0.0,0.0,4e-05
Anika Loyal,7,0.0001,0.0,0.0,4e-05
Meghana Kapoor,6,0.0001,0.0,0.0,4e-05
Xalak Hegde,6,0.0001,0.0,0.0,4e-05
Gagan Lalla,7,0.0001,0.0,0.0,4e-05
Yagnesh Rastogi,6,0.0001,0.0,0.0,4e-05
Yauvani Chandra,6,0.0001,0.0,0.0,4e-05
Zaid Banerjee,6,0.0001,0.0,0.0,4e-05
Oni Pandey,6,0.0001,0.0,0.0,4e-05
Pahal Palan,6,0.0001,0.0,0.0,4e-05
Hamsini Patla,6,0.0001,0.0,0.0,4e-05
Faris Keer,6,0.0001,0.0,0.0,4e-05
Yauvani Sibal,6,0.0001,0.0,0.0,4e-05
Saksham Soni,6,0.0001,0.0,0.0,4e-05
Charvi Narayan,6,0.0001,0.0,0.0,4e-05
Nikita Doshi,6,0.0001,0.0,0.0,4e-05
Akshay Kale,6,0.0001,0.0,0.0,4e-05
Atharv Borra,6,0.0001,0.0,0.0,4e-05
Ojasvi Nath,6,0.0001,0.0,0.0,4e-05
Yash Kaul,6,0.0001,0.0,0.0,4e-05
Ijaya Palla,6,0.0001,0.0,0.0,4e-05
Victor Nayak,6,0.0001,0.0,0.0,4e-05
Shivansh Palla,6,0.0001,0.0,0.0,4e-05
Bhanumati Samra,7,0.0001,0.0,0.0,4e-05
Omaja Sachdeva,6,0.0001,0.0,0.0,4e-05
Sanya Ghosh,6,0.0001,0.0,0.0,4e-05
Divya Walla,6,0.0001,0.0,0.0,4e-05
Turvi Sunder,6,0.0001,0.0,0.0,4e-05
Xiti Kunda,6,0.0001,0.0,0.0,4e-05
Dominic Karpe,6,0.0001,0.0,0.0,4e-05
Daksha Manda,6,0.0001,0.0,0.0,4e-05
Theodore Reddy,6,0.0001,0.0,0.0,4e-05
Bakhshi Sarma,6,0.0001,0.0,0.0,4e-05
Maanav Ratta,6,0.0001,0.0,0.0,4e-05
Maanav Sidhu,6,0.0001,0.0,0.0,4e-05
Anvi Maharaj,6,0.0001,0.0,0.0,4e-05
Vasana Walia,6,0.0001,0.0,0.0,4e-05
Zansi Tata,6,0.0001,0.0,0.0,4e-05
Tanveer Chauhan,6,0.0001,0.0,0.0,4e-05
Dev Ray,6,0.0001,0.0,0.0,4e-05
Geetika Bhatt,6,0.0001,0.0,0.0,4e-05
Gunbir Dani,6,0.0001,0.0,0.0,4e-05
Jagdish Sibal,6,0.0001,0.0,0.0,4e-05
Jacob Jha,6,0.0001,0.0,0.0,4e-05
Laksh Suri,6,0.0001,0.0,0.0,4e-05
Mugdha Varghese,6,0.0001,0.0,0.0,4e-05
Vedhika Dua,6,0.0001,0.0,0.0,4e-05
Rachit Sem,6,0.0001,0.0,0.0,4e-05
Vasana Virk,6,0.0001,0.0,0.0,4e-05
Chaitanya Ahluwalia,6,0.0001,0.0,0.0,4e-05
Jeremiah Bandi,6,0.0001,0.0,0.0,4e-05
Jagdish Bahl,6,0.0001,0.0,0.0,4e-05
Ganga Gade,6,0.0001,0.0,0.0,4e-05
Zashil Palla,6,0.0001,0.0,0.0,4e-05
Kritika Prabhakar,6,0.0001,0.0,0.0,4e-05
Vyanjana Biswas,6,0.0001,0.0,0.0,4e-05
Liam Misra,7,0.0001,0.0,0.0,4e-05
Devansh Rama,6,0.0001,0.0,0.0,4e-05
Banjeet Sur,6,0.0001,0.0,0.0,4e-05
Xalak Sharaf,6,0.0001,0.0,0.0,4e-05
Pranit Nayar,6,0.0001,0.0,0.0,4e-05
Theodore Sridhar,6,0.0001,0.0,0.0,4e-05
Pahal Kohli,6,0.0001,0.0,0.0,4e-05
Barkha Malhotra,6,0.0001,0.0,0.0,4e-05
Lipika Dyal,6,0.0001,0.0,0.0,4e-05
Jeremiah Dube,7,0.0001,0.0,0.0,4e-05
Chaitaly Mittal,6,0.0001,0.0,0.0,4e-05
Omkaar Saran,6,0.0001,0.0,0.0,4e-05
Bahadurjit Sunder,6,0.0001,0.0,0.0,4e-05
Faqid Hegde,6,0.0001,0.0,0.0,4e-05
Gunbir Raman,6,0.0001,0.0,0.0,4e-05
Triya Karpe,6,0.0001,0.0,0.0,4e-05
Akshay Parikh,6,0.0001,0.0,0.0,4e-05
Jairaj Jaggi,6,0.0001,0.0,0.0,4e-05
Jagrati Sabharwal,6,0.0001,0.0,0.0,4e-05
Avni Dugar,7,0.0001,0.0,0.0,4e-05
Lakshit Khalsa,6,0.0001,0.0,0.0,4e-05
Shaurya Nadig,6,0.0001,0.0,0.0,4e-05
Manthan Kurian,7,0.0001,0.0,0.0,4e-05
Sanaya Narayanan,6,0.0001,0.0,0.0,4e-05
Wakeeta Madan,6,0.0001,0.0,0.0,4e-05
Tanish Sidhu,6,0.0001,0.0,0.0,4e-05
Zinal Deol,6,0.0001,0.0,0.0,4e-05
Upasna Raja,6,0.0001,0.0,0.0,4e-05
Lohit Sachdeva,6,0.0001,0.0,0.0,4e-05
Chaitaly Lata,6,0.0001,0.0,0.0,4e-05
Isaac Ram,6,0.0001,0.0,0.0,4e-05
Harini Merchant,6,0.0001,0.0,0.0,4e-05
Wishi Sahni,6,0.0001,0.0,0.0,4e-05
Jhalak Solanki,6,0.0001,0.0,0.0,4e-05
Falan Badal,6,0.0001,0.0,0.0,4e-05
Max Badami,6,0.0001,0.0,0.0,4e-05
Pavani Sha,6,0.0001,0.0,0.0,4e-05
Owen Raghavan,6,0.0001,0.0,0.0,4e-05
Ishita Nigam,6,0.0001,0.0,0.0,4e-05
Vansha Sharma,6,0.0001,0.0,0.0,4e-05
Falguni Khanna,6,0.0001,0.0,0.0,4e-05
Yashvi Chhabra,7,0.0001,0.0,0.0,4e-05
Ayush Uppal,6,0.0001,0.0,0.0,4e-05
Nikita De,6,0.0001,0.0,0.0,4e-05
Farhan Dara,6,0.0001,0.0,0.0,4e-05
Tanveer Hora,6,0.0001,0.0,0.0,4e-05
Januja Kaur,6,0.0001,0.0,0.0,4e-05
Radha Nori,6,0.0001,0.0,0.0,4e-05
Hemani Chokshi,6,0.0001,0.0,0.0,4e-05
Chakradev Ghose,6,0.0001,0.0,0.0,4e-05
Akshay Bassi,6,0.0001,0.0,0.0,4e-05
Vedhika Prakash,6,0.0001,0.0,0.0,4e-05
Qushi Sarma,6,0.0001,0.0,0.0,4e-05
Januja Dar,6,0.0001,0.0,0.0,4e-05
Faqid Gara,6,0.0001,0.0,0.0,4e-05
Varenya Nazareth,6,0.0001,0.0,0.0,4e-05
Samaksh Gulati,6,0.0001,0.0,0.0,4e-05
Kevin Bassi,6,0.0001,0.0,0.0,4e-05
Pooja Agrawal,6,0.0001,0.0,0.0,4e-05
Gaurav Mani,6,0.0001,0.0,0.0,4e-05
Vasatika Saxena,6,0.0001,0.0,0.0,4e-05
Charita Brar,6,0.0001,0.0,0.0,4e-05
Fitan Jayaraman,6,0.0001,0.0,0.0,4e-05
Ojas Ravel,6,0.0001,0.0,0.0,4e-05
Dayita Dutt,6,0.0001,0.0,0.0,4e-05
Kashvi Saxena,6,0.0001,0.0,0.0,4e-05
Oni Badami,6,0.0001,0.0,0.0,4e-05
Wriddhish Ganguly,6,0.0001,0.0,0.0,4e-05
Advaith Grewal,6,0.0001,0.0,0.0,4e-05
Gopal Bala,6,0.0001,0.0,0.0,4e-05
Samar Din,6,0.0001,0.0,0.0,4e-05
Vrishti Pillay,6,0.0001,0.0,0.0,4e-05
Xalak Chahal,6,0.0001,0.0,0.0,4e-05
Janaki Mandal,6,0.0001,0.0,0.0,4e-05
Zaid Krishna,6,0.0001,0.0,0.0,4e-05
Bhavani Dugar,6,0.0001,0.0,0.0,4e-05
Tejas Om,6,0.0001,0.0,0.0,4e-05
Mohini Virk,6,0.0001,0.0,0.0,4e-05
Dominic Zachariah,6,0.0001,0.0,0.0,4e-05
Madhav Mannan,6,0.0001,0.0,0.0,4e-05
Ekalinga Bala,6,0.0001,0.0,0.0,4e-05
Ishaan Mangat,6,0.0001,0.0,0.0,4e-05
Rehaan Pathak,6,0.0001,0.0,0.0,4e-05
Simon Desai,6,0.0001,0.0,0.0,4e-05
Daniel Merchant,6,0.0001,0.0,0.0,4e-05
Tara Goyal,6,0.0001,0.0,0.0,4e-05
Rushil Choudhary,6,0.0001,0.0,0.0,4e-05
Ekapad Suresh,6,0.0001,0.0,0.0,4e-05
Darika Naidu,6,0.0001,0.0,0.0,4e-05
Nachiket Goda,6,0.0001,0.0,0.0,4e-05
Nilima Kadakia,6,0.0001,0.0,0.0,4e-05
Ojas Brar,6,0.0001,0.0,0.0,4e-05
Zilmil Agate,6,0.0001,0.0,0.0,4e-05
Hemang Kanda,6,0.0001,0.0,0.0,4e-05
Girindra Muni,6,0.0001,0.0,0.0,4e-05
Ekalinga Batta,7,0.0001,0.0,0.0,4e-05
Devansh Jaggi,6,0.0001,0.0,0.0,4e-05
Mason Deshpande,6,0.0001,0.0,0.0,4e-05
Mohammed Chana,6,0.0001,0.0,0.0,4e-05
Sneha Arya,6,0.0001,0.0,0.0,4e-05
Maanas Chawla,6,0.0001,0.0,0.0,4e-05
Yash Batta,6,0.0001,0.0,0.0,4e-05
Henry Dey,6,0.0001,0.0,0.0,4e-05
Gabriel Kala,6,0.0001,0.0,0.0,4e-05
Ekiya Deol,6,0.0001,0.0,0.0,4e-05
Laksh Rajan,6,0.0001,0.0,0.0,4e-05
Advika Chana,6,0.0001,0.0,0.0,4e-05
Charvi Chaudry,6,0.0001,0.0,0.0,4e-05
Harish Barad,6,0.0001,0.0,0.0,4e-05
Yashodhara Saxena,6,0.0001,0.0,0.0,4e-05
Omisha Aggarwal,6,0.0001,0.0,0.0,4e-05
Aadi Lad,6,0.0001,0.0,0.0,4e-05
Xalak Narang,6,0.0001,0.0,0.0,4e-05
Udant Chaudhuri,6,0.0001,0.0,0.0,4e-05
Saumya Jaggi,7,0.0001,0.0,0.0,4e-05
Parth Bahl,6,0.0001,0.0,0.0,4e-05
Ayaan Barman,6,0.0001,0.0,0.0,4e-05
Ekbal Menon,6,0.0001,0.0,0.0,4e-05
Kavya Dalal,6,0.0001,0.0,0.0,4e-05
Urvi Krishnan,7,0.0001,0.0,0.0,4e-05
Unni Mall,6,0.0001,0.0,0.0,4e-05
Xalak Kapoor,6,0.0001,0.0,0.0,4e-05
Jalsa Radhakrishnan,6,0.0001,0.0,0.0,4e-05
Bimala Kibe,6,0.0001,0.0,0.0,4e-05
Jai Ahuja,7,0.0001,0.0,0.0,4e-05
Laksh Krishnan,6,0.0001,0.0,0.0,4e-05
Lohit Chahal,6,0.0001,0.0,0.0,4e-05
Yochana Bava,6,0.0001,0.0,0.0,4e-05
Dhruv Virk,6,0.0001,0.0,0.0,4e-05
Radha Rout,6,0.0001,0.0,0.0,4e-05
Qasim Banerjee,6,0.0001,0.0,0.0,4e-05
Vanya Sampath,6,0.0001,0.0,0.0,4e-05
Bakhshi Dixit,6,0.0001,0.0,0.0,4e-05
Yauvani Divan,6,0.0001,0.0,0.0,4e-05
Faris Dara,6,0.0001,0.0,0.0,4e-05
Ekaja Dave,6,0.0001,0.0,0.0,4e-05
Damyanti Bedi,6,0.0001,0.0,0.0,4e-05
Charita Tella,6,0.0001,0.0,0.0,4e-05
Yutika Narula,6,0.0001,0.0,0.0,4e-05
Rushil Dhaliwal,6,0.0001,0.0,0.0,4e-05
Vincent Pai,6,0.0001,0.0,0.0,4e-05
Aahana Nair,6,0.0001,0.0,0.0,4e-05
Yatin Raju,6,0.0001,0.0,0.0,4e-05
Nandini Goel,6,0.0001,0.0,0.0,4e-05
Finn Mahajan,6,0.0001,0.0,0.0,4e-05
Mitesh Wagle,6,0.0001,0.0,0.0,4e-05
Mitali Narang,6,0.0001,0.0,0.0,4e-05
Anya Thakkar,6,0.0001,0.0,0.0,4e-05
Reyansh Narain,6,0.0001,0.0,0.0,4e-05
Zashil Gulati,6,0.0001,0.0,0.0,4e-05
Anthony Batra,6,0.0001,0.0,0.0,4e-05
Qasim Bath,6,0.0001,0.0,0.0,4e-05
Pushti Narang,6,0.0001,0.0,0.0,4e-05
Azad Johal,6,0.0001,0.0,0.0,4e-05
Pranav Oommen,6,0.0001,0.0,0.0,4e-05
Yash Naik,6,0.0001,0.0,0.0,4e-05
Rishi Kaul,6,0.0001,0.0,0.0,4e-05
Saksham Ratta,6,0.0001,0.0,0.0,4e-05
Amaira Sampath,6,0.0001,0.0,0.0,4e-05
Qabil Gole,6,0.0001,0.0,0.0,4e-05
Dominic Yogi,6,0.0001,0.0,0.0,4e-05
Ganga Dugar,6,0.0001,0.0,0.0,4e-05
Maanas Bera,6,0.0001,0.0,0.0,4e-05
Bahadurjit Som,6,0.0001,0.0,0.0,4e-05
Hritik Hari,6,0.0001,0.0,0.0,4e-05
Samarth Warrior,6,0.0001,0.0,0.0,4e-05
Deepa Pillay,6,0.0001,0.0,0.0,4e-05
Garima Sandal,6,0.0001,0.0,0.0,4e-05
Chanakya Batta,6,0.0001,0.0,0.0,4e-05
Avni Bhat,6,0.0001,0.0,0.0,4e-05
Tamanna Dora,6,0.0001,0.0,0.0,4e-05
Yochana Dewan,6,0.0001,0.0,0.0,4e-05
Riya Mani,6,0.0001,0.0,0.0,4e-05
Oeshi Mandal,6,0.0001,0.0,0.0,4e-05
Rayaan Ramakrishnan,6,0.0001,0.0,0.0,4e-05
Aarna Seth,6,0.0001,0.0,0.0,4e-05
Rachita Hegde,6,0.0001,0.0,0.0,4e-05
Rehaan Sinha,6,0.0001,0.0,0.0,4e-05
Udarsh Pai,6,0.0001,0.0,0.0,4e-05
Deepa Bhattacharyya,6,0.0001,0.0,0.0,4e-05
Jagrati Lata,6,0.0001,0.0,0.0,4e-05
Chanchal Hora,6,0.0001,0.0,0.0,4e-05
Tarak Kalita,6,0.0001,0.0,0.0,4e-05
Warhi Nayak,6,0.0001,0.0,0.0,4e-05
Darsh Taneja,6,0.0001,0.0,0.0,4e-05
Balvan Radhakrishnan,6,0.0001,0.0,0.0,4e-05
Wazir Patla,6,0.0001,0.0,0.0,4e-05
Jason Gala,6,0.0001,0.0,0.0,4e-05
Sai Tara,6,0.0001,0.0,0.0,4e-05
Keya Gola,7,0.0001,0.0,0.0,4e-05
Chakradev Sridhar,6,0.0001,0.0,0.0,4e-05
Xalak Pingle,6,0.0001,0.0,0.0,4e-05
Isaac Lala,6,0.0001,0.0,0.0,4e-05
Aachal Sharaf,6,0.0001,0.0,0.0,4e-05
Naveen Mukhopadhyay,6,0.0001,0.0,0.0,4e-05
Oeshi Bhat,6,0.0001,0.0,0.0,4e-05
Kamya Vasa,6,0.0001,0.0,0.0,4e-05
Henry Chauhan,6,0.0001,0.0,0.0,4e-05
Raghav Sharma,6,0.0001,0.0,0.0,4e-05
Manya Ramakrishnan,6,0.0001,0.0,0.0,4e-05
Xavier Bhalla,6,0.0001,0.0,0.0,4e-05
Upasna Salvi,6,0.0001,0.0,0.0,4e-05
Chaman Sangha,6,0.0001,0.0,0.0,4e-05
Owen Gaba,6,0.0001,0.0,0.0,4e-05
Vrinda Hora,6,0.0001,0.0,0.0,4e-05
Lipika Parmer,6,0.0001,0.0,0.0,4e-05
Samesh Comar,6,0.0001,0.0,0.0,4e-05
Lucky Thakkar,6,0.0001,0.0,0.0,4e-05
Janya Vora,6,0.0001,0.0,0.0,4e-05
Hamsini Dubey,6,0.0001,0.0,0.0,4e-05
Fitan Bakshi,6,0.0001,0.0,0.0,4e-05
Daniel Seth,6,0.0001,0.0,0.0,4e-05
Baghyawati Bumb,6,0.0001,0.0,0.0,4e-05
Abhiram Chander,6,0.0001,0.0,0.0,4e-05
Dominic More,6,0.0001,0.0,0.0,4e-05
Quincy Sharma,6,0.0001,0.0,0.0,4e-05
Caleb Bhatti,6,0.0001,0.0,0.0,4e-05
Harinakshi Keer,6,0.0001,0.0,0.0,4e-05
Vihaan Kamdar,6,0.0001,0.0,0.0,4e-05
Rachit Mand,6,0.0001,0.0,0.0,4e-05
Gauri Bassi,6,0.0001,0.0,0.0,4e-05
Priya Andra,6,0.0001,0.0,0.0,4e-05
Wyatt Ghosh,6,0.0001,0.0,0.0,4e-05
Aadhya Bhasin,6,0.0001,0.0,0.0,4e-05
Siddharth Mody,6,0.0001,0.0,0.0,4e-05
Alexander Kalita,6,0.0001,0.0,0.0,4e-05
Harish Jani,6,0.0001,0.0,0.0,4e-05
Varenya Bumb,6,0.0001,0.0,0.0,4e-05
Matthew Mallick,6,0.0001,0.0,0.0,4e-05
Netra Rau,6,0.0001,0.0,0.0,4e-05
Neelima Karan,6,0.0001,0.0,0.0,4e-05
Harrison Memon,6,0.0001,0.0,0.0,4e-05
Pooja Taneja,6,0.0001,0.0,0.0,4e-05
Urmi Khanna,6,0.0001,0.0,0.0,4e-05
Krisha Toor,6,0.0001,0.0,0.0,4e-05
Janani Mani,6,0.0001,0.0,0.0,4e-05
Saanvi Dube,6,0.0001,0.0,0.0,4e-05
Benjamin Barad,6,0.0001,0.0,0.0,4e-05
Isaiah Bedi,6,0.0001,0.0,0.0,4e-05
Madhavi Dayal,6,0.0001,0.0,0.0,4e-05
Faris Dass,6,0.0001,0.0,0.0,4e-05
Pallavi Boase,6,0.0001,0.0,0.0,4e-05
Aahana Chakraborty,6,0.0001,0.0,0.0,4e-05
Chanakya Savant,6,0.0001,0.0,0.0,4e-05
Vidhi Vasa,6,0.0001,0.0,0.0,4e-05
Ishani Lata,6,0.0001,0.0,0.0,4e-05
Anvi Krishna,6,0.0001,0.0,0.0,4e-05
Aadi Wagle,6,0.0001,0.0,0.0,4e-05
Luke Chandra,6,0.0001,0.0,0.0,4e-05
Ekta Trivedi,6,0.0001,0.0,0.0,4e-05
Aachal Sahota,6,0.0001,0.0,0.0,4e-05
Veer Shankar,6,0.0001,0.0,0.0,4e-05
Manan Mohanty,6,0.0001,0.0,0.0,4e-05
Zehaan Chhabra,6,0.0001,0.0,0.0,4e-05
Isaac Murty,6,0.0001,0.0,0.0,4e-05
Oliver Ahluwalia,6,0.0001,0.0,0.0,4e-05
Neel Bail,6,0.0001,0.0,0.0,4e-05
Yatin Lata,6,0.0001,0.0,0.0,4e-05
Anusha Cheema,6,0.0001,0.0,0.0,4e-05
Chaman Bobal,6,0.0001,0.0,0.0,4e-05
Chandresh Bedi,6,0.0001,0.0,0.0,4e-05
Kamya Sandhu,6,0.0001,0.0,0.0,4e-05
Irya Rout,6,0.0001,0.0,0.0,4e-05
Lakshmi Varty,6,0.0001,0.0,0.0,4e-05
Hredhaan Bhargava,6,0.0001,0.0,0.0,4e-05
Bachittar Hari,6,0.0001,0.0,0.0,4e-05
Ishita Batta,6,0.0001,0.0,0.0,4e-05
Yashawini Gera,6,0.0001,0.0,0.0,4e-05
Ranbir Dass,6,0.0001,0.0,0.0,4e-05
Guneet Garde,6,0.0001,0.0,0.0,4e-05
Indali Contractor,6,0.0001,0.0,0.0,4e-05
Balvan Saxena,6,0.0001,0.0,0.0,4e-05
Divya Brahmbhatt,6,0.0001,0.0,0.0,4e-05
Jeevika Comar,6,0.0001,0.0,0.0,4e-05
Lajita Gara,6,0.0001,0.0,0.0,4e-05
Watika Sharaf,6,0.0001,0.0,0.0,4e-05
Akshay Bhatia,6,0.0001,0.0,0.0,4e-05
Sarthak Kumer,6,0.0001,0.0,0.0,4e-05
Azad Srinivas,6,0.0001,0.0,0.0,4e-05
Charvi Manda,6,0.0001,0.0,0.0,4e-05
Sanya Sani,6,0.0001,0.0,0.0,4e-05
Jalsa Prakash,6,0.0001,0.0,0.0,4e-05
Timothy Pai,6,0.0001,0.0,0.0,4e-05
Teerth Borra,6,0.0001,0.0,0.0,4e-05
Aadi Wable,6,0.0001,0.0,0.0,4e-05
Nathan Lanka,6,0.0001,0.0,0.0,4e-05
Qushi Raghavan,6,0.0001,0.0,0.0,4e-05
Madhavi Agate,6,0.0001,0.0,0.0,4e-05
Pavani Prakash,6,0.0001,0.0,0.0,4e-05
Eesha Choudhry,6,0.0001,0.0,0.0,4e-05
Vivaan Dhar,6,0.0001,0.0,0.0,4e-05
Raghav Parmer,6,0.0001,0.0,0.0,4e-05
Avni Palla,6,0.0001,0.0,0.0,4e-05
Kala Goda,6,0.0001,0.0,0.0,4e-05
Samaksh Murthy,6,0.0001,0.0,0.0,4e-05
Damyanti Ramakrishnan,6,0.0001,0.0,0.0,4e-05
Osha Kale,6,0.0001,0.0,0.0,4e-05
Chavvi Seshadri,6,0.0001,0.0,0.0,4e-05
Indali Setty,6,0.0001,0.0,0.0,4e-05
Ekalinga Ganguly,6,0.0001,0.0,0.0,4e-05
Dev Krishnan,6,0.0001,0.0,0.0,4e-05
Chaaya Chawla,6,0.0001,0.0,0.0,4e-05
Sara Nazareth,6,0.0001,0.0,0.0,4e-05
Bakhshi Batra,6,0.0001,0.0,0.0,4e-05
Brijesh Natarajan,6,0.0001,0.0,0.0,4e-05
Lila Warrior,6,0.0001,0.0,0.0,4e-05
Kamala Khosla,6,0.0001,0.0,0.0,4e-05
Indali Doshi,6,0.0001,0.0,0.0,4e-05
Jasmit Swamy,6,0.0001,0.0,0.0,4e-05
Umang Tella,6,0.0001,0.0,0.0,4e-05
Dayita Sheth,6,0.0001,0.0,0.0,4e-05
Advik Mander,6,0.0001,0.0,0.0,4e-05
Zehaan Manda,6,0.0001,0.0,0.0,4e-05
Christopher Bala,6,0.0001,0.0,0.0,4e-05
Gagan Jani,6,0.0001,0.0,0.0,4e-05
Saumya Arya,6,0.0001,0.0,0.0,4e-05
Avi Dube,6,0.0001,0.0,0.0,4e-05
Amaira Muni,6,0.0001,0.0,0.0,4e-05
Wazir Balan,6,0.0001,0.0,0.0,4e-05
Urvi Sastry,6,0.0001,0.0,0.0,4e-05
Leena Desai,6,0.0001,0.0,0.0,4e-05
Varenya Walia,6,0.0001,0.0,0.0,4e-05
Ucchal Luthra,6,0.0001,0.0,0.0,4e-05
Devika Keer,6,0.0001,0.0,0.0,4e-05
Lakshit Badami,6,0.0001,0.0,0.0,4e-05
Nitara Bahl,6,0.0001,0.0,0.0,4e-05
Jack Wali,6,0.0001,0.0,0.0,4e-05
Vedhika Balakrishnan,6,0.0001,0.0,0.0,4e-05
Bakhshi Ray,6,0.0001,0.0,0.0,4e-05
Geetika Toor,6,0.0001,0.0,0.0,4e-05
Brinda Jhaveri,6,0.0001,0.0,0.0,4e-05
Azad Ahluwalia,6,0.0001,0.0,0.0,4e-05
Dalbir Peri,6,0.0001,0.0,0.0,4e-05
Charles Mutti,6,0.0001,0.0,0.0,4e-05
Imaran Brahmbhatt,6,0.0001,0.0,0.0,4e-05
Anamika Amble,6,0.0001,0.0,0.0,4e-05
Saksham Nagi,6,0.0001,0.0,0.0,4e-05
Charita Chokshi,6,0.0001,0.0,0.0,4e-05
Sachi Samra,6,0.0001,0.0,0.0,4e-05
Dalaja Singh,6,0.0001,0.0,0.0,4e-05
Chatura Mammen,6,0.0001,0.0,0.0,4e-05
Hredhaan Varughese,6,0.0001,0.0,0.0,4e-05
Gaurang Minhas,6,0.0001,0.0,0.0,4e-05
Vihaan Vora,6,0.0001,0.0,0.0,4e-05
Balhaar Bahl,6,0.0001,0.0,0.0,4e-05
Krish Barman,6,0.0001,0.0,0.0,4e-05
Abhiram Karan,6,0.0001,0.0,0.0,4e-05
Michael Sen,6,0.0001,0.0,0.0,4e-05
Orinder Narayanan,6,0.0001,0.0,0.0,4e-05
Isaiah Dugar,6,0.0001,0.0,0.0,4e-05
Gagan Kari,6,0.0001,0.0,0.0,4e-05
Atharv Vora,6,0.0001,0.0,0.0,4e-05
Yasti Banik,6,0.0001,0.0,0.0,4e-05
Ekavir Baria,6,0.0001,0.0,0.0,4e-05
Rudra Wason,6,0.0001,0.0,0.0,4e-05
Simon Sharma,6,0.0001,0.0,0.0,4e-05
Yashodhara Ram,6,0.0001,0.0,0.0,4e-05
Lekha Kota,6,0.0001,0.0,0.0,4e-05
Chameli Badal,6,0.0001,0.0,0.0,4e-05
Bahadurjit Chaudhry,6,0.0001,0.0,0.0,4e-05
Yasti Uppal,6,0.0001,0.0,0.0,4e-05
Omya Bera,7,0.0001,0.0,0.0,4e-05
Mohammed Boase,6,0.0001,0.0,0.0,4e-05
Ranbir Korpal,6,0.0001,0.0,0.0,4e-05
Tanvi Saraf,6,0.0001,0.0,0.0,4e-05
Yash Sha,6,0.0001,0.0,0.0,4e-05
Ekbal Ganguly,6,0.0001,0.0,0.0,4e-05
Balvan Edwin,6,0.0001,0.0,0.0,4e-05
Aditya Korpal,6,0.0001,0.0,0.0,4e-05
Manbir Lalla,6,0.0001,0.0,0.0,4e-05
Gayathri Gola,6,0.0001,0.0,0.0,4e-05
Falguni Handa,6,0.0001,0.0,0.0,4e-05
Viraj Shere,6,0.0001,0.0,0.0,4e-05
Aditya Soman,6,0.0001,0.0,0.0,4e-05
Liam Grover,6,0.0001,0.0,0.0,4e-05
Gayathri Acharya,6,0.0001,0.0,0.0,4e-05
Jagvi Bala,6,0.0001,0.0,0.0,4e-05
Omisha Singhal,7,0.0001,0.0,0.0,4e-05
Chameli Kant,6,0.0001,0.0,0.0,4e-05
Lekha Prabhu,6,0.0001,0.0,0.0,4e-05
Odika Dasgupta,6,0.0001,0.0,0.0,4e-05
Daksh Shere,6,0.0001,0.0,0.0,4e-05
Janani Brar,6,0.0001,0.0,0.0,4e-05
Logan Sheth,6,0.0001,0.0,0.0,4e-05
Mitesh Mangal,6,0.0001,0.0,0.0,4e-05
Jason Nadig,6,0.0001,0.0,0.0,4e-05
Dev Bhat,6,0.0001,0.0,0.0,4e-05
Unni Chaudhuri,6,0.0001,0.0,0.0,4e-05
Umang Kaul,6,0.0001,0.0,0.0,4e-05
Arya Mutti,7,0.0001,0.0,0.0,4e-05
Eshana Khurana,6,0.0001,0.0,0.0,4e-05
Aryan Rau,6,0.0001,0.0,0.0,4e-05
Max Luthra,6,0.0001,0.0,0.0,4e-05
Rachita Krish,6,0.0001,0.0,0.0,4e-05
Hemang Sant,6,0.0001,0.0,0.0,4e-05
Eta Chakrabarti,6,0.0001,0.0,0.0,4e-05
Avni Shah,6,0.0001,0.0,0.0,4e-05
Darika Ben,6,0.0001,0.0,0.0,4e-05
Sneha Venkatesh,6,0.0001,0.0,0.0,4e-05
Adweta Doctor,6,0.0001,0.0,0.0,4e-05
Anika Choudhury,6,0.0001,0.0,0.0,4e-05
Alexander Gupta,6,0.0001,0.0,0.0,4e-05
Udant Padmanabhan,6,0.0001,0.0,0.0,4e-05
Raagini Savant,6,0.0001,0.0,0.0,4e-05
Jalsa Salvi,6,0.0001,0.0,0.0,4e-05
Dhruv Saxena,6,0.0001,0.0,0.0,4e-05
Gagan Bandi,6,0.0001,0.0,0.0,4e-05
Yatin Wagle,6,0.0001,0.0,0.0,4e-05
Yamini Madan,6,0.0001,0.0,0.0,4e-05
Kevin Biswas,6,0.0001,0.0,0.0,4e-05
Jonathan Kuruvilla,6,0.0001,0.0,0.0,4e-05
Mohammed Shenoy,6,0.0001,0.0,0.0,4e-05
Yash Khalsa,6,0.0001,0.0,0.0,4e-05
Charan Kadakia,6,0.0001,0.0,0.0,4e-05
Thomas Mall,6,0.0001,0.0,0.0,4e-05
Balendra Lad,6,0.0001,0.0,0.0,4e-05
Mohini Balasubramanian,6,0.0001,0.0,0.0,4e-05
Chaaya Minhas,6,0.0001,0.0,0.0,4e-05
Sara Seth,6,0.0001,0.0,0.0,4e-05
Dev Sarkar,6,0.0001,0.0,0.0,4e-05
Anthony Tara,6,0.0001,0.0,0.0,4e-05
Sanya Karpe,6,0.0001,0.0,0.0,4e-05
Watika Zachariah,6,0.0001,0.0,0.0,4e-05
Amol Bajwa,6,0.0001,0.0,0.0,4e-05
Januja Behl,6,0.0001,0.0,0.0,4e-05
Advik Dar,6,0.0001,0.0,0.0,4e-05
Ojas Mann,6,0.0001,0.0,0.0,4e-05
Harrison Bakshi,6,0.0001,0.0,0.0,4e-05
Ekalinga Patla,7,0.0001,0.0,0.0,4e-05
Nidra Choudhary,6,0.0001,0.0,0.0,4e-05
Praneel Brahmbhatt,6,0.0001,0.0,0.0,4e-05
Faras Sood,6,0.0001,0.0,0.0,4e-05
Falan Lall,6,0.0001,0.0,0.0,4e-05
Damini Mangal,6,0.0001,0.0,0.0,4e-05
Varenya Yohannan,6,0.0001,0.0,0.0,4e-05
Charvi Uppal,6,0.0001,0.0,0.0,4e-05
Ishanvi Som,6,0.0001,0.0,0.0,4e-05
Chatresh Wali,6,0.0001,0.0,0.0,4e-05
Rishi Verma,6,0.0001,0.0,0.0,4e-05
Eta Misra,6,0.0001,0.0,0.0,4e-05
Diya Nair,6,0.0001,0.0,0.0,4e-05
Onkar Boase,6,0.0001,0.0,0.0,4e-05
Jagat Chacko,6,0.0001,0.0,0.0,4e-05
Nikita Prasad,6,0.0001,0.0,0.0,4e-05
Peter Sachar,6,0.0001,0.0,0.0,4e-05
Eshana Singh,6,0.0001,0.0,0.0,4e-05
Chandani Kala,6,0.0001,0.0,0.0,4e-05
Watika Bhalla,6,0.0001,0.0,0.0,4e-05
Vritti Dube,6,0.0001,0.0,0.0,4e-05
Oeshi Patla,6,0.0001,0.0,0.0,4e-05
Gauri Shah,6,0.0001,0.0,0.0,4e-05
Vinaya Sastry,6,0.0001,0.0,0.0,4e-05
Ladli Mohanty,6,0.0001,0.0,0.0,4e-05
Arin Sundaram,6,0.0001,0.0,0.0,4e-05
Gavin Taneja,6,0.0001,0.0,0.0,4e-05
Arin Nair,6,0.0001,0.0,0.0,4e-05
Ayush Mittal,6,0.0001,0.0,0.0,4e-05
Rachita Kamdar,6,0.0001,0.0,0.0,4e-05
Indira Mann,6,0.0001,0.0,0.0,4e-05
Mason Sarma,6,0.0001,0.0,0.0,4e-05
Yashodhara Gandhi,6,0.0001,0.0,0.0,4e-05
Yasti Bhasin,6,0.0001,0.0,0.0,4e-05
Varenya Chakraborty,6,0.0001,0.0,0.0,4e-05
Lopa Contractor,6,0.0001,0.0,0.0,4e-05
Xalak Goyal,6,0.0001,0.0,0.0,4e-05
Zayyan Kaul,6,0.0001,0.0,0.0,4e-05
Balendra Murty,6,0.0001,0.0,0.0,4e-05
Balveer Borah,6,0.0001,0.0,0.0,4e-05
Anita Sha,7,0.0001,0.0,0.0,4e-05
Adweta Dewan,6,0.0001,0.0,0.0,4e-05
Hiral Seshadri,6,0.0001,0.0,0.0,4e-05
Yashvi Gole,6,0.0001,0.0,0.0,4e-05
Patrick Sachdev,6,0.0001,0.0,0.0,4e-05
Robert Chacko,6,0.0001,0.0,0.0,4e-05
Harinakshi Walla,6,0.0001,0.0,0.0,4e-05
Forum Mahajan,6,0.0001,0.0,0.0,4e-05
Chaitaly Sarin,6,0.0001,0.0,0.0,4e-05
Champak Ravi,6,0.0001,0.0,0.0,4e-05
Gopal Kohli,6,0.0001,0.0,0.0,4e-05
Advaith Virk,6,0.0001,0.0,0.0,4e-05
Amaira Bal,6,0.0001,0.0,0.0,4e-05
Urishilla Sahota,6,0.0001,0.0,0.0,4e-05
Omkaar Parsa,6,0.0001,0.0,0.0,4e-05
Udant Taneja,6,0.0001,0.0,0.0,4e-05
Falan Sha,6,0.0001,0.0,0.0,4e-05
Tara Rau,6,0.0001,0.0,0.0,4e-05
Faraj Choudhary,6,0.0001,0.0,0.0,4e-05
Vritti Sandhu,7,0.0001,0.0,0.0,4e-05
Jack Wason,6,0.0001,0.0,0.0,4e-05
Damini Rajagopalan,6,0.0001,0.0,0.0,4e-05
Eshana Kapur,6,0.0001,0.0,0.0,4e-05
Lila Dhawan,6,0.0001,0.0,0.0,4e-05
Sathvik Gara,6,0.0001,0.0,0.0,4e-05
Aarna Dara,7,0.0001,0.0,0.0,4e-05
Nidhi Chander,6,0.0001,0.0,0.0,4e-05
Karan Wali,6,0.0001,0.0,0.0,4e-05
Zaitra Nori,6,0.0001,0.0,0.0,4e-05
Unnati Kothari,6,0.0001,0.0,0.0,4e-05
Gunbir Biswas,6,0.0001,0.0,0.0,4e-05
Yash Kumer,6,0.0001,0.0,0.0,4e-05
Pavani Ahluwalia,6,0.0001,0.0,0.0,4e-05
Nisha Balay,6,0.0001,0.0,0.0,4e-05
Vedika Deep,6,0.0001,0.0,0.0,4e-05
Yashasvi Mukherjee,6,0.0001,0.0,0.0,4e-05
Panini Dhillon,6,0.0001,0.0,0.0,4e-05
Yug Naidu,6,0.0001,0.0,0.0,4e-05
Nisha Gera,6,0.0001,0.0,0.0,4e-05
Tanmayi Sampath,6,0.0001,0.0,0.0,4e-05
Neha Lala,6,0.0001,0.0,0.0,4e-05
Ayushman Hayer,6,0.0001,0.0,0.0,4e-05
Gauri Thakkar,6,0.0001,0.0,0.0,4e-05
Frado Mittal,6,0.0001,0.0,0.0,4e-05
Omkaar Pant,6,0.0001,0.0,0.0,4e-05
Lopa Atwal,6,0.0001,0.0,0.0,4e-05
Warjas Grewal,6,0.0001,0.0,0.0,4e-05
Yauvani Shroff,6,0.0001,0.0,0.0,4e-05
Om Radhakrishnan,6,0.0001,0.0,0.0,4e-05
Jeremiah Mallick,6,0.0001,0.0,0.0,4e-05
Bhavini Barad,6,0.0001,0.0,0.0,4e-05
Saumya Pant,6,0.0001,0.0,0.0,4e-05
Henry Sen,7,0.0001,0.0,0.0,4e-05
Krishna Agarwal,6,0.0001,0.0,0.0,4e-05
Guneet Virk,6,0.0001,0.0,0.0,4e-05
Guneet Varkey,6,0.0001,0.0,0.0,4e-05
Bakhshi Dara,6,0.0001,0.0,0.0,4e-05
Zayyan Toor,6,0.0001,0.0,0.0,4e-05
Aadi Ahluwalia,6,0.0001,0.0,0.0,4e-05
Bimala Nazareth,6,0.0001,0.0,0.0,4e-05
Ojasvi Raja,6,0.0001,0.0,0.0,4e-05
Kai Vyas,6,0.0001,0.0,0.0,4e-05
Harish Sidhu,6,0.0001,0.0,0.0,4e-05
Alexander Mukhopadhyay,6,0.0001,0.0,0.0,4e-05
Nihal Maharaj,6,0.0001,0.0,0.0,4e-05
Adweta Ravi,6,0.0001,0.0,0.0,4e-05
Owen Chaudhry,6,0.0001,0.0,0.0,4e-05
Advika Soni,6,0.0001,0.0,0.0,4e-05
Zilmil Mammen,6,0.0001,0.0,0.0,4e-05
Amol Bajaj,6,0.0001,0.0,0.0,4e-05
Balveer Krishnan,6,0.0001,0.0,0.0,4e-05
Chanakya Suri,6,0.0001,0.0,0.0,4e-05
Logan Jain,6,0.0001,0.0,0.0,4e-05
Bhavya Munshi,6,0.0001,0.0,0.0,4e-05
Amaira Ahuja,6,0.0001,0.0,0.0,4e-05
Avi Reddy,6,0.0001,0.0,0.0,4e-05
Azaan Chadha,6,0.0001,0.0,0.0,4e-05
Aarnav Naidu,6,0.0001,0.0,0.0,4e-05
Avni Yohannan,6,0.0001,0.0,0.0,4e-05
Adya Chauhan,6,0.0001,0.0,0.0,4e-05
Max Palan,6,0.0001,0.0,0.0,4e-05
Damyanti Cherian,6,0.0001,0.0,0.0,4e-05
Watika Guha,6,0.0001,0.0,0.0,4e-05
Utkarsh Taneja,6,0.0001,0.0,0.0,4e-05
Gaurangi Balasubramanian,6,0.0001,0.0,0.0,4e-05
Anirudh Gulati,6,0.0001,0.0,0.0,4e-05
Indira Bajaj,6,0.0001,0.0,0.0,4e-05
Warhi Soni,6,0.0001,0.0,0.0,4e-05
Nachiket Nagi,6,0.0001,0.0,0.0,4e-05
Idika Kalla,6,0.0001,0.0,0.0,4e-05
Naveen Rama,6,0.0001,0.0,0.0,4e-05
Devansh Padmanabhan,6,0.0001,0.0,0.0,4e-05
Darpan Raju,6,0.0001,0.0,0.0,4e-05
Ojas Rajagopalan,6,0.0001,0.0,0.0,4e-05
Vyanjana Rajagopalan,6,0.0001,0.0,0.0,4e-05
Hemangini Mangal,6,0.0001,0.0,0.0,4e-05
Irya Bora,7,0.0001,0.0,0.0,4e-05
Yashawini Mody,6,0.0001,0.0,0.0,4e-05
Amaira Pathak,6,0.0001,0.0,0.0,4e-05
Mason Dubey,6,0.0001,0.0,0.0,4e-05
Harish Chopra,6,0.0001,0.0,0.0,4e-05
Ryan Murty,6,0.0001,0.0,0.0,4e-05
Jacob Sandhu,6,0.0001,0.0,0.0,4e-05
Zehaan Raju,6,0.0001,0.0,0.0,4e-05
Kashvi Gandhi,6,0.0001,0.0,0.0,4e-05
Yashoda Naik,6,0.0001,0.0,0.0,4e-05
Alka Bora,6,0.0001,0.0,0.0,4e-05
Chandani Suresh,6,0.0001,0.0,0.0,4e-05
Hardik Mani,6,0.0001,0.0,0.0,4e-05
Samaksh Wadhwa,6,0.0001,0.0,0.0,4e-05
Adya Trivedi,6,0.0001,0.0,0.0,4e-05
Lila Sandal,6,0.0001,0.0,0.0,4e-05
Anirudh Golla,6,0.0001,0.0,0.0,4e-05
Ekaja Saha,6,0.0001,0.0,0.0,4e-05
Varsha Tailor,6,0.0001,0.0,0.0,4e-05
Anthony Seshadri,6,0.0001,0.0,0.0,4e-05
Abdul Soni,6,0.0001,0.0,0.0,4e-05
Sanaya Gera,6,0.0001,0.0,0.0,4e-05
Mugdha Shankar,6,0.0001,0.0,0.0,4e-05
Panini Bawa,6,0.0001,0.0,0.0,4e-05
Yashawini Mitter,6,0.0001,0.0,0.0,4e-05
Ekantika Ganguly,6,0.0001,0.0,0.0,4e-05
Anay Bhatti,6,0.0001,0.0,0.0,4e-05
Eshana Gill,6,0.0001,0.0,0.0,4e-05
Shivansh Jayaraman,6,0.0001,0.0,0.0,4e-05
Tanvi Bali,6,0.0001,0.0,0.0,4e-05
Sai Keer,6,0.0001,0.0,0.0,4e-05
Kalpit Karpe,6,0.0001,0.0,0.0,4e-05
Gayathri Pall,6,0.0001,0.0,0.0,4e-05
Agastya Uppal,6,0.0001,0.0,0.0,4e-05
Ansh Batra,6,0.0001,0.0,0.0,4e-05
Raagini Krishnan,6,0.0001,0.0,0.0,4e-05
Lavanya Pai,6,0.0001,0.0,0.0,4e-05
Champak Hari,6,0.0001,0.0,0.0,4e-05
Sanya Divan,6,0.0001,0.0,0.0,4e-05
Karan Brahmbhatt,6,0.0001,0.0,0.0,4e-05
Omisha Panchal,6,0.0001,0.0,0.0,4e-05
Yadavi Bhagat,6,0.0001,0.0,0.0,4e-05
Charita Bobal,7,0.0001,0.0,0.0,4e-05
Chakradev Soni,6,0.0001,0.0,0.0,4e-05
Bhavika Sachdev,6,0.0001,0.0,0.0,4e-05
Suhani Cheema,6,0.0001,0.0,0.0,4e-05
Jagat Chahal,6,0.0001,0.0,0.0,4e-05
Chaaya Karan,6,0.0001,0.0,0.0,4e-05
Damini Pathak,6,0.0001,0.0,0.0,4e-05
Yamini Sagar,6,0.0001,0.0,0.0,4e-05
Timothy Bobal,7,0.0001,0.0,0.0,4e-05
Ryan Sen,6,0.0001,0.0,0.0,4e-05
Jonathan Ratti,6,0.0001,0.0,0.0,4e-05
Chaaya Gupta,6,0.0001,0.0,0.0,4e-05
Vedika Sekhon,6,0.0001,0.0,0.0,4e-05
Barkha Hegde,6,0.0001,0.0,0.0,4e-05
Amara Balay,6,0.0001,0.0,0.0,4e-05
Adweta Shanker,6,0.0001,0.0,0.0,4e-05
Ekalinga Venkatesh,6,0.0001,0.0,0.0,4e-05
Manan Mangal,6,0.0001,0.0,0.0,4e-05
Ronith Malhotra,6,0.0001,0.0,0.0,4e-05
Gautam Chakrabarti,6,0.0001,0.0,0.0,4e-05
Anthony Subramanian,6,0.0001,0.0,0.0,4e-05
Darpan Rattan,7,0.0001,0.0,0.0,4e-05
Parth Brahmbhatt,6,0.0001,0.0,0.0,4e-05
Jai Roy,6,0.0001,0.0,0.0,4e-05
Yatan Dubey,6,0.0001,0.0,0.0,4e-05
Xavier Bedi,6,0.0001,0.0,0.0,4e-05
Oviya Samra,6,0.0001,0.0,0.0,4e-05
Anthony Koshy,6,0.0001,0.0,0.0,4e-05
Ucchal Date,6,0.0001,0.0,0.0,4e-05
Yauvani Iyer,6,0.0001,0.0,0.0,4e-05
Samarth Shan,6,0.0001,0.0,0.0,4e-05
Warda Dass,6,0.0001,0.0,0.0,4e-05
Saumya Mann,6,0.0001,0.0,0.0,4e-05
Deepa Banerjee,6,0.0001,0.0,0.0,4e-05
Ekani Palla,6,0.0001,0.0,0.0,4e-05
Shivansh Cheema,6,0.0001,0.0,0.0,4e-05
Max Sant,6,0.0001,0.0,0.0,4e-05
Qadim Raj,6,0.0001,0.0,0.0,4e-05
Warda Brar,6,0.0001,0.0,0.0,4e-05
Hemal Salvi,6,0.0001,0.0,0.0,4e-05
Rehaan Agarwal,6,0.0001,0.0,0.0,4e-05
Gabriel Sule,6,0.0001,0.0,0.0,4e-05
Wriddhish Pai,6,0.0001,0.0,0.0,4e-05
Bimala Kurian,6,0.0001,0.0,0.0,4e-05
Daksha Banerjee,6,0.0001,0.0,0.0,4e-05
Jagrati Dhar,6,0.0001,0.0,0.0,4e-05
Vrishti Gandhi,6,0.0001,0.0,0.0,4e-05
Watika Lad,6,0.0001,0.0,0.0,4e-05
Varsha Sathe,6,0.0001,0.0,0.0,4e-05
Victor Dugal,6,0.0001,0.0,0.0,4e-05
Fiyaz Chhabra,6,0.0001,0.0,0.0,4e-05
Ishwar Parmar,6,0.0001,0.0,0.0,4e-05
Yatin Ganesan,6,0.0001,0.0,0.0,4e-05
Kamya Yohannan,6,0.0001,0.0,0.0,4e-05
Suhani Mand,6,0.0001,0.0,0.0,4e-05
Bhavika Datta,6,0.0001,0.0,0.0,4e-05
Harish Mangat,6,0.0001,0.0,0.0,4e-05
Praneel Varghese,6,0.0001,0.0,0.0,4e-05
Gautami Ravel,6,0.0001,0.0,0.0,4e-05
Indali Om,6,0.0001,0.0,0.0,4e-05
Zinal Sidhu,6,0.0001,0.0,0.0,4e-05
Raksha Borra,6,0.0001,0.0,0.0,4e-05
Eshana Dube,6,0.0001,0.0,0.0,4e-05
Nakul Bajwa,6,0.0001,0.0,0.0,4e-05
Zehaan Choudhary,6,0.0001,0.0,0.0,4e-05
Reyansh Kale,6,0.0001,0.0,0.0,4e-05
Aayush Chauhan,6,0.0001,0.0,0.0,4e-05
Ronith Vohra,6,0.0001,0.0,0.0,4e-05
Bhavani Naik,6,0.0001,0.0,0.0,4e-05
Arjun Mane,6,0.0001,0.0,0.0,4e-05
Ekanta Arya,6,0.0001,0.0,0.0,4e-05
Lohit Kamdar,6,0.0001,0.0,0.0,4e-05
Owen Vaidya,6,0.0001,0.0,0.0,4e-05
Oni Sampath,6,0.0001,0.0,0.0,4e-05
Pratyush Bali,6,0.0001,0.0,0.0,4e-05
Jai Mitter,6,0.0001,0.0,0.0,4e-05
Fiyaz Guha,6,0.0001,0.0,0.0,4e-05
Chakradhar Chaudhuri,6,0.0001,0.0,0.0,4e-05
Arya Shetty,6,0.0001,0.0,0.0,4e-05
Wishi Gola,6,0.0001,0.0,0.0,4e-05
Dhruv Deol,6,0.0001,0.0,0.0,4e-05
Frado Thakur,6,0.0001,0.0,0.0,4e-05
Yashica Sahota,6,0.0001,0.0,0.0,4e-05
Chaaya Prabhu,6,0.0001,0.0,0.0,4e-05
Peter Patel,6,0.0001,0.0,0.0,4e-05
Kalpit Trivedi,6,0.0001,0.0,0.0,4e-05
Vedika Kumar,6,0.0001,0.0,0.0,4e-05
Qarin Varma,6,0.0001,0.0,0.0,4e-05
Siddharth Parekh,6,0.0001,0.0,0.0,4e-05
Oni Swaminathan,6,0.0001,0.0,0.0,4e-05
Raksha Patil,6,0.0001,0.0,0.0,4e-05
Champak Shankar,6,0.0001,0.0,0.0,4e-05
David Krish,6,0.0001,0.0,0.0,4e-05
Karan Rai,6,0.0001,0.0,0.0,4e-05
Tristan Ratti,6,0.0001,0.0,0.0,4e-05
Timothy Dave,6,0.0001,0.0,0.0,4e-05
Udant Rajagopal,6,0.0001,0.0,0.0,4e-05
Jagat Comar,6,0.0001,0.0,0.0,4e-05
Bimala Sekhon,6,0.0001,0.0,0.0,4e-05
Pahal Tiwari,6,0.0001,0.0,0.0,4e-05
Balhaar Pant,6,0.0001,0.0,0.0,4e-05
Xiti Ahuja,6,0.0001,0.0,0.0,4e-05
Ubika Apte,6,0.0001,0.0,0.0,4e-05
Irya Sethi,6,0.0001,0.0,0.0,4e-05
Neelima Narasimhan,6,0.0001,0.0,0.0,4e-05
Ekaraj Loyal,6,0.0001,0.0,0.0,4e-05
Kai Kala,6,0.0001,0.0,0.0,4e-05
Warhi Mohan,6,0.0001,0.0,0.0,4e-05
Upkaar Borah,6,0.0001,0.0,0.0,4e-05
Chandani Vaidya,6,0.0001,0.0,0.0,4e-05
Anita Doctor,6,0.0001,0.0,0.0,4e-05
Guneet Ramakrishnan,6,0.0001,0.0,0.0,4e-05
Krishna Joshi,6,0.0001,0.0,0.0,4e-05
Wazir Tata,6,0.0001,0.0,0.0,4e-05
Ekansh Thaman,6,0.0001,0.0,0.0,4e-05
Faqid Mann,6,0.0001,0.0,0.0,4e-05
Naksh Arya,6,0.0001,0.0,0.0,4e-05
Mahika Bumb,6,0.0001,0.0,0.0,4e-05
Sneha Basak,6,0.0001,0.0,0.0,4e-05
Aashi Samra,6,0.0001,0.0,0.0,4e-05
Damini Bora,6,0.0001,0.0,0.0,4e-05
Wakeeta Borah,6,0.0001,0.0,0.0,4e-05
Qarin Dave,6,0.0001,0.0,0.0,4e-05
Pratyush Tara,6,0.0001,0.0,0.0,4e-05
Neel Ravel,6,0.0001,0.0,0.0,4e-05
Priya Parsa,6,0.0001,0.0,0.0,4e-05
Warinder Raja,6,0.0001,0.0,0.0,4e-05
Shaurya Kata,6,0.0001,0.0,0.0,4e-05
Chanchal Madan,7,0.0001,0.0,0.0,4e-05
Andrew Nagar,6,0.0001,0.0,0.0,4e-05
Damyanti Kaur,6,0.0001,0.0,0.0,4e-05
Nidra Chakrabarti,6,0.0001,0.0,0.0,4e-05
Dayita Khatri,6,0.0001,0.0,0.0,4e-05
Divya Kar,6,0.0001,0.0,0.0,4e-05
Frederick Garg,6,0.0001,0.0,0.0,4e-05
Ojas Pai,6,0.0001,0.0,0.0,4e-05
Vyanjana Palla,6,0.0001,0.0,0.0,4e-05
Aachal Sankaran,6,0.0001,0.0,0.0,4e-05
Qarin Andra,6,0.0001,0.0,0.0,4e-05
Sarthak Tata,6,0.0001,0.0,0.0,4e-05
David Dass,6,0.0001,0.0,0.0,4e-05
Aarna Agate,6,0.0001,0.0,0.0,4e-05
Noah Dyal,6,0.0001,0.0,0.0,4e-05
Vasudha Banerjee,6,0.0001,0.0,0.0,4e-05
Reyansh Chaudhuri,6,0.0001,0.0,0.0,4e-05
Zinal Parsa,6,0.0001,0.0,0.0,4e-05
Balendra Gade,6,0.0001,0.0,0.0,4e-05
Garima Kade,6,0.0001,0.0,0.0,4e-05
Liam Pal,7,0.0001,0.0,0.0,4e-05
Chaitaly Bhandari,6,0.0001,0.0,0.0,4e-05
Triya Ahluwalia,6,0.0001,0.0,0.0,4e-05
Nakul Deshmukh,6,0.0001,0.0,0.0,4e-05
Bhavika Nori,6,0.0001,0.0,0.0,4e-05
Jagvi Dara,6,0.0001,0.0,0.0,4e-05
Indrajit Swaminathan,6,0.0001,0.0,0.0,4e-05
Dipta Vala,6,0.0001,0.0,0.0,4e-05
Lohit Ahuja,6,0.0001,0.0,0.0,4e-05
Parth Nayak,6,0.0001,0.0,0.0,4e-05
Urvashi Bhagat,6,0.0001,0.0,0.0,4e-05
Krish Krishna,6,0.0001,0.0,0.0,4e-05
Rayaan Sundaram,6,0.0001,0.0,0.0,4e-05
Ati Chauhan,6,0.0001,0.0,0.0,4e-05
Geetika Dayal,6,0.0001,0.0,0.0,4e-05
Pranav Raghavan,6,0.0001,0.0,0.0,4e-05
Saanvi Ghosh,6,0.0001,0.0,0.0,4e-05
Aryan Vig,6,0.0001,0.0,0.0,4e-05
Aradhana Sahni,6,0.0001,0.0,0.0,4e-05
Krishna Khanna,6,0.0001,0.0,0.0,4e-05
Faris Pandey,7,0.0001,0.0,0.0,4e-05
Girish Kashyap,6,0.0001,0.0,0.0,4e-05
Girik Murty,6,0.0001,0.0,0.0,4e-05
Tarak Sankaran,6,0.0001,0.0,0.0,4e-05
Yagnesh Hora,6,0.0001,0.0,0.0,4e-05
Divya Reddy,6,0.0001,0.0,0.0,4e-05
Harini Garg,6,0.0001,0.0,0.0,4e-05
Vasatika Sastry,6,0.0001,0.0,0.0,4e-05
Udyati Parmar,6,0.0001,0.0,0.0,4e-05
William Sarraf,6,0.0001,0.0,0.0,4e-05
Jeevika Wali,6,0.0001,0.0,0.0,4e-05
Chasmum Gill,6,0.0001,0.0,0.0,4e-05
Januja Narasimhan,6,0.0001,0.0,0.0,4e-05
Benjamin Gala,6,0.0001,0.0,0.0,4e-05
Brinda Tripathi,6,0.0001,0.0,0.0,4e-05
Chakrika Garde,6,0.0001,0.0,0.0,4e-05
Abha Raju,6,0.0001,0.0,0.0,4e-05
Anamika Mukherjee,6,0.0001,0.0,0.0,4e-05
Aditya Baral,6,0.0001,0.0,0.0,4e-05
Upma Thakkar,6,0.0001,0.0,0.0,4e-05
Aarna Gara,6,0.0001,0.0,0.0,4e-05
Xavier Murthy,6,0.0001,0.0,0.0,4e-05
Gaurav Chacko,6,0.0001,0.0,0.0,4e-05
Arunima Khare,6,0.0001,0.0,0.0,4e-05
Anmol Sen,6,0.0001,0.0,0.0,4e-05
Vansha Parsa,6,0.0001,0.0,0.0,4e-05
Chavvi Thaman,6,0.0001,0.0,0.0,4e-05
Rajeshri Nigam,6,0.0001,0.0,0.0,4e-05
Gaurika Mall,6,0.0001,0.0,0.0,4e-05
Abhimanyu Agrawal,6,0.0001,0.0,0.0,4e-05
Patrick Gola,6,0.0001,0.0,0.0,4e-05
Naveen Wali,6,0.0001,0.0,0.0,4e-05
Shaurya Borah,6,0.0001,0.0,0.0,4e-05
Advaith Kurian,6,0.0001,0.0,0.0,4e-05
Rachana Taneja,6,0.0001,0.0,0.0,4e-05
Kai Dasgupta,6,0.0001,0.0,0.0,4e-05
Mohini Gaba,6,0.0001,0.0,0.0,4e-05
Owen Baral,6,0.0001,0.0,0.0,4e-05
Zaid Suri,6,0.0001,0.0,0.0,4e-05
Lopa Mander,6,0.0001,0.0,0.0,4e-05
Brijesh Narayan,6,0.0001,0.0,0.0,4e-05
Harish Khare,6,0.0001,0.0,0.0,4e-05
Maanas Chaudry,6,0.0001,0.0,0.0,4e-05
Bhavika Bhatia,6,0.0001,0.0,0.0,4e-05
Abha Bains,6,0.0001,0.0,0.0,4e-05
Pranav Jain,6,0.0001,0.0,0.0,4e-05
Yuvraj Jayaraman,6,0.0001,0.0,0.0,4e-05
Yadavi Basu,6,0.0001,0.0,0.0,4e-05
Jatin Mitter,6,0.0001,0.0,0.0,4e-05
Azaan Pradhan,6,0.0001,0.0,0.0,4e-05
Isha Khosla,6,0.0001,0.0,0.0,4e-05
Maya Kaul,6,0.0001,0.0,0.0,4e-05
Harini Sehgal,6,0.0001,0.0,0.0,4e-05
Vincent Padmanabhan,6,0.0001,0.0,0.0,4e-05
Upma Chhabra,6,0.0001,0.0,0.0,4e-05
Advaith Ghosh,6,0.0001,0.0,0.0,4e-05
Aarush Borde,6,0.0001,0.0,0.0,4e-05
Daksha Rajagopal,6,0.0001,0.0,0.0,4e-05
Vinaya Sanghvi,6,0.0001,0.0,0.0,4e-05
Tanish Chokshi,6,0.0001,0.0,0.0,4e-05
Jeevika Kurian,6,0.0001,0.0,0.0,4e-05
Sai Upadhyay,6,0.0001,0.0,0.0,4e-05
Harini Khosla,6,0.0001,0.0,0.0,4e-05
Garima Dugar,6,0.0001,0.0,0.0,4e-05
Lohit Pillai,6,0.0001,0.0,0.0,4e-05
Ishita Jayaraman,6,0.0001,0.0,0.0,4e-05
Libni Hari,6,0.0001,0.0,0.0,4e-05
Barkha Chandran,6,0.0001,0.0,0.0,4e-05
Lakshit Barman,6,0.0001,0.0,0.0,4e-05
Indrajit Bandi,6,0.0001,0.0,0.0,4e-05
Radha Khanna,6,0.0001,0.0,0.0,4e-05
Nidhi Shanker,6,0.0001,0.0,0.0,4e-05
Jagdish Khanna,6,0.0001,0.0,0.0,4e-05
Anamika Pradhan,6,0.0001,0.0,0.0,4e-05
Udyati Sarraf,6,0.0001,0.0,0.0,4e-05
Pranit Raval,6,0.0001,0.0,0.0,4e-05
Libni Ray,6,0.0001,0.0,0.0,4e-05
Ria Tiwari,6,0.0001,0.0,0.0,4e-05
Omya Dugar,6,0.0001,0.0,0.0,4e-05
Utkarsh Natt,6,0.0001,0.0,0.0,4e-05
Damyanti Grover,6,0.0001,0.0,0.0,4e-05
Sathvik Purohit,6,0.0001,0.0,0.0,4e-05
Dipta Soman,6,0.0001,0.0,0.0,4e-05
Ishita Wali,6,0.0001,0.0,0.0,4e-05
Liam Krishna,6,0.0001,0.0,0.0,4e-05
Faras Goel,6,0.0001,0.0,0.0,4e-05
Jeet Rout,6,0.0001,0.0,0.0,4e-05
Dalbir Oak,6,0.0001,0.0,0.0,4e-05
Naveen Hayer,6,0.0001,0.0,0.0,4e-05
Christopher Swamy,6,0.0001,0.0,0.0,4e-05
Jacob Ravel,6,0.0001,0.0,0.0,4e-05
Ansh Peri,6,0.0001,0.0,0.0,4e-05
Yauvani Aurora,6,0.0001,0.0,0.0,4e-05
Daksha Palla,6,0.0001,0.0,0.0,4e-05
Eshana Ghose,6,0.0001,0.0,0.0,4e-05
Victor Mandal,6,0.0001,0.0,0.0,4e-05
Bhavani Goswami,6,0.0001,0.0,0.0,4e-05
Balvan Sagar,6,0.0001,0.0,0.0,4e-05
Robert Rao,6,0.0001,0.0,0.0,4e-05
Ayaan Ravel,6,0.0001,0.0,0.0,4e-05
Mitali Sarna,6,0.0001,0.0,0.0,4e-05
Lavanya Wadhwa,6,0.0001,0.0,0.0,4e-05
Ekaja Balasubramanian,6,0.0001,0.0,0.0,4e-05
Leena Choudhury,6,0.0001,0.0,0.0,4e-05
Harish Raman,6,0.0001,0.0,0.0,4e-05
Nitesh Puri,6,0.0001,0.0,0.0,4e-05
Turvi Sengupta,6,0.0001,0.0,0.0,4e-05
Vaishnavi Bedi,6,0.0001,0.0,0.0,4e-05
Simon Rajagopal,6,0.0001,0.0,0.0,4e-05
Samarth Setty,6,0.0001,0.0,0.0,4e-05
Agastya Khosla,6,0.0001,0.0,0.0,4e-05
Anjali Bal,6,0.0001,0.0,0.0,4e-05
Yashodhara Pandey,6,0.0001,0.0,0.0,4e-05
Reyansh Raman,6,0.0001,0.0,0.0,4e-05
Nihal Issac,6,0.0001,0.0,0.0,4e-05
Amrita Bava,6,0.0001,0.0,0.0,4e-05
Rajeshri Shankar,6,0.0001,0.0,0.0,4e-05
Devika Majumdar,6,0.0001,0.0,0.0,4e-05
Bachittar Dhingra,6,0.0001,0.0,0.0,4e-05
Balendra Ramaswamy,6,0.0001,0.0,0.0,4e-05
Chanakya Sinha,6,0.0001,0.0,0.0,4e-05
Pahal Date,6,0.0001,0.0,0.0,4e-05
Gayathri Deo,6,0.0001,0.0,0.0,4e-05
Thomas Patla,6,0.0001,0.0,0.0,4e-05
Aashi Murthy,6,0.0001,0.0,0.0,4e-05
Ati Rao,6,0.0001,0.0,0.0,4e-05
Varenya Ganguly,6,0.0001,0.0,0.0,4e-05
Vedika Kashyap,6,0.0001,0.0,0.0,4e-05
Girindra Shah,6,0.0001,0.0,0.0,4e-05
Nitara Ghosh,6,0.0001,0.0,0.0,4e-05
Krishna Din,6,0.0001,0.0,0.0,4e-05
Hemal Mitra,6,0.0001,0.0,0.0,4e-05
Chakradev Hayre,6,0.0001,0.0,0.0,4e-05
Yuvraj Kulkarni,6,0.0001,0.0,0.0,4e-05
Daksh Hari,6,0.0001,0.0,0.0,4e-05
Kabir Mistry,6,0.0001,0.0,0.0,4e-05
Pranit Devi,6,0.0001,0.0,0.0,4e-05
Parth Mohanty,6,0.0001,0.0,0.0,4e-05
Aayush Basak,6,0.0001,0.0,0.0,4e-05
Upkaar Krishna,6,0.0001,0.0,0.0,4e-05
Ryan Gokhale,6,0.0001,0.0,0.0,4e-05
Turvi Bajaj,6,0.0001,0.0,0.0,4e-05
Chameli Vora,6,0.0001,0.0,0.0,4e-05
Kala Choudhary,6,0.0001,0.0,0.0,4e-05
Wridesh Agate,6,0.0001,0.0,0.0,4e-05
Jeremiah Dugar,6,0.0001,0.0,0.0,4e-05
Wakeeta Bala,6,0.0001,0.0,0.0,4e-05
Vasudha Bose,6,0.0001,0.0,0.0,4e-05
Daniel Seshadri,6,0.0001,0.0,0.0,4e-05
Charles Dua,6,0.0001,0.0,0.0,4e-05
Nikita Nadig,6,0.0001,0.0,0.0,4e-05
Nihal Bhasin,7,0.0001,0.0,0.0,4e-05
Girik Pau,6,0.0001,0.0,0.0,4e-05
Oliver Vala,6,0.0001,0.0,0.0,4e-05
Kashvi Patel,6,0.0001,0.0,0.0,4e-05
Kavya Purohit,6,0.0001,0.0,0.0,4e-05
Hitesh Nagi,6,0.0001,0.0,0.0,4e-05
Omya Sandal,6,0.0001,0.0,0.0,4e-05
Simon Shere,6,0.0001,0.0,0.0,4e-05
Yamini Rastogi,6,0.0001,0.0,0.0,4e-05
Nidhi Banerjee,6,0.0001,0.0,0.0,4e-05
Saksham Sarna,6,0.0001,0.0,0.0,4e-05
Veda Varty,6,0.0001,0.0,0.0,4e-05
Yachana Chandran,6,0.0001,0.0,0.0,4e-05
Joshua Deshpande,6,0.0001,0.0,0.0,4e-05
Faras Hayre,6,0.0001,0.0,0.0,4e-05
Saanvi Uppal,6,0.0001,0.0,0.0,4e-05
Ronith Thaker,6,0.0001,0.0,0.0,4e-05
Edhitha Zacharia,6,0.0001,0.0,0.0,4e-05
Hemani Chandra,6,0.0001,0.0,0.0,4e-05
Panini Dass,6,0.0001,0.0,0.0,4e-05
Madhav Menon,6,0.0001,0.0,0.0,4e-05
Anjali Padmanabhan,6,0.0001,0.0,0.0,4e-05
Abhimanyu Date,6,0.0001,0.0,0.0,4e-05
Ekani Narasimhan,6,0.0001,0.0,0.0,4e-05
Prisha Oak,6,0.0001,0.0,0.0,4e-05
Yashodhara Shetty,6,0.0001,0.0,0.0,4e-05
Aradhana Mani,6,0.0001,0.0,0.0,4e-05
Ijaya Parikh,6,0.0001,0.0,0.0,4e-05
Gopal Viswanathan,6,0.0001,0.0,0.0,4e-05
Chandran Aurora,6,0.0001,0.0,0.0,4e-05
Chaitaly Sengupta,6,0.0001,0.0,0.0,4e-05
Siya Mangal,6,0.0001,0.0,0.0,4e-05
Christopher Varkey,6,0.0001,0.0,0.0,4e-05
Girish Naidu,6,0.0001,0.0,0.0,4e-05
Victor Modi,6,0.0001,0.0,0.0,4e-05
Gayathri Thakur,6,0.0001,0.0,0.0,4e-05
Sanya Garg,6,0.0001,0.0,0.0,4e-05
Laksh Lala,6,0.0001,0.0,0.0,4e-05
Chakrika Nagi,6,0.0001,0.0,0.0,4e-05
Ira Apte,6,0.0001,0.0,0.0,4e-05
Eshana Lala,6,0.0001,0.0,0.0,4e-05
Sathvik Oza,6,0.0001,0.0,0.0,4e-05
Chavvi Kumer,6,0.0001,0.0,0.0,4e-05
Peter Ratta,6,0.0001,0.0,0.0,4e-05
Vyanjana Shenoy,6,0.0001,0.0,0.0,4e-05
Caleb Brahmbhatt,6,0.0001,0.0,0.0,4e-05
Oliver Sabharwal,6,0.0001,0.0,0.0,4e-05
Arjun Shroff,6,0.0001,0.0,0.0,4e-05
Nilima Sarraf,6,0.0001,0.0,0.0,4e-05
Baghyawati Yogi,6,0.0001,0.0,0.0,4e-05
Thomas Muni,6,0.0001,0.0,0.0,4e-05
Yadavi Nayak,6,0.0001,0.0,0.0,4e-05
Andrew De,6,0.0001,0.0,0.0,4e-05
Rachit Naik,6,0.0001,0.0,0.0,4e-05
Tripti Wagle,6,0.0001,0.0,0.0,4e-05
Aahana Nagarajan,6,0.0001,0.0,0.0,4e-05
Yashasvi Apte,6,0.0001,0.0,0.0,4e-05
Agastya Mohan,6,0.0001,0.0,0.0,4e-05
Ladli Deshpande,6,0.0001,0.0,0.0,4e-05
Brinda Subramanian,6,0.0001,0.0,0.0,4e-05
Robert Kuruvilla,6,0.0001,0.0,0.0,4e-05
Ekaja Rattan,6,0.0001,0.0,0.0,4e-05
Anusha Salvi,6,0.0001,0.0,0.0,4e-05
Pallavi Hari,6,0.0001,0.0,0.0,4e-05
Gopal Sibal,6,0.0001,0.0,0.0,4e-05
Sai Kumer,6,0.0001,0.0,0.0,4e-05
Alexander Karan,6,0.0001,0.0,0.0,4e-05
Kashish Sekhon,6,0.0001,0.0,0.0,4e-05
Urishilla Sachar,7,0.0001,0.0,0.0,4e-05
Ayushman Bail,6,0.0001,0.0,0.0,4e-05
Charles Rana,6,0.0001,0.0,0.0,4e-05
Pushti Vohra,6,0.0001,0.0,0.0,4e-05
Ojas Verma,6,0.0001,0.0,0.0,4e-05
Vansha Lala,6,0.0001,0.0,0.0,4e-05
Unni Banerjee,6,0.0001,0.0,0.0,4e-05
Krisha Taneja,6,0.0001,0.0,0.0,4e-05
Zashil Natarajan,6,0.0001,0.0,0.0,4e-05
Ranveer Jaggi,6,0.0001,0.0,0.0,4e-05
Ekani Kota,6,0.0001,0.0,0.0,4e-05
Jai Pau,6,0.0001,0.0,0.0,4e-05
Udyati Shanker,6,0.0001,0.0,0.0,4e-05
Veer Kurian,6,0.0001,0.0,0.0,4e-05
Rachita Tank,6,0.0001,0.0,0.0,4e-05
Ubika Dhar,6,0.0001,0.0,0.0,4e-05
Chaitanya Bava,6,0.0001,0.0,0.0,4e-05
Balvan Bahl,6,0.0001,0.0,0.0,4e-05
Advik Sahota,6,0.0001,0.0,0.0,4e-05
Ekalinga Rajan,6,0.0001,0.0,0.0,4e-05
Anika Gaba,6,0.0001,0.0,0.0,4e-05
Gauri Khatri,6,0.0001,0.0,0.0,4e-05
Jonathan Sidhu,6,0.0001,0.0,0.0,4e-05
Idika Behl,6,0.0001,0.0,0.0,4e-05
Bahadurjit Balan,6,0.0001,0.0,0.0,4e-05
Kamya Misra,6,0.0001,0.0,0.0,4e-05
Hritik Dua,6,0.0001,0.0,0.0,4e-05
Anita Char,6,0.0001,0.0,0.0,4e-05
Peter Subramanian,6,0.0001,0.0,0.0,4e-05
Jonathan Mangal,6,0.0001,0.0,0.0,4e-05
Vasudha Chaudhuri,6,0.0001,0.0,0.0,4e-05
Udant Nigam,6,0.0001,0.0,0.0,4e-05
Ekansh Raju,6,0.0001,0.0,0.0,4e-05
Karan Parekh,6,0.0001,0.0,0.0,4e-05
Caleb Deshpande,6,0.0001,0.0,0.0,4e-05
Jagdish Suresh,6,0.0001,0.0,0.0,4e-05
Frederick Kanda,6,0.0001,0.0,0.0,4e-05
Jagdish Kurian,6,0.0001,0.0,0.0,4e-05
Jagat Ramesh,6,0.0001,0.0,0.0,4e-05
Wishi Kurian,6,0.0001,0.0,0.0,4e-05
Janaki Sarkar,6,0.0001,0.0,0.0,4e-05
Oscar Bose,6,0.0001,0.0,0.0,4e-05
Daksha Sanghvi,6,0.0001,0.0,0.0,4e-05
Baljiwan Lal,6,0.0001,0.0,0.0,4e-05
Andrew Narain,6,0.0001,0.0,0.0,4e-05
Meghana Wable,6,0.0001,0.0,0.0,4e-05
Yashasvi Kumar,6,0.0001,0.0,0.0,4e-05
Chakradev Raj,6,0.0001,0.0,0.0,4e-05
Ayushman Parsa,6,0.0001,0.0,0.0,4e-05
Laksh Bal,6,0.0001,0.0,0.0,4e-05
Charvi Varkey,6,0.0001,0.0,0.0,4e-05
Pranit Sampath,6,0.0001,0.0,0.0,4e-05
Jeremiah Tata,6,0.0001,0.0,0.0,4e-05
Wishi Bobal,6,0.0001,0.0,0.0,4e-05
Amaira Dugar,6,0.0001,0.0,0.0,4e-05
Krishna Baral,6,0.0001,0.0,0.0,4e-05
Vasatika Sethi,6,0.0001,0.0,0.0,4e-05
Ayush Sur,6,0.0001,0.0,0.0,4e-05
Falguni Mangat,6,0.0001,0.0,0.0,4e-05
Riya Deep,6,0.0001,0.0,0.0,4e-05
Sudiksha Raval,6,0.0001,0.0,0.0,4e-05
Omkaar Talwar,6,0.0001,0.0,0.0,4e-05
Quincy Joshi,6,0.0001,0.0,0.0,4e-05
Harish Goel,6,0.0001,0.0,0.0,4e-05
Yauvani Viswanathan,7,0.0001,0.0,0.0,4e-05
Nandini Bhatnagar,6,0.0001,0.0,0.0,4e-05
Adya Merchant,6,0.0001,0.0,0.0,4e-05
Vansha Dutt,6,0.0001,0.0,0.0,4e-05
Oeshi Iyer,6,0.0001,0.0,0.0,4e-05
Kiaan Lanka,6,0.0001,0.0,0.0,4e-05
Idika Dhaliwal,6,0.0001,0.0,0.0,4e-05
Ekalinga Kumar,6,0.0001,0.0,0.0,4e-05
Liam Kunda,6,0.0001,0.0,0.0,4e-05
Ganga Borde,6,0.0001,0.0,0.0,4e-05
Vaishnavi Loyal,6,0.0001,0.0,0.0,4e-05
Zashil Dutt,6,0.0001,0.0,0.0,4e-05
Lakshit Solanki,6,0.0001,0.0,0.0,4e-05
Arjun Mistry,6,0.0001,0.0,0.0,4e-05
Upadhriti Batra,6,0.0001,0.0,0.0,4e-05
Falguni Mishra,6,0.0001,0.0,0.0,4e-05
Zarna Bhalla,6,0.0001,0.0,0.0,4e-05
Lohit Nayar,6,0.0001,0.0,0.0,4e-05
Bhavini Lata,6,0.0001,0.0,0.0,4e-05
Anjali Grover,6,0.0001,0.0,0.0,4e-05
Ekapad Warrior,6,0.0001,0.0,0.0,4e-05
Tanay Kothari,6,0.0001,0.0,0.0,4e-05
Ishani Sekhon,6,0.0001,0.0,0.0,4e-05
Sanaya Mangal,6,0.0001,0.0,0.0,4e-05
Bina Ratti,6,0.0001,0.0,0.0,4e-05
Hemani Kothari,6,0.0001,0.0,0.0,4e-05
Radhika Patel,6,0.0001,0.0,0.0,4e-05
Gagan Natt,6,0.0001,0.0,0.0,4e-05
Radhika Kumar,6,0.0001,0.0,0.0,4e-05
Rachana Badal,6,0.0001,0.0,0.0,4e-05
Faqid Patil,6,0.0001,0.0,0.0,4e-05
Hemang Nadkarni,6,0.0001,0.0,0.0,4e-05
Jeremiah Pandya,6,0.0001,0.0,0.0,4e-05
Wazir Bail,6,0.0001,0.0,0.0,4e-05
Dakshesh Nayak,6,0.0001,0.0,0.0,4e-05
Unnati Singh,6,0.0001,0.0,0.0,4e-05
Panini Ramanathan,6,0.0001,0.0,0.0,4e-05
Devika Bhattacharyya,6,0.0001,0.0,0.0,4e-05
Upasna Bedi,6,0.0001,0.0,0.0,4e-05
Darika Majumdar,6,0.0001,0.0,0.0,4e-05
Dipta Lad,6,0.0001,0.0,0.0,4e-05
Ojas Gade,6,0.0001,0.0,0.0,4e-05
Bhavna Arora,6,0.0001,0.0,0.0,4e-05
Jacob Thaman,6,0.0001,0.0,0.0,4e-05
Pooja Sule,6,0.0001,0.0,0.0,4e-05
Michael Bandi,6,0.0001,0.0,0.0,4e-05
Simon Parikh,6,0.0001,0.0,0.0,4e-05
Ridhi Walla,6,0.0001,0.0,0.0,4e-05
Champak Atwal,6,0.0001,0.0,0.0,4e-05
Vedant Nori,6,0.0001,0.0,0.0,4e-05
Amara Deshpande,6,0.0001,0.0,0.0,4e-05
Chatura Dugar,6,0.0001,0.0,0.0,4e-05
Saanvi Brar,6,0.0001,0.0,0.0,4e-05
Watika Rajagopal,6,0.0001,0.0,0.0,4e-05
Ekantika Sridhar,6,0.0001,0.0,0.0,4e-05
Advika Mohan,6,0.0001,0.0,0.0,4e-05
Rachit Bhavsar,6,0.0001,0.0,0.0,4e-05
Isha Maharaj,6,0.0001,0.0,0.0,4e-05
Oni Rai,6,0.0001,0.0,0.0,4e-05
Raksha Madan,6,0.0001,0.0,0.0,4e-05
Harita Mall,6,0.0001,0.0,0.0,4e-05
Gautam Nagy,6,0.0001,0.0,0.0,4e-05
Falan Uppal,6,0.0001,0.0,0.0,4e-05
Devansh Mitter,6,0.0001,0.0,0.0,4e-05
Gaurang Vyas,6,0.0001,0.0,0.0,4e-05
Urmi Sastry,6,0.0001,0.0,0.0,4e-05
Yadavi Shroff,6,0.0001,0.0,0.0,4e-05
Bhavna Rege,6,0.0001,0.0,0.0,4e-05
Finn Dada,6,0.0001,0.0,0.0,4e-05
Hemal Raghavan,6,0.0001,0.0,0.0,4e-05
Samesh Karan,6,0.0001,0.0,0.0,4e-05
Saksham Morar,6,0.0001,0.0,0.0,4e-05
Dalaja Date,6,0.0001,0.0,0.0,4e-05
Libni Purohit,6,0.0001,0.0,0.0,4e-05
Chaaya Pandey,6,0.0001,0.0,0.0,4e-05
Pushti Dey,6,0.0001,0.0,0.0,4e-05
Jason Jhaveri,6,0.0001,0.0,0.0,4e-05
Hemang Lala,6,0.0001,0.0,0.0,4e-05
Waida Yadav,6,0.0001,0.0,0.0,4e-05
Quincy Chadha,6,0.0001,0.0,0.0,4e-05
Aarini Kaur,6,0.0001,0.0,0.0,4e-05
Onveer Sinha,6,0.0001,0.0,0.0,4e-05
Yatan Balasubramanian,6,0.0001,0.0,0.0,4e-05
Isaac Keer,6,0.0001,0.0,0.0,4e-05
Maanav Kalla,6,0.0001,0.0,0.0,4e-05
Ekaraj Rege,6,0.0001,0.0,0.0,4e-05
Damini Lall,6,0.0001,0.0,0.0,4e-05
Kevin Arya,6,0.0001,0.0,0.0,4e-05
Henry Sastry,6,0.0001,0.0,0.0,4e-05
Yuvraj Krish,6,0.0001,0.0,0.0,4e-05
Irya Chander,6,0.0001,0.0,0.0,4e-05
Dominic Mammen,6,0.0001,0.0,0.0,4e-05
Oviya Kota,6,0.0001,0.0,0.0,4e-05
Tanay Bawa,6,0.0001,0.0,0.0,4e-05
Sanaya Murthy,6,0.0001,0.0,0.0,4e-05
Varenya Palla,6,0.0001,0.0,0.0,4e-05
Jatin Devan,6,0.0001,0.0,0.0,4e-05
Leela Dube,6,0.0001,0.0,0.0,4e-05
Jeevika Dora,6,0.0001,0.0,0.0,4e-05
Jack Bhattacharyya,6,0.0001,0.0,0.0,4e-05
Mekhala Ghose,6,0.0001,0.0,0.0,4e-05
Turvi Sharaf,6,0.0001,0.0,0.0,4e-05
Ati Tata,6,0.0001,0.0,0.0,4e-05
Omkaar Banerjee,6,0.0001,0.0,0.0,4e-05
Isaiah Patla,6,0.0001,0.0,0.0,4e-05
Ayush Mahal,6,0.0001,0.0,0.0,4e-05
Peter Golla,6,0.0001,0.0,0.0,4e-05
Kala Tandon,6,0.0001,0.0,0.0,4e-05
Ekalinga Murty,6,0.0001,0.0,0.0,4e-05
Urmi Chadha,6,0.0001,0.0,0.0,4e-05
Varsha Grover,6,0.0001,0.0,0.0,4e-05
Upasna Bali,6,0.0001,0.0,0.0,4e-05
Yashawini Deep,6,0.0001,0.0,0.0,4e-05
Vyanjana Mandal,6,0.0001,0.0,0.0,4e-05
Ubika Choudhury,6,0.0001,0.0,0.0,4e-05
Aditya Bains,6,0.0001,0.0,0.0,4e-05
Azad Nanda,6,0.0001,0.0,0.0,4e-05
Luke Yadav,6,0.0001,0.0,0.0,4e-05
Lopa Salvi,6,0.0001,0.0,0.0,4e-05
Warinder Sathe,6,0.0001,0.0,0.0,4e-05
Anjali Lall,6,0.0001,0.0,0.0,4e-05
Finn Narula,6,0.0001,0.0,0.0,4e-05
Anya Sibal,6,0.0001,0.0,0.0,4e-05
Vanya Taneja,6,0.0001,0.0,0.0,4e-05
Harsh Bains,6,0.0001,0.0,0.0,4e-05
Pushti Bhat,6,0.0001,0.0,0.0,4e-05
Pallavi Chaudhuri,6,0.0001,0.0,0.0,4e-05
Ekbal Ranganathan,6,0.0001,0.0,0.0,4e-05
Neel Johal,6,0.0001,0.0,0.0,4e-05
Shivansh Uppal,6,0.0001,0.0,0.0,4e-05
Darpan Grover,6,0.0001,0.0,0.0,4e-05
Nathaniel Guha,6,0.0001,0.0,0.0,4e-05
Aarush Behl,6,0.0001,0.0,0.0,4e-05
Naveen Biswas,6,0.0001,0.0,0.0,4e-05
Zarna Dua,6,0.0001,0.0,0.0,4e-05
Pranit Sen,6,0.0001,0.0,0.0,4e-05
Ayush Grover,6,0.0001,0.0,0.0,4e-05
Gautam Dhingra,6,0.0001,0.0,0.0,4e-05
Udyati Muni,6,0.0001,0.0,0.0,4e-05
Hitesh Dhaliwal,6,0.0001,0.0,0.0,4e-05
Gayathri Kothari,6,0.0001,0.0,0.0,4e-05
Upkaar Nori,6,0.0001,0.0,0.0,4e-05
Kavya Bassi,6,0.0001,0.0,0.0,4e-05
Bhavya Divan,6,0.0001,0.0,0.0,4e-05
Fariq Acharya,7,0.0001,0.0,0.0,4e-05
Amaira Kanda,6,0.0001,0.0,0.0,4e-05
Daksha Bhasin,6,0.0001,0.0,0.0,4e-05
Wakeeta Sankaran,6,0.0001,0.0,0.0,4e-05
Dominic Saran,6,0.0001,0.0,0.0,4e-05
Yashawini Varty,6,0.0001,0.0,0.0,4e-05
Xalak Babu,6,0.0001,0.0,0.0,4e-05
Wahab Magar,6,0.0001,0.0,0.0,4e-05
Sai Venkataraman,6,0.0001,0.0,0.0,4e-05
Kavya Pall,6,0.0001,0.0,0.0,4e-05
Aarini Sarraf,6,0.0001,0.0,0.0,4e-05
Anay Bhatnagar,6,0.0001,0.0,0.0,4e-05
Urmi Nagarajan,6,0.0001,0.0,0.0,4e-05
Parth Nath,6,0.0001,0.0,0.0,4e-05
Pushti Purohit,6,0.0001,0.0,0.0,4e-05
Chasmum Baral,6,0.0001,0.0,0.0,4e-05
Bachittar Pall,6,0.0001,0.0,0.0,4e-05
Eiravati Patel,6,0.0001,0.0,0.0,4e-05
Gaurav Jani,6,0.0001,0.0,0.0,4e-05
Yatan Mohan,6,0.0001,0.0,0.0,4e-05
Harrison Tara,6,0.0001,0.0,0.0,4e-05
Pranit Chad,6,0.0001,0.0,0.0,4e-05
Falak Mohanty,6,0.0001,0.0,0.0,4e-05
Ojasvi Dugal,6,0.0001,0.0,0.0,4e-05
Jeevika Bath,6,0.0001,0.0,0.0,4e-05
Oni Dara,6,0.0001,0.0,0.0,4e-05
Nidra Mittal,6,0.0001,0.0,0.0,4e-05
Gauri Ramesh,6,0.0001,0.0,0.0,4e-05
Krishna Chanda,6,0.0001,0.0,0.0,4e-05
Champak Munshi,6,0.0001,0.0,0.0,4e-05
Shivani Oommen,6,0.0001,0.0,0.0,4e-05
Tamanna Malhotra,6,0.0001,0.0,0.0,4e-05
Victor Sengupta,6,0.0001,0.0,0.0,4e-05
Joshua Kashyap,6,0.0001,0.0,0.0,4e-05
Balhaar Mander,6,0.0001,0.0,0.0,4e-05
Vasatika Thaker,6,0.0001,0.0,0.0,4e-05
Vyanjana Pall,6,0.0001,0.0,0.0,4e-05
Xiti Mukhopadhyay,6,0.0001,0.0,0.0,4e-05
Meghana Garde,6,0.0001,0.0,0.0,4e-05
Idika Baral,6,0.0001,0.0,0.0,4e-05
Mahika Kota,6,0.0001,0.0,0.0,4e-05
Ira Narayan,6,0.0001,0.0,0.0,4e-05
Benjamin Sheth,6,0.0001,0.0,0.0,4e-05
Reyansh Swamy,6,0.0001,0.0,0.0,4e-05
Ira Char,6,0.0001,0.0,0.0,4e-05
Omaja Pathak,6,0.0001,0.0,0.0,4e-05
Netra Kaur,6,0.0001,0.0,0.0,4e-05
Adweta Sandhu,6,0.0001,0.0,0.0,4e-05
Harini Pall,6,0.0001,0.0,0.0,4e-05
Chakradhar Som,6,0.0001,0.0,0.0,4e-05
Shravya Banik,6,0.0001,0.0,0.0,4e-05
Bachittar Oak,6,0.0001,0.0,0.0,4e-05
Guneet Bera,6,0.0001,0.0,0.0,4e-05
Tejas Sangha,6,0.0001,0.0,0.0,4e-05
Yug Subramanian,6,0.0001,0.0,0.0,4e-05
Teerth Vig,6,0.0001,0.0,0.0,4e-05
Abhimanyu Chopra,6,0.0001,0.0,0.0,4e-05
Arin Yogi,6,0.0001,0.0,0.0,4e-05
Chaitaly Kadakia,6,0.0001,0.0,0.0,4e-05
Adweta Murty,6,0.0001,0.0,0.0,4e-05
Bhavna Uppal,6,0.0001,0.0,0.0,4e-05
Wakeeta Sampath,6,0.0001,0.0,0.0,4e-05
Ethan Minhas,6,0.0001,0.0,0.0,4e-05
Ekta Parsa,6,0.0001,0.0,0.0,4e-05
Shivani Narula,6,0.0001,0.0,0.0,4e-05
Ekalinga Singh,6,0.0001,0.0,0.0,4e-05
Vincent Gala,6,0.0001,0.0,0.0,4e-05
Warinder Gera,6,0.0001,0.0,0.0,4e-05
Anvi Toor,6,0.0001,0.0,0.0,4e-05
Frado Kunda,6,0.0001,0.0,0.0,4e-05
Qushi Iyer,6,0.0001,0.0,0.0,4e-05
Abhimanyu Banik,6,0.0001,0.0,0.0,4e-05
Pranav Kota,6,0.0001,0.0,0.0,4e-05
Kala Dave,6,0.0001,0.0,0.0,4e-05
Raghav Rout,6,0.0001,0.0,0.0,4e-05
Yadavi Venkataraman,6,0.0001,0.0,0.0,4e-05
Umang Balan,6,0.0001,0.0,0.0,4e-05
Nathan Soni,6,0.0001,0.0,0.0,4e-05
Madhav Kalita,6,0.0001,0.0,0.0,4e-05
Mugdha Behl,6,0.0001,0.0,0.0,4e-05
Finn Kumar,6,0.0001,0.0,0.0,4e-05
Urvi Bakshi,6,0.0001,0.0,0.0,4e-05
Dhriti Khatri,6,0.0001,0.0,0.0,4e-05
Vrinda Natarajan,6,0.0001,0.0,0.0,4e-05
Ira Balan,6,0.0001,0.0,0.0,4e-05
Bhavani Chandra,6,0.0001,0.0,0.0,4e-05
Hemal Pandit,6,0.0001,0.0,0.0,4e-05
Gautami Mody,6,0.0001,0.0,0.0,4e-05
Udarsh Sheth,6,0.0001,0.0,0.0,4e-05
Ayaan Deshpande,6,0.0001,0.0,0.0,4e-05
Bhavini Baral,6,0.0001,0.0,0.0,4e-05
Lavanya Warrior,6,0.0001,0.0,0.0,4e-05
Anvi Ghose,6,0.0001,0.0,0.0,4e-05
Azaan Kumer,6,0.0001,0.0,0.0,4e-05
Advay Manne,6,0.0001,0.0,0.0,4e-05
Lohit Acharya,6,0.0001,0.0,0.0,4e-05
Manthan Manda,6,0.0001,0.0,0.0,4e-05
Yamini Parsa,6,0.0001,0.0,0.0,4e-05
Maanas Sinha,6,0.0001,0.0,0.0,4e-05
Hiral Gandhi,6,0.0001,0.0,0.0,4e-05
Umang Vora,6,0.0001,0.0,0.0,4e-05
Aarush Mitra,6,0.0001,0.0,0.0,4e-05
Krish Baria,6,0.0001,0.0,0.0,4e-05
Vamakshi Hayre,6,0.0001,0.0,0.0,4e-05
Aayush Tiwari,7,0.0001,0.0,0.0,4e-05
Ranveer Kapur,6,0.0001,0.0,0.0,4e-05
Tanveer Vora,6,0.0001,0.0,0.0,4e-05
Wahab Kade,6,0.0001,0.0,0.0,4e-05
Yashvi Sagar,6,0.0001,0.0,0.0,4e-05
Neel Sibal,6,0.0001,0.0,0.0,4e-05
Devansh Shukla,6,0.0001,0.0,0.0,4e-05
Avni Gandhi,6,0.0001,0.0,0.0,4e-05
Chakradev Sinha,6,0.0001,0.0,0.0,4e-05
Jairaj Srinivasan,6,0.0001,0.0,0.0,4e-05
Vinaya Gole,6,0.0001,0.0,0.0,4e-05
Dalaja Deshpande,6,0.0001,0.0,0.0,4e-05
Unnati Radhakrishnan,6,0.0001,0.0,0.0,4e-05
Samar Gera,6,0.0001,0.0,0.0,4e-05
Dayita Sabharwal,6,0.0001,0.0,0.0,4e-05
Vidhi Jha,6,0.0001,0.0,0.0,4e-05
Jatin Sawhney,6,0.0001,0.0,0.0,4e-05
Mason Ramesh,6,0.0001,0.0,0.0,4e-05
Upasna Yogi,6,0.0001,0.0,0.0,4e-05
Neha Bumb,6,0.0001,0.0,0.0,4e-05
Rehaan Prashad,6,0.0001,0.0,0.0,4e-05
Tanmayi Sachdev,6,0.0001,0.0,0.0,4e-05
Tejas Venkataraman,6,0.0001,0.0,0.0,4e-05
Matthew Raj,6,0.0001,0.0,0.0,4e-05
Dominic Shankar,6,0.0001,0.0,0.0,4e-05
Amara Goel,6,0.0001,0.0,0.0,4e-05
Zinal Agrawal,6,0.0001,0.0,0.0,4e-05
Gaurav Mallick,6,0.0001,0.0,0.0,4e-05
Ekavir Sekhon,6,0.0001,0.0,0.0,4e-05
Chavvi Kibe,6,0.0001,0.0,0.0,4e-05
Falan Tak,6,0.0001,0.0,0.0,4e-05
Vaishnavi Maharaj,6,0.0001,0.0,0.0,4e-05
Farhan Hari,6,0.0001,0.0,0.0,4e-05
Anika Sabharwal,6,0.0001,0.0,0.0,4e-05
Abdul Sahota,6,0.0001,0.0,0.0,4e-05
Robert Bala,6,0.0001,0.0,0.0,4e-05
Aarav Behl,6,0.0001,0.0,0.0,4e-05
Liam Soman,6,0.0001,0.0,0.0,4e-05
Samesh Dani,6,0.0001,0.0,0.0,4e-05
Vidhi Khare,6,0.0001,0.0,0.0,4e-05
Vasudha Dua,6,0.0001,0.0,0.0,4e-05
Januja Guha,6,0.0001,0.0,0.0,4e-05
Upma Mallick,6,0.0001,0.0,0.0,4e-05
Vedhika Sane,6,0.0001,0.0,0.0,4e-05
Kai Gola,6,0.0001,0.0,0.0,4e-05
Rachit Majumdar,6,0.0001,0.0,0.0,4e-05
Arjun Wadhwa,6,0.0001,0.0,0.0,4e-05
Zinal Cherian,6,0.0001,0.0,0.0,4e-05
Luke Lal,6,0.0001,0.0,0.0,4e-05
Samarth Sachdev,6,0.0001,0.0,0.0,4e-05
Agastya Sagar,6,0.0001,0.0,0.0,4e-05
Yagnesh Thakkar,6,0.0001,0.0,0.0,4e-05
Laban Apte,6,0.0001,0.0,0.0,4e-05
Yasti Modi,6,0.0001,0.0,0.0,4e-05
Dev Pant,6,0.0001,0.0,0.0,4e-05
Shaurya Bera,6,0.0001,0.0,0.0,4e-05
Ridhi Saha,6,0.0001,0.0,0.0,4e-05
Daksh Padmanabhan,6,0.0001,0.0,0.0,4e-05
Omisha Trivedi,6,0.0001,0.0,0.0,4e-05
Samarth Hari,6,0.0001,0.0,0.0,4e-05
Timothy Dayal,6,0.0001,0.0,0.0,4e-05
Yug Varughese,6,0.0001,0.0,0.0,4e-05
Anita Trivedi,6,0.0001,0.0,0.0,4e-05
Ganga Bora,6,0.0001,0.0,0.0,4e-05
Hamsini Tank,6,0.0001,0.0,0.0,4e-05
Aarush Memon,6,0.0001,0.0,0.0,4e-05
Harrison Kibe,6,0.0001,0.0,0.0,4e-05
Praneel Sandal,6,0.0001,0.0,0.0,4e-05
Zayan Viswanathan,6,0.0001,0.0,0.0,4e-05
Ekantika Bail,6,0.0001,0.0,0.0,4e-05
Hemal Ramaswamy,6,0.0001,0.0,0.0,4e-05
Bhavika Chaudhary,6,0.0001,0.0,0.0,4e-05
Jonathan Lanka,6,0.0001,0.0,0.0,4e-05
Brinda Rout,6,0.0001,0.0,0.0,4e-05
Warhi Kade,6,0.0001,0.0,0.0,4e-05
Sachi Tak,6,0.0001,0.0,0.0,4e-05
Pratyush Ramachandran,6,0.0001,0.0,0.0,4e-05
Eesha Shetty,6,0.0001,0.0,0.0,4e-05
Raagini Bava,6,0.0001,0.0,0.0,4e-05
Abha Sen,6,0.0001,0.0,0.0,4e-05
Maanas Gandhi,6,0.0001,0.0,0.0,4e-05
Rachit Shroff,6,0.0001,0.0,0.0,4e-05
Rachana Trivedi,6,0.0001,0.0,0.0,4e-05
Rushil Sarkar,6,0.0001,0.0,0.0,4e-05
Parth Sachar,6,0.0001,0.0,0.0,4e-05
Kalpit Kakar,6,0.0001,0.0,0.0,4e-05
Lohit Singhal,7,0.0001,0.0,0.0,4e-05
Vrinda Parikh,6,0.0001,0.0,0.0,4e-05
Lavanya Chaudhuri,6,0.0001,0.0,0.0,4e-05
Baghyawati Sinha,6,0.0001,0.0,0.0,4e-05
Samesh Grewal,6,0.0001,0.0,0.0,4e-05
Aarini Suresh,6,0.0001,0.0,0.0,4e-05
Dalaja Bhatt,6,0.0001,0.0,0.0,4e-05
Ridhi Dara,6,0.0001,0.0,0.0,4e-05
Avi Sinha,6,0.0001,0.0,0.0,4e-05
Udyati Karnik,6,0.0001,0.0,0.0,4e-05
Warda Vala,6,0.0001,0.0,0.0,4e-05
Timothy Bhargava,6,0.0001,0.0,0.0,4e-05
Sudiksha Gandhi,6,0.0001,0.0,0.0,4e-05
Anjali Reddy,6,0.0001,0.0,0.0,4e-05
Ansh Sharma,6,0.0001,0.0,0.0,4e-05
Matthew Tandon,6,0.0001,0.0,0.0,4e-05
Charita Sane,6,0.0001,0.0,0.0,4e-05
Sai Chowdhury,6,0.0001,0.0,0.0,4e-05
Ucchal Chatterjee,6,0.0001,0.0,0.0,4e-05
Samaksh Sama,6,0.0001,0.0,0.0,4e-05
Maanav Sachdev,6,0.0001,0.0,0.0,4e-05
Wriddhish Sarraf,6,0.0001,0.0,0.0,4e-05
Jairaj Tella,6,0.0001,0.0,0.0,4e-05
Yatin Char,6,0.0001,0.0,0.0,4e-05
Sudiksha Sangha,6,0.0001,0.0,0.0,4e-05
Qasim Chaudhry,6,0.0001,0.0,0.0,4e-05
Daksh Baral,6,0.0001,0.0,0.0,4e-05
Oscar Seshadri,6,0.0001,0.0,0.0,4e-05
Rehaan Lala,6,0.0001,0.0,0.0,4e-05
Samesh Dube,6,0.0001,0.0,0.0,4e-05
Unnati Comar,6,0.0001,0.0,0.0,4e-05
Advik Bhavsar,6,0.0001,0.0,0.0,4e-05
Imaran Ray,6,0.0001,0.0,0.0,4e-05
Radhika Muni,6,0.0001,0.0,0.0,4e-05
Arjun Goswami,6,0.0001,0.0,0.0,4e-05
Vedant Thakkar,6,0.0001,0.0,0.0,4e-05
Bina Sura,6,0.0001,0.0,0.0,4e-05
Michael Dara,6,0.0001,0.0,0.0,4e-05
Imaran Minhas,6,0.0001,0.0,0.0,4e-05
Chaitaly Virk,6,0.0001,0.0,0.0,4e-05
Azaan Goel,6,0.0001,0.0,0.0,4e-05
Orinder Setty,6,0.0001,0.0,0.0,4e-05
Lopa Morar,6,0.0001,0.0,0.0,4e-05
Raksha Jani,6,0.0001,0.0,0.0,4e-05
Qarin Om,6,0.0001,0.0,0.0,4e-05
Jagat Pathak,6,0.0001,0.0,0.0,4e-05
Hemang Babu,6,0.0001,0.0,0.0,4e-05
Viraj Gade,6,0.0001,0.0,0.0,4e-05
Wriddhish Ranganathan,6,0.0001,0.0,0.0,4e-05
Janani Anand,6,0.0001,0.0,0.0,4e-05
Ikbal Khurana,6,0.0001,0.0,0.0,4e-05
Aahana Saran,6,0.0001,0.0,0.0,4e-05
Anita Shere,6,0.0001,0.0,0.0,4e-05
Amaira Sant,6,0.0001,0.0,0.0,4e-05
Baghyawati Hegde,6,0.0001,0.0,0.0,4e-05
Jonathan Bhasin,6,0.0001,0.0,0.0,4e-05
Yuvraj Rege,6,0.0001,0.0,0.0,4e-05
Falguni Mand,6,0.0001,0.0,0.0,4e-05
Udarsh Sidhu,6,0.0001,0.0,0.0,4e-05
Onkar Anand,6,0.0001,0.0,0.0,4e-05
Zehaan Dube,6,0.0001,0.0,0.0,4e-05
Baghyawati Bali,6,0.0001,0.0,0.0,4e-05
Nirja Dyal,6,0.0001,0.0,0.0,4e-05
Harinakshi Wadhwa,6,0.0001,0.0,0.0,4e-05
Aahana Agate,6,0.0001,0.0,0.0,4e-05
Yochana Saran,6,0.0001,0.0,0.0,4e-05
Mohini Mittal,6,0.0001,0.0,0.0,4e-05
Adweta Chada,6,0.0001,0.0,0.0,4e-05
Ronith Chana,6,0.0001,0.0,0.0,4e-05
Baljiwan Date,6,0.0001,0.0,0.0,4e-05
Gabriel Khanna,6,0.0001,0.0,0.0,4e-05
Inaya Bakshi,6,0.0001,0.0,0.0,4e-05
Oscar Mohan,6,0.0001,0.0,0.0,4e-05
Lila Kala,6,0.0001,0.0,0.0,4e-05
Ira Solanki,6,0.0001,0.0,0.0,4e-05
Maanav Mital,6,0.0001,0.0,0.0,4e-05
Radhika Butala,6,0.0001,0.0,0.0,4e-05
Zarna Kibe,6,0.0001,0.0,0.0,4e-05
Bhavani Talwar,6,0.0001,0.0,0.0,4e-05
Raagini Samra,6,0.0001,0.0,0.0,4e-05
Nakul Tara,6,0.0001,0.0,0.0,4e-05
Anamika Venkataraman,6,0.0001,0.0,0.0,4e-05
Atharv Venkataraman,6,0.0001,0.0,0.0,4e-05
Qushi Rattan,6,0.0001,0.0,0.0,4e-05
Mohini Chadha,6,0.0001,0.0,0.0,4e-05
Avni Mohan,6,0.0001,0.0,0.0,4e-05
Farhan Tank,6,0.0001,0.0,0.0,4e-05
Osha Kapoor,6,0.0001,0.0,0.0,4e-05
Eesha Pingle,6,0.0001,0.0,0.0,4e-05
Eesha Padmanabhan,6,0.0001,0.0,0.0,4e-05
Vedika Grover,6,0.0001,0.0,0.0,4e-05
Prisha Hari,6,0.0001,0.0,0.0,4e-05
Ekantika Agrawal,6,0.0001,0.0,0.0,4e-05
Farhan Sinha,6,0.0001,0.0,0.0,4e-05
Vivaan Nori,6,0.0001,0.0,0.0,4e-05
Chaitanya Das,6,0.0001,0.0,0.0,4e-05
Shaurya Verma,6,0.0001,0.0,0.0,4e-05
Wishi Zacharia,6,0.0001,0.0,0.0,4e-05
Bachittar Nagarajan,6,0.0001,0.0,0.0,4e-05
Urvashi Chadha,6,0.0001,0.0,0.0,4e-05
Owen Sawhney,6,0.0001,0.0,0.0,4e-05
Max Seshadri,6,0.0001,0.0,0.0,4e-05
Divya Shah,7,0.0001,0.0,0.0,4e-05
Henry Dua,6,0.0001,0.0,0.0,4e-05
Oliver Raghavan,6,0.0001,0.0,0.0,4e-05
Udarsh Kara,6,0.0001,0.0,0.0,4e-05
Tanish Kari,6,0.0001,0.0,0.0,4e-05
Jackson Mahal,6,0.0001,0.0,0.0,4e-05
Qushi Sinha,6,0.0001,0.0,0.0,4e-05
Ojasvi Borra,6,0.0001,0.0,0.0,4e-05
Nidhi Sem,6,0.0001,0.0,0.0,4e-05
Balhaar Parikh,6,0.0001,0.0,0.0,4e-05
Pallavi Som,6,0.0001,0.0,0.0,4e-05
Naksh Dutta,6,0.0001,0.0,0.0,4e-05
Laban Mistry,6,0.0001,0.0,0.0,4e-05
Bishakha Nayak,6,0.0001,0.0,0.0,4e-05
Hitesh Sarma,6,0.0001,0.0,0.0,4e-05
Ethan Parsa,6,0.0001,0.0,0.0,4e-05
Advaith Sabharwal,6,0.0001,0.0,0.0,4e-05
Harinakshi Dhar,6,0.0001,0.0,0.0,4e-05
Yochana Dayal,6,0.0001,0.0,0.0,4e-05
Tejas Brahmbhatt,6,0.0001,0.0,0.0,4e-05
Vasatika Brar,6,0.0001,0.0,0.0,4e-05
Farhan Karnik,6,0.0001,0.0,0.0,4e-05
Gaurang Pingle,6,0.0001,0.0,0.0,4e-05
Triveni Muni,6,0.0001,0.0,0.0,4e-05
Chandran Bali,6,0.0001,0.0,0.0,4e-05
Harini Reddy,6,0.0001,0.0,0.0,4e-05
Aadi Chadha,6,0.0001,0.0,0.0,4e-05
Pranit Ghose,6,0.0001,0.0,0.0,4e-05
Aadhya Sule,6,0.0001,0.0,0.0,4e-05
Yachana Garde,6,0.0001,0.0,0.0,4e-05
Anita Padmanabhan,6,0.0001,0.0,0.0,4e-05
Christopher Sane,6,0.0001,0.0,0.0,4e-05
Jagrati Sunder,6,0.0001,0.0,0.0,4e-05
Omisha Kar,6,0.0001,0.0,0.0,4e-05
Arya Khosla,6,0.0001,0.0,0.0,4e-05
Robert Gade,6,0.0001,0.0,0.0,4e-05
Advaith Sandal,6,0.0001,0.0,0.0,4e-05
Wishi Nagi,6,0.0001,0.0,0.0,4e-05
Rajeshri Hayer,6,0.0001,0.0,0.0,4e-05
Nandini Narayanan,6,0.0001,0.0,0.0,4e-05
Priya Khurana,6,0.0001,0.0,0.0,4e-05
Ranveer Grewal,6,0.0001,0.0,0.0,4e-05
Tanveer Chandran,6,0.0001,0.0,0.0,4e-05
Bhavani Gola,6,0.0001,0.0,0.0,4e-05
Bhavya Shah,6,0.0001,0.0,0.0,4e-05
Megha Khosla,6,0.0001,0.0,0.0,4e-05
Faraj Lad,6,0.0001,0.0,0.0,4e-05
Amaira Kala,6,0.0001,0.0,0.0,4e-05
Wridesh Din,6,0.0001,0.0,0.0,4e-05
Dhriti Setty,6,0.0001,0.0,0.0,4e-05
Girish Chanda,6,0.0001,0.0,0.0,4e-05
Karan Panchal,6,0.0001,0.0,0.0,4e-05
Chaitanya Deshmukh,6,0.0001,0.0,0.0,4e-05
Dhruv Yogi,6,0.0001,0.0,0.0,4e-05
Ucchal Kadakia,6,0.0001,0.0,0.0,4e-05
Tanvi Tak,6,0.0001,0.0,0.0,4e-05
Ijaya Lad,6,0.0001,0.0,0.0,4e-05
Harish Tata,6,0.0001,0.0,0.0,4e-05
Zehaan Sidhu,6,0.0001,0.0,0.0,4e-05
Mohini Subramanian,6,0.0001,0.0,0.0,4e-05
Zehaan Dhingra,6,0.0001,0.0,0.0,4e-05
Nakul Sanghvi,6,0.0001,0.0,0.0,4e-05
Gauri Krish,6,0.0001,0.0,0.0,4e-05
Aarini Dada,6,0.0001,0.0,0.0,4e-05
Rudra Kalla,6,0.0001,0.0,0.0,4e-05
Ranveer Sani,6,0.0001,0.0,0.0,4e-05
Vasudha Verma,6,0.0001,0.0,0.0,4e-05
Eta Pandey,6,0.0001,0.0,0.0,4e-05
Anirudh Patil,6,0.0001,0.0,0.0,4e-05
Urvi Tailor,6,0.0001,0.0,0.0,4e-05
Shravya Ramesh,6,0.0001,0.0,0.0,4e-05
Anvi Chandra,6,0.0001,0.0,0.0,4e-05
Ekantika Natt,6,0.0001,0.0,0.0,4e-05
Ati Sandal,6,0.0001,0.0,0.0,4e-05
Kai Chakraborty,6,0.0001,0.0,0.0,4e-05
Falguni De,6,0.0001,0.0,0.0,4e-05
Hemangini Jani,6,0.0001,0.0,0.0,4e-05
Harini Mall,6,0.0001,0.0,0.0,4e-05
Kala Sarkar,6,0.0001,0.0,0.0,4e-05
Dayita Rastogi,6,0.0001,0.0,0.0,4e-05
Teerth Nath,6,0.0001,0.0,0.0,4e-05
Victor Nanda,6,0.0001,0.0,0.0,4e-05
Ranveer Desai,6,0.0001,0.0,0.0,4e-05
Damini Gokhale,6,0.0001,0.0,0.0,4e-05
Ansh Lall,6,0.0001,0.0,0.0,4e-05
Samaksh Venkataraman,6,0.0001,0.0,0.0,4e-05
Ati Murty,6,0.0001,0.0,0.0,4e-05
Indali Balakrishnan,6,0.0001,0.0,0.0,4e-05
Waida Misra,6,0.0001,0.0,0.0,4e-05
Urishilla Brar,6,0.0001,0.0,0.0,4e-05
Warhi Varughese,6,0.0001,0.0,0.0,4e-05
Jhalak Ganesan,6,0.0001,0.0,0.0,4e-05
Harini Ravel,6,0.0001,0.0,0.0,4e-05
Anthony Thaker,6,0.0001,0.0,0.0,4e-05
Ayushman Koshy,6,0.0001,0.0,0.0,4e-05
Yatan Lata,6,0.0001,0.0,0.0,4e-05
Anamika Kala,6,0.0001,0.0,0.0,4e-05
Vansha Pal,6,0.0001,0.0,0.0,4e-05
Pavani Sibal,6,0.0001,0.0,0.0,4e-05
Christopher Nair,6,0.0001,0.0,0.0,4e-05
Gaurangi Sanghvi,6,0.0001,0.0,0.0,4e-05
Tara Wadhwa,6,0.0001,0.0,0.0,4e-05
Nathaniel Dass,6,0.0001,0.0,0.0,4e-05
Tanay Goswami,6,0.0001,0.0,0.0,4e-05
Ranbir Nadkarni,6,0.0001,0.0,0.0,4e-05
Nikita Lalla,6,0.0001,0.0,0.0,4e-05
Harsh Char,6,0.0001,0.0,0.0,4e-05
Siya Barad,6,0.0001,0.0,0.0,4e-05
Upkaar Srinivasan,6,0.0001,0.0,0.0,4e-05
Kalpit Lall,6,0.0001,0.0,0.0,4e-05
Ekta Sachdeva,6,0.0001,0.0,0.0,4e-05
Warhi Muni,6,0.0001,0.0,0.0,4e-05
Karan Balasubramanian,6,0.0001,0.0,0.0,4e-05
Abeer Reddy,6,0.0001,0.0,0.0,4e-05
Vidhi Sant,6,0.0001,0.0,0.0,4e-05
Chaitanya Kant,6,0.0001,0.0,0.0,4e-05
Ishanvi Khurana,6,0.0001,0.0,0.0,4e-05
Christopher Sule,6,0.0001,0.0,0.0,4e-05
Bachittar Bath,6,0.0001,0.0,0.0,4e-05
Samarth Cheema,6,0.0001,0.0,0.0,4e-05
Yochana Doctor,6,0.0001,0.0,0.0,4e-05
Saksham Palla,6,0.0001,0.0,0.0,4e-05
Siya Kohli,6,0.0001,0.0,0.0,4e-05
Ekansh Gour,6,0.0001,0.0,0.0,4e-05
Riya Rao,6,0.0001,0.0,0.0,4e-05
Vasana Prabhakar,6,0.0001,0.0,0.0,4e-05
Balvan Bhavsar,6,0.0001,0.0,0.0,4e-05
Eshana Ramanathan,6,0.0001,0.0,0.0,4e-05
Ayushman Ravi,6,0.0001,0.0,0.0,4e-05
Anirudh Dutt,6,0.0001,0.0,0.0,4e-05
Urvashi Jaggi,6,0.0001,0.0,0.0,4e-05
Anamika Nigam,6,0.0001,0.0,0.0,4e-05
Ethan Arya,6,0.0001,0.0,0.0,4e-05
Yashvi Char,6,0.0001,0.0,0.0,4e-05
Zarna Sem,6,0.0001,0.0,0.0,4e-05
Amaira Sastry,6,0.0001,0.0,0.0,4e-05
Indira Sharma,6,0.0001,0.0,0.0,4e-05
Kalpit Patel,6,0.0001,0.0,0.0,4e-05
Yagnesh Peri,6,0.0001,0.0,0.0,4e-05
Gabriel Kakar,6,0.0001,0.0,0.0,4e-05
Mugdha Modi,6,0.0001,0.0,0.0,4e-05
Nidra Behl,6,0.0001,0.0,0.0,4e-05
Pooja Hari,6,0.0001,0.0,0.0,4e-05
Manbir Bath,6,0.0001,0.0,0.0,4e-05
Shivansh Ramesh,6,0.0001,0.0,0.0,4e-05
Warinder Madan,6,0.0001,0.0,0.0,4e-05
Vidhi Talwar,6,0.0001,0.0,0.0,4e-05
Veda Salvi,6,0.0001,0.0,0.0,4e-05
Ranbir Chander,6,0.0001,0.0,0.0,4e-05
Guneet Nadkarni,6,0.0001,0.0,0.0,4e-05
Kabir Rana,6,0.0001,0.0,0.0,4e-05
Praneel Singhal,6,0.0001,0.0,0.0,4e-05
Chaman Naik,6,0.0001,0.0,0.0,4e-05
Triveni Sani,6,0.0001,0.0,0.0,4e-05
Tanmayi Warrior,6,0.0001,0.0,0.0,4e-05
Radhika Agrawal,6,0.0001,0.0,0.0,4e-05
Chanakya Krishna,6,0.0001,0.0,0.0,4e-05
Radhika Ghosh,6,0.0001,0.0,0.0,4e-05
Maanas Balay,6,0.0001,0.0,0.0,4e-05
Shivani Dhaliwal,6,0.0001,0.0,0.0,4e-05
Nihal Kothari,6,0.0001,0.0,0.0,4e-05
Ekanta Srinivasan,6,0.0001,0.0,0.0,4e-05
Qarin Setty,6,0.0001,0.0,0.0,4e-05
Kiaan Dhaliwal,6,0.0001,0.0,0.0,4e-05
Karan Bala,6,0.0001,0.0,0.0,4e-05
Vrinda Shukla,6,0.0001,0.0,0.0,4e-05
Tara Devi,6,0.0001,0.0,0.0,4e-05
Banjeet Sodhi,6,0.0001,0.0,0.0,4e-05
Saanvi Muni,6,0.0001,0.0,0.0,4e-05
Gaurika Chowdhury,6,0.0001,0.0,0.0,4e-05
Benjamin Sane,6,0.0001,0.0,0.0,4e-05
Ganga Modi,6,0.0001,0.0,0.0,4e-05
Eta Bava,6,0.0001,0.0,0.0,4e-05
Vamakshi Jhaveri,6,0.0001,0.0,0.0,4e-05
Jagat Kota,6,0.0001,0.0,0.0,4e-05
Wyatt More,6,0.0001,0.0,0.0,4e-05
Pushti Kibe,6,0.0001,0.0,0.0,4e-05
Shaurya Nayak,6,0.0001,0.0,0.0,4e-05
Umang Venkataraman,6,0.0001,0.0,0.0,4e-05
Vivaan Gaba,6,0.0001,0.0,0.0,4e-05
Priya Loyal,6,0.0001,0.0,0.0,4e-05
Ekiya Saha,6,0.0001,0.0,0.0,4e-05
Krish Sharma,6,0.0001,0.0,0.0,4e-05
Ishwar Mishra,6,0.0001,0.0,0.0,4e-05
Lila Nayak,6,0.0001,0.0,0.0,4e-05
Reva Tata,6,0.0001,0.0,0.0,4e-05
Dipta Dara,6,0.0001,0.0,0.0,4e-05
Madhav Gara,6,0.0001,0.0,0.0,4e-05
Jalsa Palla,6,0.0001,0.0,0.0,4e-05
Brinda Sule,6,0.0001,0.0,0.0,4e-05
Oni Manne,6,0.0001,0.0,0.0,4e-05
Nachiket Dash,6,0.0001,0.0,0.0,4e-05
Ridhi Tella,6,0.0001,0.0,0.0,4e-05
Gaurangi Narayan,6,0.0001,0.0,0.0,4e-05
Mason Naik,6,0.0001,0.0,0.0,4e-05
Vamakshi Swamy,6,0.0001,0.0,0.0,4e-05
Balendra Kunda,6,0.0001,0.0,0.0,4e-05
Urvi Dugar,6,0.0001,0.0,0.0,4e-05
Benjamin Bhat,6,0.0001,0.0,0.0,4e-05
Falan Mishra,6,0.0001,0.0,0.0,4e-05
Oscar Suri,6,0.0001,0.0,0.0,4e-05
Amruta Soni,6,0.0001,0.0,0.0,4e-05
Fiyaz Srinivasan,6,0.0001,0.0,0.0,4e-05
Maya Goswami,6,0.0001,0.0,0.0,4e-05
Nidra Bali,6,0.0001,0.0,0.0,4e-05
Anya Sem,6,0.0001,0.0,0.0,4e-05
Leela Jain,6,0.0001,0.0,0.0,4e-05
Isaiah Golla,6,0.0001,0.0,0.0,4e-05
Ansh Dhar,6,0.0001,0.0,0.0,4e-05
Neha Pall,6,0.0001,0.0,0.0,4e-05
Oviya Rajan,6,0.0001,0.0,0.0,4e-05
Farhan Chana,6,0.0001,0.0,0.0,4e-05
Girik Lall,6,0.0001,0.0,0.0,4e-05
Advaith Raval,6,0.0001,0.0,0.0,4e-05
Naveen Sharma,6,0.0001,0.0,0.0,4e-05
Gaurav Hegde,6,0.0001,0.0,0.0,4e-05
Gagan Sathe,6,0.0001,0.0,0.0,4e-05
Harini Dora,6,0.0001,0.0,0.0,4e-05
Alka Rout,6,0.0001,0.0,0.0,4e-05
Rajata Pal,6,0.0001,0.0,0.0,4e-05
Advik Chanda,6,0.0001,0.0,0.0,4e-05
Aarush Bhavsar,6,0.0001,0.0,0.0,4e-05
Sara Mannan,6,0.0001,0.0,0.0,4e-05
Divya Pal,6,0.0001,0.0,0.0,4e-05
Harish Mohanty,6,0.0001,0.0,0.0,4e-05
Jonathan Lata,6,0.0001,0.0,0.0,4e-05
Sudiksha Oommen,6,0.0001,0.0,0.0,4e-05
Deepa Suresh,6,0.0001,0.0,0.0,4e-05
Lajita Rau,6,0.0001,0.0,0.0,4e-05
Nihal Koshy,6,0.0001,0.0,0.0,4e-05
Idika Dugal,6,0.0001,0.0,0.0,4e-05
Umang Singhal,6,0.0001,0.0,0.0,4e-05
Bhavani Grover,6,0.0001,0.0,0.0,4e-05
Tanmayi Talwar,6,0.0001,0.0,0.0,4e-05
Nathaniel Mann,6,0.0001,0.0,0.0,4e-05
Xavier Prabhu,6,0.0001,0.0,0.0,4e-05
Krish Dhaliwal,6,0.0001,0.0,0.0,4e-05
Rachit Chhabra,6,0.0001,0.0,0.0,4e-05
Naveen Suresh,6,0.0001,0.0,0.0,4e-05
Jatin Karnik,6,0.0001,0.0,0.0,4e-05
Rudra Bhakta,6,0.0001,0.0,0.0,4e-05
Brijesh Hayre,6,0.0001,0.0,0.0,4e-05
Aarush Contractor,6,0.0001,0.0,0.0,4e-05
Maya Kale,6,0.0001,0.0,0.0,4e-05
Ijaya Kumer,6,0.0001,0.0,0.0,4e-05
Anika Borde,6,0.0001,0.0,0.0,4e-05
Chakradev Pau,6,0.0001,0.0,0.0,4e-05
Yuvraj Bhagat,6,0.0001,0.0,0.0,4e-05
Harsh Viswanathan,6,0.0001,0.0,0.0,4e-05
Bimala Sarkar,6,0.0001,0.0,0.0,4e-05
Tristan Nigam,6,0.0001,0.0,0.0,4e-05
David Mohanty,6,0.0001,0.0,0.0,4e-05
Nisha Dhingra,6,0.0001,0.0,0.0,4e-05
Zarna Tailor,6,0.0001,0.0,0.0,4e-05
Mitesh Morar,6,0.0001,0.0,0.0,4e-05
Jeet Chhabra,6,0.0001,0.0,0.0,4e-05
Netra Tata,6,0.0001,0.0,0.0,4e-05
Dayita Raval,6,0.0001,0.0,0.0,4e-05
Varsha Dubey,6,0.0001,0.0,0.0,4e-05
Patrick Som,6,0.0001,0.0,0.0,4e-05
Umang Mistry,6,0.0001,0.0,0.0,4e-05
Chakrika Bandi,6,0.0001,0.0,0.0,4e-05
Wridesh Oza,6,0.0001,0.0,0.0,4e-05
Janya Ghose,6,0.0001,0.0,0.0,4e-05
Hiral Acharya,6,0.0001,0.0,0.0,4e-05
Hiral Raju,6,0.0001,0.0,0.0,4e-05
Isha Gupta,6,0.0001,0.0,0.0,4e-05
Nidra Seth,6,0.0001,0.0,0.0,4e-05
Inaya Issac,6,0.0001,0.0,0.0,4e-05
Balveer Warrior,6,0.0001,0.0,0.0,4e-05
Osha Pandit,6,0.0001,0.0,0.0,4e-05
Rachit Mandal,6,0.0001,0.0,0.0,4e-05
Tanay Sastry,6,0.0001,0.0,0.0,4e-05
Urvashi Tiwari,6,0.0001,0.0,0.0,4e-05
Kalpit Sani,6,0.0001,0.0,0.0,4e-05
Kala Dhaliwal,6,0.0001,0.0,0.0,4e-05
Chaaya Shan,6,0.0001,0.0,0.0,4e-05
Forum Gour,6,0.0001,0.0,0.0,4e-05
Pranit Korpal,6,0.0001,0.0,0.0,4e-05
Qushi Yohannan,6,0.0001,0.0,0.0,4e-05
Kai Apte,6,0.0001,0.0,0.0,4e-05
Zayyan Garde,6,0.0001,0.0,0.0,4e-05
Ekapad Gera,6,0.0001,0.0,0.0,4e-05
Michael Radhakrishnan,6,0.0001,0.0,0.0,4e-05
Yasti Wason,6,0.0001,0.0,0.0,4e-05
Tamanna Peri,6,0.0001,0.0,0.0,4e-05
Pavani Kapoor,6,0.0001,0.0,0.0,4e-05
Libni Dhaliwal,6,0.0001,0.0,0.0,4e-05
Ekbal Chanda,6,0.0001,0.0,0.0,4e-05
Ucchal Radhakrishnan,6,0.0001,0.0,0.0,4e-05
Kavya Dutt,6,0.0001,0.0,0.0,4e-05
Balvan Bhagat,6,0.0001,0.0,0.0,4e-05
Udyati Sachdeva,6,0.0001,0.0,0.0,4e-05
Anya Issac,6,0.0001,0.0,0.0,4e-05
Andrew Handa,6,0.0001,0.0,0.0,4e-05
Ayushman Buch,6,0.0001,0.0,0.0,4e-05
Ganga Ravel,6,0.0001,0.0,0.0,4e-05
Zilmil Lata,6,0.0001,0.0,0.0,4e-05
Simon Subramaniam,6,0.0001,0.0,0.0,4e-05
Siddharth Gade,6,0.0001,0.0,0.0,4e-05
Zashil Ahuja,6,0.0001,0.0,0.0,4e-05
Bishakha Narang,6,0.0001,0.0,0.0,4e-05
Hemal Bora,6,0.0001,0.0,0.0,4e-05
Jeremiah Bhatti,6,0.0001,0.0,0.0,4e-05
Triya Borde,6,0.0001,0.0,0.0,4e-05
Yasti Prashad,6,0.0001,0.0,0.0,4e-05
Maanav Sibal,6,0.0001,0.0,0.0,4e-05
Vasana Toor,6,0.0001,0.0,0.0,4e-05
Urvashi Mody,6,0.0001,0.0,0.0,4e-05
Bina Divan,6,0.0001,0.0,0.0,4e-05
Sara Prabhu,6,0.0001,0.0,0.0,4e-05
Patrick Sengupta,6,0.0001,0.0,0.0,4e-05
Urvashi Gupta,6,0.0001,0.0,0.0,4e-05
Qushi Kala,6,0.0001,0.0,0.0,4e-05
Sai Halder,6,0.0001,0.0,0.0,4e-05
Indali Varty,6,0.0001,0.0,0.0,4e-05
Bhavya Tata,6,0.0001,0.0,0.0,4e-05
Nitesh Narula,6,0.0001,0.0,0.0,4e-05
Rayaan Singhal,6,0.0001,0.0,0.0,4e-05
Lohit Shetty,6,0.0001,0.0,0.0,4e-05
Ekansh Gaba,6,0.0001,0.0,0.0,4e-05
Kashvi Vig,6,0.0001,0.0,0.0,4e-05
Gavin Cherian,6,0.0001,0.0,0.0,4e-05
Lavanya Khatri,6,0.0001,0.0,0.0,4e-05
Ojasvi Andra,6,0.0001,0.0,0.0,4e-05
Bhavini Zachariah,6,0.0001,0.0,0.0,4e-05
Nicholas Nazareth,6,0.0001,0.0,0.0,4e-05
Advika Comar,6,0.0001,0.0,0.0,4e-05
Ishwar Pingle,6,0.0001,0.0,0.0,4e-05
Finn Jaggi,6,0.0001,0.0,0.0,4e-05
Yasti Lata,6,0.0001,0.0,0.0,4e-05
Turvi Babu,6,0.0001,0.0,0.0,4e-05
Tanvi Borde,6,0.0001,0.0,0.0,4e-05
David Gera,6,0.0001,0.0,0.0,4e-05
Anika Randhawa,6,0.0001,0.0,0.0,4e-05
Tanvi Nagy,6,0.0001,0.0,0.0,4e-05
Bhavya Ramaswamy,6,0.0001,0.0,0.0,4e-05
Daksha Kala,6,0.0001,0.0,0.0,4e-05
Anmol Devan,6,0.0001,0.0,0.0,4e-05
Ganga Jhaveri,6,0.0001,0.0,0.0,4e-05
Girik Sami,6,0.0001,0.0,0.0,4e-05
Qarin Amble,6,0.0001,0.0,0.0,4e-05
Saumya Master,6,0.0001,0.0,0.0,4e-05
Ekani Chaudhry,6,0.0001,0.0,0.0,4e-05
Hritik Natarajan,6,0.0001,0.0,0.0,4e-05
Hredhaan Setty,6,0.0001,0.0,0.0,4e-05
Aayush Om,6,0.0001,0.0,0.0,4e-05
Arunima Desai,6,0.0001,0.0,0.0,4e-05
Damyanti Dara,6,0.0001,0.0,0.0,4e-05
Anamika Banerjee,6,0.0001,0.0,0.0,4e-05
Bhanumati Gala,6,0.0001,0.0,0.0,4e-05
Chandran Kohli,6,0.0001,0.0,0.0,4e-05
Chatura Borah,6,0.0001,0.0,0.0,4e-05
Bhavini Khosla,6,0.0001,0.0,0.0,4e-05
Saumya Bhargava,6,0.0001,0.0,0.0,4e-05
Vidhi Choudhary,6,0.0001,0.0,0.0,4e-05
Pooja Brahmbhatt,6,0.0001,0.0,0.0,4e-05
Jacob Buch,6,0.0001,0.0,0.0,4e-05
Ikshita Dutta,6,0.0001,0.0,0.0,4e-05
Mekhala Som,6,0.0001,0.0,0.0,4e-05
Irya Ahuja,6,0.0001,0.0,0.0,4e-05
Wriddhish Kalita,6,0.0001,0.0,0.0,4e-05
Yug Prabhu,6,0.0001,0.0,0.0,4e-05
Anika Mitra,6,0.0001,0.0,0.0,4e-05
Kashvi Suri,6,0.0001,0.0,0.0,4e-05
Dayita Modi,6,0.0001,0.0,0.0,4e-05
Aryan Varughese,6,0.0001,0.0,0.0,4e-05
Gauri Bains,6,0.0001,0.0,0.0,4e-05
Michael Bajwa,6,0.0001,0.0,0.0,4e-05
Arunima Raghavan,6,0.0001,0.0,0.0,4e-05
Niharika Bali,6,0.0001,0.0,0.0,4e-05
Anika Bajwa,6,0.0001,0.0,0.0,4e-05
Azad Nagi,6,0.0001,0.0,0.0,4e-05
Raghav Lanka,6,0.0001,0.0,0.0,4e-05
Vivaan Borra,6,0.0001,0.0,0.0,4e-05
Onkar Srinivas,6,0.0001,0.0,0.0,4e-05
Tripti Taneja,6,0.0001,0.0,0.0,4e-05
Kashvi Tandon,6,0.0001,0.0,0.0,4e-05
Kalpit Dewan,6,0.0001,0.0,0.0,4e-05
Nitesh Bhargava,6,0.0001,0.0,0.0,4e-05
Rohan Chadha,6,0.0001,0.0,0.0,4e-05
Nandini Dara,6,0.0001,0.0,0.0,4e-05
Mohammed Bail,6,0.0001,0.0,0.0,4e-05
Fitan Hans,6,0.0001,0.0,0.0,4e-05
Edhitha Johal,6,0.0001,0.0,0.0,4e-05
Aarush Gokhale,6,0.0001,0.0,0.0,4e-05
Lakshmi Sehgal,6,0.0001,0.0,0.0,4e-05
Amrita Chaudhuri,6,0.0001,0.0,0.0,4e-05
Sai Chopra,6,0.0001,0.0,0.0,4e-05
Chandresh Khanna,6,0.0001,0.0,0.0,4e-05
Gautam Nair,6,0.0001,0.0,0.0,4e-05
Ekalinga Mand,6,0.0001,0.0,0.0,4e-05
Sai Suresh,6,0.0001,0.0,0.0,4e-05
Abhimanyu De,6,0.0001,0.0,0.0,4e-05
Ubika Nori,6,0.0001,0.0,0.0,4e-05
Jeremiah Narayanan,6,0.0001,0.0,0.0,4e-05
Hritik Parikh,6,0.0001,0.0,0.0,4e-05
Eta Prasad,6,0.0001,0.0,0.0,4e-05
Mohammed Bumb,6,0.0001,0.0,0.0,4e-05
Quincy Panchal,6,0.0001,0.0,0.0,4e-05
Samar Ganesh,6,0.0001,0.0,0.0,4e-05
Chatura Ratti,6,0.0001,0.0,0.0,4e-05
Varsha Sheth,6,0.0001,0.0,0.0,4e-05
Abeer Bhardwaj,6,0.0001,0.0,0.0,4e-05
Yahvi Nadkarni,6,0.0001,0.0,0.0,4e-05
Ati Ben,6,0.0001,0.0,0.0,4e-05
Vedhika Bhatti,6,0.0001,0.0,0.0,4e-05
Darpan Mani,6,0.0001,0.0,0.0,4e-05
Bhavika Sandal,6,0.0001,0.0,0.0,4e-05
Charita Lala,6,0.0001,0.0,0.0,4e-05
Chandani Kata,6,0.0001,0.0,0.0,4e-05
Janaki Saini,6,0.0001,0.0,0.0,4e-05
Chaman Madan,6,0.0001,0.0,0.0,4e-05
Daniel Batra,6,0.0001,0.0,0.0,4e-05
Vasatika Sachdeva,6,0.0001,0.0,0.0,4e-05
Noah Nazareth,6,0.0001,0.0,0.0,4e-05
Zilmil Basak,6,0.0001,0.0,0.0,4e-05
Saumya Memon,6,0.0001,0.0,0.0,4e-05
Triveni Rajagopal,6,0.0001,0.0,0.0,4e-05
Udyati Kamdar,6,0.0001,0.0,0.0,4e-05
Isha Sharma,6,0.0001,0.0,0.0,4e-05
Samar Mahajan,6,0.0001,0.0,0.0,4e-05
Ucchal Jha,6,0.0001,0.0,0.0,4e-05
Yatan Sibal,6,0.0001,0.0,0.0,4e-05
Mekhala Cherian,6,0.0001,0.0,0.0,4e-05
Aayush Sekhon,6,0.0001,0.0,0.0,4e-05
Riya Bhat,6,0.0001,0.0,0.0,4e-05
Vihaan Ranganathan,6,0.0001,0.0,0.0,4e-05
Tejas Nair,6,0.0001,0.0,0.0,4e-05
Forum Sanghvi,6,0.0001,0.0,0.0,4e-05
Jalsa Jain,6,0.0001,0.0,0.0,4e-05
Varsha Parsa,6,0.0001,0.0,0.0,4e-05
Netra Bhandari,6,0.0001,0.0,0.0,4e-05
Krish Sani,6,0.0001,0.0,0.0,4e-05
Mekhala Suri,6,0.0001,0.0,0.0,4e-05
Shivansh Chopra,6,0.0001,0.0,0.0,4e-05
Aarush Wali,6,0.0001,0.0,0.0,4e-05
Ekansh Bandi,6,0.0001,0.0,0.0,4e-05
Nirja Wali,6,0.0001,0.0,0.0,4e-05
Widisha Gill,6,0.0001,0.0,0.0,4e-05
Dakshesh Hans,6,0.0001,0.0,0.0,4e-05
Hardik Narang,6,0.0001,0.0,0.0,4e-05
Anjali Gola,6,0.0001,0.0,0.0,4e-05
Benjamin Mitter,6,0.0001,0.0,0.0,4e-05
Januja Tella,6,0.0001,0.0,0.0,4e-05
Bhavini Kale,6,0.0001,0.0,0.0,4e-05
Yashvi Vasa,6,0.0001,0.0,0.0,4e-05
Umang Gandhi,6,0.0001,0.0,0.0,4e-05
Pallavi Gupta,6,0.0001,0.0,0.0,4e-05
Kala Nath,6,0.0001,0.0,0.0,4e-05
Kamala Tak,6,0.0001,0.0,0.0,4e-05
Bishakha Dubey,6,0.0001,0.0,0.0,4e-05
Simon Saxena,6,0.0001,0.0,0.0,4e-05
Lavanya Chakrabarti,6,0.0001,0.0,0.0,4e-05
Samar Shah,6,0.0001,0.0,0.0,4e-05
Krisha Karpe,6,0.0001,0.0,0.0,4e-05
Yashvi Mukherjee,6,0.0001,0.0,0.0,4e-05
Libni Chatterjee,6,0.0001,0.0,0.0,4e-05
Yutika De,6,0.0001,0.0,0.0,4e-05
Chasmum Kala,6,0.0001,0.0,0.0,4e-05
Liam Balasubramanian,6,0.0001,0.0,0.0,4e-05
Vidhi Vaidya,6,0.0001,0.0,0.0,4e-05
Finn Sha,6,0.0001,0.0,0.0,4e-05
Ladli Sandhu,6,0.0001,0.0,0.0,4e-05
Girindra Kibe,6,0.0001,0.0,0.0,4e-05
Amaira Dave,6,0.0001,0.0,0.0,4e-05
Luke Arora,6,0.0001,0.0,0.0,4e-05
Kashish Taneja,6,0.0001,0.0,0.0,4e-05
Sneha Bhatia,6,0.0001,0.0,0.0,4e-05
Pratyush Char,6,0.0001,0.0,0.0,4e-05
Ira Shan,6,0.0001,0.0,0.0,4e-05
Nakul Nath,6,0.0001,0.0,0.0,4e-05
Faris Shan,6,0.0001,0.0,0.0,4e-05
Jason Raval,6,0.0001,0.0,0.0,4e-05
Eshana Prashad,6,0.0001,0.0,0.0,4e-05
Hiral Raja,6,0.0001,0.0,0.0,4e-05
Frederick Barman,6,0.0001,0.0,0.0,4e-05
Theodore Bumb,6,0.0001,0.0,0.0,4e-05
Manbir Raj,6,0.0001,0.0,0.0,4e-05
Shivani Thaman,6,0.0001,0.0,0.0,4e-05
Faqid Andra,6,0.0001,0.0,0.0,4e-05
Zansi Basak,6,0.0001,0.0,0.0,4e-05
Shaurya Anne,6,0.0001,0.0,0.0,4e-05
Kritika Ben,6,0.0001,0.0,0.0,4e-05
Hitesh Vasa,6,0.0001,0.0,0.0,4e-05
Rajeshri Loyal,6,0.0001,0.0,0.0,4e-05
Aradhana Som,6,0.0001,0.0,0.0,4e-05
Siddharth Dora,6,0.0001,0.0,0.0,4e-05
Faraj Dara,6,0.0001,0.0,0.0,4e-05
Theodore Pant,6,0.0001,0.0,0.0,4e-05
Ekalinga Kapadia,6,0.0001,0.0,0.0,4e-05
Balendra Tiwari,6,0.0001,0.0,0.0,4e-05
Maanas Sastry,6,0.0001,0.0,0.0,4e-05
Saumya Sandhu,6,0.0001,0.0,0.0,4e-05
Gunbir Mander,6,0.0001,0.0,0.0,4e-05
Harrison Ahluwalia,6,0.0001,0.0,0.0,4e-05
Liam Sarin,6,0.0001,0.0,0.0,4e-05
Hamsini Ganesh,6,0.0001,0.0,0.0,4e-05
Oni Devan,6,0.0001,0.0,0.0,4e-05
Sudiksha Dube,6,0.0001,0.0,0.0,4e-05
Kashish Rai,6,0.0001,0.0,0.0,4e-05
Wazir Prabhakar,6,0.0001,0.0,0.0,4e-05
Damyanti Tara,6,0.0001,0.0,0.0,4e-05
Rayaan Vala,6,0.0001,0.0,0.0,4e-05
Geetika Hayre,6,0.0001,0.0,0.0,4e-05
Ishita Bandi,6,0.0001,0.0,0.0,4e-05
Farhan Nath,6,0.0001,0.0,0.0,4e-05
Arunima Dhawan,6,0.0001,0.0,0.0,4e-05
Unnati Mistry,6,0.0001,0.0,0.0,4e-05
Imaran Parekh,6,0.0001,0.0,0.0,4e-05
Sanya Kota,6,0.0001,0.0,0.0,4e-05
Jalsa Lall,6,0.0001,0.0,0.0,4e-05
Devika Choudhury,6,0.0001,0.0,0.0,4e-05
Garima Mallick,6,0.0001,0.0,0.0,4e-05
Anirudh Atwal,6,0.0001,0.0,0.0,4e-05
Kabir Dutta,6,0.0001,0.0,0.0,4e-05
Janya Nath,6,0.0001,0.0,0.0,4e-05
Dayita Ratti,6,0.0001,0.0,0.0,4e-05
Bina Mand,6,0.0001,0.0,0.0,4e-05
Qushi Minhas,6,0.0001,0.0,0.0,4e-05
Bina Singhal,6,0.0001,0.0,0.0,4e-05
Girik Dutta,6,0.0001,0.0,0.0,4e-05
Ethan Taneja,6,0.0001,0.0,0.0,4e-05
Gaurav Pillay,6,0.0001,0.0,0.0,4e-05
Falguni Rama,6,0.0001,0.0,0.0,4e-05
Pooja Misra,6,0.0001,0.0,0.0,4e-05
Ekanta Ravi,6,0.0001,0.0,0.0,4e-05
Kabir Sule,6,0.0001,0.0,0.0,4e-05
Robert Bajaj,6,0.0001,0.0,0.0,4e-05
Qarin Kale,6,0.0001,0.0,0.0,4e-05
Yoshita Krishnan,6,0.0001,0.0,0.0,4e-05
Janani Venkatesh,6,0.0001,0.0,0.0,4e-05
Nilima Varghese,6,0.0001,0.0,0.0,4e-05
Triya Ramakrishnan,6,0.0001,0.0,0.0,4e-05
Balvan Balay,6,0.0001,0.0,0.0,4e-05
Bakhshi Nazareth,6,0.0001,0.0,0.0,4e-05
Jeremiah Srivastava,6,0.0001,0.0,0.0,4e-05
Champak Dhar,6,0.0001,0.0,0.0,4e-05
Yashasvi Gupta,6,0.0001,0.0,0.0,4e-05
Veer Virk,6,0.0001,0.0,0.0,4e-05
Urmi Iyengar,6,0.0001,0.0,0.0,4e-05
Dakshesh Malhotra,6,0.0001,0.0,0.0,4e-05
Wyatt Krishnan,6,0.0001,0.0,0.0,4e-05
Vrinda Kamdar,6,0.0001,0.0,0.0,4e-05
Oliver Nagi,6,0.0001,0.0,0.0,4e-05
Zashil Suresh,6,0.0001,0.0,0.0,4e-05
Adya Sekhon,6,0.0001,0.0,0.0,4e-05
Charvi Buch,6,0.0001,0.0,0.0,4e-05
Reyansh Thaman,6,0.0001,0.0,0.0,4e-05
Pranav Suresh,6,0.0001,0.0,0.0,4e-05
Utkarsh Gandhi,6,0.0001,0.0,0.0,4e-05
Veer Chaudhary,6,0.0001,0.0,0.0,4e-05
Bachittar Sathe,6,0.0001,0.0,0.0,4e-05
Aarnav Barad,6,0.0001,0.0,0.0,4e-05
Warhi Pai,6,0.0001,0.0,0.0,4e-05
Akshay Dash,6,0.0001,0.0,0.0,4e-05
Advaith Bhatia,6,0.0001,0.0,0.0,4e-05
Fitan Sehgal,6,0.0001,0.0,0.0,4e-05
Jasmit Mann,6,0.0001,0.0,0.0,4e-05
Pratyush Taneja,6,0.0001,0.0,0.0,4e-05
Laksh Agrawal,6,0.0001,0.0,0.0,4e-05
Jagdish Bal,6,0.0001,0.0,0.0,4e-05
Daksha Shah,6,0.0001,0.0,0.0,4e-05
Maya Narula,6,0.0001,0.0,0.0,4e-05
Keya Lall,6,0.0001,0.0,0.0,4e-05
Advik Raj,6,0.0001,0.0,0.0,4e-05
Abhiram Pandey,6,0.0001,0.0,0.0,4e-05
Krishna Brahmbhatt,6,0.0001,0.0,0.0,4e-05
Raghav Sandal,6,0.0001,0.0,0.0,4e-05
Kamya Wali,6,0.0001,0.0,0.0,4e-05
Qadim Loke,6,0.0001,0.0,0.0,4e-05
Thomas Ramachandran,6,0.0001,0.0,0.0,4e-05
Zayan Manne,6,0.0001,0.0,0.0,4e-05
Tamanna Reddy,6,0.0001,0.0,0.0,4e-05
Harini Goswami,6,0.0001,0.0,0.0,4e-05
Faris Rau,6,0.0001,0.0,0.0,4e-05
Ishani Kohli,6,0.0001,0.0,0.0,4e-05
Ranbir Goel,6,0.0001,0.0,0.0,4e-05
Azad Upadhyay,6,0.0001,0.0,0.0,4e-05
Zaid Sami,6,0.0001,0.0,0.0,4e-05
Anika Sodhi,6,0.0001,0.0,0.0,4e-05
Gayathri Varughese,6,0.0001,0.0,0.0,4e-05
Elijah Dash,6,0.0001,0.0,0.0,4e-05
Faras Batta,6,0.0001,0.0,0.0,4e-05
Owen Panchal,6,0.0001,0.0,0.0,4e-05
Bhavani Rao,6,0.0001,0.0,0.0,4e-05
Dayamai Sunder,6,0.0001,0.0,0.0,4e-05
Ekiya Mohanty,6,0.0001,0.0,0.0,4e-05
Quincy Oak,6,0.0001,0.0,0.0,4e-05
Yamini Chada,6,0.0001,0.0,0.0,4e-05
Nimrat Rajagopalan,6,0.0001,0.0,0.0,4e-05
Aarnav Basak,6,0.0001,0.0,0.0,4e-05
Tristan Rege,6,0.0001,0.0,0.0,4e-05
Abhimanyu Borah,6,0.0001,0.0,0.0,4e-05
Ridhi Krishnamurthy,6,0.0001,0.0,0.0,4e-05
Chanakya Sarraf,6,0.0001,0.0,0.0,4e-05
Nisha Subramaniam,6,0.0001,0.0,0.0,4e-05
Anthony Oza,6,0.0001,0.0,0.0,4e-05
Radha Aurora,6,0.0001,0.0,0.0,4e-05
Vritti Chana,6,0.0001,0.0,0.0,4e-05
Advik Chakraborty,6,0.0001,0.0,0.0,4e-05
Vedhika De,6,0.0001,0.0,0.0,4e-05
Charita Ramaswamy,6,0.0001,0.0,0.0,4e-05
Isaac Borah,6,0.0001,0.0,0.0,4e-05
Kalpit Halder,6,0.0001,0.0,0.0,4e-05
Omaja Tara,6,0.0001,0.0,0.0,4e-05
Omkaar Bansal,6,0.0001,0.0,0.0,4e-05
Vyanjana Deol,6,0.0001,0.0,0.0,4e-05
Oliver Sarraf,6,0.0001,0.0,0.0,4e-05
Nakul Garg,6,0.0001,0.0,0.0,4e-05
Gauri Agrawal,6,0.0001,0.0,0.0,4e-05
Yashasvi Bhakta,6,0.0001,0.0,0.0,4e-05
Naveen Nadig,6,0.0001,0.0,0.0,4e-05
Madhavi Khosla,6,0.0001,0.0,0.0,4e-05
Rudra Khurana,6,0.0001,0.0,0.0,4e-05
Patrick Sankar,6,0.0001,0.0,0.0,4e-05
Balhaar Mitra,6,0.0001,0.0,0.0,4e-05
Nachiket Chakraborty,6,0.0001,0.0,0.0,4e-05
Aarini Hora,6,0.0001,0.0,0.0,4e-05
Gautam Srivastava,6,0.0001,0.0,0.0,4e-05
Daksh Loyal,6,0.0001,0.0,0.0,4e-05
Darpan Kumer,6,0.0001,0.0,0.0,4e-05
Garima Ramaswamy,6,0.0001,0.0,0.0,4e-05
Thomas Kara,6,0.0001,0.0,0.0,4e-05
Ojas Menon,7,0.0001,0.0,0.0,4e-05
Laksh Panchal,6,0.0001,0.0,0.0,4e-05
Oviya Chada,6,0.0001,0.0,0.0,4e-05
Sanya Zachariah,6,0.0001,0.0,0.0,4e-05
Ladli Chand,6,0.0001,0.0,0.0,4e-05
Upma Gala,6,0.0001,0.0,0.0,4e-05
Rajata Barman,6,0.0001,0.0,0.0,4e-05
Janya Sachar,6,0.0001,0.0,0.0,4e-05
Chanchal Dhaliwal,6,0.0001,0.0,0.0,4e-05
Hemang Sha,6,0.0001,0.0,0.0,4e-05
Varenya Ben,6,0.0001,0.0,0.0,4e-05
Aahana Dhingra,6,0.0001,0.0,0.0,4e-05
Ganga Tara,6,0.0001,0.0,0.0,4e-05
Leena Bakshi,6,0.0001,0.0,0.0,4e-05
Peter Keer,6,0.0001,0.0,0.0,4e-05
Amara Sodhi,6,0.0001,0.0,0.0,4e-05
Oviya Chawla,6,0.0001,0.0,0.0,4e-05
Imaran Savant,6,0.0001,0.0,0.0,4e-05
Chanchal Guha,6,0.0001,0.0,0.0,4e-05
Tanveer Buch,6,0.0001,0.0,0.0,4e-05
Krisha Chana,6,0.0001,0.0,0.0,4e-05
Anika Hans,6,0.0001,0.0,0.0,4e-05
Ojasvi Patel,6,0.0001,0.0,0.0,4e-05
Vincent Chakrabarti,6,0.0001,0.0,0.0,4e-05
Triya Iyer,6,0.0001,0.0,0.0,4e-05
Nachiket Chopra,6,0.0001,0.0,0.0,4e-05
Urvashi Konda,6,0.0001,0.0,0.0,4e-05
Liam Lanka,6,0.0001,0.0,0.0,4e-05
Pranit Thaman,6,0.0001,0.0,0.0,4e-05
Ekiya Pau,6,0.0001,0.0,0.0,4e-05
Vinaya Khare,6,0.0001,0.0,0.0,4e-05
Upma Date,6,0.0001,0.0,0.0,4e-05
Ryan Sant,6,0.0001,0.0,0.0,4e-05
Pahal Buch,6,0.0001,0.0,0.0,4e-05
Manbir Sahota,6,0.0001,0.0,0.0,4e-05
Gaurang Amble,6,0.0001,0.0,0.0,4e-05
Ekavir Jha,6,0.0001,0.0,0.0,4e-05
Kala Ravi,6,0.0001,0.0,0.0,4e-05
Ekbal Choudhury,6,0.0001,0.0,0.0,4e-05
Yahvi Gera,6,0.0001,0.0,0.0,4e-05
Dalbir Divan,6,0.0001,0.0,0.0,4e-05
Tristan Pingle,6,0.0001,0.0,0.0,4e-05
Lipika Doshi,6,0.0001,0.0,0.0,4e-05
Indira Mitter,6,0.0001,0.0,0.0,4e-05
Januja Dixit,6,0.0001,0.0,0.0,4e-05
Ranveer Pai,6,0.0001,0.0,0.0,4e-05
Aarna Randhawa,6,0.0001,0.0,0.0,4e-05
Kashvi Rajan,6,0.0001,0.0,0.0,4e-05
Hemal Mukhopadhyay,6,0.0001,0.0,0.0,4e-05
Azad Tak,6,0.0001,0.0,0.0,4e-05
Vedant Tailor,6,0.0001,0.0,0.0,4e-05
Isaiah Dhar,6,0.0001,0.0,0.0,4e-05
Caleb Mand,6,0.0001,0.0,0.0,4e-05
Jagvi Walla,6,0.0001,0.0,0.0,4e-05
Kavya Anne,6,0.0001,0.0,0.0,4e-05
Vamakshi Thaman,6,0.0001,0.0,0.0,4e-05
Dayita Subramaniam,6,0.0001,0.0,0.0,4e-05
Tanmayi Wable,6,0.0001,0.0,0.0,4e-05
Yatan Rao,6,0.0001,0.0,0.0,4e-05
Chaitaly Rastogi,6,0.0001,0.0,0.0,4e-05
Oviya Sama,6,0.0001,0.0,0.0,4e-05
Baljiwan Badal,6,0.0001,0.0,0.0,4e-05
Oni Munshi,6,0.0001,0.0,0.0,4e-05
Azad Behl,6,0.0001,0.0,0.0,4e-05
Ubika Nadkarni,6,0.0001,0.0,0.0,4e-05
Dayita Grewal,6,0.0001,0.0,0.0,4e-05
Raghav Ramanathan,6,0.0001,0.0,0.0,4e-05
Upasna Khosla,6,0.0001,0.0,0.0,4e-05
Pushti Suri,6,0.0001,0.0,0.0,4e-05
Gaurangi Agarwal,6,0.0001,0.0,0.0,4e-05
Ansh Gara,6,0.0001,0.0,0.0,4e-05
Dhruv Johal,6,0.0001,0.0,0.0,4e-05
Lohit Balasubramanian,6,0.0001,0.0,0.0,4e-05
Mitesh Thakkar,6,0.0001,0.0,0.0,4e-05
Anika Rai,6,0.0001,0.0,0.0,4e-05
Hritik Jaggi,6,0.0001,0.0,0.0,4e-05
Mekhala Prashad,6,0.0001,0.0,0.0,4e-05
Fariq Ramakrishnan,6,0.0001,0.0,0.0,4e-05
Vidhi Dugar,6,0.0001,0.0,0.0,4e-05
Dhruv Bobal,6,0.0001,0.0,0.0,4e-05
Chandani Talwar,6,0.0001,0.0,0.0,4e-05
Akshay Wali,6,0.0001,0.0,0.0,4e-05
Triya Batra,6,0.0001,0.0,0.0,4e-05
Dalaja Raj,6,0.0001,0.0,0.0,4e-05
Simon Setty,6,0.0001,0.0,0.0,4e-05
Pranav Singh,6,0.0001,0.0,0.0,4e-05
Dakshesh Bhattacharyya,6,0.0001,0.0,0.0,4e-05
Vinaya Sarraf,6,0.0001,0.0,0.0,4e-05
Qarin Pall,6,0.0001,0.0,0.0,4e-05
Thomas D’Alia,6,0.0001,0.0,0.0,4e-05
Vedant Dara,6,0.0001,0.0,0.0,4e-05
Hitesh Oza,6,0.0001,0.0,0.0,4e-05
Riya Parekh,6,0.0001,0.0,0.0,4e-05
Shivansh Khanna,6,0.0001,0.0,0.0,4e-05
Saanvi Pall,6,0.0001,0.0,0.0,4e-05
Kamya Gade,6,0.0001,0.0,0.0,4e-05
Dev Trivedi,6,0.0001,0.0,0.0,4e-05
Udarsh Krishnamurthy,6,0.0001,0.0,0.0,4e-05
Kala Narula,6,0.0001,0.0,0.0,4e-05
Anmol Ramachandran,6,0.0001,0.0,0.0,4e-05
Frado Parikh,6,0.0001,0.0,0.0,4e-05
Anya Parekh,6,0.0001,0.0,0.0,4e-05
Viraj Menon,6,0.0001,0.0,0.0,4e-05
Vivaan Jaggi,6,0.0001,0.0,0.0,4e-05
Balveer Karpe,6,0.0001,0.0,0.0,4e-05
Pranit Mangat,6,0.0001,0.0,0.0,4e-05
Sneha Mallick,6,0.0001,0.0,0.0,4e-05
Omya Hegde,6,0.0001,0.0,0.0,4e-05
Damyanti Mandal,6,0.0001,0.0,0.0,4e-05
Unnati Sethi,6,0.0001,0.0,0.0,4e-05
Chameli Bhasin,6,0.0001,0.0,0.0,4e-05
Wyatt Gala,6,0.0001,0.0,0.0,4e-05
Eshana Gara,6,0.0001,0.0,0.0,4e-05
Vyanjana Murthy,6,0.0001,0.0,0.0,4e-05
Matthew Hayer,6,0.0001,0.0,0.0,4e-05
Triya Vora,6,0.0001,0.0,0.0,4e-05
Jatin Sengupta,6,0.0001,0.0,0.0,4e-05
Jai Dubey,7,0.0001,0.0,0.0,4e-05
Anika Raju,6,0.0001,0.0,0.0,4e-05
Wazir Solanki,6,0.0001,0.0,0.0,4e-05
Manthan Swaminathan,6,0.0001,0.0,0.0,4e-05
Siya Mukherjee,6,0.0001,0.0,0.0,4e-05
Darpan Vyas,6,0.0001,0.0,0.0,4e-05
Tanmayi Dhaliwal,6,0.0001,0.0,0.0,4e-05
Finn Thaman,6,0.0001,0.0,0.0,4e-05
Harshil Raju,6,0.0001,0.0,0.0,4e-05
Nachiket Mannan,6,0.0001,0.0,0.0,4e-05
Ronith Oak,6,0.0001,0.0,0.0,4e-05
Balvan Vora,6,0.0001,0.0,0.0,4e-05
Gaurika Goda,6,0.0001,0.0,0.0,4e-05
Charvi Lanka,6,0.0001,0.0,0.0,4e-05
Siya Dhaliwal,6,0.0001,0.0,0.0,4e-05
Rajeshri Mukherjee,6,0.0001,0.0,0.0,4e-05
Henry Badal,6,0.0001,0.0,0.0,4e-05
Advika Batta,6,0.0001,0.0,0.0,4e-05
Yash Thakkar,6,0.0001,0.0,0.0,4e-05
Nirja Ratti,6,0.0001,0.0,0.0,4e-05
Ayushman Sunder,6,0.0001,0.0,0.0,4e-05
Samar Nair,6,0.0001,0.0,0.0,4e-05
Aditya Sehgal,6,0.0001,0.0,0.0,4e-05
Chanchal Bali,6,0.0001,0.0,0.0,4e-05
Baghyawati Arora,7,0.0001,0.0,0.0,4e-05
Gagan Mukherjee,6,0.0001,0.0,0.0,4e-05
Gavin Arora,6,0.0001,0.0,0.0,4e-05
Mahika Oommen,6,0.0001,0.0,0.0,4e-05
Pratyush Bhargava,6,0.0001,0.0,0.0,4e-05
Lekha Srinivas,6,0.0001,0.0,0.0,4e-05
Champak Patla,6,0.0001,0.0,0.0,4e-05
Zayan Reddy,6,0.0001,0.0,0.0,4e-05
Anika Madan,6,0.0001,0.0,0.0,4e-05
Jeremiah Mital,6,0.0001,0.0,0.0,4e-05
Ojasvi Chander,6,0.0001,0.0,0.0,4e-05
Banjeet Khurana,6,0.0001,0.0,0.0,4e-05
Nidra Ray,6,0.0001,0.0,0.0,4e-05
Triya Pau,6,0.0001,0.0,0.0,4e-05
Lekha Chand,6,0.0001,0.0,0.0,4e-05
Chaaya Bhasin,6,0.0001,0.0,0.0,4e-05
Ranveer Devi,6,0.0001,0.0,0.0,4e-05
Yahvi Hans,6,0.0001,0.0,0.0,4e-05
Jagvi Vyas,6,0.0001,0.0,0.0,4e-05
Dalbir Mangat,6,0.0001,0.0,0.0,4e-05
Advik Dhawan,6,0.0001,0.0,0.0,4e-05
Odika Chhabra,6,0.0001,0.0,0.0,4e-05
Yash Bath,6,0.0001,0.0,0.0,4e-05
Wakeeta Rao,6,0.0001,0.0,0.0,4e-05
Nakul Gupta,6,0.0001,0.0,0.0,4e-05
Quincy Rajagopal,6,0.0001,0.0,0.0,4e-05
Udant Palla,6,0.0001,0.0,0.0,4e-05
Hredhaan Raju,6,0.0001,0.0,0.0,4e-05
Avi Varghese,6,0.0001,0.0,0.0,4e-05
Quincy Choudhury,6,0.0001,0.0,0.0,4e-05
Daksha Varkey,6,0.0001,0.0,0.0,4e-05
Yashasvi Ganesh,6,0.0001,0.0,0.0,4e-05
Jeet Setty,6,0.0001,0.0,0.0,4e-05
Gabriel Chand,6,0.0001,0.0,0.0,4e-05
Mahika Gopal,6,0.0001,0.0,0.0,4e-05
Zayyan Mander,6,0.0001,0.0,0.0,4e-05
Fitan Sundaram,6,0.0001,0.0,0.0,4e-05
Noah Mukhopadhyay,6,0.0001,0.0,0.0,4e-05
Bahadurjit Sawhney,6,0.0001,0.0,0.0,4e-05
Ishita Bedi,6,0.0001,0.0,0.0,4e-05
Kritika Deol,6,0.0001,0.0,0.0,4e-05
Ucchal Butala,6,0.0001,0.0,0.0,4e-05
Gauri Manne,6,0.0001,0.0,0.0,4e-05
Chandresh Mallick,6,0.0001,0.0,0.0,4e-05
Guneet Sule,6,0.0001,0.0,0.0,4e-05
Balvan Mammen,6,0.0001,0.0,0.0,4e-05
Sudiksha Sahni,6,0.0001,0.0,0.0,4e-05
Chakradhar Narayanan,6,0.0001,0.0,0.0,4e-05
Shaurya Date,6,0.0001,0.0,0.0,4e-05
Kashvi Bera,6,0.0001,0.0,0.0,4e-05
Saanvi Kapadia,6,0.0001,0.0,0.0,4e-05
Anirudh Dugal,6,0.0001,0.0,0.0,4e-05
Yatan Randhawa,6,0.0001,0.0,0.0,4e-05
Bhavika Khurana,6,0.0001,0.0,0.0,4e-05
Chavvi Aurora,6,0.0001,0.0,0.0,4e-05
Manan Mishra,6,0.0001,0.0,0.0,4e-05
Manya Sidhu,6,0.0001,0.0,0.0,4e-05
Tanish Sundaram,6,0.0001,0.0,0.0,4e-05
Harinakshi Salvi,6,0.0001,0.0,0.0,4e-05
Ishani Anand,6,0.0001,0.0,0.0,4e-05
Jason Ray,6,0.0001,0.0,0.0,4e-05
Aishani Sama,6,0.0001,0.0,0.0,4e-05
Sai Patil,7,0.0001,0.0,0.0,4e-05
Oni Goswami,6,0.0001,0.0,0.0,4e-05
Frado Sengupta,6,0.0001,0.0,0.0,4e-05
Falguni Venkatesh,6,0.0001,0.0,0.0,4e-05
Pahal Korpal,6,0.0001,0.0,0.0,4e-05
Bhavna Buch,6,0.0001,0.0,0.0,4e-05
Hema Sunder,6,0.0001,0.0,0.0,4e-05
Azad Dutt,6,0.0001,0.0,0.0,4e-05
Kala Chadha,6,0.0001,0.0,0.0,4e-05
Shivani Barad,6,0.0001,0.0,0.0,4e-05
Isha Kannan,6,0.0001,0.0,0.0,4e-05
Tanay Devan,6,0.0001,0.0,0.0,4e-05
Benjamin Vora,6,0.0001,0.0,0.0,4e-05
Samesh Kar,6,0.0001,0.0,0.0,4e-05
Leela Shenoy,6,0.0001,0.0,0.0,4e-05
Brinda Das,6,0.0001,0.0,0.0,4e-05
Udarsh Chawla,6,0.0001,0.0,0.0,4e-05
Zinal Barad,6,0.0001,0.0,0.0,4e-05
Oni Subramanian,6,0.0001,0.0,0.0,4e-05
Ekta Rau,6,0.0001,0.0,0.0,4e-05
Pranav Tak,6,0.0001,0.0,0.0,4e-05
Daksha Chander,6,0.0001,0.0,0.0,4e-05
Turvi Chana,6,0.0001,0.0,0.0,4e-05
Jeevika Chowdhury,6,0.0001,0.0,0.0,4e-05
Darsh Narasimhan,6,0.0001,0.0,0.0,4e-05
Shivani Tella,6,0.0001,0.0,0.0,4e-05
Leena Ramaswamy,6,0.0001,0.0,0.0,4e-05
Odika Chatterjee,6,0.0001,0.0,0.0,4e-05
Chandani Rai,6,0.0001,0.0,0.0,4e-05
Fitan Patla,6,0.0001,0.0,0.0,4e-05
Faras Khatri,6,0.0001,0.0,0.0,4e-05
Nitara Murthy,6,0.0001,0.0,0.0,4e-05
Rajeshri Singh,6,0.0001,0.0,0.0,4e-05
Kai Shanker,6,0.0001,0.0,0.0,4e-05
Indrajit Krishnan,6,0.0001,0.0,0.0,4e-05
Ekansh Gopal,6,0.0001,0.0,0.0,4e-05
Dhriti Bajaj,6,0.0001,0.0,0.0,4e-05
Christopher Korpal,6,0.0001,0.0,0.0,4e-05
Manan Hans,6,0.0001,0.0,0.0,4e-05
Charles Gour,6,0.0001,0.0,0.0,4e-05
Hemang Atwal,6,0.0001,0.0,0.0,4e-05
Wriddhish Oza,6,0.0001,0.0,0.0,4e-05
Jhalak Singh,6,0.0001,0.0,0.0,4e-05
Logan Prabhu,6,0.0001,0.0,0.0,4e-05
Jasmit Nori,6,0.0001,0.0,0.0,4e-05
Panini Ghose,6,0.0001,0.0,0.0,4e-05
Sanya Kashyap,6,0.0001,0.0,0.0,4e-05
Baljiwan Saini,6,0.0001,0.0,0.0,4e-05
Michael Divan,6,0.0001,0.0,0.0,4e-05
Vanya Kata,6,0.0001,0.0,0.0,4e-05
Bakhshi Comar,6,0.0001,0.0,0.0,4e-05
Anya Majumdar,6,0.0001,0.0,0.0,4e-05
Warhi Din,6,0.0001,0.0,0.0,4e-05
Jatin Narang,6,0.0001,0.0,0.0,4e-05
Sneha Sani,6,0.0001,0.0,0.0,4e-05
Charita Iyengar,6,0.0001,0.0,0.0,4e-05
Warhi Contractor,6,0.0001,0.0,0.0,4e-05
Jeremiah Ramesh,6,0.0001,0.0,0.0,4e-05
Sneha Comar,6,0.0001,0.0,0.0,4e-05
Henry Kibe,6,0.0001,0.0,0.0,4e-05
Niharika Edwin,6,0.0001,0.0,0.0,4e-05
Chakradhar Bava,6,0.0001,0.0,0.0,4e-05
Hitesh Kapadia,6,0.0001,0.0,0.0,4e-05
Krish Ratta,6,0.0001,0.0,0.0,4e-05
Aachal Kaur,6,0.0001,0.0,0.0,4e-05
Azaan Gade,6,0.0001,0.0,0.0,4e-05
Adya Bhatti,6,0.0001,0.0,0.0,4e-05
Gaurika Khurana,6,0.0001,0.0,0.0,4e-05
Utkarsh Bera,6,0.0001,0.0,0.0,4e-05
Advaith Anne,6,0.0001,0.0,0.0,4e-05
Amara Chakrabarti,6,0.0001,0.0,0.0,4e-05
Chanakya Talwar,6,0.0001,0.0,0.0,4e-05
Liam Hegde,6,0.0001,0.0,0.0,4e-05
Yamini Venkataraman,6,0.0001,0.0,0.0,4e-05
Shravya Bains,6,0.0001,0.0,0.0,4e-05
Yoshita Kulkarni,6,0.0001,0.0,0.0,4e-05
Pratyush Sidhu,6,0.0001,0.0,0.0,4e-05
Ayushman Grewal,6,0.0001,0.0,0.0,4e-05
Sachi Balan,6,0.0001,0.0,0.0,4e-05
Ryan Goel,6,0.0001,0.0,0.0,4e-05
Lakshit Parsa,6,0.0001,0.0,0.0,4e-05
Kavya Mody,6,0.0001,0.0,0.0,4e-05
Tanish Keer,6,0.0001,0.0,0.0,4e-05
Vedhika Savant,6,0.0001,0.0,0.0,4e-05
Ladli Bir,6,0.0001,0.0,0.0,4e-05
Kashish Manne,6,0.0001,0.0,0.0,4e-05
Dev Mohan,6,0.0001,0.0,0.0,4e-05
Chaitanya Dugar,6,0.0001,0.0,0.0,4e-05
Vidhi Brar,6,0.0001,0.0,0.0,4e-05
Darika Bose,6,0.0001,0.0,0.0,4e-05
Sathvik Bedi,6,0.0001,0.0,0.0,4e-05
Bishakha Dani,6,0.0001,0.0,0.0,4e-05
Megha Ramesh,6,0.0001,0.0,0.0,4e-05
Sanya Amble,6,0.0001,0.0,0.0,4e-05
Mohammed Mangal,6,0.0001,0.0,0.0,4e-05
Abdul Chaudhry,6,0.0001,0.0,0.0,4e-05
Charan Kohli,6,0.0001,0.0,0.0,4e-05
Janani Savant,6,0.0001,0.0,0.0,4e-05
Jagvi Chaudhary,6,0.0001,0.0,0.0,4e-05
Faris Khare,6,0.0001,0.0,0.0,4e-05
Krish Mistry,6,0.0001,0.0,0.0,4e-05
Hredhaan Contractor,6,0.0001,0.0,0.0,4e-05
Chaman Sodhi,6,0.0001,0.0,0.0,4e-05
Onveer Bhatti,6,0.0001,0.0,0.0,4e-05
Qasim Chacko,6,0.0001,0.0,0.0,4e-05
Parth Suri,6,0.0001,0.0,0.0,4e-05
Balvan Borah,6,0.0001,0.0,0.0,4e-05
Vamakshi Bobal,6,0.0001,0.0,0.0,4e-05
Xavier Sandal,6,0.0001,0.0,0.0,4e-05
Pallavi Shroff,6,0.0001,0.0,0.0,4e-05
Arunima Reddy,6,0.0001,0.0,0.0,4e-05
Jason Prabhakar,6,0.0001,0.0,0.0,4e-05
Jagrati Chahal,6,0.0001,0.0,0.0,4e-05
Isha Dugal,6,0.0001,0.0,0.0,4e-05
Rachit Yohannan,6,0.0001,0.0,0.0,4e-05
Riya Sabharwal,6,0.0001,0.0,0.0,4e-05
Charita Wagle,6,0.0001,0.0,0.0,4e-05
Jagdish Tella,6,0.0001,0.0,0.0,4e-05
Gunbir Sen,6,0.0001,0.0,0.0,4e-05
Rishi Singh,6,0.0001,0.0,0.0,4e-05
Vanya Date,6,0.0001,0.0,0.0,4e-05
Fitan D’Alia,6,0.0001,0.0,0.0,4e-05
Ekapad Varkey,6,0.0001,0.0,0.0,4e-05
Udarsh Nath,6,0.0001,0.0,0.0,4e-05
Netra Krishnan,6,0.0001,0.0,0.0,4e-05
Hamsini Barad,6,0.0001,0.0,0.0,4e-05
Lipika Vala,6,0.0001,0.0,0.0,4e-05
Ikbal Bala,6,0.0001,0.0,0.0,4e-05
Pranit Bansal,6,0.0001,0.0,0.0,4e-05
Hritik Dayal,6,0.0001,0.0,0.0,4e-05
Fariq Dass,6,0.0001,0.0,0.0,4e-05
Indira Sem,6,0.0001,0.0,0.0,4e-05
Manbir Kar,6,0.0001,0.0,0.0,4e-05
Lila Padmanabhan,6,0.0001,0.0,0.0,4e-05
Ryan Dhawan,6,0.0001,0.0,0.0,4e-05
Hemal Soni,6,0.0001,0.0,0.0,4e-05
Urishilla Sura,6,0.0001,0.0,0.0,4e-05
Aryan Tak,6,0.0001,0.0,0.0,4e-05
Nathan Goel,6,0.0001,0.0,0.0,4e-05
Chandran Pal,6,0.0001,0.0,0.0,4e-05
Rushil Tailor,6,0.0001,0.0,0.0,4e-05
Abdul Konda,6,0.0001,0.0,0.0,4e-05
Yuvraj Kashyap,6,0.0001,0.0,0.0,4e-05
Divya Bail,6,0.0001,0.0,0.0,4e-05
Chatresh Chander,6,0.0001,0.0,0.0,4e-05
Zaid Halder,6,0.0001,0.0,0.0,4e-05
Advaith Badami,6,0.0001,0.0,0.0,4e-05
Om Chad,6,0.0001,0.0,0.0,4e-05
Falak Parikh,6,0.0001,0.0,0.0,4e-05
Mitali Pandey,6,0.0001,0.0,0.0,4e-05
Alexander Bajwa,6,0.0001,0.0,0.0,4e-05
Hema Ravi,6,0.0001,0.0,0.0,4e-05
Odika Hans,6,0.0001,0.0,0.0,4e-05
Idika Swaminathan,6,0.0001,0.0,0.0,4e-05
Ekani Butala,6,0.0001,0.0,0.0,4e-05
Eiravati Dave,6,0.0001,0.0,0.0,4e-05
Darpan Goyal,6,0.0001,0.0,0.0,4e-05
Qabil Bava,6,0.0001,0.0,0.0,4e-05
Suhani Peri,6,0.0001,0.0,0.0,4e-05
Zehaan Tripathi,6,0.0001,0.0,0.0,4e-05
Radha Pall,6,0.0001,0.0,0.0,4e-05
Zansi Dave,6,0.0001,0.0,0.0,4e-05
Ojas Gara,6,0.0001,0.0,0.0,4e-05
Kashvi Sankaran,6,0.0001,0.0,0.0,4e-05
Upma Char,6,0.0001,0.0,0.0,4e-05
Isaiah Mander,6,0.0001,0.0,0.0,4e-05
Widisha Iyengar,6,0.0001,0.0,0.0,4e-05
Nakul Dhingra,6,0.0001,0.0,0.0,4e-05
Veda Yohannan,6,0.0001,0.0,0.0,4e-05
Kalpit Sami,6,0.0001,0.0,0.0,4e-05
Prisha Mistry,6,0.0001,0.0,0.0,4e-05
Wridesh Bhardwaj,6,0.0001,0.0,0.0,4e-05
Shivansh Chatterjee,6,0.0001,0.0,0.0,4e-05
Harshil Varughese,6,0.0001,0.0,0.0,4e-05
Avni Radhakrishnan,6,0.0001,0.0,0.0,4e-05
Jyoti Natt,6,0.0001,0.0,0.0,4e-05
Wyatt Brar,6,0.0001,0.0,0.0,4e-05
Kavya Din,6,0.0001,0.0,0.0,4e-05
Quincy Prakash,6,0.0001,0.0,0.0,4e-05
Quincy Solanki,6,0.0001,0.0,0.0,4e-05
Nimrat Khalsa,6,0.0001,0.0,0.0,4e-05
Zarna Mammen,6,0.0001,0.0,0.0,4e-05
Yagnesh Kaur,6,0.0001,0.0,0.0,4e-05
Jagvi Agrawal,6,0.0001,0.0,0.0,4e-05
Samuel Bobal,6,0.0001,0.0,0.0,4e-05
Chanchal Rastogi,6,0.0001,0.0,0.0,4e-05
Sanya Chand,6,0.0001,0.0,0.0,4e-05
Amaira Kulkarni,6,0.0001,0.0,0.0,4e-05
George Rege,6,0.0001,0.0,0.0,4e-05
Inaya Soni,6,0.0001,0.0,0.0,4e-05
Libni Sami,6,0.0001,0.0,0.0,4e-05
Luke Deshmukh,6,0.0001,0.0,0.0,4e-05
Yashawini D’Alia,6,0.0001,0.0,0.0,4e-05
Bimala Kaul,6,0.0001,0.0,0.0,4e-05
Jai Barman,6,0.0001,0.0,0.0,4e-05
Avni Ahluwalia,6,0.0001,0.0,0.0,4e-05
Balveer Mani,6,0.0001,0.0,0.0,4e-05
Aarav Issac,6,0.0001,0.0,0.0,4e-05
Dalbir Parikh,6,0.0001,0.0,0.0,4e-05
Janani Nadig,6,0.0001,0.0,0.0,4e-05
Tanay Chhabra,6,0.0001,0.0,0.0,4e-05
Anjali Agrawal,6,0.0001,0.0,0.0,4e-05
Turvi Buch,6,0.0001,0.0,0.0,4e-05
Amrita Reddy,6,0.0001,0.0,0.0,4e-05
Kavya Pradhan,6,0.0001,0.0,0.0,4e-05
Bakhshi Dhingra,6,0.0001,0.0,0.0,4e-05
Forum Ratti,6,0.0001,0.0,0.0,4e-05
Jasmit Talwar,6,0.0001,0.0,0.0,4e-05
Manya Prabhu,6,0.0001,0.0,0.0,4e-05
Dakshesh Keer,6,0.0001,0.0,0.0,4e-05
Aahana Bahri,6,0.0001,0.0,0.0,4e-05
Yatin Krishnamurthy,6,0.0001,0.0,0.0,4e-05
Arin Kala,6,0.0001,0.0,0.0,4e-05
Girik Vasa,6,0.0001,0.0,0.0,4e-05
Dhruv Iyer,6,0.0001,0.0,0.0,4e-05
Irya Guha,6,0.0001,0.0,0.0,4e-05
Bhavika Shukla,6,0.0001,0.0,0.0,4e-05
Oeshi Gade,6,0.0001,0.0,0.0,4e-05
Bakhshi Munshi,6,0.0001,0.0,0.0,4e-05
Yashodhara Natarajan,6,0.0001,0.0,0.0,4e-05
Nikita Mitter,6,0.0001,0.0,0.0,4e-05
Aradhana Basak,6,0.0001,0.0,0.0,4e-05
Jonathan Anne,6,0.0001,0.0,0.0,4e-05
Vrishti Purohit,6,0.0001,0.0,0.0,4e-05
Logan Vaidya,6,0.0001,0.0,0.0,4e-05
Wridesh Sunder,6,0.0001,0.0,0.0,4e-05
Amol Biswas,6,0.0001,0.0,0.0,4e-05
Yashoda Wadhwa,6,0.0001,0.0,0.0,4e-05
Ekanta Sankaran,6,0.0001,0.0,0.0,4e-05
Ojasvi Chad,6,0.0001,0.0,0.0,4e-05
Eiravati Soni,6,0.0001,0.0,0.0,4e-05
Zilmil Choudhury,6,0.0001,0.0,0.0,4e-05
Omya Butala,6,0.0001,0.0,0.0,4e-05
Nidhi Sen,6,0.0001,0.0,0.0,4e-05
Aarnav Majumdar,6,0.0001,0.0,0.0,4e-05
Waida Dani,6,0.0001,0.0,0.0,4e-05
Urmi Basak,6,0.0001,0.0,0.0,4e-05
Reva Chawla,6,0.0001,0.0,0.0,4e-05
Mitali Parekh,6,0.0001,0.0,0.0,4e-05
Varenya Mahal,6,0.0001,0.0,0.0,4e-05
Michael Sridhar,6,0.0001,0.0,0.0,4e-05
Adweta Kapoor,6,0.0001,0.0,0.0,4e-05
Tanveer Tara,6,0.0001,0.0,0.0,4e-05
Zashil Devi,6,0.0001,0.0,0.0,4e-05
Upkaar Deo,6,0.0001,0.0,0.0,4e-05
Raghav Kuruvilla,6,0.0001,0.0,0.0,4e-05
Onveer Thakur,6,0.0001,0.0,0.0,4e-05
Daksh Pandey,6,0.0001,0.0,0.0,4e-05
Unni Raja,6,0.0001,0.0,0.0,4e-05
Dakshesh Bala,6,0.0001,0.0,0.0,4e-05
Ekani Nori,6,0.0001,0.0,0.0,4e-05
Aarnav Mammen,6,0.0001,0.0,0.0,4e-05
Ishwar Tella,6,0.0001,0.0,0.0,4e-05
Krish Pall,6,0.0001,0.0,0.0,4e-05
Dhruv Kata,6,0.0001,0.0,0.0,4e-05
Mekhala Mukhopadhyay,6,0.0001,0.0,0.0,4e-05
Jagvi Rau,6,0.0001,0.0,0.0,4e-05
Ethan Ghosh,6,0.0001,0.0,0.0,4e-05
Hemangini Merchant,6,0.0001,0.0,0.0,4e-05
Maya Bose,6,0.0001,0.0,0.0,4e-05
Shivani Nayak,6,0.0001,0.0,0.0,4e-05
Ayaan Gandhi,6,0.0001,0.0,0.0,4e-05
Krishna Bhargava,6,0.0001,0.0,0.0,4e-05
Ekalinga Madan,6,0.0001,0.0,0.0,4e-05
Shaurya Sastry,6,0.0001,0.0,0.0,4e-05
Baljiwan Khurana,6,0.0001,0.0,0.0,4e-05
Wyatt Char,6,0.0001,0.0,0.0,4e-05
Anya Ramanathan,6,0.0001,0.0,0.0,4e-05
Bhavini Ratta,6,0.0001,0.0,0.0,4e-05
Dev Tiwari,6,0.0001,0.0,0.0,4e-05
Owen Anne,6,0.0001,0.0,0.0,4e-05
Chandran Brar,6,0.0001,0.0,0.0,4e-05
Atharv Raman,6,0.0001,0.0,0.0,4e-05
Warda Ramaswamy,6,0.0001,0.0,0.0,4e-05
Ronith Khanna,6,0.0001,0.0,0.0,4e-05
Onveer Dugar,6,0.0001,0.0,0.0,4e-05
Ridhi Sarraf,6,0.0001,0.0,0.0,4e-05
Radhika Parmar,6,0.0001,0.0,0.0,4e-05
Amara Tak,6,0.0001,0.0,0.0,4e-05
Tanmayi Parsa,6,0.0001,0.0,0.0,4e-05
Nirja Saran,6,0.0001,0.0,0.0,4e-05
Prisha Bhagat,6,0.0001,0.0,0.0,4e-05
Lipika Kanda,6,0.0001,0.0,0.0,4e-05
Maanas Golla,6,0.0001,0.0,0.0,4e-05
Samesh Rau,6,0.0001,0.0,0.0,4e-05
Divya Cheema,6,0.0001,0.0,0.0,4e-05
Kamya Chatterjee,6,0.0001,0.0,0.0,4e-05
Upadhriti Tailor,6,0.0001,0.0,0.0,4e-05
Qabil Mitter,6,0.0001,0.0,0.0,4e-05
Anirudh Babu,6,0.0001,0.0,0.0,4e-05
Chandran Oza,6,0.0001,0.0,0.0,4e-05
Avi Prabhakar,6,0.0001,0.0,0.0,4e-05
Chaitaly Rajagopal,6,0.0001,0.0,0.0,4e-05
Faras Saran,6,0.0001,0.0,0.0,4e-05
Krish Madan,6,0.0001,0.0,0.0,4e-05
Nandini Mangal,6,0.0001,0.0,0.0,4e-05
Maanas Behl,6,0.0001,0.0,0.0,4e-05
Nilima Chad,6,0.0001,0.0,0.0,4e-05
Nakul Aurora,6,0.0001,0.0,0.0,4e-05
Bhavani Uppal,6,0.0001,0.0,0.0,4e-05
Indali Nadig,6,0.0001,0.0,0.0,4e-05
Gaurang Soman,6,0.0001,0.0,0.0,4e-05
Ekapad Sood,6,0.0001,0.0,0.0,4e-05
Daksha Boase,6,0.0001,0.0,0.0,4e-05
Girik Chaudhari,6,0.0001,0.0,0.0,4e-05
Noah Badami,6,0.0001,0.0,0.0,4e-05
Yuvraj Oak,6,0.0001,0.0,0.0,4e-05
Hema Edwin,6,0.0001,0.0,0.0,4e-05
Widisha Sodhi,6,0.0001,0.0,0.0,4e-05
Lekha Mishra,6,0.0001,0.0,0.0,4e-05
Girindra Parekh,6,0.0001,0.0,0.0,4e-05
Chaaya Bhatti,6,0.0001,0.0,0.0,4e-05
Chasmum Borde,6,0.0001,0.0,0.0,4e-05
Eesha Manne,6,0.0001,0.0,0.0,4e-05
Darsh Kale,6,0.0001,0.0,0.0,4e-05
Ucchal Bhatia,6,0.0001,0.0,0.0,4e-05
Aayush Deshpande,6,0.0001,0.0,0.0,4e-05
Rayaan Golla,6,0.0001,0.0,0.0,4e-05
Isaac Koshy,6,0.0001,0.0,0.0,4e-05
Michael Hans,6,0.0001,0.0,0.0,4e-05
Anika Lad,6,0.0001,0.0,0.0,4e-05
Mitali Halder,6,0.0001,0.0,0.0,4e-05
Ishani Mitra,6,0.0001,0.0,0.0,4e-05
Chaaya Bhavsar,6,0.0001,0.0,0.0,4e-05
Isaac Butala,6,0.0001,0.0,0.0,4e-05
Tanmayi Rajagopalan,6,0.0001,0.0,0.0,4e-05
Darsh Hans,6,0.0001,0.0,0.0,4e-05
Anusha Chacko,6,0.0001,0.0,0.0,4e-05
Devika Raman,6,0.0001,0.0,0.0,4e-05
Chatresh Ghose,6,0.0001,0.0,0.0,4e-05
Xavier Gulati,6,0.0001,0.0,0.0,4e-05
Jasmit Doshi,6,0.0001,0.0,0.0,4e-05
Patrick Kadakia,6,0.0001,0.0,0.0,4e-05
Nihal Chaudhuri,6,0.0001,0.0,0.0,4e-05
Aashi Mohanty,6,0.0001,0.0,0.0,4e-05
Vansha Shah,6,0.0001,0.0,0.0,4e-05
Neha Sarna,6,0.0001,0.0,0.0,4e-05
Yadavi Bhatt,6,0.0001,0.0,0.0,4e-05
Nitara Mitra,6,0.0001,0.0,0.0,4e-05
Vincent Rout,6,0.0001,0.0,0.0,4e-05
Xalak Amble,6,0.0001,0.0,0.0,4e-05
Jalsa Bansal,6,0.0001,0.0,0.0,4e-05
Jason Panchal,6,0.0001,0.0,0.0,4e-05
Zarna Das,6,0.0001,0.0,0.0,4e-05
Sachi Seshadri,6,0.0001,0.0,0.0,4e-05
Xiti Sanghvi,6,0.0001,0.0,0.0,4e-05
Samarth Bhat,6,0.0001,0.0,0.0,4e-05
Falak Rattan,6,0.0001,0.0,0.0,4e-05
Vritti Wali,6,0.0001,0.0,0.0,4e-05
Hemang Kuruvilla,6,0.0001,0.0,0.0,4e-05
Ikbal Lanka,6,0.0001,0.0,0.0,4e-05
Xiti Grover,6,0.0001,0.0,0.0,4e-05
Falak Borah,6,0.0001,0.0,0.0,4e-05
Pranav Sankaran,7,0.0001,0.0,0.0,4e-05
Daksh Badal,6,0.0001,0.0,0.0,4e-05
Pratyush Sangha,6,0.0001,0.0,0.0,4e-05
Raghav Singhal,6,0.0001,0.0,0.0,4e-05
Daksh Karnik,7,0.0001,0.0,0.0,4e-05
Ganga Koshy,6,0.0001,0.0,0.0,4e-05
Devansh Babu,6,0.0001,0.0,0.0,4e-05
Advik Garg,6,0.0001,0.0,0.0,4e-05
Priya Lad,6,0.0001,0.0,0.0,4e-05
Imaran Tailor,6,0.0001,0.0,0.0,4e-05
Bhavya Wagle,6,0.0001,0.0,0.0,4e-05
Ekantika Basak,6,0.0001,0.0,0.0,4e-05
Chasmum Karnik,6,0.0001,0.0,0.0,4e-05
Aarav Dey,6,0.0001,0.0,0.0,4e-05
Warhi Khare,6,0.0001,0.0,0.0,4e-05
Dakshesh Savant,6,0.0001,0.0,0.0,4e-05
Atharv Lanka,6,0.0001,0.0,0.0,4e-05
Robert D’Alia,6,0.0001,0.0,0.0,4e-05
Isaac Sibal,6,0.0001,0.0,0.0,4e-05
Reva Bose,6,0.0001,0.0,0.0,4e-05
Harrison Ramanathan,6,0.0001,0.0,0.0,4e-05
Onveer Sami,6,0.0001,0.0,0.0,4e-05
Jack Tank,6,0.0001,0.0,0.0,4e-05
Vasana Rama,6,0.0001,0.0,0.0,4e-05
Siya Talwar,6,0.0001,0.0,0.0,4e-05
Ucchal Rau,6,0.0001,0.0,0.0,4e-05
Ekalinga Kanda,6,0.0001,0.0,0.0,4e-05
Jai Chaudry,6,0.0001,0.0,0.0,4e-05
Faraj Murty,6,0.0001,0.0,0.0,4e-05
Abdul Pingle,6,0.0001,0.0,0.0,4e-05
Darpan Natarajan,6,0.0001,0.0,0.0,4e-05
