transaction_id,sender,receiver,amount,date,account,transaction_type,evidence_type,source_file,record_text
TXN202500201,u_123,u_789,2500.0,2028-04-22 14:15:00,ACC9016,TRANSFER,TRANSACTION,transcation data .csv,Transaction ID: TXN202500201 | Sender: u_123 | Receiver: u_789 | Account: ACC9016 | Amount: 2500.0 | Date: 2028-04-22 14:15:00 | Transaction Type: TRANSFER
TXN202500202,u_567,u_234,850.0,2028-04-28 09:40:00,ACC6789,TRANSFER,TRANSACTION,transcation data .csv,Transaction ID: TXN202500202 | Sender: u_567 | Receiver: u_234 | Account: ACC6789 | Amount: 850.0 | Date: 2028-04-28 09:40:00 | Transaction Type: TRANSFER
TXN202500203,u_901,u_678,7200.0,2028-05-04 19:05:00,ACC4561,TRANSFER,TRANSACTION,transcation data .csv,Transaction ID: TXN202500203 | Sender: u_901 | Receiver: u_678 | Account: ACC4561 | Amount: 7200.0 | Date: 2028-05-04 19:05:00 | Transaction Type: TRANSFER
TXN202500204,u_456,u_123,1250.0,2028-05-10 11:30:00,ACC2346,TRANSFER,TRANSACTION,transcation data .csv,Transaction ID: TXN202500204 | Sender: u_456 | Receiver: u_123 | Account: ACC2346 | Amount: 1250.0 | Date: 2028-05-10 11:30:00 | Transaction Type: TRANSFER
TXN202500205,u_234,u_890,510.0,2028-05-16 16:55:00,ACC7894,TRANSFER,TRANSACTION,transcation data .csv,Transaction ID: TXN202500205 | Sender: u_234 | Receiver: u_890 | Account: ACC7894 | Amount: 510.0 | Date: 2028-05-16 16:55:00 | Transaction Type: TRANSFER
TXN202500206,u_789,u_456,13400.0,2028-05-22 08:20:00,ACC5674,TRANSFER,TRANSACTION,transcation data .csv,Transaction ID: TXN202500206 | Sender: u_789 | Receiver: u_456 | Account: ACC5674 | Amount: 13400.0 | Date: 2028-05-22 08:20:00 | Transaction Type: TRANSFER
TXN202500207,u_678,u_123,275.0,2028-05-28 22:45:00,ACC3452,TRANSFER,TRANSACTION,transcation data .csv,Transaction ID: TXN202500207 | Sender: u_678 | Receiver: u_123 | Account: ACC3452 | Amount: 275.0 | Date: 2028-05-28 22:45:00 | Transaction Type: TRANSFER
TXN202500208,u_901,u_567,8200.0,2028-06-03 17:10:00,ACC9017,TRANSFER,TRANSACTION,transcation data .csv,Transaction ID: TXN202500208 | Sender: u_901 | Receiver: u_567 | Account: ACC9017 | Amount: 8200.0 | Date: 2028-06-03 17:10:00 | Transaction Type: TRANSFER
TXN202500209,u_123,u_890,160.0,2028-06-09 12:35:00,ACC6787,TRANSFER,TRANSACTION,transcation data .csv,Transaction ID: TXN202500209 | Sender: u_123 | Receiver: u_890 | Account: ACC6787 | Amount: 160.0 | Date: 2028-06-09 12:35:00 | Transaction Type: TRANSFER
TXN202500210,u_456,u_678,4300.0,2028-06-15 20:00:00,ACC4563,TRANSFER,TRANSACTION,transcation data .csv,Transaction ID: TXN202500210 | Sender: u_456 | Receiver: u_678 | Account: ACC4563 | Amount: 4300.0 | Date: 2028-06-15 20:00:00 | Transaction Type: TRANSFER
TXN202500211,u_234,u_901,50.0,2028-06-21 14:25:00,ACC2345,TRANSFER,TRANSACTION,transcation data .csv,Transaction ID: TXN202500211 | Sender: u_234 | Receiver: u_901 | Account: ACC2345 | Amount: 50.0 | Date: 2028-06-21 14:25:00 | Transaction Type: TRANSFER
TXN202500212,u_789,u_123,11250.0,2028-06-27 09:50:00,ACC7890,TRANSFER,TRANSACTION,transcation data .csv,Transaction ID: TXN202500212 | Sender: u_789 | Receiver: u_123 | Account: ACC7890 | Amount: 11250.0 | Date: 2028-06-27 09:50:00 | Transaction Type: TRANSFER
TXN202500213,u_567,u_456,320.0,2028-07-03 18:15:00,ACC5679,TRANSFER,TRANSACTION,transcation data .csv,Transaction ID: TXN202500213 | Sender: u_567 | Receiver: u_456 | Account: ACC5679 | Amount: 320.0 | Date: 2028-07-03 18:15:00 | Transaction Type: TRANSFER
TXN202500214,u_890,u_234,7600.0,2028-07-09 10:40:00,ACC3458,TRANSFER,TRANSACTION,transcation data .csv,Transaction ID: TXN202500214 | Sender: u_890 | Receiver: u_234 | Account: ACC3458 | Amount: 7600.0 | Date: 2028-07-09 10:40:00 | Transaction Type: TRANSFER
TXN202500215,u_123,u_678,215.0,2028-07-15 21:05:00,ACC9018,TRANSFER,TRANSACTION,transcation data .csv,Transaction ID: TXN202500215 | Sender: u_123 | Receiver: u_678 | Account: ACC9018 | Amount: 215.0 | Date: 2028-07-15 21:05:00 | Transaction Type: TRANSFER
TXN202500216,u_901,u_789,940.0,2028-07-21 15:30:00,ACC6789,TRANSFER,TRANSACTION,transcation data .csv,Transaction ID: TXN202500216 | Sender: u_901 | Receiver: u_789 | Account: ACC6789 | Amount: 940.0 | Date: 2028-07-21 15:30:00 | Transaction Type: TRANSFER
TXN202500217,u_456,u_234,15500.0,2028-07-27 08:55:00,ACC4567,TRANSFER,TRANSACTION,transcation data .csv,Transaction ID: TXN202500217 | Sender: u_456 | Receiver: u_234 | Account: ACC4567 | Amount: 15500.0 | Date: 2028-07-27 08:55:00 | Transaction Type: TRANSFER
TXN202500218,u_678,u_901,380.0,2028-08-02 19:20:00,ACC2341,TRANSFER,TRANSACTION,transcation data .csv,Transaction ID: TXN202500218 | Sender: u_678 | Receiver: u_901 | Account: ACC2341 | Amount: 380.0 | Date: 2028-08-02 19:20:00 | Transaction Type: TRANSFER
TXN202500219,u_234,u_456,4800.0,2028-08-08 13:45:00,ACC7891,TRANSFER,TRANSACTION,transcation data .csv,Transaction ID: TXN202500219 | Sender: u_234 | Receiver: u_456 | Account: ACC7891 | Amount: 4800.0 | Date: 2028-08-08 13:45:00 | Transaction Type: TRANSFER
TXN202500220,u_789,u_890,210.0,2028-08-14 10:10:00,ACC5672,TRANSFER,TRANSACTION,transcation data .csv,Transaction ID: TXN202500220 | Sender: u_789 | Receiver: u_890 | Account: ACC5672 | Amount: 210.0 | Date: 2028-08-14 10:10:00 | Transaction Type: TRANSFER
TXN202500221,u_123,u_567,6250.0,2028-08-20 16:35:00,ACC3457,TRANSFER,TRANSACTION,transcation data .csv,Transaction ID: TXN202500221 | Sender: u_123 | Receiver: u_567 | Account: ACC3457 | Amount: 6250.0 | Date: 2028-08-20 16:35:00 | Transaction Type: TRANSFER
TXN202500222,u_901,u_456,94.0,2028-08-26 22:00:00,ACC9013,TRANSFER,TRANSACTION,transcation data .csv,Transaction ID: TXN202500222 | Sender: u_901 | Receiver: u_456 | Account: ACC9013 | Amount: 94.0 | Date: 2028-08-26 22:00:00 | Transaction Type: TRANSFER
TXN202500223,u_567,u_123,2700.0,2028-09-01 14:25:00,ACC4562,TRANSFER,TRANSACTION,transcation data .csv,Transaction ID: TXN202500223 | Sender: u_567 | Receiver: u_123 | Account: ACC4562 | Amount: 2700.0 | Date: 2028-09-01 14:25:00 | Transaction Type: TRANSFER
TXN202500224,u_890,u_789,780.0,2028-09-07 09:50:00,ACC2349,TRANSFER,TRANSACTION,transcation data .csv,Transaction ID: TXN202500224 | Sender: u_890 | Receiver: u_789 | Account: ACC2349 | Amount: 780.0 | Date: 2028-09-07 09:50:00 | Transaction Type: TRANSFER
TXN202500225,u_678,u_234,5400.0,2028-09-13 18:15:00,ACC7898,TRANSFER,TRANSACTION,transcation data .csv,Transaction ID: TXN202500225 | Sender: u_678 | Receiver: u_234 | Account: ACC7898 | Amount: 5400.0 | Date: 2028-09-13 18:15:00 | Transaction Type: TRANSFER
TXN202500226,u_123,u_901,425.0,2028-09-19 11:40:00,ACC5676,TRANSFER,TRANSACTION,transcation data .csv,Transaction ID: TXN202500226 | Sender: u_123 | Receiver: u_901 | Account: ACC5676 | Amount: 425.0 | Date: 2028-09-19 11:40:00 | Transaction Type: TRANSFER
TXN202500227,u_456,u_789,3200.0,2028-09-25 20:05:00,ACC3455,TRANSFER,TRANSACTION,transcation data .csv,Transaction ID: TXN202500227 | Sender: u_456 | Receiver: u_789 | Account: ACC3455 | Amount: 3200.0 | Date: 2028-09-25 20:05:00 | Transaction Type: TRANSFER
TXN202500228,u_234,u_678,180.0,2028-10-01 15:30:00,ACC9016,TRANSFER,TRANSACTION,transcation data .csv,Transaction ID: TXN202500228 | Sender: u_234 | Receiver: u_678 | Account: ACC9016 | Amount: 180.0 | Date: 2028-10-01 15:30:00 | Transaction Type: TRANSFER
TXN202500229,u_901,u_123,6900.0,2028-10-07 08:55:00,ACC6789,TRANSFER,TRANSACTION,transcation data .csv,Transaction ID: TXN202500229 | Sender: u_901 | Receiver: u_123 | Account: ACC6789 | Amount: 6900.0 | Date: 2028-10-07 08:55:00 | Transaction Type: TRANSFER
TXN202500230,u_567,u_890,750.0,2028-10-13 19:20:00,ACC4561,TRANSFER,TRANSACTION,transcation data .csv,Transaction ID: TXN202500230 | Sender: u_567 | Receiver: u_890 | Account: ACC4561 | Amount: 750.0 | Date: 2028-10-13 19:20:00 | Transaction Type: TRANSFER
TXN202500231,u_678,u_456,8150.0,2028-10-19 12:45:00,ACC2346,TRANSFER,TRANSACTION,transcation data .csv,Transaction ID: TXN202500231 | Sender: u_678 | Receiver: u_456 | Account: ACC2346 | Amount: 8150.0 | Date: 2028-10-19 12:45:00 | Transaction Type: TRANSFER
TXN202500232,u_123,u_234,95.0,2028-10-25 17:10:00,ACC7894,TRANSFER,TRANSACTION,transcation data .csv,Transaction ID: TXN202500232 | Sender: u_123 | Receiver: u_234 | Account: ACC7894 | Amount: 95.0 | Date: 2028-10-25 17:10:00 | Transaction Type: TRANSFER
TXN202500233,u_789,u_901,1750.0,2028-10-31 09:35:00,ACC5674,TRANSFER,TRANSACTION,transcation data .csv,Transaction ID: TXN202500233 | Sender: u_789 | Receiver: u_901 | Account: ACC5674 | Amount: 1750.0 | Date: 2028-10-31 09:35:00 | Transaction Type: TRANSFER
TXN202500234,u_456,u_123,3620.0,2028-11-06 21:00:00,ACC3452,TRANSFER,TRANSACTION,transcation data .csv,Transaction ID: TXN202500234 | Sender: u_456 | Receiver: u_123 | Account: ACC3452 | Amount: 3620.0 | Date: 2028-11-06 21:00:00 | Transaction Type: TRANSFER
TXN202500235,u_890,u_567,1280.0,2028-11-12 14:25:00,ACC9017,TRANSFER,TRANSACTION,transcation data .csv,Transaction ID: TXN202500235 | Sender: u_890 | Receiver: u_567 | Account: ACC9017 | Amount: 1280.0 | Date: 2028-11-12 14:25:00 | Transaction Type: TRANSFER
TXN202500236,u_234,u_901,500.0,2028-11-18 10:50:00,ACC6787,TRANSFER,TRANSACTION,transcation data .csv,Transaction ID: TXN202500236 | Sender: u_234 | Receiver: u_901 | Account: ACC6787 | Amount: 500.0 | Date: 2028-11-18 10:50:00 | Transaction Type: TRANSFER
TXN202500237,u_678,u_123,2400.0,2028-11-24 18:15:00,ACC4563,TRANSFER,TRANSACTION,transcation data .csv,Transaction ID: TXN202500237 | Sender: u_678 | Receiver: u_123 | Account: ACC4563 | Amount: 2400.0 | Date: 2028-11-24 18:15:00 | Transaction Type: TRANSFER
TXN202500238,u_901,u_456,580.0,2028-11-30 12:40:00,ACC2345,TRANSFER,TRANSACTION,transcation data .csv,Transaction ID: TXN202500238 | Sender: u_901 | Receiver: u_456 | Account: ACC2345 | Amount: 580.0 | Date: 2028-11-30 12:40:00 | Transaction Type: TRANSFER
TXN202500239,u_567,u_234,820.0,2028-12-06 20:05:00,ACC7890,TRANSFER,TRANSACTION,transcation data .csv,Transaction ID: TXN202500239 | Sender: u_567 | Receiver: u_234 | Account: ACC7890 | Amount: 820.0 | Date: 2028-12-06 20:05:00 | Transaction Type: TRANSFER
TXN202500240,u_123,u_678,14500.0,2028-12-12 15:30:00,ACC5679,TRANSFER,TRANSACTION,transcation data .csv,Transaction ID: TXN202500240 | Sender: u_123 | Receiver: u_678 | Account: ACC5679 | Amount: 14500.0 | Date: 2028-12-12 15:30:00 | Transaction Type: TRANSFER
TXN202500241,u_789,u_456,260.0,2028-12-18 08:55:00,ACC3458,TRANSFER,TRANSACTION,transcation data .csv,Transaction ID: TXN202500241 | Sender: u_789 | Receiver: u_456 | Account: ACC3458 | Amount: 260.0 | Date: 2028-12-18 08:55:00 | Transaction Type: TRANSFER
TXN202500242,u_890,u_123,7300.0,2028-12-24 19:20:00,ACC9018,TRANSFER,TRANSACTION,transcation data .csv,Transaction ID: TXN202500242 | Sender: u_890 | Receiver: u_123 | Account: ACC9018 | Amount: 7300.0 | Date: 2028-12-24 19:20:00 | Transaction Type: TRANSFER
TXN202500243,u_456,u_234,195.0,2028-12-30 13:45:00,ACC6789,TRANSFER,TRANSACTION,transcation data .csv,Transaction ID: TXN202500243 | Sender: u_456 | Receiver: u_234 | Account: ACC6789 | Amount: 195.0 | Date: 2028-12-30 13:45:00 | Transaction Type: TRANSFER
TXN202500244,u_901,u_789,5600.0,2029-01-05 10:10:00,ACC4567,TRANSFER,TRANSACTION,transcation data .csv,Transaction ID: TXN202500244 | Sender: u_901 | Receiver: u_789 | Account: ACC4567 | Amount: 5600.0 | Date: 2029-01-05 10:10:00 | Transaction Type: TRANSFER
TXN202500245,u_678,u_901,4250.0,2029-01-11 16:35:00,ACC2341,TRANSFER,TRANSACTION,transcation data .csv,Transaction ID: TXN202500245 | Sender: u_678 | Receiver: u_901 | Account: ACC2341 | Amount: 4250.0 | Date: 2029-01-11 16:35:00 | Transaction Type: TRANSFER
TXN202500246,u_234,u_567,150.0,2029-01-17 22:00:00,ACC7891,TRANSFER,TRANSACTION,transcation data .csv,Transaction ID: TXN202500246 | Sender: u_234 | Receiver: u_567 | Account: ACC7891 | Amount: 150.0 | Date: 2029-01-17 22:00:00 | Transaction Type: TRANSFER
TXN202500247,u_123,u_890,6800.0,2029-01-23 14:25:00,ACC5672,TRANSFER,TRANSACTION,transcation data .csv,Transaction ID: TXN202500247 | Sender: u_123 | Receiver: u_890 | Account: ACC5672 | Amount: 6800.0 | Date: 2029-01-23 14:25:00 | Transaction Type: TRANSFER
TXN202500248,u_567,u_678,370.0,2029-01-29 09:50:00,ACC3457,TRANSFER,TRANSACTION,transcation data .csv,Transaction ID: TXN202500248 | Sender: u_567 | Receiver: u_678 | Account: ACC3457 | Amount: 370.0 | Date: 2029-01-29 09:50:00 | Transaction Type: TRANSFER
TXN202500249,u_901,u_123,950.0,2029-02-04 18:15:00,ACC9013,TRANSFER,TRANSACTION,transcation data .csv,Transaction ID: TXN202500249 | Sender: u_901 | Receiver: u_123 | Account: ACC9013 | Amount: 950.0 | Date: 2029-02-04 18:15:00 | Transaction Type: TRANSFER
TXN202500250,u_456,u_234,2100.0,2029-02-10 11:40:00,ACC4562,TRANSFER,TRANSACTION,transcation data .csv,Transaction ID: TXN202500250 | Sender: u_456 | Receiver: u_234 | Account: ACC4562 | Amount: 2100.0 | Date: 2029-02-10 11:40:00 | Transaction Type: TRANSFER
TXN202500251,u_789,u_901,850.0,2029-02-16 20:05:00,ACC2349,TRANSFER,TRANSACTION,transcation data .csv,Transaction ID: TXN202500251 | Sender: u_789 | Receiver: u_901 | Account: ACC2349 | Amount: 850.0 | Date: 2029-02-16 20:05:00 | Transaction Type: TRANSFER
TXN202500252,u_678,u_456,490.0,2029-02-22 15:30:00,ACC7898,TRANSFER,TRANSACTION,transcation data .csv,Transaction ID: TXN202500252 | Sender: u_678 | Receiver: u_456 | Account: ACC7898 | Amount: 490.0 | Date: 2029-02-22 15:30:00 | Transaction Type: TRANSFER
TXN202500253,u_123,u_234,11750.0,2029-02-28 08:55:00,ACC5676,TRANSFER,TRANSACTION,transcation data .csv,Transaction ID: TXN202500253 | Sender: u_123 | Receiver: u_234 | Account: ACC5676 | Amount: 11750.0 | Date: 2029-02-28 08:55:00 | Transaction Type: TRANSFER
TXN202500254,u_890,u_789,325.0,2029-03-06 19:20:00,ACC3455,TRANSFER,TRANSACTION,transcation data .csv,Transaction ID: TXN202500254 | Sender: u_890 | Receiver: u_789 | Account: ACC3455 | Amount: 325.0 | Date: 2029-03-06 19:20:00 | Transaction Type: TRANSFER
TXN202500255,u_567,u_123,870.0,2029-03-12 12:45:00,ACC9016,TRANSFER,TRANSACTION,transcation data .csv,Transaction ID: TXN202500255 | Sender: u_567 | Receiver: u_123 | Account: ACC9016 | Amount: 870.0 | Date: 2029-03-12 12:45:00 | Transaction Type: TRANSFER
TXN202500256,u_901,u_456,9400.0,2029-03-18 17:10:00,ACC6789,TRANSFER,TRANSACTION,transcation data .csv,Transaction ID: TXN202500256 | Sender: u_901 | Receiver: u_456 | Account: ACC6789 | Amount: 9400.0 | Date: 2029-03-18 17:10:00 | Transaction Type: TRANSFER
TXN202500257,u_234,u_678,215.0,2029-03-24 09:35:00,ACC4561,TRANSFER,TRANSACTION,transcation data .csv,Transaction ID: TXN202500257 | Sender: u_234 | Receiver: u_678 | Account: ACC4561 | Amount: 215.0 | Date: 2029-03-24 09:35:00 | Transaction Type: TRANSFER
TXN202500258,u_678,u_123,760.0,2029-03-30 21:00:00,ACC2346,TRANSFER,TRANSACTION,transcation data .csv,Transaction ID: TXN202500258 | Sender: u_678 | Receiver: u_123 | Account: ACC2346 | Amount: 760.0 | Date: 2029-03-30 21:00:00 | Transaction Type: TRANSFER
TXN202500259,u_456,u_789,3100.0,2029-04-05 14:25:00,ACC7894,TRANSFER,TRANSACTION,transcation data .csv,Transaction ID: TXN202500259 | Sender: u_456 | Receiver: u_789 | Account: ACC7894 | Amount: 3100.0 | Date: 2029-04-05 14:25:00 | Transaction Type: TRANSFER
TXN202500260,u_890,u_234,430.0,2029-04-11 10:50:00,ACC5674,TRANSFER,TRANSACTION,transcation data .csv,Transaction ID: TXN202500260 | Sender: u_890 | Receiver: u_234 | Account: ACC5674 | Amount: 430.0 | Date: 2029-04-11 10:50:00 | Transaction Type: TRANSFER
TXN202500261,u_123,u_901,1250.0,2029-04-17 18:15:00,ACC3452,TRANSFER,TRANSACTION,transcation data .csv,Transaction ID: TXN202500261 | Sender: u_123 | Receiver: u_901 | Account: ACC3452 | Amount: 1250.0 | Date: 2029-04-17 18:15:00 | Transaction Type: TRANSFER
TXN202500262,u_567,u_456,5800.0,2029-04-23 12:40:00,ACC9017,TRANSFER,TRANSACTION,transcation data .csv,Transaction ID: TXN202500262 | Sender: u_567 | Receiver: u_456 | Account: ACC9017 | Amount: 5800.0 | Date: 2029-04-23 12:40:00 | Transaction Type: TRANSFER
TXN202500263,u_789,u_234,920.0,2029-04-29 20:05:00,ACC6787,TRANSFER,TRANSACTION,transcation data .csv,Transaction ID: TXN202500263 | Sender: u_789 | Receiver: u_234 | Account: ACC6787 | Amount: 920.0 | Date: 2029-04-29 20:05:00 | Transaction Type: TRANSFER
TXN202500264,u_901,u_678,3700.0,2029-05-05 15:30:00,ACC4563,TRANSFER,TRANSACTION,transcation data .csv,Transaction ID: TXN202500264 | Sender: u_901 | Receiver: u_678 | Account: ACC4563 | Amount: 3700.0 | Date: 2029-05-05 15:30:00 | Transaction Type: TRANSFER
TXN202500265,u_456,u_123,165.0,2029-05-11 08:55:00,ACC2345,TRANSFER,TRANSACTION,transcation data .csv,Transaction ID: TXN202500265 | Sender: u_456 | Receiver: u_123 | Account: ACC2345 | Amount: 165.0 | Date: 2029-05-11 08:55:00 | Transaction Type: TRANSFER
TXN202500266,u_234,u_789,6100.0,2029-05-17 19:20:00,ACC7890,TRANSFER,TRANSACTION,transcation data .csv,Transaction ID: TXN202500266 | Sender: u_234 | Receiver: u_789 | Account: ACC7890 | Amount: 6100.0 | Date: 2029-05-17 19:20:00 | Transaction Type: TRANSFER
TXN202500267,u_678,u_456,280.0,2029-05-23 13:45:00,ACC5679,TRANSFER,TRANSACTION,transcation data .csv,Transaction ID: TXN202500267 | Sender: u_678 | Receiver: u_456 | Account: ACC5679 | Amount: 280.0 | Date: 2029-05-23 13:45:00 | Transaction Type: TRANSFER
TXN202500268,u_890,u_123,14300.0,2029-05-29 10:10:00,ACC3458,TRANSFER,TRANSACTION,transcation data .csv,Transaction ID: TXN202500268 | Sender: u_890 | Receiver: u_123 | Account: ACC3458 | Amount: 14300.0 | Date: 2029-05-29 10:10:00 | Transaction Type: TRANSFER
TXN202500269,u_901,u_567,740.0,2029-06-04 16:35:00,ACC9018,TRANSFER,TRANSACTION,transcation data .csv,Transaction ID: TXN202500269 | Sender: u_901 | Receiver: u_567 | Account: ACC9018 | Amount: 740.0 | Date: 2029-06-04 16:35:00 | Transaction Type: TRANSFER
TXN202500270,u_123,u_678,4900.0,2029-06-10 22:00:00,ACC6789,TRANSFER,TRANSACTION,transcation data .csv,Transaction ID: TXN202500270 | Sender: u_123 | Receiver: u_678 | Account: ACC6789 | Amount: 4900.0 | Date: 2029-06-10 22:00:00 | Transaction Type: TRANSFER
TXN202500271,u_456,u_901,390.0,2029-06-16 14:25:00,ACC4567,TRANSFER,TRANSACTION,transcation data .csv,Transaction ID: TXN202500271 | Sender: u_456 | Receiver: u_901 | Account: ACC4567 | Amount: 390.0 | Date: 2029-06-16 14:25:00 | Transaction Type: TRANSFER
TXN202500272,u_567,u_123,8250.0,2029-06-22 09:50:00,ACC2341,TRANSFER,TRANSACTION,transcation data .csv,Transaction ID: TXN202500272 | Sender: u_567 | Receiver: u_123 | Account: ACC2341 | Amount: 8250.0 | Date: 2029-06-22 09:50:00 | Transaction Type: TRANSFER
TXN202500273,u_789,u_234,210.0,2029-06-28 18:15:00,ACC7891,TRANSFER,TRANSACTION,transcation data .csv,Transaction ID: TXN202500273 | Sender: u_789 | Receiver: u_234 | Account: ACC7891 | Amount: 210.0 | Date: 2029-06-28 18:15:00 | Transaction Type: TRANSFER
TXN202500274,u_678,u_890,5300.0,2029-07-04 11:40:00,ACC5672,TRANSFER,TRANSACTION,transcation data .csv,Transaction ID: TXN202500274 | Sender: u_678 | Receiver: u_890 | Account: ACC5672 | Amount: 5300.0 | Date: 2029-07-04 11:40:00 | Transaction Type: TRANSFER
TXN202500275,u_901,u_456,180.0,2029-07-10 20:05:00,ACC3457,TRANSFER,TRANSACTION,transcation data .csv,Transaction ID: TXN202500275 | Sender: u_901 | Receiver: u_456 | Account: ACC3457 | Amount: 180.0 | Date: 2029-07-10 20:05:00 | Transaction Type: TRANSFER
TXN202500276,u_234,u_123,7150.0,2029-07-16 15:30:00,ACC9013,TRANSFER,TRANSACTION,transcation data .csv,Transaction ID: TXN202500276 | Sender: u_234 | Receiver: u_123 | Account: ACC9013 | Amount: 7150.0 | Date: 2029-07-16 15:30:00 | Transaction Type: TRANSFER
TXN202500277,u_456,u_789,485.0,2029-07-22 08:55:00,ACC4562,TRANSFER,TRANSACTION,transcation data .csv,Transaction ID: TXN202500277 | Sender: u_456 | Receiver: u_789 | Account: ACC4562 | Amount: 485.0 | Date: 2029-07-22 08:55:00 | Transaction Type: TRANSFER
TXN202500278,u_890,u_678,940.0,2029-07-28 19:20:00,ACC2349,TRANSFER,TRANSACTION,transcation data .csv,Transaction ID: TXN202500278 | Sender: u_890 | Receiver: u_678 | Account: ACC2349 | Amount: 940.0 | Date: 2029-07-28 19:20:00 | Transaction Type: TRANSFER
TXN202500279,u_123,u_234,2700.0,2029-08-03 12:45:00,ACC7898,TRANSFER,TRANSACTION,transcation data .csv,Transaction ID: TXN202500279 | Sender: u_123 | Receiver: u_234 | Account: ACC7898 | Amount: 2700.0 | Date: 2029-08-03 12:45:00 | Transaction Type: TRANSFER
TXN202500280,u_567,u_901,620.0,2029-08-09 17:10:00,ACC5676,TRANSFER,TRANSACTION,transcation data .csv,Transaction ID: TXN202500280 | Sender: u_567 | Receiver: u_901 | Account: ACC5676 | Amount: 620.0 | Date: 2029-08-09 17:10:00 | Transaction Type: TRANSFER
TXN202500281,u_789,u_456,4200.0,2029-08-15 09:35:00,ACC3455,TRANSFER,TRANSACTION,transcation data .csv,Transaction ID: TXN202500281 | Sender: u_789 | Receiver: u_456 | Account: ACC3455 | Amount: 4200.0 | Date: 2029-08-15 09:35:00 | Transaction Type: TRANSFER
TXN202500282,u_678,u_123,115.0,2029-08-21 21:00:00,ACC9016,TRANSFER,TRANSACTION,transcation data .csv,Transaction ID: TXN202500282 | Sender: u_678 | Receiver: u_123 | Account: ACC9016 | Amount: 115.0 | Date: 2029-08-21 21:00:00 | Transaction Type: TRANSFER
TXN202500283,u_901,u_234,8900.0,2029-08-27 14:25:00,ACC6789,TRANSFER,TRANSACTION,transcation data .csv,Transaction ID: TXN202500283 | Sender: u_901 | Receiver: u_234 | Account: ACC6789 | Amount: 8900.0 | Date: 2029-08-27 14:25:00 | Transaction Type: TRANSFER
TXN202500284,u_456,u_567,360.0,2029-09-02 10:50:00,ACC4561,TRANSFER,TRANSACTION,transcation data .csv,Transaction ID: TXN202500284 | Sender: u_456 | Receiver: u_567 | Account: ACC4561 | Amount: 360.0 | Date: 2029-09-02 10:50:00 | Transaction Type: TRANSFER
TXN202500285,u_123,u_789,2850.0,2029-09-08 18:15:00,ACC2346,TRANSFER,TRANSACTION,transcation data .csv,Transaction ID: TXN202500285 | Sender: u_123 | Receiver: u_789 | Account: ACC2346 | Amount: 2850.0 | Date: 2029-09-08 18:15:00 | Transaction Type: TRANSFER
TXN202500286,u_567,u_678,740.0,2029-09-14 12:40:00,ACC7894,TRANSFER,TRANSACTION,transcation data .csv,Transaction ID: TXN202500286 | Sender: u_567 | Receiver: u_678 | Account: ACC7894 | Amount: 740.0 | Date: 2029-09-14 12:40:00 | Transaction Type: TRANSFER
TXN202500287,u_890,u_234,600.0,2029-09-20 20:05:00,ACC5674,TRANSFER,TRANSACTION,transcation data .csv,Transaction ID: TXN202500287 | Sender: u_890 | Receiver: u_234 | Account: ACC5674 | Amount: 600.0 | Date: 2029-09-20 20:05:00 | Transaction Type: TRANSFER
TXN202500288,u_456,u_901,4500.0,2029-09-26 15:30:00,ACC3452,TRANSFER,TRANSACTION,transcation data .csv,Transaction ID: TXN202500288 | Sender: u_456 | Receiver: u_901 | Account: ACC3452 | Amount: 4500.0 | Date: 2029-09-26 15:30:00 | Transaction Type: TRANSFER
TXN202500289,u_678,u_123,210.0,2029-10-02 08:55:00,ACC9017,TRANSFER,TRANSACTION,transcation data .csv,Transaction ID: TXN202500289 | Sender: u_678 | Receiver: u_123 | Account: ACC9017 | Amount: 210.0 | Date: 2029-10-02 08:55:00 | Transaction Type: TRANSFER
TXN202500290,u_901,u_567,810.0,2029-10-08 19:20:00,ACC6787,TRANSFER,TRANSACTION,transcation data .csv,Transaction ID: TXN202500290 | Sender: u_901 | Receiver: u_567 | Account: ACC6787 | Amount: 810.0 | Date: 2029-10-08 19:20:00 | Transaction Type: TRANSFER
TXN202500291,u_234,u_456,12800.0,2029-10-14 13:45:00,ACC4563,TRANSFER,TRANSACTION,transcation data .csv,Transaction ID: TXN202500291 | Sender: u_234 | Receiver: u_456 | Account: ACC4563 | Amount: 12800.0 | Date: 2029-10-14 13:45:00 | Transaction Type: TRANSFER
TXN202500292,u_789,u_890,175.0,2029-10-20 10:10:00,ACC2345,TRANSFER,TRANSACTION,transcation data .csv,Transaction ID: TXN202500292 | Sender: u_789 | Receiver: u_890 | Account: ACC2345 | Amount: 175.0 | Date: 2029-10-20 10:10:00 | Transaction Type: TRANSFER
TXN202500293,u_123,u_901,3700.0,2029-10-26 16:35:00,ACC7890,TRANSFER,TRANSACTION,transcation data .csv,Transaction ID: TXN202500293 | Sender: u_123 | Receiver: u_901 | Account: ACC7890 | Amount: 3700.0 | Date: 2029-10-26 16:35:00 | Transaction Type: TRANSFER
TXN202500294,u_456,u_234,930.0,2029-11-01 22:00:00,ACC5679,TRANSFER,TRANSACTION,transcation data .csv,Transaction ID: TXN202500294 | Sender: u_456 | Receiver: u_234 | Account: ACC5679 | Amount: 930.0 | Date: 2029-11-01 22:00:00 | Transaction Type: TRANSFER
TXN202500295,u_678,u_123,5600.0,2029-11-07 14:25:00,ACC3458,TRANSFER,TRANSACTION,transcation data .csv,Transaction ID: TXN202500295 | Sender: u_678 | Receiver: u_123 | Account: ACC3458 | Amount: 5600.0 | Date: 2029-11-07 14:25:00 | Transaction Type: TRANSFER
TXN202500296,u_901,u_789,480.0,2029-11-13 09:50:00,ACC9018,TRANSFER,TRANSACTION,transcation data .csv,Transaction ID: TXN202500296 | Sender: u_901 | Receiver: u_789 | Account: ACC9018 | Amount: 480.0 | Date: 2029-11-13 09:50:00 | Transaction Type: TRANSFER
TXN202500297,u_234,u_567,2500.0,2029-11-19 18:15:00,ACC6789,TRANSFER,TRANSACTION,transcation data .csv,Transaction ID: TXN202500297 | Sender: u_234 | Receiver: u_567 | Account: ACC6789 | Amount: 2500.0 | Date: 2029-11-19 18:15:00 | Transaction Type: TRANSFER
TXN202500298,u_567,u_890,850.0,2029-11-25 11:40:00,ACC4567,TRANSFER,TRANSACTION,transcation data .csv,Transaction ID: TXN202500298 | Sender: u_567 | Receiver: u_890 | Account: ACC4567 | Amount: 850.0 | Date: 2029-11-25 11:40:00 | Transaction Type: TRANSFER
TXN202500299,u_678,u_123,7200.0,2029-12-01 20:05:00,ACC2341,TRANSFER,TRANSACTION,transcation data .csv,Transaction ID: TXN202500299 | Sender: u_678 | Receiver: u_123 | Account: ACC2341 | Amount: 7200.0 | Date: 2029-12-01 20:05:00 | Transaction Type: TRANSFER
TXN202500300,u_901,u_456,1250.0,2029-12-07 15:30:00,ACC7891,TRANSFER,TRANSACTION,transcation data .csv,Transaction ID: TXN202500300 | Sender: u_901 | Receiver: u_456 | Account: ACC7891 | Amount: 1250.0 | Date: 2029-12-07 15:30:00 | Transaction Type: TRANSFER
TXN202500301,u_123,u_789,510.0,2029-12-13 08:55:00,ACC5672,TRANSFER,TRANSACTION,transcation data .csv,Transaction ID: TXN202500301 | Sender: u_123 | Receiver: u_789 | Account: ACC5672 | Amount: 510.0 | Date: 2029-12-13 08:55:00 | Transaction Type: TRANSFER
TXN202500302,u_456,u_234,13400.0,2029-12-19 19:20:00,ACC3457,TRANSFER,TRANSACTION,transcation data .csv,Transaction ID: TXN202500302 | Sender: u_456 | Receiver: u_234 | Account: ACC3457 | Amount: 13400.0 | Date: 2029-12-19 19:20:00 | Transaction Type: TRANSFER
TXN202500303,u_678,u_901,275.0,2029-12-25 12:45:00,ACC9013,TRANSFER,TRANSACTION,transcation data .csv,Transaction ID: TXN202500303 | Sender: u_678 | Receiver: u_901 | Account: ACC9013 | Amount: 275.0 | Date: 2029-12-25 12:45:00 | Transaction Type: TRANSFER
TXN202500304,u_234,u_567,8200.0,2029-12-31 17:10:00,ACC4562,TRANSFER,TRANSACTION,transcation data .csv,Transaction ID: TXN202500304 | Sender: u_234 | Receiver: u_567 | Account: ACC4562 | Amount: 8200.0 | Date: 2029-12-31 17:10:00 | Transaction Type: TRANSFER
TXN202500305,u_789,u_123,160.0,2030-01-06 09:35:00,ACC2349,TRANSFER,TRANSACTION,transcation data .csv,Transaction ID: TXN202500305 | Sender: u_789 | Receiver: u_123 | Account: ACC2349 | Amount: 160.0 | Date: 2030-01-06 09:35:00 | Transaction Type: TRANSFER
TXN202500306,u_901,u_678,4300.0,2030-01-12 21:00:00,ACC7898,TRANSFER,TRANSACTION,transcation data .csv,Transaction ID: TXN202500306 | Sender: u_901 | Receiver: u_678 | Account: ACC7898 | Amount: 4300.0 | Date: 2030-01-12 21:00:00 | Transaction Type: TRANSFER
TXN202500307,u_123,u_234,50.0,2030-01-18 14:25:00,ACC5676,TRANSFER,TRANSACTION,transcation data .csv,Transaction ID: TXN202500307 | Sender: u_123 | Receiver: u_234 | Account: ACC5676 | Amount: 50.0 | Date: 2030-01-18 14:25:00 | Transaction Type: TRANSFER
TXN202500308,u_456,u_789,11250.0,2030-01-24 10:50:00,ACC3455,TRANSFER,TRANSACTION,transcation data .csv,Transaction ID: TXN202500308 | Sender: u_456 | Receiver: u_789 | Account: ACC3455 | Amount: 11250.0 | Date: 2030-01-24 10:50:00 | Transaction Type: TRANSFER
TXN202500309,u_567,u_901,320.0,2030-01-30 18:15:00,ACC9016,TRANSFER,TRANSACTION,transcation data .csv,Transaction ID: TXN202500309 | Sender: u_567 | Receiver: u_901 | Account: ACC9016 | Amount: 320.0 | Date: 2030-01-30 18:15:00 | Transaction Type: TRANSFER
TXN202500310,u_890,u_123,7600.0,2030-02-05 12:40:00,ACC6789,TRANSFER,TRANSACTION,transcation data .csv,Transaction ID: TXN202500310 | Sender: u_890 | Receiver: u_123 | Account: ACC6789 | Amount: 7600.0 | Date: 2030-02-05 12:40:00 | Transaction Type: TRANSFER
TXN202500311,u_234,u_456,215.0,2030-02-11 20:05:00,ACC4561,TRANSFER,TRANSACTION,transcation data .csv,Transaction ID: TXN202500311 | Sender: u_234 | Receiver: u_456 | Account: ACC4561 | Amount: 215.0 | Date: 2030-02-11 20:05:00 | Transaction Type: TRANSFER
TXN202500312,u_678,u_123,940.0,2030-02-17 15:30:00,ACC2346,TRANSFER,TRANSACTION,transcation data .csv,Transaction ID: TXN202500312 | Sender: u_678 | Receiver: u_123 | Account: ACC2346 | Amount: 940.0 | Date: 2030-02-17 15:30:00 | Transaction Type: TRANSFER
TXN202500313,u_901,u_789,15500.0,2030-02-23 08:55:00,ACC7894,TRANSFER,TRANSACTION,transcation data .csv,Transaction ID: TXN202500313 | Sender: u_901 | Receiver: u_789 | Account: ACC7894 | Amount: 15500.0 | Date: 2030-02-23 08:55:00 | Transaction Type: TRANSFER
TXN202500314,u_456,u_234,380.0,2030-03-01 19:20:00,ACC5674,TRANSFER,TRANSACTION,transcation data .csv,Transaction ID: TXN202500314 | Sender: u_456 | Receiver: u_234 | Account: ACC5674 | Amount: 380.0 | Date: 2030-03-01 19:20:00 | Transaction Type: TRANSFER
TXN202500315,u_123,u_678,4800.0,2030-03-07 13:45:00,ACC3452,TRANSFER,TRANSACTION,transcation data .csv,Transaction ID: TXN202500315 | Sender: u_123 | Receiver: u_678 | Account: ACC3452 | Amount: 4800.0 | Date: 2030-03-07 13:45:00 | Transaction Type: TRANSFER
TXN202500316,u_789,u_901,210.0,2030-03-13 10:10:00,ACC9017,TRANSFER,TRANSACTION,transcation data .csv,Transaction ID: TXN202500316 | Sender: u_789 | Receiver: u_901 | Account: ACC9017 | Amount: 210.0 | Date: 2030-03-13 10:10:00 | Transaction Type: TRANSFER
TXN202500317,u_567,u_456,6250.0,2030-03-19 16:35:00,ACC6787,TRANSFER,TRANSACTION,transcation data .csv,Transaction ID: TXN202500317 | Sender: u_567 | Receiver: u_456 | Account: ACC6787 | Amount: 6250.0 | Date: 2030-03-19 16:35:00 | Transaction Type: TRANSFER
TXN202500318,u_234,u_123,94.0,2030-03-25 22:00:00,ACC4563,TRANSFER,TRANSACTION,transcation data .csv,Transaction ID: TXN202500318 | Sender: u_234 | Receiver: u_123 | Account: ACC4563 | Amount: 94.0 | Date: 2030-03-25 22:00:00 | Transaction Type: TRANSFER
TXN202500319,u_901,u_789,2700.0,2030-03-31 14:25:00,ACC2345,TRANSFER,TRANSACTION,transcation data .csv,Transaction ID: TXN202500319 | Sender: u_901 | Receiver: u_789 | Account: ACC2345 | Amount: 2700.0 | Date: 2030-03-31 14:25:00 | Transaction Type: TRANSFER
TXN202500320,u_678,u_234,780.0,2030-04-06 09:50:00,ACC7890,TRANSFER,TRANSACTION,transcation data .csv,Transaction ID: TXN202500320 | Sender: u_678 | Receiver: u_234 | Account: ACC7890 | Amount: 780.0 | Date: 2030-04-06 09:50:00 | Transaction Type: TRANSFER
TXN202500321,u_123,u_456,5400.0,2030-04-12 18:15:00,ACC5679,TRANSFER,TRANSACTION,transcation data .csv,Transaction ID: TXN202500321 | Sender: u_123 | Receiver: u_456 | Account: ACC5679 | Amount: 5400.0 | Date: 2030-04-12 18:15:00 | Transaction Type: TRANSFER
TXN202500322,u_890,u_901,425.0,2030-04-18 11:40:00,ACC3458,TRANSFER,TRANSACTION,transcation data .csv,Transaction ID: TXN202500322 | Sender: u_890 | Receiver: u_901 | Account: ACC3458 | Amount: 425.0 | Date: 2030-04-18 11:40:00 | Transaction Type: TRANSFER
TXN202500323,u_456,u_678,3200.0,2030-04-24 20:05:00,ACC9018,TRANSFER,TRANSACTION,transcation data .csv,Transaction ID: TXN202500323 | Sender: u_456 | Receiver: u_678 | Account: ACC9018 | Amount: 3200.0 | Date: 2030-04-24 20:05:00 | Transaction Type: TRANSFER
TXN202500324,u_567,u_123,180.0,2030-04-30 15:30:00,ACC6789,TRANSFER,TRANSACTION,transcation data .csv,Transaction ID: TXN202500324 | Sender: u_567 | Receiver: u_123 | Account: ACC6789 | Amount: 180.0 | Date: 2030-04-30 15:30:00 | Transaction Type: TRANSFER
TXN202500325,u_901,u_234,6900.0,2030-05-06 08:55:00,ACC4567,TRANSFER,TRANSACTION,transcation data .csv,Transaction ID: TXN202500325 | Sender: u_901 | Receiver: u_234 | Account: ACC4567 | Amount: 6900.0 | Date: 2030-05-06 08:55:00 | Transaction Type: TRANSFER
TXN202500326,u_789,u_678,750.0,2030-05-12 19:20:00,ACC2341,TRANSFER,TRANSACTION,transcation data .csv,Transaction ID: TXN202500326 | Sender: u_789 | Receiver: u_678 | Account: ACC2341 | Amount: 750.0 | Date: 2030-05-12 19:20:00 | Transaction Type: TRANSFER
TXN202500327,u_123,u_456,8150.0,2030-05-18 13:45:00,ACC7891,TRANSFER,TRANSACTION,transcation data .csv,Transaction ID: TXN202500327 | Sender: u_123 | Receiver: u_456 | Account: ACC7891 | Amount: 8150.0 | Date: 2030-05-18 13:45:00 | Transaction Type: TRANSFER
TXN202500328,u_234,u_901,95.0,2030-05-24 10:10:00,ACC5672,TRANSFER,TRANSACTION,transcation data .csv,Transaction ID: TXN202500328 | Sender: u_234 | Receiver: u_901 | Account: ACC5672 | Amount: 95.0 | Date: 2030-05-24 10:10:00 | Transaction Type: TRANSFER
TXN202500329,u_678,u_123,1750.0,2030-05-30 16:35:00,ACC3457,TRANSFER,TRANSACTION,transcation data .csv,Transaction ID: TXN202500329 | Sender: u_678 | Receiver: u_123 | Account: ACC3457 | Amount: 1750.0 | Date: 2030-05-30 16:35:00 | Transaction Type: TRANSFER
TXN202500330,u_456,u_789,3620.0,2030-06-05 22:00:00,ACC9013,TRANSFER,TRANSACTION,transcation data .csv,Transaction ID: TXN202500330 | Sender: u_456 | Receiver: u_789 | Account: ACC9013 | Amount: 3620.0 | Date: 2030-06-05 22:00:00 | Transaction Type: TRANSFER
TXN202500331,u_901,u_567,1280.0,2030-06-11 14:25:00,ACC4562,TRANSFER,TRANSACTION,transcation data .csv,Transaction ID: TXN202500331 | Sender: u_901 | Receiver: u_567 | Account: ACC4562 | Amount: 1280.0 | Date: 2030-06-11 14:25:00 | Transaction Type: TRANSFER
TXN202500332,u_123,u_234,500.0,2030-06-17 09:50:00,ACC2349,TRANSFER,TRANSACTION,transcation data .csv,Transaction ID: TXN202500332 | Sender: u_123 | Receiver: u_234 | Account: ACC2349 | Amount: 500.0 | Date: 2030-06-17 09:50:00 | Transaction Type: TRANSFER
TXN202500333,u_567,u_678,2400.0,2030-06-23 18:15:00,ACC7898,TRANSFER,TRANSACTION,transcation data .csv,Transaction ID: TXN202500333 | Sender: u_567 | Receiver: u_678 | Account: ACC7898 | Amount: 2400.0 | Date: 2030-06-23 18:15:00 | Transaction Type: TRANSFER
TXN202500334,u_890,u_456,580.0,2030-06-29 11:40:00,ACC5676,TRANSFER,TRANSACTION,transcation data .csv,Transaction ID: TXN202500334 | Sender: u_890 | Receiver: u_456 | Account: ACC5676 | Amount: 580.0 | Date: 2030-06-29 11:40:00 | Transaction Type: TRANSFER
TXN202500335,u_234,u_123,820.0,2030-07-05 20:05:00,ACC3455,TRANSFER,TRANSACTION,transcation data .csv,Transaction ID: TXN202500335 | Sender: u_234 | Receiver: u_123 | Account: ACC3455 | Amount: 820.0 | Date: 2030-07-05 20:05:00 | Transaction Type: TRANSFER
TXN202500336,u_678,u_789,14500.0,2030-07-11 15:30:00,ACC9016,TRANSFER,TRANSACTION,transcation data .csv,Transaction ID: TXN202500336 | Sender: u_678 | Receiver: u_789 | Account: ACC9016 | Amount: 14500.0 | Date: 2030-07-11 15:30:00 | Transaction Type: TRANSFER
TXN202500337,u_901,u_456,260.0,2030-07-17 08:55:00,ACC6789,TRANSFER,TRANSACTION,transcation data .csv,Transaction ID: TXN202500337 | Sender: u_901 | Receiver: u_456 | Account: ACC6789 | Amount: 260.0 | Date: 2030-07-17 08:55:00 | Transaction Type: TRANSFER
TXN202500338,u_123,u_234,7300.0,2030-07-23 19:20:00,ACC4561,TRANSFER,TRANSACTION,transcation data .csv,Transaction ID: TXN202500338 | Sender: u_123 | Receiver: u_234 | Account: ACC4561 | Amount: 7300.0 | Date: 2030-07-23 19:20:00 | Transaction Type: TRANSFER
TXN202500339,u_567,u_890,195.0,2030-07-29 13:45:00,ACC2346,TRANSFER,TRANSACTION,transcation data .csv,Transaction ID: TXN202500339 | Sender: u_567 | Receiver: u_890 | Account: ACC2346 | Amount: 195.0 | Date: 2030-07-29 13:45:00 | Transaction Type: TRANSFER
TXN202500340,u_456,u_678,5600.0,2030-08-04 10:10:00,ACC7894,TRANSFER,TRANSACTION,transcation data .csv,Transaction ID: TXN202500340 | Sender: u_456 | Receiver: u_678 | Account: ACC7894 | Amount: 5600.0 | Date: 2030-08-04 10:10:00 | Transaction Type: TRANSFER
TXN202500341,u_234,u_901,4250.0,2030-08-10 16:35:00,ACC5674,TRANSFER,TRANSACTION,transcation data .csv,Transaction ID: TXN202500341 | Sender: u_234 | Receiver: u_901 | Account: ACC5674 | Amount: 4250.0 | Date: 2030-08-10 16:35:00 | Transaction Type: TRANSFER
TXN202500342,u_789,u_123,150.0,2030-08-16 22:00:00,ACC3452,TRANSFER,TRANSACTION,transcation data .csv,Transaction ID: TXN202500342 | Sender: u_789 | Receiver: u_123 | Account: ACC3452 | Amount: 150.0 | Date: 2030-08-16 22:00:00 | Transaction Type: TRANSFER
TXN202500343,u_901,u_567,6800.0,2030-08-22 14:25:00,ACC9017,TRANSFER,TRANSACTION,transcation data .csv,Transaction ID: TXN202500343 | Sender: u_901 | Receiver: u_567 | Account: ACC9017 | Amount: 6800.0 | Date: 2030-08-22 14:25:00 | Transaction Type: TRANSFER
TXN202500344,u_456,u_234,370.0,2030-08-28 09:50:00,ACC6787,TRANSFER,TRANSACTION,transcation data .csv,Transaction ID: TXN202500344 | Sender: u_456 | Receiver: u_234 | Account: ACC6787 | Amount: 370.0 | Date: 2030-08-28 09:50:00 | Transaction Type: TRANSFER
TXN202500345,u_123,u_678,950.0,2030-09-03 18:15:00,ACC4563,TRANSFER,TRANSACTION,transcation data .csv,Transaction ID: TXN202500345 | Sender: u_123 | Receiver: u_678 | Account: ACC4563 | Amount: 950.0 | Date: 2030-09-03 18:15:00 | Transaction Type: TRANSFER
TXN202500346,u_678,u_901,2100.0,2030-09-09 11:40:00,ACC2345,TRANSFER,TRANSACTION,transcation data .csv,Transaction ID: TXN202500346 | Sender: u_678 | Receiver: u_901 | Account: ACC2345 | Amount: 2100.0 | Date: 2030-09-09 11:40:00 | Transaction Type: TRANSFER
TXN202500347,u_890,u_456,850.0,2030-09-15 20:05:00,ACC7890,TRANSFER,TRANSACTION,transcation data .csv,Transaction ID: TXN202500347 | Sender: u_890 | Receiver: u_456 | Account: ACC7890 | Amount: 850.0 | Date: 2030-09-15 20:05:00 | Transaction Type: TRANSFER
TXN202500348,u_234,u_123,490.0,2030-09-21 15:30:00,ACC5679,TRANSFER,TRANSACTION,transcation data .csv,Transaction ID: TXN202500348 | Sender: u_234 | Receiver: u_123 | Account: ACC5679 | Amount: 490.0 | Date: 2030-09-21 15:30:00 | Transaction Type: TRANSFER
TXN202500349,u_567,u_789,11750.0,2030-09-27 08:55:00,ACC3458,TRANSFER,TRANSACTION,transcation data .csv,Transaction ID: TXN202500349 | Sender: u_567 | Receiver: u_789 | Account: ACC3458 | Amount: 11750.0 | Date: 2030-09-27 08:55:00 | Transaction Type: TRANSFER
TXN202500350,u_901,u_678,325.0,2030-10-03 19:20:00,ACC9018,TRANSFER,TRANSACTION,transcation data .csv,Transaction ID: TXN202500350 | Sender: u_901 | Receiver: u_678 | Account: ACC9018 | Amount: 325.0 | Date: 2030-10-03 19:20:00 | Transaction Type: TRANSFER
TXN202500351,u_456,u_123,870.0,2030-10-09 13:45:00,ACC6789,TRANSFER,TRANSACTION,transcation data .csv,Transaction ID: TXN202500351 | Sender: u_456 | Receiver: u_123 | Account: ACC6789 | Amount: 870.0 | Date: 2030-10-09 13:45:00 | Transaction Type: TRANSFER
TXN202500352,u_123,u_901,9400.0,2030-10-15 10:10:00,ACC4567,TRANSFER,TRANSACTION,transcation data .csv,Transaction ID: TXN202500352 | Sender: u_123 | Receiver: u_901 | Account: ACC4567 | Amount: 9400.0 | Date: 2030-10-15 10:10:00 | Transaction Type: TRANSFER
TXN202500353,u_678,u_234,215.0,2030-10-21 16:35:00,ACC2341,TRANSFER,TRANSACTION,transcation data .csv,Transaction ID: TXN202500353 | Sender: u_678 | Receiver: u_234 | Account: ACC2341 | Amount: 215.0 | Date: 2030-10-21 16:35:00 | Transaction Type: TRANSFER
TXN202500354,u_890,u_456,760.0,2030-10-27 22:00:00,ACC7891,TRANSFER,TRANSACTION,transcation data .csv,Transaction ID: TXN202500354 | Sender: u_890 | Receiver: u_456 | Account: ACC7891 | Amount: 760.0 | Date: 2030-10-27 22:00:00 | Transaction Type: TRANSFER
TXN202500355,u_234,u_789,3100.0,2030-11-02 14:25:00,ACC5672,TRANSFER,TRANSACTION,transcation data .csv,Transaction ID: TXN202500355 | Sender: u_234 | Receiver: u_789 | Account: ACC5672 | Amount: 3100.0 | Date: 2030-11-02 14:25:00 | Transaction Type: TRANSFER
TXN202500356,u_567,u_123,430.0,2030-11-08 09:50:00,ACC3457,TRANSFER,TRANSACTION,transcation data .csv,Transaction ID: TXN202500356 | Sender: u_567 | Receiver: u_123 | Account: ACC3457 | Amount: 430.0 | Date: 2030-11-08 09:50:00 | Transaction Type: TRANSFER
TXN202500357,u_901,u_456,1250.0,2030-11-14 18:15:00,ACC9013,TRANSFER,TRANSACTION,transcation data .csv,Transaction ID: TXN202500357 | Sender: u_901 | Receiver: u_456 | Account: ACC9013 | Amount: 1250.0 | Date: 2030-11-14 18:15:00 | Transaction Type: TRANSFER
TXN202500358,u_123,u_234,5800.0,2030-11-20 11:40:00,ACC4562,TRANSFER,TRANSACTION,transcation data .csv,Transaction ID: TXN202500358 | Sender: u_123 | Receiver: u_234 | Account: ACC4562 | Amount: 5800.0 | Date: 2030-11-20 11:40:00 | Transaction Type: TRANSFER
TXN202500359,u_789,u_901,920.0,2030-11-26 20:05:00,ACC2349,TRANSFER,TRANSACTION,transcation data .csv,Transaction ID: TXN202500359 | Sender: u_789 | Receiver: u_901 | Account: ACC2349 | Amount: 920.0 | Date: 2030-11-26 20:05:00 | Transaction Type: TRANSFER
TXN202500360,u_678,u_456,3700.0,2030-12-02 15:30:00,ACC7898,TRANSFER,TRANSACTION,transcation data .csv,Transaction ID: TXN202500360 | Sender: u_678 | Receiver: u_456 | Account: ACC7898 | Amount: 3700.0 | Date: 2030-12-02 15:30:00 | Transaction Type: TRANSFER
TXN202500361,u_456,u_123,165.0,2030-12-08 08:55:00,ACC5676,TRANSFER,TRANSACTION,transcation data .csv,Transaction ID: TXN202500361 | Sender: u_456 | Receiver: u_123 | Account: ACC5676 | Amount: 165.0 | Date: 2030-12-08 08:55:00 | Transaction Type: TRANSFER
TXN202500362,u_901,u_789,6100.0,2030-12-14 19:20:00,ACC3455,TRANSFER,TRANSACTION,transcation data .csv,Transaction ID: TXN202500362 | Sender: u_901 | Receiver: u_789 | Account: ACC3455 | Amount: 6100.0 | Date: 2030-12-14 19:20:00 | Transaction Type: TRANSFER
TXN202500363,u_234,u_123,280.0,2030-12-20 13:45:00,ACC9016,TRANSFER,TRANSACTION,transcation data .csv,Transaction ID: TXN202500363 | Sender: u_234 | Receiver: u_123 | Account: ACC9016 | Amount: 280.0 | Date: 2030-12-20 13:45:00 | Transaction Type: TRANSFER
TXN202500364,u_567,u_456,14300.0,2030-12-26 10:10:00,ACC6789,TRANSFER,TRANSACTION,transcation data .csv,Transaction ID: TXN202500364 | Sender: u_567 | Receiver: u_456 | Account: ACC6789 | Amount: 14300.0 | Date: 2030-12-26 10:10:00 | Transaction Type: TRANSFER
TXN202500365,u_678,u_901,740.0,2031-01-01 16:35:00,ACC4561,TRANSFER,TRANSACTION,transcation data .csv,Transaction ID: TXN202500365 | Sender: u_678 | Receiver: u_901 | Account: ACC4561 | Amount: 740.0 | Date: 2031-01-01 16:35:00 | Transaction Type: TRANSFER
TXN202500366,u_123,u_234,4900.0,2031-01-07 22:00:00,ACC2346,TRANSFER,TRANSACTION,transcation data .csv,Transaction ID: TXN202500366 | Sender: u_123 | Receiver: u_234 | Account: ACC2346 | Amount: 4900.0 | Date: 2031-01-07 22:00:00 | Transaction Type: TRANSFER
TXN202500367,u_890,u_456,390.0,2031-01-13 14:25:00,ACC7894,TRANSFER,TRANSACTION,transcation data .csv,Transaction ID: TXN202500367 | Sender: u_890 | Receiver: u_456 | Account: ACC7894 | Amount: 390.0 | Date: 2031-01-13 14:25:00 | Transaction Type: TRANSFER
TXN202500368,u_901,u_123,8250.0,2031-01-19 09:50:00,ACC5674,TRANSFER,TRANSACTION,transcation data .csv,Transaction ID: TXN202500368 | Sender: u_901 | Receiver: u_123 | Account: ACC5674 | Amount: 8250.0 | Date: 2031-01-19 09:50:00 | Transaction Type: TRANSFER
TXN202500369,u_456,u_678,210.0,2031-01-25 18:15:00,ACC3452,TRANSFER,TRANSACTION,transcation data .csv,Transaction ID: TXN202500369 | Sender: u_456 | Receiver: u_678 | Account: ACC3452 | Amount: 210.0 | Date: 2031-01-25 18:15:00 | Transaction Type: TRANSFER
TXN202500370,u_234,u_567,5300.0,2031-01-31 11:40:00,ACC9017,TRANSFER,TRANSACTION,transcation data .csv,Transaction ID: TXN202500370 | Sender: u_234 | Receiver: u_567 | Account: ACC9017 | Amount: 5300.0 | Date: 2031-01-31 11:40:00 | Transaction Type: TRANSFER
TXN202500371,u_789,u_901,180.0,2031-02-06 20:05:00,ACC6787,TRANSFER,TRANSACTION,transcation data .csv,Transaction ID: TXN202500371 | Sender: u_789 | Receiver: u_901 | Account: ACC6787 | Amount: 180.0 | Date: 2031-02-06 20:05:00 | Transaction Type: TRANSFER
TXN202500372,u_123,u_234,7150.0,2031-02-12 15:30:00,ACC4563,TRANSFER,TRANSACTION,transcation data .csv,Transaction ID: TXN202500372 | Sender: u_123 | Receiver: u_234 | Account: ACC4563 | Amount: 7150.0 | Date: 2031-02-12 15:30:00 | Transaction Type: TRANSFER
TXN202500373,u_678,u_789,485.0,2031-02-18 08:55:00,ACC2345,TRANSFER,TRANSACTION,transcation data .csv,Transaction ID: TXN202500373 | Sender: u_678 | Receiver: u_789 | Account: ACC2345 | Amount: 485.0 | Date: 2031-02-18 08:55:00 | Transaction Type: TRANSFER
TXN202500374,u_901,u_456,940.0,2031-02-24 19:20:00,ACC7890,TRANSFER,TRANSACTION,transcation data .csv,Transaction ID: TXN202500374 | Sender: u_901 | Receiver: u_456 | Account: ACC7890 | Amount: 940.0 | Date: 2031-02-24 19:20:00 | Transaction Type: TRANSFER
TXN202500375,u_567,u_123,2700.0,2031-03-02 13:45:00,ACC5679,TRANSFER,TRANSACTION,transcation data .csv,Transaction ID: TXN202500375 | Sender: u_567 | Receiver: u_123 | Account: ACC5679 | Amount: 2700.0 | Date: 2031-03-02 13:45:00 | Transaction Type: TRANSFER
TXN202500376,u_456,u_234,620.0,2031-03-08 10:10:00,ACC3458,TRANSFER,TRANSACTION,transcation data .csv,Transaction ID: TXN202500376 | Sender: u_456 | Receiver: u_234 | Account: ACC3458 | Amount: 620.0 | Date: 2031-03-08 10:10:00 | Transaction Type: TRANSFER
TXN202500377,u_123,u_890,4200.0,2031-03-14 16:35:00,ACC9018,TRANSFER,TRANSACTION,transcation data .csv,Transaction ID: TXN202500377 | Sender: u_123 | Receiver: u_890 | Account: ACC9018 | Amount: 4200.0 | Date: 2031-03-14 16:35:00 | Transaction Type: TRANSFER
TXN202500378,u_789,u_678,115.0,2031-03-20 22:00:00,ACC6789,TRANSFER,TRANSACTION,transcation data .csv,Transaction ID: TXN202500378 | Sender: u_789 | Receiver: u_678 | Account: ACC6789 | Amount: 115.0 | Date: 2031-03-20 22:00:00 | Transaction Type: TRANSFER
TXN202500379,u_901,u_123,8900.0,2031-03-26 14:25:00,ACC4567,TRANSFER,TRANSACTION,transcation data .csv,Transaction ID: TXN202500379 | Sender: u_901 | Receiver: u_123 | Account: ACC4567 | Amount: 8900.0 | Date: 2031-03-26 14:25:00 | Transaction Type: TRANSFER
TXN202500380,u_678,u_901,360.0,2031-04-01 09:50:00,ACC2341,TRANSFER,TRANSACTION,transcation data .csv,Transaction ID: TXN202500380 | Sender: u_678 | Receiver: u_901 | Account: ACC2341 | Amount: 360.0 | Date: 2031-04-01 09:50:00 | Transaction Type: TRANSFER
TXN202500381,u_234,u_789,2850.0,2031-04-07 18:15:00,ACC7891,TRANSFER,TRANSACTION,transcation data .csv,Transaction ID: TXN202500381 | Sender: u_234 | Receiver: u_789 | Account: ACC7891 | Amount: 2850.0 | Date: 2031-04-07 18:15:00 | Transaction Type: TRANSFER
TXN202500382,u_456,u_123,740.0,2031-04-13 11:40:00,ACC5672,TRANSFER,TRANSACTION,transcation data .csv,Transaction ID: TXN202500382 | Sender: u_456 | Receiver: u_123 | Account: ACC5672 | Amount: 740.0 | Date: 2031-04-13 11:40:00 | Transaction Type: TRANSFER
TXN202500383,u_890,u_567,600.0,2031-04-19 20:05:00,ACC3457,TRANSFER,TRANSACTION,transcation data .csv,Transaction ID: TXN202500383 | Sender: u_890 | Receiver: u_567 | Account: ACC3457 | Amount: 600.0 | Date: 2031-04-19 20:05:00 | Transaction Type: TRANSFER
TXN202500384,u_901,u_234,4500.0,2031-04-25 15:30:00,ACC9013,TRANSFER,TRANSACTION,transcation data .csv,Transaction ID: TXN202500384 | Sender: u_901 | Receiver: u_234 | Account: ACC9013 | Amount: 4500.0 | Date: 2031-04-25 15:30:00 | Transaction Type: TRANSFER
TXN202500385,u_123,u_678,210.0,2031-05-01 08:55:00,ACC4562,TRANSFER,TRANSACTION,transcation data .csv,Transaction ID: TXN202500385 | Sender: u_123 | Receiver: u_678 | Account: ACC4562 | Amount: 210.0 | Date: 2031-05-01 08:55:00 | Transaction Type: TRANSFER
TXN202500386,u_567,u_789,810.0,2031-05-07 19:20:00,ACC2349,TRANSFER,TRANSACTION,transcation data .csv,Transaction ID: TXN202500386 | Sender: u_567 | Receiver: u_789 | Account: ACC2349 | Amount: 810.0 | Date: 2031-05-07 19:20:00 | Transaction Type: TRANSFER
TXN202500387,u_456,u_123,12800.0,2031-05-13 13:45:00,ACC7898,TRANSFER,TRANSACTION,transcation data .csv,Transaction ID: TXN202500387 | Sender: u_456 | Receiver: u_123 | Account: ACC7898 | Amount: 12800.0 | Date: 2031-05-13 13:45:00 | Transaction Type: TRANSFER
TXN202500388,u_678,u_901,175.0,2031-05-19 10:10:00,ACC5676,TRANSFER,TRANSACTION,transcation data .csv,Transaction ID: TXN202500388 | Sender: u_678 | Receiver: u_901 | Account: ACC5676 | Amount: 175.0 | Date: 2031-05-19 10:10:00 | Transaction Type: TRANSFER
TXN202500389,u_234,u_456,3700.0,2031-05-25 16:35:00,ACC3455,TRANSFER,TRANSACTION,transcation data .csv,Transaction ID: TXN202500389 | Sender: u_234 | Receiver: u_456 | Account: ACC3455 | Amount: 3700.0 | Date: 2031-05-25 16:35:00 | Transaction Type: TRANSFER
TXN202500390,u_789,u_123,930.0,2031-05-31 22:00:00,ACC9016,TRANSFER,TRANSACTION,transcation data .csv,Transaction ID: TXN202500390 | Sender: u_789 | Receiver: u_123 | Account: ACC9016 | Amount: 930.0 | Date: 2031-05-31 22:00:00 | Transaction Type: TRANSFER
TXN202500391,u_567,u_678,5600.0,2031-06-06 14:25:00,ACC6789,TRANSFER,TRANSACTION,transcation data .csv,Transaction ID: TXN202500391 | Sender: u_567 | Receiver: u_678 | Account: ACC6789 | Amount: 5600.0 | Date: 2031-06-06 14:25:00 | Transaction Type: TRANSFER
TXN202500392,u_901,u_456,480.0,2031-06-12 09:50:00,ACC4561,TRANSFER,TRANSACTION,transcation data .csv,Transaction ID: TXN202500392 | Sender: u_901 | Receiver: u_456 | Account: ACC4561 | Amount: 480.0 | Date: 2031-06-12 09:50:00 | Transaction Type: TRANSFER
TXN202500393,u_123,u_789,2500.0,2031-06-18 18:15:00,ACC2346,TRANSFER,TRANSACTION,transcation data .csv,Transaction ID: TXN202500393 | Sender: u_123 | Receiver: u_789 | Account: ACC2346 | Amount: 2500.0 | Date: 2031-06-18 18:15:00 | Transaction Type: TRANSFER
TXN202500394,u_678,u_901,850.0,2031-06-24 11:40:00,ACC7894,TRANSFER,TRANSACTION,transcation data .csv,Transaction ID: TXN202500394 | Sender: u_678 | Receiver: u_901 | Account: ACC7894 | Amount: 850.0 | Date: 2031-06-24 11:40:00 | Transaction Type: TRANSFER
TXN202500395,u_234,u_123,7200.0,2031-06-30 20:05:00,ACC5674,TRANSFER,TRANSACTION,transcation data .csv,Transaction ID: TXN202500395 | Sender: u_234 | Receiver: u_123 | Account: ACC5674 | Amount: 7200.0 | Date: 2031-06-30 20:05:00 | Transaction Type: TRANSFER
TXN202500396,u_789,u_567,1250.0,2031-07-06 15:30:00,ACC3452,TRANSFER,TRANSACTION,transcation data .csv,Transaction ID: TXN202500396 | Sender: u_789 | Receiver: u_567 | Account: ACC3452 | Amount: 1250.0 | Date: 2031-07-06 15:30:00 | Transaction Type: TRANSFER
TXN202500397,u_456,u_890,510.0,2031-07-12 08:55:00,ACC9017,TRANSFER,TRANSACTION,transcation data .csv,Transaction ID: TXN202500397 | Sender: u_456 | Receiver: u_890 | Account: ACC9017 | Amount: 510.0 | Date: 2031-07-12 08:55:00 | Transaction Type: TRANSFER
TXN202500398,u_901,u_123,13400.0,2031-07-18 19:20:00,ACC6787,TRANSFER,TRANSACTION,transcation data .csv,Transaction ID: TXN202500398 | Sender: u_901 | Receiver: u_123 | Account: ACC6787 | Amount: 13400.0 | Date: 2031-07-18 19:20:00 | Transaction Type: TRANSFER
TXN202500399,u_567,u_456,275.0,2031-07-24 13:45:00,ACC4563,TRANSFER,TRANSACTION,transcation data .csv,Transaction ID: TXN202500399 | Sender: u_567 | Receiver: u_456 | Account: ACC4563 | Amount: 275.0 | Date: 2031-07-24 13:45:00 | Transaction Type: TRANSFER
TXN202500400,u_678,u_789,8200.0,2031-07-30 10:10:00,ACC2345,TRANSFER,TRANSACTION,transcation data .csv,Transaction ID: TXN202500400 | Sender: u_678 | Receiver: u_789 | Account: ACC2345 | Amount: 8200.0 | Date: 2031-07-30 10:10:00 | Transaction Type: TRANSFER
TXN202500401,u_123,u_901,160.0,2031-08-05 16:35:00,ACC7890,TRANSFER,TRANSACTION,transcation data .csv,Transaction ID: TXN202500401 | Sender: u_123 | Receiver: u_901 | Account: ACC7890 | Amount: 160.0 | Date: 2031-08-05 16:35:00 | Transaction Type: TRANSFER
TXN202500402,u_234,u_678,4300.0,2031-08-11 22:00:00,ACC5679,TRANSFER,TRANSACTION,transcation data .csv,Transaction ID: TXN202500402 | Sender: u_234 | Receiver: u_678 | Account: ACC5679 | Amount: 4300.0 | Date: 2031-08-11 22:00:00 | Transaction Type: TRANSFER
TXN202500403,u_456,u_123,50.0,2031-08-17 14:25:00,ACC3458,TRANSFER,TRANSACTION,transcation data .csv,Transaction ID: TXN202500403 | Sender: u_456 | Receiver: u_123 | Account: ACC3458 | Amount: 50.0 | Date: 2031-08-17 14:25:00 | Transaction Type: TRANSFER
TXN202500404,u_789,u_901,11250.0,2031-08-23 09:50:00,ACC9018,TRANSFER,TRANSACTION,transcation data .csv,Transaction ID: TXN202500404 | Sender: u_789 | Receiver: u_901 | Account: ACC9018 | Amount: 11250.0 | Date: 2031-08-23 09:50:00 | Transaction Type: TRANSFER
TXN202500405,u_567,u_234,320.0,2031-08-29 18:15:00,ACC6789,TRANSFER,TRANSACTION,transcation data .csv,Transaction ID: TXN202500405 | Sender: u_567 | Receiver: u_234 | Account: ACC6789 | Amount: 320.0 | Date: 2031-08-29 18:15:00 | Transaction Type: TRANSFER
TXN202500406,u_890,u_678,7600.0,2031-09-04 11:40:00,ACC4567,TRANSFER,TRANSACTION,transcation data .csv,Transaction ID: TXN202500406 | Sender: u_890 | Receiver: u_678 | Account: ACC4567 | Amount: 7600.0 | Date: 2031-09-04 11:40:00 | Transaction Type: TRANSFER
TXN202500407,u_901,u_456,215.0,2031-09-10 20:05:00,ACC2341,TRANSFER,TRANSACTION,transcation data .csv,Transaction ID: TXN202500407 | Sender: u_901 | Receiver: u_456 | Account: ACC2341 | Amount: 215.0 | Date: 2031-09-10 20:05:00 | Transaction Type: TRANSFER
TXN202500408,u_123,u_789,940.0,2031-09-16 15:30:00,ACC7891,TRANSFER,TRANSACTION,transcation data .csv,Transaction ID: TXN202500408 | Sender: u_123 | Receiver: u_789 | Account: ACC7891 | Amount: 940.0 | Date: 2031-09-16 15:30:00 | Transaction Type: TRANSFER
TXN202500409,u_678,u_234,15500.0,2031-09-22 08:55:00,ACC5672,TRANSFER,TRANSACTION,transcation data .csv,Transaction ID: TXN202500409 | Sender: u_678 | Receiver: u_234 | Account: ACC5672 | Amount: 15500.0 | Date: 2031-09-22 08:55:00 | Transaction Type: TRANSFER
TXN202500410,u_456,u_123,380.0,2031-09-28 19:20:00,ACC3457,TRANSFER,TRANSACTION,transcation data .csv,Transaction ID: TXN202500410 | Sender: u_456 | Receiver: u_123 | Account: ACC3457 | Amount: 380.0 | Date: 2031-09-28 19:20:00 | Transaction Type: TRANSFER
TXN202500411,u_234,u_678,4800.0,2031-10-04 13:45:00,ACC9013,TRANSFER,TRANSACTION,transcation data .csv,Transaction ID: TXN202500411 | Sender: u_234 | Receiver: u_678 | Account: ACC9013 | Amount: 4800.0 | Date: 2031-10-04 13:45:00 | Transaction Type: TRANSFER
TXN202500412,u_789,u_901,210.0,2031-10-10 10:10:00,ACC4562,TRANSFER,TRANSACTION,transcation data .csv,Transaction ID: TXN202500412 | Sender: u_789 | Receiver: u_901 | Account: ACC4562 | Amount: 210.0 | Date: 2031-10-10 10:10:00 | Transaction Type: TRANSFER
TXN202500413,u_567,u_456,6250.0,2031-10-16 16:35:00,ACC2349,TRANSFER,TRANSACTION,transcation data .csv,Transaction ID: TXN202500413 | Sender: u_567 | Receiver: u_456 | Account: ACC2349 | Amount: 6250.0 | Date: 2031-10-16 16:35:00 | Transaction Type: TRANSFER
TXN202500414,u_901,u_123,94.0,2031-10-22 22:00:00,ACC7898,TRANSFER,TRANSACTION,transcation data .csv,Transaction ID: TXN202500414 | Sender: u_901 | Receiver: u_123 | Account: ACC7898 | Amount: 94.0 | Date: 2031-10-22 22:00:00 | Transaction Type: TRANSFER
TXN202500415,u_123,u_678,2700.0,2031-10-28 14:25:00,ACC5676,TRANSFER,TRANSACTION,transcation data .csv,Transaction ID: TXN202500415 | Sender: u_123 | Receiver: u_678 | Account: ACC5676 | Amount: 2700.0 | Date: 2031-10-28 14:25:00 | Transaction Type: TRANSFER
TXN202500416,u_456,u_789,780.0,2031-11-03 09:50:00,ACC3455,TRANSFER,TRANSACTION,transcation data .csv,Transaction ID: TXN202500416 | Sender: u_456 | Receiver: u_789 | Account: ACC3455 | Amount: 780.0 | Date: 2031-11-03 09:50:00 | Transaction Type: TRANSFER
TXN202500417,u_678,u_234,5400.0,2031-11-09 18:15:00,ACC9016,TRANSFER,TRANSACTION,transcation data .csv,Transaction ID: TXN202500417 | Sender: u_678 | Receiver: u_234 | Account: ACC9016 | Amount: 5400.0 | Date: 2031-11-09 18:15:00 | Transaction Type: TRANSFER
TXN202500418,u_890,u_901,425.0,2031-11-15 11:40:00,ACC6789,TRANSFER,TRANSACTION,transcation data .csv,Transaction ID: TXN202500418 | Sender: u_890 | Receiver: u_901 | Account: ACC6789 | Amount: 425.0 | Date: 2031-11-15 11:40:00 | Transaction Type: TRANSFER
TXN202500419,u_234,u_456,3200.0,2031-11-21 20:05:00,ACC4561,TRANSFER,TRANSACTION,transcation data .csv,Transaction ID: TXN202500419 | Sender: u_234 | Receiver: u_456 | Account: ACC4561 | Amount: 3200.0 | Date: 2031-11-21 20:05:00 | Transaction Type: TRANSFER
TXN202500420,u_123,u_901,180.0,2031-11-27 15:30:00,ACC2346,TRANSFER,TRANSACTION,transcation data .csv,Transaction ID: TXN202500420 | Sender: u_123 | Receiver: u_901 | Account: ACC2346 | Amount: 180.0 | Date: 2031-11-27 15:30:00 | Transaction Type: TRANSFER
TXN202500421,u_567,u_678,6900.0,2031-12-03 08:55:00,ACC7894,TRANSFER,TRANSACTION,transcation data .csv,Transaction ID: TXN202500421 | Sender: u_567 | Receiver: u_678 | Account: ACC7894 | Amount: 6900.0 | Date: 2031-12-03 08:55:00 | Transaction Type: TRANSFER
TXN202500422,u_789,u_123,750.0,2031-12-09 19:20:00,ACC5674,TRANSFER,TRANSACTION,transcation data .csv,Transaction ID: TXN202500422 | Sender: u_789 | Receiver: u_123 | Account: ACC5674 | Amount: 750.0 | Date: 2031-12-09 19:20:00 | Transaction Type: TRANSFER
TXN202500423,u_456,u_901,8150.0,2031-12-15 13:45:00,ACC3452,TRANSFER,TRANSACTION,transcation data .csv,Transaction ID: TXN202500423 | Sender: u_456 | Receiver: u_901 | Account: ACC3452 | Amount: 8150.0 | Date: 2031-12-15 13:45:00 | Transaction Type: TRANSFER
TXN202500424,u_901,u_234,95.0,2031-12-21 10:10:00,ACC9017,TRANSFER,TRANSACTION,transcation data .csv,Transaction ID: TXN202500424 | Sender: u_901 | Receiver: u_234 | Account: ACC9017 | Amount: 95.0 | Date: 2031-12-21 10:10:00 | Transaction Type: TRANSFER
TXN202500425,u_123,u_789,1750.0,2031-12-27 16:35:00,ACC6787,TRANSFER,TRANSACTION,transcation data .csv,Transaction ID: TXN202500425 | Sender: u_123 | Receiver: u_789 | Account: ACC6787 | Amount: 1750.0 | Date: 2031-12-27 16:35:00 | Transaction Type: TRANSFER
TXN202500426,u_678,u_456,3620.0,2032-01-02 22:00:00,ACC4563,TRANSFER,TRANSACTION,transcation data .csv,Transaction ID: TXN202500426 | Sender: u_678 | Receiver: u_456 | Account: ACC4563 | Amount: 3620.0 | Date: 2032-01-02 22:00:00 | Transaction Type: TRANSFER
TXN202500427,u_234,u_123,1280.0,2032-01-08 14:25:00,ACC2345,TRANSFER,TRANSACTION,transcation data .csv,Transaction ID: TXN202500427 | Sender: u_234 | Receiver: u_123 | Account: ACC2345 | Amount: 1280.0 | Date: 2032-01-08 14:25:00 | Transaction Type: TRANSFER
TXN202500428,u_890,u_567,500.0,2032-01-14 09:50:00,ACC7890,TRANSFER,TRANSACTION,transcation data .csv,Transaction ID: TXN202500428 | Sender: u_890 | Receiver: u_567 | Account: ACC7890 | Amount: 500.0 | Date: 2032-01-14 09:50:00 | Transaction Type: TRANSFER
TXN202500429,u_456,u_678,2400.0,2032-01-20 18:15:00,ACC5679,TRANSFER,TRANSACTION,transcation data .csv,Transaction ID: TXN202500429 | Sender: u_456 | Receiver: u_678 | Account: ACC5679 | Amount: 2400.0 | Date: 2032-01-20 18:15:00 | Transaction Type: TRANSFER
TXN202500430,u_901,u_123,580.0,2032-01-26 11:40:00,ACC3458,TRANSFER,TRANSACTION,transcation data .csv,Transaction ID: TXN202500430 | Sender: u_901 | Receiver: u_123 | Account: ACC3458 | Amount: 580.0 | Date: 2032-01-26 11:40:00 | Transaction Type: TRANSFER
TXN202500431,u_567,u_789,820.0,2032-02-01 20:05:00,ACC9018,TRANSFER,TRANSACTION,transcation data .csv,Transaction ID: TXN202500431 | Sender: u_567 | Receiver: u_789 | Account: ACC9018 | Amount: 820.0 | Date: 2032-02-01 20:05:00 | Transaction Type: TRANSFER
TXN202500432,u_123,u_234,14500.0,2032-02-07 15:30:00,ACC6789,TRANSFER,TRANSACTION,transcation data .csv,Transaction ID: TXN202500432 | Sender: u_123 | Receiver: u_234 | Account: ACC6789 | Amount: 14500.0 | Date: 2032-02-07 15:30:00 | Transaction Type: TRANSFER
TXN202500433,u_678,u_901,260.0,2032-02-13 08:55:00,ACC4567,TRANSFER,TRANSACTION,transcation data .csv,Transaction ID: TXN202500433 | Sender: u_678 | Receiver: u_901 | Account: ACC4567 | Amount: 260.0 | Date: 2032-02-13 08:55:00 | Transaction Type: TRANSFER
TXN202500434,u_456,u_123,7300.0,2032-02-19 19:20:00,ACC2341,TRANSFER,TRANSACTION,transcation data .csv,Transaction ID: TXN202500434 | Sender: u_456 | Receiver: u_123 | Account: ACC2341 | Amount: 7300.0 | Date: 2032-02-19 19:20:00 | Transaction Type: TRANSFER
TXN202500435,u_789,u_234,195.0,2032-02-25 13:45:00,ACC7891,TRANSFER,TRANSACTION,transcation data .csv,Transaction ID: TXN202500435 | Sender: u_789 | Receiver: u_234 | Account: ACC7891 | Amount: 195.0 | Date: 2032-02-25 13:45:00 | Transaction Type: TRANSFER
TXN202500436,u_234,u_678,5600.0,2032-03-02 10:10:00,ACC5672,TRANSFER,TRANSACTION,transcation data .csv,Transaction ID: TXN202500436 | Sender: u_234 | Receiver: u_678 | Account: ACC5672 | Amount: 5600.0 | Date: 2032-03-02 10:10:00 | Transaction Type: TRANSFER
TXN202500437,u_901,u_456,4250.0,2032-03-08 16:35:00,ACC3457,TRANSFER,TRANSACTION,transcation data .csv,Transaction ID: TXN202500437 | Sender: u_901 | Receiver: u_456 | Account: ACC3457 | Amount: 4250.0 | Date: 2032-03-08 16:35:00 | Transaction Type: TRANSFER
TXN202500438,u_567,u_123,150.0,2032-03-14 22:00:00,ACC9013,TRANSFER,TRANSACTION,transcation data .csv,Transaction ID: TXN202500438 | Sender: u_567 | Receiver: u_123 | Account: ACC9013 | Amount: 150.0 | Date: 2032-03-14 22:00:00 | Transaction Type: TRANSFER
TXN202500439,u_890,u_678,6800.0,2032-03-20 14:25:00,ACC4562,TRANSFER,TRANSACTION,transcation data .csv,Transaction ID: TXN202500439 | Sender: u_890 | Receiver: u_678 | Account: ACC4562 | Amount: 6800.0 | Date: 2032-03-20 14:25:00 | Transaction Type: TRANSFER
TXN202500440,u_123,u_901,370.0,2032-03-26 09:50:00,ACC2349,TRANSFER,TRANSACTION,transcation data .csv,Transaction ID: TXN202500440 | Sender: u_123 | Receiver: u_901 | Account: ACC2349 | Amount: 370.0 | Date: 2032-03-26 09:50:00 | Transaction Type: TRANSFER
TXN202500441,u_456,u_234,950.0,2032-04-01 18:15:00,ACC7898,TRANSFER,TRANSACTION,transcation data .csv,Transaction ID: TXN202500441 | Sender: u_456 | Receiver: u_234 | Account: ACC7898 | Amount: 950.0 | Date: 2032-04-01 18:15:00 | Transaction Type: TRANSFER
TXN202500442,u_678,u_123,2100.0,2032-04-07 11:40:00,ACC5676,TRANSFER,TRANSACTION,transcation data .csv,Transaction ID: TXN202500442 | Sender: u_678 | Receiver: u_123 | Account: ACC5676 | Amount: 2100.0 | Date: 2032-04-07 11:40:00 | Transaction Type: TRANSFER
TXN202500443,u_901,u_567,850.0,2032-04-13 20:05:00,ACC3455,TRANSFER,TRANSACTION,transcation data .csv,Transaction ID: TXN202500443 | Sender: u_901 | Receiver: u_567 | Account: ACC3455 | Amount: 850.0 | Date: 2032-04-13 20:05:00 | Transaction Type: TRANSFER
TXN202500444,u_234,u_456,490.0,2032-04-19 15:30:00,ACC9016,TRANSFER,TRANSACTION,transcation data .csv,Transaction ID: TXN202500444 | Sender: u_234 | Receiver: u_456 | Account: ACC9016 | Amount: 490.0 | Date: 2032-04-19 15:30:00 | Transaction Type: TRANSFER
TXN202500445,u_789,u_901,11750.0,2032-04-25 08:55:00,ACC6789,TRANSFER,TRANSACTION,transcation data .csv,Transaction ID: TXN202500445 | Sender: u_789 | Receiver: u_901 | Account: ACC6789 | Amount: 11750.0 | Date: 2032-04-25 08:55:00 | Transaction Type: TRANSFER
TXN202500446,u_123,u_456,325.0,2032-05-01 19:20:00,ACC4561,TRANSFER,TRANSACTION,transcation data .csv,Transaction ID: TXN202500446 | Sender: u_123 | Receiver: u_456 | Account: ACC4561 | Amount: 325.0 | Date: 2032-05-01 19:20:00 | Transaction Type: TRANSFER
TXN202500447,u_567,u_234,870.0,2032-05-07 13:45:00,ACC2346,TRANSFER,TRANSACTION,transcation data .csv,Transaction ID: TXN202500447 | Sender: u_567 | Receiver: u_234 | Account: ACC2346 | Amount: 870.0 | Date: 2032-05-07 13:45:00 | Transaction Type: TRANSFER
TXN202500448,u_678,u_901,9400.0,2032-05-13 10:10:00,ACC7894,TRANSFER,TRANSACTION,transcation data .csv,Transaction ID: TXN202500448 | Sender: u_678 | Receiver: u_901 | Account: ACC7894 | Amount: 9400.0 | Date: 2032-05-13 10:10:00 | Transaction Type: TRANSFER
TXN202500449,u_456,u_123,215.0,2032-05-19 16:35:00,ACC5674,TRANSFER,TRANSACTION,transcation data .csv,Transaction ID: TXN202500449 | Sender: u_456 | Receiver: u_123 | Account: ACC5674 | Amount: 215.0 | Date: 2032-05-19 16:35:00 | Transaction Type: TRANSFER
TXN202500450,u_901,u_789,760.0,2032-05-25 22:00:00,ACC3452,TRANSFER,TRANSACTION,transcation data .csv,Transaction ID: TXN202500450 | Sender: u_901 | Receiver: u_789 | Account: ACC3452 | Amount: 760.0 | Date: 2032-05-25 22:00:00 | Transaction Type: TRANSFER
TXN202500451,u_123,u_678,3100.0,2032-05-31 14:25:00,ACC9017,TRANSFER,TRANSACTION,transcation data .csv,Transaction ID: TXN202500451 | Sender: u_123 | Receiver: u_678 | Account: ACC9017 | Amount: 3100.0 | Date: 2032-05-31 14:25:00 | Transaction Type: TRANSFER
TXN202500452,u_234,u_567,430.0,2032-06-06 09:50:00,ACC6787,TRANSFER,TRANSACTION,transcation data .csv,Transaction ID: TXN202500452 | Sender: u_234 | Receiver: u_567 | Account: ACC6787 | Amount: 430.0 | Date: 2032-06-06 09:50:00 | Transaction Type: TRANSFER
TXN202500453,u_789,u_123,1250.0,2032-06-12 18:15:00,ACC4563,TRANSFER,TRANSACTION,transcation data .csv,Transaction ID: TXN202500453 | Sender: u_789 | Receiver: u_123 | Account: ACC4563 | Amount: 1250.0 | Date: 2032-06-12 18:15:00 | Transaction Type: TRANSFER
TXN202500454,u_901,u_456,5800.0,2032-06-18 11:40:00,ACC2345,TRANSFER,TRANSACTION,transcation data .csv,Transaction ID: TXN202500454 | Sender: u_901 | Receiver: u_456 | Account: ACC2345 | Amount: 5800.0 | Date: 2032-06-18 11:40:00 | Transaction Type: TRANSFER
TXN202500455,u_678,u_234,920.0,2032-06-24 20:05:00,ACC7890,TRANSFER,TRANSACTION,transcation data .csv,Transaction ID: TXN202500455 | Sender: u_678 | Receiver: u_234 | Account: ACC7890 | Amount: 920.0 | Date: 2032-06-24 20:05:00 | Transaction Type: TRANSFER
TXN202500456,u_123,u_901,3700.0,2032-06-30 15:30:00,ACC5679,TRANSFER,TRANSACTION,transcation data .csv,Transaction ID: TXN202500456 | Sender: u_123 | Receiver: u_901 | Account: ACC5679 | Amount: 3700.0 | Date: 2032-06-30 15:30:00 | Transaction Type: TRANSFER
TXN202500457,u_456,u_567,165.0,2032-07-06 08:55:00,ACC3458,TRANSFER,TRANSACTION,transcation data .csv,Transaction ID: TXN202500457 | Sender: u_456 | Receiver: u_567 | Account: ACC3458 | Amount: 165.0 | Date: 2032-07-06 08:55:00 | Transaction Type: TRANSFER
TXN202500458,u_234,u_123,6100.0,2032-07-12 19:20:00,ACC9018,TRANSFER,TRANSACTION,transcation data .csv,Transaction ID: TXN202500458 | Sender: u_234 | Receiver: u_123 | Account: ACC9018 | Amount: 6100.0 | Date: 2032-07-12 19:20:00 | Transaction Type: TRANSFER
TXN202500459,u_789,u_678,280.0,2032-07-18 13:45:00,ACC6789,TRANSFER,TRANSACTION,transcation data .csv,Transaction ID: TXN202500459 | Sender: u_789 | Receiver: u_678 | Account: ACC6789 | Amount: 280.0 | Date: 2032-07-18 13:45:00 | Transaction Type: TRANSFER
TXN202500460,u_901,u_567,14300.0,2032-07-24 10:10:00,ACC4567,TRANSFER,TRANSACTION,transcation data .csv,Transaction ID: TXN202500460 | Sender: u_901 | Receiver: u_567 | Account: ACC4567 | Amount: 14300.0 | Date: 2032-07-24 10:10:00 | Transaction Type: TRANSFER
TXN202500461,u_678,u_123,740.0,2032-07-30 16:35:00,ACC2341,TRANSFER,TRANSACTION,transcation data .csv,Transaction ID: TXN202500461 | Sender: u_678 | Receiver: u_123 | Account: ACC2341 | Amount: 740.0 | Date: 2032-07-30 16:35:00 | Transaction Type: TRANSFER
TXN202500462,u_234,u_901,4900.0,2032-08-05 22:00:00,ACC7891,TRANSFER,TRANSACTION,transcation data .csv,Transaction ID: TXN202500462 | Sender: u_234 | Receiver: u_901 | Account: ACC7891 | Amount: 4900.0 | Date: 2032-08-05 22:00:00 | Transaction Type: TRANSFER
TXN202500463,u_456,u_789,390.0,2032-08-11 14:25:00,ACC5672,TRANSFER,TRANSACTION,transcation data .csv,Transaction ID: TXN202500463 | Sender: u_456 | Receiver: u_789 | Account: ACC5672 | Amount: 390.0 | Date: 2032-08-11 14:25:00 | Transaction Type: TRANSFER
TXN202500464,u_123,u_234,8250.0,2032-08-17 09:50:00,ACC3457,TRANSFER,TRANSACTION,transcation data .csv,Transaction ID: TXN202500464 | Sender: u_123 | Receiver: u_234 | Account: ACC3457 | Amount: 8250.0 | Date: 2032-08-17 09:50:00 | Transaction Type: TRANSFER
TXN202500465,u_567,u_456,210.0,2032-08-23 18:15:00,ACC9013,TRANSFER,TRANSACTION,transcation data .csv,Transaction ID: TXN202500465 | Sender: u_567 | Receiver: u_456 | Account: ACC9013 | Amount: 210.0 | Date: 2032-08-23 18:15:00 | Transaction Type: TRANSFER
TXN202500466,u_890,u_123,5300.0,2032-08-29 11:40:00,ACC4562,TRANSFER,TRANSACTION,transcation data .csv,Transaction ID: TXN202500466 | Sender: u_890 | Receiver: u_123 | Account: ACC4562 | Amount: 5300.0 | Date: 2032-08-29 11:40:00 | Transaction Type: TRANSFER
TXN202500467,u_901,u_678,180.0,2032-09-04 20:05:00,ACC2349,TRANSFER,TRANSACTION,transcation data .csv,Transaction ID: TXN202500467 | Sender: u_901 | Receiver: u_678 | Account: ACC2349 | Amount: 180.0 | Date: 2032-09-04 20:05:00 | Transaction Type: TRANSFER
TXN202500468,u_234,u_456,7150.0,2032-09-10 15:30:00,ACC7898,TRANSFER,TRANSACTION,transcation data .csv,Transaction ID: TXN202500468 | Sender: u_234 | Receiver: u_456 | Account: ACC7898 | Amount: 7150.0 | Date: 2032-09-10 15:30:00 | Transaction Type: TRANSFER
TXN202500469,u_123,u_890,485.0,2032-09-16 08:55:00,ACC5676,TRANSFER,TRANSACTION,transcation data .csv,Transaction ID: TXN202500469 | Sender: u_123 | Receiver: u_890 | Account: ACC5676 | Amount: 485.0 | Date: 2032-09-16 08:55:00 | Transaction Type: TRANSFER
TXN202500470,u_789,u_567,940.0,2032-09-22 19:20:00,ACC3455,TRANSFER,TRANSACTION,transcation data .csv,Transaction ID: TXN202500470 | Sender: u_789 | Receiver: u_567 | Account: ACC3455 | Amount: 940.0 | Date: 2032-09-22 19:20:00 | Transaction Type: TRANSFER
TXN202500471,u_678,u_123,2700.0,2032-09-28 13:45:00,ACC9016,TRANSFER,TRANSACTION,transcation data .csv,Transaction ID: TXN202500471 | Sender: u_678 | Receiver: u_123 | Account: ACC9016 | Amount: 2700.0 | Date: 2032-09-28 13:45:00 | Transaction Type: TRANSFER
TXN202500472,u_901,u_234,620.0,2032-10-04 10:10:00,ACC6789,TRANSFER,TRANSACTION,transcation data .csv,Transaction ID: TXN202500472 | Sender: u_901 | Receiver: u_234 | Account: ACC6789 | Amount: 620.0 | Date: 2032-10-04 10:10:00 | Transaction Type: TRANSFER
TXN202500473,u_456,u_789,4200.0,2032-10-10 16:35:00,ACC4561,TRANSFER,TRANSACTION,transcation data .csv,Transaction ID: TXN202500473 | Sender: u_456 | Receiver: u_789 | Account: ACC4561 | Amount: 4200.0 | Date: 2032-10-10 16:35:00 | Transaction Type: TRANSFER
TXN202500474,u_123,u_456,115.0,2032-10-16 22:00:00,ACC2346,TRANSFER,TRANSACTION,transcation data .csv,Transaction ID: TXN202500474 | Sender: u_123 | Receiver: u_456 | Account: ACC2346 | Amount: 115.0 | Date: 2032-10-16 22:00:00 | Transaction Type: TRANSFER
TXN202500475,u_567,u_901,8900.0,2032-10-22 14:25:00,ACC7894,TRANSFER,TRANSACTION,transcation data .csv,Transaction ID: TXN202500475 | Sender: u_567 | Receiver: u_901 | Account: ACC7894 | Amount: 8900.0 | Date: 2032-10-22 14:25:00 | Transaction Type: TRANSFER
TXN202500476,u_678,u_456,360.0,2032-10-28 09:50:00,ACC5674,TRANSFER,TRANSACTION,transcation data .csv,Transaction ID: TXN202500476 | Sender: u_678 | Receiver: u_456 | Account: ACC5674 | Amount: 360.0 | Date: 2032-10-28 09:50:00 | Transaction Type: TRANSFER
TXN202500477,u_234,u_123,2850.0,2032-11-03 18:15:00,ACC3452,TRANSFER,TRANSACTION,transcation data .csv,Transaction ID: TXN202500477 | Sender: u_234 | Receiver: u_123 | Account: ACC3452 | Amount: 2850.0 | Date: 2032-11-03 18:15:00 | Transaction Type: TRANSFER
TXN202500478,u_789,u_901,740.0,2032-11-09 11:40:00,ACC9017,TRANSFER,TRANSACTION,transcation data .csv,Transaction ID: TXN202500478 | Sender: u_789 | Receiver: u_901 | Account: ACC9017 | Amount: 740.0 | Date: 2032-11-09 11:40:00 | Transaction Type: TRANSFER
TXN202500479,u_901,u_567,600.0,2032-11-15 20:05:00,ACC6787,TRANSFER,TRANSACTION,transcation data .csv,Transaction ID: TXN202500479 | Sender: u_901 | Receiver: u_567 | Account: ACC6787 | Amount: 600.0 | Date: 2032-11-15 20:05:00 | Transaction Type: TRANSFER
TXN202500480,u_123,u_789,4500.0,2032-11-21 15:30:00,ACC4563,TRANSFER,TRANSACTION,transcation data .csv,Transaction ID: TXN202500480 | Sender: u_123 | Receiver: u_789 | Account: ACC4563 | Amount: 4500.0 | Date: 2032-11-21 15:30:00 | Transaction Type: TRANSFER
TXN202500481,u_456,u_234,210.0,2032-11-27 08:55:00,ACC2345,TRANSFER,TRANSACTION,transcation data .csv,Transaction ID: TXN202500481 | Sender: u_456 | Receiver: u_234 | Account: ACC2345 | Amount: 210.0 | Date: 2032-11-27 08:55:00 | Transaction Type: TRANSFER
TXN202500482,u_678,u_123,810.0,2032-12-03 19:20:00,ACC7890,TRANSFER,TRANSACTION,transcation data .csv,Transaction ID: TXN202500482 | Sender: u_678 | Receiver: u_123 | Account: ACC7890 | Amount: 810.0 | Date: 2032-12-03 19:20:00 | Transaction Type: TRANSFER
TXN202500483,u_901,u_456,12800.0,2032-12-09 13:45:00,ACC5679,TRANSFER,TRANSACTION,transcation data .csv,Transaction ID: TXN202500483 | Sender: u_901 | Receiver: u_456 | Account: ACC5679 | Amount: 12800.0 | Date: 2032-12-09 13:45:00 | Transaction Type: TRANSFER
TXN202500484,u_234,u_789,175.0,2032-12-15 10:10:00,ACC3458,TRANSFER,TRANSACTION,transcation data .csv,Transaction ID: TXN202500484 | Sender: u_234 | Receiver: u_789 | Account: ACC3458 | Amount: 175.0 | Date: 2032-12-15 10:10:00 | Transaction Type: TRANSFER
TXN202500485,u_567,u_678,3700.0,2032-12-21 16:35:00,ACC9018,TRANSFER,TRANSACTION,transcation data .csv,Transaction ID: TXN202500485 | Sender: u_567 | Receiver: u_678 | Account: ACC9018 | Amount: 3700.0 | Date: 2032-12-21 16:35:00 | Transaction Type: TRANSFER
TXN202500486,u_123,u_901,930.0,2032-12-27 22:00:00,ACC6789,TRANSFER,TRANSACTION,transcation data .csv,Transaction ID: TXN202500486 | Sender: u_123 | Receiver: u_901 | Account: ACC6789 | Amount: 930.0 | Date: 2032-12-27 22:00:00 | Transaction Type: TRANSFER
TXN202500487,u_456,u_234,5600.0,2033-01-02 14:25:00,ACC4567,TRANSFER,TRANSACTION,transcation data .csv,Transaction ID: TXN202500487 | Sender: u_456 | Receiver: u_234 | Account: ACC4567 | Amount: 5600.0 | Date: 2033-01-02 14:25:00 | Transaction Type: TRANSFER
TXN202500488,u_789,u_123,480.0,2033-01-08 09:50:00,ACC2341,TRANSFER,TRANSACTION,transcation data .csv,Transaction ID: TXN202500488 | Sender: u_789 | Receiver: u_123 | Account: ACC2341 | Amount: 480.0 | Date: 2033-01-08 09:50:00 | Transaction Type: TRANSFER
TXN202500489,u_678,u_901,2500.0,2033-01-14 18:15:00,ACC7891,TRANSFER,TRANSACTION,transcation data .csv,Transaction ID: TXN202500489 | Sender: u_678 | Receiver: u_901 | Account: ACC7891 | Amount: 2500.0 | Date: 2033-01-14 18:15:00 | Transaction Type: TRANSFER
TXN202500490,u_123,u_456,850.0,2033-01-20 11:40:00,ACC5672,TRANSFER,TRANSACTION,transcation data .csv,Transaction ID: TXN202500490 | Sender: u_123 | Receiver: u_456 | Account: ACC5672 | Amount: 850.0 | Date: 2033-01-20 11:40:00 | Transaction Type: TRANSFER
TXN202500491,u_234,u_789,7200.0,2033-01-26 20:05:00,ACC3457,TRANSFER,TRANSACTION,transcation data .csv,Transaction ID: TXN202500491 | Sender: u_234 | Receiver: u_789 | Account: ACC3457 | Amount: 7200.0 | Date: 2033-01-26 20:05:00 | Transaction Type: TRANSFER
TXN202500492,u_901,u_678,1250.0,2033-02-01 15:30:00,ACC9013,TRANSFER,TRANSACTION,transcation data .csv,Transaction ID: TXN202500492 | Sender: u_901 | Receiver: u_678 | Account: ACC9013 | Amount: 1250.0 | Date: 2033-02-01 15:30:00 | Transaction Type: TRANSFER
TXN202500493,u_567,u_123,510.0,2033-02-07 08:55:00,ACC4562,TRANSFER,TRANSACTION,transcation data .csv,Transaction ID: TXN202500493 | Sender: u_567 | Receiver: u_123 | Account: ACC4562 | Amount: 510.0 | Date: 2033-02-07 08:55:00 | Transaction Type: TRANSFER
TXN202500494,u_456,u_890,13400.0,2033-02-13 19:20:00,ACC2349,TRANSFER,TRANSACTION,transcation data .csv,Transaction ID: TXN202500494 | Sender: u_456 | Receiver: u_890 | Account: ACC2349 | Amount: 13400.0 | Date: 2033-02-13 19:20:00 | Transaction Type: TRANSFER
TXN202500495,u_789,u_234,275.0,2033-02-19 13:45:00,ACC7898,TRANSFER,TRANSACTION,transcation data .csv,Transaction ID: TXN202500495 | Sender: u_789 | Receiver: u_234 | Account: ACC7898 | Amount: 275.0 | Date: 2033-02-19 13:45:00 | Transaction Type: TRANSFER
TXN202500496,u_123,u_456,8200.0,2033-02-25 10:10:00,ACC5676,TRANSFER,TRANSACTION,transcation data .csv,Transaction ID: TXN202500496 | Sender: u_123 | Receiver: u_456 | Account: ACC5676 | Amount: 8200.0 | Date: 2033-02-25 10:10:00 | Transaction Type: TRANSFER
TXN202500497,u_678,u_901,160.0,2033-03-03 16:35:00,ACC3455,TRANSFER,TRANSACTION,transcation data .csv,Transaction ID: TXN202500497 | Sender: u_678 | Receiver: u_901 | Account: ACC3455 | Amount: 160.0 | Date: 2033-03-03 16:35:00 | Transaction Type: TRANSFER
TXN202500498,u_234,u_567,4300.0,2033-03-09 22:00:00,ACC9016,TRANSFER,TRANSACTION,transcation data .csv,Transaction ID: TXN202500498 | Sender: u_234 | Receiver: u_567 | Account: ACC9016 | Amount: 4300.0 | Date: 2033-03-09 22:00:00 | Transaction Type: TRANSFER
TXN202500499,u_901,u_123,50.0,2033-03-15 14:25:00,ACC6789,TRANSFER,TRANSACTION,transcation data .csv,Transaction ID: TXN202500499 | Sender: u_901 | Receiver: u_123 | Account: ACC6789 | Amount: 50.0 | Date: 2033-03-15 14:25:00 | Transaction Type: TRANSFER
TXN202500500,u_456,u_789,11250.0,2033-03-21 09:50:00,ACC4561,TRANSFER,TRANSACTION,transcation data .csv,Transaction ID: TXN202500500 | Sender: u_456 | Receiver: u_789 | Account: ACC4561 | Amount: 11250.0 | Date: 2033-03-21 09:50:00 | Transaction Type: TRANSFER
TXN202500501,u_567,u_234,320.0,2033-03-27 18:15:00,ACC2346,TRANSFER,TRANSACTION,transcation data .csv,Transaction ID: TXN202500501 | Sender: u_567 | Receiver: u_234 | Account: ACC2346 | Amount: 320.0 | Date: 2033-03-27 18:15:00 | Transaction Type: TRANSFER
TXN202500502,u_123,u_678,7600.0,2033-04-02 11:40:00,ACC7894,TRANSFER,TRANSACTION,transcation data .csv,Transaction ID: TXN202500502 | Sender: u_123 | Receiver: u_678 | Account: ACC7894 | Amount: 7600.0 | Date: 2033-04-02 11:40:00 | Transaction Type: TRANSFER
TXN202500503,u_890,u_901,215.0,2033-04-08 20:05:00,ACC5674,TRANSFER,TRANSACTION,transcation data .csv,Transaction ID: TXN202500503 | Sender: u_890 | Receiver: u_901 | Account: ACC5674 | Amount: 215.0 | Date: 2033-04-08 20:05:00 | Transaction Type: TRANSFER
TXN202500504,u_456,u_234,940.0,2033-04-14 15:30:00,ACC3452,TRANSFER,TRANSACTION,transcation data .csv,Transaction ID: TXN202500504 | Sender: u_456 | Receiver: u_234 | Account: ACC3452 | Amount: 940.0 | Date: 2033-04-14 15:30:00 | Transaction Type: TRANSFER
TXN202500505,u_789,u_123,15500.0,2033-04-20 08:55:00,ACC9017,TRANSFER,TRANSACTION,transcation data .csv,Transaction ID: TXN202500505 | Sender: u_789 | Receiver: u_123 | Account: ACC9017 | Amount: 15500.0 | Date: 2033-04-20 08:55:00 | Transaction Type: TRANSFER
TXN202500506,u_901,u_567,380.0,2033-04-26 19:20:00,ACC6787,TRANSFER,TRANSACTION,transcation data .csv,Transaction ID: TXN202500506 | Sender: u_901 | Receiver: u_567 | Account: ACC6787 | Amount: 380.0 | Date: 2033-04-26 19:20:00 | Transaction Type: TRANSFER
TXN202500507,u_678,u_234,4800.0,2033-05-02 13:45:00,ACC4563,TRANSFER,TRANSACTION,transcation data .csv,Transaction ID: TXN202500507 | Sender: u_678 | Receiver: u_234 | Account: ACC4563 | Amount: 4800.0 | Date: 2033-05-02 13:45:00 | Transaction Type: TRANSFER
TXN202500508,u_123,u_890,210.0,2033-05-08 10:10:00,ACC2345,TRANSFER,TRANSACTION,transcation data .csv,Transaction ID: TXN202500508 | Sender: u_123 | Receiver: u_890 | Account: ACC2345 | Amount: 210.0 | Date: 2033-05-08 10:10:00 | Transaction Type: TRANSFER
TXN202500509,u_456,u_678,6250.0,2033-05-14 16:35:00,ACC7890,TRANSFER,TRANSACTION,transcation data .csv,Transaction ID: TXN202500509 | Sender: u_456 | Receiver: u_678 | Account: ACC7890 | Amount: 6250.0 | Date: 2033-05-14 16:35:00 | Transaction Type: TRANSFER
TXN202500510,u_234,u_901,94.0,2033-05-20 22:00:00,ACC5679,TRANSFER,TRANSACTION,transcation data .csv,Transaction ID: TXN202500510 | Sender: u_234 | Receiver: u_901 | Account: ACC5679 | Amount: 94.0 | Date: 2033-05-20 22:00:00 | Transaction Type: TRANSFER
TXN202500511,u_789,u_123,2700.0,2033-05-26 14:25:00,ACC3458,TRANSFER,TRANSACTION,transcation data .csv,Transaction ID: TXN202500511 | Sender: u_789 | Receiver: u_123 | Account: ACC3458 | Amount: 2700.0 | Date: 2033-05-26 14:25:00 | Transaction Type: TRANSFER
TXN202500512,u_567,u_456,780.0,2033-06-01 09:50:00,ACC9018,TRANSFER,TRANSACTION,transcation data .csv,Transaction ID: TXN202500512 | Sender: u_567 | Receiver: u_456 | Account: ACC9018 | Amount: 780.0 | Date: 2033-06-01 09:50:00 | Transaction Type: TRANSFER
TXN202500513,u_901,u_234,5400.0,2033-06-07 18:15:00,ACC6789,TRANSFER,TRANSACTION,transcation data .csv,Transaction ID: TXN202500513 | Sender: u_901 | Receiver: u_234 | Account: ACC6789 | Amount: 5400.0 | Date: 2033-06-07 18:15:00 | Transaction Type: TRANSFER
TXN202500514,u_123,u_789,425.0,2033-06-13 11:40:00,ACC4567,TRANSFER,TRANSACTION,transcation data .csv,Transaction ID: TXN202500514 | Sender: u_123 | Receiver: u_789 | Account: ACC4567 | Amount: 425.0 | Date: 2033-06-13 11:40:00 | Transaction Type: TRANSFER
TXN202500515,u_678,u_901,3200.0,2033-06-19 20:05:00,ACC2341,TRANSFER,TRANSACTION,transcation data .csv,Transaction ID: TXN202500515 | Sender: u_678 | Receiver: u_901 | Account: ACC2341 | Amount: 3200.0 | Date: 2033-06-19 20:05:00 | Transaction Type: TRANSFER
TXN202500516,u_456,u_234,180.0,2033-06-25 15:30:00,ACC7891,TRANSFER,TRANSACTION,transcation data .csv,Transaction ID: TXN202500516 | Sender: u_456 | Receiver: u_234 | Account: ACC7891 | Amount: 180.0 | Date: 2033-06-25 15:30:00 | Transaction Type: TRANSFER
TXN202500517,u_890,u_123,6900.0,2033-07-01 08:55:00,ACC5672,TRANSFER,TRANSACTION,transcation data .csv,Transaction ID: TXN202500517 | Sender: u_890 | Receiver: u_123 | Account: ACC5672 | Amount: 6900.0 | Date: 2033-07-01 08:55:00 | Transaction Type: TRANSFER
TXN202500518,u_901,u_678,750.0,2033-07-07 19:20:00,ACC3457,TRANSFER,TRANSACTION,transcation data .csv,Transaction ID: TXN202500518 | Sender: u_901 | Receiver: u_678 | Account: ACC3457 | Amount: 750.0 | Date: 2033-07-07 19:20:00 | Transaction Type: TRANSFER
TXN202500519,u_234,u_456,8150.0,2033-07-13 13:45:00,ACC9013,TRANSFER,TRANSACTION,transcation data .csv,Transaction ID: TXN202500519 | Sender: u_234 | Receiver: u_456 | Account: ACC9013 | Amount: 8150.0 | Date: 2033-07-13 13:45:00 | Transaction Type: TRANSFER
TXN202500520,u_567,u_901,95.0,2033-07-19 10:10:00,ACC4562,TRANSFER,TRANSACTION,transcation data .csv,Transaction ID: TXN202500520 | Sender: u_567 | Receiver: u_901 | Account: ACC4562 | Amount: 95.0 | Date: 2033-07-19 10:10:00 | Transaction Type: TRANSFER
TXN202500521,u_789,u_234,1750.0,2033-07-25 16:35:00,ACC2349,TRANSFER,TRANSACTION,transcation data .csv,Transaction ID: TXN202500521 | Sender: u_789 | Receiver: u_234 | Account: ACC2349 | Amount: 1750.0 | Date: 2033-07-25 16:35:00 | Transaction Type: TRANSFER
TXN202500522,u_123,u_678,3620.0,2033-07-31 22:00:00,ACC7898,TRANSFER,TRANSACTION,transcation data .csv,Transaction ID: TXN202500522 | Sender: u_123 | Receiver: u_678 | Account: ACC7898 | Amount: 3620.0 | Date: 2033-07-31 22:00:00 | Transaction Type: TRANSFER
TXN202500523,u_456,u_123,1280.0,2033-08-06 14:25:00,ACC5676,TRANSFER,TRANSACTION,transcation data .csv,Transaction ID: TXN202500523 | Sender: u_456 | Receiver: u_123 | Account: ACC5676 | Amount: 1280.0 | Date: 2033-08-06 14:25:00 | Transaction Type: TRANSFER
TXN202500524,u_901,u_456,500.0,2033-08-12 09:50:00,ACC3455,TRANSFER,TRANSACTION,transcation data .csv,Transaction ID: TXN202500524 | Sender: u_901 | Receiver: u_456 | Account: ACC3455 | Amount: 500.0 | Date: 2033-08-12 09:50:00 | Transaction Type: TRANSFER
TXN202500525,u_234,u_789,2400.0,2033-08-18 18:15:00,ACC9016,TRANSFER,TRANSACTION,transcation data .csv,Transaction ID: TXN202500525 | Sender: u_234 | Receiver: u_789 | Account: ACC9016 | Amount: 2400.0 | Date: 2033-08-18 18:15:00 | Transaction Type: TRANSFER
TXN202500526,u_567,u_123,580.0,2033-08-24 11:40:00,ACC6789,TRANSFER,TRANSACTION,transcation data .csv,Transaction ID: TXN202500526 | Sender: u_567 | Receiver: u_123 | Account: ACC6789 | Amount: 580.0 | Date: 2033-08-24 11:40:00 | Transaction Type: TRANSFER
TXN202500527,u_678,u_901,820.0,2033-08-30 20:05:00,ACC4561,TRANSFER,TRANSACTION,transcation data .csv,Transaction ID: TXN202500527 | Sender: u_678 | Receiver: u_901 | Account: ACC4561 | Amount: 820.0 | Date: 2033-08-30 20:05:00 | Transaction Type: TRANSFER
TXN202500528,u_890,u_234,14500.0,2033-09-05 15:30:00,ACC2346,TRANSFER,TRANSACTION,transcation data .csv,Transaction ID: TXN202500528 | Sender: u_890 | Receiver: u_234 | Account: ACC2346 | Amount: 14500.0 | Date: 2033-09-05 15:30:00 | Transaction Type: TRANSFER
TXN202500529,u_123,u_456,260.0,2033-09-11 08:55:00,ACC7894,TRANSFER,TRANSACTION,transcation data .csv,Transaction ID: TXN202500529 | Sender: u_123 | Receiver: u_456 | Account: ACC7894 | Amount: 260.0 | Date: 2033-09-11 08:55:00 | Transaction Type: TRANSFER
TXN202500530,u_456,u_789,7300.0,2033-09-17 19:20:00,ACC5674,TRANSFER,TRANSACTION,transcation data .csv,Transaction ID: TXN202500530 | Sender: u_456 | Receiver: u_789 | Account: ACC5674 | Amount: 7300.0 | Date: 2033-09-17 19:20:00 | Transaction Type: TRANSFER
TXN202500531,u_901,u_123,195.0,2033-09-23 13:45:00,ACC3452,TRANSFER,TRANSACTION,transcation data .csv,Transaction ID: TXN202500531 | Sender: u_901 | Receiver: u_123 | Account: ACC3452 | Amount: 195.0 | Date: 2033-09-23 13:45:00 | Transaction Type: TRANSFER
TXN202500532,u_678,u_234,5600.0,2033-09-29 10:10:00,ACC9017,TRANSFER,TRANSACTION,transcation data .csv,Transaction ID: TXN202500532 | Sender: u_678 | Receiver: u_234 | Account: ACC9017 | Amount: 5600.0 | Date: 2033-09-29 10:10:00 | Transaction Type: TRANSFER
TXN202500533,u_123,u_901,4250.0,2033-10-05 16:35:00,ACC6787,TRANSFER,TRANSACTION,transcation data .csv,Transaction ID: TXN202500533 | Sender: u_123 | Receiver: u_901 | Account: ACC6787 | Amount: 4250.0 | Date: 2033-10-05 16:35:00 | Transaction Type: TRANSFER
TXN202500534,u_234,u_567,150.0,2033-10-11 22:00:00,ACC4563,TRANSFER,TRANSACTION,transcation data .csv,Transaction ID: TXN202500534 | Sender: u_234 | Receiver: u_567 | Account: ACC4563 | Amount: 150.0 | Date: 2033-10-11 22:00:00 | Transaction Type: TRANSFER
TXN202500535,u_789,u_456,6800.0,2033-10-17 14:25:00,ACC2345,TRANSFER,TRANSACTION,transcation data .csv,Transaction ID: TXN202500535 | Sender: u_789 | Receiver: u_456 | Account: ACC2345 | Amount: 6800.0 | Date: 2033-10-17 14:25:00 | Transaction Type: TRANSFER
TXN202500536,u_901,u_123,370.0,2033-10-23 09:50:00,ACC7890,TRANSFER,TRANSACTION,transcation data .csv,Transaction ID: TXN202500536 | Sender: u_901 | Receiver: u_123 | Account: ACC7890 | Amount: 370.0 | Date: 2033-10-23 09:50:00 | Transaction Type: TRANSFER
TXN202500537,u_456,u_678,950.0,2033-10-29 18:15:00,ACC5679,TRANSFER,TRANSACTION,transcation data .csv,Transaction ID: TXN202500537 | Sender: u_456 | Receiver: u_678 | Account: ACC5679 | Amount: 950.0 | Date: 2033-10-29 18:15:00 | Transaction Type: TRANSFER
TXN202500538,u_567,u_901,2100.0,2033-11-04 11:40:00,ACC3458,TRANSFER,TRANSACTION,transcation data .csv,Transaction ID: TXN202500538 | Sender: u_567 | Receiver: u_901 | Account: ACC3458 | Amount: 2100.0 | Date: 2033-11-04 11:40:00 | Transaction Type: TRANSFER
TXN202500539,u_123,u_789,850.0,2033-11-10 20:05:00,ACC9018,TRANSFER,TRANSACTION,transcation data .csv,Transaction ID: TXN202500539 | Sender: u_123 | Receiver: u_789 | Account: ACC9018 | Amount: 850.0 | Date: 2033-11-10 20:05:00 | Transaction Type: TRANSFER
TXN202500540,u_678,u_456,490.0,2033-11-16 15:30:00,ACC6789,TRANSFER,TRANSACTION,transcation data .csv,Transaction ID: TXN202500540 | Sender: u_678 | Receiver: u_456 | Account: ACC6789 | Amount: 490.0 | Date: 2033-11-16 15:30:00 | Transaction Type: TRANSFER
TXN202500541,u_890,u_123,11750.0,2033-11-22 08:55:00,ACC4567,TRANSFER,TRANSACTION,transcation data .csv,Transaction ID: TXN202500541 | Sender: u_890 | Receiver: u_123 | Account: ACC4567 | Amount: 11750.0 | Date: 2033-11-22 08:55:00 | Transaction Type: TRANSFER
TXN202500542,u_456,u_901,325.0,2033-11-28 19:20:00,ACC2341,TRANSFER,TRANSACTION,transcation data .csv,Transaction ID: TXN202500542 | Sender: u_456 | Receiver: u_901 | Account: ACC2341 | Amount: 325.0 | Date: 2033-11-28 19:20:00 | Transaction Type: TRANSFER
TXN202500543,u_234,u_678,870.0,2033-12-04 13:45:00,ACC7891,TRANSFER,TRANSACTION,transcation data .csv,Transaction ID: TXN202500543 | Sender: u_234 | Receiver: u_678 | Account: ACC7891 | Amount: 870.0 | Date: 2033-12-04 13:45:00 | Transaction Type: TRANSFER
TXN202500544,u_789,u_123,9400.0,2033-12-10 10:10:00,ACC5672,TRANSFER,TRANSACTION,transcation data .csv,Transaction ID: TXN202500544 | Sender: u_789 | Receiver: u_123 | Account: ACC5672 | Amount: 9400.0 | Date: 2033-12-10 10:10:00 | Transaction Type: TRANSFER
TXN202500545,u_567,u_456,215.0,2033-12-16 16:35:00,ACC3457,TRANSFER,TRANSACTION,transcation data .csv,Transaction ID: TXN202500545 | Sender: u_567 | Receiver: u_456 | Account: ACC3457 | Amount: 215.0 | Date: 2033-12-16 16:35:00 | Transaction Type: TRANSFER
TXN202500546,u_901,u_234,760.0,2033-12-22 22:00:00,ACC9013,TRANSFER,TRANSACTION,transcation data .csv,Transaction ID: TXN202500546 | Sender: u_901 | Receiver: u_234 | Account: ACC9013 | Amount: 760.0 | Date: 2033-12-22 22:00:00 | Transaction Type: TRANSFER
TXN202500547,u_123,u_789,3100.0,2033-12-28 14:25:00,ACC4562,TRANSFER,TRANSACTION,transcation data .csv,Transaction ID: TXN202500547 | Sender: u_123 | Receiver: u_789 | Account: ACC4562 | Amount: 3100.0 | Date: 2033-12-28 14:25:00 | Transaction Type: TRANSFER
TXN202500548,u_678,u_901,430.0,2034-01-03 09:50:00,ACC2349,TRANSFER,TRANSACTION,transcation data .csv,Transaction ID: TXN202500548 | Sender: u_678 | Receiver: u_901 | Account: ACC2349 | Amount: 430.0 | Date: 2034-01-03 09:50:00 | Transaction Type: TRANSFER
TXN202500549,u_456,u_234,1250.0,2034-01-09 18:15:00,ACC7898,TRANSFER,TRANSACTION,transcation data .csv,Transaction ID: TXN202500549 | Sender: u_456 | Receiver: u_234 | Account: ACC7898 | Amount: 1250.0 | Date: 2034-01-09 18:15:00 | Transaction Type: TRANSFER
TXN202500550,u_234,u_123,5800.0,2034-01-15 11:40:00,ACC5676,TRANSFER,TRANSACTION,transcation data .csv,Transaction ID: TXN202500550 | Sender: u_234 | Receiver: u_123 | Account: ACC5676 | Amount: 5800.0 | Date: 2034-01-15 11:40:00 | Transaction Type: TRANSFER
TXN202500551,u_890,u_567,920.0,2034-01-21 20:05:00,ACC3455,TRANSFER,TRANSACTION,transcation data .csv,Transaction ID: TXN202500551 | Sender: u_890 | Receiver: u_567 | Account: ACC3455 | Amount: 920.0 | Date: 2034-01-21 20:05:00 | Transaction Type: TRANSFER
TXN202500552,u_123,u_678,3700.0,2034-01-27 15:30:00,ACC9016,TRANSFER,TRANSACTION,transcation data .csv,Transaction ID: TXN202500552 | Sender: u_123 | Receiver: u_678 | Account: ACC9016 | Amount: 3700.0 | Date: 2034-01-27 15:30:00 | Transaction Type: TRANSFER
TXN202500553,u_456,u_901,165.0,2034-02-02 08:55:00,ACC6789,TRANSFER,TRANSACTION,transcation data .csv,Transaction ID: TXN202500553 | Sender: u_456 | Receiver: u_901 | Account: ACC6789 | Amount: 165.0 | Date: 2034-02-02 08:55:00 | Transaction Type: TRANSFER
TXN202500554,u_789,u_234,6100.0,2034-02-08 19:20:00,ACC4561,TRANSFER,TRANSACTION,transcation data .csv,Transaction ID: TXN202500554 | Sender: u_789 | Receiver: u_234 | Account: ACC4561 | Amount: 6100.0 | Date: 2034-02-08 19:20:00 | Transaction Type: TRANSFER
TXN202500555,u_567,u_123,280.0,2034-02-14 13:45:00,ACC2346,TRANSFER,TRANSACTION,transcation data .csv,Transaction ID: TXN202500555 | Sender: u_567 | Receiver: u_123 | Account: ACC2346 | Amount: 280.0 | Date: 2034-02-14 13:45:00 | Transaction Type: TRANSFER
TXN202500556,u_901,u_678,14300.0,2034-02-20 10:10:00,ACC7894,TRANSFER,TRANSACTION,transcation data .csv,Transaction ID: TXN202500556 | Sender: u_901 | Receiver: u_678 | Account: ACC7894 | Amount: 14300.0 | Date: 2034-02-20 10:10:00 | Transaction Type: TRANSFER
TXN202500557,u_234,u_789,740.0,2034-02-26 16:35:00,ACC5674,TRANSFER,TRANSACTION,transcation data .csv,Transaction ID: TXN202500557 | Sender: u_234 | Receiver: u_789 | Account: ACC5674 | Amount: 740.0 | Date: 2034-02-26 16:35:00 | Transaction Type: TRANSFER
TXN202500558,u_456,u_123,4900.0,2034-03-04 22:00:00,ACC3452,TRANSFER,TRANSACTION,transcation data .csv,Transaction ID: TXN202500558 | Sender: u_456 | Receiver: u_123 | Account: ACC3452 | Amount: 4900.0 | Date: 2034-03-04 22:00:00 | Transaction Type: TRANSFER
TXN202500559,u_678,u_901,390.0,2034-03-10 14:25:00,ACC9017,TRANSFER,TRANSACTION,transcation data .csv,Transaction ID: TXN202500559 | Sender: u_678 | Receiver: u_901 | Account: ACC9017 | Amount: 390.0 | Date: 2034-03-10 14:25:00 | Transaction Type: TRANSFER
TXN202500560,u_123,u_456,8250.0,2034-03-16 09:50:00,ACC6787,TRANSFER,TRANSACTION,transcation data .csv,Transaction ID: TXN202500560 | Sender: u_123 | Receiver: u_456 | Account: ACC6787 | Amount: 8250.0 | Date: 2034-03-16 09:50:00 | Transaction Type: TRANSFER
TXN202500561,u_234,u_890,210.0,2034-03-22 18:15:00,ACC4563,TRANSFER,TRANSACTION,transcation data .csv,Transaction ID: TXN202500561 | Sender: u_234 | Receiver: u_890 | Account: ACC4563 | Amount: 210.0 | Date: 2034-03-22 18:15:00 | Transaction Type: TRANSFER
TXN202500562,u_789,u_567,5300.0,2034-03-28 11:40:00,ACC2345,TRANSFER,TRANSACTION,transcation data .csv,Transaction ID: TXN202500562 | Sender: u_789 | Receiver: u_567 | Account: ACC2345 | Amount: 5300.0 | Date: 2034-03-28 11:40:00 | Transaction Type: TRANSFER
TXN202500563,u_901,u_123,180.0,2034-04-03 20:05:00,ACC7890,TRANSFER,TRANSACTION,transcation data .csv,Transaction ID: TXN202500563 | Sender: u_901 | Receiver: u_123 | Account: ACC7890 | Amount: 180.0 | Date: 2034-04-03 20:05:00 | Transaction Type: TRANSFER
TXN202500564,u_456,u_678,7150.0,2034-04-09 15:30:00,ACC5679,TRANSFER,TRANSACTION,transcation data .csv,Transaction ID: TXN202500564 | Sender: u_456 | Receiver: u_678 | Account: ACC5679 | Amount: 7150.0 | Date: 2034-04-09 15:30:00 | Transaction Type: TRANSFER
TXN202500565,u_567,u_901,485.0,2034-04-15 08:55:00,ACC3458,TRANSFER,TRANSACTION,transcation data .csv,Transaction ID: TXN202500565 | Sender: u_567 | Receiver: u_901 | Account: ACC3458 | Amount: 485.0 | Date: 2034-04-15 08:55:00 | Transaction Type: TRANSFER
TXN202500566,u_123,u_456,940.0,2034-04-21 19:20:00,ACC9018,TRANSFER,TRANSACTION,transcation data .csv,Transaction ID: TXN202500566 | Sender: u_123 | Receiver: u_456 | Account: ACC9018 | Amount: 940.0 | Date: 2034-04-21 19:20:00 | Transaction Type: TRANSFER
TXN202500567,u_678,u_234,2700.0,2034-04-27 13:45:00,ACC6789,TRANSFER,TRANSACTION,transcation data .csv,Transaction ID: TXN202500567 | Sender: u_678 | Receiver: u_234 | Account: ACC6789 | Amount: 2700.0 | Date: 2034-04-27 13:45:00 | Transaction Type: TRANSFER
TXN202500568,u_890,u_123,620.0,2034-05-03 10:10:00,ACC4567,TRANSFER,TRANSACTION,transcation data .csv,Transaction ID: TXN202500568 | Sender: u_890 | Receiver: u_123 | Account: ACC4567 | Amount: 620.0 | Date: 2034-05-03 10:10:00 | Transaction Type: TRANSFER
TXN202500569,u_456,u_901,4200.0,2034-05-09 16:35:00,ACC2341,TRANSFER,TRANSACTION,transcation data .csv,Transaction ID: TXN202500569 | Sender: u_456 | Receiver: u_901 | Account: ACC2341 | Amount: 4200.0 | Date: 2034-05-09 16:35:00 | Transaction Type: TRANSFER
TXN202500570,u_234,u_789,115.0,2034-05-15 22:00:00,ACC7891,TRANSFER,TRANSACTION,transcation data .csv,Transaction ID: TXN202500570 | Sender: u_234 | Receiver: u_789 | Account: ACC7891 | Amount: 115.0 | Date: 2034-05-15 22:00:00 | Transaction Type: TRANSFER
TXN202500571,u_123,u_567,8900.0,2034-05-21 14:25:00,ACC5672,TRANSFER,TRANSACTION,transcation data .csv,Transaction ID: TXN202500571 | Sender: u_123 | Receiver: u_567 | Account: ACC5672 | Amount: 8900.0 | Date: 2034-05-21 14:25:00 | Transaction Type: TRANSFER
TXN202500572,u_678,u_456,360.0,2034-05-27 09:50:00,ACC3457,TRANSFER,TRANSACTION,transcation data .csv,Transaction ID: TXN202500572 | Sender: u_678 | Receiver: u_456 | Account: ACC3457 | Amount: 360.0 | Date: 2034-05-27 09:50:00 | Transaction Type: TRANSFER
TXN202500573,u_901,u_123,2850.0,2034-06-02 18:15:00,ACC9013,TRANSFER,TRANSACTION,transcation data .csv,Transaction ID: TXN202500573 | Sender: u_901 | Receiver: u_123 | Account: ACC9013 | Amount: 2850.0 | Date: 2034-06-02 18:15:00 | Transaction Type: TRANSFER
TXN202500574,u_456,u_789,740.0,2034-06-08 11:40:00,ACC4562,TRANSFER,TRANSACTION,transcation data .csv,Transaction ID: TXN202500574 | Sender: u_456 | Receiver: u_789 | Account: ACC4562 | Amount: 740.0 | Date: 2034-06-08 11:40:00 | Transaction Type: TRANSFER
TXN202500575,u_234,u_901,600.0,2034-06-14 20:05:00,ACC2349,TRANSFER,TRANSACTION,transcation data .csv,Transaction ID: TXN202500575 | Sender: u_234 | Receiver: u_901 | Account: ACC2349 | Amount: 600.0 | Date: 2034-06-14 20:05:00 | Transaction Type: TRANSFER
TXN202500576,u_567,u_123,4500.0,2034-06-20 15:30:00,ACC7898,TRANSFER,TRANSACTION,transcation data .csv,Transaction ID: TXN202500576 | Sender: u_567 | Receiver: u_123 | Account: ACC7898 | Amount: 4500.0 | Date: 2034-06-20 15:30:00 | Transaction Type: TRANSFER
TXN202500577,u_789,u_678,210.0,2034-06-26 08:55:00,ACC5676,TRANSFER,TRANSACTION,transcation data .csv,Transaction ID: TXN202500577 | Sender: u_789 | Receiver: u_678 | Account: ACC5676 | Amount: 210.0 | Date: 2034-06-26 08:55:00 | Transaction Type: TRANSFER
TXN202500578,u_901,u_456,810.0,2034-07-02 19:20:00,ACC3455,TRANSFER,TRANSACTION,transcation data .csv,Transaction ID: TXN202500578 | Sender: u_901 | Receiver: u_456 | Account: ACC3455 | Amount: 810.0 | Date: 2034-07-02 19:20:00 | Transaction Type: TRANSFER
TXN202500579,u_123,u_234,12800.0,2034-07-08 13:45:00,ACC9016,TRANSFER,TRANSACTION,transcation data .csv,Transaction ID: TXN202500579 | Sender: u_123 | Receiver: u_234 | Account: ACC9016 | Amount: 12800.0 | Date: 2034-07-08 13:45:00 | Transaction Type: TRANSFER
TXN202500580,u_678,u_901,175.0,2034-07-14 10:10:00,ACC6789,TRANSFER,TRANSACTION,transcation data .csv,Transaction ID: TXN202500580 | Sender: u_678 | Receiver: u_901 | Account: ACC6789 | Amount: 175.0 | Date: 2034-07-14 10:10:00 | Transaction Type: TRANSFER
TXN202500581,u_456,u_123,3700.0,2034-07-20 16:35:00,ACC4561,TRANSFER,TRANSACTION,transcation data .csv,Transaction ID: TXN202500581 | Sender: u_456 | Receiver: u_123 | Account: ACC4561 | Amount: 3700.0 | Date: 2034-07-20 16:35:00 | Transaction Type: TRANSFER
TXN202500582,u_234,u_567,930.0,2034-07-26 22:00:00,ACC2346,TRANSFER,TRANSACTION,transcation data .csv,Transaction ID: TXN202500582 | Sender: u_234 | Receiver: u_567 | Account: ACC2346 | Amount: 930.0 | Date: 2034-07-26 22:00:00 | Transaction Type: TRANSFER
TXN202500583,u_890,u_678,5600.0,2034-08-01 14:25:00,ACC7894,TRANSFER,TRANSACTION,transcation data .csv,Transaction ID: TXN202500583 | Sender: u_890 | Receiver: u_678 | Account: ACC7894 | Amount: 5600.0 | Date: 2034-08-01 14:25:00 | Transaction Type: TRANSFER
TXN202500584,u_901,u_234,480.0,2034-08-07 09:50:00,ACC5674,TRANSFER,TRANSACTION,transcation data .csv,Transaction ID: TXN202500584 | Sender: u_901 | Receiver: u_234 | Account: ACC5674 | Amount: 480.0 | Date: 2034-08-07 09:50:00 | Transaction Type: TRANSFER
TXN202500585,u_123,u_789,2500.0,2034-08-13 18:15:00,ACC3452,TRANSFER,TRANSACTION,transcation data .csv,Transaction ID: TXN202500585 | Sender: u_123 | Receiver: u_789 | Account: ACC3452 | Amount: 2500.0 | Date: 2034-08-13 18:15:00 | Transaction Type: TRANSFER
TXN202500586,u_456,u_901,850.0,2034-08-19 11:40:00,ACC9017,TRANSFER,TRANSACTION,transcation data .csv,Transaction ID: TXN202500586 | Sender: u_456 | Receiver: u_901 | Account: ACC9017 | Amount: 850.0 | Date: 2034-08-19 11:40:00 | Transaction Type: TRANSFER
TXN202500587,u_678,u_123,7200.0,2034-08-25 20:05:00,ACC6787,TRANSFER,TRANSACTION,transcation data .csv,Transaction ID: TXN202500587 | Sender: u_678 | Receiver: u_123 | Account: ACC6787 | Amount: 7200.0 | Date: 2034-08-25 20:05:00 | Transaction Type: TRANSFER
TXN202500588,u_234,u_456,1250.0,2034-08-31 15:30:00,ACC4563,TRANSFER,TRANSACTION,transcation data .csv,Transaction ID: TXN202500588 | Sender: u_234 | Receiver: u_456 | Account: ACC4563 | Amount: 1250.0 | Date: 2034-08-31 15:30:00 | Transaction Type: TRANSFER
TXN202500589,u_789,u_901,510.0,2034-09-06 08:55:00,ACC2345,TRANSFER,TRANSACTION,transcation data .csv,Transaction ID: TXN202500589 | Sender: u_789 | Receiver: u_901 | Account: ACC2345 | Amount: 510.0 | Date: 2034-09-06 08:55:00 | Transaction Type: TRANSFER
TXN202500590,u_123,u_678,13400.0,2034-09-12 19:20:00,ACC7890,TRANSFER,TRANSACTION,transcation data .csv,Transaction ID: TXN202500590 | Sender: u_123 | Receiver: u_678 | Account: ACC7890 | Amount: 13400.0 | Date: 2034-09-12 19:20:00 | Transaction Type: TRANSFER
TXN202500591,u_567,u_234,275.0,2034-09-18 13:45:00,ACC5679,TRANSFER,TRANSACTION,transcation data .csv,Transaction ID: TXN202500591 | Sender: u_567 | Receiver: u_234 | Account: ACC5679 | Amount: 275.0 | Date: 2034-09-18 13:45:00 | Transaction Type: TRANSFER
TXN202500592,u_901,u_789,8200.0,2034-09-24 10:10:00,ACC3458,TRANSFER,TRANSACTION,transcation data .csv,Transaction ID: TXN202500592 | Sender: u_901 | Receiver: u_789 | Account: ACC3458 | Amount: 8200.0 | Date: 2034-09-24 10:10:00 | Transaction Type: TRANSFER
TXN202500593,u_456,u_123,160.0,2034-09-30 16:35:00,ACC9018,TRANSFER,TRANSACTION,transcation data .csv,Transaction ID: TXN202500593 | Sender: u_456 | Receiver: u_123 | Account: ACC9018 | Amount: 160.0 | Date: 2034-09-30 16:35:00 | Transaction Type: TRANSFER
TXN202500594,u_234,u_678,4300.0,2034-10-06 22:00:00,ACC6789,TRANSFER,TRANSACTION,transcation data .csv,Transaction ID: TXN202500594 | Sender: u_234 | Receiver: u_678 | Account: ACC6789 | Amount: 4300.0 | Date: 2034-10-06 22:00:00 | Transaction Type: TRANSFER
TXN202500595,u_789,u_901,50.0,2034-10-12 14:25:00,ACC4567,TRANSFER,TRANSACTION,transcation data .csv,Transaction ID: TXN202500595 | Sender: u_789 | Receiver: u_901 | Account: ACC4567 | Amount: 50.0 | Date: 2034-10-12 14:25:00 | Transaction Type: TRANSFER
TXN202500596,u_123,u_456,11250.0,2034-10-18 09:50:00,ACC2341,TRANSFER,TRANSACTION,transcation data .csv,Transaction ID: TXN202500596 | Sender: u_123 | Receiver: u_456 | Account: ACC2341 | Amount: 11250.0 | Date: 2034-10-18 09:50:00 | Transaction Type: TRANSFER
TXN202500597,u_678,u_234,320.0,2034-10-24 18:15:00,ACC7891,TRANSFER,TRANSACTION,transcation data .csv,Transaction ID: TXN202500597 | Sender: u_678 | Receiver: u_234 | Account: ACC7891 | Amount: 320.0 | Date: 2034-10-24 18:15:00 | Transaction Type: TRANSFER
TXN202500598,u_901,u_123,7600.0,2034-10-30 11:40:00,ACC5672,TRANSFER,TRANSACTION,transcation data .csv,Transaction ID: TXN202500598 | Sender: u_901 | Receiver: u_123 | Account: ACC5672 | Amount: 7600.0 | Date: 2034-10-30 11:40:00 | Transaction Type: TRANSFER
TXN202500599,u_456,u_789,215.0,2034-11-05 20:05:00,ACC3457,TRANSFER,TRANSACTION,transcation data .csv,Transaction ID: TXN202500599 | Sender: u_456 | Receiver: u_789 | Account: ACC3457 | Amount: 215.0 | Date: 2034-11-05 20:05:00 | Transaction Type: TRANSFER
TXN202500600,u_234,u_678,940.0,2034-11-11 15:30:00,ACC9013,TRANSFER,TRANSACTION,transcation data .csv,Transaction ID: TXN202500600 | Sender: u_234 | Receiver: u_678 | Account: ACC9013 | Amount: 940.0 | Date: 2034-11-11 15:30:00 | Transaction Type: TRANSFER
TXN202500601,u_789,u_123,15500.0,2034-11-17 08:55:00,ACC4562,TRANSFER,TRANSACTION,transcation data .csv,Transaction ID: TXN202500601 | Sender: u_789 | Receiver: u_123 | Account: ACC4562 | Amount: 15500.0 | Date: 2034-11-17 08:55:00 | Transaction Type: TRANSFER
TXN202500602,u_567,u_901,380.0,2034-11-23 19:20:00,ACC2349,TRANSFER,TRANSACTION,transcation data .csv,Transaction ID: TXN202500602 | Sender: u_567 | Receiver: u_901 | Account: ACC2349 | Amount: 380.0 | Date: 2034-11-23 19:20:00 | Transaction Type: TRANSFER
TXN202500603,u_123,u_456,4800.0,2034-11-29 13:45:00,ACC7898,TRANSFER,TRANSACTION,transcation data .csv,Transaction ID: TXN202500603 | Sender: u_123 | Receiver: u_456 | Account: ACC7898 | Amount: 4800.0 | Date: 2034-11-29 13:45:00 | Transaction Type: TRANSFER
TXN202500604,u_678,u_890,210.0,2034-12-05 10:10:00,ACC5676,TRANSFER,TRANSACTION,transcation data .csv,Transaction ID: TXN202500604 | Sender: u_678 | Receiver: u_890 | Account: ACC5676 | Amount: 210.0 | Date: 2034-12-05 10:10:00 | Transaction Type: TRANSFER
TXN202500605,u_901,u_234,6250.0,2034-12-11 16:35:00,ACC3455,TRANSFER,TRANSACTION,transcation data .csv,Transaction ID: TXN202500605 | Sender: u_901 | Receiver: u_234 | Account: ACC3455 | Amount: 6250.0 | Date: 2034-12-11 16:35:00 | Transaction Type: TRANSFER
TXN202500606,u_456,u_123,94.0,2034-12-17 22:00:00,ACC9016,TRANSFER,TRANSACTION,transcation data .csv,Transaction ID: TXN202500606 | Sender: u_456 | Receiver: u_123 | Account: ACC9016 | Amount: 94.0 | Date: 2034-12-17 22:00:00 | Transaction Type: TRANSFER
TXN202500607,u_234,u_789,2700.0,2034-12-23 14:25:00,ACC6789,TRANSFER,TRANSACTION,transcation data .csv,Transaction ID: TXN202500607 | Sender: u_234 | Receiver: u_789 | Account: ACC6789 | Amount: 2700.0 | Date: 2034-12-23 14:25:00 | Transaction Type: TRANSFER
TXN202500608,u_567,u_678,780.0,2034-12-29 09:50:00,ACC4561,TRANSFER,TRANSACTION,transcation data .csv,Transaction ID: TXN202500608 | Sender: u_567 | Receiver: u_678 | Account: ACC4561 | Amount: 780.0 | Date: 2034-12-29 09:50:00 | Transaction Type: TRANSFER
TXN202500609,u_123,u_901,5400.0,2035-01-04 18:15:00,ACC2346,TRANSFER,TRANSACTION,transcation data .csv,Transaction ID: TXN202500609 | Sender: u_123 | Receiver: u_901 | Account: ACC2346 | Amount: 5400.0 | Date: 2035-01-04 18:15:00 | Transaction Type: TRANSFER
TXN202500610,u_890,u_456,425.0,2035-01-10 11:40:00,ACC7894,TRANSFER,TRANSACTION,transcation data .csv,Transaction ID: TXN202500610 | Sender: u_890 | Receiver: u_456 | Account: ACC7894 | Amount: 425.0 | Date: 2035-01-10 11:40:00 | Transaction Type: TRANSFER
TXN202500611,u_678,u_123,3200.0,2035-01-16 20:05:00,ACC5674,TRANSFER,TRANSACTION,transcation data .csv,Transaction ID: TXN202500611 | Sender: u_678 | Receiver: u_123 | Account: ACC5674 | Amount: 3200.0 | Date: 2035-01-16 20:05:00 | Transaction Type: TRANSFER
TXN202500612,u_901,u_234,180.0,2035-01-22 15:30:00,ACC3452,TRANSFER,TRANSACTION,transcation data .csv,Transaction ID: TXN202500612 | Sender: u_901 | Receiver: u_234 | Account: ACC3452 | Amount: 180.0 | Date: 2035-01-22 15:30:00 | Transaction Type: TRANSFER
TXN202500613,u_456,u_789,6900.0,2035-01-28 08:55:00,ACC9017,TRANSFER,TRANSACTION,transcation data .csv,Transaction ID: TXN202500613 | Sender: u_456 | Receiver: u_789 | Account: ACC9017 | Amount: 6900.0 | Date: 2035-01-28 08:55:00 | Transaction Type: TRANSFER
TXN202500614,u_123,u_678,750.0,2035-02-03 19:20:00,ACC6787,TRANSFER,TRANSACTION,transcation data .csv,Transaction ID: TXN202500614 | Sender: u_123 | Receiver: u_678 | Account: ACC6787 | Amount: 750.0 | Date: 2035-02-03 19:20:00 | Transaction Type: TRANSFER
TXN202500615,u_234,u_901,8150.0,2035-02-09 13:45:00,ACC4563,TRANSFER,TRANSACTION,transcation data .csv,Transaction ID: TXN202500615 | Sender: u_234 | Receiver: u_901 | Account: ACC4563 | Amount: 8150.0 | Date: 2035-02-09 13:45:00 | Transaction Type: TRANSFER
TXN202500616,u_789,u_123,95.0,2035-02-15 10:10:00,ACC2345,TRANSFER,TRANSACTION,transcation data .csv,Transaction ID: TXN202500616 | Sender: u_789 | Receiver: u_123 | Account: ACC2345 | Amount: 95.0 | Date: 2035-02-15 10:10:00 | Transaction Type: TRANSFER
TXN202500617,u_567,u_456,1750.0,2035-02-21 16:35:00,ACC7890,TRANSFER,TRANSACTION,transcation data .csv,Transaction ID: TXN202500617 | Sender: u_567 | Receiver: u_456 | Account: ACC7890 | Amount: 1750.0 | Date: 2035-02-21 16:35:00 | Transaction Type: TRANSFER
TXN202500618,u_901,u_234,3620.0,2035-02-27 22:00:00,ACC5679,TRANSFER,TRANSACTION,transcation data .csv,Transaction ID: TXN202500618 | Sender: u_901 | Receiver: u_234 | Account: ACC5679 | Amount: 3620.0 | Date: 2035-02-27 22:00:00 | Transaction Type: TRANSFER
TXN202500619,u_123,u_678,1280.0,2035-03-05 14:25:00,ACC3458,TRANSFER,TRANSACTION,transcation data .csv,Transaction ID: TXN202500619 | Sender: u_123 | Receiver: u_678 | Account: ACC3458 | Amount: 1280.0 | Date: 2035-03-05 14:25:00 | Transaction Type: TRANSFER
TXN202500620,u_456,u_901,500.0,2035-03-11 09:50:00,ACC9018,TRANSFER,TRANSACTION,transcation data .csv,Transaction ID: TXN202500620 | Sender: u_456 | Receiver: u_901 | Account: ACC9018 | Amount: 500.0 | Date: 2035-03-11 09:50:00 | Transaction Type: TRANSFER
TXN202500621,u_678,u_123,2400.0,2035-03-17 18:15:00,ACC6789,TRANSFER,TRANSACTION,transcation data .csv,Transaction ID: TXN202500621 | Sender: u_678 | Receiver: u_123 | Account: ACC6789 | Amount: 2400.0 | Date: 2035-03-17 18:15:00 | Transaction Type: TRANSFER
TXN202500622,u_234,u_567,580.0,2035-03-23 11:40:00,ACC4567,TRANSFER,TRANSACTION,transcation data .csv,Transaction ID: TXN202500622 | Sender: u_234 | Receiver: u_567 | Account: ACC4567 | Amount: 580.0 | Date: 2035-03-23 11:40:00 | Transaction Type: TRANSFER
TXN202500623,u_789,u_456,820.0,2035-03-29 20:05:00,ACC2341,TRANSFER,TRANSACTION,transcation data .csv,Transaction ID: TXN202500623 | Sender: u_789 | Receiver: u_456 | Account: ACC2341 | Amount: 820.0 | Date: 2035-03-29 20:05:00 | Transaction Type: TRANSFER
TXN202500624,u_901,u_123,14500.0,2035-04-04 15:30:00,ACC7891,TRANSFER,TRANSACTION,transcation data .csv,Transaction ID: TXN202500624 | Sender: u_901 | Receiver: u_123 | Account: ACC7891 | Amount: 14500.0 | Date: 2035-04-04 15:30:00 | Transaction Type: TRANSFER
TXN202500625,u_123,u_678,260.0,2035-04-10 08:55:00,ACC5672,TRANSFER,TRANSACTION,transcation data .csv,Transaction ID: TXN202500625 | Sender: u_123 | Receiver: u_678 | Account: ACC5672 | Amount: 260.0 | Date: 2035-04-10 08:55:00 | Transaction Type: TRANSFER
TXN202500626,u_456,u_901,7300.0,2035-04-16 19:20:00,ACC3457,TRANSFER,TRANSACTION,transcation data .csv,Transaction ID: TXN202500626 | Sender: u_456 | Receiver: u_901 | Account: ACC3457 | Amount: 7300.0 | Date: 2035-04-16 19:20:00 | Transaction Type: TRANSFER
TXN202500627,u_234,u_789,195.0,2035-04-22 13:45:00,ACC9013,TRANSFER,TRANSACTION,transcation data .csv,Transaction ID: TXN202500627 | Sender: u_234 | Receiver: u_789 | Account: ACC9013 | Amount: 195.0 | Date: 2035-04-22 13:45:00 | Transaction Type: TRANSFER
TXN202500628,u_678,u_123,5600.0,2035-04-28 10:10:00,ACC4562,TRANSFER,TRANSACTION,transcation data .csv,Transaction ID: TXN202500628 | Sender: u_678 | Receiver: u_123 | Account: ACC4562 | Amount: 5600.0 | Date: 2035-04-28 10:10:00 | Transaction Type: TRANSFER
TXN202500629,u_901,u_456,4250.0,2035-05-04 16:35:00,ACC2349,TRANSFER,TRANSACTION,transcation data .csv,Transaction ID: TXN202500629 | Sender: u_901 | Receiver: u_456 | Account: ACC2349 | Amount: 4250.0 | Date: 2035-05-04 16:35:00 | Transaction Type: TRANSFER
TXN202500630,u_567,u_123,150.0,2035-05-10 22:00:00,ACC7898,TRANSFER,TRANSACTION,transcation data .csv,Transaction ID: TXN202500630 | Sender: u_567 | Receiver: u_123 | Account: ACC7898 | Amount: 150.0 | Date: 2035-05-10 22:00:00 | Transaction Type: TRANSFER
TXN202500631,u_789,u_678,6800.0,2035-05-16 14:25:00,ACC5676,TRANSFER,TRANSACTION,transcation data .csv,Transaction ID: TXN202500631 | Sender: u_789 | Receiver: u_678 | Account: ACC5676 | Amount: 6800.0 | Date: 2035-05-16 14:25:00 | Transaction Type: TRANSFER
TXN202500632,u_123,u_901,370.0,2035-05-22 09:50:00,ACC3455,TRANSFER,TRANSACTION,transcation data .csv,Transaction ID: TXN202500632 | Sender: u_123 | Receiver: u_901 | Account: ACC3455 | Amount: 370.0 | Date: 2035-05-22 09:50:00 | Transaction Type: TRANSFER
TXN202500633,u_456,u_234,950.0,2035-05-28 18:15:00,ACC9016,TRANSFER,TRANSACTION,transcation data .csv,Transaction ID: TXN202500633 | Sender: u_456 | Receiver: u_234 | Account: ACC9016 | Amount: 950.0 | Date: 2035-05-28 18:15:00 | Transaction Type: TRANSFER
TXN202500634,u_678,u_123,2100.0,2035-06-03 11:40:00,ACC6789,TRANSFER,TRANSACTION,transcation data .csv,Transaction ID: TXN202500634 | Sender: u_678 | Receiver: u_123 | Account: ACC6789 | Amount: 2100.0 | Date: 2035-06-03 11:40:00 | Transaction Type: TRANSFER
TXN202500635,u_901,u_567,850.0,2035-06-09 20:05:00,ACC4561,TRANSFER,TRANSACTION,transcation data .csv,Transaction ID: TXN202500635 | Sender: u_901 | Receiver: u_567 | Account: ACC4561 | Amount: 850.0 | Date: 2035-06-09 20:05:00 | Transaction Type: TRANSFER
TXN202500636,u_234,u_456,490.0,2035-06-15 15:30:00,ACC2346,TRANSFER,TRANSACTION,transcation data .csv,Transaction ID: TXN202500636 | Sender: u_234 | Receiver: u_456 | Account: ACC2346 | Amount: 490.0 | Date: 2035-06-15 15:30:00 | Transaction Type: TRANSFER
TXN202500637,u_789,u_901,11750.0,2035-06-21 08:55:00,ACC7894,TRANSFER,TRANSACTION,transcation data .csv,Transaction ID: TXN202500637 | Sender: u_789 | Receiver: u_901 | Account: ACC7894 | Amount: 11750.0 | Date: 2035-06-21 08:55:00 | Transaction Type: TRANSFER
TXN202500638,u_123,u_456,325.0,2035-06-27 19:20:00,ACC5674,TRANSFER,TRANSACTION,transcation data .csv,Transaction ID: TXN202500638 | Sender: u_123 | Receiver: u_456 | Account: ACC5674 | Amount: 325.0 | Date: 2035-06-27 19:20:00 | Transaction Type: TRANSFER
TXN202500639,u_567,u_234,870.0,2035-07-03 13:45:00,ACC3452,TRANSFER,TRANSACTION,transcation data .csv,Transaction ID: TXN202500639 | Sender: u_567 | Receiver: u_234 | Account: ACC3452 | Amount: 870.0 | Date: 2035-07-03 13:45:00 | Transaction Type: TRANSFER
TXN202500640,u_678,u_901,9400.0,2035-07-09 10:10:00,ACC9017,TRANSFER,TRANSACTION,transcation data .csv,Transaction ID: TXN202500640 | Sender: u_678 | Receiver: u_901 | Account: ACC9017 | Amount: 9400.0 | Date: 2035-07-09 10:10:00 | Transaction Type: TRANSFER
TXN202500641,u_456,u_123,215.0,2035-07-15 16:35:00,ACC6787,TRANSFER,TRANSACTION,transcation data .csv,Transaction ID: TXN202500641 | Sender: u_456 | Receiver: u_123 | Account: ACC6787 | Amount: 215.0 | Date: 2035-07-15 16:35:00 | Transaction Type: TRANSFER
TXN202500642,u_901,u_789,760.0,2035-07-21 22:00:00,ACC4563,TRANSFER,TRANSACTION,transcation data .csv,Transaction ID: TXN202500642 | Sender: u_901 | Receiver: u_789 | Account: ACC4563 | Amount: 760.0 | Date: 2035-07-21 22:00:00 | Transaction Type: TRANSFER
TXN202500643,u_123,u_678,3100.0,2035-07-27 14:25:00,ACC2345,TRANSFER,TRANSACTION,transcation data .csv,Transaction ID: TXN202500643 | Sender: u_123 | Receiver: u_678 | Account: ACC2345 | Amount: 3100.0 | Date: 2035-07-27 14:25:00 | Transaction Type: TRANSFER
TXN202500644,u_234,u_567,430.0,2035-08-02 09:50:00,ACC7890,TRANSFER,TRANSACTION,transcation data .csv,Transaction ID: TXN202500644 | Sender: u_234 | Receiver: u_567 | Account: ACC7890 | Amount: 430.0 | Date: 2035-08-02 09:50:00 | Transaction Type: TRANSFER
TXN202500645,u_789,u_123,1250.0,2035-08-08 18:15:00,ACC5679,TRANSFER,TRANSACTION,transcation data .csv,Transaction ID: TXN202500645 | Sender: u_789 | Receiver: u_123 | Account: ACC5679 | Amount: 1250.0 | Date: 2035-08-08 18:15:00 | Transaction Type: TRANSFER
TXN202500646,u_901,u_456,5800.0,2035-08-14 11:40:00,ACC3458,TRANSFER,TRANSACTION,transcation data .csv,Transaction ID: TXN202500646 | Sender: u_901 | Receiver: u_456 | Account: ACC3458 | Amount: 5800.0 | Date: 2035-08-14 11:40:00 | Transaction Type: TRANSFER
TXN202500647,u_678,u_234,920.0,2035-08-20 20:05:00,ACC9018,TRANSFER,TRANSACTION,transcation data .csv,Transaction ID: TXN202500647 | Sender: u_678 | Receiver: u_234 | Account: ACC9018 | Amount: 920.0 | Date: 2035-08-20 20:05:00 | Transaction Type: TRANSFER
TXN202500648,u_123,u_901,3700.0,2035-08-26 15:30:00,ACC6789,TRANSFER,TRANSACTION,transcation data .csv,Transaction ID: TXN202500648 | Sender: u_123 | Receiver: u_901 | Account: ACC6789 | Amount: 3700.0 | Date: 2035-08-26 15:30:00 | Transaction Type: TRANSFER
TXN202500649,u_456,u_567,165.0,2035-09-01 08:55:00,ACC4567,TRANSFER,TRANSACTION,transcation data .csv,Transaction ID: TXN202500649 | Sender: u_456 | Receiver: u_567 | Account: ACC4567 | Amount: 165.0 | Date: 2035-09-01 08:55:00 | Transaction Type: TRANSFER
TXN202500650,u_234,u_123,6100.0,2035-09-07 19:20:00,ACC2341,TRANSFER,TRANSACTION,transcation data .csv,Transaction ID: TXN202500650 | Sender: u_234 | Receiver: u_123 | Account: ACC2341 | Amount: 6100.0 | Date: 2035-09-07 19:20:00 | Transaction Type: TRANSFER
TXN202500651,u_789,u_678,280.0,2035-09-13 13:45:00,ACC7891,TRANSFER,TRANSACTION,transcation data .csv,Transaction ID: TXN202500651 | Sender: u_789 | Receiver: u_678 | Account: ACC7891 | Amount: 280.0 | Date: 2035-09-13 13:45:00 | Transaction Type: TRANSFER
TXN202500652,u_901,u_567,14300.0,2035-09-19 10:10:00,ACC5672,TRANSFER,TRANSACTION,transcation data .csv,Transaction ID: TXN202500652 | Sender: u_901 | Receiver: u_567 | Account: ACC5672 | Amount: 14300.0 | Date: 2035-09-19 10:10:00 | Transaction Type: TRANSFER
TXN202500653,u_678,u_123,740.0,2035-09-25 16:35:00,ACC3457,TRANSFER,TRANSACTION,transcation data .csv,Transaction ID: TXN202500653 | Sender: u_678 | Receiver: u_123 | Account: ACC3457 | Amount: 740.0 | Date: 2035-09-25 16:35:00 | Transaction Type: TRANSFER
TXN202500654,u_234,u_901,4900.0,2035-10-01 22:00:00,ACC9013,TRANSFER,TRANSACTION,transcation data .csv,Transaction ID: TXN202500654 | Sender: u_234 | Receiver: u_901 | Account: ACC9013 | Amount: 4900.0 | Date: 2035-10-01 22:00:00 | Transaction Type: TRANSFER
TXN202500655,u_456,u_789,390.0,2035-10-07 14:25:00,ACC4562,TRANSFER,TRANSACTION,transcation data .csv,Transaction ID: TXN202500655 | Sender: u_456 | Receiver: u_789 | Account: ACC4562 | Amount: 390.0 | Date: 2035-10-07 14:25:00 | Transaction Type: TRANSFER
TXN202500656,u_123,u_234,8250.0,2035-10-13 09:50:00,ACC2349,TRANSFER,TRANSACTION,transcation data .csv,Transaction ID: TXN202500656 | Sender: u_123 | Receiver: u_234 | Account: ACC2349 | Amount: 8250.0 | Date: 2035-10-13 09:50:00 | Transaction Type: TRANSFER
TXN202500657,u_567,u_456,210.0,2035-10-19 18:15:00,ACC7898,TRANSFER,TRANSACTION,transcation data .csv,Transaction ID: TXN202500657 | Sender: u_567 | Receiver: u_456 | Account: ACC7898 | Amount: 210.0 | Date: 2035-10-19 18:15:00 | Transaction Type: TRANSFER
TXN202500658,u_890,u_123,5300.0,2035-10-25 11:40:00,ACC5676,TRANSFER,TRANSACTION,transcation data .csv,Transaction ID: TXN202500658 | Sender: u_890 | Receiver: u_123 | Account: ACC5676 | Amount: 5300.0 | Date: 2035-10-25 11:40:00 | Transaction Type: TRANSFER
TXN202500659,u_901,u_678,180.0,2035-10-31 20:05:00,ACC3455,TRANSFER,TRANSACTION,transcation data .csv,Transaction ID: TXN202500659 | Sender: u_901 | Receiver: u_678 | Account: ACC3455 | Amount: 180.0 | Date: 2035-10-31 20:05:00 | Transaction Type: TRANSFER
TXN202500660,u_234,u_456,7150.0,2035-11-06 15:30:00,ACC9016,TRANSFER,TRANSACTION,transcation data .csv,Transaction ID: TXN202500660 | Sender: u_234 | Receiver: u_456 | Account: ACC9016 | Amount: 7150.0 | Date: 2035-11-06 15:30:00 | Transaction Type: TRANSFER
TXN202500661,u_123,u_890,485.0,2035-11-12 08:55:00,ACC6789,TRANSFER,TRANSACTION,transcation data .csv,Transaction ID: TXN202500661 | Sender: u_123 | Receiver: u_890 | Account: ACC6789 | Amount: 485.0 | Date: 2035-11-12 08:55:00 | Transaction Type: TRANSFER
TXN202500662,u_789,u_567,940.0,2035-11-18 19:20:00,ACC4561,TRANSFER,TRANSACTION,transcation data .csv,Transaction ID: TXN202500662 | Sender: u_789 | Receiver: u_567 | Account: ACC4561 | Amount: 940.0 | Date: 2035-11-18 19:20:00 | Transaction Type: TRANSFER
TXN202500663,u_678,u_123,2700.0,2035-11-24 13:45:00,ACC2346,TRANSFER,TRANSACTION,transcation data .csv,Transaction ID: TXN202500663 | Sender: u_678 | Receiver: u_123 | Account: ACC2346 | Amount: 2700.0 | Date: 2035-11-24 13:45:00 | Transaction Type: TRANSFER
TXN202500664,u_901,u_234,620.0,2035-11-30 10:10:00,ACC7894,TRANSFER,TRANSACTION,transcation data .csv,Transaction ID: TXN202500664 | Sender: u_901 | Receiver: u_234 | Account: ACC7894 | Amount: 620.0 | Date: 2035-11-30 10:10:00 | Transaction Type: TRANSFER
TXN202500665,u_456,u_789,4200.0,2035-12-06 16:35:00,ACC5674,TRANSFER,TRANSACTION,transcation data .csv,Transaction ID: TXN202500665 | Sender: u_456 | Receiver: u_789 | Account: ACC5674 | Amount: 4200.0 | Date: 2035-12-06 16:35:00 | Transaction Type: TRANSFER
TXN202500666,u_123,u_456,115.0,2035-12-12 22:00:00,ACC3452,TRANSFER,TRANSACTION,transcation data .csv,Transaction ID: TXN202500666 | Sender: u_123 | Receiver: u_456 | Account: ACC3452 | Amount: 115.0 | Date: 2035-12-12 22:00:00 | Transaction Type: TRANSFER
TXN202500667,u_567,u_901,8900.0,2035-12-18 14:25:00,ACC9017,TRANSFER,TRANSACTION,transcation data .csv,Transaction ID: TXN202500667 | Sender: u_567 | Receiver: u_901 | Account: ACC9017 | Amount: 8900.0 | Date: 2035-12-18 14:25:00 | Transaction Type: TRANSFER
TXN202500668,u_678,u_456,360.0,2035-12-24 09:50:00,ACC6787,TRANSFER,TRANSACTION,transcation data .csv,Transaction ID: TXN202500668 | Sender: u_678 | Receiver: u_456 | Account: ACC6787 | Amount: 360.0 | Date: 2035-12-24 09:50:00 | Transaction Type: TRANSFER
TXN202500669,u_234,u_123,2850.0,2035-12-30 18:15:00,ACC4563,TRANSFER,TRANSACTION,transcation data .csv,Transaction ID: TXN202500669 | Sender: u_234 | Receiver: u_123 | Account: ACC4563 | Amount: 2850.0 | Date: 2035-12-30 18:15:00 | Transaction Type: TRANSFER
TXN202500670,u_789,u_901,740.0,2036-01-05 11:40:00,ACC2345,TRANSFER,TRANSACTION,transcation data .csv,Transaction ID: TXN202500670 | Sender: u_789 | Receiver: u_901 | Account: ACC2345 | Amount: 740.0 | Date: 2036-01-05 11:40:00 | Transaction Type: TRANSFER
TXN202500671,u_901,u_567,600.0,2036-01-11 20:05:00,ACC7890,TRANSFER,TRANSACTION,transcation data .csv,Transaction ID: TXN202500671 | Sender: u_901 | Receiver: u_567 | Account: ACC7890 | Amount: 600.0 | Date: 2036-01-11 20:05:00 | Transaction Type: TRANSFER
TXN202500672,u_123,u_789,4500.0,2036-01-17 15:30:00,ACC5679,TRANSFER,TRANSACTION,transcation data .csv,Transaction ID: TXN202500672 | Sender: u_123 | Receiver: u_789 | Account: ACC5679 | Amount: 4500.0 | Date: 2036-01-17 15:30:00 | Transaction Type: TRANSFER
TXN202500673,u_456,u_234,210.0,2036-01-23 08:55:00,ACC3458,TRANSFER,TRANSACTION,transcation data .csv,Transaction ID: TXN202500673 | Sender: u_456 | Receiver: u_234 | Account: ACC3458 | Amount: 210.0 | Date: 2036-01-23 08:55:00 | Transaction Type: TRANSFER
TXN202500674,u_678,u_123,810.0,2036-01-29 19:20:00,ACC9018,TRANSFER,TRANSACTION,transcation data .csv,Transaction ID: TXN202500674 | Sender: u_678 | Receiver: u_123 | Account: ACC9018 | Amount: 810.0 | Date: 2036-01-29 19:20:00 | Transaction Type: TRANSFER
TXN202500675,u_901,u_456,12800.0,2036-02-04 13:45:00,ACC6789,TRANSFER,TRANSACTION,transcation data .csv,Transaction ID: TXN202500675 | Sender: u_901 | Receiver: u_456 | Account: ACC6789 | Amount: 12800.0 | Date: 2036-02-04 13:45:00 | Transaction Type: TRANSFER
TXN202500676,u_234,u_789,175.0,2036-02-10 10:10:00,ACC4567,TRANSFER,TRANSACTION,transcation data .csv,Transaction ID: TXN202500676 | Sender: u_234 | Receiver: u_789 | Account: ACC4567 | Amount: 175.0 | Date: 2036-02-10 10:10:00 | Transaction Type: TRANSFER
TXN202500677,u_567,u_678,3700.0,2036-02-16 16:35:00,ACC2341,TRANSFER,TRANSACTION,transcation data .csv,Transaction ID: TXN202500677 | Sender: u_567 | Receiver: u_678 | Account: ACC2341 | Amount: 3700.0 | Date: 2036-02-16 16:35:00 | Transaction Type: TRANSFER
TXN202500678,u_123,u_901,930.0,2036-02-22 22:00:00,ACC7891,TRANSFER,TRANSACTION,transcation data .csv,Transaction ID: TXN202500678 | Sender: u_123 | Receiver: u_901 | Account: ACC7891 | Amount: 930.0 | Date: 2036-02-22 22:00:00 | Transaction Type: TRANSFER
TXN202500679,u_456,u_234,5600.0,2036-02-28 14:25:00,ACC5672,TRANSFER,TRANSACTION,transcation data .csv,Transaction ID: TXN202500679 | Sender: u_456 | Receiver: u_234 | Account: ACC5672 | Amount: 5600.0 | Date: 2036-02-28 14:25:00 | Transaction Type: TRANSFER
TXN202500680,u_789,u_123,480.0,2036-03-05 09:50:00,ACC3457,TRANSFER,TRANSACTION,transcation data .csv,Transaction ID: TXN202500680 | Sender: u_789 | Receiver: u_123 | Account: ACC3457 | Amount: 480.0 | Date: 2036-03-05 09:50:00 | Transaction Type: TRANSFER
TXN202500681,u_678,u_901,2500.0,2036-03-11 18:15:00,ACC9013,TRANSFER,TRANSACTION,transcation data .csv,Transaction ID: TXN202500681 | Sender: u_678 | Receiver: u_901 | Account: ACC9013 | Amount: 2500.0 | Date: 2036-03-11 18:15:00 | Transaction Type: TRANSFER
TXN202500682,u_123,u_456,850.0,2036-03-17 11:40:00,ACC4562,TRANSFER,TRANSACTION,transcation data .csv,Transaction ID: TXN202500682 | Sender: u_123 | Receiver: u_456 | Account: ACC4562 | Amount: 850.0 | Date: 2036-03-17 11:40:00 | Transaction Type: TRANSFER
TXN202500683,u_234,u_789,7200.0,2036-03-23 20:05:00,ACC2349,TRANSFER,TRANSACTION,transcation data .csv,Transaction ID: TXN202500683 | Sender: u_234 | Receiver: u_789 | Account: ACC2349 | Amount: 7200.0 | Date: 2036-03-23 20:05:00 | Transaction Type: TRANSFER
TXN202500684,u_901,u_678,1250.0,2036-03-29 15:30:00,ACC7898,TRANSFER,TRANSACTION,transcation data .csv,Transaction ID: TXN202500684 | Sender: u_901 | Receiver: u_678 | Account: ACC7898 | Amount: 1250.0 | Date: 2036-03-29 15:30:00 | Transaction Type: TRANSFER
TXN202500685,u_567,u_123,510.0,2036-04-04 08:55:00,ACC5676,TRANSFER,TRANSACTION,transcation data .csv,Transaction ID: TXN202500685 | Sender: u_567 | Receiver: u_123 | Account: ACC5676 | Amount: 510.0 | Date: 2036-04-04 08:55:00 | Transaction Type: TRANSFER
TXN202500686,u_456,u_890,13400.0,2036-04-10 19:20:00,ACC3455,TRANSFER,TRANSACTION,transcation data .csv,Transaction ID: TXN202500686 | Sender: u_456 | Receiver: u_890 | Account: ACC3455 | Amount: 13400.0 | Date: 2036-04-10 19:20:00 | Transaction Type: TRANSFER
TXN202500687,u_789,u_234,275.0,2036-04-16 13:45:00,ACC9016,TRANSFER,TRANSACTION,transcation data .csv,Transaction ID: TXN202500687 | Sender: u_789 | Receiver: u_234 | Account: ACC9016 | Amount: 275.0 | Date: 2036-04-16 13:45:00 | Transaction Type: TRANSFER
TXN202500688,u_123,u_456,8200.0,2036-04-22 10:10:00,ACC6789,TRANSFER,TRANSACTION,transcation data .csv,Transaction ID: TXN202500688 | Sender: u_123 | Receiver: u_456 | Account: ACC6789 | Amount: 8200.0 | Date: 2036-04-22 10:10:00 | Transaction Type: TRANSFER
TXN202500689,u_678,u_901,160.0,2036-04-28 16:35:00,,TRANSFER,TRANSACTION,transcation data .csv,Transaction ID: TXN202500689 | Sender: u_678 | Receiver: u_901 | Amount: 160.0 | Date: 2036-04-28 16:35:00 | Transaction Type: TRANSFER
