entity,connections,fir_count,prior_cases,recurrence_count,direct_complainants,investigative_connections,risk_score,risk_level
Ganga Dyal,19,3,0,3,3,2,73.91,HIGH
Zehaan Khare,18,3,0,3,3,1,66.48,MEDIUM
Manbir Bedi,18,3,0,3,3,1,66.48,MEDIUM
Chavvi Verma,17,3,0,3,3,1,65.55,MEDIUM
Bakhshi Koshy,17,3,0,3,3,1,65.55,MEDIUM
Indali Sen,17,3,0,3,3,1,65.55,MEDIUM
Yuvraj Sharma,17,3,0,3,3,1,65.55,MEDIUM
Mason Bhatti,16,3,0,3,3,1,64.71,MEDIUM
Jeevika Prakash,15,3,0,3,3,1,63.94,MEDIUM
Indrajit Kurian,18,3,0,3,3,0,59.81,MEDIUM
Pooja Ben,18,3,0,3,3,0,59.76,MEDIUM
Anjali Lad,17,3,0,3,3,0,59.04,MEDIUM
Qabil Kala,17,3,0,3,3,0,58.99,MEDIUM
Pratyush Panchal,17,3,0,3,3,0,58.99,MEDIUM
Triveni Rattan,17,3,0,3,3,0,58.94,MEDIUM
Luke Sahota,17,3,0,3,3,0,58.94,MEDIUM
William Wali,17,3,0,3,3,0,58.94,MEDIUM
Harish Goyal,17,3,0,3,3,0,58.88,MEDIUM
Anay Sarraf,17,3,0,3,3,0,58.88,MEDIUM
Megha Narang,17,3,0,3,3,0,58.88,MEDIUM
Yachana Viswanathan,16,3,0,3,3,0,58.15,MEDIUM
Veda Sahota,16,3,0,3,3,0,58.15,MEDIUM
Meghana Muni,16,3,0,3,3,0,58.04,MEDIUM
Vrishti Shah,16,3,0,3,3,0,58.04,MEDIUM
Chakradev Chaudhary,16,3,0,3,3,0,58.04,MEDIUM
Jackson Mani,15,3,0,3,3,0,57.27,MEDIUM
Lakshmi Sama,15,3,0,3,3,0,57.27,MEDIUM
Vasana Bhakta,14,3,0,3,3,0,56.5,MEDIUM
Tejas Dugar,12,2,0,2,2,1,50.21,MEDIUM
Sai Soman,12,2,0,2,2,3,49.86,MEDIUM
Azad Uppal,13,2,0,2,2,2,44.07,MEDIUM
Chakradhar Bose,13,2,0,2,2,2,43.96,MEDIUM
Jeevika Kumar,12,2,0,2,2,2,43.19,MEDIUM
Ira Krish,12,2,0,2,2,2,43.19,MEDIUM
Pratyush Kota,12,2,0,2,2,2,43.19,MEDIUM
Aarna Raval,12,2,0,2,2,2,43.19,MEDIUM
Chakradev Dhar,12,2,0,2,2,2,43.19,MEDIUM
Triya Sood,12,2,0,2,2,2,43.19,MEDIUM
Falak Mandal,11,2,0,2,2,2,42.35,MEDIUM
Panini Dara,11,2,0,2,2,2,42.35,MEDIUM
Owen Pillay,11,2,0,2,2,2,42.35,MEDIUM
Finn Kashyap,10,2,0,2,2,2,41.59,MEDIUM
Harsh Ramanathan,14,2,0,2,2,1,38.17,LOW
Omisha Ramaswamy,14,2,0,2,2,1,38.07,LOW
Udarsh Devi,13,2,0,2,2,1,37.4,LOW
Wakeeta Ravel,13,2,0,2,2,1,37.3,LOW
Bhavika Lad,12,2,0,2,2,1,36.63,LOW
Hiral Sabharwal,12,2,0,2,2,1,36.63,LOW
Aarnav Dey,12,2,0,2,2,1,36.63,LOW
Rachit Borah,12,2,0,2,2,1,36.63,LOW
Ojas Bhatt,12,2,0,2,2,1,36.63,LOW
Vamakshi Naidu,12,2,0,2,2,1,36.63,LOW
Kashvi Vaidya,12,2,0,2,2,1,36.63,LOW
Ronith Karpe,12,2,0,2,2,1,36.63,LOW
Idika Naik,12,2,0,2,2,1,36.63,LOW
Samuel Murty,12,2,0,2,2,1,36.63,LOW
Amruta Chawla,12,2,0,2,2,1,36.63,LOW
Umang Sunder,12,2,0,2,2,1,36.63,LOW
Xalak Goel,12,2,0,2,2,1,36.63,LOW
Gaurika Dhar,12,2,0,2,2,1,36.63,LOW
Charita Mutti,12,2,0,2,2,1,36.63,LOW
Nitesh Memon,12,2,0,2,2,1,36.63,LOW
Nachiket Rajan,12,2,0,2,2,1,36.63,LOW
Hemal Seshadri,12,2,0,2,2,1,36.53,LOW
Arunima Lall,12,2,0,2,2,1,36.53,LOW
Anjali Memon,12,2,0,2,2,1,36.53,LOW
Lekha Singhal,12,2,0,2,2,1,36.53,LOW
Fitan Bhatti,12,2,0,2,2,1,36.53,LOW
Hiral Thakur,12,2,0,2,2,1,36.53,LOW
Charvi Balan,12,2,0,2,2,1,36.53,LOW
Krishna Bal,12,2,0,2,2,1,36.53,LOW
Hiral Kala,12,2,0,2,2,1,36.53,LOW
Kashvi Gara,12,2,0,2,2,1,36.53,LOW
Shivani Gera,12,2,0,2,2,1,36.53,LOW
Aadi Hari,12,2,0,2,2,1,36.53,LOW
Jeevika Malhotra,12,2,0,2,2,1,36.53,LOW
Oni Shetty,12,2,0,2,2,1,36.53,LOW
Charvi Vig,12,2,0,2,2,1,36.53,LOW
Peter Brar,12,2,0,2,2,1,36.53,LOW
Rehaan Toor,12,2,0,2,2,1,36.53,LOW
Upasna Sachar,12,2,0,2,2,1,36.53,LOW
Yachana Balay,12,2,0,2,2,1,36.53,LOW
Ethan Koshy,12,2,0,2,2,1,36.53,LOW
Dominic Ghose,12,2,0,2,2,1,36.53,LOW
Jatin Vora,12,2,0,2,2,1,36.53,LOW
Ranbir Wadhwa,12,2,0,2,2,1,36.53,LOW
Om Narain,12,2,0,2,2,1,36.53,LOW
Irya Kala,12,2,0,2,2,1,36.53,LOW
Meghana Chadha,12,2,0,2,2,1,36.53,LOW
Wriddhish Mohan,12,2,0,2,2,1,36.53,LOW
Utkarsh Peri,12,2,0,2,2,1,36.53,LOW
Pooja Kala,12,2,0,2,2,1,36.53,LOW
Nidra Talwar,12,2,0,2,2,1,36.53,LOW
Aadhya Saraf,12,2,0,2,2,1,36.53,LOW
Hritik Kibe,12,2,0,2,2,1,36.53,LOW
Ayush Oza,12,2,0,2,2,1,36.53,LOW
Bhanumati Doctor,12,2,0,2,2,1,36.53,LOW
Ekapad Sundaram,12,2,0,2,2,1,36.53,LOW
Tanvi Datta,12,2,0,2,2,1,36.53,LOW
Zarna Sheth,12,2,0,2,2,1,36.53,LOW
Ekaraj Basu,12,2,0,2,2,1,36.53,LOW
Faraj Bhattacharyya,12,2,0,2,2,1,36.53,LOW
Gaurika Chatterjee,12,2,0,2,2,1,36.53,LOW
Lopa Saha,12,2,0,2,2,1,36.53,LOW
Rudra Parsa,12,2,0,2,2,1,36.53,LOW
Bhavna Zacharia,12,2,0,2,2,1,36.53,LOW
Leela Krishnamurthy,12,2,0,2,2,1,36.53,LOW
Logan Sharaf,12,2,0,2,2,1,36.53,LOW
Chasmum Saraf,12,2,0,2,2,1,36.53,LOW
Keya Bali,12,2,0,2,2,1,36.53,LOW
Nathaniel Sengupta,12,2,0,2,2,1,36.53,LOW
Siddharth Mann,12,2,0,2,2,1,36.53,LOW
Gaurika Varty,12,2,0,2,2,1,36.53,LOW
Nakul Banerjee,12,2,0,2,2,1,36.53,LOW
Kritika Pingle,12,2,0,2,2,1,36.53,LOW
Siddharth Subramaniam,12,2,0,2,2,1,36.53,LOW
Yatin Verma,12,2,0,2,2,1,36.53,LOW
Isaac Buch,12,2,0,2,2,1,36.53,LOW
Saksham Sidhu,12,2,0,2,2,1,36.53,LOW
Keya Solanki,12,2,0,2,2,1,36.53,LOW
Eshana Varghese,12,2,0,2,2,1,36.53,LOW
Tanish Dar,12,2,0,2,2,1,36.53,LOW
Jatin Acharya,12,2,0,2,2,1,36.53,LOW
Neha Karan,12,2,0,2,2,1,36.53,LOW
Darika Ratti,12,2,0,2,2,1,36.53,LOW
Harish Sampath,12,2,0,2,2,1,36.53,LOW
Agastya Amble,12,2,0,2,2,1,36.53,LOW
Ikshita Reddy,12,2,0,2,2,1,36.53,LOW
Vedhika Chahal,12,2,0,2,2,1,36.53,LOW
Rishi Narasimhan,12,2,0,2,2,1,36.53,LOW
Aditya Wali,12,2,0,2,2,1,36.53,LOW
Ekaja Shankar,12,2,0,2,2,1,36.53,LOW
Pushti Arora,12,2,0,2,2,1,36.53,LOW
Devansh Gupta,12,2,0,2,2,1,36.53,LOW
Triveni Madan,12,2,0,2,2,1,36.53,LOW
Samaksh Bhatnagar,11,2,0,2,2,1,35.69,LOW
Panini Lall,11,2,0,2,2,1,35.69,LOW
Manan Tailor,11,2,0,2,2,1,35.69,LOW
Mahika Kannan,11,2,0,2,2,1,35.69,LOW
Chatura Thakur,11,2,0,2,2,1,35.69,LOW
Avni Lal,11,2,0,2,2,1,35.69,LOW
Ekansh Baral,11,2,0,2,2,1,35.69,LOW
Aarush Tara,11,2,0,2,2,1,35.69,LOW
Fiyaz Sani,11,2,0,2,2,1,35.69,LOW
Omisha Tata,11,2,0,2,2,1,35.69,LOW
Jason Barad,11,2,0,2,2,1,35.69,LOW
Balveer Seth,11,2,0,2,2,1,35.69,LOW
Robert Shan,11,2,0,2,2,1,35.69,LOW
Advaith Tak,11,2,0,2,2,1,35.69,LOW
Bhavya Bala,11,2,0,2,2,1,35.69,LOW
Yug Chada,11,2,0,2,2,1,35.69,LOW
Yatan Cherian,11,2,0,2,2,1,35.69,LOW
Oscar Kadakia,11,2,0,2,2,1,35.69,LOW
Nachiket Ganguly,11,2,0,2,2,1,35.69,LOW
Sara Choudhary,11,2,0,2,2,1,35.69,LOW
Sneha Krishnamurthy,11,2,0,2,2,1,35.69,LOW
Peter Kala,11,2,0,2,2,1,35.69,LOW
Manya Grover,11,2,0,2,2,1,35.69,LOW
Udyati Dani,11,2,0,2,2,1,35.69,LOW
Lavanya Sastry,11,2,0,2,2,1,35.69,LOW
Xiti Ram,11,2,0,2,2,1,35.69,LOW
Darsh Ghosh,11,2,0,2,2,1,35.69,LOW
Widisha Bajwa,11,2,0,2,2,1,35.69,LOW
Mitali Lalla,11,2,0,2,2,1,35.69,LOW
Kashish Kala,11,2,0,2,2,1,35.69,LOW
Hemang Agate,11,2,0,2,2,1,35.69,LOW
Wyatt Kara,11,2,0,2,2,1,35.69,LOW
Robert Kadakia,11,2,0,2,2,1,35.69,LOW
Shaurya Rout,10,2,0,2,2,1,34.92,LOW
Shivani Panchal,10,2,0,2,2,1,34.92,LOW
Jyoti Dhaliwal,10,2,0,2,2,1,34.92,LOW
Nimrat Bedi,10,2,0,2,2,1,34.92,LOW
Hemang Jayaraman,10,2,0,2,2,1,34.92,LOW
Janaki Raja,9,2,0,2,2,1,34.15,LOW
Jeremiah Babu,9,2,0,2,2,1,34.15,LOW
Kashish Purohit,14,2,0,2,2,0,31.5,LOW
Nachiket Ahuja,14,2,0,2,2,0,31.5,LOW
Harinakshi Thakur,14,2,0,2,2,0,31.5,LOW
Aahana Wali,14,2,0,2,2,0,31.4,LOW
Lavanya Menon,13,2,0,2,2,0,30.74,LOW
Kabir Bedi,13,2,0,2,2,0,30.74,LOW
Jasmit Sem,13,2,0,2,2,0,30.74,LOW
Neel Karan,13,2,0,2,2,0,30.74,LOW
Adweta Kala,13,2,0,2,2,0,30.74,LOW
Rishi Gupta,13,2,0,2,2,0,30.74,LOW
Anirudh Balay,13,2,0,2,2,0,30.74,LOW
Tanvi Morar,13,2,0,2,2,0,30.74,LOW
Zashil Palan,13,2,0,2,2,0,30.74,LOW
Omya Palla,13,2,0,2,2,0,30.74,LOW
Krisha Chand,13,2,0,2,2,0,30.74,LOW
Zarna Kanda,13,2,0,2,2,0,30.74,LOW
Ethan Dey,13,2,0,2,2,0,30.74,LOW
Xiti Dhar,13,2,0,2,2,0,30.74,LOW
Widisha Dhar,13,2,0,2,2,0,30.74,LOW
Rudra Mitra,13,2,0,2,2,0,30.74,LOW
Lekha Halder,13,2,0,2,2,0,30.74,LOW
Jairaj Hans,13,2,0,2,2,0,30.74,LOW
Damini Chadha,13,2,0,2,2,0,30.74,LOW
Zashil Natt,13,2,0,2,2,0,30.74,LOW
Watika Agarwal,13,2,0,2,2,0,30.74,LOW
Bachittar Kant,13,2,0,2,2,0,30.74,LOW
Kai Maharaj,13,2,0,2,2,0,30.74,LOW
Varenya Basak,13,2,0,2,2,0,30.74,LOW
Balendra Yohannan,13,2,0,2,2,0,30.74,LOW
Nathaniel Roy,13,2,0,2,2,0,30.74,LOW
Lakshmi Anand,13,2,0,2,2,0,30.74,LOW
Yoshita Sethi,13,2,0,2,2,0,30.74,LOW
Janaki Patla,13,2,0,2,2,0,30.74,LOW
Rajeshri Dugar,13,2,0,2,2,0,30.63,LOW
Ubika Buch,13,2,0,2,2,0,30.63,LOW
Harinakshi Koshy,13,2,0,2,2,0,30.63,LOW
Barkha Garg,13,2,0,2,2,0,30.63,LOW
Vidhi Deol,13,2,0,2,2,0,30.63,LOW
Amara Sekhon,13,2,0,2,2,0,30.63,LOW
Eta Devi,13,2,0,2,2,0,30.63,LOW
Janya Dugar,13,2,0,2,2,0,30.63,LOW
Gabriel Pradhan,13,2,0,2,2,0,30.63,LOW
Sai Agrawal,13,2,0,2,2,0,30.63,LOW
Mahika Gade,13,2,0,2,2,0,30.63,LOW
Nisha Sathe,13,2,0,2,2,0,30.63,LOW
Unni Chauhan,13,2,0,2,2,0,30.63,LOW
Indira Sengupta,13,2,0,2,2,0,30.63,LOW
Jatin Balasubramanian,13,2,0,2,2,0,30.63,LOW
Liam Mall,13,2,0,2,2,0,30.63,LOW
Anamika Srivastava,13,2,0,2,2,0,30.63,LOW
Raagini Bala,13,2,0,2,2,0,30.63,LOW
Isha Bhakta,13,2,0,2,2,0,30.63,LOW
Wakeeta Sachar,13,2,0,2,2,0,30.63,LOW
Ganga Kala,13,2,0,2,2,0,30.63,LOW
Krishna Naik,13,2,0,2,2,0,30.63,LOW
Zaid Anand,13,2,0,2,2,0,30.63,LOW
Hritik Upadhyay,13,2,0,2,2,0,30.63,LOW
Harrison Dhawan,13,2,0,2,2,0,30.63,LOW
Chandran Dugar,13,2,0,2,2,0,30.63,LOW
Charles Gola,13,2,0,2,2,0,30.63,LOW
Nidhi Ravel,13,2,0,2,2,0,30.63,LOW
Fitan Balasubramanian,13,2,0,2,2,0,30.63,LOW
Jack Palla,13,2,0,2,2,0,30.63,LOW
Aarini Palla,13,2,0,2,2,0,30.63,LOW
Maanas Misra,13,2,0,2,2,0,30.63,LOW
Zarna Acharya,12,2,0,2,2,0,29.97,LOW
Utkarsh Kapoor,12,2,0,2,2,0,29.97,LOW
Bhavya Bhandari,12,2,0,2,2,0,29.97,LOW
Brijesh Dhar,12,2,0,2,2,0,29.97,LOW
Sanaya Seth,12,2,0,2,2,0,29.97,LOW
Upkaar Dar,12,2,0,2,2,0,29.97,LOW
Ishita Kumer,12,2,0,2,2,0,29.97,LOW
Ekalinga Dhar,12,2,0,2,2,0,29.97,LOW
Zarna Sandal,12,2,0,2,2,0,29.97,LOW
Kritika Dixit,12,2,0,2,2,0,29.97,LOW
Udarsh Ganguly,12,2,0,2,2,0,29.97,LOW
Anamika Varghese,12,2,0,2,2,0,29.97,LOW
Leela Hari,12,2,0,2,2,0,29.97,LOW
Zayyan Pillay,12,2,0,2,2,0,29.97,LOW
Omkaar Rastogi,12,2,0,2,2,0,29.97,LOW
Tejas Konda,12,2,0,2,2,0,29.97,LOW
Gautam Virk,12,2,0,2,2,0,29.97,LOW
Rajeshri Ben,12,2,0,2,2,0,29.97,LOW
Gavin Dhillon,12,2,0,2,2,0,29.97,LOW
Sarthak Manne,12,2,0,2,2,0,29.97,LOW
Bimala Agrawal,12,2,0,2,2,0,29.97,LOW
Unni Deshmukh,12,2,0,2,2,0,29.97,LOW
Samar Goyal,12,2,0,2,2,0,29.97,LOW
Arya Shankar,12,2,0,2,2,0,29.97,LOW
Varenya Mutti,12,2,0,2,2,0,29.97,LOW
Advay Gopal,12,2,0,2,2,0,29.97,LOW
Vivaan Prabhu,12,2,0,2,2,0,29.97,LOW
Nachiket Nanda,12,2,0,2,2,0,29.97,LOW
Jagat Kunda,12,2,0,2,2,0,29.97,LOW
Lekha Maharaj,12,2,0,2,2,0,29.97,LOW
Dalbir Kothari,12,2,0,2,2,0,29.97,LOW
Nakul Sur,12,2,0,2,2,0,29.97,LOW
Charvi Sandhu,12,2,0,2,2,0,29.97,LOW
Avni Bhattacharyya,12,2,0,2,2,0,29.97,LOW
Daksh Korpal,12,2,0,2,2,0,29.97,LOW
Chaitaly Ravel,12,2,0,2,2,0,29.97,LOW
Kalpit Bhandari,12,2,0,2,2,0,29.97,LOW
Chandresh Mani,12,2,0,2,2,0,29.97,LOW
Wriddhish Sandal,12,2,0,2,2,0,29.97,LOW
Orinder Sarma,12,2,0,2,2,0,29.97,LOW
Yoshita Kothari,12,2,0,2,2,0,29.97,LOW
Oni Bava,12,2,0,2,2,0,29.97,LOW
Hemang Sarma,12,2,0,2,2,0,29.97,LOW
Gabriel Din,12,2,0,2,2,0,29.97,LOW
Pushti Hayer,12,2,0,2,2,0,29.97,LOW
Eesha Palla,12,2,0,2,2,0,29.97,LOW
Falak Jha,12,2,0,2,2,0,29.97,LOW
Sachi Barad,12,2,0,2,2,0,29.97,LOW
Rishi Karnik,12,2,0,2,2,0,29.97,LOW
Baljiwan Boase,12,2,0,2,2,0,29.97,LOW
Oni Ranganathan,12,2,0,2,2,0,29.97,LOW
Eiravati Mukherjee,12,2,0,2,2,0,29.97,LOW
Fitan Ravi,12,2,0,2,2,0,29.97,LOW
Ekantika Das,12,2,0,2,2,0,29.97,LOW
Deepa Goda,12,2,0,2,2,0,29.97,LOW
Alka Kata,12,2,0,2,2,0,29.97,LOW
Neel Bhattacharyya,12,2,0,2,2,0,29.97,LOW
Yashawini Jhaveri,12,2,0,2,2,0,29.97,LOW
Irya Raju,12,2,0,2,2,0,29.97,LOW
Tristan Bhalla,12,2,0,2,2,0,29.97,LOW
Luke Oza,12,2,0,2,2,0,29.97,LOW
Owen Mandal,12,2,0,2,2,0,29.97,LOW
Warhi Dugar,12,2,0,2,2,0,29.97,LOW
Hiral Dass,12,2,0,2,2,0,29.97,LOW
Omya Bajaj,12,2,0,2,2,0,29.97,LOW
Chaman Korpal,12,2,0,2,2,0,29.97,LOW
Darsh Bains,12,2,0,2,2,0,29.97,LOW
Aahana Parikh,12,2,0,2,2,0,29.97,LOW
Shravya Comar,12,2,0,2,2,0,29.97,LOW
Rushil Pal,12,2,0,2,2,0,29.97,LOW
Warhi Hans,12,2,0,2,2,0,29.97,LOW
Veda Barman,12,2,0,2,2,0,29.97,LOW
Baghyawati Dalal,12,2,0,2,2,0,29.97,LOW
Gagan Mahal,12,2,0,2,2,0,29.97,LOW
Gautami Kannan,12,2,0,2,2,0,29.97,LOW
Jatin Sridhar,12,2,0,2,2,0,29.97,LOW
Wishi Parmer,12,2,0,2,2,0,29.97,LOW
Nimrat Loke,12,2,0,2,2,0,29.97,LOW
Rushil Sinha,12,2,0,2,2,0,29.97,LOW
Manbir Choudhry,12,2,0,2,2,0,29.97,LOW
Agastya Buch,12,2,0,2,2,0,29.97,LOW
Chandran Guha,12,2,0,2,2,0,29.97,LOW
Girik Behl,12,2,0,2,2,0,29.97,LOW
Ekani Oak,12,2,0,2,2,0,29.97,LOW
Chaman Dora,12,2,0,2,2,0,29.97,LOW
Gaurav Walia,12,2,0,2,2,0,29.97,LOW
Andrew Thaman,12,2,0,2,2,0,29.97,LOW
Arin Ahuja,12,2,0,2,2,0,29.97,LOW
Pratyush Mody,12,2,0,2,2,0,29.97,LOW
Dalbir Rattan,12,2,0,2,2,0,29.97,LOW
Upasna Seshadri,12,2,0,2,2,0,29.97,LOW
Henry Sachdev,12,2,0,2,2,0,29.97,LOW
Omya Pandya,12,2,0,2,2,0,29.97,LOW
Wakeeta Deshmukh,12,2,0,2,2,0,29.97,LOW
Prisha Narayanan,12,2,0,2,2,0,29.97,LOW
Mitali Setty,12,2,0,2,2,0,29.97,LOW
Meera Kaul,12,2,0,2,2,0,29.97,LOW
Banjeet Kakar,12,2,0,2,2,0,29.97,LOW
Warhi Prabhakar,12,2,0,2,2,0,29.97,LOW
Karan Dara,12,2,0,2,2,0,29.97,LOW
Warjas Sachdev,12,2,0,2,2,0,29.97,LOW
Harsh Raval,12,2,0,2,2,0,29.97,LOW
Wyatt Kashyap,12,2,0,2,2,0,29.97,LOW
Kashish Hora,12,2,0,2,2,0,29.97,LOW
Varenya Natarajan,12,2,0,2,2,0,29.97,LOW
Vidhi Nayar,12,2,0,2,2,0,29.97,LOW
Mekhala Manne,12,2,0,2,2,0,29.97,LOW
Jagdish Batta,12,2,0,2,2,0,29.97,LOW
Wakeeta Devan,12,2,0,2,2,0,29.97,LOW
Triya Venkatesh,12,2,0,2,2,0,29.97,LOW
Utkarsh Loyal,12,2,0,2,2,0,29.97,LOW
Wyatt Wali,12,2,0,2,2,0,29.97,LOW
Aashi Hari,12,2,0,2,2,0,29.97,LOW
Arjun Subramaniam,12,2,0,2,2,0,29.97,LOW
Faris Krishna,12,2,0,2,2,0,29.97,LOW
Harrison Rana,12,2,0,2,2,0,29.97,LOW
Chakrika Pingle,12,2,0,2,2,0,29.97,LOW
Abhimanyu Hari,12,2,0,2,2,0,29.97,LOW
Jhalak Setty,12,2,0,2,2,0,29.97,LOW
Anirudh Karnik,12,2,0,2,2,0,29.97,LOW
Onveer Khatri,12,2,0,2,2,0,29.97,LOW
Ijaya Pillay,12,2,0,2,2,0,29.97,LOW
Wyatt Krishna,12,2,0,2,2,0,29.97,LOW
Watika Sampath,12,2,0,2,2,0,29.97,LOW
Nitesh Gokhale,12,2,0,2,2,0,29.97,LOW
Gaurika Dara,12,2,0,2,2,0,29.97,LOW
Ikshita Banik,12,2,0,2,2,0,29.97,LOW
Gayathri Korpal,12,2,0,2,2,0,29.97,LOW
Balendra Palla,12,2,0,2,2,0,29.97,LOW
Zaitra Dara,12,2,0,2,2,0,29.97,LOW
Arunima Barman,12,2,0,2,2,0,29.97,LOW
Ryan Gupta,12,2,0,2,2,0,29.97,LOW
Chakradev Dayal,12,2,0,2,2,0,29.97,LOW
Sarthak Sangha,12,2,0,2,2,0,29.97,LOW
Janaki Arora,12,2,0,2,2,0,29.97,LOW
Jackson Barad,12,2,0,2,2,0,29.97,LOW
Fariq Kaur,12,2,0,2,2,0,29.97,LOW
Falan Muni,12,2,0,2,2,0,29.97,LOW
Aditya Rajagopal,12,2,0,2,2,0,29.97,LOW
Edhitha Soni,12,2,0,2,2,0,29.86,LOW
Faraj Setty,12,2,0,2,2,0,29.86,LOW
Jasmit Palla,12,2,0,2,2,0,29.86,LOW
Bachittar Samra,12,2,0,2,2,0,29.86,LOW
Urvashi Brahmbhatt,12,2,0,2,2,0,29.86,LOW
Max Randhawa,12,2,0,2,2,0,29.86,LOW
Arjun Dasgupta,12,2,0,2,2,0,29.86,LOW
Wazir Biswas,12,2,0,2,2,0,29.86,LOW
Krishna Mangal,12,2,0,2,2,0,29.86,LOW
Krish Kari,12,2,0,2,2,0,29.86,LOW
Lipika Bala,12,2,0,2,2,0,29.86,LOW
Qushi Prashad,12,2,0,2,2,0,29.86,LOW
Farhan Bhagat,12,2,0,2,2,0,29.86,LOW
Osha Dutta,12,2,0,2,2,0,29.86,LOW
Sathvik Manne,12,2,0,2,2,0,29.86,LOW
Harini Ratta,12,2,0,2,2,0,29.86,LOW
Victor Bali,12,2,0,2,2,0,29.86,LOW
Rachita Trivedi,12,2,0,2,2,0,29.86,LOW
Omya Dutta,12,2,0,2,2,0,29.86,LOW
Nilima Shankar,12,2,0,2,2,0,29.86,LOW
Vrinda Sant,12,2,0,2,2,0,29.86,LOW
Charvi Sami,12,2,0,2,2,0,29.86,LOW
Chandresh Mandal,12,2,0,2,2,0,29.86,LOW
Jatin Keer,12,2,0,2,2,0,29.86,LOW
Vrishti Deshmukh,12,2,0,2,2,0,29.86,LOW
Anmol Bhagat,12,2,0,2,2,0,29.86,LOW
Chakradhar Ramaswamy,12,2,0,2,2,0,29.86,LOW
Liam Dara,12,2,0,2,2,0,29.86,LOW
Dayamai Kakar,12,2,0,2,2,0,29.86,LOW
Libni Pillay,12,2,0,2,2,0,29.86,LOW
Faris Bhakta,12,2,0,2,2,0,29.86,LOW
Ishanvi Ramanathan,12,2,0,2,2,0,29.86,LOW
Atharv Varma,12,2,0,2,2,0,29.86,LOW
Girindra Chahal,12,2,0,2,2,0,29.86,LOW
Utkarsh Singh,12,2,0,2,2,0,29.86,LOW
Varenya Sandhu,12,2,0,2,2,0,29.86,LOW
Baljiwan Garde,12,2,0,2,2,0,29.86,LOW
Triya Kumer,12,2,0,2,2,0,29.86,LOW
Jagrati Ramakrishnan,12,2,0,2,2,0,29.86,LOW
Chanakya Suresh,12,2,0,2,2,0,29.86,LOW
Chandani Dara,12,2,0,2,2,0,29.86,LOW
Vasana Barman,12,2,0,2,2,0,29.86,LOW
Meghana Ramaswamy,12,2,0,2,2,0,29.86,LOW
Warda Date,12,2,0,2,2,0,29.86,LOW
Ganga Sunder,12,2,0,2,2,0,29.86,LOW
Akshay Goswami,12,2,0,2,2,0,29.86,LOW
Zayan Krishna,12,2,0,2,2,0,29.86,LOW
Upadhriti Jani,12,2,0,2,2,0,29.86,LOW
Tanmayi Samra,12,2,0,2,2,0,29.86,LOW
Faqid Karpe,12,2,0,2,2,0,29.86,LOW
Faris Gill,12,2,0,2,2,0,29.86,LOW
Omya Bhasin,12,2,0,2,2,0,29.86,LOW
Mohini Kalla,12,2,0,2,2,0,29.86,LOW
Gaurika Pathak,12,2,0,2,2,0,29.86,LOW
Inaya Aurora,12,2,0,2,2,0,29.86,LOW
Gopal Choudhry,12,2,0,2,2,0,29.86,LOW
Kabir Bhakta,12,2,0,2,2,0,29.86,LOW
Shaurya Sibal,12,2,0,2,2,0,29.86,LOW
Ethan Raj,12,2,0,2,2,0,29.86,LOW
Raksha Mani,12,2,0,2,2,0,29.86,LOW
Upma Das,12,2,0,2,2,0,29.86,LOW
Lajita Lata,12,2,0,2,2,0,29.86,LOW
Omya Dhar,12,2,0,2,2,0,29.86,LOW
Bhavika Pandit,12,2,0,2,2,0,29.86,LOW
Teerth Ramesh,12,2,0,2,2,0,29.86,LOW
Viraj Sandhu,12,2,0,2,2,0,29.86,LOW
Onveer Dasgupta,12,2,0,2,2,0,29.86,LOW
Hiral Bala,12,2,0,2,2,0,29.86,LOW
Devansh Sekhon,12,2,0,2,2,0,29.86,LOW
Oeshi Bali,12,2,0,2,2,0,29.86,LOW
Sanaya Raju,12,2,0,2,2,0,29.86,LOW
Nidhi Sodhi,12,2,0,2,2,0,29.86,LOW
Vinaya Nath,12,2,0,2,2,0,29.86,LOW
Vrinda Chokshi,12,2,0,2,2,0,29.86,LOW
Wakeeta Din,12,2,0,2,2,0,29.86,LOW
Onveer Rana,12,2,0,2,2,0,29.86,LOW
Azad Varma,12,2,0,2,2,0,29.86,LOW
Anmol Rajan,12,2,0,2,2,0,29.86,LOW
Christopher Dewan,12,2,0,2,2,0,29.86,LOW
Urvi Bera,12,2,0,2,2,0,29.86,LOW
Yash Kohli,12,2,0,2,2,0,29.86,LOW
Kamala Munshi,12,2,0,2,2,0,29.86,LOW
Ishwar Pau,12,2,0,2,2,0,29.86,LOW
Eta Rastogi,12,2,0,2,2,0,29.86,LOW
Pooja Chandra,12,2,0,2,2,0,29.86,LOW
Rudra Reddy,12,2,0,2,2,0,29.86,LOW
Nimrat Bora,12,2,0,2,2,0,29.86,LOW
Kritika Suri,12,2,0,2,2,0,29.86,LOW
Lavanya Bansal,12,2,0,2,2,0,29.86,LOW
Nihal Pandya,12,2,0,2,2,0,29.86,LOW
Ekaja Sankaran,12,2,0,2,2,0,29.86,LOW
Omya Morar,12,2,0,2,2,0,29.86,LOW
Faraj Thakur,12,2,0,2,2,0,29.86,LOW
Advika Sha,12,2,0,2,2,0,29.86,LOW
Zaid Jaggi,12,2,0,2,2,0,29.86,LOW
Xalak Kumer,12,2,0,2,2,0,29.86,LOW
Kashvi Korpal,12,2,0,2,2,0,29.86,LOW
Dhruv Sawhney,12,2,0,2,2,0,29.86,LOW
Rishi Chaudry,12,2,0,2,2,0,29.86,LOW
Anmol Sharma,12,2,0,2,2,0,29.86,LOW
Chakrika Mall,12,2,0,2,2,0,29.86,LOW
Lavanya Oak,12,2,0,2,2,0,29.86,LOW
Ekantika Chaudhry,12,2,0,2,2,0,29.86,LOW
Vyanjana Dara,12,2,0,2,2,0,29.86,LOW
Kamala Pingle,12,2,0,2,2,0,29.86,LOW
Jagrati Varkey,12,2,0,2,2,0,29.86,LOW
Zayyan Palla,12,2,0,2,2,0,29.86,LOW
Girish Bhatnagar,12,2,0,2,2,0,29.86,LOW
Bishakha Saxena,12,2,0,2,2,0,29.86,LOW
Mitali Iyer,12,2,0,2,2,0,29.86,LOW
Rishi Sathe,12,2,0,2,2,0,29.86,LOW
Daksh Gour,12,2,0,2,2,0,29.86,LOW
William Varma,12,2,0,2,2,0,29.86,LOW
Ranveer Ramakrishnan,12,2,0,2,2,0,29.86,LOW
Madhavi Luthra,12,2,0,2,2,0,29.86,LOW
Xiti Bava,12,2,0,2,2,0,29.86,LOW
Mohini Som,12,2,0,2,2,0,29.86,LOW
Abdul Vasa,12,2,0,2,2,0,29.86,LOW
Pavani Grewal,12,2,0,2,2,0,29.86,LOW
Urvashi Dixit,12,2,0,2,2,0,29.86,LOW
Ansh Ravi,12,2,0,2,2,0,29.86,LOW
Lucky Raja,12,2,0,2,2,0,29.86,LOW
Chatura Reddy,12,2,0,2,2,0,29.86,LOW
Rishi Badal,12,2,0,2,2,0,29.86,LOW
Azad Wagle,12,2,0,2,2,0,29.86,LOW
Naksh Gaba,12,2,0,2,2,0,29.86,LOW
Nachiket Gara,12,2,0,2,2,0,29.86,LOW
Timothy Sachdeva,12,2,0,2,2,0,29.86,LOW
Zaitra Dani,12,2,0,2,2,0,29.86,LOW
Harish Nadkarni,12,2,0,2,2,0,29.86,LOW
Chatura Kala,12,2,0,2,2,0,29.86,LOW
Geetika Goel,12,2,0,2,2,0,29.86,LOW
Chaitanya Kamdar,12,2,0,2,2,0,29.86,LOW
Dev Andra,12,2,0,2,2,0,29.86,LOW
Kai Sengupta,12,2,0,2,2,0,29.86,LOW
Vrishti Bal,12,2,0,2,2,0,29.86,LOW
Lucky Pandey,12,2,0,2,2,0,29.86,LOW
Hardik Sibal,12,2,0,2,2,0,29.86,LOW
Urishilla Bhakta,12,2,0,2,2,0,29.86,LOW
Omisha Choudhary,12,2,0,2,2,0,29.86,LOW
Gautam Toor,12,2,0,2,2,0,29.86,LOW
Vedika Suri,12,2,0,2,2,0,29.86,LOW
Alka Solanki,12,2,0,2,2,0,29.86,LOW
Jeevika Loyal,12,2,0,2,2,0,29.86,LOW
George Sane,12,2,0,2,2,0,29.86,LOW
Gabriel Kunda,12,2,0,2,2,0,29.86,LOW
Girindra Palla,12,2,0,2,2,0,29.86,LOW
Aahana Dave,12,2,0,2,2,0,29.86,LOW
Jonathan Seshadri,12,2,0,2,2,0,29.86,LOW
Abdul Rai,12,2,0,2,2,0,29.86,LOW
Niharika Merchant,12,2,0,2,2,0,29.86,LOW
Yutika Lad,12,2,0,2,2,0,29.86,LOW
Diya Kalla,12,2,0,2,2,0,29.86,LOW
Ekta Memon,12,2,0,2,2,0,29.86,LOW
Gauri Ghosh,12,2,0,2,2,0,29.86,LOW
Jagdish Chand,12,2,0,2,2,0,29.86,LOW
Bhavini Memon,12,2,0,2,2,0,29.86,LOW
Anya Saha,12,2,0,2,2,0,29.86,LOW
Naksh Krishnamurthy,12,2,0,2,2,0,29.86,LOW
Sarthak Raja,12,2,0,2,2,0,29.86,LOW
Lekha Shukla,12,2,0,2,2,0,29.86,LOW
Hemangini Bala,12,2,0,2,2,0,29.86,LOW
Dipta Banerjee,12,2,0,2,2,0,29.86,LOW
Ishwar Tiwari,12,2,0,2,2,0,29.86,LOW
Wakeeta Kaul,12,2,0,2,2,0,29.86,LOW
Lipika Saha,12,2,0,2,2,0,29.86,LOW
Wriddhish Pandit,12,2,0,2,2,0,29.86,LOW
Logan Sachdev,12,2,0,2,2,0,29.86,LOW
Samaksh Raman,12,2,0,2,2,0,29.86,LOW
Daksh Sinha,12,2,0,2,2,0,29.86,LOW
Vedhika Dewan,12,2,0,2,2,0,29.86,LOW
Yadavi Kala,12,2,0,2,2,0,29.86,LOW
Jhalak Sethi,12,2,0,2,2,0,29.86,LOW
Wahab Srinivas,12,2,0,2,2,0,29.86,LOW
Max Prabhu,12,2,0,2,2,0,29.86,LOW
Aachal Upadhyay,12,2,0,2,2,0,29.86,LOW
Bhavika Ganguly,12,2,0,2,2,0,29.86,LOW
Alexander Saraf,12,2,0,2,2,0,29.86,LOW
Dalbir Madan,12,2,0,2,2,0,29.86,LOW
Ishaan Dhar,12,2,0,2,2,0,29.86,LOW
Avni Nanda,12,2,0,2,2,0,29.86,LOW
Wahab Kunda,12,2,0,2,2,0,29.86,LOW
Liam Buch,12,2,0,2,2,0,29.86,LOW
Indira Vala,12,2,0,2,2,0,29.86,LOW
Diya Cherian,12,2,0,2,2,0,29.86,LOW
Isaiah Loyal,12,2,0,2,2,0,29.86,LOW
Mitali Sarma,12,2,0,2,2,0,29.86,LOW
Henry Bansal,12,2,0,2,2,0,29.86,LOW
Pallavi Din,12,2,0,2,2,0,29.86,LOW
Upasna Sunder,12,2,0,2,2,0,29.86,LOW
Edhitha Tak,12,2,0,2,2,0,29.86,LOW
Azad Dhar,12,2,0,2,2,0,29.86,LOW
Nidhi Sawhney,12,2,0,2,2,0,29.86,LOW
Pratyush Bala,12,2,0,2,2,0,29.86,LOW
Aarnav Kumar,12,2,0,2,2,0,29.86,LOW
Om Mohanty,12,2,0,2,2,0,29.86,LOW
Vedika Maharaj,12,2,0,2,2,0,29.86,LOW
Niharika Pai,12,2,0,2,2,0,29.86,LOW
Banjeet Wali,12,2,0,2,2,0,29.86,LOW
Keya Lata,12,2,0,2,2,0,29.86,LOW
Yutika Dutta,12,2,0,2,2,0,29.86,LOW
Jalsa Madan,12,2,0,2,2,0,29.86,LOW
Christopher Sant,12,2,0,2,2,0,29.86,LOW
Dhruv Rastogi,12,2,0,2,2,0,29.86,LOW
Vinaya Chawla,12,2,0,2,2,0,29.86,LOW
Bimala Nori,12,2,0,2,2,0,29.86,LOW
Tripti Sodhi,12,2,0,2,2,0,29.86,LOW
Naveen Sahni,12,2,0,2,2,0,29.86,LOW
Warinder Aurora,12,2,0,2,2,0,29.86,LOW
Anay Bhasin,12,2,0,2,2,0,29.86,LOW
Veda Sachar,12,2,0,2,2,0,29.86,LOW
Zayan Bhasin,12,2,0,2,2,0,29.86,LOW
Isaiah Bora,12,2,0,2,2,0,29.86,LOW
Aahana Bhardwaj,12,2,0,2,2,0,29.86,LOW
Balendra Sahni,12,2,0,2,2,0,29.86,LOW
Faraj Deshmukh,12,2,0,2,2,0,29.86,LOW
Yochana Cheema,12,2,0,2,2,0,29.86,LOW
Atharv Bir,12,2,0,2,2,0,29.86,LOW
Mitali Hegde,12,2,0,2,2,0,29.86,LOW
Yatan Loyal,12,2,0,2,2,0,29.86,LOW
Ekiya Solanki,12,2,0,2,2,0,29.86,LOW
Pavani Cheema,12,2,0,2,2,0,29.86,LOW
Bina Rao,12,2,0,2,2,0,29.86,LOW
Upasna Mani,12,2,0,2,2,0,29.86,LOW
Hemal Brar,12,2,0,2,2,0,29.86,LOW
Isha Rege,12,2,0,2,2,0,29.86,LOW
Vyanjana Batra,12,2,0,2,2,0,29.86,LOW
Wishi Kar,12,2,0,2,2,0,29.86,LOW
Quincy Ranganathan,12,2,0,2,2,0,29.86,LOW
Jonathan Kale,12,2,0,2,2,0,29.86,LOW
Gaurav Khare,12,2,0,2,2,0,29.86,LOW
Eshana Mukherjee,12,2,0,2,2,0,29.86,LOW
Lopa Kumer,12,2,0,2,2,0,29.86,LOW
Raagini Subramaniam,12,2,0,2,2,0,29.86,LOW
Saksham Maharaj,12,2,0,2,2,0,29.86,LOW
Samarth Chander,12,2,0,2,2,0,29.86,LOW
Chatura Sanghvi,12,2,0,2,2,0,29.86,LOW
Megha Pandey,12,2,0,2,2,0,29.86,LOW
Jai Majumdar,12,2,0,2,2,0,29.86,LOW
Tanvi Vasa,12,2,0,2,2,0,29.86,LOW
Jagdish Patil,12,2,0,2,2,0,29.86,LOW
Yug Kunda,12,2,0,2,2,0,29.86,LOW
Abhimanyu Sahota,12,2,0,2,2,0,29.86,LOW
Hritik Vyas,12,2,0,2,2,0,29.86,LOW
Isaiah Goswami,12,2,0,2,2,0,29.86,LOW
Naveen Bhatia,12,2,0,2,2,0,29.86,LOW
William Mitter,12,2,0,2,2,0,29.86,LOW
Divya Sathe,12,2,0,2,2,0,29.86,LOW
Aarav Gour,12,2,0,2,2,0,29.86,LOW
Ekta Vyas,12,2,0,2,2,0,29.86,LOW
Yamini Rao,12,2,0,2,2,0,29.86,LOW
Zayyan Tailor,12,2,0,2,2,0,29.86,LOW
Vinaya Mukhopadhyay,12,2,0,2,2,0,29.86,LOW
Ekanta Vala,12,2,0,2,2,0,29.86,LOW
Pranav Prakash,12,2,0,2,2,0,29.86,LOW
Wazir Dayal,12,2,0,2,2,0,29.86,LOW
Zayyan Randhawa,12,2,0,2,2,0,29.86,LOW
Kamya Goyal,12,2,0,2,2,0,29.86,LOW
Frederick Prasad,12,2,0,2,2,0,29.86,LOW
Rachit Chandra,12,2,0,2,2,0,29.86,LOW
Pallavi Balasubramanian,12,2,0,2,2,0,29.86,LOW
Udarsh Bora,12,2,0,2,2,0,29.86,LOW
Charvi Butala,12,2,0,2,2,0,29.86,LOW
Guneet Deshpande,12,2,0,2,2,0,29.86,LOW
Oeshi Bhavsar,12,2,0,2,2,0,29.86,LOW
Sarthak Arora,12,2,0,2,2,0,29.86,LOW
Lipika Memon,12,2,0,2,2,0,29.86,LOW
Ekbal Brar,12,2,0,2,2,0,29.86,LOW
Zaid Gulati,12,2,0,2,2,0,29.86,LOW
Aadhya Borah,12,2,0,2,2,0,29.86,LOW
Krish Lata,12,2,0,2,2,0,29.86,LOW
Osha Patla,12,2,0,2,2,0,29.86,LOW
Brijesh Rajan,12,2,0,2,2,0,29.86,LOW
Ojasvi Verma,12,2,0,2,2,0,29.86,LOW
Mitali Mistry,12,2,0,2,2,0,29.86,LOW
Adya Kant,12,2,0,2,2,0,29.86,LOW
Ojasvi Reddy,12,2,0,2,2,0,29.86,LOW
Sathvik Verma,12,2,0,2,2,0,29.86,LOW
Farhan Sachar,12,2,0,2,2,0,29.86,LOW
Lakshit Rau,12,2,0,2,2,0,29.86,LOW
Prisha Baral,12,2,0,2,2,0,29.86,LOW
Gaurika Ahluwalia,12,2,0,2,2,0,29.86,LOW
Nimrat Chander,12,2,0,2,2,0,29.86,LOW
Tamanna Lad,12,2,0,2,2,0,29.86,LOW
Tanmayi Karnik,12,2,0,2,2,0,29.86,LOW
Oeshi Baral,12,2,0,2,2,0,29.86,LOW
Anay Balasubramanian,12,2,0,2,2,0,29.86,LOW
Charvi Brahmbhatt,12,2,0,2,2,0,29.86,LOW
Azaan Oza,12,2,0,2,2,0,29.86,LOW
Gavin Swaminathan,12,2,0,2,2,0,29.86,LOW
Zansi Rout,12,2,0,2,2,0,29.86,LOW
Maanav Dhar,12,2,0,2,2,0,29.86,LOW
Qarin Sule,12,2,0,2,2,0,29.86,LOW
Rehaan Shanker,12,2,0,2,2,0,29.86,LOW
Geetika Varghese,12,2,0,2,2,0,29.86,LOW
Idika Desai,12,2,0,2,2,0,29.86,LOW
Damini Chaudhary,12,2,0,2,2,0,29.86,LOW
Triya Korpal,12,2,0,2,2,0,29.86,LOW
Waida Sahota,12,2,0,2,2,0,29.86,LOW
Raksha Barad,12,2,0,2,2,0,29.86,LOW
Patrick Dugar,12,2,0,2,2,0,29.86,LOW
Ishanvi Kamdar,12,2,0,2,2,0,29.86,LOW
Priya Zachariah,12,2,0,2,2,0,29.86,LOW
Geetika Subramaniam,12,2,0,2,2,0,29.86,LOW
Kashish Ranganathan,12,2,0,2,2,0,29.86,LOW
Chasmum Sinha,12,2,0,2,2,0,29.86,LOW
Victor Baral,12,2,0,2,2,0,29.86,LOW
Kashish Arya,12,2,0,2,2,0,29.86,LOW
Finn Chaudry,12,2,0,2,2,0,29.86,LOW
Sai Solanki,12,2,0,2,2,0,29.86,LOW
Vedant Buch,12,2,0,2,2,0,29.86,LOW
Ojas Brahmbhatt,12,2,0,2,2,0,29.86,LOW
Anjali Dalal,12,2,0,2,2,0,29.86,LOW
Abha Kant,12,2,0,2,2,0,29.86,LOW
Udarsh Kibe,12,2,0,2,2,0,29.86,LOW
Vedika Pal,12,2,0,2,2,0,29.86,LOW
Noah Bains,12,2,0,2,2,0,29.86,LOW
Finn Barad,12,2,0,2,2,0,29.86,LOW
Bimala Luthra,12,2,0,2,2,0,29.86,LOW
Jonathan Koshy,12,2,0,2,2,0,29.86,LOW
Bhavika Iyer,12,2,0,2,2,0,29.86,LOW
Nachiket Thakkar,12,2,0,2,2,0,29.86,LOW
Upkaar Iyer,12,2,0,2,2,0,29.86,LOW
Vidhi Sinha,12,2,0,2,2,0,29.86,LOW
Gaurav Agate,12,2,0,2,2,0,29.86,LOW
Caleb Sibal,12,2,0,2,2,0,29.86,LOW
Indali Mutti,12,2,0,2,2,0,29.86,LOW
Leela Khatri,12,2,0,2,2,0,29.86,LOW
Advik Bora,12,2,0,2,2,0,29.86,LOW
Advik Thaker,12,2,0,2,2,0,29.86,LOW
Harsh Jhaveri,12,2,0,2,2,0,29.86,LOW
Osha Merchant,12,2,0,2,2,0,29.86,LOW
Aarna Chand,12,2,0,2,2,0,29.86,LOW
Finn Kapoor,12,2,0,2,2,0,29.86,LOW
Damyanti Lanka,12,2,0,2,2,0,29.86,LOW
William Thaker,12,2,0,2,2,0,29.86,LOW
Idika Grover,12,2,0,2,2,0,29.86,LOW
Chasmum Seshadri,12,2,0,2,2,0,29.86,LOW
Mitali Lanka,12,2,0,2,2,0,29.86,LOW
Bhavini Oza,12,2,0,2,2,0,29.86,LOW
Zayyan Gaba,12,2,0,2,2,0,29.86,LOW
Bahadurjit Basak,12,2,0,2,2,0,29.86,LOW
Praneel Nagar,12,2,0,2,2,0,29.86,LOW
Jason Dubey,12,2,0,2,2,0,29.86,LOW
Girish Jaggi,12,2,0,2,2,0,29.86,LOW
Gayathri Dhillon,12,2,0,2,2,0,29.86,LOW
Balhaar Bail,12,2,0,2,2,0,29.86,LOW
Agastya Merchant,12,2,0,2,2,0,29.86,LOW
Qushi Parsa,12,2,0,2,2,0,29.86,LOW
Ishita Arora,12,2,0,2,2,0,29.86,LOW
Maanav Kamdar,12,2,0,2,2,0,29.86,LOW
Rachana Sundaram,12,2,0,2,2,0,29.86,LOW
Chameli Dara,12,2,0,2,2,0,29.86,LOW
Henry Sha,12,2,0,2,2,0,29.86,LOW
Noah Kata,12,2,0,2,2,0,29.86,LOW
Aarav Raja,12,2,0,2,2,0,29.86,LOW
Vaishnavi Prashad,12,2,0,2,2,0,29.86,LOW
Omaja Desai,12,2,0,2,2,0,29.86,LOW
Abhimanyu Sengupta,12,2,0,2,2,0,29.86,LOW
Harsh Buch,12,2,0,2,2,0,29.86,LOW
Ria Srinivas,12,2,0,2,2,0,29.86,LOW
Oliver Chadha,12,2,0,2,2,0,29.86,LOW
Ikshita Gala,12,2,0,2,2,0,29.86,LOW
Falguni Issac,12,2,0,2,2,0,29.86,LOW
Samesh Srivastava,12,2,0,2,2,0,29.86,LOW
Shravya Goel,12,2,0,2,2,0,29.86,LOW
Chakrika Kala,12,2,0,2,2,0,29.86,LOW
Vrinda Nair,12,2,0,2,2,0,29.86,LOW
Xavier Chatterjee,12,2,0,2,2,0,29.86,LOW
Vedhika Rajagopal,12,2,0,2,2,0,29.86,LOW
Kamya Bedi,12,2,0,2,2,0,29.86,LOW
Ekapad Sathe,12,2,0,2,2,0,29.86,LOW
Yachana Rajagopal,12,2,0,2,2,0,29.86,LOW
Tripti Bahri,12,2,0,2,2,0,29.86,LOW
Qasim Chhabra,12,2,0,2,2,0,29.86,LOW
Azad Sidhu,12,2,0,2,2,0,29.86,LOW
Balhaar Gera,12,2,0,2,2,0,29.86,LOW
Christopher Shukla,12,2,0,2,2,0,29.86,LOW
Urishilla Sehgal,12,2,0,2,2,0,29.86,LOW
Rajata Salvi,12,2,0,2,2,0,29.86,LOW
Chandran Narula,12,2,0,2,2,0,29.86,LOW
Nidhi Sridhar,12,2,0,2,2,0,29.86,LOW
Anya Grewal,12,2,0,2,2,0,29.86,LOW
Jagat Dey,12,2,0,2,2,0,29.86,LOW
Manya Luthra,12,2,0,2,2,0,29.86,LOW
Udarsh Toor,12,2,0,2,2,0,29.86,LOW
Watika Rattan,12,2,0,2,2,0,29.86,LOW
Dhriti Sachar,12,2,0,2,2,0,29.86,LOW
Raghav Handa,12,2,0,2,2,0,29.86,LOW
Gopal Mannan,11,2,0,2,2,0,29.02,LOW
Yashasvi Kale,11,2,0,2,2,0,29.02,LOW
Devansh Gour,11,2,0,2,2,0,29.02,LOW
Nakul Gola,11,2,0,2,2,0,29.02,LOW
Aashi Chakraborty,11,2,0,2,2,0,29.02,LOW
Nicholas Pau,11,2,0,2,2,0,29.02,LOW
Matthew Varghese,11,2,0,2,2,0,29.02,LOW
Vasatika Shan,11,2,0,2,2,0,29.02,LOW
Wishi Upadhyay,11,2,0,2,2,0,29.02,LOW
Gauri Bobal,11,2,0,2,2,0,29.02,LOW
Veda Arya,11,2,0,2,2,0,29.02,LOW
Farhan Gera,11,2,0,2,2,0,29.02,LOW
Qasim Dhar,11,2,0,2,2,0,29.02,LOW
Charita Pradhan,11,2,0,2,2,0,29.02,LOW
Warjas Pal,11,2,0,2,2,0,29.02,LOW
Manthan Patel,11,2,0,2,2,0,29.02,LOW
Upkaar Bhagat,11,2,0,2,2,0,29.02,LOW
Ubika Khosla,11,2,0,2,2,0,29.02,LOW
Pranav Bawa,11,2,0,2,2,0,29.02,LOW
Qasim Aggarwal,11,2,0,2,2,0,29.02,LOW
Daniel Prabhakar,11,2,0,2,2,0,29.02,LOW
Zehaan Subramaniam,11,2,0,2,2,0,29.02,LOW
Faris Borah,11,2,0,2,2,0,29.02,LOW
Isaiah Lad,11,2,0,2,2,0,29.02,LOW
Adya Dora,11,2,0,2,2,0,29.02,LOW
Aarav Dhar,11,2,0,2,2,0,29.02,LOW
Charan Rattan,11,2,0,2,2,0,29.02,LOW
Yug Rastogi,11,2,0,2,2,0,29.02,LOW
Lakshit Kibe,11,2,0,2,2,0,29.02,LOW
Robert Pal,11,2,0,2,2,0,29.02,LOW
Leela Kunda,11,2,0,2,2,0,29.02,LOW
Tejas Goel,11,2,0,2,2,0,29.02,LOW
Ekanta Ray,11,2,0,2,2,0,29.02,LOW
Chaitanya Tiwari,11,2,0,2,2,0,29.02,LOW
Jack Dugar,11,2,0,2,2,0,29.02,LOW
Arin Sur,11,2,0,2,2,0,29.02,LOW
Lajita Goel,11,2,0,2,2,0,29.02,LOW
Vanya Bhargava,11,2,0,2,2,0,29.02,LOW
Rayaan Bandi,11,2,0,2,2,0,29.02,LOW
Yug Sridhar,11,2,0,2,2,0,29.02,LOW
Kashish Desai,11,2,0,2,2,0,29.02,LOW
Adweta Reddy,11,2,0,2,2,0,29.02,LOW
Jagdish Dara,11,2,0,2,2,0,29.02,LOW
Hema Dara,11,2,0,2,2,0,29.02,LOW
Vansha Kumar,11,2,0,2,2,0,29.02,LOW
Veda Sule,11,2,0,2,2,0,29.02,LOW
Frederick Mall,11,2,0,2,2,0,29.02,LOW
Manbir Baral,11,2,0,2,2,0,29.02,LOW
Keya Krish,11,2,0,2,2,0,29.02,LOW
Michael Dugar,11,2,0,2,2,0,29.02,LOW
Yamini Behl,11,2,0,2,2,0,29.02,LOW
Yadavi Suri,11,2,0,2,2,0,29.02,LOW
Orinder Rajagopal,11,2,0,2,2,0,29.02,LOW
Abhiram Grewal,11,2,0,2,2,0,29.02,LOW
Forum Wali,11,2,0,2,2,0,29.02,LOW
Bakhshi Sama,11,2,0,2,2,0,29.02,LOW
Rachana Swamy,11,2,0,2,2,0,29.02,LOW
Onveer Shukla,11,2,0,2,2,0,29.02,LOW
Ladli Rattan,11,2,0,2,2,0,29.02,LOW
Chasmum Goel,11,2,0,2,2,0,29.02,LOW
Wriddhish Chandra,11,2,0,2,2,0,29.02,LOW
Harini Swamy,11,2,0,2,2,0,29.02,LOW
Qushi Bhatti,11,2,0,2,2,0,29.02,LOW
Gabriel Dugar,11,2,0,2,2,0,29.02,LOW
Idika Dutt,11,2,0,2,2,0,29.02,LOW
Sarthak Dube,11,2,0,2,2,0,29.02,LOW
Janani Oza,11,2,0,2,2,0,29.02,LOW
Jhalak Tata,11,2,0,2,2,0,29.02,LOW
Pranit Agate,11,2,0,2,2,0,29.02,LOW
Qarin Chadha,11,2,0,2,2,0,29.02,LOW
Charita Agate,11,2,0,2,2,0,29.02,LOW
Arunima Pradhan,11,2,0,2,2,0,29.02,LOW
Girish Raj,11,2,0,2,2,0,29.02,LOW
Meera Khalsa,11,2,0,2,2,0,29.02,LOW
Dipta Baral,11,2,0,2,2,0,29.02,LOW
Wazir Palla,11,2,0,2,2,0,29.02,LOW
Eshana Hora,11,2,0,2,2,0,29.02,LOW
Teerth Wagle,11,2,0,2,2,0,29.02,LOW
Nicholas Sarin,11,2,0,2,2,0,29.02,LOW
Yasti Chakrabarti,11,2,0,2,2,0,29.02,LOW
Aashi Bhatt,11,2,0,2,2,0,29.02,LOW
Vamakshi Sura,11,2,0,2,2,0,29.02,LOW
Suhani Handa,11,2,0,2,2,0,29.02,LOW
Darpan Dani,11,2,0,2,2,0,29.02,LOW
Chavvi Dave,11,2,0,2,2,0,29.02,LOW
Rachana Shere,11,2,0,2,2,0,29.02,LOW
Sai Patla,11,2,0,2,2,0,29.02,LOW
Gaurang Hayer,11,2,0,2,2,0,29.02,LOW
Daksha Dugar,11,2,0,2,2,0,29.02,LOW
Teerth Tara,11,2,0,2,2,0,29.02,LOW
Balendra Nagarajan,11,2,0,2,2,0,29.02,LOW
Ayaan Arya,11,2,0,2,2,0,29.02,LOW
Akshay Nadig,11,2,0,2,2,0,29.02,LOW
Neel Prashad,11,2,0,2,2,0,29.02,LOW
Ekalinga Vora,11,2,0,2,2,0,29.02,LOW
Alka Nadig,11,2,0,2,2,0,29.02,LOW
Vritti Tripathi,11,2,0,2,2,0,29.02,LOW
Nachiket Contractor,11,2,0,2,2,0,29.02,LOW
Baljiwan Kaur,11,2,0,2,2,0,29.02,LOW
Jagvi Chaudhuri,11,2,0,2,2,0,29.02,LOW
Tara Sehgal,11,2,0,2,2,0,29.02,LOW
Ranveer Raman,11,2,0,2,2,0,29.02,LOW
Sneha Kota,11,2,0,2,2,0,29.02,LOW
Ekanta Mittal,11,2,0,2,2,0,29.02,LOW
Faqid Cheema,11,2,0,2,2,0,29.02,LOW
Amara Kala,11,2,0,2,2,0,29.02,LOW
Guneet Kurian,11,2,0,2,2,0,29.02,LOW
Leena Tella,11,2,0,2,2,0,29.02,LOW
Jatin Vaidya,11,2,0,2,2,0,29.02,LOW
Yamini Menon,11,2,0,2,2,0,29.02,LOW
Ekantika D’Alia,11,2,0,2,2,0,29.02,LOW
Oviya Kari,11,2,0,2,2,0,29.02,LOW
Faris Mukhopadhyay,11,2,0,2,2,0,29.02,LOW
Champak Roy,11,2,0,2,2,0,29.02,LOW
Zilmil Sangha,11,2,0,2,2,0,29.02,LOW
Amaira Chowdhury,11,2,0,2,2,0,29.02,LOW
Aarav Basak,11,2,0,2,2,0,29.02,LOW
Maanas Lalla,11,2,0,2,2,0,29.02,LOW
Fitan Thaker,11,2,0,2,2,0,29.02,LOW
Anika Doshi,11,2,0,2,2,0,29.02,LOW
Balveer Banik,11,2,0,2,2,0,29.02,LOW
Falguni Menon,11,2,0,2,2,0,29.02,LOW
Qarin More,11,2,0,2,2,0,29.02,LOW
Quincy Nori,11,2,0,2,2,0,29.02,LOW
Nitara Dayal,11,2,0,2,2,0,29.02,LOW
Hema Borde,11,2,0,2,2,0,29.02,LOW
Gautami Dhar,11,2,0,2,2,0,29.02,LOW
Yashoda Garg,11,2,0,2,2,0,29.02,LOW
Harsh Chaudhry,11,2,0,2,2,0,29.02,LOW
Ekavir Sinha,11,2,0,2,2,0,29.02,LOW
Bhavya Barad,11,2,0,2,2,0,29.02,LOW
Hemani Pandya,11,2,0,2,2,0,29.02,LOW
Dalbir Nanda,11,2,0,2,2,0,29.02,LOW
Abeer Gandhi,11,2,0,2,2,0,29.02,LOW
Kala Khare,11,2,0,2,2,0,29.02,LOW
Ishaan Deshpande,11,2,0,2,2,0,29.02,LOW
Chanakya Anand,11,2,0,2,2,0,29.02,LOW
Andrew Jayaraman,11,2,0,2,2,0,29.02,LOW
Omisha Bail,11,2,0,2,2,0,29.02,LOW
Ladli Gupta,11,2,0,2,2,0,29.02,LOW
Daniel Parekh,11,2,0,2,2,0,29.02,LOW
Simon Sunder,11,2,0,2,2,0,29.02,LOW
Falan Trivedi,11,2,0,2,2,0,29.02,LOW
Harshil Dalal,11,2,0,2,2,0,29.02,LOW
Vedika Nayar,11,2,0,2,2,0,29.02,LOW
Vivaan Nanda,11,2,0,2,2,0,29.02,LOW
Bhavika Saran,11,2,0,2,2,0,29.02,LOW
Leela Kala,11,2,0,2,2,0,29.02,LOW
Bhavani Srinivasan,11,2,0,2,2,0,29.02,LOW
Reva Chad,11,2,0,2,2,0,29.02,LOW
Zaid Ram,11,2,0,2,2,0,29.02,LOW
Gunbir Ganesh,11,2,0,2,2,0,29.02,LOW
Upadhriti Shah,11,2,0,2,2,0,29.02,LOW
Irya Lala,11,2,0,2,2,0,29.02,LOW
Ekansh Bassi,11,2,0,2,2,0,29.02,LOW
Warda Verma,11,2,0,2,2,0,29.02,LOW
Janya Sem,11,2,0,2,2,0,29.02,LOW
Faras Bhasin,11,2,0,2,2,0,29.02,LOW
Jacob Barad,11,2,0,2,2,0,29.02,LOW
Lakshit Gulati,11,2,0,2,2,0,29.02,LOW
Kiaan Ravi,11,2,0,2,2,0,29.02,LOW
Jack Chaudhuri,11,2,0,2,2,0,29.02,LOW
Kashvi Sethi,11,2,0,2,2,0,29.02,LOW
Chanakya Sood,11,2,0,2,2,0,29.02,LOW
Forum Pandya,11,2,0,2,2,0,29.02,LOW
Dev Pillay,11,2,0,2,2,0,29.02,LOW
Ishita Malhotra,11,2,0,2,2,0,29.02,LOW
Brinda Madan,11,2,0,2,2,0,29.02,LOW
Theodore Prabhakar,11,2,0,2,2,0,29.02,LOW
Nimrat Merchant,11,2,0,2,2,0,29.02,LOW
Nicholas Gole,11,2,0,2,2,0,29.02,LOW
Anika Balan,11,2,0,2,2,0,29.02,LOW
Wridesh Wagle,11,2,0,2,2,0,29.02,LOW
Baghyawati Sandhu,11,2,0,2,2,0,29.02,LOW
Balvan Agrawal,11,2,0,2,2,0,29.02,LOW
Tanveer Yogi,11,2,0,2,2,0,29.02,LOW
Yahvi Tank,11,2,0,2,2,0,29.02,LOW
Gunbir Nadkarni,11,2,0,2,2,0,29.02,LOW
Xiti Bora,11,2,0,2,2,0,29.02,LOW
Lakshit Kaul,11,2,0,2,2,0,29.02,LOW
Shivansh Kala,11,2,0,2,2,0,29.02,LOW
Nirja Dubey,11,2,0,2,2,0,29.02,LOW
Robert Lall,11,2,0,2,2,0,29.02,LOW
Samaksh Ramanathan,11,2,0,2,2,0,29.02,LOW
Manbir Desai,11,2,0,2,2,0,29.02,LOW
Pahal Nair,11,2,0,2,2,0,29.02,LOW
Nilima Mammen,11,2,0,2,2,0,29.02,LOW
Forum Nadkarni,11,2,0,2,2,0,29.02,LOW
Ranveer Nath,11,2,0,2,2,0,29.02,LOW
Ishanvi Chaudhuri,11,2,0,2,2,0,29.02,LOW
Aadi Bera,10,2,0,2,2,0,28.25,LOW
Urishilla Madan,10,2,0,2,2,0,28.25,LOW
Yuvraj Chandran,10,2,0,2,2,0,28.25,LOW
Siya Chaudhry,10,2,0,2,2,0,28.25,LOW
Nitesh Pandya,10,2,0,2,2,0,28.25,LOW
Aachal Morar,10,2,0,2,2,0,28.25,LOW
Udant Devan,10,2,0,2,2,0,28.25,LOW
Indali Raja,10,2,0,2,2,0,28.25,LOW
Tanish Madan,10,2,0,2,2,0,28.25,LOW
Raagini Kale,10,2,0,2,2,0,28.25,LOW
Jeremiah Vig,10,2,0,2,2,0,28.25,LOW
Harinakshi Anne,10,2,0,2,2,0,28.25,LOW
Amol Sani,10,2,0,2,2,0,28.25,LOW
Daksha Hayer,10,2,0,2,2,0,28.25,LOW
Vansha Edwin,10,2,0,2,2,0,28.25,LOW
Chavvi Dhar,10,2,0,2,2,0,28.25,LOW
Omaja Karan,10,2,0,2,2,0,28.25,LOW
Sarthak Bala,10,2,0,2,2,0,28.25,LOW
Yashawini Bumb,10,2,0,2,2,0,28.25,LOW
Reva Goel,10,2,0,2,2,0,28.25,LOW
Baghyawati Sangha,10,2,0,2,2,0,28.25,LOW
Yashica Yadav,10,2,0,2,2,0,28.25,LOW
Chanchal Srinivas,10,2,0,2,2,0,28.25,LOW
Ishaan Char,10,2,0,2,2,0,28.25,LOW
Jatin Shankar,10,2,0,2,2,0,28.25,LOW
Yadavi Ghose,10,2,0,2,2,0,28.25,LOW
Zaid Gandhi,10,2,0,2,2,0,28.25,LOW
Om Ravi,10,2,0,2,2,0,28.25,LOW
Ekanta Maharaj,10,2,0,2,2,0,28.25,LOW
Urvashi Khalsa,10,2,0,2,2,0,28.25,LOW
Mitali Cheema,10,2,0,2,2,0,28.25,LOW
Jalsa Kala,10,2,0,2,2,0,28.25,LOW
Samesh Sama,10,2,0,2,2,0,28.25,LOW
Nihal Wable,10,2,0,2,2,0,28.25,LOW
Oscar Lad,9,2,0,2,2,0,27.48,LOW
Faras Chander,9,2,0,2,2,0,27.48,LOW
Fiyaz Tiwari,9,2,0,2,2,0,27.48,LOW
Kamala Chaudhry,9,2,0,2,2,0,27.48,LOW
Patrick Bains,9,2,0,2,2,0,27.48,LOW
Devika Mand,9,2,0,2,2,0,27.48,LOW
Tejas Dhawan,8,2,0,2,2,0,26.71,LOW
Luke Zachariah,7,1,0,1,1,3,20.77,LOW
Brijesh Mani,7,1,0,1,1,0,20.77,LOW
Naksh Goyal,6,1,0,1,1,0,20.0,LOW
Aditya Sandal,6,1,0,1,1,0,20.0,LOW
Abdul Kumar,6,1,0,1,1,3,20.0,LOW
Saksham Chakrabarti,6,1,0,1,1,0,20.0,LOW
Kritika Parmer,6,1,0,1,1,0,20.0,LOW
Warinder Kalita,6,1,0,1,1,0,20.0,LOW
Bakhshi Munshi,6,1,0,1,1,3,20.0,LOW
Neel Dhillon,6,1,0,1,1,0,20.0,LOW
Yasti Ratti,6,1,0,1,1,0,20.0,LOW
Finn Jaggi,6,1,0,1,1,3,20.0,LOW
Jagvi Chandra,6,1,0,1,1,0,20.0,LOW
Irya Devan,6,1,0,1,1,3,20.0,LOW
Krishna Chandra,6,1,0,1,1,0,20.0,LOW
Pranav Basu,6,1,0,1,1,0,20.0,LOW
Xavier Ben,6,1,0,1,1,3,20.0,LOW
Dayita Banerjee,6,1,0,1,1,3,20.0,LOW
Yug Devan,6,1,0,1,1,0,20.0,LOW
Harrison Acharya,6,1,0,1,1,0,20.0,LOW
Joshua Ahuja,6,1,0,1,1,0,20.0,LOW
Yoshita Kara,6,1,0,1,1,0,20.0,LOW
Manya Ray,6,1,0,1,1,0,20.0,LOW
Wakeeta Dara,6,1,0,1,1,0,20.0,LOW
Naksh Chaudhry,6,1,0,1,1,0,20.0,LOW
Zehaan Hayer,6,1,0,1,1,0,20.0,LOW
Neel Suresh,6,1,0,1,1,0,20.0,LOW
Samarth Sibal,7,1,0,1,1,1,18.91,LOW
Ikbal Yadav,7,1,0,1,1,1,17.86,LOW
Champak Dash,7,1,0,1,1,1,17.01,LOW
Hardik Chatterjee,6,1,0,1,1,1,16.77,LOW
Nirja Aggarwal,6,1,0,1,1,1,16.56,LOW
Vinaya Warrior,6,1,0,1,1,1,15.19,LOW
Yamini Solanki,8,1,0,1,1,2,14.94,LOW
Harrison Walia,7,1,0,1,1,2,14.1,LOW
Ishita Soni,7,1,0,1,1,2,14.1,LOW
Yutika Choudhary,7,1,0,1,1,2,14.1,LOW
Hiral Johal,6,1,0,1,1,2,13.33,LOW
Nicholas Behl,6,1,0,1,1,2,13.33,LOW
Gopal Talwar,6,1,0,1,1,2,13.33,LOW
Gaurav Hegde,6,1,0,1,1,2,13.33,LOW
Falguni Nanda,6,1,0,1,1,2,13.33,LOW
Aachal Salvi,6,1,0,1,1,2,13.33,LOW
Girish Sekhon,6,1,0,1,1,2,13.33,LOW
Anthony Parmer,6,1,0,1,1,2,13.33,LOW
Bhanumati Balay,6,1,0,1,1,2,13.33,LOW
Yahvi Sandal,6,1,0,1,1,2,13.33,LOW
Radhika Pillai,6,1,0,1,1,2,13.33,LOW
Ayaan Sethi,6,1,0,1,1,2,13.33,LOW
Vyanjana Bajwa,6,1,0,1,1,2,13.33,LOW
Lopa Chatterjee,6,1,0,1,1,2,13.33,LOW
Xalak Raju,6,1,0,1,1,2,13.33,LOW
Aradhana Sen,6,1,0,1,1,2,13.33,LOW
Jonathan Bahl,6,1,0,1,1,2,13.33,LOW
Yochana Chawla,6,1,0,1,1,2,13.33,LOW
Darpan Barad,6,1,0,1,1,2,13.33,LOW
Upkaar Shanker,6,1,0,1,1,2,13.33,LOW
Gaurangi Gala,6,1,0,1,1,2,13.33,LOW
Karan Sawhney,6,1,0,1,1,2,13.33,LOW
Ridhi Din,6,1,0,1,1,2,13.33,LOW
Udarsh Doshi,6,1,0,1,1,2,13.33,LOW
Hemang Mody,6,1,0,1,1,2,13.33,LOW
Nirja Datta,6,1,0,1,1,2,13.33,LOW
Gayathri Mital,6,1,0,1,1,2,13.33,LOW
Anirudh Sawhney,6,1,0,1,1,2,13.33,LOW
Girish Bora,6,1,0,1,1,2,13.33,LOW
Quincy Rajan,6,1,0,1,1,2,13.33,LOW
Ekalinga Ganguly,6,1,0,1,1,2,13.33,LOW
Naveen Biswas,6,1,0,1,1,2,13.33,LOW
Ayush Jha,6,1,0,1,1,2,13.33,LOW
Hemal Wali,6,1,0,1,1,2,13.33,LOW
Charvi Sankaran,6,1,0,1,1,2,13.33,LOW
Gaurika Krish,6,1,0,1,1,2,13.33,LOW
Hemani Chokshi,6,1,0,1,1,2,13.33,LOW
Yasti Krish,6,1,0,1,1,2,13.33,LOW
Bimala Bhardwaj,6,1,0,1,1,2,13.33,LOW
Arin Grover,6,1,0,1,1,2,13.33,LOW
Faras Kannan,6,1,0,1,1,2,13.33,LOW
Nidhi Ramaswamy,6,1,0,1,1,2,13.33,LOW
Kamya Wadhwa,6,1,0,1,1,2,13.33,LOW
Isha Bal,6,1,0,1,1,2,13.33,LOW
Chatura Ratti,6,1,0,1,1,2,13.33,LOW
Frado Tella,6,1,0,1,1,2,13.33,LOW
Vansha Jaggi,6,1,0,1,1,2,13.33,LOW
Leena Sekhon,6,1,0,1,1,2,13.33,LOW
Chatresh Bajaj,6,1,0,1,1,2,13.33,LOW
Yoshita Kulkarni,6,1,0,1,1,2,13.33,LOW
Aashi Kunda,6,1,0,1,1,1,12.98,LOW
Caleb Lanka,8,1,0,1,1,1,8.38,LOW
Samuel Devi,8,1,0,1,1,1,8.38,LOW
Januja Patil,8,1,0,1,1,1,8.28,LOW
Forum Bhattacharyya,8,1,0,1,1,1,8.28,LOW
Vasana Sule,8,1,0,1,1,1,8.28,LOW
Xalak Munshi,8,1,0,1,1,1,8.28,LOW
Balendra Shroff,8,1,0,1,1,1,8.28,LOW
Yadavi Bal,8,1,0,1,1,1,8.28,LOW
Neel Barad,8,1,0,1,1,1,8.28,LOW
Nandini Sunder,7,1,0,1,1,1,7.54,LOW
Banjeet Goswami,7,1,0,1,1,1,7.44,LOW
Meghana Sarin,7,1,0,1,1,1,7.44,LOW
Bhavani Kalla,7,1,0,1,1,1,7.44,LOW
Diya Dugar,7,1,0,1,1,1,7.44,LOW
Nihal Kala,7,1,0,1,1,1,7.44,LOW
Hemal Nayak,7,1,0,1,1,1,7.44,LOW
Naksh Sunder,7,1,0,1,1,1,7.44,LOW
Jagvi Iyengar,7,1,0,1,1,1,7.44,LOW
Girindra Madan,7,1,0,1,1,1,7.44,LOW
Pranit Sundaram,7,1,0,1,1,1,7.44,LOW
Isha Viswanathan,7,1,0,1,1,1,7.44,LOW
Krishna Saha,7,1,0,1,1,1,7.44,LOW
Netra Bali,7,1,0,1,1,1,7.44,LOW
Edhitha Sanghvi,7,1,0,1,1,1,7.44,LOW
Wazir Mallick,7,1,0,1,1,1,7.44,LOW
Patrick Kothari,7,1,0,1,1,1,7.44,LOW
Gaurika Lalla,7,1,0,1,1,1,7.44,LOW
Pavani Sridhar,7,1,0,1,1,1,7.44,LOW
Yatin Cheema,7,1,0,1,1,1,7.44,LOW
Vasatika Parekh,7,1,0,1,1,1,7.44,LOW
Mohini Balakrishnan,7,1,0,1,1,1,7.44,LOW
Mitesh Krishnan,7,1,0,1,1,1,7.44,LOW
Ucchal Sule,7,1,0,1,1,1,7.44,LOW
Sudiksha Dash,7,1,0,1,1,1,7.44,LOW
Yahvi Babu,7,1,0,1,1,1,7.44,LOW
Upma Lall,7,1,0,1,1,1,7.44,LOW
Onkar Mani,7,1,0,1,1,1,7.44,LOW
Amara Mital,7,1,0,1,1,1,7.44,LOW
Naveen Baral,7,1,0,1,1,1,7.44,LOW
Wahab Viswanathan,7,1,0,1,1,1,7.44,LOW
Jack Agrawal,7,1,0,1,1,1,7.44,LOW
Pratyush Lad,7,1,0,1,1,1,7.44,LOW
Unnati Hayre,7,1,0,1,1,1,7.44,LOW
Aarna Swamy,7,1,0,1,1,1,7.44,LOW
Samuel Luthra,7,1,0,1,1,1,7.44,LOW
Nitara Vala,7,1,0,1,1,1,7.44,LOW
Harish Manda,7,1,0,1,1,1,7.44,LOW
Saanvi Chaudhuri,7,1,0,1,1,1,7.44,LOW
Odika Kale,7,1,0,1,1,1,7.44,LOW
Raghav Vasa,7,1,0,1,1,1,7.44,LOW
Libni Sandal,7,1,0,1,1,1,7.44,LOW
Jagat Chandra,7,1,0,1,1,1,7.44,LOW
Orinder Naidu,7,1,0,1,1,1,7.44,LOW
Brijesh Baral,7,1,0,1,1,1,7.44,LOW
Ronith Anand,7,1,0,1,1,1,7.44,LOW
Riya Golla,7,1,0,1,1,1,7.44,LOW
Rohan Suri,7,1,0,1,1,1,7.44,LOW
Kevin Bajwa,7,1,0,1,1,1,7.44,LOW
Warhi Ramanathan,7,1,0,1,1,1,7.44,LOW
Omisha Singhal,7,1,0,1,1,1,7.44,LOW
Parth Behl,7,1,0,1,1,1,7.44,LOW
Riya Vohra,7,1,0,1,1,1,7.44,LOW
Jeet Goel,7,1,0,1,1,1,7.44,LOW
Aarna Kara,7,1,0,1,1,1,7.44,LOW
Caleb Balan,7,1,0,1,1,1,7.44,LOW
Finn Sandal,7,1,0,1,1,1,7.44,LOW
Sudiksha Golla,7,1,0,1,1,1,7.44,LOW
Omaja Prabhu,7,1,0,1,1,1,7.44,LOW
Daksh Karnik,7,1,0,1,1,1,7.44,LOW
Edhitha Grover,7,1,0,1,1,1,7.44,LOW
Krish Saini,7,1,0,1,1,1,7.44,LOW
Zinal Kota,7,1,0,1,1,1,7.44,LOW
Anika Loyal,7,1,0,1,1,1,7.44,LOW
Tanish Prashad,7,1,0,1,1,1,7.44,LOW
Sai Kuruvilla,7,1,0,1,1,1,7.44,LOW
Ishanvi Golla,7,1,0,1,1,1,7.44,LOW
Shivani Sinha,7,1,0,1,1,1,7.44,LOW
Harinakshi Hans,7,1,0,1,1,1,7.44,LOW
Arjun Wali,7,1,0,1,1,1,7.44,LOW
Ronith Raja,7,1,0,1,1,1,7.44,LOW
Amrita Bora,7,1,0,1,1,1,7.44,LOW
Aarnav Sampath,7,1,0,1,1,1,7.44,LOW
Leela Bali,7,1,0,1,1,1,7.44,LOW
Jason Wadhwa,7,1,0,1,1,1,7.44,LOW
Mohammed Hans,7,1,0,1,1,1,7.44,LOW
Charan Varughese,7,1,0,1,1,1,7.44,LOW
Warda Tandon,7,1,0,1,1,1,7.44,LOW
Lila Chana,7,1,0,1,1,1,7.44,LOW
Eiravati Dani,7,1,0,1,1,1,7.44,LOW
Noah Viswanathan,7,1,0,1,1,1,7.44,LOW
Kevin Shenoy,7,1,0,1,1,1,7.44,LOW
Neel Srinivas,7,1,0,1,1,1,7.44,LOW
Ayush Banerjee,7,1,0,1,1,1,7.44,LOW
Sarthak Taneja,7,1,0,1,1,1,7.44,LOW
Shravya Kala,7,1,0,1,1,1,7.44,LOW
Jagvi Soni,7,1,0,1,1,1,7.44,LOW
Gopal Yogi,7,1,0,1,1,1,7.44,LOW
Keya Chaudhry,7,1,0,1,1,1,7.44,LOW
Logan Natarajan,7,1,0,1,1,1,7.44,LOW
Abhimanyu Hans,7,1,0,1,1,1,7.44,LOW
Ikbal Kanda,7,1,0,1,1,1,7.44,LOW
Vivaan Rama,7,1,0,1,1,1,7.44,LOW
Dakshesh Wali,7,1,0,1,1,1,7.44,LOW
Vidhi Bose,7,1,0,1,1,1,7.44,LOW
Oni Mannan,7,1,0,1,1,1,7.44,LOW
Hemani Roy,7,1,0,1,1,1,7.44,LOW
Yadavi Samra,7,1,0,1,1,1,7.44,LOW
Megha Chand,7,1,0,1,1,1,7.44,LOW
Bhavani Bhattacharyya,7,1,0,1,1,1,7.44,LOW
Chatura Wali,7,1,0,1,1,1,7.44,LOW
Advay Lal,7,1,0,1,1,1,7.44,LOW
Dalaja Dara,7,1,0,1,1,1,7.44,LOW
Mekhala Gaba,7,1,0,1,1,1,7.44,LOW
Ronith Khatri,7,1,0,1,1,1,7.44,LOW
Ayushman Cherian,7,1,0,1,1,1,7.44,LOW
Logan Puri,7,1,0,1,1,1,7.44,LOW
Ethan Jaggi,7,1,0,1,1,1,7.44,LOW
Ekapad Wali,7,1,0,1,1,1,7.44,LOW
Anamika Verma,7,1,0,1,1,1,7.44,LOW
Anya Sanghvi,7,1,0,1,1,1,7.44,LOW
Logan Kapadia,7,1,0,1,1,1,7.44,LOW
Andrew Bansal,7,1,0,1,1,1,7.44,LOW
Gautam Ranganathan,7,1,0,1,1,1,7.44,LOW
Pratyush Hari,7,1,0,1,1,1,7.44,LOW
Aadhya Brahmbhatt,7,1,0,1,1,1,7.44,LOW
Arin Kapur,7,1,0,1,1,1,7.44,LOW
Orinder Walla,7,1,0,1,1,1,7.44,LOW
Vasana Nigam,7,1,0,1,1,1,7.44,LOW
Oscar Korpal,7,1,0,1,1,1,7.44,LOW
Shravya Misra,7,1,0,1,1,1,7.44,LOW
Kavya Badal,7,1,0,1,1,1,7.44,LOW
Jai Dubey,7,1,0,1,1,1,7.44,LOW
Arya Narayanan,6,1,0,1,1,1,6.67,LOW
Radhika Bansal,6,1,0,1,1,1,6.67,LOW
Rachit Kari,6,1,0,1,1,1,6.67,LOW
Tanay Nori,6,1,0,1,1,1,6.67,LOW
Orinder Chaudry,6,1,0,1,1,1,6.67,LOW
Yoshita Sengupta,6,1,0,1,1,1,6.67,LOW
Onkar Parmer,6,1,0,1,1,1,6.67,LOW
Ikbal Thaker,6,1,0,1,1,1,6.67,LOW
Imaran Tailor,6,1,0,1,1,1,6.67,LOW
Brinda Suresh,6,1,0,1,1,1,6.67,LOW
Arin Sibal,6,1,0,1,1,1,6.67,LOW
Manthan Hans,6,1,0,1,1,1,6.67,LOW
Ronith Prabhu,6,1,0,1,1,1,6.67,LOW
Devika Sankaran,6,1,0,1,1,1,6.67,LOW
Arya Baral,6,1,0,1,1,1,6.67,LOW
Warda Mane,6,1,0,1,1,1,6.67,LOW
Udyati Jhaveri,6,1,0,1,1,1,6.67,LOW
Rajeshri Nagi,6,1,0,1,1,1,6.67,LOW
Irya Warrior,6,1,0,1,1,1,6.67,LOW
Yashasvi Sahota,6,1,0,1,1,1,6.67,LOW
Harini Narain,6,1,0,1,1,1,6.67,LOW
Avni Pradhan,6,1,0,1,1,1,6.67,LOW
Manya Maharaj,6,1,0,1,1,1,6.67,LOW
Zashil Pal,6,1,0,1,1,1,6.67,LOW
Tanveer Subramaniam,6,1,0,1,1,1,6.67,LOW
Rachana Srinivasan,6,1,0,1,1,1,6.67,LOW
Amrita Pandya,6,1,0,1,1,1,6.67,LOW
Zaid Dara,6,1,0,1,1,1,6.67,LOW
Samarth Talwar,6,1,0,1,1,1,6.67,LOW
Chaman Som,6,1,0,1,1,1,6.67,LOW
Siddharth Morar,6,1,0,1,1,1,6.67,LOW
Joshua Shan,6,1,0,1,1,1,6.67,LOW
Keya Chaudhuri,6,1,0,1,1,1,6.67,LOW
Ira Gupta,6,1,0,1,1,1,6.67,LOW
Dhriti Amble,6,1,0,1,1,1,6.67,LOW
Janaki Golla,6,1,0,1,1,1,6.67,LOW
Mugdha Mallick,6,1,0,1,1,1,6.67,LOW
Qushi Pandya,6,1,0,1,1,1,6.67,LOW
Jason Halder,6,1,0,1,1,1,6.67,LOW
Harsh Subramanian,6,1,0,1,1,1,6.67,LOW
Aarush Dutta,6,1,0,1,1,1,6.67,LOW
Rachita Dyal,6,1,0,1,1,1,6.67,LOW
Triya Chaudhuri,6,1,0,1,1,1,6.67,LOW
Vanya Gopal,6,1,0,1,1,1,6.67,LOW
Riya Talwar,6,1,0,1,1,1,6.67,LOW
Nimrat Balay,6,1,0,1,1,1,6.67,LOW
Vivaan Sahota,6,1,0,1,1,1,6.67,LOW
Urishilla Dua,6,1,0,1,1,1,6.67,LOW
Radha Dani,6,1,0,1,1,1,6.67,LOW
Saanvi Saini,6,1,0,1,1,1,6.67,LOW
Vamakshi Pai,6,1,0,1,1,1,6.67,LOW
William Upadhyay,6,1,0,1,1,1,6.67,LOW
Avni Chada,6,1,0,1,1,1,6.67,LOW
Reyansh Pandya,6,1,0,1,1,1,6.67,LOW
Damyanti Padmanabhan,6,1,0,1,1,1,6.67,LOW
Kala Ghosh,6,1,0,1,1,1,6.67,LOW
Osha Subramaniam,6,1,0,1,1,1,6.67,LOW
Watika Comar,6,1,0,1,1,1,6.67,LOW
Agastya Ramesh,6,1,0,1,1,1,6.67,LOW
Ladli Bali,6,1,0,1,1,1,6.67,LOW
Mason Chad,6,1,0,1,1,1,6.67,LOW
Indali Sant,6,1,0,1,1,1,6.67,LOW
Timothy Dutt,6,1,0,1,1,1,6.67,LOW
Dhruv Sarna,6,1,0,1,1,1,6.67,LOW
Nitesh Kunda,6,1,0,1,1,1,6.67,LOW
Anay Kumar,6,1,0,1,1,1,6.67,LOW
Sarthak Kakar,6,1,0,1,1,1,6.67,LOW
Oviya Devan,6,1,0,1,1,1,6.67,LOW
Sudiksha Kari,6,1,0,1,1,1,6.67,LOW
Wriddhish Sathe,6,1,0,1,1,1,6.67,LOW
Dalaja Som,6,1,0,1,1,1,6.67,LOW
Nakul Bhasin,6,1,0,1,1,1,6.67,LOW
Samuel Tiwari,6,1,0,1,1,1,6.67,LOW
Xalak Naik,6,1,0,1,1,1,6.67,LOW
Indrajit Reddy,6,1,0,1,1,1,6.67,LOW
Dakshesh Gupta,6,1,0,1,1,1,6.67,LOW
Qabil Chahal,6,1,0,1,1,1,6.67,LOW
Sachi Tata,6,1,0,1,1,1,6.67,LOW
Om Ramanathan,6,1,0,1,1,1,6.67,LOW
Joshua Vala,6,1,0,1,1,1,6.67,LOW
Ishita Nazareth,6,1,0,1,1,1,6.67,LOW
Wakeeta Sarna,6,1,0,1,1,1,6.67,LOW
Chakrika Parekh,6,1,0,1,1,1,6.67,LOW
Unni Thaman,6,1,0,1,1,1,6.67,LOW
Adya Nath,6,1,0,1,1,1,6.67,LOW
Aadi Grewal,6,1,0,1,1,1,6.67,LOW
Nirja Mane,6,1,0,1,1,1,6.67,LOW
Hredhaan Gupta,6,1,0,1,1,1,6.67,LOW
Yauvani Sengupta,6,1,0,1,1,1,6.67,LOW
Ria Ahluwalia,6,1,0,1,1,1,6.67,LOW
Krishna Deep,6,1,0,1,1,1,6.67,LOW
Owen Sodhi,6,1,0,1,1,1,6.67,LOW
Guneet Bumb,6,1,0,1,1,1,6.67,LOW
Ishaan Konda,6,1,0,1,1,1,6.67,LOW
Kabir Dugal,6,1,0,1,1,1,6.67,LOW
Kashish Mallick,6,1,0,1,1,1,6.67,LOW
Daksha Chokshi,6,1,0,1,1,1,6.67,LOW
Vrishti Bhakta,6,1,0,1,1,1,6.67,LOW
Yochana Pingle,6,1,0,1,1,1,6.67,LOW
Jeevika Mitter,6,1,0,1,1,1,6.67,LOW
Advay Kanda,6,1,0,1,1,1,6.67,LOW
Jai Lala,6,1,0,1,1,1,6.67,LOW
Charles De,6,1,0,1,1,1,6.67,LOW
Hemani Issac,6,1,0,1,1,1,6.67,LOW
Nathan Tripathi,6,1,0,1,1,1,6.67,LOW
Aadi Seth,6,1,0,1,1,1,6.67,LOW
Kevin Chand,6,1,0,1,1,1,6.67,LOW
Noah Ram,6,1,0,1,1,1,6.67,LOW
Elijah Chowdhury,6,1,0,1,1,1,6.67,LOW
Upma Bhalla,6,1,0,1,1,1,6.67,LOW
Jackson Edwin,6,1,0,1,1,1,6.67,LOW
Udarsh Sagar,6,1,0,1,1,1,6.67,LOW
Patrick Ganesan,6,1,0,1,1,1,6.67,LOW
Warjas Behl,6,1,0,1,1,1,6.67,LOW
Jeevika Kumer,6,1,0,1,1,1,6.67,LOW
Lohit Dugal,6,1,0,1,1,1,6.67,LOW
Elijah Mukherjee,6,1,0,1,1,1,6.67,LOW
Aadi Ramanathan,6,1,0,1,1,1,6.67,LOW
Watika Chopra,6,1,0,1,1,1,6.67,LOW
Udarsh Bhasin,6,1,0,1,1,1,6.67,LOW
Dominic Muni,6,1,0,1,1,1,6.67,LOW
Udyati Sama,6,1,0,1,1,1,6.67,LOW
Laksh Badami,6,1,0,1,1,1,6.67,LOW
Ranbir Mani,6,1,0,1,1,1,6.67,LOW
Mekhala Bandi,6,1,0,1,1,1,6.67,LOW
Ekantika Naidu,6,1,0,1,1,1,6.67,LOW
Ekaraj Kapoor,6,1,0,1,1,1,6.67,LOW
Hiral Yogi,6,1,0,1,1,1,6.67,LOW
Shaurya Loke,6,1,0,1,1,1,6.67,LOW
Peter Chada,6,1,0,1,1,1,6.67,LOW
Ekani Chopra,6,1,0,1,1,1,6.67,LOW
Ronith Mane,6,1,0,1,1,1,6.67,LOW
Ucchal Mody,6,1,0,1,1,1,6.67,LOW
Rushil Buch,6,1,0,1,1,1,6.67,LOW
Eiravati Krishnan,6,1,0,1,1,1,6.67,LOW
Oni Narayanan,6,1,0,1,1,1,6.67,LOW
Urvashi Padmanabhan,6,1,0,1,1,1,6.67,LOW
Simon Chowdhury,6,1,0,1,1,1,6.67,LOW
Gaurang Chandran,6,1,0,1,1,1,6.67,LOW
Shravya Sanghvi,6,1,0,1,1,1,6.67,LOW
Anika Gade,6,1,0,1,1,1,6.67,LOW
Ishani Deep,6,1,0,1,1,1,6.67,LOW
Netra Palla,6,1,0,1,1,1,6.67,LOW
Chaaya Sarraf,6,1,0,1,1,1,6.67,LOW
Nandini Edwin,6,1,0,1,1,1,6.67,LOW
Chameli Dash,6,1,0,1,1,1,6.67,LOW
Madhavi Shanker,6,1,0,1,1,1,6.67,LOW
Nicholas Anand,6,1,0,1,1,1,6.67,LOW
Hamsini Lad,6,1,0,1,1,1,6.67,LOW
Isaac Lalla,6,1,0,1,1,1,6.67,LOW
Nandini Joshi,6,1,0,1,1,1,6.67,LOW
Vasudha Bal,6,1,0,1,1,1,6.67,LOW
Kritika Anne,6,1,0,1,1,1,6.67,LOW
Anusha Morar,6,1,0,1,1,1,6.67,LOW
Maanas Mani,6,1,0,1,1,1,6.67,LOW
Chanakya Bains,6,1,0,1,1,1,6.67,LOW
Aarini Badal,6,1,0,1,1,1,6.67,LOW
Shivani Gopal,6,1,0,1,1,1,6.67,LOW
Anamika Varma,6,1,0,1,1,1,6.67,LOW
Shivansh Shanker,6,1,0,1,1,1,6.67,LOW
Pranit Lata,6,1,0,1,1,1,6.67,LOW
Omaja Nagar,6,1,0,1,1,1,6.67,LOW
Yachana Bassi,6,1,0,1,1,1,6.67,LOW
Hamsini Nagar,6,1,0,1,1,1,6.67,LOW
Samarth Dhar,6,1,0,1,1,1,6.67,LOW
Amruta Krishna,6,1,0,1,1,1,6.67,LOW
Ubika Kala,6,1,0,1,1,1,6.67,LOW
Vansha Pau,6,1,0,1,1,1,6.67,LOW
Chandran Dewan,6,1,0,1,1,1,6.67,LOW
Ridhi Kumar,6,1,0,1,1,1,6.67,LOW
Wishi Ravel,6,1,0,1,1,1,6.67,LOW
Harsh Comar,6,1,0,1,1,1,6.67,LOW
Wakeeta Dube,6,1,0,1,1,1,6.67,LOW
Rudra Naidu,6,1,0,1,1,1,6.67,LOW
Aahana Sen,6,1,0,1,1,1,6.67,LOW
Qasim Sarin,6,1,0,1,1,1,6.67,LOW
Ikbal Ravi,6,1,0,1,1,1,6.67,LOW
Warda Deol,6,1,0,1,1,1,6.67,LOW
Tejas Acharya,6,1,0,1,1,1,6.67,LOW
Aayush Khare,6,1,0,1,1,1,6.67,LOW
Kiaan Dhingra,6,1,0,1,1,1,6.67,LOW
Ucchal Vig,6,1,0,1,1,1,6.67,LOW
Balveer Varghese,6,1,0,1,1,1,6.67,LOW
Waida Sehgal,6,1,0,1,1,1,6.67,LOW
Ganga Bail,6,1,0,1,1,1,6.67,LOW
Unni Ranganathan,6,1,0,1,1,1,6.67,LOW
Yug Brar,6,1,0,1,1,1,6.67,LOW
Vritti Krishnan,6,1,0,1,1,1,6.67,LOW
Chakradhar Chakraborty,6,1,0,1,1,1,6.67,LOW
Ekbal Sha,6,1,0,1,1,1,6.67,LOW
Peter Batra,6,1,0,1,1,1,6.67,LOW
Anita Virk,6,1,0,1,1,1,6.67,LOW
Raagini Dalal,6,1,0,1,1,1,6.67,LOW
Wishi Varma,6,1,0,1,1,1,6.67,LOW
Edhitha Thaker,6,1,0,1,1,1,6.67,LOW
Rushil Hari,6,1,0,1,1,1,6.67,LOW
Fariq Sheth,6,1,0,1,1,1,6.67,LOW
Jai Dhawan,6,1,0,1,1,1,6.67,LOW
Ishanvi Hari,6,1,0,1,1,1,6.67,LOW
Zayyan Devi,6,1,0,1,1,1,6.67,LOW
William Chopra,6,1,0,1,1,1,6.67,LOW
Lakshit Banik,6,1,0,1,1,1,6.67,LOW
Isaac Sane,6,1,0,1,1,1,6.67,LOW
Banjeet Keer,6,1,0,1,1,1,6.67,LOW
Rohan Murty,6,1,0,1,1,1,6.67,LOW
Chaitaly Dewan,6,1,0,1,1,1,6.67,LOW
Pranav Parmar,6,1,0,1,1,1,6.67,LOW
Ridhi Vasa,6,1,0,1,1,1,6.67,LOW
Michael Shetty,6,1,0,1,1,1,6.67,LOW
Lakshmi Tata,6,1,0,1,1,1,6.67,LOW
Udant Kannan,6,1,0,1,1,1,6.67,LOW
Aditya Loyal,6,1,0,1,1,1,6.67,LOW
Zehaan Sule,6,1,0,1,1,1,6.67,LOW
Brinda Badami,6,1,0,1,1,1,6.67,LOW
Aahana Cherian,6,1,0,1,1,1,6.67,LOW
Alexander Joshi,6,1,0,1,1,1,6.67,LOW
Luke Mukhopadhyay,6,1,0,1,1,1,6.67,LOW
Bhanumati Trivedi,6,1,0,1,1,1,6.67,LOW
Ishwar Suresh,6,1,0,1,1,1,6.67,LOW
Bishakha Puri,6,1,0,1,1,1,6.67,LOW
Osha Sahni,6,1,0,1,1,1,6.67,LOW
Ekantika Karpe,6,1,0,1,1,1,6.67,LOW
Yatin Bhandari,6,1,0,1,1,1,6.67,LOW
Indrajit Madan,6,1,0,1,1,1,6.67,LOW
Frado Mital,6,1,0,1,1,1,6.67,LOW
Hredhaan Narang,6,1,0,1,1,1,6.67,LOW
Oviya Thaker,6,1,0,1,1,1,6.67,LOW
Arya Bumb,6,1,0,1,1,1,6.67,LOW
Ikbal Pai,6,1,0,1,1,1,6.67,LOW
Yashasvi Hari,6,1,0,1,1,1,6.67,LOW
Bishakha Mannan,6,1,0,1,1,1,6.67,LOW
Harish Wadhwa,6,1,0,1,1,1,6.67,LOW
Ayush Choudhury,6,1,0,1,1,1,6.67,LOW
Vamakshi Manda,6,1,0,1,1,1,6.67,LOW
Raghav Lata,6,1,0,1,1,1,6.67,LOW
Darpan Ben,6,1,0,1,1,1,6.67,LOW
Gauri Jhaveri,6,1,0,1,1,1,6.67,LOW
Qushi Yogi,6,1,0,1,1,1,6.67,LOW
Yashodhara Ramachandran,6,1,0,1,1,1,6.67,LOW
Caleb Shetty,6,1,0,1,1,1,6.67,LOW
Chatresh Garde,6,1,0,1,1,1,6.67,LOW
Ubika Luthra,6,1,0,1,1,1,6.67,LOW
Kalpit Balasubramanian,6,1,0,1,1,1,6.67,LOW
Januja Bera,6,1,0,1,1,1,6.67,LOW
Diya Deshpande,6,1,0,1,1,1,6.67,LOW
Gaurang Oza,6,1,0,1,1,1,6.67,LOW
Brijesh Sharaf,6,1,0,1,1,1,6.67,LOW
Zaitra Pathak,6,1,0,1,1,1,6.67,LOW
Mitesh Pall,6,1,0,1,1,1,6.67,LOW
Vansha Bedi,6,1,0,1,1,1,6.67,LOW
Benjamin Dash,6,1,0,1,1,1,6.67,LOW
Triya Nath,6,1,0,1,1,1,6.67,LOW
Daniel Shan,6,1,0,1,1,1,6.67,LOW
Samarth Pathak,6,1,0,1,1,1,6.67,LOW
Darika Sama,6,1,0,1,1,1,6.67,LOW
Nakul Sehgal,6,1,0,1,1,1,6.67,LOW
Bishakha Tata,6,1,0,1,1,1,6.67,LOW
Unni Chhabra,6,1,0,1,1,1,6.67,LOW
Tanvi Parsa,6,1,0,1,1,1,6.67,LOW
Maya Virk,6,1,0,1,1,1,6.67,LOW
Nakul Chacko,6,1,0,1,1,1,6.67,LOW
Avni Bhatnagar,6,1,0,1,1,1,6.67,LOW
Ranbir Mann,6,1,0,1,1,1,6.67,LOW
Darpan Pant,6,1,0,1,1,1,6.67,LOW
Kashish Bora,6,1,0,1,1,1,6.67,LOW
Ekiya Badal,6,1,0,1,1,1,6.67,LOW
Zayyan Trivedi,6,1,0,1,1,1,6.67,LOW
Jason Gandhi,6,1,0,1,1,1,6.67,LOW
Rohan Krish,6,1,0,1,1,1,6.67,LOW
Shivansh Salvi,6,1,0,1,1,1,6.67,LOW
Samesh Tak,6,1,0,1,1,1,6.67,LOW
Harini Dara,6,1,0,1,1,1,6.67,LOW
Krishna Singh,6,1,0,1,1,1,6.67,LOW
Ubika Lad,6,1,0,1,1,1,6.67,LOW
Udyati Nagi,6,1,0,1,1,1,6.67,LOW
Yashodhara Bhatti,6,1,0,1,1,1,6.67,LOW
Lohit Mangal,6,1,0,1,1,1,6.67,LOW
Imaran Loke,6,1,0,1,1,1,6.67,LOW
Kamya Nagy,6,1,0,1,1,1,6.67,LOW
Hemang Mand,6,1,0,1,1,1,6.67,LOW
Netra Dora,6,1,0,1,1,1,6.67,LOW
Jeremiah Rege,6,1,0,1,1,1,6.67,LOW
Baljiwan Handa,6,1,0,1,1,1,6.67,LOW
Ishanvi Chauhan,6,1,0,1,1,1,6.67,LOW
Warda Ranganathan,6,1,0,1,1,1,6.67,LOW
Anya Singh,6,1,0,1,1,1,6.67,LOW
Leela Chandra,6,1,0,1,1,1,6.67,LOW
Vincent Wadhwa,6,1,0,1,1,1,6.67,LOW
Ishani Sur,6,1,0,1,1,1,6.67,LOW
Upadhriti Bajaj,6,1,0,1,1,1,6.67,LOW
Qabil Bhalla,6,1,0,1,1,1,6.67,LOW
Saksham Khalsa,6,1,0,1,1,1,6.67,LOW
Chatresh Prasad,6,1,0,1,1,1,6.67,LOW
Ekani Nanda,6,1,0,1,1,1,6.67,LOW
Yadavi Bains,6,1,0,1,1,1,6.67,LOW
Guneet Saxena,6,1,0,1,1,1,6.67,LOW
Aryan Toor,6,1,0,1,1,1,6.67,LOW
Hredhaan Kala,6,1,0,1,1,1,6.67,LOW
Caleb Dhar,6,1,0,1,1,1,6.67,LOW
Ethan Sami,6,1,0,1,1,1,6.67,LOW
Vivaan Chadha,6,1,0,1,1,1,6.67,LOW
Sudiksha Rege,6,1,0,1,1,1,6.67,LOW
Max Jani,6,1,0,1,1,1,6.67,LOW
Omkaar Ghosh,6,1,0,1,1,1,6.67,LOW
Barkha Bandi,6,1,0,1,1,1,6.67,LOW
Varsha Radhakrishnan,6,1,0,1,1,1,6.67,LOW
Girik Narang,6,1,0,1,1,1,6.67,LOW
Naveen Banerjee,6,1,0,1,1,1,6.67,LOW
Yochana Sathe,6,1,0,1,1,1,6.67,LOW
Nathan Prakash,6,1,0,1,1,1,6.67,LOW
Nitara Vora,6,1,0,1,1,1,6.67,LOW
Janya Chaudry,6,1,0,1,1,1,6.67,LOW
Nilima Rege,6,1,0,1,1,1,6.67,LOW
Ansh Suresh,6,1,0,1,1,1,6.67,LOW
Quincy Tella,6,1,0,1,1,1,6.67,LOW
Vinaya Mander,6,1,0,1,1,1,6.67,LOW
Kashvi Nadkarni,6,1,0,1,1,1,6.67,LOW
Zaid Divan,6,1,0,1,1,1,6.67,LOW
Qadim Ahluwalia,6,1,0,1,1,1,6.67,LOW
Bhavika Goel,6,1,0,1,1,1,6.67,LOW
Zansi Mannan,6,1,0,1,1,1,6.67,LOW
Edhitha Badami,6,1,0,1,1,1,6.67,LOW
Ekaraj Brahmbhatt,6,1,0,1,1,1,6.67,LOW
Manya Prabhakar,6,1,0,1,1,1,6.67,LOW
Wishi Kaur,6,1,0,1,1,1,6.67,LOW
Pavani Kaur,6,1,0,1,1,1,6.67,LOW
Qasim Shroff,6,1,0,1,1,1,6.67,LOW
Januja Magar,6,1,0,1,1,1,6.67,LOW
Ayushman Ramesh,6,1,0,1,1,1,6.67,LOW
Avni Kuruvilla,6,1,0,1,1,1,6.67,LOW
Zinal Thakur,6,1,0,1,1,1,6.67,LOW
Eshana Biswas,6,1,0,1,1,1,6.67,LOW
Tanveer Saini,6,1,0,1,1,1,6.67,LOW
Jeevika Sinha,6,1,0,1,1,1,6.67,LOW
Wridesh Arora,6,1,0,1,1,1,6.67,LOW
Abhimanyu Seth,6,1,0,1,1,1,6.67,LOW
Sai Guha,6,1,0,1,1,1,6.67,LOW
Jagdish Sinha,6,1,0,1,1,1,6.67,LOW
Qadim Shenoy,6,1,0,1,1,1,6.67,LOW
Urmi Yohannan,6,1,0,1,1,1,6.67,LOW
Sarthak Lata,6,1,0,1,1,1,6.67,LOW
Mohini Borah,6,1,0,1,1,1,6.67,LOW
Unnati Samra,6,1,0,1,1,1,6.67,LOW
Shivani Ahluwalia,6,1,0,1,1,1,6.67,LOW
Triveni Bhargava,6,1,0,1,1,1,6.67,LOW
Leena Kala,6,1,0,1,1,1,6.67,LOW
Azad Deshmukh,6,1,0,1,1,1,6.67,LOW
Wazir Kuruvilla,6,1,0,1,1,1,6.67,LOW
Farhan Rai,6,1,0,1,1,1,6.67,LOW
Mahika Shankar,6,1,0,1,1,1,6.67,LOW
Daksha Krishna,6,1,0,1,1,1,6.67,LOW
Azaan Gill,6,1,0,1,1,1,6.67,LOW
Bakhshi Dalal,6,1,0,1,1,1,6.67,LOW
Nitesh Lall,6,1,0,1,1,1,6.67,LOW
Ladli Muni,6,1,0,1,1,1,6.67,LOW
Agastya Kade,6,1,0,1,1,1,6.67,LOW
Owen Bali,6,1,0,1,1,1,6.67,LOW
Nitesh Borah,6,1,0,1,1,1,6.67,LOW
Jeevika Buch,6,1,0,1,1,1,6.67,LOW
Faraj Srinivasan,6,1,0,1,1,1,6.67,LOW
Ishita Kohli,6,1,0,1,1,1,6.67,LOW
Saumya Nath,6,1,0,1,1,1,6.67,LOW
Kamya Narasimhan,6,1,0,1,1,1,6.67,LOW
Banjeet Anand,6,1,0,1,1,1,6.67,LOW
Oviya Sule,6,1,0,1,1,1,6.67,LOW
David Tak,6,1,0,1,1,1,6.67,LOW
Dalaja Chaudry,6,1,0,1,1,1,6.67,LOW
Niharika Khanna,6,1,0,1,1,1,6.67,LOW
Matthew Dani,6,1,0,1,1,1,6.67,LOW
Sneha Sekhon,6,1,0,1,1,1,6.67,LOW
Mohini Sachdev,6,1,0,1,1,1,6.67,LOW
Irya Sankar,6,1,0,1,1,1,6.67,LOW
Xavier Deol,6,1,0,1,1,1,6.67,LOW
Sarthak Sem,6,1,0,1,1,1,6.67,LOW
Anika Pillay,6,1,0,1,1,1,6.67,LOW
Mahika Dey,6,1,0,1,1,1,6.67,LOW
Anmol Parikh,6,1,0,1,1,1,6.67,LOW
Warhi Kohli,6,1,0,1,1,1,6.67,LOW
Nitara Manda,6,1,0,1,1,1,6.67,LOW
Darsh Anne,6,1,0,1,1,1,6.67,LOW
Mitali Pandya,6,1,0,1,1,1,6.67,LOW
Kabir Lalla,6,1,0,1,1,1,6.67,LOW
Bhavna Chhabra,6,1,0,1,1,1,6.67,LOW
Xavier Butala,6,1,0,1,1,1,6.67,LOW
Anjali Balasubramanian,6,1,0,1,1,1,6.67,LOW
Yash Tata,6,1,0,1,1,1,6.67,LOW
Udant Bala,6,1,0,1,1,1,6.67,LOW
Barkha Balasubramanian,6,1,0,1,1,1,6.67,LOW
Aarnav Soman,6,1,0,1,1,1,6.67,LOW
Aayush Madan,6,1,0,1,1,1,6.67,LOW
Meera Kamdar,6,1,0,1,1,1,6.67,LOW
Parth Luthra,6,1,0,1,1,1,6.67,LOW
Ekaja Narayanan,6,1,0,1,1,1,6.67,LOW
Devika Narang,6,1,0,1,1,1,6.67,LOW
Jasmit Gole,6,1,0,1,1,1,6.67,LOW
Tanish Oak,6,1,0,1,1,1,6.67,LOW
Bakhshi Solanki,6,1,0,1,1,1,6.67,LOW
Gaurangi Rao,6,1,0,1,1,1,6.67,LOW
Ria Rau,6,1,0,1,1,1,6.67,LOW
Charan Jain,6,1,0,1,1,1,6.67,LOW
Siddharth Merchant,6,1,0,1,1,1,6.67,LOW
Veer Din,6,1,0,1,1,1,6.67,LOW
Kamya Talwar,6,1,0,1,1,1,6.67,LOW
Jyoti Walla,6,1,0,1,1,1,6.67,LOW
Jairaj Dhar,6,1,0,1,1,1,6.67,LOW
Nimrat Pall,6,1,0,1,1,1,6.67,LOW
Abeer Agate,6,1,0,1,1,1,6.67,LOW
Vanya Ahluwalia,6,1,0,1,1,1,6.67,LOW
Yagnesh Samra,6,1,0,1,1,1,6.67,LOW
Omisha Bajwa,6,1,0,1,1,1,6.67,LOW
Ekaraj Butala,6,1,0,1,1,1,6.67,LOW
Vasatika Raj,6,1,0,1,1,1,6.67,LOW
Jatin Dar,6,1,0,1,1,1,6.67,LOW
Kai Chauhan,6,1,0,1,1,1,6.67,LOW
Jagdish Sandhu,6,1,0,1,1,1,6.67,LOW
Aahana Deo,6,1,0,1,1,1,6.67,LOW
Karan Mallick,6,1,0,1,1,1,6.67,LOW
Dakshesh Pall,6,1,0,1,1,1,6.67,LOW
Bina Dalal,6,1,0,1,1,1,6.67,LOW
Elijah Bawa,6,1,0,1,1,1,6.67,LOW
Bimala Prashad,6,1,0,1,1,1,6.67,LOW
Osha Rege,6,1,0,1,1,1,6.67,LOW
Diya Keer,6,1,0,1,1,1,6.67,LOW
Yadavi Mallick,6,1,0,1,1,1,6.67,LOW
Jhalak Bahl,6,1,0,1,1,1,6.67,LOW
Dev Amble,6,1,0,1,1,1,6.67,LOW
Elijah Brar,6,1,0,1,1,1,6.67,LOW
Rajeshri Varughese,6,1,0,1,1,1,6.67,LOW
Vrishti Oak,6,1,0,1,1,1,6.67,LOW
Chanchal De,6,1,0,1,1,1,6.67,LOW
Alka Bose,6,1,0,1,1,1,6.67,LOW
Divya Badal,6,1,0,1,1,1,6.67,LOW
Saumya Oak,6,1,0,1,1,1,6.67,LOW
Girindra Chaudhry,6,1,0,1,1,1,6.67,LOW
Yutika Badal,6,1,0,1,1,1,6.67,LOW
Gabriel Nagy,6,1,0,1,1,1,6.67,LOW
Aarna Deol,6,1,0,1,1,1,6.67,LOW
Hemani Kumar,6,1,0,1,1,1,6.67,LOW
Veer Chaudry,6,1,0,1,1,1,6.67,LOW
Frederick Memon,6,1,0,1,1,1,6.67,LOW
Michael Peri,6,1,0,1,1,1,6.67,LOW
Qushi Bassi,6,1,0,1,1,1,6.67,LOW
Upma Thaker,6,1,0,1,1,1,6.67,LOW
Champak Bhatti,6,1,0,1,1,1,6.67,LOW
Nicholas Sheth,6,1,0,1,1,1,6.67,LOW
Dakshesh Sridhar,6,1,0,1,1,1,6.67,LOW
Vinaya Dalal,6,1,0,1,1,1,6.67,LOW
Qabil Madan,6,1,0,1,1,1,6.67,LOW
Aayush Dayal,6,1,0,1,1,1,6.67,LOW
Zayyan Agarwal,6,1,0,1,1,1,6.67,LOW
Falguni Dhingra,6,1,0,1,1,1,6.67,LOW
Hiral Singh,6,1,0,1,1,1,6.67,LOW
Pushti Ratta,6,1,0,1,1,1,6.67,LOW
Gagan Kumar,6,1,0,1,1,1,6.67,LOW
Banjeet Vala,6,1,0,1,1,1,6.67,LOW
Bahadurjit Bose,6,1,0,1,1,1,6.67,LOW
Quincy Dalal,6,1,0,1,1,1,6.67,LOW
Veer Tata,6,1,0,1,1,1,6.67,LOW
Aachal Agarwal,6,1,0,1,1,1,6.67,LOW
Reva Dash,6,1,0,1,1,1,6.67,LOW
Ekalinga Bhasin,6,1,0,1,1,1,6.67,LOW
Krishna Ramakrishnan,6,1,0,1,1,1,6.67,LOW
Shaurya Sangha,6,1,0,1,1,1,6.67,LOW
Adweta Kanda,6,1,0,1,1,1,6.67,LOW
Diya Bahri,6,1,0,1,1,1,6.67,LOW
Ishanvi Agate,6,1,0,1,1,1,6.67,LOW
Yadavi Chauhan,6,1,0,1,1,1,6.67,LOW
Mitali Mohan,6,1,0,1,1,1,6.67,LOW
Hemal Mandal,6,1,0,1,1,1,6.67,LOW
Ekantika Bedi,6,1,0,1,1,1,6.67,LOW
Aachal Prasad,6,1,0,1,1,1,6.67,LOW
Vritti Peri,6,1,0,1,1,1,6.67,LOW
Zayyan Yohannan,6,1,0,1,1,1,6.67,LOW
Widisha Nagy,6,1,0,1,1,1,6.67,LOW
Elijah Sawhney,6,1,0,1,1,1,6.67,LOW
Geetika Ghose,6,1,0,1,1,1,6.67,LOW
Jeet Iyer,6,1,0,1,1,1,6.67,LOW
Sai Agate,6,1,0,1,1,1,6.67,LOW
Ati Bhavsar,6,1,0,1,1,1,6.67,LOW
Patrick Mahajan,6,1,0,1,1,1,6.67,LOW
Ekansh Dave,6,1,0,1,1,1,6.67,LOW
Bhavani Kadakia,6,1,0,1,1,1,6.67,LOW
Kai Dey,6,1,0,1,1,1,6.67,LOW
Qadim Aggarwal,6,1,0,1,1,1,6.67,LOW
Anmol Agrawal,6,1,0,1,1,1,6.67,LOW
Rajata Wason,6,1,0,1,1,1,6.67,LOW
Aachal Tara,6,1,0,1,1,1,6.67,LOW
Ekaraj Dugar,6,1,0,1,1,1,6.67,LOW
Rayaan Kale,6,1,0,1,1,1,6.67,LOW
Sanaya Patil,6,1,0,1,1,1,6.67,LOW
Ekiya Wadhwa,6,1,0,1,1,1,6.67,LOW
Prisha Walia,6,1,0,1,1,1,6.67,LOW
Dalaja Desai,6,1,0,1,1,1,6.67,LOW
Qabil Solanki,6,1,0,1,1,1,6.67,LOW
Samar Saha,6,1,0,1,1,1,6.67,LOW
Tarak Sridhar,6,1,0,1,1,1,6.67,LOW
Megha Chanda,6,1,0,1,1,1,6.67,LOW
Radhika Mangat,6,1,0,1,1,1,6.67,LOW
Hemal Gaba,6,1,0,1,1,1,6.67,LOW
Pratyush Kohli,6,1,0,1,1,1,6.67,LOW
Maanav Gandhi,6,1,0,1,1,1,6.67,LOW
Nimrat Joshi,6,1,0,1,1,1,6.67,LOW
Vrinda Seshadri,6,1,0,1,1,1,6.67,LOW
Vrishti Murty,6,1,0,1,1,1,6.67,LOW
Bhavini Vig,6,1,0,1,1,1,6.67,LOW
Dakshesh Mangat,6,1,0,1,1,1,6.67,LOW
Isha Dayal,6,1,0,1,1,1,6.67,LOW
Hamsini Prashad,6,1,0,1,1,1,6.67,LOW
Frado Khosla,6,1,0,1,1,1,6.67,LOW
Zayan Verma,6,1,0,1,1,1,6.67,LOW
Urmi Choudhury,6,1,0,1,1,1,6.67,LOW
Faras Mane,6,1,0,1,1,1,6.67,LOW
Ethan Shetty,6,1,0,1,1,1,6.67,LOW
Anvi Khatri,6,1,0,1,1,1,6.67,LOW
Ishita Sidhu,6,1,0,1,1,1,6.67,LOW
Yagnesh Sunder,6,1,0,1,1,1,6.67,LOW
Anamika Khanna,6,1,0,1,1,1,6.67,LOW
Parth Hayer,6,1,0,1,1,1,6.67,LOW
Liam Sane,6,1,0,1,1,1,6.67,LOW
Ria Puri,6,1,0,1,1,1,6.67,LOW
Vedhika Tailor,6,1,0,1,1,1,6.67,LOW
Aadhya Peri,6,1,0,1,1,1,6.67,LOW
Ekani Chhabra,6,1,0,1,1,1,6.67,LOW
Vasatika Pingle,6,1,0,1,1,1,6.67,LOW
Rachita Mand,6,1,0,1,1,1,6.67,LOW
Banjeet Menon,6,1,0,1,1,1,6.67,LOW
Gautami Memon,6,1,0,1,1,1,6.67,LOW
Rachita Kuruvilla,6,1,0,1,1,1,6.67,LOW
Lipika Dara,6,1,0,1,1,1,6.67,LOW
Vritti Ranganathan,6,1,0,1,1,1,6.67,LOW
Christopher Oza,6,1,0,1,1,1,6.67,LOW
Champak Madan,6,1,0,1,1,1,6.67,LOW
Sarthak Gour,6,1,0,1,1,1,6.67,LOW
Benjamin Nagy,6,1,0,1,1,1,6.67,LOW
Daksha Dada,6,1,0,1,1,1,6.67,LOW
Utkarsh Chaudry,6,1,0,1,1,1,6.67,LOW
Om Cherian,6,1,0,1,1,1,6.67,LOW
Fiyaz Lal,6,1,0,1,1,1,6.67,LOW
Atharv Dayal,6,1,0,1,1,1,6.67,LOW
Oeshi Soman,6,1,0,1,1,1,6.67,LOW
Faraj Khalsa,6,1,0,1,1,1,6.67,LOW
Hamsini Dutt,6,1,0,1,1,1,6.67,LOW
Xavier Agarwal,6,1,0,1,1,1,6.67,LOW
Ayaan Nadig,6,1,0,1,1,1,6.67,LOW
Ikshita Walla,6,1,0,1,1,1,6.67,LOW
Kavya Gade,6,1,0,1,1,1,6.67,LOW
Dalaja Rout,6,1,0,1,1,1,6.67,LOW
Vritti Jha,6,1,0,1,1,1,6.67,LOW
Ojas Kaul,6,1,0,1,1,1,6.67,LOW
Siddharth Trivedi,6,1,0,1,1,1,6.67,LOW
Falan Borah,6,1,0,1,1,1,6.67,LOW
Chatresh Rai,6,1,0,1,1,1,6.67,LOW
Ishaan Kibe,6,1,0,1,1,1,6.67,LOW
Nidhi Chandra,6,1,0,1,1,1,6.67,LOW
Bachittar Gara,6,1,0,1,1,1,6.67,LOW
Nihal Palla,6,1,0,1,1,1,6.67,LOW
Onkar Trivedi,6,1,0,1,1,1,6.67,LOW
Upadhriti Singhal,6,1,0,1,1,1,6.67,LOW
Yauvani Puri,6,1,0,1,1,1,6.67,LOW
Unni Shan,6,1,0,1,1,1,6.67,LOW
Oscar Parmer,6,1,0,1,1,1,6.67,LOW
Amruta Bhandari,6,1,0,1,1,1,6.67,LOW
Gabriel Narayan,6,1,0,1,1,1,6.67,LOW
Balhaar Kara,6,1,0,1,1,1,6.67,LOW
Pahal Lata,6,1,0,1,1,1,6.67,LOW
Aadhya Sarraf,6,1,0,1,1,1,6.67,LOW
Siya Pandya,6,1,0,1,1,1,6.67,LOW
Amol Baria,6,1,0,1,1,1,6.67,LOW
Baljiwan Sant,6,1,0,1,1,1,6.67,LOW
Siddharth Chakrabarti,6,1,0,1,1,1,6.67,LOW
Yashasvi Shere,6,1,0,1,1,1,6.67,LOW
Eshana Gaba,6,1,0,1,1,1,6.67,LOW
Sneha Dhaliwal,6,1,0,1,1,1,6.67,LOW
Ishani Atwal,6,1,0,1,1,1,6.67,LOW
Gautami Shah,6,1,0,1,1,1,6.67,LOW
Jatin Raval,6,1,0,1,1,1,6.67,LOW
Onveer Boase,6,1,0,1,1,1,6.67,LOW
Zehaan Shan,6,1,0,1,1,1,6.67,LOW
Tanvi Balan,6,1,0,1,1,1,6.67,LOW
Shaurya Shroff,6,1,0,1,1,1,6.67,LOW
Hitesh Borah,6,1,0,1,1,1,6.67,LOW
Eshana Bhagat,6,1,0,1,1,1,6.67,LOW
Falan Lala,6,1,0,1,1,1,6.67,LOW
Ranbir Hayer,6,1,0,1,1,1,6.67,LOW
Zinal Basu,6,1,0,1,1,1,6.67,LOW
Jonathan Sant,6,1,0,1,1,1,6.67,LOW
Ekaja Kari,6,1,0,1,1,1,6.67,LOW
Jason Ramesh,6,1,0,1,1,1,6.67,LOW
Hardik Hayre,6,1,0,1,1,1,6.67,LOW
Hitesh Dugar,6,1,0,1,1,1,6.67,LOW
Upadhriti Virk,6,1,0,1,1,1,6.67,LOW
Gauri Wadhwa,6,1,0,1,1,1,6.67,LOW
Widisha Mohan,6,1,0,1,1,1,6.67,LOW
Eta Mukherjee,6,1,0,1,1,1,6.67,LOW
Hemal Parekh,6,1,0,1,1,1,6.67,LOW
Adya Bhasin,6,1,0,1,1,1,6.67,LOW
Manthan Malhotra,6,1,0,1,1,1,6.67,LOW
Gagan Ramakrishnan,6,1,0,1,1,1,6.67,LOW
Timothy Chandra,6,1,0,1,1,1,6.67,LOW
Indira Pingle,6,1,0,1,1,1,6.67,LOW
Benjamin Sridhar,6,1,0,1,1,1,6.67,LOW
Anita Choudhury,6,1,0,1,1,1,6.67,LOW
Hredhaan Bobal,6,1,0,1,1,1,6.67,LOW
Ayush Sathe,6,1,0,1,1,1,6.67,LOW
Leena Srivastava,6,1,0,1,1,1,6.67,LOW
Pranav Dhar,6,1,0,1,1,1,6.67,LOW
Henry Deol,6,1,0,1,1,1,6.67,LOW
Ekavir Ahuja,6,1,0,1,1,1,6.67,LOW
Kabir Gour,6,1,0,1,1,1,6.67,LOW
Nakul Gaba,6,1,0,1,1,1,6.67,LOW
Rehaan Thaker,6,1,0,1,1,1,6.67,LOW
Samesh Anne,6,1,0,1,1,1,6.67,LOW
Joshua Chatterjee,6,1,0,1,1,1,6.67,LOW
Chaaya Bhatia,6,1,0,1,1,1,6.67,LOW
Pooja Goda,6,1,0,1,1,1,6.67,LOW
Hemang Tella,6,1,0,1,1,1,6.67,LOW
Nitara Sathe,6,1,0,1,1,1,6.67,LOW
Reva Toor,6,1,0,1,1,1,6.67,LOW
Zaid Comar,6,1,0,1,1,1,6.67,LOW
Oliver Singhal,6,1,0,1,1,1,6.67,LOW
Chatresh Sodhi,6,1,0,1,1,1,6.67,LOW
Isha Thakur,6,1,0,1,1,1,6.67,LOW
Nikita Mishra,6,1,0,1,1,1,6.67,LOW
Ucchal Hayre,6,1,0,1,1,1,6.67,LOW
Yug Kala,6,1,0,1,1,1,6.67,LOW
Ayushman Divan,6,1,0,1,1,1,6.67,LOW
Gauri Yadav,6,1,0,1,1,1,6.67,LOW
Anmol Dass,6,1,0,1,1,1,6.67,LOW
Faqid Kale,6,1,0,1,1,1,6.67,LOW
Caleb Goel,6,1,0,1,1,1,6.67,LOW
Lucky Chad,6,1,0,1,1,1,6.67,LOW
Qasim Sarna,6,1,0,1,1,1,6.67,LOW
Pranit Kadakia,6,1,0,1,1,1,6.67,LOW
Yochana Halder,6,1,0,1,1,1,6.67,LOW
Aarav Dixit,6,1,0,1,1,1,6.67,LOW
Bahadurjit Panchal,6,1,0,1,1,1,6.67,LOW
Wridesh Chander,6,1,0,1,1,1,6.67,LOW
Karan Yogi,6,1,0,1,1,1,6.67,LOW
Lipika Rau,6,1,0,1,1,1,6.67,LOW
Eshana Atwal,6,1,0,1,1,1,6.67,LOW
Nikita Dubey,6,1,0,1,1,1,6.67,LOW
Isaiah Lal,6,1,0,1,1,1,6.67,LOW
Tejas Parmer,6,1,0,1,1,1,6.67,LOW
Warda Kaur,6,1,0,1,1,1,6.67,LOW
Abhiram Sangha,6,1,0,1,1,1,6.67,LOW
Victor Kari,6,1,0,1,1,1,6.67,LOW
Darika Bandi,6,1,0,1,1,1,6.67,LOW
Gautam Grewal,6,1,0,1,1,1,6.67,LOW
Mitesh Seth,6,1,0,1,1,1,6.67,LOW
Tanveer Srivastava,6,1,0,1,1,1,6.67,LOW
Mekhala Mann,6,1,0,1,1,1,6.67,LOW
Yashvi Sridhar,6,1,0,1,1,1,6.67,LOW
Victor Mittal,6,1,0,1,1,1,6.67,LOW
Pahal Baria,6,1,0,1,1,1,6.67,LOW
Radha Oommen,6,1,0,1,1,1,6.67,LOW
Yahvi Guha,6,1,0,1,1,1,6.67,LOW
Andrew Rastogi,6,1,0,1,1,1,6.67,LOW
Faqid Jha,6,1,0,1,1,1,6.67,LOW
Tara Sundaram,6,1,0,1,1,1,6.67,LOW
Omkaar Loyal,6,1,0,1,1,1,6.67,LOW
Vanya Lata,6,1,0,1,1,1,6.67,LOW
Darsh Bava,6,1,0,1,1,1,6.67,LOW
Varenya Deo,6,1,0,1,1,1,6.67,LOW
Henry Borra,6,1,0,1,1,1,6.67,LOW
Umang Patla,6,1,0,1,1,1,6.67,LOW
Benjamin Bansal,6,1,0,1,1,1,6.67,LOW
Yachana Kale,6,1,0,1,1,1,6.67,LOW
Hemangini Salvi,6,1,0,1,1,1,6.67,LOW
Daniel Karpe,6,1,0,1,1,1,6.67,LOW
Nathan Patel,6,1,0,1,1,1,6.67,LOW
Saanvi Vaidya,6,1,0,1,1,1,6.67,LOW
Mugdha Kakar,6,1,0,1,1,1,6.67,LOW
Harrison Mahal,6,1,0,1,1,1,6.67,LOW
Nilima Desai,6,1,0,1,1,1,6.67,LOW
Sneha Kapadia,6,1,0,1,1,1,6.67,LOW
Zaitra Dhingra,6,1,0,1,1,1,6.67,LOW
Upasna Kumer,6,1,0,1,1,1,6.67,LOW
Nicholas Sura,6,1,0,1,1,1,6.67,LOW
Ojasvi Nath,6,1,0,1,1,1,6.67,LOW
Omaja Sachdeva,6,1,0,1,1,1,6.67,LOW
Bakhshi Sarma,6,1,0,1,1,1,6.67,LOW
Alexander Bhandari,6,1,0,1,1,1,6.67,LOW
Ishani Yadav,6,1,0,1,1,1,6.67,LOW
Pranit Nayar,6,1,0,1,1,1,6.67,LOW
Pahal Kohli,6,1,0,1,1,1,6.67,LOW
Hema Bhatia,6,1,0,1,1,1,6.67,LOW
Sanaya Narayanan,6,1,0,1,1,1,6.67,LOW
Wakeeta Madan,6,1,0,1,1,1,6.67,LOW
Tanvi Sandhu,6,1,0,1,1,1,6.67,LOW
Xiti Mangat,6,1,0,1,1,1,6.67,LOW
Tanish Sidhu,6,1,0,1,1,1,6.67,LOW
Pavani Sha,6,1,0,1,1,1,6.67,LOW
Naveen Gola,6,1,0,1,1,1,6.67,LOW
Nikita De,6,1,0,1,1,1,6.67,LOW
Akshay Bassi,6,1,0,1,1,1,6.67,LOW
Vedhika Prakash,6,1,0,1,1,1,6.67,LOW
Nitesh Garde,6,1,0,1,1,1,6.67,LOW
Faqid Gara,6,1,0,1,1,1,6.67,LOW
Dayita Dutt,6,1,0,1,1,1,6.67,LOW
Gopal Bala,6,1,0,1,1,1,6.67,LOW
Ojas Brar,6,1,0,1,1,1,6.67,LOW
Nitesh Sule,6,1,0,1,1,1,6.67,LOW
Lakshit Contractor,6,1,0,1,1,1,6.67,LOW
Vanya Sampath,6,1,0,1,1,1,6.67,LOW
Mitesh Wagle,6,1,0,1,1,1,6.67,LOW
Chaitaly Char,6,1,0,1,1,1,6.67,LOW
Vivaan Guha,6,1,0,1,1,1,6.67,LOW
Yash Naik,6,1,0,1,1,1,6.67,LOW
Qabil Gole,6,1,0,1,1,1,6.67,LOW
Rayaan Ramakrishnan,6,1,0,1,1,1,6.67,LOW
Raghav Sharma,6,1,0,1,1,1,6.67,LOW
Daniel Seth,6,1,0,1,1,1,6.67,LOW
Dominic More,6,1,0,1,1,1,6.67,LOW
Rachita Char,6,1,0,1,1,1,6.67,LOW
Adya Saini,6,1,0,1,1,1,6.67,LOW
Matthew Mallick,6,1,0,1,1,1,6.67,LOW
Bishakha Natt,6,1,0,1,1,1,6.67,LOW
Krishna Mander,6,1,0,1,1,1,6.67,LOW
Faris Dass,6,1,0,1,1,1,6.67,LOW
Rachita Comar,6,1,0,1,1,1,6.67,LOW
Neel Bail,6,1,0,1,1,1,6.67,LOW
Lakshmi Varty,6,1,0,1,1,1,6.67,LOW
Diya Nayar,6,1,0,1,1,1,6.67,LOW
Reva Keer,6,1,0,1,1,1,6.67,LOW
Jeevika Comar,6,1,0,1,1,1,6.67,LOW
Teerth Borra,6,1,0,1,1,1,6.67,LOW
Kala Goda,6,1,0,1,1,1,6.67,LOW
Samaksh Murthy,6,1,0,1,1,1,6.67,LOW
Lucky Contractor,6,1,0,1,1,1,6.67,LOW
Bakhshi Ray,6,1,0,1,1,1,6.67,LOW
Geetika Toor,6,1,0,1,1,1,6.67,LOW
Imaran Brahmbhatt,6,1,0,1,1,1,6.67,LOW
Ayushman Pingle,6,1,0,1,1,1,6.67,LOW
Rudra Wason,6,1,0,1,1,1,6.67,LOW
Charan Chandra,6,1,0,1,1,1,6.67,LOW
Riya Rajagopal,6,1,0,1,1,1,6.67,LOW
Chameli Badal,6,1,0,1,1,1,6.67,LOW
Gavin Thakkar,6,1,0,1,1,1,6.67,LOW
Umang Kaul,6,1,0,1,1,1,6.67,LOW
Dhruv Saxena,6,1,0,1,1,1,6.67,LOW
Ekantika Thakkar,6,1,0,1,1,1,6.67,LOW
Vinaya Sastry,6,1,0,1,1,1,6.67,LOW
Tara Rau,6,1,0,1,1,1,6.67,LOW
Yashodhara Dua,6,1,0,1,1,1,6.67,LOW
Megha Uppal,6,1,0,1,1,1,6.67,LOW
Lila Dhawan,6,1,0,1,1,1,6.67,LOW
Zaitra Nori,6,1,0,1,1,1,6.67,LOW
Yash Kumer,6,1,0,1,1,1,6.67,LOW
Yashasvi Mukherjee,6,1,0,1,1,1,6.67,LOW
Yug Naidu,6,1,0,1,1,1,6.67,LOW
Tamanna Sood,6,1,0,1,1,1,6.67,LOW
Ojas Rajagopalan,6,1,0,1,1,1,6.67,LOW
Raghav Wable,6,1,0,1,1,1,6.67,LOW
Vihaan Gour,6,1,0,1,1,1,6.67,LOW
Oliver Garde,6,1,0,1,1,1,6.67,LOW
Shivansh Nanda,6,1,0,1,1,1,6.67,LOW
Hemangini Mangal,6,1,0,1,1,1,6.67,LOW
Lipika Chana,6,1,0,1,1,1,6.67,LOW
Yadavi Bhagat,6,1,0,1,1,1,6.67,LOW
Bhavika Sachdev,6,1,0,1,1,1,6.67,LOW
Brinda Barman,6,1,0,1,1,1,6.67,LOW
Jagat Chahal,6,1,0,1,1,1,6.67,LOW
Yamini Sagar,6,1,0,1,1,1,6.67,LOW
Jonathan Ratti,6,1,0,1,1,1,6.67,LOW
Gautam Chakrabarti,6,1,0,1,1,1,6.67,LOW
Turvi Bail,6,1,0,1,1,1,6.67,LOW
Gagan Chopra,6,1,0,1,1,1,6.67,LOW
Yatin Thaker,6,1,0,1,1,1,6.67,LOW
Lajita Lanka,6,1,0,1,1,1,6.67,LOW
Ronith Vohra,6,1,0,1,1,1,6.67,LOW
Laban Golla,6,1,0,1,1,1,6.67,LOW
Anthony Deo,6,1,0,1,1,1,6.67,LOW
Irya Sethi,6,1,0,1,1,1,6.67,LOW
Pranav Dewan,6,1,0,1,1,1,6.67,LOW
Kai Kala,6,1,0,1,1,1,6.67,LOW
Warhi Mohan,6,1,0,1,1,1,6.67,LOW
Priya Parsa,6,1,0,1,1,1,6.67,LOW
Andrew Nagar,6,1,0,1,1,1,6.67,LOW
Divya Kar,6,1,0,1,1,1,6.67,LOW
Qarin Andra,6,1,0,1,1,1,6.67,LOW
Avni Buch,6,1,0,1,1,1,6.67,LOW
Bhavika Nori,6,1,0,1,1,1,6.67,LOW
Dipta Vala,6,1,0,1,1,1,6.67,LOW
Yagnesh Hora,6,1,0,1,1,1,6.67,LOW
Nitesh Shan,6,1,0,1,1,1,6.67,LOW
Naveen Wali,6,1,0,1,1,1,6.67,LOW
Ekaja Chaudhary,6,1,0,1,1,1,6.67,LOW
Yatin Wali,6,1,0,1,1,1,6.67,LOW
Tristan Aurora,6,1,0,1,1,1,6.67,LOW
Azaan Pradhan,6,1,0,1,1,1,6.67,LOW
Isha Khosla,6,1,0,1,1,1,6.67,LOW
Barkha Chandran,6,1,0,1,1,1,6.67,LOW
Harish Raman,6,1,0,1,1,1,6.67,LOW
Nihal Issac,6,1,0,1,1,1,6.67,LOW
Varenya Ganguly,6,1,0,1,1,1,6.67,LOW
Hemal Mitra,6,1,0,1,1,1,6.67,LOW
Jeremiah Dugar,6,1,0,1,1,1,6.67,LOW
Kevin Ahluwalia,6,1,0,1,1,1,6.67,LOW
Lavanya Prakash,6,1,0,1,1,1,6.67,LOW
Mitesh Pandit,6,1,0,1,1,1,6.67,LOW
Nikita Nadig,6,1,0,1,1,1,6.67,LOW
Omya Sandal,6,1,0,1,1,1,6.67,LOW
Chaitanya Bail,6,1,0,1,1,1,6.67,LOW
Theodore Varty,6,1,0,1,1,1,6.67,LOW
Kevin Bakshi,6,1,0,1,1,1,6.67,LOW
Charles Rana,6,1,0,1,1,1,6.67,LOW
Ranveer Jaggi,6,1,0,1,1,1,6.67,LOW
Udyati Shanker,6,1,0,1,1,1,6.67,LOW
Chandani Sahni,6,1,0,1,1,1,6.67,LOW
Gauri Khatri,6,1,0,1,1,1,6.67,LOW
Jonathan Sidhu,6,1,0,1,1,1,6.67,LOW
Hardik Peri,6,1,0,1,1,1,6.67,LOW
Yashasvi Kumar,6,1,0,1,1,1,6.67,LOW
Fariq Johal,6,1,0,1,1,1,6.67,LOW
Laksh Bal,6,1,0,1,1,1,6.67,LOW
Pranit Sampath,6,1,0,1,1,1,6.67,LOW
Ganga Borde,6,1,0,1,1,1,6.67,LOW
Osha Sant,6,1,0,1,1,1,6.67,LOW
Lakshit Solanki,6,1,0,1,1,1,6.67,LOW
Jason Verma,6,1,0,1,1,1,6.67,LOW
Damyanti Pillai,6,1,0,1,1,1,6.67,LOW
Falguni Mishra,6,1,0,1,1,1,6.67,LOW
Anjali Grover,6,1,0,1,1,1,6.67,LOW
Michael Hegde,6,1,0,1,1,1,6.67,LOW
Xalak Dhingra,6,1,0,1,1,1,6.67,LOW
Jeremiah Pandya,6,1,0,1,1,1,6.67,LOW
Logan Narang,6,1,0,1,1,1,6.67,LOW
Devansh Mitter,6,1,0,1,1,1,6.67,LOW
Irya Chander,6,1,0,1,1,1,6.67,LOW
Omkaar Banerjee,6,1,0,1,1,1,6.67,LOW
Ekalinga Murty,6,1,0,1,1,1,6.67,LOW
Varsha Grover,6,1,0,1,1,1,6.67,LOW
Anya Sibal,6,1,0,1,1,1,6.67,LOW
Robert Shankar,6,1,0,1,1,1,6.67,LOW
Harsh Bains,6,1,0,1,1,1,6.67,LOW
Chanakya Sundaram,6,1,0,1,1,1,6.67,LOW
Kiaan Din,6,1,0,1,1,1,6.67,LOW
Urmi Nagarajan,6,1,0,1,1,1,6.67,LOW
Champak Munshi,6,1,0,1,1,1,6.67,LOW
Tamanna Malhotra,6,1,0,1,1,1,6.67,LOW
Joshua Kashyap,6,1,0,1,1,1,6.67,LOW
Ronith Dube,6,1,0,1,1,1,6.67,LOW
Balhaar Mander,6,1,0,1,1,1,6.67,LOW
Qushi Iyer,6,1,0,1,1,1,6.67,LOW
Oliver Jayaraman,6,1,0,1,1,1,6.67,LOW
Zansi Prasad,6,1,0,1,1,1,6.67,LOW
Yashica Vyas,6,1,0,1,1,1,6.67,LOW
Chanchal Murthy,6,1,0,1,1,1,6.67,LOW
Zilmil Majumdar,6,1,0,1,1,1,6.67,LOW
Madhav Kalita,6,1,0,1,1,1,6.67,LOW
Idika Shan,6,1,0,1,1,1,6.67,LOW
Lavanya Warrior,6,1,0,1,1,1,6.67,LOW
Harrison Chand,6,1,0,1,1,1,6.67,LOW
Leela Rastogi,6,1,0,1,1,1,6.67,LOW
Agastya Shankar,6,1,0,1,1,1,6.67,LOW
Avni Gandhi,6,1,0,1,1,1,6.67,LOW
Vinaya Gole,6,1,0,1,1,1,6.67,LOW
Aahana Guha,6,1,0,1,1,1,6.67,LOW
Anjali Gole,6,1,0,1,1,1,6.67,LOW
Unnati Radhakrishnan,6,1,0,1,1,1,6.67,LOW
Vaishnavi Maharaj,6,1,0,1,1,1,6.67,LOW
Lajita Chahal,6,1,0,1,1,1,6.67,LOW
Rachit Majumdar,6,1,0,1,1,1,6.67,LOW
Laban Apte,6,1,0,1,1,1,6.67,LOW
Viraj Arora,6,1,0,1,1,1,6.67,LOW
Hredhaan Borah,6,1,0,1,1,1,6.67,LOW
Omisha Trivedi,6,1,0,1,1,1,6.67,LOW
Simon Chander,6,1,0,1,1,1,6.67,LOW
Bhavika Chaudhary,6,1,0,1,1,1,6.67,LOW
Chavvi Dara,6,1,0,1,1,1,6.67,LOW
Raagini Bava,6,1,0,1,1,1,6.67,LOW
Avi Sinha,6,1,0,1,1,1,6.67,LOW
Charita Sane,6,1,0,1,1,1,6.67,LOW
Rushil Chaudhary,6,1,0,1,1,1,6.67,LOW
Imaran Ray,6,1,0,1,1,1,6.67,LOW
Jason Naik,6,1,0,1,1,1,6.67,LOW
Teerth Reddy,6,1,0,1,1,1,6.67,LOW
Radhika Muni,6,1,0,1,1,1,6.67,LOW
Jagat Pathak,6,1,0,1,1,1,6.67,LOW
Amaira Sant,6,1,0,1,1,1,6.67,LOW
Baghyawati Bali,6,1,0,1,1,1,6.67,LOW
Radhika Butala,6,1,0,1,1,1,6.67,LOW
Baljiwan Shan,6,1,0,1,1,1,6.67,LOW
Neelima Srinivas,6,1,0,1,1,1,6.67,LOW
Xavier Solanki,6,1,0,1,1,1,6.67,LOW
Naveen Dhawan,6,1,0,1,1,1,6.67,LOW
Raagini Samra,6,1,0,1,1,1,6.67,LOW
Ekansh Natarajan,6,1,0,1,1,1,6.67,LOW
Qushi Rattan,6,1,0,1,1,1,6.67,LOW
Prisha Hari,6,1,0,1,1,1,6.67,LOW
Arunima Suresh,6,1,0,1,1,1,6.67,LOW
Tanmayi Ravi,6,1,0,1,1,1,6.67,LOW
Max Seshadri,6,1,0,1,1,1,6.67,LOW
Henry Dua,6,1,0,1,1,1,6.67,LOW
Mekhala Chokshi,6,1,0,1,1,1,6.67,LOW
Amrita Mander,6,1,0,1,1,1,6.67,LOW
Jackson Mahal,6,1,0,1,1,1,6.67,LOW
Tejas Brahmbhatt,6,1,0,1,1,1,6.67,LOW
Gaurang Pingle,6,1,0,1,1,1,6.67,LOW
Charan Anand,6,1,0,1,1,1,6.67,LOW
Tanvi Tak,6,1,0,1,1,1,6.67,LOW
Manya Gulati,6,1,0,1,1,1,6.67,LOW
Nisha Sanghvi,6,1,0,1,1,1,6.67,LOW
Harish Tata,6,1,0,1,1,1,6.67,LOW
Ayaan Mahajan,6,1,0,1,1,1,6.67,LOW
Teerth Nath,6,1,0,1,1,1,6.67,LOW
Ansh Lall,6,1,0,1,1,1,6.67,LOW
Ishanvi Iyengar,6,1,0,1,1,1,6.67,LOW
Veda Sura,6,1,0,1,1,1,6.67,LOW
Varenya Rau,6,1,0,1,1,1,6.67,LOW
Dalaja Bawa,6,1,0,1,1,1,6.67,LOW
Netra Oommen,6,1,0,1,1,1,6.67,LOW
Ati Murty,6,1,0,1,1,1,6.67,LOW
Pavani Sibal,6,1,0,1,1,1,6.67,LOW
Abeer Reddy,6,1,0,1,1,1,6.67,LOW
Anamika Nigam,6,1,0,1,1,1,6.67,LOW
Hiral Bains,6,1,0,1,1,1,6.67,LOW
Nakul Sane,6,1,0,1,1,1,6.67,LOW
Riya Misra,6,1,0,1,1,1,6.67,LOW
Ethan Arya,6,1,0,1,1,1,6.67,LOW
Ranbir Chander,6,1,0,1,1,1,6.67,LOW
Ojas Deol,6,1,0,1,1,1,6.67,LOW
Mekhala Kunda,6,1,0,1,1,1,6.67,LOW
Hemang Chhabra,6,1,0,1,1,1,6.67,LOW
Triveni Sani,6,1,0,1,1,1,6.67,LOW
Omya Goel,6,1,0,1,1,1,6.67,LOW
Chakradev Lad,6,1,0,1,1,1,6.67,LOW
Karan Bala,6,1,0,1,1,1,6.67,LOW
Vrinda Shukla,6,1,0,1,1,1,6.67,LOW
Umang Venkataraman,6,1,0,1,1,1,6.67,LOW
Harini Dora,6,1,0,1,1,1,6.67,LOW
Bhavani Grover,6,1,0,1,1,1,6.67,LOW
Jeet Chhabra,6,1,0,1,1,1,6.67,LOW
Gaurika Sankar,6,1,0,1,1,1,6.67,LOW
Netra Tata,6,1,0,1,1,1,6.67,LOW
Chakrika Bandi,6,1,0,1,1,1,6.67,LOW
Forum Gour,6,1,0,1,1,1,6.67,LOW
Pavani Kapoor,6,1,0,1,1,1,6.67,LOW
Kavya Dutt,6,1,0,1,1,1,6.67,LOW
Kiaan Chaudhary,6,1,0,1,1,1,6.67,LOW
Maanav Sibal,6,1,0,1,1,1,6.67,LOW
Bina Divan,6,1,0,1,1,1,6.67,LOW
Abhimanyu De,6,1,0,1,1,1,6.67,LOW
Vasatika Sachdeva,6,1,0,1,1,1,6.67,LOW
Netra Bhandari,6,1,0,1,1,1,6.67,LOW
Umang Gandhi,6,1,0,1,1,1,6.67,LOW
Vidhi Vaidya,6,1,0,1,1,1,6.67,LOW
Sneha Bhatia,6,1,0,1,1,1,6.67,LOW
Ekansh Prashad,6,1,0,1,1,1,6.67,LOW
Max Sathe,6,1,0,1,1,1,6.67,LOW
Theodore Bumb,6,1,0,1,1,1,6.67,LOW
Nandini Desai,6,1,0,1,1,1,6.67,LOW
Chanakya Aggarwal,6,1,0,1,1,1,6.67,LOW
Ekalinga Kapadia,6,1,0,1,1,1,6.67,LOW
Kashish Rai,6,1,0,1,1,1,6.67,LOW
Ekbal Jani,6,1,0,1,1,1,6.67,LOW
Bimala Talwar,6,1,0,1,1,1,6.67,LOW
Devika Choudhury,6,1,0,1,1,1,6.67,LOW
Robert Bajaj,6,1,0,1,1,1,6.67,LOW
Ekantika Mallick,6,1,0,1,1,1,6.67,LOW
Nilima Varghese,6,1,0,1,1,1,6.67,LOW
Yashasvi Gupta,6,1,0,1,1,1,6.67,LOW
Vrinda Shetty,6,1,0,1,1,1,6.67,LOW
Charvi Buch,6,1,0,1,1,1,6.67,LOW
Om Narasimhan,6,1,0,1,1,1,6.67,LOW
Tanish Mutti,6,1,0,1,1,1,6.67,LOW
Alka Kala,6,1,0,1,1,1,6.67,LOW
Daksha Shah,6,1,0,1,1,1,6.67,LOW
Samarth Pal,6,1,0,1,1,1,6.67,LOW
Charita Ramaswamy,6,1,0,1,1,1,6.67,LOW
Henry Thakkar,6,1,0,1,1,1,6.67,LOW
Agastya Oak,6,1,0,1,1,1,6.67,LOW
Avi Raja,6,1,0,1,1,1,6.67,LOW
Theodore Basu,6,1,0,1,1,1,6.67,LOW
Naveen Nadig,6,1,0,1,1,1,6.67,LOW
Gautam Srivastava,6,1,0,1,1,1,6.67,LOW
Odika Seth,6,1,0,1,1,1,6.67,LOW
Ladli Chand,6,1,0,1,1,1,6.67,LOW
Aahana Dhingra,6,1,0,1,1,1,6.67,LOW
Ganga Tara,6,1,0,1,1,1,6.67,LOW
Samesh Mukhopadhyay,6,1,0,1,1,1,6.67,LOW
Advay Chauhan,6,1,0,1,1,1,6.67,LOW
Ekavir Jha,6,1,0,1,1,1,6.67,LOW
Tristan Pingle,6,1,0,1,1,1,6.67,LOW
Jagvi Walla,6,1,0,1,1,1,6.67,LOW
Lohit Balasubramanian,6,1,0,1,1,1,6.67,LOW
Reyansh Aggarwal,6,1,0,1,1,1,6.67,LOW
Lila Pau,6,1,0,1,1,1,6.67,LOW
Oeshi Comar,6,1,0,1,1,1,6.67,LOW
Dhruv Pandya,6,1,0,1,1,1,6.67,LOW
Triya Batra,6,1,0,1,1,1,6.67,LOW
Omaja Pandya,6,1,0,1,1,1,6.67,LOW
Kamala Joshi,6,1,0,1,1,1,6.67,LOW
Kamya Gade,6,1,0,1,1,1,6.67,LOW
Wazir Solanki,6,1,0,1,1,1,6.67,LOW
Tanmayi Dhaliwal,6,1,0,1,1,1,6.67,LOW
Nachiket Mannan,6,1,0,1,1,1,6.67,LOW
Chaaya Bhasin,6,1,0,1,1,1,6.67,LOW
Jhalak Panchal,6,1,0,1,1,1,6.67,LOW
Quincy Rajagopal,6,1,0,1,1,1,6.67,LOW
Yashasvi Ganesh,6,1,0,1,1,1,6.67,LOW
Jeet Setty,6,1,0,1,1,1,6.67,LOW
Shaurya Date,6,1,0,1,1,1,6.67,LOW
Aishani Sama,6,1,0,1,1,1,6.67,LOW
Frado Sengupta,6,1,0,1,1,1,6.67,LOW
Charan Bhavsar,6,1,0,1,1,1,6.67,LOW
Omaja Raghavan,6,1,0,1,1,1,6.67,LOW
Lohit Iyer,6,1,0,1,1,1,6.67,LOW
Fariq Sharaf,6,1,0,1,1,1,6.67,LOW
Brinda Das,6,1,0,1,1,1,6.67,LOW
Ekta Rau,6,1,0,1,1,1,6.67,LOW
Aradhana Bhargava,6,1,0,1,1,1,6.67,LOW
Pranav Tak,6,1,0,1,1,1,6.67,LOW
Waida Barad,6,1,0,1,1,1,6.67,LOW
Ikbal Hari,6,1,0,1,1,1,6.67,LOW
Jeevika Chowdhury,6,1,0,1,1,1,6.67,LOW
Odika Chatterjee,6,1,0,1,1,1,6.67,LOW
Wriddhish Oza,6,1,0,1,1,1,6.67,LOW
Jasmit Nori,6,1,0,1,1,1,6.67,LOW
Warhi Din,6,1,0,1,1,1,6.67,LOW
Charita Iyengar,6,1,0,1,1,1,6.67,LOW
Abdul Batta,6,1,0,1,1,1,6.67,LOW
Yuvraj Tara,6,1,0,1,1,1,6.67,LOW
Azaan Gade,6,1,0,1,1,1,6.67,LOW
Ryan Goel,6,1,0,1,1,1,6.67,LOW
Charan Kohli,6,1,0,1,1,1,6.67,LOW
Rishi Singh,6,1,0,1,1,1,6.67,LOW
Chandresh Wable,6,1,0,1,1,1,6.67,LOW
Quincy Solanki,6,1,0,1,1,1,6.67,LOW
Lipika Gupta,6,1,0,1,1,1,6.67,LOW
Ekantika Deol,6,1,0,1,1,1,6.67,LOW
Isaac Kulkarni,6,1,0,1,1,1,6.67,LOW
Veer Nigam,6,1,0,1,1,1,6.67,LOW
Nimrat Khalsa,6,1,0,1,1,1,6.67,LOW
George Rege,6,1,0,1,1,1,6.67,LOW
Tanay Chhabra,6,1,0,1,1,1,6.67,LOW
Turvi Buch,6,1,0,1,1,1,6.67,LOW
Jasmit Talwar,6,1,0,1,1,1,6.67,LOW
Irya Guha,6,1,0,1,1,1,6.67,LOW
Michael Sridhar,6,1,0,1,1,1,6.67,LOW
Meera Jain,6,1,0,1,1,1,6.67,LOW
Hemangini Merchant,6,1,0,1,1,1,6.67,LOW
Onveer Dugar,6,1,0,1,1,1,6.67,LOW
Noah Prasad,6,1,0,1,1,1,6.67,LOW
Yauvani Dhaliwal,6,1,0,1,1,1,6.67,LOW
Nitara Reddy,6,1,0,1,1,1,6.67,LOW
Maanas Behl,6,1,0,1,1,1,6.67,LOW
Yachana Rai,6,1,0,1,1,1,6.67,LOW
Rushil Sabharwal,6,1,0,1,1,1,6.67,LOW
Ethan Date,6,1,0,1,1,1,6.67,LOW
Widisha Sodhi,6,1,0,1,1,1,6.67,LOW
Anusha Chacko,6,1,0,1,1,1,6.67,LOW
Bhavna Shanker,6,1,0,1,1,1,6.67,LOW
Zayyan Dutta,6,1,0,1,1,1,6.67,LOW
Nilima Arora,6,1,0,1,1,1,6.67,LOW
Aachal Wadhwa,6,1,0,1,1,1,6.67,LOW
Reva Savant,6,1,0,1,1,1,6.67,LOW
Anamika Kuruvilla,6,1,0,1,1,1,6.67,LOW
Rohan Sengupta,6,1,0,1,1,1,6.67,LOW
Ubika Sood,6,1,0,1,1,1,6.67,LOW
Henry Mann,6,1,0,1,1,1,6.67,LOW
Ekanta Mody,6,1,0,1,1,1,6.67,LOW
Prisha Krishna,6,1,0,1,1,1,6.67,LOW
Ishanvi Dass,6,1,0,1,1,1,6.67,LOW
Kashvi Ganesan,6,1,0,1,1,1,6.67,LOW
Zehaan Mane,6,1,0,1,1,1,6.67,LOW
Ekantika Badami,6,1,0,1,1,1,6.67,LOW
Meghana Sami,6,1,0,1,1,1,6.67,LOW
Om Hans,6,1,0,1,1,1,6.67,LOW
Utkarsh Rajan,6,1,0,1,1,1,6.67,LOW
Mason Ray,6,1,0,1,1,1,6.67,LOW
Jagvi Sastry,6,1,0,1,1,1,6.67,LOW
Watika Bose,6,1,0,1,1,1,6.67,LOW
Yuvraj Sundaram,6,1,0,1,1,1,6.67,LOW
Amara Anne,6,1,0,1,1,1,6.67,LOW
Jeet Raval,6,1,0,1,1,1,6.67,LOW
Ira Kashyap,6,1,0,1,1,1,6.67,LOW
Zehaan Viswanathan,6,1,0,1,1,1,6.67,LOW
Dakshesh Kamdar,6,1,0,1,1,1,6.67,LOW
Amruta Sehgal,6,1,0,1,1,1,6.67,LOW
Eshana Karpe,6,1,0,1,1,1,6.67,LOW
Bahadurjit Menon,6,1,0,1,1,1,6.67,LOW
Zaitra Bhandari,6,1,0,1,1,1,6.67,LOW
Vamakshi Peri,6,1,0,1,1,1,6.67,LOW
Hema Khalsa,6,1,0,1,1,1,6.67,LOW
Vasatika Chad,6,1,0,1,1,1,6.67,LOW
Arunima Bhattacharyya,6,1,0,1,1,1,6.67,LOW
Arunima Borah,6,1,0,1,1,1,6.67,LOW
Champak Saraf,6,1,0,1,1,1,6.67,LOW
Tripti Gaba,6,1,0,1,1,1,6.67,LOW
Aditya Purohit,6,1,0,1,1,1,6.67,LOW
Sanaya Pathak,6,1,0,1,1,1,6.67,LOW
Samar Pandya,6,1,0,1,1,1,6.67,LOW
Ekapad Dass,6,1,0,1,1,1,6.67,LOW
Karan Dayal,6,1,0,1,1,1,6.67,LOW
Mitesh Narayan,6,1,0,1,1,1,6.67,LOW
Ekbal Mani,6,1,0,1,1,1,6.67,LOW
Frederick Oak,6,1,0,1,1,1,6.67,LOW
Rayaan Warrior,6,1,0,1,1,1,6.67,LOW
Brijesh Hari,6,1,0,1,1,1,6.67,LOW
Chakradhar Ramachandran,6,1,0,1,1,1,6.67,LOW
Damini Sarraf,6,1,0,1,1,1,6.67,LOW
Zaid Thaman,6,1,0,1,1,1,6.67,LOW
Kamala Vohra,6,1,0,1,1,1,6.67,LOW
Nitesh Bhagat,6,1,0,1,1,1,6.67,LOW
Yashasvi Pandey,6,1,0,1,1,1,6.67,LOW
Amrita De,6,1,0,1,1,1,6.67,LOW
Anya Ranganathan,6,1,0,1,1,1,6.67,LOW
Sneha Srivastava,6,1,0,1,1,1,6.67,LOW
Chaitaly Mohanty,6,1,0,1,1,1,6.67,LOW
Sarthak Narayanan,6,1,0,1,1,1,6.67,LOW
Megha Ray,6,1,0,1,1,1,6.67,LOW
Nidhi Bath,6,1,0,1,1,1,6.67,LOW
Vedika Sheth,6,1,0,1,1,1,6.67,LOW
Hamsini Saran,6,1,0,1,1,1,6.67,LOW
Brijesh Kapadia,6,1,0,1,1,1,6.67,LOW
Wahab Muni,6,1,0,1,1,1,6.67,LOW
Vedant Tandon,6,1,0,1,1,1,6.67,LOW
Wishi Apte,6,1,0,1,1,1,6.67,LOW
Ryan Minhas,6,1,0,1,1,1,6.67,LOW
Abhimanyu Hegde,6,1,0,1,1,1,6.67,LOW
Dakshesh Mishra,6,1,0,1,1,1,6.67,LOW
Suhani Kara,6,1,0,1,1,1,6.67,LOW
Thomas Nori,6,1,0,1,1,1,6.67,LOW
Watika Bakshi,6,1,0,1,1,1,6.67,LOW
Chatura Sant,6,1,0,1,1,1,6.67,LOW
Shivani Dugar,6,1,0,1,1,1,6.67,LOW
Pushti Hora,6,1,0,1,1,1,6.67,LOW
Aarnav Chaudhari,6,1,0,1,1,1,6.67,LOW
Teerth Deshmukh,6,1,0,1,1,1,6.67,LOW
Abeer Dora,6,1,0,1,1,1,6.67,LOW
Onkar Gokhale,6,1,0,1,1,1,6.67,LOW
Yagnesh Ghose,6,1,0,1,1,1,6.67,LOW
Ekansh Padmanabhan,6,1,0,1,1,1,6.67,LOW
Joshua Kar,6,1,0,1,1,1,6.67,LOW
Udant Madan,6,1,0,1,1,1,6.67,LOW
Vasudha Minhas,6,1,0,1,1,1,6.67,LOW
Zashil Sanghvi,6,1,0,1,1,1,6.67,LOW
Madhavi Mahajan,6,1,0,1,1,1,6.67,LOW
Nathaniel Buch,6,1,0,1,1,1,6.67,LOW
Andrew Chakraborty,6,1,0,1,1,1,6.67,LOW
Aashi Parekh,6,1,0,1,1,1,6.67,LOW
Urmi Murty,6,1,0,1,1,1,6.67,LOW
Tarak Gokhale,6,1,0,1,1,1,6.67,LOW
Abhimanyu Buch,6,1,0,1,1,1,6.67,LOW
Ishita Mand,6,1,0,1,1,1,6.67,LOW
Reva Muni,6,1,0,1,1,1,6.67,LOW
Zaitra Basu,6,1,0,1,1,1,6.67,LOW
Reyansh Ratta,6,1,0,1,1,1,6.67,LOW
Umang Uppal,6,1,0,1,1,1,6.67,LOW
Lucky Parekh,6,1,0,1,1,1,6.67,LOW
Bahadurjit Pal,6,1,0,1,1,1,6.67,LOW
Nachiket Chand,6,1,0,1,1,1,6.67,LOW
Zaitra Murthy,6,1,0,1,1,1,6.67,LOW
Saksham Yadav,6,1,0,1,1,1,6.67,LOW
Ayushman Goswami,6,1,0,1,1,1,6.67,LOW
Yuvraj Raj,6,1,0,1,1,1,6.67,LOW
Azad Subramanian,6,1,0,1,1,1,6.67,LOW
Varsha Dasgupta,6,1,0,1,1,1,6.67,LOW
Hemani Shukla,6,1,0,1,1,1,6.67,LOW
Balendra Dada,6,1,0,1,1,1,6.67,LOW
Ishani Patla,6,1,0,1,1,1,6.67,LOW
Liam Iyer,6,1,0,1,1,1,6.67,LOW
Yatin More,6,1,0,1,1,1,6.67,LOW
Ekta Jain,6,1,0,1,1,1,6.67,LOW
Krish Nath,6,1,0,1,1,1,6.67,LOW
Watika Narula,6,1,0,1,1,1,6.67,LOW
Chakrika Chaudhari,6,1,0,1,1,1,6.67,LOW
Ikshita Acharya,6,1,0,1,1,1,6.67,LOW
Upma Biswas,6,1,0,1,1,1,6.67,LOW
Veda Pant,6,1,0,1,1,1,6.67,LOW
Wridesh Walla,6,1,0,1,1,1,6.67,LOW
Shivansh Shukla,6,1,0,1,1,1,6.67,LOW
Chaitanya Andra,6,1,0,1,1,1,6.67,LOW
Dakshesh Choudhary,6,1,0,1,1,1,6.67,LOW
Mitesh Krishnamurthy,6,1,0,1,1,1,6.67,LOW
Pallavi Dani,6,1,0,1,1,1,6.67,LOW
Maanav Kala,6,1,0,1,1,1,6.67,LOW
Viraj Sathe,6,1,0,1,1,1,6.67,LOW
Bhavika Bail,6,1,0,1,1,1,6.67,LOW
Hemal Contractor,6,1,0,1,1,1,6.67,LOW
Orinder Johal,6,1,0,1,1,1,6.67,LOW
Max Varghese,6,1,0,1,1,1,6.67,LOW
Brinda Mukherjee,6,1,0,1,1,1,6.67,LOW
Turvi Mannan,6,1,0,1,1,1,6.67,LOW
Janaki Kade,6,1,0,1,1,1,6.67,LOW
Abeer Murthy,6,1,0,1,1,1,6.67,LOW
Urvashi Dugal,6,1,0,1,1,1,6.67,LOW
Zansi Krishnan,6,1,0,1,1,1,6.67,LOW
Praneel Varty,6,1,0,1,1,1,6.67,LOW
Nathan Sani,6,1,0,1,1,1,6.67,LOW
Anirudh Mall,6,1,0,1,1,1,6.67,LOW
Fitan Verma,6,1,0,1,1,1,6.67,LOW
Ronith Modi,6,1,0,1,1,1,6.67,LOW
Riya Magar,6,1,0,1,1,1,6.67,LOW
Neelima Prakash,6,1,0,1,1,1,6.67,LOW
Wahab Kala,6,1,0,1,1,1,6.67,LOW
Samar Mitra,6,1,0,1,1,1,6.67,LOW
Umang Bhatia,6,1,0,1,1,1,6.67,LOW
Nathan Karpe,6,1,0,1,1,1,6.67,LOW
Charan Agarwal,6,1,0,1,1,1,6.67,LOW
Gauri Dara,6,1,0,1,1,1,6.67,LOW
Azaan Shanker,6,1,0,1,1,1,6.67,LOW
Upma Jain,6,1,0,1,1,1,6.67,LOW
Aditya Cheema,6,1,0,1,1,1,6.67,LOW
Manbir Sura,6,1,0,1,1,1,6.67,LOW
Gautam Saha,6,1,0,1,1,1,6.67,LOW
Gaurika Banerjee,6,1,0,1,1,1,6.67,LOW
Vihaan Mody,6,1,0,1,1,1,6.67,LOW
Ayaan Modi,6,1,0,1,1,1,6.67,LOW
Yashica Batra,6,1,0,1,1,1,6.67,LOW
Varenya Dyal,6,1,0,1,1,1,6.67,LOW
Mitali Bhandari,6,1,0,1,1,1,6.67,LOW
Dakshesh Hayre,6,1,0,1,1,1,6.67,LOW
Madhav Thakkar,6,1,0,1,1,1,6.67,LOW
Diya Roy,6,1,0,1,1,1,6.67,LOW
Ekaraj Sabharwal,6,1,0,1,1,1,6.67,LOW
Ekiya Dhingra,6,1,0,1,1,1,6.67,LOW
Indira Nigam,6,1,0,1,1,1,6.67,LOW
Teerth Saha,6,1,0,1,1,1,6.67,LOW
Shravya Jhaveri,6,1,0,1,1,1,6.67,LOW
Neel Malhotra,6,1,0,1,1,1,6.67,LOW
Dhriti Nazareth,6,1,0,1,1,1,6.67,LOW
Neelima Kunda,6,1,0,1,1,1,6.67,LOW
Michael Parikh,6,1,0,1,1,1,6.67,LOW
Laban Mutti,6,1,0,1,1,1,6.67,LOW
Warhi Narula,6,1,0,1,1,1,6.67,LOW
Harinakshi Sha,6,1,0,1,1,1,6.67,LOW
Gaurang Hans,6,1,0,1,1,1,6.67,LOW
Bhavani Kale,6,1,0,1,1,1,6.67,LOW
Raagini Master,6,1,0,1,1,1,6.67,LOW
Widisha Dora,6,1,0,1,1,1,6.67,LOW
Janaki Ramaswamy,6,1,0,1,1,1,6.67,LOW
Jeremiah Nair,6,1,0,1,1,1,6.67,LOW
Rajata Nori,6,1,0,1,1,1,6.67,LOW
Waida Desai,6,1,0,1,1,1,6.67,LOW
Harita Handa,6,1,0,1,1,1,6.67,LOW
Henry Sachdeva,6,1,0,1,1,1,6.67,LOW
Chakradhar Gopal,6,1,0,1,1,1,6.67,LOW
Amaira Solanki,6,1,0,1,1,1,6.67,LOW
Faras Virk,6,1,0,1,1,1,6.67,LOW
Charles Memon,6,1,0,1,1,1,6.67,LOW
Owen Ramachandran,6,1,0,1,1,1,6.67,LOW
Wishi Wagle,6,1,0,1,1,1,6.67,LOW
Rachit Kanda,6,1,0,1,1,1,6.67,LOW
Ekapad Basu,6,1,0,1,1,1,6.67,LOW
Dakshesh Vyas,6,1,0,1,1,1,6.67,LOW
Balhaar Hora,6,1,0,1,1,1,6.67,LOW
Harrison Karpe,6,1,0,1,1,1,6.67,LOW
Qabil Jhaveri,6,1,0,1,1,1,6.67,LOW
Nathan Amble,6,1,0,1,1,1,6.67,LOW
Samuel Gokhale,6,1,0,1,1,1,6.67,LOW
Jeet Minhas,6,1,0,1,1,1,6.67,LOW
Rachita Baria,6,1,0,1,1,1,6.67,LOW
Zinal More,6,1,0,1,1,1,6.67,LOW
Chandresh Palla,6,1,0,1,1,1,6.67,LOW
Vedant Ramakrishnan,6,1,0,1,1,1,6.67,LOW
Meera Shankar,6,1,0,1,1,1,6.67,LOW
Bimala Bhandari,6,1,0,1,1,1,6.67,LOW
Quincy Minhas,6,1,0,1,1,1,6.67,LOW
Harrison Morar,6,1,0,1,1,1,6.67,LOW
Mekhala Sampath,6,1,0,1,1,1,6.67,LOW
Vasudha Karnik,6,1,0,1,1,1,6.67,LOW
Manbir Venkatesh,6,1,0,1,1,1,6.67,LOW
Jagdish Dhingra,6,1,0,1,1,1,6.67,LOW
Kavya Kunda,6,1,0,1,1,1,6.67,LOW
Hemangini Mishra,6,1,0,1,1,1,6.67,LOW
Manbir Rai,6,1,0,1,1,1,6.67,LOW
Fiyaz Bassi,6,1,0,1,1,1,6.67,LOW
Kamala Char,6,1,0,1,1,1,6.67,LOW
Samesh Chanda,6,1,0,1,1,1,6.67,LOW
Gabriel Rana,6,1,0,1,1,1,6.67,LOW
Manan Borra,6,1,0,1,1,1,6.67,LOW
Balveer Chandra,6,1,0,1,1,1,6.67,LOW
Ronith Datta,6,1,0,1,1,1,6.67,LOW
Upasna Chandran,6,1,0,1,1,1,6.67,LOW
Sarthak Bobal,6,1,0,1,1,1,6.67,LOW
Tristan Sanghvi,6,1,0,1,1,1,6.67,LOW
Raksha Shankar,6,1,0,1,1,1,6.67,LOW
Jagrati Rao,6,1,0,1,1,1,6.67,LOW
Suhani Grover,6,1,0,1,1,1,6.67,LOW
Mohammed Ben,6,1,0,1,1,1,6.67,LOW
Yashodhara Mallick,6,1,0,1,1,1,6.67,LOW
Mekhala Sibal,6,1,0,1,1,1,6.67,LOW
Janaki Sood,6,1,0,1,1,1,6.67,LOW
Netra Varughese,6,1,0,1,1,1,6.67,LOW
Adya Sharma,6,1,0,1,1,1,6.67,LOW
Damyanti Varma,6,1,0,1,1,1,6.67,LOW
Odika Naik,6,1,0,1,1,1,6.67,LOW
Damini Bhargava,6,1,0,1,1,1,6.67,LOW
Vritti Dass,6,1,0,1,1,1,6.67,LOW
Mohini Gole,6,1,0,1,1,1,6.67,LOW
Jatin Uppal,6,1,0,1,1,1,6.67,LOW
Anjali Shroff,6,1,0,1,1,1,6.67,LOW
Kashish Choudhry,6,1,0,1,1,1,6.67,LOW
Samesh Ravel,6,1,0,1,1,1,6.67,LOW
Ucchal Bhatnagar,6,1,0,1,1,1,6.67,LOW
Zansi Mahajan,6,1,0,1,1,1,6.67,LOW
Saksham Kant,6,1,0,1,1,1,6.67,LOW
Amaira Kant,6,1,0,1,1,1,6.67,LOW
Dayamai Kadakia,6,1,0,1,1,1,6.67,LOW
Indali Karpe,6,1,0,1,1,1,6.67,LOW
Tanvi Warrior,6,1,0,1,1,1,6.67,LOW
Darpan Gola,6,1,0,1,1,1,6.67,LOW
Nandini Narain,6,1,0,1,1,1,6.67,LOW
Garima Parmar,6,1,0,1,1,1,6.67,LOW
Harsh Mander,6,1,0,1,1,1,6.67,LOW
Ranveer Misra,6,1,0,1,1,1,6.67,LOW
Ojas Parmar,6,1,0,1,1,1,6.67,LOW
Madhavi Korpal,6,1,0,1,1,1,6.67,LOW
Meghana Krish,6,1,0,1,1,1,6.67,LOW
Vrishti Rai,6,1,0,1,1,1,6.67,LOW
Gaurika Parsa,6,1,0,1,1,1,6.67,LOW
Hemal Mani,6,1,0,1,1,1,6.67,LOW
Gabriel Krishna,6,1,0,1,1,1,6.67,LOW
Nimrat Nadig,6,1,0,1,1,1,6.67,LOW
Omkaar Nayak,6,1,0,1,1,1,6.67,LOW
Krisha Barman,6,1,0,1,1,1,6.67,LOW
Xiti Mutti,6,1,0,1,1,1,6.67,LOW
Zaitra Patel,6,1,0,1,1,1,6.67,LOW
Sneha Kothari,6,1,0,1,1,1,6.67,LOW
Harsh Doshi,6,1,0,1,1,1,6.67,LOW
Pranav Chawla,6,1,0,1,1,1,6.67,LOW
Kashish Bhalla,6,1,0,1,1,1,6.67,LOW
Ronith Jaggi,6,1,0,1,1,1,6.67,LOW
Devansh Gokhale,6,1,0,1,1,1,6.67,LOW
Oeshi Thaman,6,1,0,1,1,1,6.67,LOW
Rachita Borde,6,1,0,1,1,1,6.67,LOW
Ishita Mane,6,1,0,1,1,1,6.67,LOW
Anjali Anand,6,1,0,1,1,1,6.67,LOW
Jeet Rajagopalan,6,1,0,1,1,1,6.67,LOW
Nikita Maharaj,6,1,0,1,1,1,6.67,LOW
Unni Suri,6,1,0,1,1,1,6.67,LOW
Chanakya Thaker,6,1,0,1,1,1,6.67,LOW
Yagnesh Keer,6,1,0,1,1,1,6.67,LOW
Azaan Bora,6,1,0,1,1,1,6.67,LOW
Barkha Nagar,6,1,0,1,1,1,6.67,LOW
Hema Padmanabhan,6,1,0,1,1,1,6.67,LOW
Brinda Roy,6,1,0,1,1,1,6.67,LOW
Yash Hari,6,1,0,1,1,1,6.67,LOW
Reva Sandal,6,1,0,1,1,1,6.67,LOW
Hitesh Konda,6,1,0,1,1,1,6.67,LOW
Chakrika Dar,6,1,0,1,1,1,6.67,LOW
Nachiket Parsa,6,1,0,1,1,1,6.67,LOW
Nathaniel Agate,6,1,0,1,1,1,6.67,LOW
Abha Mital,6,1,0,1,1,1,6.67,LOW
Shivansh Handa,6,1,0,1,1,1,6.67,LOW
William Ganesan,6,1,0,1,1,1,6.67,LOW
Maya Mitter,6,1,0,1,1,1,6.67,LOW
Baghyawati Vig,6,1,0,1,1,1,6.67,LOW
Kamala Dada,6,1,0,1,1,1,6.67,LOW
Bimala Yohannan,6,1,0,1,1,1,6.67,LOW
Harrison Desai,6,1,0,1,1,1,6.67,LOW
Mekhala Chad,6,1,0,1,1,1,6.67,LOW
Bhavini Comar,6,1,0,1,1,1,6.67,LOW
Jason Mandal,6,1,0,1,1,1,6.67,LOW
Udarsh Konda,6,1,0,1,1,1,6.67,LOW
Amaira Kade,6,1,0,1,1,1,6.67,LOW
Anusha Bose,6,1,0,1,1,1,6.67,LOW
Amol Banerjee,6,1,0,1,1,1,6.67,LOW
Yashica Nayar,6,1,0,1,1,1,6.67,LOW
Hamsini Tandon,6,1,0,1,1,1,6.67,LOW
Ishita Atwal,6,1,0,1,1,1,6.67,LOW
Saumya Bali,6,1,0,1,1,1,6.67,LOW
Qarin Varkey,6,1,0,1,1,1,6.67,LOW
Chaitaly Nazareth,6,1,0,1,1,1,6.67,LOW
Hardik Chad,6,1,0,1,1,1,6.67,LOW
Gunbir Ranganathan,6,1,0,1,1,1,6.67,LOW
Neha Krish,6,1,0,1,1,1,6.67,LOW
Bimala Bhakta,6,1,0,1,1,1,6.67,LOW
Daniel Sachar,6,1,0,1,1,1,6.67,LOW
Varsha Bobal,6,1,0,1,1,1,6.67,LOW
Omaja Borde,6,1,0,1,1,1,6.67,LOW
Vansha Gulati,6,1,0,1,1,1,6.67,LOW
Balhaar Baral,6,1,0,1,1,1,6.67,LOW
Yuvraj Khurana,6,1,0,1,1,1,6.67,LOW
Pushti Doctor,6,1,0,1,1,1,6.67,LOW
Yauvani Madan,6,1,0,1,1,1,6.67,LOW
Sneha Edwin,6,1,0,1,1,1,6.67,LOW
Fiyaz Krishnan,6,1,0,1,1,1,6.67,LOW
Zayan Dhawan,6,1,0,1,1,1,6.67,LOW
Amaira Goyal,6,1,0,1,1,1,6.67,LOW
Warda Barman,6,1,0,1,1,1,6.67,LOW
Aarush Kata,6,1,0,1,1,1,6.67,LOW
Chanakya Bir,6,1,0,1,1,1,6.67,LOW
Upma Chatterjee,6,1,0,1,1,1,6.67,LOW
Chandresh Brar,6,1,0,1,1,1,6.67,LOW
Krisha Natarajan,6,1,0,1,1,1,6.67,LOW
Sai Hari,6,1,0,1,1,1,6.67,LOW
Falan Pall,6,1,0,1,1,1,6.67,LOW
Ishanvi Ram,6,1,0,1,1,1,6.67,LOW
Robert Sunder,6,1,0,1,1,1,6.67,LOW
Ekta Bobal,6,1,0,1,1,1,6.67,LOW
Indali Kala,6,1,0,1,1,1,6.67,LOW
Patrick Bhandari,6,1,0,1,1,1,6.67,LOW
Sanya Chahal,6,1,0,1,1,1,6.67,LOW
Vedika Din,6,1,0,1,1,1,6.67,LOW
Amol Dey,6,1,0,1,1,1,6.67,LOW
Vihaan Bawa,6,1,0,1,1,1,6.67,LOW
Eta Baria,6,1,0,1,1,1,6.67,LOW
Zehaan Narayan,6,1,0,1,1,1,6.67,LOW
Kala Chad,6,1,0,1,1,1,6.67,LOW
Reyansh Wadhwa,6,1,0,1,1,1,6.67,LOW
Osha Sur,6,1,0,1,1,1,6.67,LOW
Jack Lad,6,1,0,1,1,1,6.67,LOW
Fariq Baral,6,1,0,1,1,1,6.67,LOW
Yamini Chad,6,1,0,1,1,1,6.67,LOW
Lila Saraf,6,1,0,1,1,1,6.67,LOW
Anirudh Dewan,6,1,0,1,1,1,6.67,LOW
Sudiksha Gour,6,1,0,1,1,1,6.67,LOW
Parth Parmar,6,1,0,1,1,1,6.67,LOW
Chakradev Singh,6,1,0,1,1,1,6.67,LOW
Anusha Sarin,6,1,0,1,1,1,6.67,LOW
Ekbal Desai,6,1,0,1,1,1,6.67,LOW
Indira Rastogi,6,1,0,1,1,1,6.67,LOW
Matthew Rege,6,1,0,1,1,1,6.67,LOW
Yadavi Vaidya,6,1,0,1,1,1,6.67,LOW
Aditya Mody,6,1,0,1,1,1,6.67,LOW
Owen Muni,6,1,0,1,1,1,6.67,LOW
Eesha Dave,6,1,0,1,1,1,6.67,LOW
Pahal Kar,6,1,0,1,1,1,6.67,LOW
Harsh Savant,6,1,0,1,1,1,6.67,LOW
Aarini Garg,6,1,0,1,1,1,6.67,LOW
Ijaya Toor,6,1,0,1,1,1,6.67,LOW
Bhavya Bath,6,1,0,1,1,1,6.67,LOW
Oliver Pall,6,1,0,1,1,1,6.67,LOW
Janani Chatterjee,6,1,0,1,1,1,6.67,LOW
Faraj Malhotra,6,1,0,1,1,1,6.67,LOW
Upadhriti Guha,6,1,0,1,1,1,6.67,LOW
Balhaar Ramaswamy,6,1,0,1,1,1,6.67,LOW
Lila Yohannan,6,1,0,1,1,1,6.67,LOW
Jalsa Setty,6,1,0,1,1,1,6.67,LOW
Tanay Lalla,6,1,0,1,1,1,6.67,LOW
Hema Patel,6,1,0,1,1,1,6.67,LOW
Suhani Dhar,6,1,0,1,1,1,6.67,LOW
Odika Solanki,6,1,0,1,1,1,6.67,LOW
Omkaar Tank,6,1,0,1,1,1,6.67,LOW
Varenya Anne,6,1,0,1,1,1,6.67,LOW
Jeevika Varma,6,1,0,1,1,1,6.67,LOW
Jacob Gade,6,1,0,1,1,1,6.67,LOW
Arunima Swamy,6,1,0,1,1,1,6.67,LOW
Oliver Sodhi,6,1,0,1,1,1,6.67,LOW
Amara Luthra,6,1,0,1,1,1,6.67,LOW
Lipika Narayanan,6,1,0,1,1,1,6.67,LOW
Chaaya Aggarwal,6,1,0,1,1,1,6.67,LOW
Ranbir Soman,6,1,0,1,1,1,6.67,LOW
Thomas Tata,6,1,0,1,1,1,6.67,LOW
Madhavi Bakshi,6,1,0,1,1,1,6.67,LOW
Deepa Agarwal,6,1,0,1,1,1,6.67,LOW
Mahika Karan,6,1,0,1,1,1,6.67,LOW
Yutika Seth,6,1,0,1,1,1,6.67,LOW
Gagan Sankaran,6,1,0,1,1,1,6.67,LOW
Balendra Kashyap,6,1,0,1,1,1,6.67,LOW
Arin Oza,6,1,0,1,1,1,6.67,LOW
Imaran Baria,6,1,0,1,1,1,6.67,LOW
Girindra Halder,6,1,0,1,1,1,6.67,LOW
Chatresh Sunder,6,1,0,1,1,1,6.67,LOW
Krish Mani,6,1,0,1,1,1,6.67,LOW
Ekaja Walia,6,1,0,1,1,1,6.67,LOW
Ranbir Nori,6,1,0,1,1,1,6.67,LOW
Amara Gera,6,1,0,1,1,1,6.67,LOW
Gautam Panchal,6,1,0,1,1,1,6.67,LOW
Tejas Sur,6,1,0,1,1,1,6.67,LOW
Vrinda Prashad,6,1,0,1,1,1,6.67,LOW
Balhaar Banik,6,1,0,1,1,1,6.67,LOW
Samarth Sule,6,1,0,1,1,1,6.67,LOW
Mekhala Bose,6,1,0,1,1,1,6.67,LOW
Chameli Subramaniam,6,1,0,1,1,1,6.67,LOW
Jackson Devan,6,1,0,1,1,1,6.67,LOW
Chasmum Prabhu,6,1,0,1,1,1,6.67,LOW
Guneet Dey,6,1,0,1,1,1,6.67,LOW
Zilmil Ramesh,6,1,0,1,1,1,6.67,LOW
Ethan Issac,6,1,0,1,1,1,6.67,LOW
Jagdish Krishna,6,1,0,1,1,1,6.67,LOW
Widisha Bahl,6,1,0,1,1,1,6.67,LOW
Dakshesh Mukhopadhyay,6,1,0,1,1,1,6.67,LOW
Zinal Sekhon,6,1,0,1,1,1,6.67,LOW
Jeet Salvi,6,1,0,1,1,1,6.67,LOW
Ekalinga Prabhu,6,1,0,1,1,1,6.67,LOW
Maya Comar,6,1,0,1,1,1,6.67,LOW
Bimala Oza,6,1,0,1,1,1,6.67,LOW
Raksha Ranganathan,6,1,0,1,1,1,6.67,LOW
Ojas Batra,6,1,0,1,1,1,6.67,LOW
Mugdha Sachar,6,1,0,1,1,1,6.67,LOW
Abhiram Magar,6,1,0,1,1,1,6.67,LOW
Wahab Khalsa,6,1,0,1,1,1,6.67,LOW
Ishwar Naik,6,1,0,1,1,1,6.67,LOW
Chaman Tandon,6,1,0,1,1,1,6.67,LOW
Om Vala,6,1,0,1,1,1,6.67,LOW
Girik Issac,6,1,0,1,1,1,6.67,LOW
Bhavani Wagle,6,1,0,1,1,1,6.67,LOW
Janani Rau,6,1,0,1,1,1,6.67,LOW
Aadhya Warrior,6,1,0,1,1,1,6.67,LOW
Ekansh Mitra,6,1,0,1,1,1,6.67,LOW
Amrita Lal,6,1,0,1,1,1,6.67,LOW
Harsh Tella,6,1,0,1,1,1,6.67,LOW
Praneel Iyengar,6,1,0,1,1,1,6.67,LOW
Aditya Konda,6,1,0,1,1,1,6.67,LOW
Zayyan Borde,6,1,0,1,1,1,6.67,LOW
Tripti Chandra,6,1,0,1,1,1,6.67,LOW
Waida Sood,6,1,0,1,1,1,6.67,LOW
Eesha Hegde,6,1,0,1,1,1,6.67,LOW
Frado Sem,6,1,0,1,1,1,6.67,LOW
Advika Patil,6,1,0,1,1,1,6.67,LOW
Janani Cherian,6,1,0,1,1,1,6.67,LOW
Victor Nigam,6,1,0,1,1,1,6.67,LOW
Quincy Zacharia,6,1,0,1,1,1,6.67,LOW
Pratyush Khare,6,1,0,1,1,1,6.67,LOW
Nakul Varughese,6,1,0,1,1,1,6.67,LOW
Patrick Chakraborty,6,1,0,1,1,1,6.67,LOW
Gavin Tandon,6,1,0,1,1,1,6.67,LOW
Isaac Arora,6,1,0,1,1,1,6.67,LOW
Amruta Kale,6,1,0,1,1,1,6.67,LOW
Sai Sundaram,6,1,0,1,1,1,6.67,LOW
Nathan Chatterjee,6,1,0,1,1,1,6.67,LOW
Qushi More,6,1,0,1,1,1,6.67,LOW
Kashish Andra,6,1,0,1,1,1,6.67,LOW
Baljiwan Bhasin,6,1,0,1,1,1,6.67,LOW
Chasmum Mani,6,1,0,1,1,1,6.67,LOW
Dhriti Yadav,6,1,0,1,1,1,6.67,LOW
Maanav Prakash,6,1,0,1,1,1,6.67,LOW
Aarav Narain,6,1,0,1,1,1,6.67,LOW
Vamakshi Malhotra,6,1,0,1,1,1,6.67,LOW
Wazir Badal,6,1,0,1,1,1,6.67,LOW
Vivaan Sabharwal,6,1,0,1,1,1,6.67,LOW
Oliver Chana,6,1,0,1,1,1,6.67,LOW
Maya Sami,6,1,0,1,1,1,6.67,LOW
Janaki Prashad,6,1,0,1,1,1,6.67,LOW
Adya Tata,6,1,0,1,1,1,6.67,LOW
Ekavir Krishnan,6,1,0,1,1,1,6.67,LOW
Ekaja Saran,6,1,0,1,1,1,6.67,LOW
Karan Sathe,6,1,0,1,1,1,6.67,LOW
Tamanna Ghosh,6,1,0,1,1,1,6.67,LOW
Maya Konda,6,1,0,1,1,1,6.67,LOW
Yatin Ghosh,6,1,0,1,1,1,6.67,LOW
Unni Narayanan,6,1,0,1,1,1,6.67,LOW
Chanchal Kant,6,1,0,1,1,1,6.67,LOW
Elijah Shere,6,1,0,1,1,1,6.67,LOW
Yashvi Baral,6,1,0,1,1,1,6.67,LOW
Rajata Chanda,6,1,0,1,1,1,6.67,LOW
Janya Bahri,6,1,0,1,1,1,6.67,LOW
Veda Sampath,6,1,0,1,1,1,6.67,LOW
Jonathan Mallick,6,1,0,1,1,1,6.67,LOW
Sanya Tella,6,1,0,1,1,1,6.67,LOW
Brijesh Mishra,6,1,0,1,1,1,6.67,LOW
Harsh Konda,6,1,0,1,1,1,6.67,LOW
Gavin Handa,6,1,0,1,1,1,6.67,LOW
Oviya Sidhu,6,1,0,1,1,1,6.67,LOW
Jeremiah Rastogi,6,1,0,1,1,1,6.67,LOW
Nakul Yogi,6,1,0,1,1,1,6.67,LOW
Logan Pathak,6,1,0,1,1,1,6.67,LOW
Zashil Sama,6,1,0,1,1,1,6.67,LOW
Dhriti Goel,6,1,0,1,1,1,6.67,LOW
Leena Bera,6,1,0,1,1,1,6.67,LOW
Kashish Brahmbhatt,6,1,0,1,1,1,6.67,LOW
Alexander Jayaraman,6,1,0,1,1,1,6.67,LOW
Jasmit Gola,6,1,0,1,1,1,6.67,LOW
Yash Ramaswamy,6,1,0,1,1,1,6.67,LOW
Manbir Nori,6,1,0,1,1,1,6.67,LOW
Patrick Yadav,6,1,0,1,1,1,6.67,LOW
Anusha Grover,6,1,0,1,1,1,6.67,LOW
Yagnesh Parekh,6,1,0,1,1,1,6.67,LOW
Urmi Khatri,6,1,0,1,1,1,6.67,LOW
Wahab Loke,6,1,0,1,1,1,6.67,LOW
Ekalinga Walla,6,1,0,1,1,1,6.67,LOW
Jagat Krishnan,6,1,0,1,1,1,6.67,LOW
Rishi Dutt,6,1,0,1,1,1,6.67,LOW
Warjas Puri,6,1,0,1,1,1,6.67,LOW
Meera Dhaliwal,6,1,0,1,1,1,6.67,LOW
Avni Vora,6,1,0,1,1,1,6.67,LOW
Aryan Wali,6,1,0,1,1,1,6.67,LOW
Maya Mukherjee,6,1,0,1,1,1,6.67,LOW
Champak Nagi,6,1,0,1,1,1,6.67,LOW
Aahana Virk,6,1,0,1,1,1,6.67,LOW
Yatan Sidhu,6,1,0,1,1,1,6.67,LOW
Nirja Sur,6,1,0,1,1,1,6.67,LOW
Max Madan,6,1,0,1,1,1,6.67,LOW
Nachiket Brar,6,1,0,1,1,1,6.67,LOW
Upadhriti Karan,6,1,0,1,1,1,6.67,LOW
Hiral Chaudry,6,1,0,1,1,1,6.67,LOW
Hardik Basu,6,1,0,1,1,1,6.67,LOW
Bhavna Nazareth,6,1,0,1,1,1,6.67,LOW
Shaurya Cheema,6,1,0,1,1,1,6.67,LOW
Megha Chander,6,1,0,1,1,1,6.67,LOW
Kamya Banerjee,6,1,0,1,1,1,6.67,LOW
Isaac Narasimhan,6,1,0,1,1,1,6.67,LOW
Zaid Shetty,6,1,0,1,1,1,6.67,LOW
Mitali Choudhry,6,1,0,1,1,1,6.67,LOW
Aarav Ramaswamy,6,1,0,1,1,1,6.67,LOW
Januja Bandi,6,1,0,1,1,1,6.67,LOW
Veer Date,6,1,0,1,1,1,6.67,LOW
Advik Sani,6,1,0,1,1,1,6.67,LOW
Urvi Sibal,6,1,0,1,1,1,6.67,LOW
Daksh Chada,6,1,0,1,1,1,6.67,LOW
Devansh Banerjee,6,1,0,1,1,1,6.67,LOW
Lakshit Bhatt,6,1,0,1,1,1,6.67,LOW
Ekapad Maharaj,6,1,0,1,1,1,6.67,LOW
Eshana Kalla,6,1,0,1,1,1,6.67,LOW
Anusha Mital,6,1,0,1,1,1,6.67,LOW
Damyanti Sawhney,6,1,0,1,1,1,6.67,LOW
Ayush Deep,6,1,0,1,1,1,6.67,LOW
Balveer Venkataraman,6,1,0,1,1,1,6.67,LOW
Qabil Ram,6,1,0,1,1,1,6.67,LOW
Hema Baral,6,1,0,1,1,1,6.67,LOW
Hitesh Mistry,6,1,0,1,1,1,6.67,LOW
Imaran Agate,6,1,0,1,1,1,6.67,LOW
Vedant Shenoy,6,1,0,1,1,1,6.67,LOW
Bachittar Yohannan,6,1,0,1,1,1,6.67,LOW
Nakul Thakkar,6,1,0,1,1,1,6.67,LOW
Idika Dara,6,1,0,1,1,1,6.67,LOW
Libni Sidhu,6,1,0,1,1,1,6.67,LOW
Januja Lad,6,1,0,1,1,1,6.67,LOW
Kala Ganesh,6,1,0,1,1,1,6.67,LOW
Fiyaz Hora,6,1,0,1,1,1,6.67,LOW
Naksh Dubey,6,1,0,1,1,1,6.67,LOW
Jasmit Menon,6,1,0,1,1,1,6.67,LOW
Falak Puri,6,1,0,1,1,1,6.67,LOW
Bhavika Varghese,6,1,0,1,1,1,6.67,LOW
Waida Keer,6,1,0,1,1,1,6.67,LOW
Diya Kala,6,1,0,1,1,1,6.67,LOW
Dev Dey,6,1,0,1,1,1,6.67,LOW
Lakshit Chand,6,1,0,1,1,1,6.67,LOW
Unni Chada,6,1,0,1,1,1,6.67,LOW
Wakeeta Badal,6,1,0,1,1,1,6.67,LOW
Ekbal Bhargava,6,1,0,1,1,1,6.67,LOW
Neelima Kanda,6,1,0,1,1,1,6.67,LOW
Amruta Munshi,6,1,0,1,1,1,6.67,LOW
Aadhya Thakkar,6,1,0,1,1,1,6.67,LOW
Zinal Bail,6,1,0,1,1,1,6.67,LOW
Vanya Apte,6,1,0,1,1,1,6.67,LOW
Frado Sule,6,1,0,1,1,1,6.67,LOW
Ekaraj Varughese,6,1,0,1,1,1,6.67,LOW
Umang Kaur,6,1,0,1,1,1,6.67,LOW
Chaitanya Comar,6,1,0,1,1,1,6.67,LOW
Pahal Sheth,6,1,0,1,1,1,6.67,LOW
Chatura Tiwari,6,1,0,1,1,1,6.67,LOW
Orinder Pai,6,1,0,1,1,1,6.67,LOW
Divya Badami,6,1,0,1,1,1,6.67,LOW
William Vasa,6,1,0,1,1,1,6.67,LOW
Aishani Yohannan,6,1,0,1,1,1,6.67,LOW
Onveer Jani,6,1,0,1,1,1,6.67,LOW
Banjeet Prashad,6,1,0,1,1,1,6.67,LOW
Mason Kata,6,1,0,1,1,1,6.67,LOW
Jagrati Luthra,6,1,0,1,1,1,6.67,LOW
Udant Master,6,1,0,1,1,1,6.67,LOW
Raagini Walla,6,1,0,1,1,1,6.67,LOW
Yash Kannan,6,1,0,1,1,1,6.67,LOW
Robert Hayre,6,1,0,1,1,1,6.67,LOW
Wyatt Rajan,6,1,0,1,1,1,6.67,LOW
Ishani Borde,6,1,0,1,1,1,6.67,LOW
Daniel Bhandari,6,1,0,1,1,1,6.67,LOW
Oeshi Guha,6,1,0,1,1,1,6.67,LOW
Yashawini Chaudhary,6,1,0,1,1,1,6.67,LOW
Aadhya Dave,6,1,0,1,1,1,6.67,LOW
Udarsh Tara,6,1,0,1,1,1,6.67,LOW
Bhavani Shetty,6,1,0,1,1,1,6.67,LOW
Vanya Golla,6,1,0,1,1,1,6.67,LOW
Prisha Arya,6,1,0,1,1,1,6.67,LOW
Zayyan Naidu,6,1,0,1,1,1,6.67,LOW
Nakul Badal,6,1,0,1,1,1,6.67,LOW
Urvi Bahl,6,1,0,1,1,1,6.67,LOW
Forum Dara,6,1,0,1,1,1,6.67,LOW
Isaiah Sandhu,6,1,0,1,1,1,6.67,LOW
Onkar Rajagopal,6,1,0,1,1,1,6.67,LOW
Siddharth Handa,6,1,0,1,1,1,6.67,LOW
Unnati Trivedi,6,1,0,1,1,1,6.67,LOW
Ishani Sankar,6,1,0,1,1,1,6.67,LOW
Idika Buch,8,1,0,1,1,0,6.35,LOW
Barkha Deshmukh,6,1,0,1,1,0,4.74,LOW
George Solanki,7,1,0,1,1,0,3.82,LOW
Gopal Shanker,6,1,0,1,1,0,3.47,LOW
Raghav Murthy,7,1,0,1,1,0,3.09,LOW
Yauvani Karan,6,1,0,1,1,0,2.95,LOW
Jagvi Kunda,6,1,0,1,1,0,2.53,LOW
Jack Mani,6,1,0,1,1,0,2.53,LOW
Manya Butala,6,1,0,1,1,0,2.53,LOW
Kalpit Tripathi,9,1,0,1,1,0,2.48,LOW
Onkar Hari,8,1,0,1,1,0,1.71,LOW
Ekbal Bhasin,8,1,0,1,1,0,1.71,LOW
William Prakash,8,1,0,1,1,0,1.71,LOW
Anmol Prabhakar,8,1,0,1,1,0,1.71,LOW
Eshana Lall,8,1,0,1,1,0,1.71,LOW
Teerth Balan,8,1,0,1,1,0,1.71,LOW
Veer Subramaniam,8,1,0,1,1,0,1.71,LOW
Geetika Kamdar,8,1,0,1,1,0,1.71,LOW
Champak Pall,8,1,0,1,1,0,1.71,LOW
Yasti Dhar,8,1,0,1,1,0,1.71,LOW
Watika Mane,8,1,0,1,1,0,1.71,LOW
Yashawini Mann,8,1,0,1,1,0,1.71,LOW
Karan Dubey,8,1,0,1,1,0,1.71,LOW
Veer Misra,8,1,0,1,1,0,1.71,LOW
Gaurav Gupta,8,1,0,1,1,0,1.71,LOW
Ekanta Date,8,1,0,1,1,0,1.71,LOW
Ranveer Sane,8,1,0,1,1,0,1.71,LOW
Fariq Ganesh,8,1,0,1,1,0,1.71,LOW
Luke Sheth,8,1,0,1,1,0,1.71,LOW
Michael Dey,6,1,0,1,1,0,1.68,LOW
Lohit Mallick,8,1,0,1,1,0,1.61,LOW
Aachal Tripathi,8,1,0,1,1,0,1.61,LOW
Jhalak Palla,8,1,0,1,1,0,1.61,LOW
Harsh Balakrishnan,8,1,0,1,1,0,1.61,LOW
Idika D’Alia,8,1,0,1,1,0,1.61,LOW
Kavya Sampath,8,1,0,1,1,0,1.61,LOW
Xalak Khurana,8,1,0,1,1,0,1.61,LOW
Liam Koshy,8,1,0,1,1,0,1.61,LOW
Zaid Varughese,8,1,0,1,1,0,1.61,LOW
Ridhi Boase,8,1,0,1,1,0,1.61,LOW
Nidra Chhabra,8,1,0,1,1,0,1.61,LOW
Jackson Sathe,8,1,0,1,1,0,1.61,LOW
Samar Kala,8,1,0,1,1,0,1.61,LOW
Anjali Dugar,8,1,0,1,1,0,1.61,LOW
Sneha Bahri,8,1,0,1,1,0,1.61,LOW
Lucky Deol,8,1,0,1,1,0,1.61,LOW
Jackson Chanda,8,1,0,1,1,0,1.61,LOW
Udarsh Vasa,8,1,0,1,1,0,1.61,LOW
Ikshita Patel,8,1,0,1,1,0,1.61,LOW
Urmi Nazareth,8,1,0,1,1,0,1.61,LOW
Damyanti Pathak,8,1,0,1,1,0,1.61,LOW
Zaitra Kala,8,1,0,1,1,0,1.61,LOW
Sai Oak,8,1,0,1,1,0,1.61,LOW
Lekha Bobal,8,1,0,1,1,0,1.61,LOW
Rachana Bhatti,8,1,0,1,1,0,1.61,LOW
Ikshita Ram,8,1,0,1,1,0,1.61,LOW
Ekani Kaul,8,1,0,1,1,0,1.61,LOW
Vasudha Kunda,8,1,0,1,1,0,1.61,LOW
Laban Kala,8,1,0,1,1,0,1.61,LOW
Lipika Mani,8,1,0,1,1,0,1.61,LOW
Rajata Lad,8,1,0,1,1,0,1.61,LOW
Arya Rout,8,1,0,1,1,0,1.61,LOW
Indira Handa,8,1,0,1,1,0,1.61,LOW
Gavin Aggarwal,8,1,0,1,1,0,1.61,LOW
Daksha Mangat,8,1,0,1,1,0,1.61,LOW
Anmol Ram,8,1,0,1,1,0,1.61,LOW
Aayush Chander,8,1,0,1,1,0,1.61,LOW
Tejas Dar,8,1,0,1,1,0,1.61,LOW
Lajita Chatterjee,8,1,0,1,1,0,1.61,LOW
Nidra Thakkar,8,1,0,1,1,0,1.61,LOW
Nirja Pandya,8,1,0,1,1,0,1.61,LOW
Frado Lad,8,1,0,1,1,0,1.61,LOW
Zehaan Mangal,8,1,0,1,1,0,1.61,LOW
Varenya Wason,8,1,0,1,1,0,1.61,LOW
Bhavani Sahni,8,1,0,1,1,0,1.61,LOW
Thomas Tank,8,1,0,1,1,0,1.61,LOW
Ekani Lad,8,1,0,1,1,0,1.61,LOW
Krishna Dubey,8,1,0,1,1,0,1.61,LOW
Abeer Sant,8,1,0,1,1,0,1.61,LOW
Finn Mistry,7,1,0,1,1,0,0.87,LOW
Pranit Kaul,7,1,0,1,1,0,0.87,LOW
Ishita Gole,7,1,0,1,1,0,0.87,LOW
Ikbal Mani,7,1,0,1,1,0,0.87,LOW
Damyanti Loyal,7,1,0,1,1,0,0.87,LOW
Megha Padmanabhan,7,1,0,1,1,0,0.87,LOW
Omaja Sarna,7,1,0,1,1,0,0.87,LOW
Samesh Pathak,7,1,0,1,1,0,0.87,LOW
Falak Ghosh,7,1,0,1,1,0,0.87,LOW
Christopher Mand,7,1,0,1,1,0,0.87,LOW
Pavani Rana,7,1,0,1,1,0,0.87,LOW
Nitara Bora,7,1,0,1,1,0,0.87,LOW
Harish Misra,7,1,0,1,1,0,0.87,LOW
Karan Korpal,7,1,0,1,1,0,0.87,LOW
Brinda Kashyap,7,1,0,1,1,0,0.87,LOW
Darpan Dugal,7,1,0,1,1,0,0.87,LOW
Vincent Bhat,7,1,0,1,1,0,0.87,LOW
Ijaya Cheema,7,1,0,1,1,0,0.87,LOW
Zansi Rama,7,1,0,1,1,0,0.87,LOW
Yagnesh Thaker,7,1,0,1,1,0,0.87,LOW
Upkaar Prakash,7,1,0,1,1,0,0.87,LOW
Pushti Iyengar,7,1,0,1,1,0,0.87,LOW
Alexander Dugar,7,1,0,1,1,0,0.87,LOW
Kevin Jhaveri,7,1,0,1,1,0,0.87,LOW
Gautam Sharma,7,1,0,1,1,0,0.87,LOW
Ojasvi Shanker,7,1,0,1,1,0,0.87,LOW
Kashish Thakur,7,1,0,1,1,0,0.87,LOW
Ladli Gopal,7,1,0,1,1,0,0.87,LOW
Krish Butala,7,1,0,1,1,0,0.87,LOW
Umang Nazareth,7,1,0,1,1,0,0.87,LOW
Baljiwan Jayaraman,7,1,0,1,1,0,0.87,LOW
David Kala,7,1,0,1,1,0,0.87,LOW
Janani Vohra,7,1,0,1,1,0,0.87,LOW
Warhi Batta,7,1,0,1,1,0,0.87,LOW
Vritti Narang,7,1,0,1,1,0,0.87,LOW
Anthony Korpal,7,1,0,1,1,0,0.87,LOW
Gaurika Wagle,7,1,0,1,1,0,0.87,LOW
Janani Dewan,7,1,0,1,1,0,0.87,LOW
Vedant Khare,7,1,0,1,1,0,0.87,LOW
Janani Morar,7,1,0,1,1,0,0.87,LOW
Watika Chatterjee,7,1,0,1,1,0,0.87,LOW
Vedhika Mohanty,7,1,0,1,1,0,0.87,LOW
Arin Sawhney,7,1,0,1,1,0,0.87,LOW
Upma Banerjee,7,1,0,1,1,0,0.87,LOW
Harita Mann,7,1,0,1,1,0,0.87,LOW
Mahika Bora,7,1,0,1,1,0,0.87,LOW
Hemal Goda,7,1,0,1,1,0,0.87,LOW
Faraj Apte,7,1,0,1,1,0,0.87,LOW
Nathan Mukherjee,7,1,0,1,1,0,0.87,LOW
Lipika Pandit,7,1,0,1,1,0,0.87,LOW
Omisha Karnik,7,1,0,1,1,0,0.87,LOW
Unni Ram,7,1,0,1,1,0,0.87,LOW
Niharika Gopal,7,1,0,1,1,0,0.87,LOW
Vivaan Lanka,7,1,0,1,1,0,0.87,LOW
Eesha Comar,7,1,0,1,1,0,0.87,LOW
Aryan Thakur,7,1,0,1,1,0,0.87,LOW
Xiti Thaman,7,1,0,1,1,0,0.87,LOW
Ekansh Kaur,7,1,0,1,1,0,0.87,LOW
Bishakha Dora,7,1,0,1,1,0,0.87,LOW
Darika Sehgal,7,1,0,1,1,0,0.87,LOW
Brinda Lala,7,1,0,1,1,0,0.87,LOW
Deepa Keer,7,1,0,1,1,0,0.87,LOW
Yug Mody,7,1,0,1,1,0,0.87,LOW
Aryan Prasad,7,1,0,1,1,0,0.87,LOW
Sai Ramaswamy,7,1,0,1,1,0,0.87,LOW
Siya Pant,7,1,0,1,1,0,0.87,LOW
Brinda Chowdhury,7,1,0,1,1,0,0.87,LOW
Leela Chander,7,1,0,1,1,0,0.87,LOW
Matthew Dara,7,1,0,1,1,0,0.87,LOW
Raksha Kannan,7,1,0,1,1,0,0.87,LOW
Lajita Trivedi,7,1,0,1,1,0,0.87,LOW
Gaurang Seth,7,1,0,1,1,0,0.87,LOW
Mitesh Patla,7,1,0,1,1,0,0.87,LOW
Barkha Kohli,7,1,0,1,1,0,0.87,LOW
Diya Deol,7,1,0,1,1,0,0.87,LOW
Quincy Vyas,7,1,0,1,1,0,0.87,LOW
Upma Lalla,7,1,0,1,1,0,0.87,LOW
Ayushman Barad,7,1,0,1,1,0,0.87,LOW
Amrita Khurana,7,1,0,1,1,0,0.87,LOW
Girindra Ghose,7,1,0,1,1,0,0.87,LOW
Jagat Wali,7,1,0,1,1,0,0.87,LOW
Tanish Sachdeva,7,1,0,1,1,0,0.87,LOW
Jagvi Tailor,7,1,0,1,1,0,0.87,LOW
Yadavi Mishra,7,1,0,1,1,0,0.87,LOW
Laban Reddy,7,1,0,1,1,0,0.87,LOW
Gaurav Sheth,7,1,0,1,1,0,0.87,LOW
Mugdha Arora,7,1,0,1,1,0,0.87,LOW
Divya Bhakta,7,1,0,1,1,0,0.87,LOW
Inaya Chaudhari,7,1,0,1,1,0,0.87,LOW
Hitesh Hans,7,1,0,1,1,0,0.87,LOW
Shaurya Sama,7,1,0,1,1,0,0.87,LOW
Gayathri Mohan,7,1,0,1,1,0,0.87,LOW
Yoshita Hayre,7,1,0,1,1,0,0.87,LOW
Anmol Tank,7,1,0,1,1,0,0.87,LOW
Kabir Bath,7,1,0,1,1,0,0.87,LOW
Hritik Purohit,7,1,0,1,1,0,0.87,LOW
Rachit Gola,7,1,0,1,1,0,0.87,LOW
Harish Gola,7,1,0,1,1,0,0.87,LOW
Samaksh Bose,7,1,0,1,1,0,0.87,LOW
Krishna Mukhopadhyay,7,1,0,1,1,0,0.87,LOW
Tara Balasubramanian,7,1,0,1,1,0,0.87,LOW
Waida Kari,7,1,0,1,1,0,0.87,LOW
Nitara Oza,7,1,0,1,1,0,0.87,LOW
Chameli Mani,7,1,0,1,1,0,0.87,LOW
Krishna Ganguly,7,1,0,1,1,0,0.87,LOW
Eta Vyas,7,1,0,1,1,0,0.87,LOW
Hritik Chada,7,1,0,1,1,0,0.87,LOW
Janaki Wadhwa,7,1,0,1,1,0,0.87,LOW
Osha Gour,7,1,0,1,1,0,0.87,LOW
Harini Kothari,7,1,0,1,1,0,0.87,LOW
Harinakshi Chada,7,1,0,1,1,0,0.87,LOW
Faris Tiwari,7,1,0,1,1,0,0.87,LOW
Parth Sarkar,7,1,0,1,1,0,0.87,LOW
Jeevika Ravi,7,1,0,1,1,0,0.87,LOW
Anay Taneja,7,1,0,1,1,0,0.87,LOW
Kamya Banik,7,1,0,1,1,0,0.87,LOW
Qabil Setty,7,1,0,1,1,0,0.87,LOW
Ladli Behl,7,1,0,1,1,0,0.87,LOW
Libni Bahl,7,1,0,1,1,0,0.87,LOW
Ekaja Uppal,7,1,0,1,1,0,0.87,LOW
Sai Parmar,7,1,0,1,1,0,0.87,LOW
Yashodhara Ganesan,7,1,0,1,1,0,0.87,LOW
Daksha Borra,7,1,0,1,1,0,0.87,LOW
Rishi Guha,7,1,0,1,1,0,0.87,LOW
Anya Hegde,7,1,0,1,1,0,0.87,LOW
Rachita Srivastava,7,1,0,1,1,0,0.87,LOW
Abhiram Kumer,7,1,0,1,1,0,0.87,LOW
Maya Keer,7,1,0,1,1,0,0.87,LOW
Ojasvi Pall,7,1,0,1,1,0,0.87,LOW
Gagan Grewal,7,1,0,1,1,0,0.87,LOW
Niharika Buch,7,1,0,1,1,0,0.87,LOW
Caleb Verma,7,1,0,1,1,0,0.87,LOW
Zaitra Rattan,7,1,0,1,1,0,0.87,LOW
Utkarsh Sura,7,1,0,1,1,0,0.87,LOW
Timothy Bahri,7,1,0,1,1,0,0.87,LOW
Aashi Chada,7,1,0,1,1,0,0.87,LOW
Jacob Gala,7,1,0,1,1,0,0.87,LOW
Zinal Gokhale,7,1,0,1,1,0,0.87,LOW
Ganga Mannan,7,1,0,1,1,0,0.87,LOW
Ayush Dhillon,7,1,0,1,1,0,0.87,LOW
Dayamai Vaidya,7,1,0,1,1,0,0.87,LOW
Nisha Chauhan,7,1,0,1,1,0,0.87,LOW
Udarsh Arora,7,1,0,1,1,0,0.87,LOW
Neha Gulati,7,1,0,1,1,0,0.87,LOW
Laksh Deol,7,1,0,1,1,0,0.87,LOW
Nakul Ganguly,7,1,0,1,1,0,0.87,LOW
Keya Chada,7,1,0,1,1,0,0.87,LOW
Ishani Magar,7,1,0,1,1,0,0.87,LOW
Veda Chopra,7,1,0,1,1,0,0.87,LOW
Suhani Gupta,7,1,0,1,1,0,0.87,LOW
George Wali,7,1,0,1,1,0,0.87,LOW
Lucky Rai,7,1,0,1,1,0,0.87,LOW
Abha Gara,7,1,0,1,1,0,0.87,LOW
Manan Mallick,7,1,0,1,1,0,0.87,LOW
Veda Shroff,7,1,0,1,1,0,0.87,LOW
Mitali Buch,7,1,0,1,1,0,0.87,LOW
Maanas Kar,7,1,0,1,1,0,0.87,LOW
Eiravati Upadhyay,7,1,0,1,1,0,0.87,LOW
Bhavani Ganesan,7,1,0,1,1,0,0.87,LOW
Vivaan Nath,7,1,0,1,1,0,0.87,LOW
Aditya Garde,7,1,0,1,1,0,0.87,LOW
Charan Sinha,7,1,0,1,1,0,0.87,LOW
Gunbir Om,7,1,0,1,1,0,0.87,LOW
Ekaja Agate,7,1,0,1,1,0,0.87,LOW
Dipta Kalla,7,1,0,1,1,0,0.87,LOW
Christopher Garde,7,1,0,1,1,0,0.87,LOW
Barkha Natt,7,1,0,1,1,0,0.87,LOW
Yatin Madan,7,1,0,1,1,0,0.87,LOW
Isha Oza,7,1,0,1,1,0,0.87,LOW
Anvi Hegde,7,1,0,1,1,0,0.87,LOW
Farhan Misra,7,1,0,1,1,0,0.87,LOW
Yuvraj Mistry,7,1,0,1,1,0,0.87,LOW
Neel Narasimhan,7,1,0,1,1,0,0.87,LOW
Eshana Swaminathan,7,1,0,1,1,0,0.87,LOW
Nidra Raja,7,1,0,1,1,0,0.87,LOW
Yashodhara Ramanathan,7,1,0,1,1,0,0.87,LOW
Hemang Madan,7,1,0,1,1,0,0.87,LOW
Max Rai,7,1,0,1,1,0,0.87,LOW
Max Sule,7,1,0,1,1,0,0.87,LOW
Pratyush Kunda,7,1,0,1,1,0,0.87,LOW
Theodore Morar,7,1,0,1,1,0,0.87,LOW
Triveni Rout,7,1,0,1,1,0,0.87,LOW
Kashish Walia,7,1,0,1,1,0,0.87,LOW
William Gandhi,7,1,0,1,1,0,0.87,LOW
Faqid Dugar,7,1,0,1,1,0,0.87,LOW
Ayush Parmer,7,1,0,1,1,0,0.87,LOW
Hema Sandal,7,1,0,1,1,0,0.87,LOW
Megha Sankaran,7,1,0,1,1,0,0.87,LOW
Tarak Buch,7,1,0,1,1,0,0.87,LOW
Tamanna Aggarwal,7,1,0,1,1,0,0.87,LOW
Harini Gandhi,7,1,0,1,1,0,0.87,LOW
Tanay Dugar,7,1,0,1,1,0,0.87,LOW
Harita Chhabra,7,1,0,1,1,0,0.87,LOW
Amol Arya,7,1,0,1,1,0,0.87,LOW
Rehaan Narain,7,1,0,1,1,0,0.87,LOW
William Goda,7,1,0,1,1,0,0.87,LOW
Kevin Bali,7,1,0,1,1,0,0.87,LOW
Wyatt Kannan,7,1,0,1,1,0,0.77,LOW
Pranav Sankaran,7,1,0,1,1,0,0.77,LOW
Raagini Nagi,7,1,0,1,1,0,0.77,LOW
Charan Mall,7,1,0,1,1,0,0.77,LOW
Yatin Rana,7,1,0,1,1,0,0.77,LOW
Wridesh Sami,7,1,0,1,1,0,0.77,LOW
Henry Jha,7,1,0,1,1,0,0.77,LOW
Yagnesh Ramaswamy,7,1,0,1,1,0,0.77,LOW
Xavier Gill,7,1,0,1,1,0,0.77,LOW
Ekanta Madan,7,1,0,1,1,0,0.77,LOW
Gagan Narula,7,1,0,1,1,0,0.77,LOW
Anthony Garde,7,1,0,1,1,0,0.77,LOW
Liam Pal,7,1,0,1,1,0,0.77,LOW
Anmol Iyer,7,1,0,1,1,0,0.77,LOW
Yadavi Om,7,1,0,1,1,0,0.77,LOW
Faris Pandey,7,1,0,1,1,0,0.77,LOW
Libni Prasad,7,1,0,1,1,0,0.77,LOW
Maanas Bhandari,7,1,0,1,1,0,0.77,LOW
Aishani Mallick,7,1,0,1,1,0,0.77,LOW
Bahadurjit Mangat,7,1,0,1,1,0,0.77,LOW
Madhavi Mutti,7,1,0,1,1,0,0.77,LOW
Advaith Tripathi,7,1,0,1,1,0,0.77,LOW
Henry Shukla,7,1,0,1,1,0,0.77,LOW
Charvi Anand,7,1,0,1,1,0,0.77,LOW
Oscar Yogi,7,1,0,1,1,0,0.77,LOW
Zashil Barad,7,1,0,1,1,0,0.77,LOW
Akshay Chandra,7,1,0,1,1,0,0.77,LOW
Nihal Bhasin,7,1,0,1,1,0,0.77,LOW
Aradhana Vora,7,1,0,1,1,0,0.77,LOW
Urishilla Sachar,7,1,0,1,1,0,0.77,LOW
Utkarsh Choudhry,7,1,0,1,1,0,0.77,LOW
Priya Muni,7,1,0,1,1,0,0.77,LOW
Ekalinga Narula,7,1,0,1,1,0,0.77,LOW
Devika Rastogi,7,1,0,1,1,0,0.77,LOW
Ekalinga Prashad,7,1,0,1,1,0,0.77,LOW
Vidhi Sagar,7,1,0,1,1,0,0.77,LOW
Alka Mann,7,1,0,1,1,0,0.77,LOW
Vasana Konda,7,1,0,1,1,0,0.77,LOW
Yauvani Viswanathan,7,1,0,1,1,0,0.77,LOW
Vasudha Loke,7,1,0,1,1,0,0.77,LOW
Joshua Kapadia,7,1,0,1,1,0,0.77,LOW
Sathvik Jaggi,7,1,0,1,1,0,0.77,LOW
Zaitra Chakrabarti,7,1,0,1,1,0,0.77,LOW
Samesh Gade,7,1,0,1,1,0,0.77,LOW
Samuel Rastogi,7,1,0,1,1,0,0.77,LOW
Yagnesh Puri,7,1,0,1,1,0,0.77,LOW
Fariq Memon,7,1,0,1,1,0,0.77,LOW
Dhruv Thakur,7,1,0,1,1,0,0.77,LOW
Qadim Gola,7,1,0,1,1,0,0.77,LOW
Praneel Date,7,1,0,1,1,0,0.77,LOW
Eesha Singhal,7,1,0,1,1,0,0.77,LOW
Jasmit Ramanathan,7,1,0,1,1,0,0.77,LOW
Fariq Acharya,7,1,0,1,1,0,0.77,LOW
Rehaan Lad,7,1,0,1,1,0,0.77,LOW
Udarsh Sarkar,7,1,0,1,1,0,0.77,LOW
Bishakha Divan,7,1,0,1,1,0,0.77,LOW
Ekbal Dubey,7,1,0,1,1,0,0.77,LOW
Jason Chaudhry,7,1,0,1,1,0,0.77,LOW
Darsh Virk,7,1,0,1,1,0,0.77,LOW
Aachal Prakash,7,1,0,1,1,0,0.77,LOW
Xavier Cheema,7,1,0,1,1,0,0.77,LOW
Aayush Tiwari,7,1,0,1,1,0,0.77,LOW
Laksh Munshi,7,1,0,1,1,0,0.77,LOW
Akshay Saraf,7,1,0,1,1,0,0.77,LOW
Urishilla Pillai,7,1,0,1,1,0,0.77,LOW
Victor Bhat,7,1,0,1,1,0,0.77,LOW
Gayathri Anne,7,1,0,1,1,0,0.77,LOW
Samar Sastry,7,1,0,1,1,0,0.77,LOW
Lekha Nigam,7,1,0,1,1,0,0.77,LOW
Varsha Dhar,7,1,0,1,1,0,0.77,LOW
Samesh Swamy,7,1,0,1,1,0,0.77,LOW
Lohit Singhal,7,1,0,1,1,0,0.77,LOW
Nilima Bhat,7,1,0,1,1,0,0.77,LOW
Ishwar Luthra,7,1,0,1,1,0,0.77,LOW
Riya Hayre,7,1,0,1,1,0,0.77,LOW
Raagini Khosla,7,1,0,1,1,0,0.77,LOW
Krisha Barad,7,1,0,1,1,0,0.77,LOW
Rishi Wason,7,1,0,1,1,0,0.77,LOW
Dhruv Nadig,7,1,0,1,1,0,0.77,LOW
Saumya Rege,7,1,0,1,1,0,0.77,LOW
Yoshita Buch,7,1,0,1,1,0,0.77,LOW
Ayush Misra,7,1,0,1,1,0,0.77,LOW
Anirudh Gole,7,1,0,1,1,0,0.77,LOW
Unni Sahota,7,1,0,1,1,0,0.77,LOW
Nitesh Ramesh,7,1,0,1,1,0,0.77,LOW
Divya Shah,7,1,0,1,1,0,0.77,LOW
Jatin Pillay,7,1,0,1,1,0,0.77,LOW
Ojasvi Choudhry,7,1,0,1,1,0,0.77,LOW
Krishna Karan,7,1,0,1,1,0,0.77,LOW
Sai Panchal,7,1,0,1,1,0,0.77,LOW
David Verma,7,1,0,1,1,0,0.77,LOW
Meghana Deol,7,1,0,1,1,0,0.77,LOW
Girik Palla,7,1,0,1,1,0,0.77,LOW
Lila Dass,7,1,0,1,1,0,0.77,LOW
Veda Memon,7,1,0,1,1,0,0.77,LOW
Advaith Parikh,7,1,0,1,1,0,0.77,LOW
Yasti Venkataraman,7,1,0,1,1,0,0.77,LOW
Vincent Sagar,7,1,0,1,1,0,0.77,LOW
Ishaan Ray,7,1,0,1,1,0,0.77,LOW
Ishwar Lad,7,1,0,1,1,0,0.77,LOW
Hema Taneja,7,1,0,1,1,0,0.77,LOW
Maanav Naik,7,1,0,1,1,0,0.77,LOW
Aarav Mani,7,1,0,1,1,0,0.77,LOW
Atharv Majumdar,7,1,0,1,1,0,0.77,LOW
Ekani Vyas,7,1,0,1,1,0,0.77,LOW
Irya Kaur,7,1,0,1,1,0,0.77,LOW
Tanvi Chada,7,1,0,1,1,0,0.77,LOW
Rajeshri Ranganathan,7,1,0,1,1,0,0.77,LOW
Abha Ben,7,1,0,1,1,0,0.77,LOW
Wyatt Thaman,7,1,0,1,1,0,0.77,LOW
Ayushman Gill,7,1,0,1,1,0,0.77,LOW
Rudra Vala,7,1,0,1,1,0,0.77,LOW
Yadavi Dayal,7,1,0,1,1,0,0.77,LOW
Jackson Sanghvi,7,1,0,1,1,0,0.77,LOW
Logan Kamdar,7,1,0,1,1,0,0.77,LOW
Triya Keer,7,1,0,1,1,0,0.77,LOW
Jyoti Chokshi,7,1,0,1,1,0,0.77,LOW
Amrita Toor,7,1,0,1,1,0,0.77,LOW
Rishi Panchal,7,1,0,1,1,0,0.77,LOW
Omya Mani,7,1,0,1,1,0,0.77,LOW
Ethan Bajwa,7,1,0,1,1,0,0.77,LOW
Pranit Dhar,7,1,0,1,1,0,0.77,LOW
Abha Madan,7,1,0,1,1,0,0.77,LOW
Rohan Kamdar,7,1,0,1,1,0,0.77,LOW
Bahadurjit Sabharwal,7,1,0,1,1,0,0.77,LOW
Anthony Wason,7,1,0,1,1,0,0.77,LOW
Andrew Goswami,7,1,0,1,1,0,0.77,LOW
Krishna Dalal,7,1,0,1,1,0,0.77,LOW
Madhavi Madan,7,1,0,1,1,0,0.77,LOW
Amaira Krish,7,1,0,1,1,0,0.77,LOW
Omkaar Vora,7,1,0,1,1,0,0.77,LOW
Aadi Srivastava,7,1,0,1,1,0,0.77,LOW
Mohammed Kari,7,1,0,1,1,0,0.77,LOW
Vedhika Pant,7,1,0,1,1,0,0.77,LOW
Neha Rama,7,1,0,1,1,0,0.77,LOW
Ojas Menon,7,1,0,1,1,0,0.77,LOW
Chatresh Ramachandran,7,1,0,1,1,0,0.77,LOW
Yagnesh Chaudhari,7,1,0,1,1,0,0.77,LOW
Chaitanya Basak,7,1,0,1,1,0,0.77,LOW
Gautami Nayak,7,1,0,1,1,0,0.77,LOW
Chatresh Khanna,7,1,0,1,1,0,0.77,LOW
Naksh Sawhney,7,1,0,1,1,0,0.77,LOW
Rudra Sawhney,7,1,0,1,1,0,0.77,LOW
Hemang Pillay,7,1,0,1,1,0,0.77,LOW
Falguni Dash,7,1,0,1,1,0,0.77,LOW
Ganga Natt,7,1,0,1,1,0,0.77,LOW
Isha Kalita,7,1,0,1,1,0,0.77,LOW
Imaran Khatri,7,1,0,1,1,0,0.77,LOW
Gayathri Thakkar,7,1,0,1,1,0,0.77,LOW
Baghyawati Arora,7,1,0,1,1,0,0.77,LOW
Anita Sama,7,1,0,1,1,0,0.77,LOW
Urvashi Keer,7,1,0,1,1,0,0.77,LOW
Indali Rege,7,1,0,1,1,0,0.77,LOW
Luke Sachar,7,1,0,1,1,0,0.77,LOW
Azad Tripathi,7,1,0,1,1,0,0.77,LOW
Tanay Subramanian,7,1,0,1,1,0,0.77,LOW
Sai Patil,7,1,0,1,1,0,0.77,LOW
Gautami Comar,7,1,0,1,1,0,0.77,LOW
Nitara Datta,7,1,0,1,1,0,0.77,LOW
Dominic Dhawan,7,1,0,1,1,0,0.77,LOW
Pushti Nayar,7,1,0,1,1,0,0.77,LOW
Vrishti Ray,7,1,0,1,1,0,0.77,LOW
Radhika Lad,7,1,0,1,1,0,0.77,LOW
Nikita Tata,7,1,0,1,1,0,0.77,LOW
Chandresh Dua,7,1,0,1,1,0,0.77,LOW
Isaac Chacko,7,1,0,1,1,0,0.77,LOW
Yahvi Rau,7,1,0,1,1,0,0.77,LOW
Jack Nigam,7,1,0,1,1,0,0.77,LOW
Ishwar Saran,7,1,0,1,1,0,0.77,LOW
Hemal Yogi,7,1,0,1,1,0,0.77,LOW
Ladli Kalla,7,1,0,1,1,0,0.77,LOW
Unni Baria,7,1,0,1,1,0,0.77,LOW
Baghyawati Nagy,7,1,0,1,1,0,0.77,LOW
Vasudha Bobal,7,1,0,1,1,0,0.77,LOW
Jack Natt,7,1,0,1,1,0,0.77,LOW
Eshana Mitter,7,1,0,1,1,0,0.77,LOW
Warhi Grewal,7,1,0,1,1,0,0.77,LOW
Januja Dora,7,1,0,1,1,0,0.77,LOW
Ekaja Narula,7,1,0,1,1,0,0.77,LOW
Bakhshi Madan,7,1,0,1,1,0,0.77,LOW
Chaitaly Dhar,7,1,0,1,1,0,0.77,LOW
Patrick Talwar,7,1,0,1,1,0,0.77,LOW
Pranav Sahni,7,1,0,1,1,0,0.77,LOW
Amruta Vala,7,1,0,1,1,0,0.77,LOW
Hritik Taneja,7,1,0,1,1,0,0.77,LOW
Jyoti Vasa,7,1,0,1,1,0,0.77,LOW
Arunima Goda,7,1,0,1,1,0,0.77,LOW
Yahvi Dora,7,1,0,1,1,0,0.77,LOW
Harshil Saha,7,1,0,1,1,0,0.77,LOW
Tanmayi Yadav,7,1,0,1,1,0,0.77,LOW
Reyansh Sur,7,1,0,1,1,0,0.77,LOW
Maanas Pall,7,1,0,1,1,0,0.77,LOW
Zayyan Dhar,7,1,0,1,1,0,0.77,LOW
Kala Lad,7,1,0,1,1,0,0.77,LOW
Priya Ramaswamy,7,1,0,1,1,0,0.77,LOW
Aarini Mahajan,7,1,0,1,1,0,0.77,LOW
Dalbir Parekh,7,1,0,1,1,0,0.77,LOW
Amara Tella,7,1,0,1,1,0,0.77,LOW
Lajita Shere,7,1,0,1,1,0,0.77,LOW
Yashoda Dhaliwal,7,1,0,1,1,0,0.77,LOW
Chaman Anne,7,1,0,1,1,0,0.77,LOW
Ansh Raju,7,1,0,1,1,0,0.77,LOW
Warjas Samra,7,1,0,1,1,0,0.77,LOW
Anika Sahni,7,1,0,1,1,0,0.77,LOW
Gavin Panchal,7,1,0,1,1,0,0.77,LOW
Veer Issac,7,1,0,1,1,0,0.77,LOW
Dayita Palan,7,1,0,1,1,0,0.77,LOW
Yasti Muni,7,1,0,1,1,0,0.77,LOW
Anvi Bhalla,7,1,0,1,1,0,0.77,LOW
Urmi Munshi,7,1,0,1,1,0,0.77,LOW
Dalaja Maharaj,7,1,0,1,1,0,0.77,LOW
Aryan Nadig,7,1,0,1,1,0,0.77,LOW
Aadhya Ahuja,7,1,0,1,1,0,0.77,LOW
Ucchal Thaker,7,1,0,1,1,0,0.77,LOW
Vinaya Natarajan,7,1,0,1,1,0,0.77,LOW
Saanvi Malhotra,7,1,0,1,1,0,0.77,LOW
Nihal Bhatia,7,1,0,1,1,0,0.77,LOW
Darika Sheth,7,1,0,1,1,0,0.77,LOW
Irya Kurian,7,1,0,1,1,0,0.77,LOW
Anmol Aurora,7,1,0,1,1,0,0.77,LOW
Eshana Sanghvi,7,1,0,1,1,0,0.77,LOW
Siya Kala,7,1,0,1,1,0,0.77,LOW
Peter Sinha,7,1,0,1,1,0,0.77,LOW
Urishilla Mahal,7,1,0,1,1,0,0.77,LOW
Upkaar Vaidya,7,1,0,1,1,0,0.77,LOW
Brijesh Dugar,7,1,0,1,1,0,0.77,LOW
Jackson Sundaram,7,1,0,1,1,0,0.77,LOW
Vedant Raj,7,1,0,1,1,0,0.77,LOW
Dalbir Muni,7,1,0,1,1,0,0.77,LOW
Anusha Sama,7,1,0,1,1,0,0.77,LOW
Bina Choudhary,7,1,0,1,1,0,0.77,LOW
Chaaya Sachar,7,1,0,1,1,0,0.77,LOW
Sathvik Solanki,7,1,0,1,1,0,0.77,LOW
Janya Andra,7,1,0,1,1,0,0.77,LOW
Xalak Kapadia,7,1,0,1,1,0,0.77,LOW
Jairaj Kothari,7,1,0,1,1,0,0.77,LOW
Anirudh Andra,7,1,0,1,1,0,0.77,LOW
Tripti More,7,1,0,1,1,0,0.77,LOW
Faris Dhingra,7,1,0,1,1,0,0.77,LOW
Kritika Varughese,7,1,0,1,1,0,0.77,LOW
Bhavika Chad,7,1,0,1,1,0,0.77,LOW
Balveer Sundaram,7,1,0,1,1,0,0.77,LOW
Raghav Patel,7,1,0,1,1,0,0.77,LOW
Samesh Butala,7,1,0,1,1,0,0.77,LOW
Yasti Setty,7,1,0,1,1,0,0.77,LOW
Aachal Kapadia,7,1,0,1,1,0,0.77,LOW
Eshana Dhar,7,1,0,1,1,0,0.77,LOW
Vrinda Pradhan,7,1,0,1,1,0,0.77,LOW
Ayaan Borde,7,1,0,1,1,0,0.77,LOW
Kashish Patla,7,1,0,1,1,0,0.77,LOW
Darsh Dhaliwal,7,1,0,1,1,0,0.77,LOW
Dominic Mahal,7,1,0,1,1,0,0.77,LOW
Aarna Deshpande,7,1,0,1,1,0,0.77,LOW
Aadi Din,7,1,0,1,1,0,0.77,LOW
Vedhika Khurana,7,1,0,1,1,0,0.77,LOW
Meera Nadkarni,7,1,0,1,1,0,0.77,LOW
Faqid Mitter,7,1,0,1,1,0,0.77,LOW
Chasmum Ahuja,7,1,0,1,1,0,0.77,LOW
Ekbal Om,7,1,0,1,1,0,0.77,LOW
Ganga Thaman,7,1,0,1,1,0,0.77,LOW
Dev Shankar,7,1,0,1,1,0,0.77,LOW
Ekiya Khosla,7,1,0,1,1,0,0.77,LOW
Jai Singh,7,1,0,1,1,0,0.77,LOW
Amara Chacko,7,1,0,1,1,0,0.77,LOW
Arjun Chanda,7,1,0,1,1,0,0.77,LOW
Ikbal Chacko,7,1,0,1,1,0,0.77,LOW
Omisha Parekh,7,1,0,1,1,0,0.77,LOW
Lekha Roy,7,1,0,1,1,0,0.77,LOW
Akshay Mand,7,1,0,1,1,0,0.77,LOW
Jalsa Sandal,7,1,0,1,1,0,0.77,LOW
Rachit Ghosh,7,1,0,1,1,0,0.77,LOW
Gaurangi Lad,7,1,0,1,1,0,0.77,LOW
Zehaan Dara,7,1,0,1,1,0,0.77,LOW
Odika Kara,7,1,0,1,1,0,0.77,LOW
Praneel Shah,7,1,0,1,1,0,0.77,LOW
Warinder Palla,7,1,0,1,1,0,0.77,LOW
Yamini Lad,7,1,0,1,1,0,0.77,LOW
Zayan More,7,1,0,1,1,0,0.77,LOW
Oviya Sandhu,7,1,0,1,1,0,0.77,LOW
Fariq Bhat,7,1,0,1,1,0,0.77,LOW
Tanay Uppal,7,1,0,1,1,0,0.77,LOW
Zansi Grewal,7,1,0,1,1,0,0.77,LOW
Falguni Chacko,7,1,0,1,1,0,0.77,LOW
Advika Balay,7,1,0,1,1,0,0.77,LOW
Lavanya Bhakta,7,1,0,1,1,0,0.77,LOW
Sudiksha Trivedi,7,1,0,1,1,0,0.77,LOW
Qarin Nadkarni,7,1,0,1,1,0,0.77,LOW
Urishilla Ramesh,7,1,0,1,1,0,0.77,LOW
Jagdish Soman,7,1,0,1,1,0,0.77,LOW
Priya Sidhu,7,1,0,1,1,0,0.77,LOW
Mohammed Ahluwalia,7,1,0,1,1,0,0.77,LOW
Anirudh Rau,7,1,0,1,1,0,0.77,LOW
Maya Dugar,7,1,0,1,1,0,0.77,LOW
Logan Sethi,7,1,0,1,1,0,0.77,LOW
Samuel Dhawan,7,1,0,1,1,0,0.77,LOW
Dev Viswanathan,7,1,0,1,1,0,0.77,LOW
Bachittar Rege,7,1,0,1,1,0,0.77,LOW
Gayathri Contractor,7,1,0,1,1,0,0.77,LOW
Vasana Banerjee,7,1,0,1,1,0,0.77,LOW
Hemang Ramesh,7,1,0,1,1,0,0.77,LOW
Bhavani Mukhopadhyay,7,1,0,1,1,0,0.77,LOW
Kamala Krish,7,1,0,1,1,0,0.77,LOW
Balveer Ramanathan,7,1,0,1,1,0,0.77,LOW
Sneha Patla,7,1,0,1,1,0,0.77,LOW
Rishi Borde,7,1,0,1,1,0,0.77,LOW
Pooja Dara,7,1,0,1,1,0,0.77,LOW
Zaid Bhargava,7,1,0,1,1,0,0.77,LOW
Ekiya Rattan,7,1,0,1,1,0,0.77,LOW
Elijah Chaudhari,7,1,0,1,1,0,0.77,LOW
Pranit Bhasin,7,1,0,1,1,0,0.77,LOW
Rudra Varma,7,1,0,1,1,0,0.77,LOW
Onkar Pathak,7,1,0,1,1,0,0.77,LOW
Jhalak Bhakta,7,1,0,1,1,0,0.77,LOW
Waida Bumb,7,1,0,1,1,0,0.77,LOW
Champak Mani,7,1,0,1,1,0,0.77,LOW
Qadim Ramachandran,7,1,0,1,1,0,0.77,LOW
Xalak Nori,7,1,0,1,1,0,0.77,LOW
Rachita Khanna,7,1,0,1,1,0,0.77,LOW
Pallavi Mody,7,1,0,1,1,0,0.77,LOW
Teerth Soni,7,1,0,1,1,0,0.77,LOW
Bhanumati Rana,7,1,0,1,1,0,0.77,LOW
Chatresh Bhardwaj,7,1,0,1,1,0,0.77,LOW
Mason Bhatia,7,1,0,1,1,0,0.77,LOW
Urvashi Buch,7,1,0,1,1,0,0.77,LOW
Baghyawati Kumar,7,1,0,1,1,0,0.77,LOW
Kritika More,7,1,0,1,1,0,0.77,LOW
Lakshit Soman,7,1,0,1,1,0,0.77,LOW
Anthony Zachariah,7,1,0,1,1,0,0.77,LOW
Qarin Rao,7,1,0,1,1,0,0.77,LOW
Hemang Dora,7,1,0,1,1,0,0.77,LOW
Aachal Sarkar,7,1,0,1,1,0,0.77,LOW
Nirja Rout,7,1,0,1,1,0,0.77,LOW
Ishani Sampath,7,1,0,1,1,0,0.77,LOW
Champak Kata,7,1,0,1,1,0,0.77,LOW
Tristan Pall,7,1,0,1,1,0,0.77,LOW
Ishanvi Bansal,7,1,0,1,1,0,0.77,LOW
Dominic Soni,7,1,0,1,1,0,0.77,LOW
Dominic Dixit,7,1,0,1,1,0,0.77,LOW
Maanav Kaul,7,1,0,1,1,0,0.77,LOW
Chandresh De,7,1,0,1,1,0,0.77,LOW
Ronith Kale,7,1,0,1,1,0,0.77,LOW
Jyoti Murthy,7,1,0,1,1,0,0.77,LOW
Omya Ahuja,7,1,0,1,1,0,0.77,LOW
Ishita Toor,7,1,0,1,1,0,0.77,LOW
Yash Chadha,7,1,0,1,1,0,0.77,LOW
Oliver Dua,7,1,0,1,1,0,0.77,LOW
Nimrat Bajwa,7,1,0,1,1,0,0.77,LOW
Forum Munshi,7,1,0,1,1,0,0.77,LOW
Fariq Bajaj,7,1,0,1,1,0,0.77,LOW
Shravya Bera,7,1,0,1,1,0,0.77,LOW
Jyoti Iyer,7,1,0,1,1,0,0.77,LOW
Indrajit Sastry,7,1,0,1,1,0,0.77,LOW
Akshay Lad,7,1,0,1,1,0,0.77,LOW
Kritika Dasgupta,7,1,0,1,1,0,0.77,LOW
Manbir Lanka,7,1,0,1,1,0,0.77,LOW
Falguni Balan,7,1,0,1,1,0,0.77,LOW
Onkar Mandal,7,1,0,1,1,0,0.77,LOW
Frederick Dube,7,1,0,1,1,0,0.77,LOW
Sudiksha Sura,7,1,0,1,1,0,0.77,LOW
Ridhi Dutta,7,1,0,1,1,0,0.77,LOW
Triveni Shanker,7,1,0,1,1,0,0.77,LOW
Reva Prasad,7,1,0,1,1,0,0.77,LOW
Matthew Dave,7,1,0,1,1,0,0.77,LOW
Naksh Goel,7,1,0,1,1,0,0.77,LOW
Pushti Chakrabarti,7,1,0,1,1,0,0.77,LOW
Ucchal Mangat,7,1,0,1,1,0,0.77,LOW
Ishita Acharya,7,1,0,1,1,0,0.77,LOW
Adweta Choudhury,7,1,0,1,1,0,0.77,LOW
Yutika Pant,7,1,0,1,1,0,0.77,LOW
Shaurya Wason,7,1,0,1,1,0,0.77,LOW
Vasudha Pillay,7,1,0,1,1,0,0.77,LOW
Wazir Taneja,7,1,0,1,1,0,0.77,LOW
Jacob Chawla,7,1,0,1,1,0,0.77,LOW
Nathan Nagarajan,7,1,0,1,1,0,0.77,LOW
Chaaya Bhattacharyya,7,1,0,1,1,0,0.77,LOW
Nicholas Naidu,7,1,0,1,1,0,0.77,LOW
Girik Kurian,7,1,0,1,1,0,0.77,LOW
Vansha Garde,7,1,0,1,1,0,0.77,LOW
Gayathri Sahota,7,1,0,1,1,0,0.77,LOW
Vedhika Golla,7,1,0,1,1,0,0.77,LOW
Matthew Sekhon,7,1,0,1,1,0,0.77,LOW
Lakshmi Brahmbhatt,7,1,0,1,1,0,0.77,LOW
Laban Goda,7,1,0,1,1,0,0.77,LOW
Januja Upadhyay,7,1,0,1,1,0,0.77,LOW
Krishna Kanda,7,1,0,1,1,0,0.77,LOW
Imaran Ratti,7,1,0,1,1,0,0.77,LOW
Ranveer Kumer,7,1,0,1,1,0,0.77,LOW
Urvi Ramanathan,7,1,0,1,1,0,0.77,LOW
Vaishnavi Singh,7,1,0,1,1,0,0.77,LOW
Advik Mani,7,1,0,1,1,0,0.77,LOW
Vamakshi Walia,7,1,0,1,1,0,0.77,LOW
Kashish Suresh,7,1,0,1,1,0,0.77,LOW
Hemal Chad,7,1,0,1,1,0,0.77,LOW
Abdul Saxena,7,1,0,1,1,0,0.77,LOW
Lavanya Divan,7,1,0,1,1,0,0.77,LOW
Ridhi Dixit,7,1,0,1,1,0,0.77,LOW
Keya Goyal,7,1,0,1,1,0,0.77,LOW
Krishna Ahluwalia,7,1,0,1,1,0,0.77,LOW
Amruta Murty,7,1,0,1,1,0,0.77,LOW
Yash Kunda,7,1,0,1,1,0,0.77,LOW
Abhiram Bir,7,1,0,1,1,0,0.77,LOW
Rachit Dhar,7,1,0,1,1,0,0.77,LOW
Zayan Rajagopal,7,1,0,1,1,0,0.77,LOW
Samarth Mohanty,7,1,0,1,1,0,0.77,LOW
Kavya Radhakrishnan,7,1,0,1,1,0,0.77,LOW
Ekantika Thaman,7,1,0,1,1,0,0.77,LOW
Lakshit Raghavan,7,1,0,1,1,0,0.77,LOW
Lohit Krishna,7,1,0,1,1,0,0.77,LOW
Nidra Dani,7,1,0,1,1,0,0.77,LOW
Vamakshi Walla,7,1,0,1,1,0,0.77,LOW
Ojasvi Sen,7,1,0,1,1,0,0.77,LOW
Yahvi Parmer,7,1,0,1,1,0,0.77,LOW
Mitesh Bhagat,7,1,0,1,1,0,0.77,LOW
Noah Oak,7,1,0,1,1,0,0.77,LOW
Fiyaz Mangal,7,1,0,1,1,0,0.77,LOW
Patrick Narasimhan,7,1,0,1,1,0,0.77,LOW
Nandini Uppal,7,1,0,1,1,0,0.77,LOW
Tejas Khalsa,7,1,0,1,1,0,0.77,LOW
Sanaya Sandhu,7,1,0,1,1,0,0.77,LOW
Pratyush Seth,7,1,0,1,1,0,0.77,LOW
Janani Khurana,7,1,0,1,1,0,0.77,LOW
Bhanumati Khatri,7,1,0,1,1,0,0.77,LOW
Nilima Narang,7,1,0,1,1,0,0.77,LOW
Nathaniel Singh,7,1,0,1,1,0,0.77,LOW
Yamini Sibal,7,1,0,1,1,0,0.77,LOW
Anmol Chadha,7,1,0,1,1,0,0.77,LOW
Yash Sarma,7,1,0,1,1,0,0.77,LOW
Naveen Kumer,7,1,0,1,1,0,0.77,LOW
Damyanti Swamy,7,1,0,1,1,0,0.77,LOW
Avi Iyengar,7,1,0,1,1,0,0.77,LOW
Mekhala Jha,7,1,0,1,1,0,0.77,LOW
Charita Dugar,7,1,0,1,1,0,0.77,LOW
Aditya Guha,7,1,0,1,1,0,0.77,LOW
Hardik Mammen,7,1,0,1,1,0,0.77,LOW
Netra Pingle,7,1,0,1,1,0,0.77,LOW
Forum Thaker,7,1,0,1,1,0,0.77,LOW
Rushil Behl,7,1,0,1,1,0,0.77,LOW
Qadim Toor,7,1,0,1,1,0,0.77,LOW
Vritti Dua,7,1,0,1,1,0,0.77,LOW
Bhavna Vaidya,7,1,0,1,1,0,0.77,LOW
Vyanjana Chad,7,1,0,1,1,0,0.77,LOW
Indrajit Shroff,7,1,0,1,1,0,0.77,LOW
Turvi Chauhan,7,1,0,1,1,0,0.77,LOW
Fiyaz Dora,7,1,0,1,1,0,0.77,LOW
Quincy Dyal,7,1,0,1,1,0,0.77,LOW
Nihal Rana,7,1,0,1,1,0,0.77,LOW
Balveer Bir,7,1,0,1,1,0,0.77,LOW
Pushti Kari,7,1,0,1,1,0,0.77,LOW
Gabriel Bhardwaj,7,1,0,1,1,0,0.77,LOW
Urvi Palan,7,1,0,1,1,0,0.77,LOW
Pranav Bhatnagar,7,1,0,1,1,0,0.77,LOW
Tanveer Ghosh,7,1,0,1,1,0,0.77,LOW
Ronith Sharaf,7,1,0,1,1,0,0.77,LOW
Odika Chaudhary,7,1,0,1,1,0,0.77,LOW
Osha Verma,7,1,0,1,1,0,0.77,LOW
Qarin Kaur,7,1,0,1,1,0,0.77,LOW
Girik Sur,7,1,0,1,1,0,0.77,LOW
Neel Khanna,7,1,0,1,1,0,0.77,LOW
Libni Kapur,7,1,0,1,1,0,0.77,LOW
Tamanna Tiwari,7,1,0,1,1,0,0.77,LOW
Simon Choudhary,7,1,0,1,1,0,0.77,LOW
Bhavani Sur,7,1,0,1,1,0,0.77,LOW
Shivani Swaminathan,7,1,0,1,1,0,0.77,LOW
Vrinda Purohit,7,1,0,1,1,0,0.77,LOW
Nisha Oza,7,1,0,1,1,0,0.77,LOW
Lekha Bala,7,1,0,1,1,0,0.77,LOW
Siya Patla,7,1,0,1,1,0,0.77,LOW
Onkar Dugar,7,1,0,1,1,0,0.77,LOW
Robert Swaminathan,7,1,0,1,1,0,0.77,LOW
Shivansh Om,7,1,0,1,1,0,0.77,LOW
Omkaar Dugar,7,1,0,1,1,0,0.77,LOW
Balvan Saini,7,1,0,1,1,0,0.77,LOW
Ayushman Ramanathan,7,1,0,1,1,0,0.77,LOW
Shivani Aurora,7,1,0,1,1,0,0.77,LOW
Hiral Buch,7,1,0,1,1,0,0.77,LOW
Amrita Deo,7,1,0,1,1,0,0.77,LOW
Bina Malhotra,7,1,0,1,1,0,0.77,LOW
Vasana Gera,7,1,0,1,1,0,0.77,LOW
Urishilla Kata,7,1,0,1,1,0,0.77,LOW
Arunima Gandhi,7,1,0,1,1,0,0.77,LOW
Ishita Naik,7,1,0,1,1,0,0.77,LOW
Joshua Kata,7,1,0,1,1,0,0.77,LOW
Anya Dey,7,1,0,1,1,0,0.77,LOW
Samarth Baria,7,1,0,1,1,0,0.77,LOW
Irya Bera,7,1,0,1,1,0,0.77,LOW
Quincy Sankaran,7,1,0,1,1,0,0.77,LOW
Ishaan Raju,7,1,0,1,1,0,0.77,LOW
Tejas Wali,7,1,0,1,1,0,0.77,LOW
Harini Buch,7,1,0,1,1,0,0.77,LOW
Falan Ramesh,7,1,0,1,1,0,0.77,LOW
Urvi Lalla,7,1,0,1,1,0,0.77,LOW
Bimala Manne,7,1,0,1,1,0,0.77,LOW
Priya Chaudhuri,7,1,0,1,1,0,0.77,LOW
Naveen Mannan,7,1,0,1,1,0,0.77,LOW
Krishna Gera,7,1,0,1,1,0,0.77,LOW
Mitesh Gopal,7,1,0,1,1,0,0.77,LOW
Indali Arya,7,1,0,1,1,0,0.77,LOW
Ridhi Buch,7,1,0,1,1,0,0.77,LOW
Kabir Dhar,7,1,0,1,1,0,0.77,LOW
Nidra Patla,7,1,0,1,1,0,0.77,LOW
Zinal Bains,7,1,0,1,1,0,0.77,LOW
Nitesh Chhabra,7,1,0,1,1,0,0.77,LOW
Ubika Basu,7,1,0,1,1,0,0.77,LOW
Anay Bir,7,1,0,1,1,0,0.77,LOW
Nitesh Kuruvilla,7,1,0,1,1,0,0.77,LOW
Adya Pillay,7,1,0,1,1,0,0.77,LOW
Logan Krishnamurthy,7,1,0,1,1,0,0.77,LOW
Chameli Kashyap,7,1,0,1,1,0,0.77,LOW
Jai Bhatnagar,7,1,0,1,1,0,0.77,LOW
Krisha Soman,7,1,0,1,1,0,0.77,LOW
Jason Krishna,7,1,0,1,1,0,0.77,LOW
Yamini Sem,7,1,0,1,1,0,0.77,LOW
Saksham Bajwa,7,1,0,1,1,0,0.77,LOW
Manthan Mukhopadhyay,7,1,0,1,1,0,0.77,LOW
Christopher Tata,7,1,0,1,1,0,0.77,LOW
Chaitaly Doctor,7,1,0,1,1,0,0.77,LOW
Chakrika Bakshi,7,1,0,1,1,0,0.77,LOW
Ayush Raval,7,1,0,1,1,0,0.77,LOW
Priya Chaudry,7,1,0,1,1,0,0.77,LOW
Samaksh Brahmbhatt,7,1,0,1,1,0,0.77,LOW
Darpan Loyal,7,1,0,1,1,0,0.77,LOW
Chavvi Gala,7,1,0,1,1,0,0.77,LOW
Yauvani Wagle,7,1,0,1,1,0,0.77,LOW
Jeremiah Walia,7,1,0,1,1,0,0.77,LOW
Triya Prabhu,7,1,0,1,1,0,0.77,LOW
Lajita Joshi,7,1,0,1,1,0,0.77,LOW
Gagan Bava,7,1,0,1,1,0,0.77,LOW
Unnati Jaggi,7,1,0,1,1,0,0.77,LOW
Ryan Grewal,7,1,0,1,1,0,0.77,LOW
Gabriel Loyal,7,1,0,1,1,0,0.77,LOW
Pranav Bora,7,1,0,1,1,0,0.77,LOW
Noah Sachdeva,7,1,0,1,1,0,0.77,LOW
Matthew Taneja,7,1,0,1,1,0,0.77,LOW
Leela Parmar,7,1,0,1,1,0,0.77,LOW
Hamsini Buch,7,1,0,1,1,0,0.77,LOW
Anjali Virk,7,1,0,1,1,0,0.77,LOW
Noah Dar,7,1,0,1,1,0,0.77,LOW
Ekavir Kalita,7,1,0,1,1,0,0.77,LOW
Jhalak Raghavan,7,1,0,1,1,0,0.77,LOW
Oni Prashad,7,1,0,1,1,0,0.77,LOW
Faris Misra,7,1,0,1,1,0,0.77,LOW
Arjun Bhakta,7,1,0,1,1,0,0.77,LOW
Anirudh Tripathi,7,1,0,1,1,0,0.77,LOW
Charita Nair,7,1,0,1,1,0,0.77,LOW
Frederick Gade,7,1,0,1,1,0,0.77,LOW
Kiaan Palla,7,1,0,1,1,0,0.77,LOW
Tanvi Patla,7,1,0,1,1,0,0.77,LOW
Elijah Dube,7,1,0,1,1,0,0.77,LOW
Krish Nagar,7,1,0,1,1,0,0.77,LOW
Ekta Singhal,7,1,0,1,1,0,0.77,LOW
Kala Kanda,7,1,0,1,1,0,0.77,LOW
Abhiram Vohra,7,1,0,1,1,0,0.77,LOW
Forum Dutt,7,1,0,1,1,0,0.77,LOW
Ira Master,7,1,0,1,1,0,0.77,LOW
Utkarsh Gupta,7,1,0,1,1,0,0.77,LOW
Amrita Edwin,7,1,0,1,1,0,0.77,LOW
Waida Jhaveri,7,1,0,1,1,0,0.77,LOW
Amol Dugar,7,1,0,1,1,0,0.77,LOW
Zilmil Behl,7,1,0,1,1,0,0.77,LOW
Aayush Barad,7,1,0,1,1,0,0.77,LOW
Ijaya Menon,7,1,0,1,1,0,0.77,LOW
Nimrat Padmanabhan,7,1,0,1,1,0,0.77,LOW
Charan Walia,7,1,0,1,1,0,0.77,LOW
Liam Dube,7,1,0,1,1,0,0.77,LOW
Anjali Nayar,7,1,0,1,1,0,0.77,LOW
Shravya Bhardwaj,7,1,0,1,1,0,0.77,LOW
Omya Naik,7,1,0,1,1,0,0.77,LOW
Reyansh Seth,7,1,0,1,1,0,0.77,LOW
Chaman Mahal,7,1,0,1,1,0,0.77,LOW
Ranbir Nath,7,1,0,1,1,0,0.77,LOW
Vrishti Shan,7,1,0,1,1,0,0.77,LOW
Anthony Mital,7,1,0,1,1,0,0.77,LOW
Shivani Kara,7,1,0,1,1,0,0.77,LOW
Ira Dutt,7,1,0,1,1,0,0.77,LOW
Zashil Nadig,7,1,0,1,1,0,0.77,LOW
Caleb Narasimhan,7,1,0,1,1,0,0.77,LOW
Nathan Vig,7,1,0,1,1,0,0.77,LOW
Naveen Dhar,7,1,0,1,1,0,0.77,LOW
Noah Dhar,7,1,0,1,1,0,0.77,LOW
Vyanjana Din,7,1,0,1,1,0,0.77,LOW
Saksham Dasgupta,7,1,0,1,1,0,0.77,LOW
Dalaja Arora,7,1,0,1,1,0,0.77,LOW
Falan Vyas,7,1,0,1,1,0,0.77,LOW
Onkar Prabhakar,7,1,0,1,1,0,0.77,LOW
Gabriel Chopra,7,1,0,1,1,0,0.77,LOW
Yatin Misra,7,1,0,1,1,0,0.77,LOW
Nidhi Ghosh,7,1,0,1,1,0,0.77,LOW
Imaran Walia,7,1,0,1,1,0,0.77,LOW
Lekha Chandran,7,1,0,1,1,0,0.77,LOW
Rayaan Chadha,7,1,0,1,1,0,0.77,LOW
Zaid Dash,7,1,0,1,1,0,0.77,LOW
Forum Sabharwal,7,1,0,1,1,0,0.77,LOW
Anusha Sangha,7,1,0,1,1,0,0.77,LOW
Eiravati Varty,7,1,0,1,1,0,0.77,LOW
Andrew Virk,7,1,0,1,1,0,0.77,LOW
Yasti Kakar,7,1,0,1,1,0,0.77,LOW
Dakshesh Mohan,7,1,0,1,1,0,0.77,LOW
Gautami Bajwa,7,1,0,1,1,0,0.77,LOW
Chakradhar Memon,7,1,0,1,1,0,0.77,LOW
Dayamai Thakkar,7,1,0,1,1,0,0.77,LOW
Aarush Divan,7,1,0,1,1,0,0.77,LOW
Alexander Ganesh,7,1,0,1,1,0,0.77,LOW
Theodore Ratti,7,1,0,1,1,0,0.77,LOW
Warinder Sarna,7,1,0,1,1,0,0.77,LOW
Yochana Peri,7,1,0,1,1,0,0.77,LOW
Oviya Madan,7,1,0,1,1,0,0.77,LOW
Vincent Date,7,1,0,1,1,0,0.77,LOW
Krisha Sani,7,1,0,1,1,0,0.77,LOW
Jai Soman,7,1,0,1,1,0,0.77,LOW
Yahvi Bhalla,7,1,0,1,1,0,0.77,LOW
Sai Mohan,7,1,0,1,1,0,0.77,LOW
Victor Dewan,7,1,0,1,1,0,0.77,LOW
Sanaya Dora,7,1,0,1,1,0,0.77,LOW
Gagan Raman,7,1,0,1,1,0,0.77,LOW
Kashish Kar,7,1,0,1,1,0,0.77,LOW
Meghana Deshpande,7,1,0,1,1,0,0.77,LOW
Umang Rajagopalan,7,1,0,1,1,0,0.77,LOW
Wazir Radhakrishnan,7,1,0,1,1,0,0.77,LOW
Keya Wason,7,1,0,1,1,0,0.77,LOW
Wridesh Subramaniam,7,1,0,1,1,0,0.77,LOW
Leela Dhar,7,1,0,1,1,0,0.77,LOW
Yachana Basak,7,1,0,1,1,0,0.77,LOW
Shivansh Sodhi,7,1,0,1,1,0,0.77,LOW
Yash Bajaj,7,1,0,1,1,0,0.77,LOW
Falak Varty,7,1,0,1,1,0,0.77,LOW
Dalaja Luthra,7,1,0,1,1,0,0.77,LOW
Xalak Pant,7,1,0,1,1,0,0.77,LOW
Ryan Doctor,7,1,0,1,1,0,0.77,LOW
Ishwar Thaman,7,1,0,1,1,0,0.77,LOW
Nathaniel Shah,7,1,0,1,1,0,0.77,LOW
Xalak Barad,7,1,0,1,1,0,0.77,LOW
Jyoti Pillai,7,1,0,1,1,0,0.77,LOW
Nimrat Subramaniam,7,1,0,1,1,0,0.77,LOW
Maanav Dua,7,1,0,1,1,0,0.77,LOW
Vincent Batta,7,1,0,1,1,0,0.77,LOW
Manthan Lata,7,1,0,1,1,0,0.77,LOW
Lajita Srivastava,7,1,0,1,1,0,0.77,LOW
Gagan Subramaniam,7,1,0,1,1,0,0.77,LOW
Damyanti Tata,7,1,0,1,1,0,0.77,LOW
Madhav Saha,7,1,0,1,1,0,0.77,LOW
Hema Bajwa,7,1,0,1,1,0,0.77,LOW
Naveen Deshpande,7,1,0,1,1,0,0.77,LOW
Atharv Nagar,7,1,0,1,1,0,0.77,LOW
Brinda Bali,7,1,0,1,1,0,0.77,LOW
Alexander Ramesh,7,1,0,1,1,0,0.77,LOW
Gaurangi Solanki,7,1,0,1,1,0,0.77,LOW
Wridesh Joshi,7,1,0,1,1,0,0.77,LOW
Wridesh Ranganathan,7,1,0,1,1,0,0.77,LOW
Rushil Lala,7,1,0,1,1,0,0.77,LOW
Gavin Kanda,7,1,0,1,1,0,0.77,LOW
Janaki Nadkarni,7,1,0,1,1,0,0.77,LOW
Balveer Kota,7,1,0,1,1,0,0.77,LOW
Nicholas Loyal,7,1,0,1,1,0,0.77,LOW
Ekansh Pandya,7,1,0,1,1,0,0.77,LOW
Gaurangi Nagy,7,1,0,1,1,0,0.77,LOW
Matthew Subramaniam,7,1,0,1,1,0,0.77,LOW
Tanay Mukherjee,7,1,0,1,1,0,0.77,LOW
Aayush Jani,7,1,0,1,1,0,0.77,LOW
Frederick Bail,7,1,0,1,1,0,0.77,LOW
Falguni Merchant,7,1,0,1,1,0,0.77,LOW
Advika Barad,7,1,0,1,1,0,0.77,LOW
Zashil De,7,1,0,1,1,0,0.77,LOW
Ishanvi Savant,7,1,0,1,1,0,0.77,LOW
Mitesh Manne,7,1,0,1,1,0,0.77,LOW
Anay Kala,7,1,0,1,1,0,0.77,LOW
Vedhika Sinha,7,1,0,1,1,0,0.77,LOW
Raghav Jayaraman,7,1,0,1,1,0,0.77,LOW
Omaja Bhardwaj,7,1,0,1,1,0,0.77,LOW
Hema Gade,7,1,0,1,1,0,0.77,LOW
Lajita Sastry,7,1,0,1,1,0,0.77,LOW
Priya Singh,7,1,0,1,1,0,0.77,LOW
Harsh Saini,7,1,0,1,1,0,0.77,LOW
Tamanna Ravel,7,1,0,1,1,0,0.77,LOW
Charan Chad,7,1,0,1,1,0,0.77,LOW
Ekanta Sandhu,7,1,0,1,1,0,0.77,LOW
Zansi Shah,7,1,0,1,1,0,0.77,LOW
Rishi Golla,7,1,0,1,1,0,0.77,LOW
Leela Kapoor,7,1,0,1,1,0,0.77,LOW
Vivaan Mital,7,1,0,1,1,0,0.77,LOW
Veer Pillay,7,1,0,1,1,0,0.77,LOW
Lipika Shankar,7,1,0,1,1,0,0.77,LOW
Jacob Narayan,7,1,0,1,1,0,0.77,LOW
Eiravati Ravel,7,1,0,1,1,0,0.77,LOW
Mitesh Korpal,7,1,0,1,1,0,0.77,LOW
Rishi Shankar,7,1,0,1,1,0,0.77,LOW
Widisha Goda,7,1,0,1,1,0,0.77,LOW
Sai Dayal,7,1,0,1,1,0,0.77,LOW
Sanya Rattan,7,1,0,1,1,0,0.77,LOW
George Sen,7,1,0,1,1,0,0.77,LOW
Jalsa Barad,7,1,0,1,1,0,0.77,LOW
Maanas Srinivas,7,1,0,1,1,0,0.77,LOW
Thomas Sha,7,1,0,1,1,0,0.77,LOW
Yashica Bir,7,1,0,1,1,0,0.77,LOW
Harini Gour,7,1,0,1,1,0,0.77,LOW
Charan Sibal,7,1,0,1,1,0,0.77,LOW
Ojasvi Sundaram,7,1,0,1,1,0,0.77,LOW
Harish Dara,7,1,0,1,1,0,0.77,LOW
Wishi Buch,7,1,0,1,1,0,0.77,LOW
Forum Wason,7,1,0,1,1,0,0.77,LOW
Bhavna Golla,7,1,0,1,1,0,0.77,LOW
Avni Pandey,7,1,0,1,1,0,0.77,LOW
Gayathri Chacko,7,1,0,1,1,0,0.77,LOW
Panini Ramesh,7,1,0,1,1,0,0.77,LOW
Nandini Sarin,7,1,0,1,1,0,0.77,LOW
Brinda Dixit,7,1,0,1,1,0,0.77,LOW
Dalaja Nagar,7,1,0,1,1,0,0.77,LOW
Manthan Datta,7,1,0,1,1,0,0.77,LOW
Aashi Shankar,7,1,0,1,1,0,0.77,LOW
Darika Sastry,7,1,0,1,1,0,0.77,LOW
Harinakshi Bhagat,7,1,0,1,1,0,0.77,LOW
Abhiram Choudhary,7,1,0,1,1,0,0.77,LOW
Janaki Mani,7,1,0,1,1,0,0.77,LOW
Gautam Chandra,7,1,0,1,1,0,0.77,LOW
Janani Mammen,7,1,0,1,1,0,0.77,LOW
Yoshita Vora,7,1,0,1,1,0,0.77,LOW
Varenya Dua,7,1,0,1,1,0,0.77,LOW
Gautam More,7,1,0,1,1,0,0.77,LOW
Advay Pathak,7,1,0,1,1,0,0.77,LOW
Libni Vyas,7,1,0,1,1,0,0.77,LOW
Chatresh Pandey,7,1,0,1,1,0,0.77,LOW
Liam Sachar,7,1,0,1,1,0,0.77,LOW
Ladli Bhargava,7,1,0,1,1,0,0.77,LOW
Yashasvi Varkey,7,1,0,1,1,0,0.77,LOW
Yahvi Suresh,7,1,0,1,1,0,0.77,LOW
Avni Ramaswamy,7,1,0,1,1,0,0.77,LOW
Vihaan Bhatnagar,7,1,0,1,1,0,0.77,LOW
Manbir Sibal,7,1,0,1,1,0,0.77,LOW
Yoshita Malhotra,7,1,0,1,1,0,0.77,LOW
Hamsini Johal,7,1,0,1,1,0,0.77,LOW
Ekavir Som,7,1,0,1,1,0,0.77,LOW
Rishi Hora,7,1,0,1,1,0,0.77,LOW
Frado Chahal,7,1,0,1,1,0,0.77,LOW
Balendra Suri,7,1,0,1,1,0,0.77,LOW
Aadi Thaman,7,1,0,1,1,0,0.77,LOW
Rachita Sheth,7,1,0,1,1,0,0.77,LOW
Rajeshri Vig,7,1,0,1,1,0,0.77,LOW
Tarak Misra,7,1,0,1,1,0,0.77,LOW
Chaaya Manne,7,1,0,1,1,0,0.77,LOW
Omisha Mani,7,1,0,1,1,0,0.77,LOW
Tejas Wagle,7,1,0,1,1,0,0.77,LOW
Ekbal Sinha,7,1,0,1,1,0,0.77,LOW
Robert Bail,7,1,0,1,1,0,0.77,LOW
Falan Vaidya,7,1,0,1,1,0,0.77,LOW
Chaitaly Bahri,7,1,0,1,1,0,0.77,LOW
Charles Khanna,7,1,0,1,1,0,0.77,LOW
Bimala Sethi,7,1,0,1,1,0,0.77,LOW
Sai Ramachandran,7,1,0,1,1,0,0.77,LOW
Manthan Nanda,7,1,0,1,1,0,0.77,LOW
Nirja Dhar,7,1,0,1,1,0,0.77,LOW
Maanav Chhabra,7,1,0,1,1,0,0.77,LOW
Aishani Ganesan,7,1,0,1,1,0,0.77,LOW
Aadi Bedi,7,1,0,1,1,0,0.77,LOW
Thomas Suresh,7,1,0,1,1,0,0.77,LOW
Zilmil Hayre,7,1,0,1,1,0,0.77,LOW
Girik Kala,7,1,0,1,1,0,0.77,LOW
Jackson Karan,7,1,0,1,1,0,0.77,LOW
Chatresh Suresh,7,1,0,1,1,0,0.77,LOW
Zarna Ram,7,1,0,1,1,0,0.77,LOW
Harish Som,7,1,0,1,1,0,0.77,LOW
Leela Mohanty,7,1,0,1,1,0,0.77,LOW
Waida Saxena,7,1,0,1,1,0,0.77,LOW
Wyatt Tella,7,1,0,1,1,0,0.77,LOW
Lavanya Swamy,7,1,0,1,1,0,0.77,LOW
Rohan Goyal,7,1,0,1,1,0,0.77,LOW
Lavanya Chacko,7,1,0,1,1,0,0.77,LOW
Banjeet Virk,7,1,0,1,1,0,0.77,LOW
Atharv Bandi,7,1,0,1,1,0,0.77,LOW
Ubika Ramaswamy,7,1,0,1,1,0,0.77,LOW
Gaurika Morar,7,1,0,1,1,0,0.77,LOW
Ekavir Rana,7,1,0,1,1,0,0.77,LOW
Ethan Boase,7,1,0,1,1,0,0.77,LOW
Hitesh Dutta,7,1,0,1,1,0,0.77,LOW
Mugdha Prabhu,7,1,0,1,1,0,0.77,LOW
Vedhika Sarkar,7,1,0,1,1,0,0.77,LOW
Gunbir Mannan,7,1,0,1,1,0,0.77,LOW
Hitesh Chaudhry,7,1,0,1,1,0,0.77,LOW
Wazir Ganesan,7,1,0,1,1,0,0.77,LOW
Megha Sarin,7,1,0,1,1,0,0.77,LOW
Hema Samra,7,1,0,1,1,0,0.77,LOW
Brinda Prabhu,7,1,0,1,1,0,0.77,LOW
Leela Gopal,7,1,0,1,1,0,0.77,LOW
Mitesh Bhakta,7,1,0,1,1,0,0.77,LOW
Kashvi Batta,7,1,0,1,1,0,0.77,LOW
Aryan Oak,7,1,0,1,1,0,0.77,LOW
Aradhana Bhavsar,7,1,0,1,1,0,0.77,LOW
Tanish Sura,7,1,0,1,1,0,0.77,LOW
Mekhala Patla,7,1,0,1,1,0,0.77,LOW
Agastya Tata,7,1,0,1,1,0,0.77,LOW
Abhiram Kamdar,7,1,0,1,1,0,0.77,LOW
Aarush Kala,7,1,0,1,1,0,0.77,LOW
Zehaan Mand,7,1,0,1,1,0,0.77,LOW
Kamala Sarma,7,1,0,1,1,0,0.77,LOW
Waida Saraf,7,1,0,1,1,0,0.77,LOW
Christopher Bobal,7,1,0,1,1,0,0.77,LOW
Sachi Dhillon,7,1,0,1,1,0,0.77,LOW
Aditya Gulati,7,1,0,1,1,0,0.77,LOW
Keya Mistry,7,1,0,1,1,0,0.77,LOW
Jagdish Wali,7,1,0,1,1,0,0.77,LOW
Avi Balan,7,1,0,1,1,0,0.77,LOW
Chasmum Brar,7,1,0,1,1,0,0.77,LOW
Dhruv Tandon,7,1,0,1,1,0,0.77,LOW
Chanakya Dube,7,1,0,1,1,0,0.77,LOW
Hemangini Desai,7,1,0,1,1,0,0.77,LOW
Veer Patel,7,1,0,1,1,0,0.77,LOW
Udant Amble,7,1,0,1,1,0,0.77,LOW
Nikita Vohra,7,1,0,1,1,0,0.77,LOW
Amol Gade,7,1,0,1,1,0,0.77,LOW
Pranav Tripathi,7,1,0,1,1,0,0.77,LOW
Hardik Kala,7,1,0,1,1,0,0.77,LOW
Ekbal Tella,7,1,0,1,1,0,0.77,LOW
Vrishti Rana,7,1,0,1,1,0,0.77,LOW
Maanav Bhattacharyya,7,1,0,1,1,0,0.77,LOW
Brinda Oommen,7,1,0,1,1,0,0.77,LOW
Yatin Karpe,7,1,0,1,1,0,0.77,LOW
Ojas Madan,7,1,0,1,1,0,0.77,LOW
Nidra Sama,7,1,0,1,1,0,0.77,LOW
Jairaj Handa,7,1,0,1,1,0,0.77,LOW
Oliver Hegde,7,1,0,1,1,0,0.77,LOW
Vedhika Chana,7,1,0,1,1,0,0.77,LOW
Bahadurjit Bains,7,1,0,1,1,0,0.77,LOW
Unnati Dasgupta,7,1,0,1,1,0,0.77,LOW
Qushi Vyas,7,1,0,1,1,0,0.77,LOW
Nidhi Doshi,7,1,0,1,1,0,0.77,LOW
Yuvraj Chahal,7,1,0,1,1,0,0.77,LOW
Jeevika Rao,7,1,0,1,1,0,0.77,LOW
Michael Keer,7,1,0,1,1,0,0.77,LOW
Teerth Sabharwal,7,1,0,1,1,0,0.77,LOW
Sachi Rai,7,1,0,1,1,0,0.77,LOW
Megha Mitter,7,1,0,1,1,0,0.77,LOW
Madhav Sant,7,1,0,1,1,0,0.77,LOW
Rudra Borde,7,1,0,1,1,0,0.77,LOW
Fiyaz Jayaraman,7,1,0,1,1,0,0.77,LOW
Balhaar Nagi,7,1,0,1,1,0,0.77,LOW
Tanish Ravel,7,1,0,1,1,0,0.77,LOW
Garima Manne,7,1,0,1,1,0,0.77,LOW
Lakshmi Keer,7,1,0,1,1,0,0.77,LOW
Hemal Maharaj,7,1,0,1,1,0,0.77,LOW
Ronith Parmer,7,1,0,1,1,0,0.77,LOW
Jackson Parekh,7,1,0,1,1,0,0.77,LOW
Oviya Date,7,1,0,1,1,0,0.77,LOW
Zehaan Mani,7,1,0,1,1,0,0.77,LOW
Brijesh Sankar,7,1,0,1,1,0,0.77,LOW
Madhavi Som,7,1,0,1,1,0,0.77,LOW
Veer Kala,7,1,0,1,1,0,0.77,LOW
Raagini Mane,7,1,0,1,1,0,0.77,LOW
Mahika Madan,7,1,0,1,1,0,0.77,LOW
Victor Rout,7,1,0,1,1,0,0.77,LOW
Ikshita Chakrabarti,7,1,0,1,1,0,0.77,LOW
Chandresh Soman,7,1,0,1,1,0,0.77,LOW
David Krishna,7,1,0,1,1,0,0.77,LOW
Jhalak Pal,7,1,0,1,1,0,0.77,LOW
Jonathan Purohit,7,1,0,1,1,0,0.77,LOW
Gaurav Kata,7,1,0,1,1,0,0.77,LOW
Hardik Raj,7,1,0,1,1,0,0.77,LOW
Dipta Contractor,7,1,0,1,1,0,0.77,LOW
Vinaya Kanda,7,1,0,1,1,0,0.77,LOW
Chaitanya Mahajan,7,1,0,1,1,0,0.77,LOW
Yashawini Khare,7,1,0,1,1,0,0.77,LOW
Rushil Iyengar,7,1,0,1,1,0,0.77,LOW
Victor Dara,7,1,0,1,1,0,0.77,LOW
Jeevika Mistry,7,1,0,1,1,0,0.77,LOW
Bishakha Karan,7,1,0,1,1,0,0.77,LOW
Ridhi Bhattacharyya,7,1,0,1,1,0,0.77,LOW
Ekansh Sarkar,7,1,0,1,1,0,0.77,LOW
Mitesh Baral,7,1,0,1,1,0,0.77,LOW
Rachita Sangha,7,1,0,1,1,0,0.77,LOW
Bishakha Pandya,7,1,0,1,1,0,0.77,LOW
Logan Vasa,7,1,0,1,1,0,0.77,LOW
Max Pandey,7,1,0,1,1,0,0.77,LOW
Chaitaly Pant,7,1,0,1,1,0,0.77,LOW
Wyatt Ramanathan,7,1,0,1,1,0,0.77,LOW
Vinaya Narasimhan,7,1,0,1,1,0,0.77,LOW
Bimala Wadhwa,7,1,0,1,1,0,0.77,LOW
Aayush Buch,7,1,0,1,1,0,0.77,LOW
Falan More,7,1,0,1,1,0,0.77,LOW
Aashi Pau,7,1,0,1,1,0,0.77,LOW
Reyansh Chokshi,7,1,0,1,1,0,0.77,LOW
Panini Pant,7,1,0,1,1,0,0.77,LOW
Sai Malhotra,7,1,0,1,1,0,0.77,LOW
Chanchal Dhawan,7,1,0,1,1,0,0.77,LOW
Jack Rattan,7,1,0,1,1,0,0.77,LOW
Jyoti Das,7,1,0,1,1,0,0.77,LOW
Logan Ahluwalia,7,1,0,1,1,0,0.77,LOW
Yagnesh Pillai,7,1,0,1,1,0,0.77,LOW
Xiti Apte,7,1,0,1,1,0,0.77,LOW
Chatura Apte,7,1,0,1,1,0,0.77,LOW
Yug Kalla,7,1,0,1,1,0,0.77,LOW
Faris Dugar,7,1,0,1,1,0,0.77,LOW
Chanchal Vaidya,7,1,0,1,1,0,0.77,LOW
Nitesh Bala,7,1,0,1,1,0,0.77,LOW
Udarsh Dhar,7,1,0,1,1,0,0.77,LOW
Gopal Puri,7,1,0,1,1,0,0.77,LOW
Varenya Bawa,7,1,0,1,1,0,0.77,LOW
Frado Apte,7,1,0,1,1,0,0.77,LOW
Arin Atwal,7,1,0,1,1,0,0.77,LOW
Saksham Dave,7,1,0,1,1,0,0.77,LOW
Hemangini Mistry,7,1,0,1,1,0,0.77,LOW
Bhavika Agrawal,7,1,0,1,1,0,0.77,LOW
Lohit Nayak,7,1,0,1,1,0,0.77,LOW
Maanas Keer,7,1,0,1,1,0,0.77,LOW
Ayaan Mammen,7,1,0,1,1,0,0.77,LOW
Daksh Sami,7,1,0,1,1,0,0.77,LOW
Peter Devi,7,1,0,1,1,0,0.77,LOW
Maya Mutti,7,1,0,1,1,0,0.77,LOW
Warhi Thakkar,7,1,0,1,1,0,0.77,LOW
Mohammed Bal,7,1,0,1,1,0,0.77,LOW
Harinakshi Madan,7,1,0,1,1,0,0.77,LOW
Vidhi Borde,7,1,0,1,1,0,0.77,LOW
William Konda,7,1,0,1,1,0,0.77,LOW
Frederick Dugar,7,1,0,1,1,0,0.77,LOW
Tamanna Khalsa,7,1,0,1,1,0,0.77,LOW
Oliver Ravel,7,1,0,1,1,0,0.77,LOW
Urishilla Lall,7,1,0,1,1,0,0.77,LOW
Nathaniel Sane,7,1,0,1,1,0,0.77,LOW
Oliver Bhasin,7,1,0,1,1,0,0.77,LOW
Adya Subramaniam,7,1,0,1,1,0,0.77,LOW
Sarthak Bhagat,7,1,0,1,1,0,0.77,LOW
Balhaar Yogi,7,1,0,1,1,0,0.77,LOW
Amrita Rama,7,1,0,1,1,0,0.77,LOW
Azaan Kamdar,7,1,0,1,1,0,0.77,LOW
Nisha Dalal,7,1,0,1,1,0,0.77,LOW
Aadhya Pal,7,1,0,1,1,0,0.77,LOW
Isaac Ahuja,7,1,0,1,1,0,0.77,LOW
Aashi Barman,7,1,0,1,1,0,0.77,LOW
Janya Swaminathan,7,1,0,1,1,0,0.77,LOW
Watika Lala,7,1,0,1,1,0,0.77,LOW
Unni Bal,7,1,0,1,1,0,0.77,LOW
Reva Gole,7,1,0,1,1,0,0.77,LOW
Maanav Bath,7,1,0,1,1,0,0.77,LOW
Warhi Bhagat,7,1,0,1,1,0,0.77,LOW
Ishaan Kala,7,1,0,1,1,0,0.77,LOW
Warda Ratta,7,1,0,1,1,0,0.77,LOW
Alka Char,7,1,0,1,1,0,0.77,LOW
Mason Zachariah,7,1,0,1,1,0,0.77,LOW
Michael Yadav,7,1,0,1,1,0,0.77,LOW
Aarush Nagar,7,1,0,1,1,0,0.77,LOW
Benjamin Bhavsar,7,1,0,1,1,0,0.77,LOW
Aarnav Sabharwal,7,1,0,1,1,0,0.77,LOW
Udant Hora,7,1,0,1,1,0,0.77,LOW
Gagan Deshpande,7,1,0,1,1,0,0.77,LOW
Udant Bahl,7,1,0,1,1,0,0.77,LOW
Isaiah Nigam,7,1,0,1,1,0,0.77,LOW
Joshua Chandran,7,1,0,1,1,0,0.77,LOW
Laksh Chander,7,1,0,1,1,0,0.77,LOW
Urvashi Bhalla,7,1,0,1,1,0,0.77,LOW
Utkarsh Merchant,7,1,0,1,1,0,0.77,LOW
Sachi Nigam,7,1,0,1,1,0,0.77,LOW
Aarna Mistry,7,1,0,1,1,0,0.77,LOW
Christopher Bal,7,1,0,1,1,0,0.77,LOW
Darpan Bir,7,1,0,1,1,0,0.77,LOW
Leena Sawhney,7,1,0,1,1,0,0.77,LOW
Aahana Gandhi,7,1,0,1,1,0,0.77,LOW
Yashvi Devi,7,1,0,1,1,0,0.77,LOW
Ladli Garde,7,1,0,1,1,0,0.77,LOW
Ekansh Seshadri,7,1,0,1,1,0,0.77,LOW
Ira Chaudry,7,1,0,1,1,0,0.77,LOW
Dhruv Rout,7,1,0,1,1,0,0.77,LOW
Indrajit Varughese,7,1,0,1,1,0,0.77,LOW
Brijesh Nadkarni,7,1,0,1,1,0,0.77,LOW
Darpan Mallick,7,1,0,1,1,0,0.77,LOW
Kashvi Kara,7,1,0,1,1,0,0.77,LOW
Nimrat Varma,7,1,0,1,1,0,0.77,LOW
Dayita Raghavan,7,1,0,1,1,0,0.77,LOW
David Rajagopalan,7,1,0,1,1,0,0.77,LOW
Ekapad Kashyap,7,1,0,1,1,0,0.77,LOW
Lopa Zachariah,7,1,0,1,1,0,0.77,LOW
Mekhala Aurora,7,1,0,1,1,0,0.77,LOW
Zayan Hora,7,1,0,1,1,0,0.77,LOW
Varenya Dixit,7,1,0,1,1,0,0.77,LOW
Anjali Sengupta,7,1,0,1,1,0,0.77,LOW
Ishaan Vaidya,7,1,0,1,1,0,0.77,LOW
Vedika Mammen,7,1,0,1,1,0,0.77,LOW
Simon Kari,7,1,0,1,1,0,0.77,LOW
Charles Murty,7,1,0,1,1,0,0.77,LOW
Isha Golla,7,1,0,1,1,0,0.77,LOW
Odika Mander,7,1,0,1,1,0,0.77,LOW
Charita Naidu,7,1,0,1,1,0,0.77,LOW
Aditya Babu,7,1,0,1,1,0,0.77,LOW
Yashodhara Anne,7,1,0,1,1,0,0.77,LOW
Kabir Deo,7,1,0,1,1,0,0.77,LOW
Madhavi Chhabra,7,1,0,1,1,0,0.77,LOW
Krish Kala,7,1,0,1,1,0,0.77,LOW
Priya Narayan,7,1,0,1,1,0,0.77,LOW
Wridesh Shenoy,7,1,0,1,1,0,0.77,LOW
Aashi Varkey,7,1,0,1,1,0,0.77,LOW
Joshua Shanker,7,1,0,1,1,0,0.77,LOW
Chatresh Manne,7,1,0,1,1,0,0.77,LOW
Atharv Saran,7,1,0,1,1,0,0.77,LOW
Maya Datta,7,1,0,1,1,0,0.77,LOW
Lila Keer,7,1,0,1,1,0,0.77,LOW
Chaman Mohanty,7,1,0,1,1,0,0.77,LOW
Noah Dani,7,1,0,1,1,0,0.77,LOW
David Prakash,7,1,0,1,1,0,0.77,LOW
Liam Chacko,7,1,0,1,1,0,0.77,LOW
Radha Mahal,7,1,0,1,1,0,0.77,LOW
Siddharth Dewan,7,1,0,1,1,0,0.77,LOW
Bhanumati Sachar,7,1,0,1,1,0,0.77,LOW
Samuel Baral,7,1,0,1,1,0,0.77,LOW
Radha Sane,7,1,0,1,1,0,0.77,LOW
Rehaan Sanghvi,7,1,0,1,1,0,0.77,LOW
Tarak Bala,7,1,0,1,1,0,0.77,LOW
Devika Shan,7,1,0,1,1,0,0.77,LOW
Lakshmi Rau,7,1,0,1,1,0,0.77,LOW
Shravya Pandey,7,1,0,1,1,0,0.77,LOW
Baljiwan Kamdar,7,1,0,1,1,0,0.77,LOW
Vivaan Palla,7,1,0,1,1,0,0.77,LOW
Oni Sani,7,1,0,1,1,0,0.77,LOW
Onkar Mohan,7,1,0,1,1,0,0.77,LOW
Zarna Magar,7,1,0,1,1,0,0.77,LOW
Veer Sachdev,7,1,0,1,1,0,0.77,LOW
Sudiksha Bhagat,7,1,0,1,1,0,0.77,LOW
Viraj Contractor,7,1,0,1,1,0,0.77,LOW
Ekansh Baria,7,1,0,1,1,0,0.77,LOW
Upasna Kala,7,1,0,1,1,0,0.77,LOW
Lohit Yogi,7,1,0,1,1,0,0.77,LOW
Libni Bhagat,7,1,0,1,1,0,0.77,LOW
Ira Tak,7,1,0,1,1,0,0.77,LOW
Laksh Sankar,7,1,0,1,1,0,0.77,LOW
Finn Nagar,7,1,0,1,1,0,0.77,LOW
Devika Kapur,7,1,0,1,1,0,0.77,LOW
Arin Ranganathan,7,1,0,1,1,0,0.77,LOW
Gaurangi Ratti,7,1,0,1,1,0,0.77,LOW
Tejas Bajaj,7,1,0,1,1,0,0.77,LOW
Faras Aggarwal,7,1,0,1,1,0,0.77,LOW
Nakul Ray,7,1,0,1,1,0,0.77,LOW
Veer Narula,7,1,0,1,1,0,0.77,LOW
Yug Sathe,7,1,0,1,1,0,0.77,LOW
Shivansh Sur,7,1,0,1,1,0,0.77,LOW
Gaurang Som,7,1,0,1,1,0,0.77,LOW
Akshay Parmer,7,1,0,1,1,0,0.77,LOW
Darsh Sule,7,1,0,1,1,0,0.77,LOW
Eshana Sani,7,1,0,1,1,0,0.77,LOW
Frederick Lata,7,1,0,1,1,0,0.77,LOW
Zaitra Balan,7,1,0,1,1,0,0.77,LOW
Upma Menon,7,1,0,1,1,0,0.77,LOW
Meghana Goyal,7,1,0,1,1,0,0.77,LOW
Udant Misra,7,1,0,1,1,0,0.77,LOW
Bhanumati Dar,7,1,0,1,1,0,0.77,LOW
Zehaan Chawla,7,1,0,1,1,0,0.77,LOW
Aryan Narain,7,1,0,1,1,0,0.77,LOW
Chaitaly Uppal,7,1,0,1,1,0,0.77,LOW
Christopher Saxena,7,1,0,1,1,0,0.77,LOW
Nandini Dhingra,7,1,0,1,1,0,0.77,LOW
Vidhi Atwal,7,1,0,1,1,0,0.77,LOW
Wridesh Maharaj,7,1,0,1,1,0,0.77,LOW
Lakshmi Karan,7,1,0,1,1,0,0.77,LOW
Qasim Nair,7,1,0,1,1,0,0.77,LOW
Nakul Bhatnagar,7,1,0,1,1,0,0.77,LOW
Niharika Subramanian,7,1,0,1,1,0,0.77,LOW
Dhruv Palan,7,1,0,1,1,0,0.77,LOW
Baljiwan Sekhon,7,1,0,1,1,0,0.77,LOW
Henry Lanka,7,1,0,1,1,0,0.77,LOW
Ekaja Shan,7,1,0,1,1,0,0.77,LOW
Warjas Jhaveri,7,1,0,1,1,0,0.77,LOW
Dayita Narayanan,7,1,0,1,1,0,0.77,LOW
Odika Dyal,7,1,0,1,1,0,0.77,LOW
Sachi Narasimhan,7,1,0,1,1,0,0.77,LOW
Laban Kale,7,1,0,1,1,0,0.77,LOW
Rohan Ben,7,1,0,1,1,0,0.77,LOW
Hritik Varkey,7,1,0,1,1,0,0.77,LOW
Nikita Varkey,7,1,0,1,1,0,0.77,LOW
Rayaan Malhotra,7,1,0,1,1,0,0.77,LOW
Dev Chahal,7,1,0,1,1,0,0.77,LOW
Mitesh Patel,7,1,0,1,1,0,0.77,LOW
Chaitanya Madan,7,1,0,1,1,0,0.77,LOW
Charan Tak,7,1,0,1,1,0,0.77,LOW
Farhan Dayal,7,1,0,1,1,0,0.77,LOW
Ethan Khatri,7,1,0,1,1,0,0.77,LOW
Fitan Walia,7,1,0,1,1,0,0.77,LOW
Ekantika Krish,7,1,0,1,1,0,0.77,LOW
Indali Chakraborty,7,1,0,1,1,0,0.77,LOW
Oviya Grover,7,1,0,1,1,0,0.77,LOW
Peter Sagar,7,1,0,1,1,0,0.77,LOW
Rushil Wagle,7,1,0,1,1,0,0.77,LOW
Chaitanya Khurana,7,1,0,1,1,0,0.77,LOW
Upma Setty,7,1,0,1,1,0,0.77,LOW
Falguni Babu,7,1,0,1,1,0,0.77,LOW
Brijesh Sastry,7,1,0,1,1,0,0.77,LOW
Baghyawati Grewal,7,1,0,1,1,0,0.77,LOW
Bhavika Wadhwa,7,1,0,1,1,0,0.77,LOW
Om Kata,7,1,0,1,1,0,0.77,LOW
Aradhana Dixit,7,1,0,1,1,0,0.77,LOW
Sathvik Panchal,7,1,0,1,1,0,0.77,LOW
Aishani Sandhu,7,1,0,1,1,0,0.77,LOW
Kavya Ghose,7,1,0,1,1,0,0.77,LOW
Tripti Khosla,7,1,0,1,1,0,0.77,LOW
Yamini Golla,7,1,0,1,1,0,0.77,LOW
Kashish Chahal,7,1,0,1,1,0,0.77,LOW
Kevin Pau,7,1,0,1,1,0,0.77,LOW
Girindra Yohannan,7,1,0,1,1,0,0.77,LOW
Oscar Kanda,7,1,0,1,1,0,0.77,LOW
Upma Patla,7,1,0,1,1,0,0.77,LOW
Chaaya Bhat,7,1,0,1,1,0,0.77,LOW
Sara Sami,7,1,0,1,1,0,0.77,LOW
Yatan Kothari,7,1,0,1,1,0,0.77,LOW
Ikbal Madan,7,1,0,1,1,0,0.77,LOW
Bimala Babu,7,1,0,1,1,0,0.77,LOW
Udyati Manne,7,1,0,1,1,0,0.77,LOW
Leena Chahal,7,1,0,1,1,0,0.77,LOW
Jai Varty,7,1,0,1,1,0,0.77,LOW
Brinda Varma,7,1,0,1,1,0,0.77,LOW
Urishilla Tailor,7,1,0,1,1,0,0.77,LOW
Joshua Kalita,7,1,0,1,1,0,0.77,LOW
Suhani Nath,7,1,0,1,1,0,0.77,LOW
Krishna Chauhan,7,1,0,1,1,0,0.77,LOW
Ria Raj,7,1,0,1,1,0,0.77,LOW
Qushi Dixit,7,1,0,1,1,0,0.77,LOW
Ekalinga Narasimhan,7,1,0,1,1,0,0.77,LOW
Sai Char,7,1,0,1,1,0,0.77,LOW
Jason Mittal,7,1,0,1,1,0,0.77,LOW
Tanish Shah,7,1,0,1,1,0,0.77,LOW
Rushil Comar,7,1,0,1,1,0,0.77,LOW
Urmi Doctor,7,1,0,1,1,0,0.77,LOW
Wriddhish Bora,7,1,0,1,1,0,0.77,LOW
Devansh Lall,7,1,0,1,1,0,0.77,LOW
Nidhi Bail,7,1,0,1,1,0,0.77,LOW
Simon Mangal,7,1,0,1,1,0,0.77,LOW
Urishilla Saran,7,1,0,1,1,0,0.77,LOW
Abha Dixit,7,1,0,1,1,0,0.77,LOW
Upkaar Vala,7,1,0,1,1,0,0.77,LOW
Upkaar Murty,7,1,0,1,1,0,0.77,LOW
Viraj Cheema,7,1,0,1,1,0,0.77,LOW
Umang Garde,7,1,0,1,1,0,0.77,LOW
Ayush Sunder,7,1,0,1,1,0,0.77,LOW
Rushil Vig,7,1,0,1,1,0,0.77,LOW
Manya Parikh,7,1,0,1,1,0,0.77,LOW
Utkarsh Naidu,7,1,0,1,1,0,0.77,LOW
Vedant Narain,7,1,0,1,1,0,0.77,LOW
Victor Arora,7,1,0,1,1,0,0.77,LOW
Abhimanyu Dhaliwal,7,1,0,1,1,0,0.77,LOW
Vrinda Chaudry,7,1,0,1,1,0,0.77,LOW
Sai Brar,7,1,0,1,1,0,0.77,LOW
Yashvi Sandal,7,1,0,1,1,0,0.77,LOW
Rachit Nair,7,1,0,1,1,0,0.77,LOW
Yadavi Virk,7,1,0,1,1,0,0.77,LOW
Ayaan Murty,7,1,0,1,1,0,0.77,LOW
Chatresh Saini,7,1,0,1,1,0,0.77,LOW
Yadavi Patel,7,1,0,1,1,0,0.77,LOW
Sai Barad,7,1,0,1,1,0,0.77,LOW
Omisha Kara,7,1,0,1,1,0,0.77,LOW
Vrishti Seth,7,1,0,1,1,0,0.77,LOW
Nimrat Pradhan,7,1,0,1,1,0,0.77,LOW
Jhalak Rout,7,1,0,1,1,0,0.77,LOW
Janaki Kar,7,1,0,1,1,0,0.77,LOW
Raagini Dewan,7,1,0,1,1,0,0.77,LOW
Yashawini Purohit,7,1,0,1,1,0,0.77,LOW
Wridesh Batra,7,1,0,1,1,0,0.77,LOW
Wridesh Jhaveri,7,1,0,1,1,0,0.77,LOW
Chanakya Amble,7,1,0,1,1,0,0.77,LOW
Ekaja Kata,7,1,0,1,1,0,0.77,LOW
Fitan Keer,7,1,0,1,1,0,0.77,LOW
Raksha Upadhyay,7,1,0,1,1,0,0.77,LOW
Om Rastogi,7,1,0,1,1,0,0.77,LOW
Wahab Bava,7,1,0,1,1,0,0.77,LOW
Ekta Thaman,7,1,0,1,1,0,0.77,LOW
Ansh Mand,7,1,0,1,1,0,0.77,LOW
Yamini Batta,7,1,0,1,1,0,0.77,LOW
Keya Pall,7,1,0,1,1,0,0.77,LOW
Niharika Konda,7,1,0,1,1,0,0.77,LOW
Bimala Bath,7,1,0,1,1,0,0.77,LOW
Janaki Ravel,7,1,0,1,1,0,0.77,LOW
Viraj Hayre,7,1,0,1,1,0,0.77,LOW
Vyanjana Pingle,7,1,0,1,1,0,0.77,LOW
Azad Bhandari,7,1,0,1,1,0,0.77,LOW
Agastya Boase,7,1,0,1,1,0,0.77,LOW
Ekaraj Mani,7,1,0,1,1,0,0.77,LOW
Yutika Garde,7,1,0,1,1,0,0.77,LOW
Kashish Sachdev,7,1,0,1,1,0,0.77,LOW
Udyati Chopra,7,1,0,1,1,0,0.77,LOW
Luke Tara,7,1,0,1,1,0,0.77,LOW
Nandini Pau,7,1,0,1,1,0,0.77,LOW
Harini Soman,7,1,0,1,1,0,0.77,LOW
Abeer Purohit,7,1,0,1,1,0,0.77,LOW
Anirudh Cheema,7,1,0,1,1,0,0.77,LOW
Ronith Palla,7,1,0,1,1,0,0.77,LOW
Vansha Hora,7,1,0,1,1,0,0.77,LOW
Champak Bumb,7,1,0,1,1,0,0.77,LOW
Chakradhar Narain,7,1,0,1,1,0,0.77,LOW
Guneet Randhawa,7,1,0,1,1,0,0.77,LOW
Mohammed Pant,7,1,0,1,1,0,0.77,LOW
Vasatika Khurana,7,1,0,1,1,0,0.77,LOW
Yasti Das,7,1,0,1,1,0,0.77,LOW
Garima Jain,7,1,0,1,1,0,0.77,LOW
Aashi Iyengar,7,1,0,1,1,0,0.77,LOW
Laban Buch,7,1,0,1,1,0,0.77,LOW
Chandani Hayre,7,1,0,1,1,0,0.77,LOW
Vanya Parekh,7,1,0,1,1,0,0.77,LOW
Vedika Tripathi,7,1,0,1,1,0,0.77,LOW
Charita Yogi,7,1,0,1,1,0,0.77,LOW
Panini Mukhopadhyay,7,1,0,1,1,0,0.77,LOW
Yashasvi Bhatnagar,7,1,0,1,1,0,0.77,LOW
Kai Hayre,7,1,0,1,1,0,0.77,LOW
Anusha Barman,7,1,0,1,1,0,0.77,LOW
Champak Badami,7,1,0,1,1,0,0.77,LOW
Upasna Arora,7,1,0,1,1,0,0.77,LOW
Ekalinga Oza,7,1,0,1,1,0,0.77,LOW
Ishaan Rege,7,1,0,1,1,0,0.77,LOW
Hiral Bir,7,1,0,1,1,0,0.77,LOW
Sai Vora,7,1,0,1,1,0,0.77,LOW
Tanveer Boase,7,1,0,1,1,0,0.77,LOW
Qushi Seth,7,1,0,1,1,0,0.77,LOW
Ganga Goel,7,1,0,1,1,0,0.77,LOW
Ekta Chahal,7,1,0,1,1,0,0.77,LOW
Megha Grewal,7,1,0,1,1,0,0.77,LOW
Joshua Lata,7,1,0,1,1,0,0.77,LOW
Vidhi Murthy,7,1,0,1,1,0,0.77,LOW
Nachiket Subramaniam,7,1,0,1,1,0,0.77,LOW
Vedika Shah,7,1,0,1,1,0,0.77,LOW
Indira Butala,7,1,0,1,1,0,0.77,LOW
Nirja Barad,7,1,0,1,1,0,0.77,LOW
Ubika Bhagat,7,1,0,1,1,0,0.77,LOW
Viraj Agrawal,7,1,0,1,1,0,0.77,LOW
Meghana Mohan,7,1,0,1,1,0,0.77,LOW
Hemani Loyal,7,1,0,1,1,0,0.77,LOW
Kevin Balan,7,1,0,1,1,0,0.77,LOW
Mitesh Shah,7,1,0,1,1,0,0.77,LOW
Rushil Wali,7,1,0,1,1,0,0.77,LOW
Chandran Choudhury,7,1,0,1,1,0,0.77,LOW
Ucchal Naik,7,1,0,1,1,0,0.77,LOW
Saumya Apte,7,1,0,1,1,0,0.77,LOW
Hiral Bassi,7,1,0,1,1,0,0.77,LOW
Yashawini Jha,7,1,0,1,1,0,0.77,LOW
Ekantika Trivedi,7,1,0,1,1,0,0.77,LOW
Rachita Kari,7,1,0,1,1,0,0.77,LOW
Nirja Ghosh,7,1,0,1,1,0,0.77,LOW
Panini Mohan,7,1,0,1,1,0,0.77,LOW
Ronith Narang,7,1,0,1,1,0,0.77,LOW
Yachana Buch,7,1,0,1,1,0,0.77,LOW
Sai Kunda,7,1,0,1,1,0,0.77,LOW
Damini Kadakia,7,1,0,1,1,0,0.77,LOW
Pranit Reddy,7,1,0,1,1,0,0.77,LOW
Karan Ganesan,7,1,0,1,1,0,0.77,LOW
Ryan Bobal,7,1,0,1,1,0,0.77,LOW
Aarnav Taneja,7,1,0,1,1,0,0.77,LOW
Jacob Sama,7,1,0,1,1,0,0.77,LOW
Faqid Mohan,7,1,0,1,1,0,0.77,LOW
Geetika Sen,7,1,0,1,1,0,0.77,LOW
Damini Kanda,7,1,0,1,1,0,0.77,LOW
Chakrika Lanka,7,1,0,1,1,0,0.77,LOW
Orinder Gokhale,7,1,0,1,1,0,0.77,LOW
Abhimanyu Parekh,7,1,0,1,1,0,0.77,LOW
Shivansh Barad,7,1,0,1,1,0,0.77,LOW
Qabil Sarraf,7,1,0,1,1,0,0.77,LOW
Leela Purohit,7,1,0,1,1,0,0.77,LOW
Sathvik Agate,7,1,0,1,1,0,0.77,LOW
Anvi Sule,7,1,0,1,1,0,0.77,LOW
Kevin Datta,7,1,0,1,1,0,0.77,LOW
Saanvi Vala,7,1,0,1,1,0,0.77,LOW
Amrita Brar,7,1,0,1,1,0,0.77,LOW
Warda Narasimhan,7,1,0,1,1,0,0.77,LOW
Meera Buch,7,1,0,1,1,0,0.77,LOW
Parth Walia,7,1,0,1,1,0,0.77,LOW
Ekaja Parmar,7,1,0,1,1,0,0.77,LOW
Qushi Sankar,7,1,0,1,1,0,0.77,LOW
Nilima Khare,7,1,0,1,1,0,0.77,LOW
Damini Bhatt,7,1,0,1,1,0,0.77,LOW
Mohini Goyal,7,1,0,1,1,0,0.77,LOW
Xalak Mitra,7,1,0,1,1,0,0.77,LOW
Dhruv Datta,7,1,0,1,1,0,0.77,LOW
Chandresh Rattan,7,1,0,1,1,0,0.77,LOW
Caleb Dani,7,1,0,1,1,0,0.77,LOW
Rushil Dara,7,1,0,1,1,0,0.77,LOW
Nitesh Butala,7,1,0,1,1,0,0.77,LOW
Maanav Lad,7,1,0,1,1,0,0.77,LOW
Saanvi Mohanty,7,1,0,1,1,0,0.77,LOW
Laksh Ben,7,1,0,1,1,0,0.77,LOW
Kiaan Vaidya,7,1,0,1,1,0,0.77,LOW
Orinder Oza,7,1,0,1,1,0,0.77,LOW
Vasatika Tailor,7,1,0,1,1,0,0.77,LOW
Ridhi Kanda,7,1,0,1,1,0,0.77,LOW
Krishna Prasad,7,1,0,1,1,0,0.77,LOW
Pranav Sachdev,7,1,0,1,1,0,0.77,LOW
Indali Hans,7,1,0,1,1,0,0.77,LOW
Girik Deshpande,7,1,0,1,1,0,0.77,LOW
Eta Grewal,7,1,0,1,1,0,0.77,LOW
Ayaan Borah,7,1,0,1,1,0,0.77,LOW
Forum Trivedi,7,1,0,1,1,0,0.77,LOW
Indira Sastry,7,1,0,1,1,0,0.77,LOW
Krishna Barad,7,1,0,1,1,0,0.77,LOW
Ekapad Chana,7,1,0,1,1,0,0.77,LOW
Varenya Borra,7,1,0,1,1,0,0.77,LOW
Radha Bali,7,1,0,1,1,0,0.77,LOW
Daksha Vohra,7,1,0,1,1,0,0.77,LOW
Bhavya Arora,7,1,0,1,1,0,0.77,LOW
Bhavika Gandhi,7,1,0,1,1,0,0.77,LOW
Jyoti Lall,7,1,0,1,1,0,0.77,LOW
Dominic Borra,7,1,0,1,1,0,0.77,LOW
Bishakha Ramanathan,7,1,0,1,1,0,0.77,LOW
Chakradhar Cheema,7,1,0,1,1,0,0.77,LOW
Eshana Toor,7,1,0,1,1,0,0.77,LOW
Anirudh Maharaj,7,1,0,1,1,0,0.77,LOW
Yochana Bawa,7,1,0,1,1,0,0.77,LOW
Qabil Sawhney,7,1,0,1,1,0,0.77,LOW
Isha Zacharia,7,1,0,1,1,0,0.77,LOW
Ayaan Nagi,7,1,0,1,1,0,0.77,LOW
Netra Chokshi,7,1,0,1,1,0,0.77,LOW
Pooja Mital,7,1,0,1,1,0,0.77,LOW
Ayush Munshi,7,1,0,1,1,0,0.77,LOW
Naveen Tripathi,7,1,0,1,1,0,0.77,LOW
Alka Mital,7,1,0,1,1,0,0.77,LOW
Samesh Biswas,7,1,0,1,1,0,0.77,LOW
Oviya Cherian,7,1,0,1,1,0,0.77,LOW
Tripti Dasgupta,7,1,0,1,1,0,0.77,LOW
Krishna Solanki,7,1,0,1,1,0,0.77,LOW
Eta Contractor,7,1,0,1,1,0,0.77,LOW
Urvi Shan,7,1,0,1,1,0,0.77,LOW
Anthony Dixit,7,1,0,1,1,0,0.77,LOW
Praneel Suri,7,1,0,1,1,0,0.77,LOW
Aarnav Dixit,7,1,0,1,1,0,0.77,LOW
Bachittar Parikh,7,1,0,1,1,0,0.77,LOW
Nirja Gour,7,1,0,1,1,0,0.77,LOW
Vasudha Devi,7,1,0,1,1,0,0.77,LOW
Maanav Chowdhury,7,1,0,1,1,0,0.77,LOW
Sara Chakrabarti,7,1,0,1,1,0,0.77,LOW
Balendra Kothari,7,1,0,1,1,0,0.77,LOW
Hema Walia,7,1,0,1,1,0,0.77,LOW
Dalaja Acharya,7,1,0,1,1,0,0.77,LOW
Samesh Mahajan,7,1,0,1,1,0,0.77,LOW
Aditya Sekhon,7,1,0,1,1,0,0.77,LOW
Sai Garde,7,1,0,1,1,0,0.77,LOW
Vivaan Badal,7,1,0,1,1,0,0.77,LOW
Shaurya Dalal,7,1,0,1,1,0,0.77,LOW
Kevin Amble,7,1,0,1,1,0,0.77,LOW
Alexander Khanna,7,1,0,1,1,0,0.77,LOW
Xiti Bedi,7,1,0,1,1,0,0.77,LOW
Anvi Swaminathan,7,1,0,1,1,0,0.77,LOW
Yashica Bhavsar,7,1,0,1,1,0,0.77,LOW
Aarini Doctor,7,1,0,1,1,0,0.77,LOW
Damini Bose,7,1,0,1,1,0,0.77,LOW
Upkaar Randhawa,7,1,0,1,1,0,0.77,LOW
Rachit Morar,7,1,0,1,1,0,0.77,LOW
David Lalla,7,1,0,1,1,0,0.77,LOW
Atharv Dasgupta,7,1,0,1,1,0,0.77,LOW
Nitesh Seth,7,1,0,1,1,0,0.77,LOW
Yug Khosla,7,1,0,1,1,0,0.77,LOW
Anmol Madan,7,1,0,1,1,0,0.77,LOW
Jagrati Chacko,7,1,0,1,1,0,0.77,LOW
Ishanvi Sastry,7,1,0,1,1,0,0.77,LOW
Qushi Ahuja,7,1,0,1,1,0,0.77,LOW
Zaid Dhar,7,1,0,1,1,0,0.77,LOW
Gaurangi Prabhu,7,1,0,1,1,0,0.77,LOW
Leela Nath,7,1,0,1,1,0,0.77,LOW
Raksha Sheth,7,1,0,1,1,0,0.77,LOW
Meghana Lad,7,1,0,1,1,0,0.77,LOW
Vansha Dugar,7,1,0,1,1,0,0.77,LOW
Yashasvi Gera,7,1,0,1,1,0,0.77,LOW
Darika Patla,7,1,0,1,1,0,0.77,LOW
Hemal Mahal,7,1,0,1,1,0,0.77,LOW
Aarini Sura,7,1,0,1,1,0,0.77,LOW
Nidra Mannan,7,1,0,1,1,0,0.77,LOW
Damyanti Tank,7,1,0,1,1,0,0.77,LOW
Nathaniel Balan,7,1,0,1,1,0,0.77,LOW
Ayush Doshi,7,1,0,1,1,0,0.77,LOW
Abeer Datta,7,1,0,1,1,0,0.77,LOW
Darsh Dugal,7,1,0,1,1,0,0.77,LOW
Waida Hora,7,1,0,1,1,0,0.77,LOW
Xavier Ratta,7,1,0,1,1,0,0.77,LOW
Gagan Lalla,7,1,0,1,1,0,0.77,LOW
Netra Sachar,7,1,0,1,1,0,0.77,LOW
Bhanumati Samra,7,1,0,1,1,0,0.77,LOW
Omisha Shanker,7,1,0,1,1,0,0.77,LOW
Netra Dugar,7,1,0,1,1,0,0.77,LOW
Liam Misra,7,1,0,1,1,0,0.77,LOW
Vrishti Kumar,7,1,0,1,1,0,0.77,LOW
Jeremiah Dara,7,1,0,1,1,0,0.77,LOW
Jeremiah Dube,7,1,0,1,1,0,0.77,LOW
Avni Dugar,7,1,0,1,1,0,0.77,LOW
Manthan Kurian,7,1,0,1,1,0,0.77,LOW
Jonathan Chakrabarti,7,1,0,1,1,0,0.77,LOW
Gagan Banerjee,7,1,0,1,1,0,0.77,LOW
Ikbal Walla,7,1,0,1,1,0,0.77,LOW
Liam Chanda,7,1,0,1,1,0,0.77,LOW
Yashvi Chhabra,7,1,0,1,1,0,0.77,LOW
Krishna Bajaj,7,1,0,1,1,0,0.77,LOW
Peter Raval,7,1,0,1,1,0,0.77,LOW
Faris Yadav,7,1,0,1,1,0,0.77,LOW
Ekanta Sani,7,1,0,1,1,0,0.77,LOW
Sara Malhotra,7,1,0,1,1,0,0.77,LOW
Anamika Chopra,7,1,0,1,1,0,0.77,LOW
Chameli Bains,7,1,0,1,1,0,0.77,LOW
Eesha Dasgupta,7,1,0,1,1,0,0.77,LOW
Ekalinga Batta,7,1,0,1,1,0,0.77,LOW
Saumya Jaggi,7,1,0,1,1,0,0.77,LOW
Urvi Krishnan,7,1,0,1,1,0,0.77,LOW
Jai Ahuja,7,1,0,1,1,0,0.77,LOW
Bimala Mody,7,1,0,1,1,0,0.77,LOW
Tripti Pall,7,1,0,1,1,0,0.77,LOW
Anusha Atwal,7,1,0,1,1,0,0.77,LOW
Nakul Krishna,7,1,0,1,1,0,0.77,LOW
Pranav Mital,7,1,0,1,1,0,0.77,LOW
Keya Gola,7,1,0,1,1,0,0.77,LOW
Ati Konda,7,1,0,1,1,0,0.77,LOW
Rushil Kalla,7,1,0,1,1,0,0.77,LOW
Chandresh Sankar,7,1,0,1,1,0,0.77,LOW
Tamanna Raja,7,1,0,1,1,0,0.77,LOW
Ishani Nanda,7,1,0,1,1,0,0.77,LOW
Aditya Sodhi,7,1,0,1,1,0,0.77,LOW
Jeremiah Mukhopadhyay,7,1,0,1,1,0,0.77,LOW
Nandini Venkataraman,7,1,0,1,1,0,0.77,LOW
Ganga Bir,7,1,0,1,1,0,0.77,LOW
Falan Sankar,7,1,0,1,1,0,0.77,LOW
Ganga Nayak,7,1,0,1,1,0,0.77,LOW
Januja Loyal,7,1,0,1,1,0,0.77,LOW
Bhavini Choudhry,7,1,0,1,1,0,0.77,LOW
Ijaya Grewal,7,1,0,1,1,0,0.77,LOW
Chandani Palla,7,1,0,1,1,0,0.77,LOW
Chasmum Wali,7,1,0,1,1,0,0.77,LOW
Zehaan Natarajan,7,1,0,1,1,0,0.77,LOW
Omya Bera,7,1,0,1,1,0,0.77,LOW
Christopher Mitra,7,1,0,1,1,0,0.77,LOW
Jairaj Chakraborty,7,1,0,1,1,0,0.77,LOW
Arya Mutti,7,1,0,1,1,0,0.77,LOW
Jatin Buch,7,1,0,1,1,0,0.77,LOW
Ekalinga Patla,7,1,0,1,1,0,0.77,LOW
Vrishti Ravel,7,1,0,1,1,0,0.77,LOW
Anita Sha,7,1,0,1,1,0,0.77,LOW
Anya Mani,7,1,0,1,1,0,0.77,LOW
Vritti Sandhu,7,1,0,1,1,0,0.77,LOW
Aashi Shere,7,1,0,1,1,0,0.77,LOW
Aarna Dara,7,1,0,1,1,0,0.77,LOW
Yashasvi Basak,7,1,0,1,1,0,0.77,LOW
Logan Parmar,7,1,0,1,1,0,0.77,LOW
Yahvi Mallick,7,1,0,1,1,0,0.77,LOW
Aarush Dada,7,1,0,1,1,0,0.77,LOW
Henry Sen,7,1,0,1,1,0,0.77,LOW
Lekha Mital,7,1,0,1,1,0,0.77,LOW
David Sampath,7,1,0,1,1,0,0.77,LOW
Irya Bora,7,1,0,1,1,0,0.77,LOW
Amruta Hegde,7,1,0,1,1,0,0.77,LOW
Charita Bobal,7,1,0,1,1,0,0.77,LOW
Yashvi Seshadri,7,1,0,1,1,0,0.77,LOW
Shivani Mangal,7,1,0,1,1,0,0.77,LOW
Harini Dar,7,1,0,1,1,0,0.77,LOW
Timothy Bobal,7,1,0,1,1,0,0.77,LOW
Lavanya Sood,7,1,0,1,1,0,0.77,LOW
Lakshit Rajagopalan,7,1,0,1,1,0,0.77,LOW
Darpan Rattan,7,1,0,1,1,0,0.77,LOW
Teerth Raval,7,1,0,1,1,0,0.77,LOW
Harshil Saraf,7,1,0,1,1,0,0.77,LOW
Anusha Hayer,7,1,0,1,1,0,0.77,LOW
Priya Gandhi,7,1,0,1,1,0,0.77,LOW
Bahadurjit Kothari,7,1,0,1,1,0,0.77,LOW
Chanchal Madan,7,1,0,1,1,0,0.77,LOW
Dalbir Bali,6,1,0,1,1,0,0.11,LOW
Ekbal Nayak,6,1,0,1,1,0,0.11,LOW
Manya Khare,6,1,0,1,1,0,0.11,LOW
Joshua Butala,6,1,0,1,1,0,0.11,LOW
Samesh Bhatia,6,1,0,1,1,0,0.11,LOW
Meera Sha,6,1,0,1,1,0,0.11,LOW
Unni Srinivasan,6,1,0,1,1,0,0.11,LOW
Champak Merchant,6,1,0,1,1,0,0.11,LOW
Ishwar Bhatnagar,6,1,0,1,1,0,0.11,LOW
Yochana Brar,6,1,0,1,1,0,0.11,LOW
Parth Dhaliwal,6,1,0,1,1,0,0.11,LOW
Krish Ramesh,6,1,0,1,1,0,0.11,LOW
Ekaraj Murthy,6,1,0,1,1,0,0.11,LOW
Rishi Narain,6,1,0,1,1,0,0.11,LOW
Chaitanya Srinivas,6,1,0,1,1,0,0.11,LOW
Gavin Dhar,6,1,0,1,1,0,0.11,LOW
Upkaar Sarkar,6,1,0,1,1,0,0.11,LOW
Jeevika Manda,6,1,0,1,1,0,0.11,LOW
Panini Shankar,6,1,0,1,1,0,0.11,LOW
Bahadurjit Kara,6,1,0,1,1,0,0.11,LOW
Lakshmi Seshadri,6,1,0,1,1,0,0.11,LOW
Mitesh Mallick,6,1,0,1,1,0,0.11,LOW
Alka Tella,6,1,0,1,1,0,0.11,LOW
Nihal Prabhu,6,1,0,1,1,0,0.11,LOW
Advika Bhandari,6,1,0,1,1,0,0.11,LOW
Manbir Kumer,6,1,0,1,1,0,0.11,LOW
Nirja Sathe,6,1,0,1,1,0,0.11,LOW
Abhimanyu Shroff,6,1,0,1,1,0,0.11,LOW
Bhavna Rastogi,6,1,0,1,1,0,0.11,LOW
Kai Ahluwalia,6,1,0,1,1,0,0.11,LOW
Fariq Ghose,6,1,0,1,1,0,0.11,LOW
Yuvraj Pandey,6,1,0,1,1,0,0.11,LOW
Pranav Halder,6,1,0,1,1,0,0.11,LOW
Jeevika Dyal,6,1,0,1,1,0,0.11,LOW
Oviya Dutt,6,1,0,1,1,0,0.11,LOW
Urvashi Pillai,6,1,0,1,1,0,0.11,LOW
Bhanumati Ghose,6,1,0,1,1,0,0.11,LOW
Dalbir Modi,6,1,0,1,1,0,0.11,LOW
Luke Prakash,6,1,0,1,1,0,0.11,LOW
Isaac Bhasin,6,1,0,1,1,0,0.11,LOW
Mugdha Saraf,6,1,0,1,1,0,0.11,LOW
George Sur,6,1,0,1,1,0,0.11,LOW
Bhavna Mody,6,1,0,1,1,0,0.11,LOW
Advika Pandya,6,1,0,1,1,0,0.11,LOW
Chatresh Kade,6,1,0,1,1,0,0.11,LOW
Bhavika Balasubramanian,6,1,0,1,1,0,0.11,LOW
Dev Murty,6,1,0,1,1,0,0.11,LOW
Amruta Lal,6,1,0,1,1,0,0.11,LOW
Yatan Chand,6,1,0,1,1,0,0.11,LOW
Wyatt Sachar,6,1,0,1,1,0,0.11,LOW
Kavya Sangha,6,1,0,1,1,0,0.11,LOW
Frederick Kibe,6,1,0,1,1,0,0.11,LOW
Yauvani Nazareth,6,1,0,1,1,0,0.11,LOW
Ati Karnik,6,1,0,1,1,0,0.11,LOW
Dhruv Sanghvi,6,1,0,1,1,0,0.11,LOW
Madhavi Solanki,6,1,0,1,1,0,0.11,LOW
Harshil Babu,6,1,0,1,1,0,0.11,LOW
Aryan Nazareth,6,1,0,1,1,0,0.11,LOW
Anya Rana,6,1,0,1,1,0,0.11,LOW
Jeremiah Bumb,6,1,0,1,1,0,0.11,LOW
Xiti Ahluwalia,6,1,0,1,1,0,0.11,LOW
Nilima Deep,6,1,0,1,1,0,0.11,LOW
Hardik Mishra,6,1,0,1,1,0,0.11,LOW
Devika Golla,6,1,0,1,1,0,0.11,LOW
Megha Jani,6,1,0,1,1,0,0.11,LOW
Gaurangi Nayak,6,1,0,1,1,0,0.11,LOW
Bhavani Mitter,6,1,0,1,1,0,0.11,LOW
Rachita Garg,6,1,0,1,1,0,0.11,LOW
Abdul Divan,6,1,0,1,1,0,0.11,LOW
Yashvi Suresh,6,1,0,1,1,0,0.11,LOW
Ayaan Keer,6,1,0,1,1,0,0.11,LOW
Abhimanyu Kari,6,1,0,1,1,0,0.11,LOW
Fiyaz Kakar,6,1,0,1,1,0,0.11,LOW
Ikbal Varty,6,1,0,1,1,0,0.11,LOW
Vritti Mittal,6,1,0,1,1,0,0.11,LOW
Advay Lanka,6,1,0,1,1,0,0.11,LOW
Janaki Bose,6,1,0,1,1,0,0.11,LOW
Ekani Subramaniam,6,1,0,1,1,0,0.11,LOW
Elijah Bains,6,1,0,1,1,0,0.11,LOW
Aryan Sachdev,6,1,0,1,1,0,0.11,LOW
Gayathri Sarna,6,1,0,1,1,0,0.11,LOW
Sudiksha Luthra,6,1,0,1,1,0,0.11,LOW
Warda Swamy,6,1,0,1,1,0,0.11,LOW
Xiti Rege,6,1,0,1,1,0,0.11,LOW
Wridesh Master,6,1,0,1,1,0,0.11,LOW
Hema Ahluwalia,6,1,0,1,1,0,0.11,LOW
Mahika Ramakrishnan,6,1,0,1,1,0,0.11,LOW
Raksha Narula,6,1,0,1,1,0,0.11,LOW
Baljiwan Dar,6,1,0,1,1,0,0.11,LOW
Kai Garg,6,1,0,1,1,0,0.11,LOW
Sanya Tiwari,6,1,0,1,1,0,0.11,LOW
Kabir Oza,6,1,0,1,1,0,0.11,LOW
Vidhi Kumer,6,1,0,1,1,0,0.11,LOW
Wahab Parikh,6,1,0,1,1,0,0.11,LOW
Ridhi Kurian,6,1,0,1,1,0,0.11,LOW
Charita Subramaniam,6,1,0,1,1,0,0.11,LOW
Advaith Kalita,6,1,0,1,1,0,0.11,LOW
Eta Shroff,6,1,0,1,1,0,0.11,LOW
Yash Rajagopal,6,1,0,1,1,0,0.11,LOW
Chaitanya Joshi,6,1,0,1,1,0,0.11,LOW
Eta Sridhar,6,1,0,1,1,0,0.11,LOW
Yashasvi Dalal,6,1,0,1,1,0,0.11,LOW
Wazir Gade,6,1,0,1,1,0,0.11,LOW
Gagan Bath,6,1,0,1,1,0,0.11,LOW
Irya Goswami,6,1,0,1,1,0,0.11,LOW
Abdul Badal,6,1,0,1,1,0,0.11,LOW
Chandran Bail,6,1,0,1,1,0,0.11,LOW
Yashawini Shan,6,1,0,1,1,0,0.11,LOW
Ojas Sen,6,1,0,1,1,0,0.11,LOW
Ekapad Khare,6,1,0,1,1,0,0.11,LOW
Tanmayi Toor,6,1,0,1,1,0,0.11,LOW
Faras Bhatnagar,6,1,0,1,1,0,0.11,LOW
Upkaar Sandal,6,1,0,1,1,0,0.11,LOW
Vasatika Pandit,6,1,0,1,1,0,0.11,LOW
Sneha Chawla,6,1,0,1,1,0,0.11,LOW
Oeshi Kale,6,1,0,1,1,0,0.11,LOW
Ethan Padmanabhan,6,1,0,1,1,0,0.11,LOW
Wazir Baria,6,1,0,1,1,0,0.11,LOW
Daniel Chada,6,1,0,1,1,0,0.11,LOW
Yuvraj Salvi,6,1,0,1,1,0,0.11,LOW
Jai Vala,6,1,0,1,1,0,0.11,LOW
Abhiram Iyengar,6,1,0,1,1,0,0.11,LOW
Yashoda Jha,6,1,0,1,1,0,0.11,LOW
Ekbal Acharya,6,1,0,1,1,0,0.11,LOW
Ishaan Mammen,6,1,0,1,1,0,0.11,LOW
Amruta Rajan,6,1,0,1,1,0,0.11,LOW
Eta Saraf,6,1,0,1,1,0,0.11,LOW
Atharv Kara,6,1,0,1,1,0,0.11,LOW
Bhanumati Deshpande,6,1,0,1,1,0,0.11,LOW
Triveni Gill,6,1,0,1,1,0,0.11,LOW
Urvashi Mandal,6,1,0,1,1,0,0.11,LOW
Abha Bala,6,1,0,1,1,0,0.11,LOW
Logan Kumar,6,1,0,1,1,0,0.11,LOW
Gaurangi Kalla,6,1,0,1,1,0,0.11,LOW
Bhavani Kapoor,6,1,0,1,1,0,0.11,LOW
Hemal Koshy,6,1,0,1,1,0,0.11,LOW
Ucchal Chacko,6,1,0,1,1,0,0.11,LOW
Qasim Kari,6,1,0,1,1,0,0.11,LOW
Ekantika Merchant,6,1,0,1,1,0,0.11,LOW
Vasatika Patla,6,1,0,1,1,0,0.11,LOW
Bina Karnik,6,1,0,1,1,0,0.11,LOW
Pahal Yadav,6,1,0,1,1,0,0.11,LOW
Garima Varghese,6,1,0,1,1,0,0.11,LOW
Krisha Shukla,6,1,0,1,1,0,0.11,LOW
Ati Brahmbhatt,6,1,0,1,1,0,0.11,LOW
Raghav Ahuja,6,1,0,1,1,0,0.11,LOW
Nachiket Mohanty,6,1,0,1,1,0,0.11,LOW
Shivansh Zacharia,6,1,0,1,1,0,0.11,LOW
Wazir Patil,6,1,0,1,1,0,0.11,LOW
Harsh Aggarwal,6,1,0,1,1,0,0.11,LOW
Chaitanya Banerjee,6,1,0,1,1,0,0.11,LOW
Zinal Das,6,1,0,1,1,0,0.11,LOW
Sarthak Kanda,6,1,0,1,1,0,0.11,LOW
Aarnav Mane,6,1,0,1,1,0,0.11,LOW
Aradhana Saini,6,1,0,1,1,0,0.11,LOW
Devika Dash,6,1,0,1,1,0,0.11,LOW
Anjali Kohli,6,1,0,1,1,0,0.11,LOW
Theodore Goswami,6,1,0,1,1,0,0.11,LOW
Omya Sankar,6,1,0,1,1,0,0.11,LOW
Advay Om,6,1,0,1,1,0,0.11,LOW
Kalpit Ratti,6,1,0,1,1,0,0.11,LOW
Eiravati Talwar,6,1,0,1,1,0,0.11,LOW
Sachi Acharya,6,1,0,1,1,0,0.11,LOW
Aarnav Manda,6,1,0,1,1,0,0.11,LOW
Keya Parikh,6,1,0,1,1,0,0.11,LOW
Amol Ratta,6,1,0,1,1,0,0.11,LOW
William Dyal,6,1,0,1,1,0,0.11,LOW
Turvi Shetty,6,1,0,1,1,0,0.11,LOW
Panini Varkey,6,1,0,1,1,0,0.11,LOW
Jagat Hans,6,1,0,1,1,0,0.11,LOW
Agastya Shan,6,1,0,1,1,0,0.11,LOW
Naveen Sidhu,6,1,0,1,1,0,0.11,LOW
Shaurya Zacharia,6,1,0,1,1,0,0.11,LOW
Lohit Bath,6,1,0,1,1,0,0.11,LOW
Deepa Sengupta,6,1,0,1,1,0,0.11,LOW
Pranit Thakkar,6,1,0,1,1,0,0.11,LOW
Jason Ahluwalia,6,1,0,1,1,0,0.11,LOW
Shaurya Basak,6,1,0,1,1,0,0.11,LOW
Gaurika Venkatesh,6,1,0,1,1,0,0.11,LOW
Urvashi Kapoor,6,1,0,1,1,0,0.11,LOW
Chasmum Panchal,6,1,0,1,1,0,0.11,LOW
Dayamai Bhakta,6,1,0,1,1,0,0.11,LOW
Oni Varma,6,1,0,1,1,0,0.11,LOW
Jairaj Dash,6,1,0,1,1,0,0.11,LOW
Hitesh Parmar,6,1,0,1,1,0,0.11,LOW
Faqid Vasa,6,1,0,1,1,0,0.11,LOW
Vedika Bal,6,1,0,1,1,0,0.11,LOW
Charles Raja,6,1,0,1,1,0,0.11,LOW
Vyanjana Sibal,6,1,0,1,1,0,0.11,LOW
Ridhi Mallick,6,1,0,1,1,0,0.11,LOW
Umang Chaudhry,6,1,0,1,1,0,0.11,LOW
Odika Dass,6,1,0,1,1,0,0.0,LOW
Udarsh Prabhu,6,1,0,1,1,0,0.0,LOW
Mason Bhasin,6,1,0,1,1,0,0.0,LOW
Quincy Menon,6,1,0,1,1,0,0.0,LOW
Janya Chatterjee,6,1,0,1,1,0,0.0,LOW
Yahvi Deshmukh,6,1,0,1,1,0,0.0,LOW
Sarthak Warrior,6,1,0,1,1,0,0.0,LOW
Manbir Bansal,6,1,0,1,1,0,0.0,LOW
Ekapad Devi,6,1,0,1,1,0,0.0,LOW
Dalaja Bansal,6,1,0,1,1,0,0.0,LOW
Abhimanyu Puri,6,1,0,1,1,0,0.0,LOW
Faraj Tara,6,1,0,1,1,0,0.0,LOW
Yatan Sarna,6,1,0,1,1,0,0.0,LOW
Shaurya De,6,1,0,1,1,0,0.0,LOW
Shivansh Bali,6,1,0,1,1,0,0.0,LOW
Tanay Dalal,6,1,0,1,1,0,0.0,LOW
Hemangini Saraf,6,1,0,1,1,0,0.0,LOW
Janani Hora,6,1,0,1,1,0,0.0,LOW
Oliver Purohit,6,1,0,1,1,0,0.0,LOW
Sanya Khatri,6,1,0,1,1,0,0.0,LOW
Yashawini Deshmukh,6,1,0,1,1,0,0.0,LOW
Nirja Walla,6,1,0,1,1,0,0.0,LOW
Urmi Krish,6,1,0,1,1,0,0.0,LOW
Lila Korpal,6,1,0,1,1,0,0.0,LOW
Ishani Bhatia,6,1,0,1,1,0,0.0,LOW
Bimala Pant,6,1,0,1,1,0,0.0,LOW
Damyanti Loke,6,1,0,1,1,0,0.0,LOW
Nachiket Modi,6,1,0,1,1,0,0.0,LOW
Pranav Ray,6,1,0,1,1,0,0.0,LOW
Rishi Trivedi,6,1,0,1,1,0,0.0,LOW
Tanish Chander,6,1,0,1,1,0,0.0,LOW
Madhavi Narang,6,1,0,1,1,0,0.0,LOW
Zashil Shanker,6,1,0,1,1,0,0.0,LOW
Champak Mahajan,6,1,0,1,1,0,0.0,LOW
Hamsini Chadha,6,1,0,1,1,0,0.0,LOW
Vritti Randhawa,6,1,0,1,1,0,0.0,LOW
Anusha Din,6,1,0,1,1,0,0.0,LOW
Gavin Patla,6,1,0,1,1,0,0.0,LOW
Charan Karnik,6,1,0,1,1,0,0.0,LOW
Chasmum Saran,6,1,0,1,1,0,0.0,LOW
Arunima Bhandari,6,1,0,1,1,0,0.0,LOW
Vinaya Saxena,6,1,0,1,1,0,0.0,LOW
Anmol Baral,6,1,0,1,1,0,0.0,LOW
Vedant Dasgupta,6,1,0,1,1,0,0.0,LOW
Vyanjana Chandra,6,1,0,1,1,0,0.0,LOW
Ekaraj Tak,6,1,0,1,1,0,0.0,LOW
David Parsa,6,1,0,1,1,0,0.0,LOW
Bina Krishnamurthy,6,1,0,1,1,0,0.0,LOW
Advaith Prabhakar,6,1,0,1,1,0,0.0,LOW
Azaan Loyal,6,1,0,1,1,0,0.0,LOW
Vaishnavi Kulkarni,6,1,0,1,1,0,0.0,LOW
Edhitha Radhakrishnan,6,1,0,1,1,0,0.0,LOW
Omisha Chana,6,1,0,1,1,0,0.0,LOW
Advika Madan,6,1,0,1,1,0,0.0,LOW
Wridesh Thakur,6,1,0,1,1,0,0.0,LOW
Gaurangi Bala,6,1,0,1,1,0,0.0,LOW
Theodore Dash,6,1,0,1,1,0,0.0,LOW
Luke Datta,6,1,0,1,1,0,0.0,LOW
Isaac Rau,6,1,0,1,1,0,0.0,LOW
Anamika Sane,6,1,0,1,1,0,0.0,LOW
Dhriti Warrior,6,1,0,1,1,0,0.0,LOW
Warinder Saini,6,1,0,1,1,0,0.0,LOW
Eta Kakar,6,1,0,1,1,0,0.0,LOW
Waida Zacharia,6,1,0,1,1,0,0.0,LOW
Chandani Bala,6,1,0,1,1,0,0.0,LOW
Neha Sant,6,1,0,1,1,0,0.0,LOW
Lakshit Trivedi,6,1,0,1,1,0,0.0,LOW
Brijesh Minhas,6,1,0,1,1,0,0.0,LOW
Gayathri Mistry,6,1,0,1,1,0,0.0,LOW
Shaurya Puri,6,1,0,1,1,0,0.0,LOW
Charan Biswas,6,1,0,1,1,0,0.0,LOW
Nicholas Gala,6,1,0,1,1,0,0.0,LOW
Neha Modi,6,1,0,1,1,0,0.0,LOW
Wazir Roy,6,1,0,1,1,0,0.0,LOW
Ubika Parmar,6,1,0,1,1,0,0.0,LOW
Bimala Divan,6,1,0,1,1,0,0.0,LOW
Pooja Manne,6,1,0,1,1,0,0.0,LOW
Aarini Pathak,6,1,0,1,1,0,0.0,LOW
Hemang Karnik,6,1,0,1,1,0,0.0,LOW
Tarak Bal,6,1,0,1,1,0,0.0,LOW
Hemangini Yadav,6,1,0,1,1,0,0.0,LOW
Kevin Sehgal,6,1,0,1,1,0,0.0,LOW
Wahab Tripathi,6,1,0,1,1,0,0.0,LOW
Zilmil Sachar,6,1,0,1,1,0,0.0,LOW
Chakradev Rajagopalan,6,1,0,1,1,0,0.0,LOW
Nathan Thakur,6,1,0,1,1,0,0.0,LOW
Simon Bhat,6,1,0,1,1,0,0.0,LOW
Vasana Salvi,6,1,0,1,1,0,0.0,LOW
Adweta Agate,6,1,0,1,1,0,0.0,LOW
Xiti Mahajan,6,1,0,1,1,0,0.0,LOW
Balendra Raval,6,1,0,1,1,0,0.0,LOW
Vaishnavi Lad,6,1,0,1,1,0,0.0,LOW
Bimala Iyer,6,1,0,1,1,0,0.0,LOW
Lekha Morar,6,1,0,1,1,0,0.0,LOW
Imaran Raman,6,1,0,1,1,0,0.0,LOW
Yashawini Sankar,6,1,0,1,1,0,0.0,LOW
Wakeeta Mohan,6,1,0,1,1,0,0.0,LOW
Nidhi Suri,6,1,0,1,1,0,0.0,LOW
Lopa Nazareth,6,1,0,1,1,0,0.0,LOW
Bishakha Oak,6,1,0,1,1,0,0.0,LOW
Yashodhara Kanda,6,1,0,1,1,0,0.0,LOW
Lohit Sami,6,1,0,1,1,0,0.0,LOW
Neel Keer,6,1,0,1,1,0,0.0,LOW
Ansh Kala,6,1,0,1,1,0,0.0,LOW
Triya Shukla,6,1,0,1,1,0,0.0,LOW
Leena Raghavan,6,1,0,1,1,0,0.0,LOW
Vedhika Sawhney,6,1,0,1,1,0,0.0,LOW
Vyanjana Goel,6,1,0,1,1,0,0.0,LOW
Elijah Virk,6,1,0,1,1,0,0.0,LOW
Unni Kar,6,1,0,1,1,0,0.0,LOW
Onkar Narayanan,6,1,0,1,1,0,0.0,LOW
Jacob Kadakia,6,1,0,1,1,0,0.0,LOW
Eiravati Banik,6,1,0,1,1,0,0.0,LOW
Arya Garg,6,1,0,1,1,0,0.0,LOW
Ikbal Chaudhry,6,1,0,1,1,0,0.0,LOW
Gayathri Sarma,6,1,0,1,1,0,0.0,LOW
Hemal Pant,6,1,0,1,1,0,0.0,LOW
Chanchal Merchant,6,1,0,1,1,0,0.0,LOW
Priya Mander,6,1,0,1,1,0,0.0,LOW
Suhani Patla,6,1,0,1,1,0,0.0,LOW
Oliver Balakrishnan,6,1,0,1,1,0,0.0,LOW
Samar Ratti,6,1,0,1,1,0,0.0,LOW
Kamala Luthra,6,1,0,1,1,0,0.0,LOW
Brijesh Pingle,6,1,0,1,1,0,0.0,LOW
Isaiah Vasa,6,1,0,1,1,0,0.0,LOW
Lavanya Pau,6,1,0,1,1,0,0.0,LOW
Deepa Sen,6,1,0,1,1,0,0.0,LOW
Tanish Jani,6,1,0,1,1,0,0.0,LOW
Chandran Srivastava,6,1,0,1,1,0,0.0,LOW
Sarthak Wadhwa,6,1,0,1,1,0,0.0,LOW
Hemangini Sami,6,1,0,1,1,0,0.0,LOW
Radhika Naidu,6,1,0,1,1,0,0.0,LOW
Indrajit Thakkar,6,1,0,1,1,0,0.0,LOW
Rachit Lanka,6,1,0,1,1,0,0.0,LOW
Dayamai Pradhan,6,1,0,1,1,0,0.0,LOW
Bhanumati Dugar,6,1,0,1,1,0,0.0,LOW
Harinakshi Bains,6,1,0,1,1,0,0.0,LOW
Fitan Deshpande,6,1,0,1,1,0,0.0,LOW
Michael Acharya,6,1,0,1,1,0,0.0,LOW
Chameli Parmer,6,1,0,1,1,0,0.0,LOW
Aarna Wadhwa,6,1,0,1,1,0,0.0,LOW
Anya Agarwal,6,1,0,1,1,0,0.0,LOW
Harish Guha,6,1,0,1,1,0,0.0,LOW
Naveen Gade,6,1,0,1,1,0,0.0,LOW
Sarthak Mane,6,1,0,1,1,0,0.0,LOW
Viraj Sen,6,1,0,1,1,0,0.0,LOW
Yoshita Natarajan,6,1,0,1,1,0,0.0,LOW
Lohit Dua,6,1,0,1,1,0,0.0,LOW
Tanmayi Ahuja,6,1,0,1,1,0,0.0,LOW
Fitan Bumb,6,1,0,1,1,0,0.0,LOW
Raghav Chaudhuri,6,1,0,1,1,0,0.0,LOW
Charan Patla,6,1,0,1,1,0,0.0,LOW
Upadhriti Minhas,6,1,0,1,1,0,0.0,LOW
Rishi Dar,6,1,0,1,1,0,0.0,LOW
Edhitha Raja,6,1,0,1,1,0,0.0,LOW
Zansi Dass,6,1,0,1,1,0,0.0,LOW
Amara Khanna,6,1,0,1,1,0,0.0,LOW
Oscar Barman,6,1,0,1,1,0,0.0,LOW
Eesha Wagle,6,1,0,1,1,0,0.0,LOW
Aashi Chatterjee,6,1,0,1,1,0,0.0,LOW
Aayush Rajagopal,6,1,0,1,1,0,0.0,LOW
Hemal Wason,6,1,0,1,1,0,0.0,LOW
Andrew Sant,6,1,0,1,1,0,0.0,LOW
Parth Biswas,6,1,0,1,1,0,0.0,LOW
Bina Bhalla,6,1,0,1,1,0,0.0,LOW
Matthew Sunder,6,1,0,1,1,0,0.0,LOW
Warda Dhillon,6,1,0,1,1,0,0.0,LOW
Warjas Malhotra,6,1,0,1,1,0,0.0,LOW
Yoshita Gara,6,1,0,1,1,0,0.0,LOW
Advaith Narula,6,1,0,1,1,0,0.0,LOW
Om Sachdev,6,1,0,1,1,0,0.0,LOW
Tarak Srinivas,6,1,0,1,1,0,0.0,LOW
Mugdha Wali,6,1,0,1,1,0,0.0,LOW
Gagan Barad,6,1,0,1,1,0,0.0,LOW
Warinder Venkatesh,6,1,0,1,1,0,0.0,LOW
Rushil Rajan,6,1,0,1,1,0,0.0,LOW
Vanya Grewal,6,1,0,1,1,0,0.0,LOW
Rishi Memon,6,1,0,1,1,0,0.0,LOW
Kiaan Venkatesh,6,1,0,1,1,0,0.0,LOW
Qasim Menon,6,1,0,1,1,0,0.0,LOW
Onveer Kamdar,6,1,0,1,1,0,0.0,LOW
Faqid Deshpande,6,1,0,1,1,0,0.0,LOW
Raghav Kari,6,1,0,1,1,0,0.0,LOW
Rayaan Sangha,6,1,0,1,1,0,0.0,LOW
Abhiram Sundaram,6,1,0,1,1,0,0.0,LOW
Pooja Bhattacharyya,6,1,0,1,1,0,0.0,LOW
Ganga Saran,6,1,0,1,1,0,0.0,LOW
Forum Swaminathan,6,1,0,1,1,0,0.0,LOW
Aadi Pandit,6,1,0,1,1,0,0.0,LOW
Zehaan Palla,6,1,0,1,1,0,0.0,LOW
Manya Borah,6,1,0,1,1,0,0.0,LOW
Priya Mani,6,1,0,1,1,0,0.0,LOW
Harita Hayre,6,1,0,1,1,0,0.0,LOW
Rishi Raju,6,1,0,1,1,0,0.0,LOW
Kamala De,6,1,0,1,1,0,0.0,LOW
Warda Nagy,6,1,0,1,1,0,0.0,LOW
Neha Singhal,6,1,0,1,1,0,0.0,LOW
Victor Sanghvi,6,1,0,1,1,0,0.0,LOW
Warda Chakrabarti,6,1,0,1,1,0,0.0,LOW
Naksh Soman,6,1,0,1,1,0,0.0,LOW
Faras Thaker,6,1,0,1,1,0,0.0,LOW
Vaishnavi Bail,6,1,0,1,1,0,0.0,LOW
Wakeeta Shah,6,1,0,1,1,0,0.0,LOW
Warinder Trivedi,6,1,0,1,1,0,0.0,LOW
Anmol Ramesh,6,1,0,1,1,0,0.0,LOW
Anusha Badami,6,1,0,1,1,0,0.0,LOW
Tejas Zachariah,6,1,0,1,1,0,0.0,LOW
Ekapad Sunder,6,1,0,1,1,0,0.0,LOW
Madhavi Hayer,6,1,0,1,1,0,0.0,LOW
Teerth Sathe,6,1,0,1,1,0,0.0,LOW
Zayan Parikh,6,1,0,1,1,0,0.0,LOW
Oeshi Shetty,6,1,0,1,1,0,0.0,LOW
Girik Hayer,6,1,0,1,1,0,0.0,LOW
Tristan Keer,6,1,0,1,1,0,0.0,LOW
Oni Bose,6,1,0,1,1,0,0.0,LOW
Reva Barad,6,1,0,1,1,0,0.0,LOW
Wahab Pandey,6,1,0,1,1,0,0.0,LOW
Radhika Mangal,6,1,0,1,1,0,0.0,LOW
Aadi Modi,6,1,0,1,1,0,0.0,LOW
Niharika Basu,6,1,0,1,1,0,0.0,LOW
Zayan Dani,6,1,0,1,1,0,0.0,LOW
Samesh Sandal,6,1,0,1,1,0,0.0,LOW
Peter Mukhopadhyay,6,1,0,1,1,0,0.0,LOW
Theodore Prashad,6,1,0,1,1,0,0.0,LOW
Samuel Ahluwalia,6,1,0,1,1,0,0.0,LOW
Upma Morar,6,1,0,1,1,0,0.0,LOW
Pooja Chahal,6,1,0,1,1,0,0.0,LOW
Vedhika Kaul,6,1,0,1,1,0,0.0,LOW
Aarav Kanda,6,1,0,1,1,0,0.0,LOW
Devansh Baral,6,1,0,1,1,0,0.0,LOW
Kiaan Khatri,6,1,0,1,1,0,0.0,LOW
Veer Dass,6,1,0,1,1,0,0.0,LOW
Pooja Sama,6,1,0,1,1,0,0.0,LOW
Udyati Mangat,6,1,0,1,1,0,0.0,LOW
Eshana Tripathi,6,1,0,1,1,0,0.0,LOW
Pooja Tank,6,1,0,1,1,0,0.0,LOW
Siddharth Desai,6,1,0,1,1,0,0.0,LOW
Arya Kaul,6,1,0,1,1,0,0.0,LOW
Aditya Sridhar,6,1,0,1,1,0,0.0,LOW
Charan Mannan,6,1,0,1,1,0,0.0,LOW
Chasmum Hans,6,1,0,1,1,0,0.0,LOW
Harinakshi Kala,6,1,0,1,1,0,0.0,LOW
Leela Din,6,1,0,1,1,0,0.0,LOW
Faris Talwar,6,1,0,1,1,0,0.0,LOW
Naveen Uppal,6,1,0,1,1,0,0.0,LOW
Vaishnavi Oommen,6,1,0,1,1,0,0.0,LOW
Vinaya Bail,6,1,0,1,1,0,0.0,LOW
Ijaya Nagy,6,1,0,1,1,0,0.0,LOW
Yasti Palla,6,1,0,1,1,0,0.0,LOW
Oviya Sarma,6,1,0,1,1,0,0.0,LOW
Ekta Balay,6,1,0,1,1,0,0.0,LOW
Chatresh Raghavan,6,1,0,1,1,0,0.0,LOW
Jai Varkey,6,1,0,1,1,0,0.0,LOW
Gunbir Mangat,6,1,0,1,1,0,0.0,LOW
Samar Sridhar,6,1,0,1,1,0,0.0,LOW
Lopa Sarraf,6,1,0,1,1,0,0.0,LOW
Lakshit Mammen,6,1,0,1,1,0,0.0,LOW
Deepa Borra,6,1,0,1,1,0,0.0,LOW
Ganga Kapoor,6,1,0,1,1,0,0.0,LOW
Zinal Sha,6,1,0,1,1,0,0.0,LOW
Aarna Padmanabhan,6,1,0,1,1,0,0.0,LOW
Veda Behl,6,1,0,1,1,0,0.0,LOW
Bhavini Nair,6,1,0,1,1,0,0.0,LOW
Ryan Krishnan,6,1,0,1,1,0,0.0,LOW
Luke Korpal,6,1,0,1,1,0,0.0,LOW
Kalpit Sahni,6,1,0,1,1,0,0.0,LOW
Amol Ravi,6,1,0,1,1,0,0.0,LOW
Sanya Kara,6,1,0,1,1,0,0.0,LOW
Harshil Rege,6,1,0,1,1,0,0.0,LOW
Atharv Handa,6,1,0,1,1,0,0.0,LOW
Rachita Goel,6,1,0,1,1,0,0.0,LOW
Sanaya Zachariah,6,1,0,1,1,0,0.0,LOW
Tamanna Sahni,6,1,0,1,1,0,0.0,LOW
Vivaan Hayre,6,1,0,1,1,0,0.0,LOW
Champak Upadhyay,6,1,0,1,1,0,0.0,LOW
Ucchal Nayar,6,1,0,1,1,0,0.0,LOW
Kabir Shenoy,6,1,0,1,1,0,0.0,LOW
Tanay Srinivasan,6,1,0,1,1,0,0.0,LOW
Tanish Parmer,6,1,0,1,1,0,0.0,LOW
Atharv Nori,6,1,0,1,1,0,0.0,LOW
Patrick Mahal,6,1,0,1,1,0,0.0,LOW
Nimrat Kurian,6,1,0,1,1,0,0.0,LOW
Alexander Kant,6,1,0,1,1,0,0.0,LOW
Naveen Choudhary,6,1,0,1,1,0,0.0,LOW
Jhalak Chand,6,1,0,1,1,0,0.0,LOW
Mohammed Lall,6,1,0,1,1,0,0.0,LOW
Sarthak Deep,6,1,0,1,1,0,0.0,LOW
Geetika Chakrabarti,6,1,0,1,1,0,0.0,LOW
Urmi Mody,6,1,0,1,1,0,0.0,LOW
Anamika Muni,6,1,0,1,1,0,0.0,LOW
Rachit Butala,6,1,0,1,1,0,0.0,LOW
Wakeeta Sidhu,6,1,0,1,1,0,0.0,LOW
Hema Lad,6,1,0,1,1,0,0.0,LOW
Avni Sem,6,1,0,1,1,0,0.0,LOW
Udyati Cheema,6,1,0,1,1,0,0.0,LOW
Ikshita Bhargava,6,1,0,1,1,0,0.0,LOW
Aarush Parekh,6,1,0,1,1,0,0.0,LOW
Waida Goda,6,1,0,1,1,0,0.0,LOW
Urmi Srinivas,6,1,0,1,1,0,0.0,LOW
Yochana Ravi,6,1,0,1,1,0,0.0,LOW
Isaiah Sani,6,1,0,1,1,0,0.0,LOW
Darika Bhatnagar,6,1,0,1,1,0,0.0,LOW
Anirudh Sahni,6,1,0,1,1,0,0.0,LOW
Hredhaan Nath,6,1,0,1,1,0,0.0,LOW
Bhavini Dash,6,1,0,1,1,0,0.0,LOW
Lohit Majumdar,6,1,0,1,1,0,0.0,LOW
Deepa Padmanabhan,6,1,0,1,1,0,0.0,LOW
Nitara Gopal,6,1,0,1,1,0,0.0,LOW
Caleb Tiwari,6,1,0,1,1,0,0.0,LOW
Gaurangi Narayanan,6,1,0,1,1,0,0.0,LOW
Netra Salvi,6,1,0,1,1,0,0.0,LOW
Ekantika Dayal,6,1,0,1,1,0,0.0,LOW
Chanchal Shroff,6,1,0,1,1,0,0.0,LOW
Ansh Prabhakar,6,1,0,1,1,0,0.0,LOW
Ira Raju,6,1,0,1,1,0,0.0,LOW
Faris Nigam,6,1,0,1,1,0,0.0,LOW
Jeevika Raghavan,6,1,0,1,1,0,0.0,LOW
Mohini Roy,6,1,0,1,1,0,0.0,LOW
Yug Kaur,6,1,0,1,1,0,0.0,LOW
Victor Raju,6,1,0,1,1,0,0.0,LOW
Elijah Karnik,6,1,0,1,1,0,0.0,LOW
Elijah D’Alia,6,1,0,1,1,0,0.0,LOW
Urvashi Comar,6,1,0,1,1,0,0.0,LOW
Isaac Bhakta,6,1,0,1,1,0,0.0,LOW
Bachittar Chandran,6,1,0,1,1,0,0.0,LOW
Meera Joshi,6,1,0,1,1,0,0.0,LOW
Gabriel Choudhary,6,1,0,1,1,0,0.0,LOW
Vrinda Agate,6,1,0,1,1,0,0.0,LOW
Raagini Arya,6,1,0,1,1,0,0.0,LOW
Kashish Grewal,6,1,0,1,1,0,0.0,LOW
Vaishnavi Chaudhuri,6,1,0,1,1,0,0.0,LOW
Nandini Kibe,6,1,0,1,1,0,0.0,LOW
Lekha Dani,6,1,0,1,1,0,0.0,LOW
Darsh Mukherjee,6,1,0,1,1,0,0.0,LOW
Krishna Subramanian,6,1,0,1,1,0,0.0,LOW
Kalpit Din,6,1,0,1,1,0,0.0,LOW
Jagat Dora,6,1,0,1,1,0,0.0,LOW
Lopa Nadkarni,6,1,0,1,1,0,0.0,LOW
Udyati Ramakrishnan,6,1,0,1,1,0,0.0,LOW
Yadavi Kumar,6,1,0,1,1,0,0.0,LOW
Yutika Agate,6,1,0,1,1,0,0.0,LOW
Eiravati Sandhu,6,1,0,1,1,0,0.0,LOW
Tamanna Khanna,6,1,0,1,1,0,0.0,LOW
Barkha Narula,6,1,0,1,1,0,0.0,LOW
Falguni Kibe,6,1,0,1,1,0,0.0,LOW
Nilima Johal,6,1,0,1,1,0,0.0,LOW
Damini Sura,6,1,0,1,1,0,0.0,LOW
Indali Prabhu,6,1,0,1,1,0,0.0,LOW
Hitesh Rajan,6,1,0,1,1,0,0.0,LOW
Osha Chand,6,1,0,1,1,0,0.0,LOW
Chasmum Sarraf,6,1,0,1,1,0,0.0,LOW
Isaiah Sundaram,6,1,0,1,1,0,0.0,LOW
Irya Kunda,6,1,0,1,1,0,0.0,LOW
Shaurya Viswanathan,6,1,0,1,1,0,0.0,LOW
Hamsini Vala,6,1,0,1,1,0,0.0,LOW
Meera Bala,6,1,0,1,1,0,0.0,LOW
Neelima Gulati,6,1,0,1,1,0,0.0,LOW
Arin Bora,6,1,0,1,1,0,0.0,LOW
Gaurangi Kadakia,6,1,0,1,1,0,0.0,LOW
Pranit Nagarajan,6,1,0,1,1,0,0.0,LOW
Maanav Lanka,6,1,0,1,1,0,0.0,LOW
Gayathri Menon,6,1,0,1,1,0,0.0,LOW
Dhruv Pillai,6,1,0,1,1,0,0.0,LOW
Rachita Radhakrishnan,6,1,0,1,1,0,0.0,LOW
Eta Mitra,6,1,0,1,1,0,0.0,LOW
Riya Walla,6,1,0,1,1,0,0.0,LOW
Lucky Bath,6,1,0,1,1,0,0.0,LOW
Nikita Sathe,6,1,0,1,1,0,0.0,LOW
Xalak Sahota,6,1,0,1,1,0,0.0,LOW
Qushi Chakrabarti,6,1,0,1,1,0,0.0,LOW
Tristan Ramesh,6,1,0,1,1,0,0.0,LOW
Sanaya Gour,6,1,0,1,1,0,0.0,LOW
Advik Mohan,6,1,0,1,1,0,0.0,LOW
George Balay,6,1,0,1,1,0,0.0,LOW
Falan Suri,6,1,0,1,1,0,0.0,LOW
Ranbir Kala,6,1,0,1,1,0,0.0,LOW
Udarsh Nagy,6,1,0,1,1,0,0.0,LOW
Megha Bir,6,1,0,1,1,0,0.0,LOW
Harsh Jaggi,6,1,0,1,1,0,0.0,LOW
Banjeet Gara,6,1,0,1,1,0,0.0,LOW
Yagnesh Sahni,6,1,0,1,1,0,0.0,LOW
Chandran Hari,6,1,0,1,1,0,0.0,LOW
Vasana Lata,6,1,0,1,1,0,0.0,LOW
Gunbir Swaminathan,6,1,0,1,1,0,0.0,LOW
Faras Kala,6,1,0,1,1,0,0.0,LOW
Gagan Guha,6,1,0,1,1,0,0.0,LOW
Ishwar Uppal,6,1,0,1,1,0,0.0,LOW
Urmi Mittal,6,1,0,1,1,0,0.0,LOW
Yatan Misra,6,1,0,1,1,0,0.0,LOW
Ikshita Shanker,6,1,0,1,1,0,0.0,LOW
Ansh Ramachandran,6,1,0,1,1,0,0.0,LOW
Lekha Dalal,6,1,0,1,1,0,0.0,LOW
Orinder Dara,6,1,0,1,1,0,0.0,LOW
Nitesh Ravi,6,1,0,1,1,0,0.0,LOW
Krish Johal,6,1,0,1,1,0,0.0,LOW
Charita Nath,6,1,0,1,1,0,0.0,LOW
Lipika Raval,6,1,0,1,1,0,0.0,LOW
Hamsini Peri,6,1,0,1,1,0,0.0,LOW
Panini Dhawan,6,1,0,1,1,0,0.0,LOW
Fariq Bawa,6,1,0,1,1,0,0.0,LOW
Nandini Bhatti,6,1,0,1,1,0,0.0,LOW
Wazir Soman,6,1,0,1,1,0,0.0,LOW
Yoshita Modi,6,1,0,1,1,0,0.0,LOW
Ikbal Sule,6,1,0,1,1,0,0.0,LOW
Girindra Bakshi,6,1,0,1,1,0,0.0,LOW
Viraj Johal,6,1,0,1,1,0,0.0,LOW
Manan Kant,6,1,0,1,1,0,0.0,LOW
Timothy Tailor,6,1,0,1,1,0,0.0,LOW
David Oak,6,1,0,1,1,0,0.0,LOW
Lakshmi Gole,6,1,0,1,1,0,0.0,LOW
Manbir Sachar,6,1,0,1,1,0,0.0,LOW
Tristan Nazareth,6,1,0,1,1,0,0.0,LOW
Idika Saran,6,1,0,1,1,0,0.0,LOW
Aarnav Kothari,6,1,0,1,1,0,0.0,LOW
Oni Nagi,6,1,0,1,1,0,0.0,LOW
Omkaar Kanda,6,1,0,1,1,0,0.0,LOW
Jeremiah Mann,6,1,0,1,1,0,0.0,LOW
Diya Comar,6,1,0,1,1,0,0.0,LOW
Megha Zacharia,6,1,0,1,1,0,0.0,LOW
Abdul Reddy,6,1,0,1,1,0,0.0,LOW
Isha Ganguly,6,1,0,1,1,0,0.0,LOW
Mitali Kale,6,1,0,1,1,0,0.0,LOW
Jeet Thaman,6,1,0,1,1,0,0.0,LOW
Jagvi Din,6,1,0,1,1,0,0.0,LOW
Charan Agrawal,6,1,0,1,1,0,0.0,LOW
Ishaan Warrior,6,1,0,1,1,0,0.0,LOW
Pranit Dyal,6,1,0,1,1,0,0.0,LOW
Arjun Gade,6,1,0,1,1,0,0.0,LOW
Advaith Ganguly,6,1,0,1,1,0,0.0,LOW
Oviya Hayer,6,1,0,1,1,0,0.0,LOW
Qarin Dhawan,6,1,0,1,1,0,0.0,LOW
Ekapad Narain,6,1,0,1,1,0,0.0,LOW
Azaan Wagle,6,1,0,1,1,0,0.0,LOW
Arjun Singh,6,1,0,1,1,0,0.0,LOW
Darpan Wali,6,1,0,1,1,0,0.0,LOW
Teerth Bhatti,6,1,0,1,1,0,0.0,LOW
Abdul Dara,6,1,0,1,1,0,0.0,LOW
Falguni Borde,6,1,0,1,1,0,0.0,LOW
Zilmil Desai,6,1,0,1,1,0,0.0,LOW
Theodore Vasa,6,1,0,1,1,0,0.0,LOW
Baljiwan Prakash,6,1,0,1,1,0,0.0,LOW
Champak Oza,6,1,0,1,1,0,0.0,LOW
Omya Pingle,6,1,0,1,1,0,0.0,LOW
Ishita Shere,6,1,0,1,1,0,0.0,LOW
Jagat Hora,6,1,0,1,1,0,0.0,LOW
Sarthak Loyal,6,1,0,1,1,0,0.0,LOW
Dhriti Kapadia,6,1,0,1,1,0,0.0,LOW
Advaith Walla,6,1,0,1,1,0,0.0,LOW
Garima Kant,6,1,0,1,1,0,0.0,LOW
Hema Basu,6,1,0,1,1,0,0.0,LOW
Shivani Tripathi,6,1,0,1,1,0,0.0,LOW
Vasatika Dutt,6,1,0,1,1,0,0.0,LOW
Vamakshi Chaudhry,6,1,0,1,1,0,0.0,LOW
Zarna Edwin,6,1,0,1,1,0,0.0,LOW
Gaurang Vig,6,1,0,1,1,0,0.0,LOW
Jagat Jha,6,1,0,1,1,0,0.0,LOW
Fiyaz Raval,6,1,0,1,1,0,0.0,LOW
Chakradhar Bahl,6,1,0,1,1,0,0.0,LOW
Janaki Manne,6,1,0,1,1,0,0.0,LOW
Onkar Tella,6,1,0,1,1,0,0.0,LOW
Dominic Deep,6,1,0,1,1,0,0.0,LOW
Jagvi Mutti,6,1,0,1,1,0,0.0,LOW
Chanakya Nadkarni,6,1,0,1,1,0,0.0,LOW
Nathaniel Zachariah,6,1,0,1,1,0,0.0,LOW
Barkha Setty,6,1,0,1,1,0,0.0,LOW
Amrita Natt,6,1,0,1,1,0,0.0,LOW
Sai Pandya,6,1,0,1,1,0,0.0,LOW
Xavier Dhar,6,1,0,1,1,0,0.0,LOW
Lohit Rattan,6,1,0,1,1,0,0.0,LOW
Finn Johal,6,1,0,1,1,0,0.0,LOW
Ekiya Kumer,6,1,0,1,1,0,0.0,LOW
Qabil Hans,6,1,0,1,1,0,0.0,LOW
Hemangini Raja,6,1,0,1,1,0,0.0,LOW
Anirudh Minhas,6,1,0,1,1,0,0.0,LOW
Maanav Nath,6,1,0,1,1,0,0.0,LOW
Bakhshi Tella,6,1,0,1,1,0,0.0,LOW
Vedika Sundaram,6,1,0,1,1,0,0.0,LOW
Anvi Thakur,6,1,0,1,1,0,0.0,LOW
Zaid Luthra,6,1,0,1,1,0,0.0,LOW
Pallavi Goswami,6,1,0,1,1,0,0.0,LOW
Ishwar Srinivas,6,1,0,1,1,0,0.0,LOW
Lajita Ravi,6,1,0,1,1,0,0.0,LOW
Ayush Bhalla,6,1,0,1,1,0,0.0,LOW
Edhitha Dada,6,1,0,1,1,0,0.0,LOW
Wridesh Rai,6,1,0,1,1,0,0.0,LOW
Avni Banik,6,1,0,1,1,0,0.0,LOW
Vamakshi Kuruvilla,6,1,0,1,1,0,0.0,LOW
Ishita Verma,6,1,0,1,1,0,0.0,LOW
Siya Narang,6,1,0,1,1,0,0.0,LOW
Ekavir Sagar,6,1,0,1,1,0,0.0,LOW
Ladli Mani,6,1,0,1,1,0,0.0,LOW
Yashica Malhotra,6,1,0,1,1,0,0.0,LOW
Indali Parsa,6,1,0,1,1,0,0.0,LOW
Divya Singhal,6,1,0,1,1,0,0.0,LOW
Sara Dhaliwal,6,1,0,1,1,0,0.0,LOW
Jatin Mall,6,1,0,1,1,0,0.0,LOW
Tamanna Singh,6,1,0,1,1,0,0.0,LOW
Aarnav Mander,6,1,0,1,1,0,0.0,LOW
Daniel Tandon,6,1,0,1,1,0,0.0,LOW
Logan Sharma,6,1,0,1,1,0,0.0,LOW
Pavani Chakraborty,6,1,0,1,1,0,0.0,LOW
Yoshita Johal,6,1,0,1,1,0,0.0,LOW
Daksh Viswanathan,6,1,0,1,1,0,0.0,LOW
Logan Chaudhari,6,1,0,1,1,0,0.0,LOW
Krish Bhagat,6,1,0,1,1,0,0.0,LOW
Rachit Jaggi,6,1,0,1,1,0,0.0,LOW
Anika Butala,6,1,0,1,1,0,0.0,LOW
Zashil Parmar,6,1,0,1,1,0,0.0,LOW
Aarush Ahuja,6,1,0,1,1,0,0.0,LOW
Watika Sem,6,1,0,1,1,0,0.0,LOW
Reyansh Bal,6,1,0,1,1,0,0.0,LOW
Harish Merchant,6,1,0,1,1,0,0.0,LOW
Finn Sheth,6,1,0,1,1,0,0.0,LOW
Ganga Saxena,6,1,0,1,1,0,0.0,LOW
Tanveer Suri,6,1,0,1,1,0,0.0,LOW
Charvi Nagi,6,1,0,1,1,0,0.0,LOW
Zinal Mallick,6,1,0,1,1,0,0.0,LOW
Zashil Gupta,6,1,0,1,1,0,0.0,LOW
Samarth Pau,6,1,0,1,1,0,0.0,LOW
Kamya Lal,6,1,0,1,1,0,0.0,LOW
Wishi Roy,6,1,0,1,1,0,0.0,LOW
Aishani Jain,6,1,0,1,1,0,0.0,LOW
Tara Palan,6,1,0,1,1,0,0.0,LOW
Ladli Bansal,6,1,0,1,1,0,0.0,LOW
Harini Puri,6,1,0,1,1,0,0.0,LOW
Abeer Hans,6,1,0,1,1,0,0.0,LOW
Raksha Arya,6,1,0,1,1,0,0.0,LOW
Jonathan Bhattacharyya,6,1,0,1,1,0,0.0,LOW
Ranveer Bawa,6,1,0,1,1,0,0.0,LOW
Warinder Raman,6,1,0,1,1,0,0.0,LOW
Reyansh Bhat,6,1,0,1,1,0,0.0,LOW
Nirja Bhardwaj,6,1,0,1,1,0,0.0,LOW
Rachana Chandran,6,1,0,1,1,0,0.0,LOW
Advaith Bhat,6,1,0,1,1,0,0.0,LOW
Utkarsh Bakshi,6,1,0,1,1,0,0.0,LOW
Brinda Bahri,6,1,0,1,1,0,0.0,LOW
Jalsa Bakshi,6,1,0,1,1,0,0.0,LOW
Bahadurjit Hari,6,1,0,1,1,0,0.0,LOW
Ladli Mittal,6,1,0,1,1,0,0.0,LOW
Aishani Rau,6,1,0,1,1,0,0.0,LOW
Advika Chaudhary,6,1,0,1,1,0,0.0,LOW
Aadhya Lalla,6,1,0,1,1,0,0.0,LOW
Nihal Gole,6,1,0,1,1,0,0.0,LOW
Warinder Wadhwa,6,1,0,1,1,0,0.0,LOW
Garima Ghose,6,1,0,1,1,0,0.0,LOW
Vamakshi Mukhopadhyay,6,1,0,1,1,0,0.0,LOW
Chameli Mall,6,1,0,1,1,0,0.0,LOW
Harrison Bora,6,1,0,1,1,0,0.0,LOW
Ethan Rout,6,1,0,1,1,0,0.0,LOW
Vamakshi Maharaj,6,1,0,1,1,0,0.0,LOW
Atharv Shetty,6,1,0,1,1,0,0.0,LOW
Bishakha Pradhan,6,1,0,1,1,0,0.0,LOW
Chakradev Pingle,6,1,0,1,1,0,0.0,LOW
Chandran Oommen,6,1,0,1,1,0,0.0,LOW
Ridhi Khatri,6,1,0,1,1,0,0.0,LOW
Agastya Bhavsar,6,1,0,1,1,0,0.0,LOW
Kashvi Raval,6,1,0,1,1,0,0.0,LOW
Edhitha Sachar,6,1,0,1,1,0,0.0,LOW
Jagat Khanna,6,1,0,1,1,0,0.0,LOW
Qadim Sheth,6,1,0,1,1,0,0.0,LOW
Madhav Sane,6,1,0,1,1,0,0.0,LOW
Gaurangi Viswanathan,6,1,0,1,1,0,0.0,LOW
Patrick Mannan,6,1,0,1,1,0,0.0,LOW
Anirudh Anne,6,1,0,1,1,0,0.0,LOW
Ishita Borra,6,1,0,1,1,0,0.0,LOW
Advika Sen,6,1,0,1,1,0,0.0,LOW
Oeshi Dash,6,1,0,1,1,0,0.0,LOW
Ansh Walla,6,1,0,1,1,0,0.0,LOW
Waida Gaba,6,1,0,1,1,0,0.0,LOW
Gautam Rao,6,1,0,1,1,0,0.0,LOW
Dalaja Tara,6,1,0,1,1,0,0.0,LOW
Chandresh Gaba,6,1,0,1,1,0,0.0,LOW
Eiravati Ratti,6,1,0,1,1,0,0.0,LOW
Gavin Seth,6,1,0,1,1,0,0.0,LOW
Rachit Mammen,6,1,0,1,1,0,0.0,LOW
Ishaan Balay,6,1,0,1,1,0,0.0,LOW
Vasatika Majumdar,6,1,0,1,1,0,0.0,LOW
Sachi Kara,6,1,0,1,1,0,0.0,LOW
William Varty,6,1,0,1,1,0,0.0,LOW
Gaurav Keer,6,1,0,1,1,0,0.0,LOW
Anirudh Sampath,6,1,0,1,1,0,0.0,LOW
Anjali Das,6,1,0,1,1,0,0.0,LOW
Gopal Sengupta,6,1,0,1,1,0,0.0,LOW
Radhika Minhas,6,1,0,1,1,0,0.0,LOW
Bakhshi Chhabra,6,1,0,1,1,0,0.0,LOW
Akshay Sama,6,1,0,1,1,0,0.0,LOW
Harish Purohit,6,1,0,1,1,0,0.0,LOW
Manan Andra,6,1,0,1,1,0,0.0,LOW
Ranveer Choudhury,6,1,0,1,1,0,0.0,LOW
Panini Dhar,6,1,0,1,1,0,0.0,LOW
Yashasvi Rege,6,1,0,1,1,0,0.0,LOW
Jeevika Panchal,6,1,0,1,1,0,0.0,LOW
Ria Gera,6,1,0,1,1,0,0.0,LOW
Raksha Chahal,6,1,0,1,1,0,0.0,LOW
Jairaj Puri,6,1,0,1,1,0,0.0,LOW
Indali Modi,6,1,0,1,1,0,0.0,LOW
Chaman Jaggi,6,1,0,1,1,0,0.0,LOW
Shivani Natarajan,6,1,0,1,1,0,0.0,LOW
Pranav Bandi,6,1,0,1,1,0,0.0,LOW
Ekapad Kanda,6,1,0,1,1,0,0.0,LOW
Dakshesh Natt,6,1,0,1,1,0,0.0,LOW
Yashasvi Pal,6,1,0,1,1,0,0.0,LOW
Chatura Misra,6,1,0,1,1,0,0.0,LOW
Januja Ravel,6,1,0,1,1,0,0.0,LOW
Oeshi Kala,6,1,0,1,1,0,0.0,LOW
Jason Shetty,6,1,0,1,1,0,0.0,LOW
Hemani Nath,6,1,0,1,1,0,0.0,LOW
Kabir Dua,6,1,0,1,1,0,0.0,LOW
Arjun Bhalla,6,1,0,1,1,0,0.0,LOW
Neel Rajan,6,1,0,1,1,0,0.0,LOW
Hredhaan Brahmbhatt,6,1,0,1,1,0,0.0,LOW
Dhriti Palan,6,1,0,1,1,0,0.0,LOW
Zansi Wagle,6,1,0,1,1,0,0.0,LOW
Ubika Raval,6,1,0,1,1,0,0.0,LOW
Aditya Bassi,6,1,0,1,1,0,0.0,LOW
Mohammed Taneja,6,1,0,1,1,0,0.0,LOW
Owen Badami,6,1,0,1,1,0,0.0,LOW
Jeevika Bakshi,6,1,0,1,1,0,0.0,LOW
Sarthak Johal,6,1,0,1,1,0,0.0,LOW
Suhani Panchal,6,1,0,1,1,0,0.0,LOW
Theodore Hari,6,1,0,1,1,0,0.0,LOW
Brinda Bhagat,6,1,0,1,1,0,0.0,LOW
Azad Mangat,6,1,0,1,1,0,0.0,LOW
Balendra Sawhney,6,1,0,1,1,0,0.0,LOW
Eta Yogi,6,1,0,1,1,0,0.0,LOW
Qabil Pradhan,6,1,0,1,1,0,0.0,LOW
Jagrati Wali,6,1,0,1,1,0,0.0,LOW
Anirudh Shere,6,1,0,1,1,0,0.0,LOW
Tamanna Srinivasan,6,1,0,1,1,0,0.0,LOW
Yashodhara Kashyap,6,1,0,1,1,0,0.0,LOW
Yatin Batta,6,1,0,1,1,0,0.0,LOW
Ishaan Barman,6,1,0,1,1,0,0.0,LOW
Deepa Natarajan,6,1,0,1,1,0,0.0,LOW
Turvi Johal,6,1,0,1,1,0,0.0,LOW
Advay Mutti,6,1,0,1,1,0,0.0,LOW
Yash Gole,6,1,0,1,1,0,0.0,LOW
Arin Konda,6,1,0,1,1,0,0.0,LOW
Chanchal Apte,6,1,0,1,1,0,0.0,LOW
Rachana Sood,6,1,0,1,1,0,0.0,LOW
Anay Bera,6,1,0,1,1,0,0.0,LOW
Ayushman Gupta,6,1,0,1,1,0,0.0,LOW
Falan Devi,6,1,0,1,1,0,0.0,LOW
Yachana Varty,6,1,0,1,1,0,0.0,LOW
Nikita Shah,6,1,0,1,1,0,0.0,LOW
Upkaar Seshadri,6,1,0,1,1,0,0.0,LOW
Chaaya Sanghvi,6,1,0,1,1,0,0.0,LOW
Krish Wali,6,1,0,1,1,0,0.0,LOW
Kashvi Sheth,6,1,0,1,1,0,0.0,LOW
Lavanya Sandhu,6,1,0,1,1,0,0.0,LOW
Adya Kuruvilla,6,1,0,1,1,0,0.0,LOW
Karan Barman,6,1,0,1,1,0,0.0,LOW
Xalak Nagy,6,1,0,1,1,0,0.0,LOW
Gaurav Aggarwal,6,1,0,1,1,0,0.0,LOW
Parth Bali,6,1,0,1,1,0,0.0,LOW
Arya Bose,6,1,0,1,1,0,0.0,LOW
Deepa Barman,6,1,0,1,1,0,0.0,LOW
Ubika Bhatt,6,1,0,1,1,0,0.0,LOW
Vrinda Tella,6,1,0,1,1,0,0.0,LOW
Prisha Kalita,6,1,0,1,1,0,0.0,LOW
Abhiram Srinivasan,6,1,0,1,1,0,0.0,LOW
Neelima Savant,6,1,0,1,1,0,0.0,LOW
Hemal Chowdhury,6,1,0,1,1,0,0.0,LOW
Onveer Grewal,6,1,0,1,1,0,0.0,LOW
Veer Gopal,6,1,0,1,1,0,0.0,LOW
Sathvik Chatterjee,6,1,0,1,1,0,0.0,LOW
Urishilla Bali,6,1,0,1,1,0,0.0,LOW
Imaran Saraf,6,1,0,1,1,0,0.0,LOW
Amara Purohit,6,1,0,1,1,0,0.0,LOW
Siddharth Bassi,6,1,0,1,1,0,0.0,LOW
Bina Goswami,6,1,0,1,1,0,0.0,LOW
Yug Lad,6,1,0,1,1,0,0.0,LOW
Baghyawati Goswami,6,1,0,1,1,0,0.0,LOW
Vidhi Barman,6,1,0,1,1,0,0.0,LOW
Yashvi Krish,6,1,0,1,1,0,0.0,LOW
Oliver Seshadri,6,1,0,1,1,0,0.0,LOW
Rishi Mittal,6,1,0,1,1,0,0.0,LOW
Teerth Dora,6,1,0,1,1,0,0.0,LOW
Jacob Behl,6,1,0,1,1,0,0.0,LOW
Ayush Sachdev,6,1,0,1,1,0,0.0,LOW
Ekbal Pai,6,1,0,1,1,0,0.0,LOW
Prisha Viswanathan,6,1,0,1,1,0,0.0,LOW
Yachana Loke,6,1,0,1,1,0,0.0,LOW
Lakshit Morar,6,1,0,1,1,0,0.0,LOW
Eshana Khanna,6,1,0,1,1,0,0.0,LOW
Owen Keer,6,1,0,1,1,0,0.0,LOW
Champak Gaba,6,1,0,1,1,0,0.0,LOW
Yashawini Dugar,6,1,0,1,1,0,0.0,LOW
Kai Edwin,6,1,0,1,1,0,0.0,LOW
Lajita Modi,6,1,0,1,1,0,0.0,LOW
Ronith Sami,6,1,0,1,1,0,0.0,LOW
Baljiwan Keer,6,1,0,1,1,0,0.0,LOW
Jatin Dasgupta,6,1,0,1,1,0,0.0,LOW
Divya Chauhan,6,1,0,1,1,0,0.0,LOW
Lucky Prasad,6,1,0,1,1,0,0.0,LOW
Bina Mandal,6,1,0,1,1,0,0.0,LOW
Charan Brar,6,1,0,1,1,0,0.0,LOW
Yash Choudhry,6,1,0,1,1,0,0.0,LOW
Amrita Iyer,6,1,0,1,1,0,0.0,LOW
Eta Kala,6,1,0,1,1,0,0.0,LOW
Oliver Karan,6,1,0,1,1,0,0.0,LOW
Jackson Kalla,6,1,0,1,1,0,0.0,LOW
Jeremiah Chand,6,1,0,1,1,0,0.0,LOW
Ishaan Solanki,6,1,0,1,1,0,0.0,LOW
Saanvi Merchant,6,1,0,1,1,0,0.0,LOW
Meghana Dasgupta,6,1,0,1,1,0,0.0,LOW
Lipika Issac,6,1,0,1,1,0,0.0,LOW
Omaja Das,6,1,0,1,1,0,0.0,LOW
Ayaan Borra,6,1,0,1,1,0,0.0,LOW
Bishakha Pathak,6,1,0,1,1,0,0.0,LOW
Karan Prakash,6,1,0,1,1,0,0.0,LOW
Suhani Bedi,6,1,0,1,1,0,0.0,LOW
Rachita Kalita,6,1,0,1,1,0,0.0,LOW
Anirudh Khosla,6,1,0,1,1,0,0.0,LOW
Ekalinga Patil,6,1,0,1,1,0,0.0,LOW
Yachana Gade,6,1,0,1,1,0,0.0,LOW
Pratyush Srinivasan,6,1,0,1,1,0,0.0,LOW
Yoshita Sodhi,6,1,0,1,1,0,0.0,LOW
Damini Majumdar,6,1,0,1,1,0,0.0,LOW
Adweta Raghavan,6,1,0,1,1,0,0.0,LOW
Pallavi Vaidya,6,1,0,1,1,0,0.0,LOW
Ishaan Sant,6,1,0,1,1,0,0.0,LOW
Ishwar Pathak,6,1,0,1,1,0,0.0,LOW
Jagat Dara,6,1,0,1,1,0,0.0,LOW
Darsh Uppal,6,1,0,1,1,0,0.0,LOW
Nitesh Dada,6,1,0,1,1,0,0.0,LOW
Dayamai Chandran,6,1,0,1,1,0,0.0,LOW
Adweta Bhatt,6,1,0,1,1,0,0.0,LOW
Kavya Bhatti,6,1,0,1,1,0,0.0,LOW
Chandani Arora,6,1,0,1,1,0,0.0,LOW
Kamya Barad,6,1,0,1,1,0,0.0,LOW
Geetika Sethi,6,1,0,1,1,0,0.0,LOW
Radha Barad,6,1,0,1,1,0,0.0,LOW
Madhav Modi,6,1,0,1,1,0,0.0,LOW
Nidhi Chaudry,6,1,0,1,1,0,0.0,LOW
Anya Ratta,6,1,0,1,1,0,0.0,LOW
Diya Thaker,6,1,0,1,1,0,0.0,LOW
Peter Kant,6,1,0,1,1,0,0.0,LOW
Manan Bala,6,1,0,1,1,0,0.0,LOW
Abha Nagar,6,1,0,1,1,0,0.0,LOW
Samuel Sinha,6,1,0,1,1,0,0.0,LOW
Caleb Solanki,6,1,0,1,1,0,0.0,LOW
Lopa Vora,6,1,0,1,1,0,0.0,LOW
Pavani Sengupta,6,1,0,1,1,0,0.0,LOW
Abha Din,6,1,0,1,1,0,0.0,LOW
Krisha Halder,6,1,0,1,1,0,0.0,LOW
Darika Wable,6,1,0,1,1,0,0.0,LOW
Aradhana Bir,6,1,0,1,1,0,0.0,LOW
Aachal Ramesh,6,1,0,1,1,0,0.0,LOW
Zinal Kala,6,1,0,1,1,0,0.0,LOW
Naksh Morar,6,1,0,1,1,0,0.0,LOW
Matthew Hans,6,1,0,1,1,0,0.0,LOW
Ladli Mishra,6,1,0,1,1,0,0.0,LOW
Anika Shroff,6,1,0,1,1,0,0.0,LOW
Samar Shukla,6,1,0,1,1,0,0.0,LOW
Urmi Acharya,6,1,0,1,1,0,0.0,LOW
Pushti Mangal,6,1,0,1,1,0,0.0,LOW
Dalbir Memon,6,1,0,1,1,0,0.0,LOW
Priya Gola,6,1,0,1,1,0,0.0,LOW
Noah Buch,6,1,0,1,1,0,0.0,LOW
Victor Kalla,6,1,0,1,1,0,0.0,LOW
Samar Talwar,6,1,0,1,1,0,0.0,LOW
Mohini Tripathi,6,1,0,1,1,0,0.0,LOW
Neha Tata,6,1,0,1,1,0,0.0,LOW
Chakradev Sangha,6,1,0,1,1,0,0.0,LOW
Vritti Rama,6,1,0,1,1,0,0.0,LOW
Mohammed Bhardwaj,6,1,0,1,1,0,0.0,LOW
Raghav Master,6,1,0,1,1,0,0.0,LOW
Daniel Sheth,6,1,0,1,1,0,0.0,LOW
Divya Parmer,6,1,0,1,1,0,0.0,LOW
Nirja Palan,6,1,0,1,1,0,0.0,LOW
Omisha Chandra,6,1,0,1,1,0,0.0,LOW
Rudra Chaudry,6,1,0,1,1,0,0.0,LOW
Udant Tata,6,1,0,1,1,0,0.0,LOW
Adya Sama,6,1,0,1,1,0,0.0,LOW
Inaya Pai,6,1,0,1,1,0,0.0,LOW
Damini Gour,6,1,0,1,1,0,0.0,LOW
Bhavna Kala,6,1,0,1,1,0,0.0,LOW
Nachiket Shenoy,6,1,0,1,1,0,0.0,LOW
Vrishti Mitter,6,1,0,1,1,0,0.0,LOW
Lipika Kota,6,1,0,1,1,0,0.0,LOW
Jairaj Barad,6,1,0,1,1,0,0.0,LOW
Vanya Anand,6,1,0,1,1,0,0.0,LOW
Michael Saha,6,1,0,1,1,0,0.0,LOW
Yamini Ray,6,1,0,1,1,0,0.0,LOW
Kalpit Rege,6,1,0,1,1,0,0.0,LOW
Damyanti Hora,6,1,0,1,1,0,0.0,LOW
George Chanda,6,1,0,1,1,0,0.0,LOW
Ekavir Chokshi,6,1,0,1,1,0,0.0,LOW
Nachiket Ram,6,1,0,1,1,0,0.0,LOW
Triveni Boase,6,1,0,1,1,0,0.0,LOW
Upadhriti Dutta,6,1,0,1,1,0,0.0,LOW
Urmi Bhardwaj,6,1,0,1,1,0,0.0,LOW
Tanish Singhal,6,1,0,1,1,0,0.0,LOW
Krishna Goel,6,1,0,1,1,0,0.0,LOW
Girish Mand,6,1,0,1,1,0,0.0,LOW
Urishilla Bhagat,6,1,0,1,1,0,0.0,LOW
Kai Solanki,6,1,0,1,1,0,0.0,LOW
Oliver Chandran,6,1,0,1,1,0,0.0,LOW
Gavin Parsa,6,1,0,1,1,0,0.0,LOW
Aarav Johal,6,1,0,1,1,0,0.0,LOW
Nathaniel Nair,6,1,0,1,1,0,0.0,LOW
Tripti Tata,6,1,0,1,1,0,0.0,LOW
Widisha Bhardwaj,6,1,0,1,1,0,0.0,LOW
Tarak Raval,6,1,0,1,1,0,0.0,LOW
Anita Chander,6,1,0,1,1,0,0.0,LOW
Ria Seth,6,1,0,1,1,0,0.0,LOW
Naveen Bhatnagar,6,1,0,1,1,0,0.0,LOW
Sara Natt,6,1,0,1,1,0,0.0,LOW
Jackson Khosla,6,1,0,1,1,0,0.0,LOW
Agastya Ramakrishnan,6,1,0,1,1,0,0.0,LOW
Gautam Dugal,6,1,0,1,1,0,0.0,LOW
Tripti Shan,6,1,0,1,1,0,0.0,LOW
Jatin Goda,6,1,0,1,1,0,0.0,LOW
Pahal Parsa,6,1,0,1,1,0,0.0,LOW
Benjamin Bose,6,1,0,1,1,0,0.0,LOW
Ishwar Garg,6,1,0,1,1,0,0.0,LOW
Dakshesh Halder,6,1,0,1,1,0,0.0,LOW
Ayaan Jaggi,6,1,0,1,1,0,0.0,LOW
Gaurangi Amble,6,1,0,1,1,0,0.0,LOW
Vamakshi Master,6,1,0,1,1,0,0.0,LOW
Nathaniel Wali,6,1,0,1,1,0,0.0,LOW
Xiti Chandra,6,1,0,1,1,0,0.0,LOW
Januja Rai,6,1,0,1,1,0,0.0,LOW
Oliver Dugal,6,1,0,1,1,0,0.0,LOW
Jairaj Mohanty,6,1,0,1,1,0,0.0,LOW
Nitesh Varty,6,1,0,1,1,0,0.0,LOW
Garima Sane,6,1,0,1,1,0,0.0,LOW
Oni Aurora,6,1,0,1,1,0,0.0,LOW
Pushti Soni,6,1,0,1,1,0,0.0,LOW
Avni Rana,6,1,0,1,1,0,0.0,LOW
Jacob Goel,6,1,0,1,1,0,0.0,LOW
Zehaan Choudhry,6,1,0,1,1,0,0.0,LOW
Riya Korpal,6,1,0,1,1,0,0.0,LOW
Isaac Rajagopal,6,1,0,1,1,0,0.0,LOW
Rishi Butala,6,1,0,1,1,0,0.0,LOW
Saksham Ram,6,1,0,1,1,0,0.0,LOW
Vaishnavi Madan,6,1,0,1,1,0,0.0,LOW
Vanya Bhattacharyya,6,1,0,1,1,0,0.0,LOW
Urvashi Sundaram,6,1,0,1,1,0,0.0,LOW
Indali Bobal,6,1,0,1,1,0,0.0,LOW
Nandini Singh,6,1,0,1,1,0,0.0,LOW
Indira Yohannan,6,1,0,1,1,0,0.0,LOW
Vihaan Brahmbhatt,6,1,0,1,1,0,0.0,LOW
Idika Kant,6,1,0,1,1,0,0.0,LOW
Jairaj Madan,6,1,0,1,1,0,0.0,LOW
Fariq Arora,6,1,0,1,1,0,0.0,LOW
Mason Bali,6,1,0,1,1,0,0.0,LOW
Yatin Bahl,6,1,0,1,1,0,0.0,LOW
Aayush Shenoy,6,1,0,1,1,0,0.0,LOW
Abha Chakrabarti,6,1,0,1,1,0,0.0,LOW
Ekansh Sangha,6,1,0,1,1,0,0.0,LOW
Anusha Gade,6,1,0,1,1,0,0.0,LOW
Kabir Iyengar,6,1,0,1,1,0,0.0,LOW
Hemangini Narayanan,6,1,0,1,1,0,0.0,LOW
Deepa Borde,6,1,0,1,1,0,0.0,LOW
Laban Randhawa,6,1,0,1,1,0,0.0,LOW
Gunbir Patel,6,1,0,1,1,0,0.0,LOW
Vedant Dutta,6,1,0,1,1,0,0.0,LOW
Nilima Kala,6,1,0,1,1,0,0.0,LOW
Isaiah Chad,6,1,0,1,1,0,0.0,LOW
Oscar Nagar,6,1,0,1,1,0,0.0,LOW
Mekhala Trivedi,6,1,0,1,1,0,0.0,LOW
Aradhana Kala,6,1,0,1,1,0,0.0,LOW
Kamya Andra,6,1,0,1,1,0,0.0,LOW
Sanya Cheema,6,1,0,1,1,0,0.0,LOW
Warhi Sane,6,1,0,1,1,0,0.0,LOW
Tejas Deshmukh,6,1,0,1,1,0,0.0,LOW
Triveni Kakar,6,1,0,1,1,0,0.0,LOW
Ladli Prashad,6,1,0,1,1,0,0.0,LOW
Yagnesh Pandey,6,1,0,1,1,0,0.0,LOW
Baljiwan Munshi,6,1,0,1,1,0,0.0,LOW
Wriddhish Yohannan,6,1,0,1,1,0,0.0,LOW
Harish Prabhakar,6,1,0,1,1,0,0.0,LOW
Wridesh Divan,6,1,0,1,1,0,0.0,LOW
Pahal Dutta,6,1,0,1,1,0,0.0,LOW
Aarav Murthy,6,1,0,1,1,0,0.0,LOW
Dalbir Dhingra,6,1,0,1,1,0,0.0,LOW
Fiyaz Grewal,6,1,0,1,1,0,0.0,LOW
Sara Nadkarni,6,1,0,1,1,0,0.0,LOW
Ikshita Shah,6,1,0,1,1,0,0.0,LOW
Qadim Rai,6,1,0,1,1,0,0.0,LOW
Benjamin Singh,6,1,0,1,1,0,0.0,LOW
Eshana Guha,6,1,0,1,1,0,0.0,LOW
Ojas Edwin,6,1,0,1,1,0,0.0,LOW
Utkarsh Luthra,6,1,0,1,1,0,0.0,LOW
Hritik Saran,6,1,0,1,1,0,0.0,LOW
Arin Swaminathan,6,1,0,1,1,0,0.0,LOW
Triya Soman,6,1,0,1,1,0,0.0,LOW
Geetika Parikh,6,1,0,1,1,0,0.0,LOW
Hredhaan Ghosh,6,1,0,1,1,0,0.0,LOW
Rachit Walla,6,1,0,1,1,0,0.0,LOW
Nakul Zachariah,6,1,0,1,1,0,0.0,LOW
William Chacko,6,1,0,1,1,0,0.0,LOW
Urvashi Balakrishnan,6,1,0,1,1,0,0.0,LOW
Jason Lad,6,1,0,1,1,0,0.0,LOW
Arin Dhingra,6,1,0,1,1,0,0.0,LOW
Anamika Raman,6,1,0,1,1,0,0.0,LOW
Urishilla Bajaj,6,1,0,1,1,0,0.0,LOW
Ekbal Majumdar,6,1,0,1,1,0,0.0,LOW
Lucky Bhatti,6,1,0,1,1,0,0.0,LOW
Diya Morar,6,1,0,1,1,0,0.0,LOW
Yadavi Pau,6,1,0,1,1,0,0.0,LOW
Indrajit Borde,6,1,0,1,1,0,0.0,LOW
Suhani Tara,6,1,0,1,1,0,0.0,LOW
Balendra Kumar,6,1,0,1,1,0,0.0,LOW
Isha Nagarajan,6,1,0,1,1,0,0.0,LOW
Maanas Iyengar,6,1,0,1,1,0,0.0,LOW
Ekantika Sen,6,1,0,1,1,0,0.0,LOW
Turvi Golla,6,1,0,1,1,0,0.0,LOW
Gaurika Karan,6,1,0,1,1,0,0.0,LOW
Aditya Pai,6,1,0,1,1,0,0.0,LOW
Mohammed Kothari,6,1,0,1,1,0,0.0,LOW
Chanchal Sant,6,1,0,1,1,0,0.0,LOW
Unni Zachariah,6,1,0,1,1,0,0.0,LOW
Finn Modi,6,1,0,1,1,0,0.0,LOW
Sanya Patla,6,1,0,1,1,0,0.0,LOW
Isaiah Barman,6,1,0,1,1,0,0.0,LOW
Laksh Saha,6,1,0,1,1,0,0.0,LOW
Mekhala Tailor,6,1,0,1,1,0,0.0,LOW
Qabil Prabhakar,6,1,0,1,1,0,0.0,LOW
Raghav Narasimhan,6,1,0,1,1,0,0.0,LOW
Faraj Ghose,6,1,0,1,1,0,0.0,LOW
Michael Dhingra,6,1,0,1,1,0,0.0,LOW
Oni Roy,6,1,0,1,1,0,0.0,LOW
Zehaan Zacharia,6,1,0,1,1,0,0.0,LOW
Megha Shetty,6,1,0,1,1,0,0.0,LOW
Hamsini Guha,6,1,0,1,1,0,0.0,LOW
Nimrat Johal,6,1,0,1,1,0,0.0,LOW
Hemang Setty,6,1,0,1,1,0,0.0,LOW
Libni Pandya,6,1,0,1,1,0,0.0,LOW
Wakeeta Banerjee,6,1,0,1,1,0,0.0,LOW
Shravya Mangat,6,1,0,1,1,0,0.0,LOW
Advay Shukla,6,1,0,1,1,0,0.0,LOW
Yashawini Chaudry,6,1,0,1,1,0,0.0,LOW
Jai Hans,6,1,0,1,1,0,0.0,LOW
Maanas Ramakrishnan,6,1,0,1,1,0,0.0,LOW
Damini Sur,6,1,0,1,1,0,0.0,LOW
Zaitra Jhaveri,6,1,0,1,1,0,0.0,LOW
Yash Dhaliwal,6,1,0,1,1,0,0.0,LOW
Udant Saran,6,1,0,1,1,0,0.0,LOW
Peter Mitter,6,1,0,1,1,0,0.0,LOW
Falan Sehgal,6,1,0,1,1,0,0.0,LOW
Yashoda Basak,6,1,0,1,1,0,0.0,LOW
Azaan Ramaswamy,6,1,0,1,1,0,0.0,LOW
Ishita Patel,6,1,0,1,1,0,0.0,LOW
Oni Kohli,6,1,0,1,1,0,0.0,LOW
Faqid Krishna,6,1,0,1,1,0,0.0,LOW
Nikita Thaker,6,1,0,1,1,0,0.0,LOW
Noah Narayan,6,1,0,1,1,0,0.0,LOW
Baljiwan Peri,6,1,0,1,1,0,0.0,LOW
Ladli Bhalla,6,1,0,1,1,0,0.0,LOW
Ansh Krishnan,6,1,0,1,1,0,0.0,LOW
Aarush Hayer,6,1,0,1,1,0,0.0,LOW
Oeshi Sule,6,1,0,1,1,0,0.0,LOW
Manbir Kale,6,1,0,1,1,0,0.0,LOW
Rayaan Bhandari,6,1,0,1,1,0,0.0,LOW
Charan Pai,6,1,0,1,1,0,0.0,LOW
Dominic Rajan,6,1,0,1,1,0,0.0,LOW
Jyoti Gara,6,1,0,1,1,0,0.0,LOW
Wazir Dave,6,1,0,1,1,0,0.0,LOW
Ria Ganguly,6,1,0,1,1,0,0.0,LOW
Nicholas Sharaf,6,1,0,1,1,0,0.0,LOW
Logan Balay,6,1,0,1,1,0,0.0,LOW
Fariq Pai,6,1,0,1,1,0,0.0,LOW
Luke Bhat,6,1,0,1,1,0,0.0,LOW
Sudiksha Memon,6,1,0,1,1,0,0.0,LOW
Azaan Bakshi,6,1,0,1,1,0,0.0,LOW
Advaith Som,6,1,0,1,1,0,0.0,LOW
Ishita Chakrabarti,6,1,0,1,1,0,0.0,LOW
Balhaar Kothari,6,1,0,1,1,0,0.0,LOW
Tarak Srinivasan,6,1,0,1,1,0,0.0,LOW
Nathan Dhaliwal,6,1,0,1,1,0,0.0,LOW
Ria Kade,6,1,0,1,1,0,0.0,LOW
Parth Chakraborty,6,1,0,1,1,0,0.0,LOW
Rachita Dhawan,6,1,0,1,1,0,0.0,LOW
Radhika Shan,6,1,0,1,1,0,0.0,LOW
Ekavir Acharya,6,1,0,1,1,0,0.0,LOW
Bachittar Desai,6,1,0,1,1,0,0.0,LOW
Vivaan Bhalla,6,1,0,1,1,0,0.0,LOW
Veer Mittal,6,1,0,1,1,0,0.0,LOW
Kavya Sandal,6,1,0,1,1,0,0.0,LOW
Ikshita Chokshi,6,1,0,1,1,0,0.0,LOW
Warhi Dani,6,1,0,1,1,0,0.0,LOW
Ridhi Sanghvi,6,1,0,1,1,0,0.0,LOW
Inaya Dhar,6,1,0,1,1,0,0.0,LOW
Bhavika Mammen,6,1,0,1,1,0,0.0,LOW
Ekiya Mukhopadhyay,6,1,0,1,1,0,0.0,LOW
Daniel Sampath,6,1,0,1,1,0,0.0,LOW
Keya Gupta,6,1,0,1,1,0,0.0,LOW
Rajata Doctor,6,1,0,1,1,0,0.0,LOW
Zaid Saxena,6,1,0,1,1,0,0.0,LOW
Panini Halder,6,1,0,1,1,0,0.0,LOW
Om Chandra,6,1,0,1,1,0,0.0,LOW
Aarav Muni,6,1,0,1,1,0,0.0,LOW
Arunima Kibe,6,1,0,1,1,0,0.0,LOW
Aayush Mandal,6,1,0,1,1,0,0.0,LOW
Samar Krishna,6,1,0,1,1,0,0.0,LOW
Oliver Chahal,6,1,0,1,1,0,0.0,LOW
Samuel Amble,6,1,0,1,1,0,0.0,LOW
Luke Rau,6,1,0,1,1,0,0.0,LOW
Zayyan Raju,6,1,0,1,1,0,0.0,LOW
Kala Goel,6,1,0,1,1,0,0.0,LOW
Udyati Bains,6,1,0,1,1,0,0.0,LOW
Manya Chaudhari,6,1,0,1,1,0,0.0,LOW
Chakrika Mohan,6,1,0,1,1,0,0.0,LOW
Faris Mani,6,1,0,1,1,0,0.0,LOW
Vedant Gala,6,1,0,1,1,0,0.0,LOW
Adweta Basu,6,1,0,1,1,0,0.0,LOW
Atharv Kanda,6,1,0,1,1,0,0.0,LOW
Vinaya Reddy,6,1,0,1,1,0,0.0,LOW
Hiral Ramanathan,6,1,0,1,1,0,0.0,LOW
Aashi Badami,6,1,0,1,1,0,0.0,LOW
Yashodhara Solanki,6,1,0,1,1,0,0.0,LOW
Kashvi Wali,6,1,0,1,1,0,0.0,LOW
Oscar Varma,6,1,0,1,1,0,0.0,LOW
Gagan Anne,6,1,0,1,1,0,0.0,LOW
Karan Doshi,6,1,0,1,1,0,0.0,LOW
Hardik Sachar,6,1,0,1,1,0,0.0,LOW
Ansh Keer,6,1,0,1,1,0,0.0,LOW
Radhika Ratti,6,1,0,1,1,0,0.0,LOW
Tanveer Kapoor,6,1,0,1,1,0,0.0,LOW
Rushil Karpe,6,1,0,1,1,0,0.0,LOW
Charvi Gala,6,1,0,1,1,0,0.0,LOW
Gayathri Vaidya,6,1,0,1,1,0,0.0,LOW
Anita Bumb,6,1,0,1,1,0,0.0,LOW
Zashil Munshi,6,1,0,1,1,0,0.0,LOW
Girish Mani,6,1,0,1,1,0,0.0,LOW
Gaurav Biswas,6,1,0,1,1,0,0.0,LOW
Vansha Borra,6,1,0,1,1,0,0.0,LOW
Abha Dani,6,1,0,1,1,0,0.0,LOW
Xavier Gola,6,1,0,1,1,0,0.0,LOW
Radhika Seshadri,6,1,0,1,1,0,0.0,LOW
Ucchal Lata,6,1,0,1,1,0,0.0,LOW
Aadhya Sen,6,1,0,1,1,0,0.0,LOW
Ishaan Upadhyay,6,1,0,1,1,0,0.0,LOW
Zayyan Malhotra,6,1,0,1,1,0,0.0,LOW
Chandresh Sarin,6,1,0,1,1,0,0.0,LOW
Karan Sen,6,1,0,1,1,0,0.0,LOW
Henry Lall,6,1,0,1,1,0,0.0,LOW
Akshay Shankar,6,1,0,1,1,0,0.0,LOW
Bhanumati Patla,6,1,0,1,1,0,0.0,LOW
Neel Pant,6,1,0,1,1,0,0.0,LOW
Chavvi Bhargava,6,1,0,1,1,0,0.0,LOW
Niharika Aurora,6,1,0,1,1,0,0.0,LOW
Elijah Golla,6,1,0,1,1,0,0.0,LOW
Qushi Dube,6,1,0,1,1,0,0.0,LOW
Samar Sharaf,6,1,0,1,1,0,0.0,LOW
Udarsh Bera,6,1,0,1,1,0,0.0,LOW
Harshil Anand,6,1,0,1,1,0,0.0,LOW
Fiyaz Hegde,6,1,0,1,1,0,0.0,LOW
Eesha Mangat,6,1,0,1,1,0,0.0,LOW
Garima Warrior,6,1,0,1,1,0,0.0,LOW
Caleb Nigam,6,1,0,1,1,0,0.0,LOW
Vasana Sami,6,1,0,1,1,0,0.0,LOW
Gunbir Chada,6,1,0,1,1,0,0.0,LOW
Pooja Doctor,6,1,0,1,1,0,0.0,LOW
Dhriti Srinivasan,6,1,0,1,1,0,0.0,LOW
Harshil Bora,6,1,0,1,1,0,0.0,LOW
Lakshit Buch,6,1,0,1,1,0,0.0,LOW
Urvi Kohli,6,1,0,1,1,0,0.0,LOW
Michael Nori,6,1,0,1,1,0,0.0,LOW
Jhalak Purohit,6,1,0,1,1,0,0.0,LOW
Divya Sampath,6,1,0,1,1,0,0.0,LOW
Sarthak Tak,6,1,0,1,1,0,0.0,LOW
Rachita Ramaswamy,6,1,0,1,1,0,0.0,LOW
Falak Hayre,6,1,0,1,1,0,0.0,LOW
Vincent Tandon,6,1,0,1,1,0,0.0,LOW
Vamakshi Sha,6,1,0,1,1,0,0.0,LOW
Priya Bhakta,6,1,0,1,1,0,0.0,LOW
Kalpit Ram,6,1,0,1,1,0,0.0,LOW
Kiaan Randhawa,6,1,0,1,1,0,0.0,LOW
Vansha Pillay,6,1,0,1,1,0,0.0,LOW
Kashvi Manda,6,1,0,1,1,0,0.0,LOW
Yahvi Buch,6,1,0,1,1,0,0.0,LOW
Chakradev Murty,6,1,0,1,1,0,0.0,LOW
Nitesh Loyal,6,1,0,1,1,0,0.0,LOW
Wriddhish Bahl,6,1,0,1,1,0,0.0,LOW
Harini Wali,6,1,0,1,1,0,0.0,LOW
Arin Murthy,6,1,0,1,1,0,0.0,LOW
Ekavir Minhas,6,1,0,1,1,0,0.0,LOW
Nicholas Dasgupta,6,1,0,1,1,0,0.0,LOW
Januja Saran,6,1,0,1,1,0,0.0,LOW
Xalak Som,6,1,0,1,1,0,0.0,LOW
Lajita Aggarwal,6,1,0,1,1,0,0.0,LOW
Hemangini Tripathi,6,1,0,1,1,0,0.0,LOW
Urvi Raval,6,1,0,1,1,0,0.0,LOW
Ishaan Tripathi,6,1,0,1,1,0,0.0,LOW
Nimrat Kannan,6,1,0,1,1,0,0.0,LOW
Arjun Lad,6,1,0,1,1,0,0.0,LOW
Oni Chacko,6,1,0,1,1,0,0.0,LOW
Wahab Narain,6,1,0,1,1,0,0.0,LOW
Atharv More,6,1,0,1,1,0,0.0,LOW
Warhi Barad,6,1,0,1,1,0,0.0,LOW
Zansi Muni,6,1,0,1,1,0,0.0,LOW
Raagini Lanka,6,1,0,1,1,0,0.0,LOW
Pushti Batta,6,1,0,1,1,0,0.0,LOW
Ekbal Luthra,6,1,0,1,1,0,0.0,LOW
Vincent Doshi,6,1,0,1,1,0,0.0,LOW
Harrison Mittal,6,1,0,1,1,0,0.0,LOW
Radhika Choudhry,6,1,0,1,1,0,0.0,LOW
Mitali Rout,6,1,0,1,1,0,0.0,LOW
Pushti Bail,6,1,0,1,1,0,0.0,LOW
Harshil Ranganathan,6,1,0,1,1,0,0.0,LOW
Daksh Luthra,6,1,0,1,1,0,0.0,LOW
Prisha Dara,6,1,0,1,1,0,0.0,LOW
Christopher Sibal,6,1,0,1,1,0,0.0,LOW
Nirja Raju,6,1,0,1,1,0,0.0,LOW
Vedant Narasimhan,6,1,0,1,1,0,0.0,LOW
Naksh Iyengar,6,1,0,1,1,0,0.0,LOW
Dakshesh Thaman,6,1,0,1,1,0,0.0,LOW
Harshil Kamdar,6,1,0,1,1,0,0.0,LOW
Kai Naik,6,1,0,1,1,0,0.0,LOW
Jatin Borde,6,1,0,1,1,0,0.0,LOW
Kevin Yadav,6,1,0,1,1,0,0.0,LOW
Charvi Rastogi,6,1,0,1,1,0,0.0,LOW
Hemal Narang,6,1,0,1,1,0,0.0,LOW
Saksham Iyer,6,1,0,1,1,0,0.0,LOW
Idika Rana,6,1,0,1,1,0,0.0,LOW
Radhika Balan,6,1,0,1,1,0,0.0,LOW
Vasatika Barman,6,1,0,1,1,0,0.0,LOW
Frado Saha,6,1,0,1,1,0,0.0,LOW
Anita Shroff,6,1,0,1,1,0,0.0,LOW
Yutika Brahmbhatt,6,1,0,1,1,0,0.0,LOW
Abhimanyu Shan,6,1,0,1,1,0,0.0,LOW
Ekanta Tandon,6,1,0,1,1,0,0.0,LOW
Warhi Kothari,6,1,0,1,1,0,0.0,LOW
Upma Gopal,6,1,0,1,1,0,0.0,LOW
Raagini Viswanathan,6,1,0,1,1,0,0.0,LOW
Ranbir Ramaswamy,6,1,0,1,1,0,0.0,LOW
Chakrika Mallick,6,1,0,1,1,0,0.0,LOW
Harish Arora,6,1,0,1,1,0,0.0,LOW
Zashil Bhatt,6,1,0,1,1,0,0.0,LOW
Bishakha Viswanathan,6,1,0,1,1,0,0.0,LOW
Advaith Radhakrishnan,6,1,0,1,1,0,0.0,LOW
Anjali Sami,6,1,0,1,1,0,0.0,LOW
Ishwar Bahri,6,1,0,1,1,0,0.0,LOW
Rayaan Dube,6,1,0,1,1,0,0.0,LOW
Benjamin Shroff,6,1,0,1,1,0,0.0,LOW
Aradhana Reddy,6,1,0,1,1,0,0.0,LOW
Qadim Lad,6,1,0,1,1,0,0.0,LOW
Upasna Bhargava,6,1,0,1,1,0,0.0,LOW
Udyati Mohan,6,1,0,1,1,0,0.0,LOW
Advaith Pai,6,1,0,1,1,0,0.0,LOW
Azad Hari,6,1,0,1,1,0,0.0,LOW
Tanay Seshadri,6,1,0,1,1,0,0.0,LOW
Raghav Garg,6,1,0,1,1,0,0.0,LOW
Yashawini Shukla,6,1,0,1,1,0,0.0,LOW
Yochana Sibal,6,1,0,1,1,0,0.0,LOW
Shivani Kapadia,6,1,0,1,1,0,0.0,LOW
Harish Rama,6,1,0,1,1,0,0.0,LOW
Bina Zachariah,6,1,0,1,1,0,0.0,LOW
Tanvi Kadakia,6,1,0,1,1,0,0.0,LOW
Jacob Nadig,6,1,0,1,1,0,0.0,LOW
Chakrika Vig,6,1,0,1,1,0,0.0,LOW
Charvi Das,6,1,0,1,1,0,0.0,LOW
Raagini Patla,6,1,0,1,1,0,0.0,LOW
Unni Bumb,6,1,0,1,1,0,0.0,LOW
Omkaar Sule,6,1,0,1,1,0,0.0,LOW
Raksha Nori,6,1,0,1,1,0,0.0,LOW
Jack Deshmukh,6,1,0,1,1,0,0.0,LOW
Hitesh Reddy,6,1,0,1,1,0,0.0,LOW
Vasatika Comar,6,1,0,1,1,0,0.0,LOW
Tanish Bahl,6,1,0,1,1,0,0.0,LOW
Harshil Chauhan,6,1,0,1,1,0,0.0,LOW
Zarna Palla,6,1,0,1,1,0,0.0,LOW
Ridhi Savant,6,1,0,1,1,0,0.0,LOW
Triveni Barad,6,1,0,1,1,0,0.0,LOW
Gaurav Venkataraman,6,1,0,1,1,0,0.0,LOW
Hemang Dass,6,1,0,1,1,0,0.0,LOW
Yug Sarin,6,1,0,1,1,0,0.0,LOW
Ranbir Chopra,6,1,0,1,1,0,0.0,LOW
Chakrika Sheth,6,1,0,1,1,0,0.0,LOW
Bakhshi Ratti,6,1,0,1,1,0,0.0,LOW
Teerth Kota,6,1,0,1,1,0,0.0,LOW
Ranveer Arya,6,1,0,1,1,0,0.0,LOW
Widisha Natarajan,6,1,0,1,1,0,0.0,LOW
Oscar Venkatesh,6,1,0,1,1,0,0.0,LOW
Jagrati Bath,6,1,0,1,1,0,0.0,LOW
Bachittar Nanda,6,1,0,1,1,0,0.0,LOW
Vaishnavi Deshmukh,6,1,0,1,1,0,0.0,LOW
Vritti Sabharwal,6,1,0,1,1,0,0.0,LOW
Bina Ramanathan,6,1,0,1,1,0,0.0,LOW
Dakshesh Mander,6,1,0,1,1,0,0.0,LOW
Maanav Brahmbhatt,6,1,0,1,1,0,0.0,LOW
Upkaar Walla,6,1,0,1,1,0,0.0,LOW
Jhalak Buch,6,1,0,1,1,0,0.0,LOW
Sai Srinivas,6,1,0,1,1,0,0.0,LOW
Hredhaan Pathak,6,1,0,1,1,0,0.0,LOW
Unni Chahal,6,1,0,1,1,0,0.0,LOW
Tristan Bedi,6,1,0,1,1,0,0.0,LOW
Naveen Chana,6,1,0,1,1,0,0.0,LOW
Netra Arora,6,1,0,1,1,0,0.0,LOW
Tanmayi Dhar,6,1,0,1,1,0,0.0,LOW
Pallavi Minhas,6,1,0,1,1,0,0.0,LOW
Kashish Saran,6,1,0,1,1,0,0.0,LOW
Brinda Som,6,1,0,1,1,0,0.0,LOW
Frederick Butala,6,1,0,1,1,0,0.0,LOW
Ekanta Gara,6,1,0,1,1,0,0.0,LOW
Gavin Mand,6,1,0,1,1,0,0.0,LOW
Frado Borra,6,1,0,1,1,0,0.0,LOW
Chaaya Dave,6,1,0,1,1,0,0.0,LOW
Tanmayi Rajagopal,6,1,0,1,1,0,0.0,LOW
Azad Bose,6,1,0,1,1,0,0.0,LOW
Victor Virk,6,1,0,1,1,0,0.0,LOW
Advika Prashad,6,1,0,1,1,0,0.0,LOW
Qasim Apte,6,1,0,1,1,0,0.0,LOW
Nandini Misra,6,1,0,1,1,0,0.0,LOW
Laksh Rege,6,1,0,1,1,0,0.0,LOW
Manbir Borde,6,1,0,1,1,0,0.0,LOW
Bhavika Lalla,6,1,0,1,1,0,0.0,LOW
Darpan Pradhan,6,1,0,1,1,0,0.0,LOW
Widisha Sachdev,6,1,0,1,1,0,0.0,LOW
Caleb Sandal,6,1,0,1,1,0,0.0,LOW
Eta Luthra,6,1,0,1,1,0,0.0,LOW
Hema Dube,6,1,0,1,1,0,0.0,LOW
Zilmil Sarkar,6,1,0,1,1,0,0.0,LOW
Jagdish Yadav,6,1,0,1,1,0,0.0,LOW
Onkar Balan,6,1,0,1,1,0,0.0,LOW
Vamakshi Deep,6,1,0,1,1,0,0.0,LOW
Tripti Bath,6,1,0,1,1,0,0.0,LOW
Jatin Date,6,1,0,1,1,0,0.0,LOW
Alka Padmanabhan,6,1,0,1,1,0,0.0,LOW
Falak Tella,6,1,0,1,1,0,0.0,LOW
Jhalak Sidhu,6,1,0,1,1,0,0.0,LOW
Adweta Vyas,6,1,0,1,1,0,0.0,LOW
Faras Rajan,6,1,0,1,1,0,0.0,LOW
Zayan Tank,6,1,0,1,1,0,0.0,LOW
Lakshit Zacharia,6,1,0,1,1,0,0.0,LOW
Gabriel Palla,6,1,0,1,1,0,0.0,LOW
Gaurangi Baria,6,1,0,1,1,0,0.0,LOW
Dayamai Goel,6,1,0,1,1,0,0.0,LOW
Tripti Bera,6,1,0,1,1,0,0.0,LOW
Qushi Chakraborty,6,1,0,1,1,0,0.0,LOW
Chandani Lanka,6,1,0,1,1,0,0.0,LOW
Chakrika Gandhi,6,1,0,1,1,0,0.0,LOW
Vihaan Garde,6,1,0,1,1,0,0.0,LOW
Christopher Wason,6,1,0,1,1,0,0.0,LOW
Indrajit Mandal,6,1,0,1,1,0,0.0,LOW
Varsha Anand,6,1,0,1,1,0,0.0,LOW
Edhitha Bhandari,6,1,0,1,1,0,0.0,LOW
Varsha Basu,6,1,0,1,1,0,0.0,LOW
Rehaan Golla,6,1,0,1,1,0,0.0,LOW
Noah Wable,6,1,0,1,1,0,0.0,LOW
Mohini Dora,6,1,0,1,1,0,0.0,LOW
Bhavika Pant,6,1,0,1,1,0,0.0,LOW
Yash Raju,6,1,0,1,1,0,0.0,LOW
Oliver Talwar,6,1,0,1,1,0,0.0,LOW
Girindra Ben,6,1,0,1,1,0,0.0,LOW
Umang Palan,6,1,0,1,1,0,0.0,LOW
Utkarsh Kalita,6,1,0,1,1,0,0.0,LOW
Jalsa Minhas,6,1,0,1,1,0,0.0,LOW
Ekaraj Mitter,6,1,0,1,1,0,0.0,LOW
Nimrat Bhatia,6,1,0,1,1,0,0.0,LOW
Victor Narula,6,1,0,1,1,0,0.0,LOW
Ira Rao,6,1,0,1,1,0,0.0,LOW
Ishanvi Gaba,6,1,0,1,1,0,0.0,LOW
Tanmayi Brahmbhatt,6,1,0,1,1,0,0.0,LOW
Hritik Karpe,6,1,0,1,1,0,0.0,LOW
Nakul Dara,6,1,0,1,1,0,0.0,LOW
Om Bali,6,1,0,1,1,0,0.0,LOW
Owen Sethi,6,1,0,1,1,0,0.0,LOW
Divya Ram,6,1,0,1,1,0,0.0,LOW
Rohan Chaudhari,6,1,0,1,1,0,0.0,LOW
Kalpit Sethi,6,1,0,1,1,0,0.0,LOW
Ekantika Salvi,6,1,0,1,1,0,0.0,LOW
Yauvani Sehgal,6,1,0,1,1,0,0.0,LOW
Zaitra Dey,6,1,0,1,1,0,0.0,LOW
Nimrat Madan,6,1,0,1,1,0,0.0,LOW
Raksha Ben,6,1,0,1,1,0,0.0,LOW
Maya Minhas,6,1,0,1,1,0,0.0,LOW
Laksh Bumb,6,1,0,1,1,0,0.0,LOW
Oliver Char,6,1,0,1,1,0,0.0,LOW
Matthew Rout,6,1,0,1,1,0,0.0,LOW
Yauvani Kara,6,1,0,1,1,0,0.0,LOW
Nirja Doshi,6,1,0,1,1,0,0.0,LOW
Ranveer Palla,6,1,0,1,1,0,0.0,LOW
Warinder Prashad,6,1,0,1,1,0,0.0,LOW
Neha Manne,6,1,0,1,1,0,0.0,LOW
Ekbal Rajan,6,1,0,1,1,0,0.0,LOW
Neha Biswas,6,1,0,1,1,0,0.0,LOW
Kai Ray,6,1,0,1,1,0,0.0,LOW
Keya Pradhan,6,1,0,1,1,0,0.0,LOW
Wriddhish Chaudhary,6,1,0,1,1,0,0.0,LOW
Bhavna Jani,6,1,0,1,1,0,0.0,LOW
Yatan Agarwal,6,1,0,1,1,0,0.0,LOW
Amruta Morar,6,1,0,1,1,0,0.0,LOW
Geetika Dani,6,1,0,1,1,0,0.0,LOW
Bakhshi Nadkarni,6,1,0,1,1,0,0.0,LOW
Ronith Parsa,6,1,0,1,1,0,0.0,LOW
Yatin Pillai,6,1,0,1,1,0,0.0,LOW
Ubika Ravi,6,1,0,1,1,0,0.0,LOW
Oscar Kurian,6,1,0,1,1,0,0.0,LOW
Zaitra Dayal,6,1,0,1,1,0,0.0,LOW
Ranbir Khalsa,6,1,0,1,1,0,0.0,LOW
Farhan Luthra,6,1,0,1,1,0,0.0,LOW
Gavin Hegde,6,1,0,1,1,0,0.0,LOW
Xiti Kapur,6,1,0,1,1,0,0.0,LOW
Mekhala Sandal,6,1,0,1,1,0,0.0,LOW
Chanchal Verma,6,1,0,1,1,0,0.0,LOW
Nakul Mody,6,1,0,1,1,0,0.0,LOW
Lipika Seshadri,6,1,0,1,1,0,0.0,LOW
Radhika Batta,6,1,0,1,1,0,0.0,LOW
Neel Ramesh,6,1,0,1,1,0,0.0,LOW
Simon Gala,6,1,0,1,1,0,0.0,LOW
Nicholas Subramanian,6,1,0,1,1,0,0.0,LOW
Prisha Zachariah,6,1,0,1,1,0,0.0,LOW
Qushi Varkey,6,1,0,1,1,0,0.0,LOW
Henry Naik,6,1,0,1,1,0,0.0,LOW
Samaksh Ghosh,6,1,0,1,1,0,0.0,LOW
Gaurang Bumb,6,1,0,1,1,0,0.0,LOW
Inaya Deol,6,1,0,1,1,0,0.0,LOW
Jackson Sankaran,6,1,0,1,1,0,0.0,LOW
Quincy Kala,6,1,0,1,1,0,0.0,LOW
Henry Gandhi,6,1,0,1,1,0,0.0,LOW
Gopal Buch,6,1,0,1,1,0,0.0,LOW
Vasatika Ravi,6,1,0,1,1,0,0.0,LOW
Kai Pillay,6,1,0,1,1,0,0.0,LOW
Urvi Hora,6,1,0,1,1,0,0.0,LOW
Bhavya Saraf,6,1,0,1,1,0,0.0,LOW
Tanish Seshadri,6,1,0,1,1,0,0.0,LOW
Simon Kakar,6,1,0,1,1,0,0.0,LOW
Falak Sinha,6,1,0,1,1,0,0.0,LOW
Manbir Gola,6,1,0,1,1,0,0.0,LOW
Gopal Khalsa,6,1,0,1,1,0,0.0,LOW
Jasmit Arya,6,1,0,1,1,0,0.0,LOW
Gayathri Kibe,6,1,0,1,1,0,0.0,LOW
Bhavika Gala,6,1,0,1,1,0,0.0,LOW
Abhiram Savant,6,1,0,1,1,0,0.0,LOW
Mason Shah,6,1,0,1,1,0,0.0,LOW
Zayyan Kala,6,1,0,1,1,0,0.0,LOW
Peter Tak,6,1,0,1,1,0,0.0,LOW
Warinder Bala,6,1,0,1,1,0,0.0,LOW
William Rai,6,1,0,1,1,0,0.0,LOW
Jatin Mody,6,1,0,1,1,0,0.0,LOW
Ucchal Pall,6,1,0,1,1,0,0.0,LOW
Jairaj More,6,1,0,1,1,0,0.0,LOW
Inaya Chadha,6,1,0,1,1,0,0.0,LOW
Gauri Sule,6,1,0,1,1,0,0.0,LOW
Victor Lala,6,1,0,1,1,0,0.0,LOW
Tripti Bir,6,1,0,1,1,0,0.0,LOW
Warjas Dasgupta,6,1,0,1,1,0,0.0,LOW
Madhav Bali,6,1,0,1,1,0,0.0,LOW
Yashoda Bhat,6,1,0,1,1,0,0.0,LOW
Ladli Shere,6,1,0,1,1,0,0.0,LOW
Gautam Bala,6,1,0,1,1,0,0.0,LOW
Rayaan Bala,6,1,0,1,1,0,0.0,LOW
Girish Pandya,6,1,0,1,1,0,0.0,LOW
Nandini Jayaraman,6,1,0,1,1,0,0.0,LOW
Elijah Tata,6,1,0,1,1,0,0.0,LOW
Aachal Sami,6,1,0,1,1,0,0.0,LOW
Neha Ahluwalia,6,1,0,1,1,0,0.0,LOW
Nicholas Koshy,6,1,0,1,1,0,0.0,LOW
Amol Ramaswamy,6,1,0,1,1,0,0.0,LOW
Tristan Das,6,1,0,1,1,0,0.0,LOW
Rehaan Deshmukh,6,1,0,1,1,0,0.0,LOW
Upma Kurian,6,1,0,1,1,0,0.0,LOW
Hitesh Anne,6,1,0,1,1,0,0.0,LOW
Laksh Choudhary,6,1,0,1,1,0,0.0,LOW
Ekantika Pant,6,1,0,1,1,0,0.0,LOW
Chanakya Doctor,6,1,0,1,1,0,0.0,LOW
Bhavani Agrawal,6,1,0,1,1,0,0.0,LOW
Advay Chand,6,1,0,1,1,0,0.0,LOW
Upasna Nadig,6,1,0,1,1,0,0.0,LOW
Saksham Din,6,1,0,1,1,0,0.0,LOW
Yadavi Vig,6,1,0,1,1,0,0.0,LOW
Logan Gala,6,1,0,1,1,0,0.0,LOW
Vasatika Chadha,6,1,0,1,1,0,0.0,LOW
Netra Comar,6,1,0,1,1,0,0.0,LOW
Dominic Sani,6,1,0,1,1,0,0.0,LOW
Ishanvi De,6,1,0,1,1,0,0.0,LOW
Ishwar Bhalla,6,1,0,1,1,0,0.0,LOW
Oni Patel,6,1,0,1,1,0,0.0,LOW
Oliver Babu,6,1,0,1,1,0,0.0,LOW
Kamala Iyer,6,1,0,1,1,0,0.0,LOW
Wridesh Kara,6,1,0,1,1,0,0.0,LOW
Harshil Sethi,6,1,0,1,1,0,0.0,LOW
Ekiya Mittal,6,1,0,1,1,0,0.0,LOW
Mohammed Bhandari,6,1,0,1,1,0,0.0,LOW
Faraj Doctor,6,1,0,1,1,0,0.0,LOW
Qarin Boase,6,1,0,1,1,0,0.0,LOW
Triveni Toor,6,1,0,1,1,0,0.0,LOW
Kiaan Balay,6,1,0,1,1,0,0.0,LOW
Radhika Narain,6,1,0,1,1,0,0.0,LOW
Radhika Deshpande,6,1,0,1,1,0,0.0,LOW
Vamakshi Mody,6,1,0,1,1,0,0.0,LOW
Ayaan Bhandari,6,1,0,1,1,0,0.0,LOW
Dhriti Comar,6,1,0,1,1,0,0.0,LOW
Henry Sanghvi,6,1,0,1,1,0,0.0,LOW
Lohit Borra,6,1,0,1,1,0,0.0,LOW
Sneha Sinha,6,1,0,1,1,0,0.0,LOW
Vaishnavi Nath,6,1,0,1,1,0,0.0,LOW
Netra Ratta,6,1,0,1,1,0,0.0,LOW
Logan Butala,6,1,0,1,1,0,0.0,LOW
Nathaniel Jain,6,1,0,1,1,0,0.0,LOW
Dhriti Sinha,6,1,0,1,1,0,0.0,LOW
Anusha Kar,6,1,0,1,1,0,0.0,LOW
Yauvani Uppal,6,1,0,1,1,0,0.0,LOW
Wahab Mohan,6,1,0,1,1,0,0.0,LOW
Jason Savant,6,1,0,1,1,0,0.0,LOW
Nidra Kohli,6,1,0,1,1,0,0.0,LOW
Chavvi Uppal,6,1,0,1,1,0,0.0,LOW
Sarthak Choudhry,6,1,0,1,1,0,0.0,LOW
Bahadurjit Chakrabarti,6,1,0,1,1,0,0.0,LOW
Hemangini Palla,6,1,0,1,1,0,0.0,LOW
Chandran Tella,6,1,0,1,1,0,0.0,LOW
Meera Zachariah,6,1,0,1,1,0,0.0,LOW
Neel Sundaram,6,1,0,1,1,0,0.0,LOW
Wyatt Devan,6,1,0,1,1,0,0.0,LOW
Oliver Rege,6,1,0,1,1,0,0.0,LOW
Pallavi Roy,6,1,0,1,1,0,0.0,LOW
Harrison Chacko,6,1,0,1,1,0,0.0,LOW
Hritik Bassi,6,1,0,1,1,0,0.0,LOW
Neha Bhatnagar,6,1,0,1,1,0,0.0,LOW
Bhavani Borah,6,1,0,1,1,0,0.0,LOW
Tara Thakkar,6,1,0,1,1,0,0.0,LOW
Sai Dhar,6,1,0,1,1,0,0.0,LOW
Chanchal Prakash,6,1,0,1,1,0,0.0,LOW
Rajata Ghosh,6,1,0,1,1,0,0.0,LOW
Triveni Mohanty,6,1,0,1,1,0,0.0,LOW
Jatin Lad,6,1,0,1,1,0,0.0,LOW
Widisha Chhabra,6,1,0,1,1,0,0.0,LOW
Vrishti Rama,6,1,0,1,1,0,0.0,LOW
Nachiket Aggarwal,6,1,0,1,1,0,0.0,LOW
Ijaya Sant,6,1,0,1,1,0,0.0,LOW
Chanchal Agrawal,6,1,0,1,1,0,0.0,LOW
Qadim Raja,6,1,0,1,1,0,0.0,LOW
Naksh Sankaran,6,1,0,1,1,0,0.0,LOW
Garima Deshmukh,6,1,0,1,1,0,0.0,LOW
Yashawini Chana,6,1,0,1,1,0,0.0,LOW
Daksha Nagarajan,6,1,0,1,1,0,0.0,LOW
Chaitaly Barad,6,1,0,1,1,0,0.0,LOW
Fitan Sahni,6,1,0,1,1,0,0.0,LOW
Bhavani Sha,6,1,0,1,1,0,0.0,LOW
Sneha Gole,6,1,0,1,1,0,0.0,LOW
Ishita Pandit,6,1,0,1,1,0,0.0,LOW
Ekiya Sahni,6,1,0,1,1,0,0.0,LOW
Daksh Naik,6,1,0,1,1,0,0.0,LOW
Bakhshi Chander,6,1,0,1,1,0,0.0,LOW
Yashasvi Baral,6,1,0,1,1,0,0.0,LOW
Yash Jayaraman,6,1,0,1,1,0,0.0,LOW
Faris Tak,6,1,0,1,1,0,0.0,LOW
Theodore Andra,6,1,0,1,1,0,0.0,LOW
Idika Choudhury,6,1,0,1,1,0,0.0,LOW
Advika Das,6,1,0,1,1,0,0.0,LOW
Jagdish Kara,6,1,0,1,1,0,0.0,LOW
Peter Pall,6,1,0,1,1,0,0.0,LOW
Om Kibe,6,1,0,1,1,0,0.0,LOW
Amaira Patel,6,1,0,1,1,0,0.0,LOW
Benjamin Bhandari,6,1,0,1,1,0,0.0,LOW
Ishwar Sundaram,6,1,0,1,1,0,0.0,LOW
Dhriti Johal,6,1,0,1,1,0,0.0,LOW
Faraj Devi,6,1,0,1,1,0,0.0,LOW
Raagini Trivedi,6,1,0,1,1,0,0.0,LOW
Zehaan Shere,6,1,0,1,1,0,0.0,LOW
Samarth Rout,6,1,0,1,1,0,0.0,LOW
Advik Bajaj,6,1,0,1,1,0,0.0,LOW
Zaitra Rege,6,1,0,1,1,0,0.0,LOW
Gabriel Vora,6,1,0,1,1,0,0.0,LOW
Vedika Arya,6,1,0,1,1,0,0.0,LOW
Nirja Raghavan,6,1,0,1,1,0,0.0,LOW
Harita Karan,6,1,0,1,1,0,0.0,LOW
Nachiket Narayan,6,1,0,1,1,0,0.0,LOW
Yutika Gupta,6,1,0,1,1,0,0.0,LOW
Udant Soman,6,1,0,1,1,0,0.0,LOW
Reva Bhatti,6,1,0,1,1,0,0.0,LOW
Brinda Bhatnagar,6,1,0,1,1,0,0.0,LOW
Darpan Murty,6,1,0,1,1,0,0.0,LOW
Qasim Kunda,6,1,0,1,1,0,0.0,LOW
Timothy Deshpande,6,1,0,1,1,0,0.0,LOW
Nathan Dayal,6,1,0,1,1,0,0.0,LOW
Garima Hora,6,1,0,1,1,0,0.0,LOW
Nathaniel Doctor,6,1,0,1,1,0,0.0,LOW
Sneha Khatri,6,1,0,1,1,0,0.0,LOW
Urishilla Chadha,6,1,0,1,1,0,0.0,LOW
Vedhika Dave,6,1,0,1,1,0,0.0,LOW
Chanakya Gara,6,1,0,1,1,0,0.0,LOW
Ekta Dhillon,6,1,0,1,1,0,0.0,LOW
Anvi Pillay,6,1,0,1,1,0,0.0,LOW
Frado Walia,6,1,0,1,1,0,0.0,LOW
Zarna Brahmbhatt,6,1,0,1,1,0,0.0,LOW
Manan Oak,6,1,0,1,1,0,0.0,LOW
Yashvi Patel,6,1,0,1,1,0,0.0,LOW
Jackson Pillai,6,1,0,1,1,0,0.0,LOW
Adya Singhal,6,1,0,1,1,0,0.0,LOW
Patrick Chada,6,1,0,1,1,0,0.0,LOW
Idika Rajagopal,6,1,0,1,1,0,0.0,LOW
Imaran Kara,6,1,0,1,1,0,0.0,LOW
Pahal Lad,6,1,0,1,1,0,0.0,LOW
Nimrat Wagle,6,1,0,1,1,0,0.0,LOW
Patrick Dhawan,6,1,0,1,1,0,0.0,LOW
Qarin Handa,6,1,0,1,1,0,0.0,LOW
Pushti Padmanabhan,6,1,0,1,1,0,0.0,LOW
Nidra Vasa,6,1,0,1,1,0,0.0,LOW
Yuvraj Bath,6,1,0,1,1,0,0.0,LOW
Vedika Karnik,6,1,0,1,1,0,0.0,LOW
Baljiwan Khalsa,6,1,0,1,1,0,0.0,LOW
Mitali Srinivas,6,1,0,1,1,0,0.0,LOW
Gayathri Tailor,6,1,0,1,1,0,0.0,LOW
Utkarsh Kari,6,1,0,1,1,0,0.0,LOW
Samar Divan,6,1,0,1,1,0,0.0,LOW
Edhitha Prabhakar,6,1,0,1,1,0,0.0,LOW
Samarth Nagar,6,1,0,1,1,0,0.0,LOW
Aahana Tiwari,6,1,0,1,1,0,0.0,LOW
Wazir Dey,6,1,0,1,1,0,0.0,LOW
Vaishnavi Raval,6,1,0,1,1,0,0.0,LOW
Bhavna Nagi,6,1,0,1,1,0,0.0,LOW
Robert Pant,6,1,0,1,1,0,0.0,LOW
Robert Sharma,6,1,0,1,1,0,0.0,LOW
Wakeeta Tata,6,1,0,1,1,0,0.0,LOW
Oeshi Bhandari,6,1,0,1,1,0,0.0,LOW
Mekhala Anne,6,1,0,1,1,0,0.0,LOW
Chakradhar Sarin,6,1,0,1,1,0,0.0,LOW
Daksh Keer,6,1,0,1,1,0,0.0,LOW
Saumya Prabhakar,6,1,0,1,1,0,0.0,LOW
Wazir Parikh,6,1,0,1,1,0,0.0,LOW
Yatan Sachdeva,6,1,0,1,1,0,0.0,LOW
Leela Goel,6,1,0,1,1,0,0.0,LOW
Hiral Sethi,6,1,0,1,1,0,0.0,LOW
Lajita Seshadri,6,1,0,1,1,0,0.0,LOW
Yoshita Mukherjee,6,1,0,1,1,0,0.0,LOW
Xavier Verma,6,1,0,1,1,0,0.0,LOW
Wazir Soni,6,1,0,1,1,0,0.0,LOW
Vasatika Rout,6,1,0,1,1,0,0.0,LOW
Priya Sehgal,6,1,0,1,1,0,0.0,LOW
Wahab Sodhi,6,1,0,1,1,0,0.0,LOW
Jack Majumdar,6,1,0,1,1,0,0.0,LOW
Rajata Menon,6,1,0,1,1,0,0.0,LOW
Balendra Oommen,6,1,0,1,1,0,0.0,LOW
Watika Rege,6,1,0,1,1,0,0.0,LOW
Aryan Subramaniam,6,1,0,1,1,0,0.0,LOW
Adya Yohannan,6,1,0,1,1,0,0.0,LOW
Arunima Lanka,6,1,0,1,1,0,0.0,LOW
Lila Mann,6,1,0,1,1,0,0.0,LOW
Gautami Divan,6,1,0,1,1,0,0.0,LOW
Chavvi Nigam,6,1,0,1,1,0,0.0,LOW
Dalbir Natarajan,6,1,0,1,1,0,0.0,LOW
Janaki Narayanan,6,1,0,1,1,0,0.0,LOW
Isaac Lal,6,1,0,1,1,0,0.0,LOW
Devika Cherian,6,1,0,1,1,0,0.0,LOW
Vedhika Yadav,6,1,0,1,1,0,0.0,LOW
Bimala Puri,6,1,0,1,1,0,0.0,LOW
Arjun Mangat,6,1,0,1,1,0,0.0,LOW
Vrinda Ravi,6,1,0,1,1,0,0.0,LOW
Wriddhish Jani,6,1,0,1,1,0,0.0,LOW
Logan Bhatia,6,1,0,1,1,0,0.0,LOW
Eshana Bose,6,1,0,1,1,0,0.0,LOW
Patrick Lala,6,1,0,1,1,0,0.0,LOW
Ojasvi Solanki,6,1,0,1,1,0,0.0,LOW
Benjamin Issac,6,1,0,1,1,0,0.0,LOW
Gopal Mutti,6,1,0,1,1,0,0.0,LOW
Idika Chhabra,6,1,0,1,1,0,0.0,LOW
Ikshita Murthy,6,1,0,1,1,0,0.0,LOW
Idika Singh,6,1,0,1,1,0,0.0,LOW
Qarin Peri,6,1,0,1,1,0,0.0,LOW
Diya Barad,6,1,0,1,1,0,0.0,LOW
Nirja Lad,6,1,0,1,1,0,0.0,LOW
Ryan Yogi,6,1,0,1,1,0,0.0,LOW
Victor D’Alia,6,1,0,1,1,0,0.0,LOW
Anika Chowdhury,6,1,0,1,1,0,0.0,LOW
Qarin Sodhi,6,1,0,1,1,0,0.0,LOW
Hemal Lalla,6,1,0,1,1,0,0.0,LOW
Anmol Narang,6,1,0,1,1,0,0.0,LOW
Praneel Thaman,6,1,0,1,1,0,0.0,LOW
Oscar Sawhney,6,1,0,1,1,0,0.0,LOW
Yug Ghosh,6,1,0,1,1,0,0.0,LOW
Robert Sethi,6,1,0,1,1,0,0.0,LOW
Ojasvi Arya,6,1,0,1,1,0,0.0,LOW
Elijah Swaminathan,6,1,0,1,1,0,0.0,LOW
Hemang Saini,6,1,0,1,1,0,0.0,LOW
Nandini Borra,6,1,0,1,1,0,0.0,LOW
Akshay Sant,6,1,0,1,1,0,0.0,LOW
Gavin Lata,6,1,0,1,1,0,0.0,LOW
Imaran Chandran,6,1,0,1,1,0,0.0,LOW
Hitesh Chaudry,6,1,0,1,1,0,0.0,LOW
Keya Mallick,6,1,0,1,1,0,0.0,LOW
Anamika Padmanabhan,6,1,0,1,1,0,0.0,LOW
Indali Boase,6,1,0,1,1,0,0.0,LOW
Yuvraj Sura,6,1,0,1,1,0,0.0,LOW
Imaran Mandal,6,1,0,1,1,0,0.0,LOW
Luke Sharaf,6,1,0,1,1,0,0.0,LOW
Advika Sur,6,1,0,1,1,0,0.0,LOW
Kashvi Pau,6,1,0,1,1,0,0.0,LOW
Theodore Narasimhan,6,1,0,1,1,0,0.0,LOW
Rishi Sura,6,1,0,1,1,0,0.0,LOW
Girindra Baria,6,1,0,1,1,0,0.0,LOW
Gaurangi Tata,6,1,0,1,1,0,0.0,LOW
Ekapad Goda,6,1,0,1,1,0,0.0,LOW
Nidhi Krishnamurthy,6,1,0,1,1,0,0.0,LOW
Shravya Mammen,6,1,0,1,1,0,0.0,LOW
Janaki Dube,6,1,0,1,1,0,0.0,LOW
Azad Khatri,6,1,0,1,1,0,0.0,LOW
Zayyan Loke,6,1,0,1,1,0,0.0,LOW
Madhav Arya,6,1,0,1,1,0,0.0,LOW
Bishakha Manne,6,1,0,1,1,0,0.0,LOW
Oeshi Chopra,6,1,0,1,1,0,0.0,LOW
Harini Mangal,6,1,0,1,1,0,0.0,LOW
Nirja Ahuja,6,1,0,1,1,0,0.0,LOW
Unni Chokshi,6,1,0,1,1,0,0.0,LOW
Yadavi Agate,6,1,0,1,1,0,0.0,LOW
Upkaar Sarma,6,1,0,1,1,0,0.0,LOW
Unnati Chokshi,6,1,0,1,1,0,0.0,LOW
Sanaya Ray,6,1,0,1,1,0,0.0,LOW
Bakhshi Kuruvilla,6,1,0,1,1,0,0.0,LOW
Shivani Chad,6,1,0,1,1,0,0.0,LOW
Imaran Mutti,6,1,0,1,1,0,0.0,LOW
Sathvik Sur,6,1,0,1,1,0,0.0,LOW
Harinakshi Kaul,6,1,0,1,1,0,0.0,LOW
Raagini Chandra,6,1,0,1,1,0,0.0,LOW
Isaiah Mangat,6,1,0,1,1,0,0.0,LOW
Victor Dalal,6,1,0,1,1,0,0.0,LOW
Hemal Shenoy,6,1,0,1,1,0,0.0,LOW
Devika Gera,6,1,0,1,1,0,0.0,LOW
Pranit Balakrishnan,6,1,0,1,1,0,0.0,LOW
Yachana Manda,6,1,0,1,1,0,0.0,LOW
Gaurika Banik,6,1,0,1,1,0,0.0,LOW
Omkaar Thakkar,6,1,0,1,1,0,0.0,LOW
Omya Sethi,6,1,0,1,1,0,0.0,LOW
Wriddhish More,6,1,0,1,1,0,0.0,LOW
Aachal Luthra,6,1,0,1,1,0,0.0,LOW
Ojas Garde,6,1,0,1,1,0,0.0,LOW
Balvan Mitra,6,1,0,1,1,0,0.0,LOW
Veda Lalla,6,1,0,1,1,0,0.0,LOW
Nakul Merchant,6,1,0,1,1,0,0.0,LOW
Vinaya Nagy,6,1,0,1,1,0,0.0,LOW
Falguni Sha,6,1,0,1,1,0,0.0,LOW
Odika Bumb,6,1,0,1,1,0,0.0,LOW
Kashvi Kakar,6,1,0,1,1,0,0.0,LOW
Jason Thaman,6,1,0,1,1,0,0.0,LOW
Eta Lall,6,1,0,1,1,0,0.0,LOW
Ekiya Sidhu,6,1,0,1,1,0,0.0,LOW
Ishaan Samra,6,1,0,1,1,0,0.0,LOW
Keya Kaur,6,1,0,1,1,0,0.0,LOW
Kalpit Barman,6,1,0,1,1,0,0.0,LOW
Jackson Chaudhuri,6,1,0,1,1,0,0.0,LOW
Wahab Konda,6,1,0,1,1,0,0.0,LOW
Om Yohannan,6,1,0,1,1,0,0.0,LOW
Hemani Puri,6,1,0,1,1,0,0.0,LOW
Shivani Krishnamurthy,6,1,0,1,1,0,0.0,LOW
Prisha Jha,6,1,0,1,1,0,0.0,LOW
Turvi Saha,6,1,0,1,1,0,0.0,LOW
Aarini Ramaswamy,6,1,0,1,1,0,0.0,LOW
Manan Aurora,6,1,0,1,1,0,0.0,LOW
Hemangini Sankaran,6,1,0,1,1,0,0.0,LOW
Ekantika Kadakia,6,1,0,1,1,0,0.0,LOW
Upma Varty,6,1,0,1,1,0,0.0,LOW
Ria Kara,6,1,0,1,1,0,0.0,LOW
Darika Walla,6,1,0,1,1,0,0.0,LOW
Amol Lata,6,1,0,1,1,0,0.0,LOW
Anirudh Issac,6,1,0,1,1,0,0.0,LOW
Jhalak Prashad,6,1,0,1,1,0,0.0,LOW
Amol Taneja,6,1,0,1,1,0,0.0,LOW
Indrajit Ram,6,1,0,1,1,0,0.0,LOW
Falan Bedi,6,1,0,1,1,0,0.0,LOW
Champak Balasubramanian,6,1,0,1,1,0,0.0,LOW
Falguni Memon,6,1,0,1,1,0,0.0,LOW
Mohammed Mitter,6,1,0,1,1,0,0.0,LOW
Samaksh Jain,6,1,0,1,1,0,0.0,LOW
Advaith Gill,6,1,0,1,1,0,0.0,LOW
Dev Dubey,6,1,0,1,1,0,0.0,LOW
Yutika Sankaran,6,1,0,1,1,0,0.0,LOW
Viraj Mammen,6,1,0,1,1,0,0.0,LOW
Kashish Bhatt,6,1,0,1,1,0,0.0,LOW
Eta Nagarajan,6,1,0,1,1,0,0.0,LOW
Panini Raman,6,1,0,1,1,0,0.0,LOW
Vansha Ramaswamy,6,1,0,1,1,0,0.0,LOW
Falan Srinivasan,6,1,0,1,1,0,0.0,LOW
Veer Sem,6,1,0,1,1,0,0.0,LOW
Pooja Pau,6,1,0,1,1,0,0.0,LOW
Shivansh Tailor,6,1,0,1,1,0,0.0,LOW
Qadim Parsa,6,1,0,1,1,0,0.0,LOW
Fariq Magar,6,1,0,1,1,0,0.0,LOW
Charles Bhalla,6,1,0,1,1,0,0.0,LOW
Aarav Bali,6,1,0,1,1,0,0.0,LOW
Bhavya Sha,6,1,0,1,1,0,0.0,LOW
Eiravati Bhatti,6,1,0,1,1,0,0.0,LOW
Shaurya Parmar,6,1,0,1,1,0,0.0,LOW
Xalak Bassi,6,1,0,1,1,0,0.0,LOW
Mekhala Vala,6,1,0,1,1,0,0.0,LOW
Akshay Natt,6,1,0,1,1,0,0.0,LOW
Rudra Shah,6,1,0,1,1,0,0.0,LOW
Ayushman Maharaj,6,1,0,1,1,0,0.0,LOW
Aradhana Loyal,6,1,0,1,1,0,0.0,LOW
Sanaya Chatterjee,6,1,0,1,1,0,0.0,LOW
Garima Buch,6,1,0,1,1,0,0.0,LOW
Anay Dani,6,1,0,1,1,0,0.0,LOW
Rachita Amble,6,1,0,1,1,0,0.0,LOW
Sudiksha Dhawan,6,1,0,1,1,0,0.0,LOW
Mahika Thakur,6,1,0,1,1,0,0.0,LOW
Avni Butala,6,1,0,1,1,0,0.0,LOW
Chameli Kohli,6,1,0,1,1,0,0.0,LOW
Idika Gandhi,6,1,0,1,1,0,0.0,LOW
Baghyawati Dhawan,6,1,0,1,1,0,0.0,LOW
Rajeshri Edwin,6,1,0,1,1,0,0.0,LOW
Vedhika Shah,6,1,0,1,1,0,0.0,LOW
Advika Bala,6,1,0,1,1,0,0.0,LOW
Rehaan Chhabra,6,1,0,1,1,0,0.0,LOW
Falguni Pingle,6,1,0,1,1,0,0.0,LOW
Laksh Deshmukh,6,1,0,1,1,0,0.0,LOW
Amol Pillay,6,1,0,1,1,0,0.0,LOW
Xavier Baral,6,1,0,1,1,0,0.0,LOW
Keya Lanka,6,1,0,1,1,0,0.0,LOW
Ranbir Mohan,6,1,0,1,1,0,0.0,LOW
Nitesh Barad,6,1,0,1,1,0,0.0,LOW
Ekantika Parsa,6,1,0,1,1,0,0.0,LOW
Keya Jani,6,1,0,1,1,0,0.0,LOW
Unnati Badami,6,1,0,1,1,0,0.0,LOW
Elijah Parikh,6,1,0,1,1,0,0.0,LOW
Daksh Krishnamurthy,6,1,0,1,1,0,0.0,LOW
Victor Sunder,6,1,0,1,1,0,0.0,LOW
Nirja Sankaran,6,1,0,1,1,0,0.0,LOW
Vihaan Mutti,6,1,0,1,1,0,0.0,LOW
Azaan Raghavan,6,1,0,1,1,0,0.0,LOW
Vedhika Bawa,6,1,0,1,1,0,0.0,LOW
Gaurangi Sha,6,1,0,1,1,0,0.0,LOW
Ekansh Rajan,6,1,0,1,1,0,0.0,LOW
Jeevika Wadhwa,6,1,0,1,1,0,0.0,LOW
Janaki Guha,6,1,0,1,1,0,0.0,LOW
Ekalinga Sinha,6,1,0,1,1,0,0.0,LOW
Daksh Kapadia,6,1,0,1,1,0,0.0,LOW
Hritik Dhillon,6,1,0,1,1,0,0.0,LOW
Advay Kulkarni,6,1,0,1,1,0,0.0,LOW
Watika Dhawan,6,1,0,1,1,0,0.0,LOW
Aarini Madan,6,1,0,1,1,0,0.0,LOW
Samesh Thakur,6,1,0,1,1,0,0.0,LOW
Raksha Patla,6,1,0,1,1,0,0.0,LOW
Dipta Om,6,1,0,1,1,0,0.0,LOW
Isha Jani,6,1,0,1,1,0,0.0,LOW
Jason Gara,6,1,0,1,1,0,0.0,LOW
Lohit Khare,6,1,0,1,1,0,0.0,LOW
Yatan Bhavsar,6,1,0,1,1,0,0.0,LOW
Harish Sharma,6,1,0,1,1,0,0.0,LOW
Aahana Bains,6,1,0,1,1,0,0.0,LOW
Rajeshri Bahl,6,1,0,1,1,0,0.0,LOW
Luke Agarwal,6,1,0,1,1,0,0.0,LOW
Samarth Suresh,6,1,0,1,1,0,0.0,LOW
Harish Deshmukh,6,1,0,1,1,0,0.0,LOW
Fiyaz Naidu,6,1,0,1,1,0,0.0,LOW
Luke Kapadia,6,1,0,1,1,0,0.0,LOW
Pranav Rajagopalan,6,1,0,1,1,0,0.0,LOW
Siya Wali,6,1,0,1,1,0,0.0,LOW
Aarini Din,6,1,0,1,1,0,0.0,LOW
Charita Subramanian,6,1,0,1,1,0,0.0,LOW
Abhimanyu Kar,6,1,0,1,1,0,0.0,LOW
Saksham Narayanan,6,1,0,1,1,0,0.0,LOW
Mason Dhaliwal,6,1,0,1,1,0,0.0,LOW
Gopal Kamdar,6,1,0,1,1,0,0.0,LOW
Vihaan Anand,6,1,0,1,1,0,0.0,LOW
Devika Dar,6,1,0,1,1,0,0.0,LOW
Rajeshri Chakraborty,6,1,0,1,1,0,0.0,LOW
Lipika Balan,6,1,0,1,1,0,0.0,LOW
Kai Jayaraman,6,1,0,1,1,0,0.0,LOW
Krisha Desai,6,1,0,1,1,0,0.0,LOW
Aachal Palla,6,1,0,1,1,0,0.0,LOW
Idika Bajwa,6,1,0,1,1,0,0.0,LOW
Falan Nayar,6,1,0,1,1,0,0.0,LOW
Nandini Goyal,6,1,0,1,1,0,0.0,LOW
Baghyawati Patla,6,1,0,1,1,0,0.0,LOW
Udant Deol,6,1,0,1,1,0,0.0,LOW
Guneet Goda,6,1,0,1,1,0,0.0,LOW
Yashawini Nayar,6,1,0,1,1,0,0.0,LOW
Chaaya Oak,6,1,0,1,1,0,0.0,LOW
Tarak Wali,6,1,0,1,1,0,0.0,LOW
Qadim Vasa,6,1,0,1,1,0,0.0,LOW
Hredhaan Bali,6,1,0,1,1,0,0.0,LOW
Pallavi Dutt,6,1,0,1,1,0,0.0,LOW
Vasana Gala,6,1,0,1,1,0,0.0,LOW
Abhimanyu Kalla,6,1,0,1,1,0,0.0,LOW
Udant Vohra,6,1,0,1,1,0,0.0,LOW
Kevin Thakkar,6,1,0,1,1,0,0.0,LOW
Praneel Tella,6,1,0,1,1,0,0.0,LOW
Yachana Mohanty,6,1,0,1,1,0,0.0,LOW
Tejas Mukherjee,6,1,0,1,1,0,0.0,LOW
Aadi Dasgupta,6,1,0,1,1,0,0.0,LOW
Bhavani Bahri,6,1,0,1,1,0,0.0,LOW
Henry Mital,6,1,0,1,1,0,0.0,LOW
Jatin Dey,6,1,0,1,1,0,0.0,LOW
Indali Mangal,6,1,0,1,1,0,0.0,LOW
Daniel Kara,6,1,0,1,1,0,0.0,LOW
Chandresh Palan,6,1,0,1,1,0,0.0,LOW
Urvi Vohra,6,1,0,1,1,0,0.0,LOW
Samuel Magar,6,1,0,1,1,0,0.0,LOW
Anita Deep,6,1,0,1,1,0,0.0,LOW
Rayaan Sachdev,6,1,0,1,1,0,0.0,LOW
Yashoda Goswami,6,1,0,1,1,0,0.0,LOW
Lekha Khosla,6,1,0,1,1,0,0.0,LOW
Reva Ravel,6,1,0,1,1,0,0.0,LOW
Akshay Cherian,6,1,0,1,1,0,0.0,LOW
Theodore Mammen,6,1,0,1,1,0,0.0,LOW
Hitesh Bir,6,1,0,1,1,0,0.0,LOW
Imaran Dua,6,1,0,1,1,0,0.0,LOW
Urmi Venkatesh,6,1,0,1,1,0,0.0,LOW
Mekhala Shetty,6,1,0,1,1,0,0.0,LOW
Gauri Bhavsar,6,1,0,1,1,0,0.0,LOW
Charvi Saha,6,1,0,1,1,0,0.0,LOW
Qadim Kara,6,1,0,1,1,0,0.0,LOW
Daniel Buch,6,1,0,1,1,0,0.0,LOW
Watika Srinivasan,6,1,0,1,1,0,0.0,LOW
Anya Kapur,6,1,0,1,1,0,0.0,LOW
Chaman Pradhan,6,1,0,1,1,0,0.0,LOW
Frederick Rege,6,1,0,1,1,0,0.0,LOW
Inaya Rege,6,1,0,1,1,0,0.0,LOW
Samaksh Acharya,6,1,0,1,1,0,0.0,LOW
Libni Suresh,6,1,0,1,1,0,0.0,LOW
Darpan Choudhary,6,1,0,1,1,0,0.0,LOW
Gunbir Cheema,6,1,0,1,1,0,0.0,LOW
Deepa Khalsa,6,1,0,1,1,0,0.0,LOW
Ekavir Pathak,6,1,0,1,1,0,0.0,LOW
Girish Wali,6,1,0,1,1,0,0.0,LOW
Adweta Sachdev,6,1,0,1,1,0,0.0,LOW
Daksh Baria,6,1,0,1,1,0,0.0,LOW
Mohini Kapadia,6,1,0,1,1,0,0.0,LOW
Devansh Brar,6,1,0,1,1,0,0.0,LOW
Daniel Bahri,6,1,0,1,1,0,0.0,LOW
Samar Kanda,6,1,0,1,1,0,0.0,LOW
Nihal Varughese,6,1,0,1,1,0,0.0,LOW
Girik Chad,6,1,0,1,1,0,0.0,LOW
Zaitra Kale,6,1,0,1,1,0,0.0,LOW
Yashoda Baria,6,1,0,1,1,0,0.0,LOW
Bahadurjit Krishnamurthy,6,1,0,1,1,0,0.0,LOW
Osha Radhakrishnan,6,1,0,1,1,0,0.0,LOW
Ira Vala,6,1,0,1,1,0,0.0,LOW
Hamsini Nair,6,1,0,1,1,0,0.0,LOW
Lipika Dayal,6,1,0,1,1,0,0.0,LOW
Chavvi Gaba,6,1,0,1,1,0,0.0,LOW
Maya Bhat,6,1,0,1,1,0,0.0,LOW
Nisha Bora,6,1,0,1,1,0,0.0,LOW
Sathvik Buch,6,1,0,1,1,0,0.0,LOW
Indrajit Sem,6,1,0,1,1,0,0.0,LOW
Divya Sheth,6,1,0,1,1,0,0.0,LOW
Akshay Bahl,6,1,0,1,1,0,0.0,LOW
Udant Chhabra,6,1,0,1,1,0,0.0,LOW
Gaurang Swamy,6,1,0,1,1,0,0.0,LOW
Sai Chana,6,1,0,1,1,0,0.0,LOW
Nikita Pillai,6,1,0,1,1,0,0.0,LOW
Anita Goda,6,1,0,1,1,0,0.0,LOW
Saanvi Nori,6,1,0,1,1,0,0.0,LOW
Timothy Talwar,6,1,0,1,1,0,0.0,LOW
Krisha Mall,6,1,0,1,1,0,0.0,LOW
Bimala Soman,6,1,0,1,1,0,0.0,LOW
Kala Munshi,6,1,0,1,1,0,0.0,LOW
Dakshesh Chhabra,6,1,0,1,1,0,0.0,LOW
Christopher Prabhakar,6,1,0,1,1,0,0.0,LOW
Advik Kara,6,1,0,1,1,0,0.0,LOW
Chatresh Toor,6,1,0,1,1,0,0.0,LOW
Arin Cheema,6,1,0,1,1,0,0.0,LOW
Yadavi Uppal,6,1,0,1,1,0,0.0,LOW
Chaitanya Bobal,6,1,0,1,1,0,0.0,LOW
Kabir Pal,6,1,0,1,1,0,0.0,LOW
Aachal Naidu,6,1,0,1,1,0,0.0,LOW
William Chaudry,6,1,0,1,1,0,0.0,LOW
Rishi Soni,6,1,0,1,1,0,0.0,LOW
Daksh Sandal,6,1,0,1,1,0,0.0,LOW
Fariq Nadig,6,1,0,1,1,0,0.0,LOW
Yashoda Narang,6,1,0,1,1,0,0.0,LOW
Mitali Menon,6,1,0,1,1,0,0.0,LOW
Urishilla Kala,6,1,0,1,1,0,0.0,LOW
Robert Contractor,6,1,0,1,1,0,0.0,LOW
Wridesh Baral,6,1,0,1,1,0,0.0,LOW
Unni Sethi,6,1,0,1,1,0,0.0,LOW
Manbir Deshpande,6,1,0,1,1,0,0.0,LOW
Parth Kurian,6,1,0,1,1,0,0.0,LOW
Advik Lala,6,1,0,1,1,0,0.0,LOW
Anamika Seth,6,1,0,1,1,0,0.0,LOW
Lohit Srinivas,6,1,0,1,1,0,0.0,LOW
Dakshesh Pandya,6,1,0,1,1,0,0.0,LOW
Chakradev Buch,6,1,0,1,1,0,0.0,LOW
Chasmum Mohanty,6,1,0,1,1,0,0.0,LOW
Charan Palan,6,1,0,1,1,0,0.0,LOW
Hredhaan Sankaran,6,1,0,1,1,0,0.0,LOW
Madhavi Brar,6,1,0,1,1,0,0.0,LOW
Irya Baria,6,1,0,1,1,0,0.0,LOW
Nakul Prasad,6,1,0,1,1,0,0.0,LOW
Rehaan Ratta,6,1,0,1,1,0,0.0,LOW
Jeet Pant,6,1,0,1,1,0,0.0,LOW
Oliver Barad,6,1,0,1,1,0,0.0,LOW
Unnati Sem,6,1,0,1,1,0,0.0,LOW
Manan Munshi,6,1,0,1,1,0,0.0,LOW
Yashasvi Datta,6,1,0,1,1,0,0.0,LOW
Edhitha Aurora,6,1,0,1,1,0,0.0,LOW
Samar Chad,6,1,0,1,1,0,0.0,LOW
Abeer Rajagopalan,6,1,0,1,1,0,0.0,LOW
Darika Raju,6,1,0,1,1,0,0.0,LOW
Wakeeta Shetty,6,1,0,1,1,0,0.0,LOW
Falak Suresh,6,1,0,1,1,0,0.0,LOW
Isha Bhattacharyya,6,1,0,1,1,0,0.0,LOW
Ayaan Kalla,6,1,0,1,1,0,0.0,LOW
Laban Radhakrishnan,6,1,0,1,1,0,0.0,LOW
Vinaya Iyer,6,1,0,1,1,0,0.0,LOW
Mitali Lata,6,1,0,1,1,0,0.0,LOW
Pratyush Mangal,6,1,0,1,1,0,0.0,LOW
Abhimanyu Pandya,6,1,0,1,1,0,0.0,LOW
Mekhala Chahal,6,1,0,1,1,0,0.0,LOW
Jalsa Mutti,6,1,0,1,1,0,0.0,LOW
Sudiksha Lala,6,1,0,1,1,0,0.0,LOW
Kritika Bansal,6,1,0,1,1,0,0.0,LOW
Chandran Bhagat,6,1,0,1,1,0,0.0,LOW
Omkaar Wable,6,1,0,1,1,0,0.0,LOW
Krishna Choudhry,6,1,0,1,1,0,0.0,LOW
Ronith Shan,6,1,0,1,1,0,0.0,LOW
Bhavya Mohanty,6,1,0,1,1,0,0.0,LOW
Bhanumati Saraf,6,1,0,1,1,0,0.0,LOW
Zashil Brar,6,1,0,1,1,0,0.0,LOW
Yoshita Purohit,6,1,0,1,1,0,0.0,LOW
Jagvi Mukhopadhyay,6,1,0,1,1,0,0.0,LOW
Shivansh Ramanathan,6,1,0,1,1,0,0.0,LOW
Varenya Pandey,6,1,0,1,1,0,0.0,LOW
Rushil Seshadri,6,1,0,1,1,0,0.0,LOW
Jeevika Khalsa,6,1,0,1,1,0,0.0,LOW
Thomas Khare,6,1,0,1,1,0,0.0,LOW
Anya Garg,6,1,0,1,1,0,0.0,LOW
Advik Patla,6,1,0,1,1,0,0.0,LOW
Dhruv Loyal,6,1,0,1,1,0,0.0,LOW
Chaitanya Datta,6,1,0,1,1,0,0.0,LOW
Radhika Savant,6,1,0,1,1,0,0.0,LOW
Nicholas Chakraborty,6,1,0,1,1,0,0.0,LOW
Abha Vig,6,1,0,1,1,0,0.0,LOW
Nicholas Taneja,6,1,0,1,1,0,0.0,LOW
Leena Shah,6,1,0,1,1,0,0.0,LOW
Anmol Raghavan,6,1,0,1,1,0,0.0,LOW
Balveer Kapadia,6,1,0,1,1,0,0.0,LOW
Niharika Garg,6,1,0,1,1,0,0.0,LOW
Advaith Dey,6,1,0,1,1,0,0.0,LOW
Triveni Nagi,6,1,0,1,1,0,0.0,LOW
Raagini Peri,6,1,0,1,1,0,0.0,LOW
Hemangini Bajaj,6,1,0,1,1,0,0.0,LOW
Dayamai Borra,6,1,0,1,1,0,0.0,LOW
Yochana Palan,6,1,0,1,1,0,0.0,LOW
Tanvi Mahajan,6,1,0,1,1,0,0.0,LOW
Isha Hora,6,1,0,1,1,0,0.0,LOW
Yashica Mitra,6,1,0,1,1,0,0.0,LOW
Frado Peri,6,1,0,1,1,0,0.0,LOW
Karan Brar,6,1,0,1,1,0,0.0,LOW
Rudra Prakash,6,1,0,1,1,0,0.0,LOW
Harsh Gokhale,6,1,0,1,1,0,0.0,LOW
Dominic Golla,6,1,0,1,1,0,0.0,LOW
Shivani Vig,6,1,0,1,1,0,0.0,LOW
Priya Kadakia,6,1,0,1,1,0,0.0,LOW
Lajita Mallick,6,1,0,1,1,0,0.0,LOW
Laban Soman,6,1,0,1,1,0,0.0,LOW
Aayush Koshy,6,1,0,1,1,0,0.0,LOW
Mugdha Bhakta,6,1,0,1,1,0,0.0,LOW
Yashodhara Nori,6,1,0,1,1,0,0.0,LOW
Yuvraj Ganguly,6,1,0,1,1,0,0.0,LOW
Arjun Dubey,6,1,0,1,1,0,0.0,LOW
Bachittar Khatri,6,1,0,1,1,0,0.0,LOW
Sara Chandra,6,1,0,1,1,0,0.0,LOW
Michael Nath,6,1,0,1,1,0,0.0,LOW
Nitesh Ganesan,6,1,0,1,1,0,0.0,LOW
Timothy Mittal,6,1,0,1,1,0,0.0,LOW
Urmi Deo,6,1,0,1,1,0,0.0,LOW
Priya Kakar,6,1,0,1,1,0,0.0,LOW
Urvashi Sehgal,6,1,0,1,1,0,0.0,LOW
Zehaan Loyal,6,1,0,1,1,0,0.0,LOW
Ekavir Sundaram,6,1,0,1,1,0,0.0,LOW
Zaid Venkataraman,6,1,0,1,1,0,0.0,LOW
Dhriti Deshmukh,6,1,0,1,1,0,0.0,LOW
Ladli Wagle,6,1,0,1,1,0,0.0,LOW
Samuel Khanna,6,1,0,1,1,0,0.0,LOW
Sneha Ramakrishnan,6,1,0,1,1,0,0.0,LOW
Bishakha Banerjee,6,1,0,1,1,0,0.0,LOW
Balendra Chakrabarti,6,1,0,1,1,0,0.0,LOW
Triya Sem,6,1,0,1,1,0,0.0,LOW
Adweta Saha,6,1,0,1,1,0,0.0,LOW
Ekapad Saha,6,1,0,1,1,0,0.0,LOW
Vanya Kashyap,6,1,0,1,1,0,0.0,LOW
Manbir Kothari,6,1,0,1,1,0,0.0,LOW
Amol Merchant,6,1,0,1,1,0,0.0,LOW
Xavier Grewal,6,1,0,1,1,0,0.0,LOW
Jhalak Kuruvilla,6,1,0,1,1,0,0.0,LOW
Yochana Yohannan,6,1,0,1,1,0,0.0,LOW
Eesha Peri,6,1,0,1,1,0,0.0,LOW
Adweta Kibe,6,1,0,1,1,0,0.0,LOW
Imaran Nadig,6,1,0,1,1,0,0.0,LOW
Aadi Nair,6,1,0,1,1,0,0.0,LOW
Tara Shanker,6,1,0,1,1,0,0.0,LOW
Anya Bajaj,6,1,0,1,1,0,0.0,LOW
Balvan Devi,6,1,0,1,1,0,0.0,LOW
Logan Babu,6,1,0,1,1,0,0.0,LOW
Ira Savant,6,1,0,1,1,0,0.0,LOW
Samesh Din,6,1,0,1,1,0,0.0,LOW
Abeer Grewal,6,1,0,1,1,0,0.0,LOW
Aditya Bhasin,6,1,0,1,1,0,0.0,LOW
Lopa Pandey,6,1,0,1,1,0,0.0,LOW
Raagini Bobal,6,1,0,1,1,0,0.0,LOW
Rishi Sachar,6,1,0,1,1,0,0.0,LOW
Wahab Bakshi,6,1,0,1,1,0,0.0,LOW
Aachal Sant,6,1,0,1,1,0,0.0,LOW
Aradhana Bansal,6,1,0,1,1,0,0.0,LOW
Zayan Ghosh,6,1,0,1,1,0,0.0,LOW
Aarnav Sekhon,6,1,0,1,1,0,0.0,LOW
Raagini Krishna,6,1,0,1,1,0,0.0,LOW
Pallavi Manne,6,1,0,1,1,0,0.0,LOW
Samuel Puri,6,1,0,1,1,0,0.0,LOW
Pavani Nayak,6,1,0,1,1,0,0.0,LOW
Jackson Dass,6,1,0,1,1,0,0.0,LOW
Gagan Viswanathan,6,1,0,1,1,0,0.0,LOW
Yashica Sarraf,6,1,0,1,1,0,0.0,LOW
Odika Pant,6,1,0,1,1,0,0.0,LOW
Aarini Bala,6,1,0,1,1,0,0.0,LOW
Aarush Dhillon,6,1,0,1,1,0,0.0,LOW
Siya Kade,6,1,0,1,1,0,0.0,LOW
Vinaya Dhawan,6,1,0,1,1,0,0.0,LOW
Hardik Pandey,6,1,0,1,1,0,0.0,LOW
Ayush Wagle,6,1,0,1,1,0,0.0,LOW
Oscar Chander,6,1,0,1,1,0,0.0,LOW
Tejas Menon,6,1,0,1,1,0,0.0,LOW
Yash Dey,6,1,0,1,1,0,0.0,LOW
Arunima Wali,6,1,0,1,1,0,0.0,LOW
Jagvi Oza,6,1,0,1,1,0,0.0,LOW
Ekapad Raj,6,1,0,1,1,0,0.0,LOW
Hritik Chaudhuri,6,1,0,1,1,0,0.0,LOW
Ubika Salvi,6,1,0,1,1,0,0.0,LOW
Finn Murthy,6,1,0,1,1,0,0.0,LOW
Waida Sankar,6,1,0,1,1,0,0.0,LOW
Oeshi Sathe,6,1,0,1,1,0,0.0,LOW
Zansi Srinivas,6,1,0,1,1,0,0.0,LOW
Watika Palla,6,1,0,1,1,0,0.0,LOW
Irya Dara,6,1,0,1,1,0,0.0,LOW
Turvi Mangat,6,1,0,1,1,0,0.0,LOW
Kashish Dewan,6,1,0,1,1,0,0.0,LOW
Kavya Bhatia,6,1,0,1,1,0,0.0,LOW
Benjamin Suri,6,1,0,1,1,0,0.0,LOW
Upasna Anand,6,1,0,1,1,0,0.0,LOW
Hemani Bora,6,1,0,1,1,0,0.0,LOW
Nitesh Warrior,6,1,0,1,1,0,0.0,LOW
Warda Roy,6,1,0,1,1,0,0.0,LOW
Osha Contractor,6,1,0,1,1,0,0.0,LOW
Adya Shere,6,1,0,1,1,0,0.0,LOW
Yuvraj Bains,6,1,0,1,1,0,0.0,LOW
Omisha Bajaj,6,1,0,1,1,0,0.0,LOW
Owen Gandhi,6,1,0,1,1,0,0.0,LOW
Gunbir Warrior,6,1,0,1,1,0,0.0,LOW
Upadhriti Manda,6,1,0,1,1,0,0.0,LOW
Yochana Vyas,6,1,0,1,1,0,0.0,LOW
Matthew Chauhan,6,1,0,1,1,0,0.0,LOW
Warinder Bhargava,6,1,0,1,1,0,0.0,LOW
Yash Varughese,6,1,0,1,1,0,0.0,LOW
Gopal Mukhopadhyay,6,1,0,1,1,0,0.0,LOW
Chaman Merchant,6,1,0,1,1,0,0.0,LOW
Eesha Kota,6,1,0,1,1,0,0.0,LOW
Varsha Varughese,6,1,0,1,1,0,0.0,LOW
Yochana Natt,6,1,0,1,1,0,0.0,LOW
Upma Ramachandran,6,1,0,1,1,0,0.0,LOW
Garima Ganesh,6,1,0,1,1,0,0.0,LOW
Daksha Kant,6,1,0,1,1,0,0.0,LOW
Aayush Murty,6,1,0,1,1,0,0.0,LOW
Kashvi Merchant,6,1,0,1,1,0,0.0,LOW
Tanay Modi,6,1,0,1,1,0,0.0,LOW
Ronith Atwal,6,1,0,1,1,0,0.0,LOW
Kashvi Kade,6,1,0,1,1,0,0.0,LOW
Yoshita Rama,6,1,0,1,1,0,0.0,LOW
Charvi Sinha,6,1,0,1,1,0,0.0,LOW
Hemani Prashad,6,1,0,1,1,0,0.0,LOW
Nachiket Grover,6,1,0,1,1,0,0.0,LOW
Azaan Narayan,6,1,0,1,1,0,0.0,LOW
Jhalak Amble,6,1,0,1,1,0,0.0,LOW
Neel Sandal,6,1,0,1,1,0,0.0,LOW
Anvi Yogi,6,1,0,1,1,0,0.0,LOW
Azaan Raju,6,1,0,1,1,0,0.0,LOW
Leela Panchal,6,1,0,1,1,0,0.0,LOW
Zaitra Peri,6,1,0,1,1,0,0.0,LOW
Timothy Lall,6,1,0,1,1,0,0.0,LOW
Jonathan Sandhu,6,1,0,1,1,0,0.0,LOW
Nathaniel Dubey,6,1,0,1,1,0,0.0,LOW
Turvi Varghese,6,1,0,1,1,0,0.0,LOW
Kritika Menon,6,1,0,1,1,0,0.0,LOW
Jhalak Rege,6,1,0,1,1,0,0.0,LOW
Zayan Sidhu,6,1,0,1,1,0,0.0,LOW
Aahana Pau,6,1,0,1,1,0,0.0,LOW
Lavanya Wable,6,1,0,1,1,0,0.0,LOW
Bhavani Keer,6,1,0,1,1,0,0.0,LOW
Nidhi Swamy,6,1,0,1,1,0,0.0,LOW
Qadim Khurana,6,1,0,1,1,0,0.0,LOW
Logan Ganesh,6,1,0,1,1,0,0.0,LOW
Neha Das,6,1,0,1,1,0,0.0,LOW
Hredhaan Sarraf,6,1,0,1,1,0,0.0,LOW
Ryan Guha,6,1,0,1,1,0,0.0,LOW
Laksh Rout,6,1,0,1,1,0,0.0,LOW
Ishaan Chaudhary,6,1,0,1,1,0,0.0,LOW
Zilmil Krishnan,6,1,0,1,1,0,0.0,LOW
Michael Varkey,6,1,0,1,1,0,0.0,LOW
Lipika Thaman,6,1,0,1,1,0,0.0,LOW
Rachit Das,6,1,0,1,1,0,0.0,LOW
Hemani Kibe,6,1,0,1,1,0,0.0,LOW
Unnati Borra,6,1,0,1,1,0,0.0,LOW
Ekalinga Magar,6,1,0,1,1,0,0.0,LOW
Abha Bath,6,1,0,1,1,0,0.0,LOW
Reyansh Ghosh,6,1,0,1,1,0,0.0,LOW
Kalpit Master,6,1,0,1,1,0,0.0,LOW
Qarin Singh,6,1,0,1,1,0,0.0,LOW
Turvi Varma,6,1,0,1,1,0,0.0,LOW
Yashoda Dewan,6,1,0,1,1,0,0.0,LOW
Harrison Parmar,6,1,0,1,1,0,0.0,LOW
Ishaan Atwal,6,1,0,1,1,0,0.0,LOW
Nachiket Mann,6,1,0,1,1,0,0.0,LOW
Anay Garg,6,1,0,1,1,0,0.0,LOW
Mekhala Kamdar,6,1,0,1,1,0,0.0,LOW
Krishna Palla,6,1,0,1,1,0,0.0,LOW
Mugdha Bedi,6,1,0,1,1,0,0.0,LOW
Gunbir Iyengar,6,1,0,1,1,0,0.0,LOW
Devika Menon,6,1,0,1,1,0,0.0,LOW
Akshay Andra,6,1,0,1,1,0,0.0,LOW
Nitara Dhar,6,1,0,1,1,0,0.0,LOW
Raagini Gara,6,1,0,1,1,0,0.0,LOW
Finn Balakrishnan,6,1,0,1,1,0,0.0,LOW
Anirudh Doshi,6,1,0,1,1,0,0.0,LOW
Aradhana Muni,6,1,0,1,1,0,0.0,LOW
Riya Basak,6,1,0,1,1,0,0.0,LOW
Kavya Varkey,6,1,0,1,1,0,0.0,LOW
Zinal Kurian,6,1,0,1,1,0,0.0,LOW
Jason Kara,6,1,0,1,1,0,0.0,LOW
Aradhana Singh,6,1,0,1,1,0,0.0,LOW
Zaitra Dyal,6,1,0,1,1,0,0.0,LOW
Kamya Dubey,6,1,0,1,1,0,0.0,LOW
Raagini Kara,6,1,0,1,1,0,0.0,LOW
Joshua Borah,6,1,0,1,1,0,0.0,LOW
Ayaan Jain,6,1,0,1,1,0,0.0,LOW
Tara Sami,6,1,0,1,1,0,0.0,LOW
Anjali Tandon,6,1,0,1,1,0,0.0,LOW
Dominic Gandhi,6,1,0,1,1,0,0.0,LOW
Anmol Natt,6,1,0,1,1,0,0.0,LOW
Jairaj Mahajan,6,1,0,1,1,0,0.0,LOW
Matthew Parekh,6,1,0,1,1,0,0.0,LOW
Gunbir Kunda,6,1,0,1,1,0,0.0,LOW
Ekiya Sen,6,1,0,1,1,0,0.0,LOW
Chakrika Karnik,6,1,0,1,1,0,0.0,LOW
Anamika Chowdhury,6,1,0,1,1,0,0.0,LOW
Janaki Swamy,6,1,0,1,1,0,0.0,LOW
Liam Andra,6,1,0,1,1,0,0.0,LOW
Suhani Sahni,6,1,0,1,1,0,0.0,LOW
Yauvani Kibe,6,1,0,1,1,0,0.0,LOW
Caleb Srivastava,6,1,0,1,1,0,0.0,LOW
Elijah Dani,6,1,0,1,1,0,0.0,LOW
Chandresh Srinivas,6,1,0,1,1,0,0.0,LOW
Maya Buch,6,1,0,1,1,0,0.0,LOW
Ekiya Behl,6,1,0,1,1,0,0.0,LOW
Yauvani Jayaraman,6,1,0,1,1,0,0.0,LOW
Udant Sastry,6,1,0,1,1,0,0.0,LOW
Saanvi Virk,6,1,0,1,1,0,0.0,LOW
Gaurav Chokshi,6,1,0,1,1,0,0.0,LOW
Kiaan Garde,6,1,0,1,1,0,0.0,LOW
Ishwar Bhargava,6,1,0,1,1,0,0.0,LOW
Manan Badal,6,1,0,1,1,0,0.0,LOW
Henry Chaudry,6,1,0,1,1,0,0.0,LOW
Naksh Chaudhary,6,1,0,1,1,0,0.0,LOW
Hemang Pau,6,1,0,1,1,0,0.0,LOW
Janaki Khanna,6,1,0,1,1,0,0.0,LOW
Sachi Raghavan,6,1,0,1,1,0,0.0,LOW
Kamya Ram,6,1,0,1,1,0,0.0,LOW
Tanmayi Cheema,6,1,0,1,1,0,0.0,LOW
Manan Pandya,6,1,0,1,1,0,0.0,LOW
Upma Tak,6,1,0,1,1,0,0.0,LOW
Utkarsh Biswas,6,1,0,1,1,0,0.0,LOW
Yug Muni,6,1,0,1,1,0,0.0,LOW
Amrita Loyal,6,1,0,1,1,0,0.0,LOW
Lakshit Anne,6,1,0,1,1,0,0.0,LOW
Ira Kohli,6,1,0,1,1,0,0.0,LOW
Zayan Mammen,6,1,0,1,1,0,0.0,LOW
Samarth Randhawa,6,1,0,1,1,0,0.0,LOW
Indira Jhaveri,6,1,0,1,1,0,0.0,LOW
Amol Boase,6,1,0,1,1,0,0.0,LOW
Manthan Din,6,1,0,1,1,0,0.0,LOW
Sanaya Modi,6,1,0,1,1,0,0.0,LOW
Isaiah Sarkar,6,1,0,1,1,0,0.0,LOW
Nitara Merchant,6,1,0,1,1,0,0.0,LOW
Lipika Varkey,6,1,0,1,1,0,0.0,LOW
Jatin Pandey,6,1,0,1,1,0,0.0,LOW
Vansha Behl,6,1,0,1,1,0,0.0,LOW
Vidhi Bajaj,6,1,0,1,1,0,0.0,LOW
Tamanna Sankaran,6,1,0,1,1,0,0.0,LOW
Baljiwan Kuruvilla,6,1,0,1,1,0,0.0,LOW
Matthew Bhardwaj,6,1,0,1,1,0,0.0,LOW
Jatin Rao,6,1,0,1,1,0,0.0,LOW
Abha Varughese,6,1,0,1,1,0,0.0,LOW
Om Anne,6,1,0,1,1,0,0.0,LOW
Vinaya Dewan,6,1,0,1,1,0,0.0,LOW
Chavvi Sami,6,1,0,1,1,0,0.0,LOW
Mahika Modi,6,1,0,1,1,0,0.0,LOW
Yagnesh Rege,6,1,0,1,1,0,0.0,LOW
Ishani Baral,6,1,0,1,1,0,0.0,LOW
Kabir Vala,6,1,0,1,1,0,0.0,LOW
Krisha Chaudhary,6,1,0,1,1,0,0.0,LOW
Harita Kalla,6,1,0,1,1,0,0.0,LOW
Netra Shukla,6,1,0,1,1,0,0.0,LOW
Chavvi Kulkarni,6,1,0,1,1,0,0.0,LOW
Nikita Kapadia,6,1,0,1,1,0,0.0,LOW
Lila Dubey,6,1,0,1,1,0,0.0,LOW
Barkha Prabhakar,6,1,0,1,1,0,0.0,LOW
Harish Rastogi,6,1,0,1,1,0,0.0,LOW
Madhavi Rana,6,1,0,1,1,0,0.0,LOW
Raagini Kapur,6,1,0,1,1,0,0.0,LOW
Jeet Jhaveri,6,1,0,1,1,0,0.0,LOW
Krishna Ben,6,1,0,1,1,0,0.0,LOW
Vedant Magar,6,1,0,1,1,0,0.0,LOW
Manan Kade,6,1,0,1,1,0,0.0,LOW
Varenya Sachdev,6,1,0,1,1,0,0.0,LOW
Gabriel Garde,6,1,0,1,1,0,0.0,LOW
Balveer Rout,6,1,0,1,1,0,0.0,LOW
Zarna Dar,6,1,0,1,1,0,0.0,LOW
Elijah Chada,6,1,0,1,1,0,0.0,LOW
Dayita Balay,6,1,0,1,1,0,0.0,LOW
Oviya Iyer,6,1,0,1,1,0,0.0,LOW
Unni Kothari,6,1,0,1,1,0,0.0,LOW
Geetika Acharya,6,1,0,1,1,0,0.0,LOW
Nidhi Tella,6,1,0,1,1,0,0.0,LOW
Kavya Majumdar,6,1,0,1,1,0,0.0,LOW
Turvi Kumar,6,1,0,1,1,0,0.0,LOW
Finn Deol,6,1,0,1,1,0,0.0,LOW
Wishi Ghose,6,1,0,1,1,0,0.0,LOW
Ucchal Hari,6,1,0,1,1,0,0.0,LOW
Azad Agate,6,1,0,1,1,0,0.0,LOW
Fariq Apte,6,1,0,1,1,0,0.0,LOW
Samar Chacko,6,1,0,1,1,0,0.0,LOW
Sudiksha Pandya,6,1,0,1,1,0,0.0,LOW
Samar Kibe,6,1,0,1,1,0,0.0,LOW
Henry Mishra,6,1,0,1,1,0,0.0,LOW
Jacob Sarkar,6,1,0,1,1,0,0.0,LOW
Harshil Swamy,6,1,0,1,1,0,0.0,LOW
Oni Merchant,6,1,0,1,1,0,0.0,LOW
Advika Krishnamurthy,6,1,0,1,1,0,0.0,LOW
Anya Golla,6,1,0,1,1,0,0.0,LOW
Hredhaan Bains,6,1,0,1,1,0,0.0,LOW
Anmol Gole,6,1,0,1,1,0,0.0,LOW
Panini Pall,6,1,0,1,1,0,0.0,LOW
Yoshita Varkey,6,1,0,1,1,0,0.0,LOW
Atharv Ramaswamy,6,1,0,1,1,0,0.0,LOW
Pushti Srinivasan,6,1,0,1,1,0,0.0,LOW
Fariq Comar,6,1,0,1,1,0,0.0,LOW
Robert Ravi,6,1,0,1,1,0,0.0,LOW
Krisha Thakur,6,1,0,1,1,0,0.0,LOW
Thomas Sharaf,6,1,0,1,1,0,0.0,LOW
Ekta Rege,6,1,0,1,1,0,0.0,LOW
Jagvi Sawhney,6,1,0,1,1,0,0.0,LOW
Yasti Naik,6,1,0,1,1,0,0.0,LOW
Wahab Sachdeva,6,1,0,1,1,0,0.0,LOW
Eiravati Jha,6,1,0,1,1,0,0.0,LOW
Faraj Arora,6,1,0,1,1,0,0.0,LOW
Daniel Natarajan,6,1,0,1,1,0,0.0,LOW
Kamya Bhalla,6,1,0,1,1,0,0.0,LOW
Nachiket Kaur,6,1,0,1,1,0,0.0,LOW
Vidhi Sem,6,1,0,1,1,0,0.0,LOW
Rachita Mittal,6,1,0,1,1,0,0.0,LOW
Indira Kant,6,1,0,1,1,0,0.0,LOW
Tanmayi Behl,6,1,0,1,1,0,0.0,LOW
Falan Iyengar,6,1,0,1,1,0,0.0,LOW
Amaira Krishnan,6,1,0,1,1,0,0.0,LOW
Charvi Zachariah,6,1,0,1,1,0,0.0,LOW
Vritti Bedi,6,1,0,1,1,0,0.0,LOW
Rachita Prabhakar,6,1,0,1,1,0,0.0,LOW
Orinder Kaur,6,1,0,1,1,0,0.0,LOW
Udant Agarwal,6,1,0,1,1,0,0.0,LOW
Vyanjana Golla,6,1,0,1,1,0,0.0,LOW
Hemal Sarma,6,1,0,1,1,0,0.0,LOW
Gaurang Batra,6,1,0,1,1,0,0.0,LOW
Darsh Arya,6,1,0,1,1,0,0.0,LOW
Jasmit Kalla,6,1,0,1,1,0,0.0,LOW
Mitesh Sane,6,1,0,1,1,0,0.0,LOW
Bhanumati Sant,6,1,0,1,1,0,0.0,LOW
Tanmayi Dayal,6,1,0,1,1,0,0.0,LOW
Saanvi Gour,6,1,0,1,1,0,0.0,LOW
Leena Gola,6,1,0,1,1,0,0.0,LOW
Bhavika Kale,6,1,0,1,1,0,0.0,LOW
Krish Parmer,6,1,0,1,1,0,0.0,LOW
Yahvi Chanda,6,1,0,1,1,0,0.0,LOW
Wyatt Chand,6,1,0,1,1,0,0.0,LOW
Upkaar Chaudhuri,6,1,0,1,1,0,0.0,LOW
Kabir Bawa,6,1,0,1,1,0,0.0,LOW
Rushil Ganguly,6,1,0,1,1,0,0.0,LOW
Darika Dayal,6,1,0,1,1,0,0.0,LOW
Jhalak Dyal,6,1,0,1,1,0,0.0,LOW
Samar Pingle,6,1,0,1,1,0,0.0,LOW
Faraj Master,6,1,0,1,1,0,0.0,LOW
Aashi Ben,6,1,0,1,1,0,0.0,LOW
Isaac Shroff,6,1,0,1,1,0,0.0,LOW
Brijesh Dada,6,1,0,1,1,0,0.0,LOW
Indira Varughese,6,1,0,1,1,0,0.0,LOW
Yuvraj Chaudhary,6,1,0,1,1,0,0.0,LOW
Ekantika Desai,6,1,0,1,1,0,0.0,LOW
Alka Nadkarni,6,1,0,1,1,0,0.0,LOW
Patrick Kamdar,6,1,0,1,1,0,0.0,LOW
Azaan Agate,6,1,0,1,1,0,0.0,LOW
Pahal Peri,6,1,0,1,1,0,0.0,LOW
Imaran Chad,6,1,0,1,1,0,0.0,LOW
Isaac Malhotra,6,1,0,1,1,0,0.0,LOW
Timothy Kapur,6,1,0,1,1,0,0.0,LOW
Neha Murthy,6,1,0,1,1,0,0.0,LOW
Chaaya Batta,6,1,0,1,1,0,0.0,LOW
Lakshit Rout,6,1,0,1,1,0,0.0,LOW
Chakrika Borra,6,1,0,1,1,0,0.0,LOW
Alexander Cherian,6,1,0,1,1,0,0.0,LOW
Abdul Bhalla,6,1,0,1,1,0,0.0,LOW
Jalsa Mangal,6,1,0,1,1,0,0.0,LOW
Ladli Ganesh,6,1,0,1,1,0,0.0,LOW
Jeet Brar,6,1,0,1,1,0,0.0,LOW
Orinder Datta,6,1,0,1,1,0,0.0,LOW
Vrinda Dasgupta,6,1,0,1,1,0,0.0,LOW
Pahal Loke,6,1,0,1,1,0,0.0,LOW
Ishanvi Bath,6,1,0,1,1,0,0.0,LOW
Vritti Sangha,6,1,0,1,1,0,0.0,LOW
Amrita Chahal,6,1,0,1,1,0,0.0,LOW
Bina Kuruvilla,6,1,0,1,1,0,0.0,LOW
Lipika Murty,6,1,0,1,1,0,0.0,LOW
Watika Ramesh,6,1,0,1,1,0,0.0,LOW
Faris Ratta,6,1,0,1,1,0,0.0,LOW
Yagnesh Kalita,6,1,0,1,1,0,0.0,LOW
Inaya Karpe,6,1,0,1,1,0,0.0,LOW
Neelima Iyer,6,1,0,1,1,0,0.0,LOW
Ekta Tella,6,1,0,1,1,0,0.0,LOW
Lopa Batta,6,1,0,1,1,0,0.0,LOW
Prisha Chaudhary,6,1,0,1,1,0,0.0,LOW
Hardik Sen,6,1,0,1,1,0,0.0,LOW
Krish Swaminathan,6,1,0,1,1,0,0.0,LOW
Anita Acharya,6,1,0,1,1,0,0.0,LOW
Aayush Bedi,6,1,0,1,1,0,0.0,LOW
Anay Saini,6,1,0,1,1,0,0.0,LOW
Frederick Basu,6,1,0,1,1,0,0.0,LOW
Vincent Oza,6,1,0,1,1,0,0.0,LOW
Ansh Yogi,6,1,0,1,1,0,0.0,LOW
Oscar Kuruvilla,6,1,0,1,1,0,0.0,LOW
Krisha Reddy,6,1,0,1,1,0,0.0,LOW
Mahika Dixit,6,1,0,1,1,0,0.0,LOW
Hema Mohanty,6,1,0,1,1,0,0.0,LOW
Aishani Mitter,6,1,0,1,1,0,0.0,LOW
Wyatt Kale,6,1,0,1,1,0,0.0,LOW
Balendra Gaba,6,1,0,1,1,0,0.0,LOW
Oliver Comar,6,1,0,1,1,0,0.0,LOW
Ekalinga Khare,6,1,0,1,1,0,0.0,LOW
Harish Bhavsar,6,1,0,1,1,0,0.0,LOW
Chavvi Cherian,6,1,0,1,1,0,0.0,LOW
Eshana Nayar,6,1,0,1,1,0,0.0,LOW
Ayushman Rajagopalan,6,1,0,1,1,0,0.0,LOW
Ethan Talwar,6,1,0,1,1,0,0.0,LOW
Bhanumati Barman,6,1,0,1,1,0,0.0,LOW
Vrishti Batra,6,1,0,1,1,0,0.0,LOW
Vanya Zacharia,6,1,0,1,1,0,0.0,LOW
Liam Nanda,6,1,0,1,1,0,0.0,LOW
Qasim Subramaniam,6,1,0,1,1,0,0.0,LOW
Utkarsh Dayal,6,1,0,1,1,0,0.0,LOW
Edhitha Shanker,6,1,0,1,1,0,0.0,LOW
Daksha Krishnan,6,1,0,1,1,0,0.0,LOW
Ronith Pall,6,1,0,1,1,0,0.0,LOW
Advika Dugar,6,1,0,1,1,0,0.0,LOW
Manan Kala,6,1,0,1,1,0,0.0,LOW
Isha Prashad,6,1,0,1,1,0,0.0,LOW
Lekha Sinha,6,1,0,1,1,0,0.0,LOW
Chameli Nagar,6,1,0,1,1,0,0.0,LOW
Praneel Arya,6,1,0,1,1,0,0.0,LOW
Pranit Shan,6,1,0,1,1,0,0.0,LOW
Rachit Chand,6,1,0,1,1,0,0.0,LOW
Harini Koshy,6,1,0,1,1,0,0.0,LOW
Chaman Chandra,6,1,0,1,1,0,0.0,LOW
Watika Singh,6,1,0,1,1,0,0.0,LOW
Siddharth Ratta,6,1,0,1,1,0,0.0,LOW
Keya Johal,6,1,0,1,1,0,0.0,LOW
Lakshmi Dube,6,1,0,1,1,0,0.0,LOW
Mohammed Prabhakar,6,1,0,1,1,0,0.0,LOW
Januja Saini,6,1,0,1,1,0,0.0,LOW
Qabil Badal,6,1,0,1,1,0,0.0,LOW
Abhimanyu Jaggi,6,1,0,1,1,0,0.0,LOW
Frado Swamy,6,1,0,1,1,0,0.0,LOW
Nisha Dixit,6,1,0,1,1,0,0.0,LOW
Pranit Choudhry,6,1,0,1,1,0,0.0,LOW
Nicholas Ray,6,1,0,1,1,0,0.0,LOW
Theodore Sankar,6,1,0,1,1,0,0.0,LOW
Zilmil Lad,6,1,0,1,1,0,0.0,LOW
Tarak Bakshi,6,1,0,1,1,0,0.0,LOW
Ijaya Subramaniam,6,1,0,1,1,0,0.0,LOW
Manbir Kumar,6,1,0,1,1,0,0.0,LOW
Faris Oommen,6,1,0,1,1,0,0.0,LOW
Gavin Mitra,6,1,0,1,1,0,0.0,LOW
Tamanna Karpe,6,1,0,1,1,0,0.0,LOW
Faras Balasubramanian,6,1,0,1,1,0,0.0,LOW
Ayush Taneja,6,1,0,1,1,0,0.0,LOW
Azaan Verma,6,1,0,1,1,0,0.0,LOW
Shravya Kibe,6,1,0,1,1,0,0.0,LOW
Praneel Mangat,6,1,0,1,1,0,0.0,LOW
Joshua Mand,6,1,0,1,1,0,0.0,LOW
Quincy Mahajan,6,1,0,1,1,0,0.0,LOW
Zaid Kapadia,6,1,0,1,1,0,0.0,LOW
Nidra Bakshi,6,1,0,1,1,0,0.0,LOW
Henry Basu,6,1,0,1,1,0,0.0,LOW
Bhavini Sama,6,1,0,1,1,0,0.0,LOW
Hemangini Ben,6,1,0,1,1,0,0.0,LOW
Gautam Kale,6,1,0,1,1,0,0.0,LOW
Eshana Bahri,6,1,0,1,1,0,0.0,LOW
Zaid Deol,6,1,0,1,1,0,0.0,LOW
Ayaan Brahmbhatt,6,1,0,1,1,0,0.0,LOW
Ishanvi Karpe,6,1,0,1,1,0,0.0,LOW
Jeremiah Doshi,6,1,0,1,1,0,0.0,LOW
Agastya Dash,6,1,0,1,1,0,0.0,LOW
Reva Desai,6,1,0,1,1,0,0.0,LOW
Udarsh Raja,6,1,0,1,1,0,0.0,LOW
Manan Dhaliwal,6,1,0,1,1,0,0.0,LOW
Matthew Shukla,6,1,0,1,1,0,0.0,LOW
Anusha Singh,6,1,0,1,1,0,0.0,LOW
Megha Ghosh,6,1,0,1,1,0,0.0,LOW
Aarav Atwal,6,1,0,1,1,0,0.0,LOW
Ridhi Agrawal,6,1,0,1,1,0,0.0,LOW
Janya Tata,6,1,0,1,1,0,0.0,LOW
Ronith Grover,6,1,0,1,1,0,0.0,LOW
Yuvraj Hari,6,1,0,1,1,0,0.0,LOW
Gavin Rama,6,1,0,1,1,0,0.0,LOW
Vivaan Ahluwalia,6,1,0,1,1,0,0.0,LOW
Gavin Bahl,6,1,0,1,1,0,0.0,LOW
Sneha Sahni,6,1,0,1,1,0,0.0,LOW
Raagini Sarin,6,1,0,1,1,0,0.0,LOW
Arin Divan,6,1,0,1,1,0,0.0,LOW
Harshil Wali,6,1,0,1,1,0,0.0,LOW
Warinder Mani,6,1,0,1,1,0,0.0,LOW
Fitan Loke,6,1,0,1,1,0,0.0,LOW
Varsha Narayanan,6,1,0,1,1,0,0.0,LOW
Wyatt Prashad,6,1,0,1,1,0,0.0,LOW
Ojasvi Kuruvilla,6,1,0,1,1,0,0.0,LOW
Krishna Acharya,6,1,0,1,1,0,0.0,LOW
Chatura Dara,6,1,0,1,1,0,0.0,LOW
Bishakha Kalita,6,1,0,1,1,0,0.0,LOW
Vaishnavi Dhingra,6,1,0,1,1,0,0.0,LOW
Nandini Parekh,6,1,0,1,1,0,0.0,LOW
Caleb Bedi,6,1,0,1,1,0,0.0,LOW
Chakradev Swamy,6,1,0,1,1,0,0.0,LOW
Om Tara,6,1,0,1,1,0,0.0,LOW
Yachana Raju,6,1,0,1,1,0,0.0,LOW
Janani D’Alia,6,1,0,1,1,0,0.0,LOW
Samesh Barman,6,1,0,1,1,0,0.0,LOW
Priya Bath,6,1,0,1,1,0,0.0,LOW
Arya Kurian,6,1,0,1,1,0,0.0,LOW
Yochana Lala,6,1,0,1,1,0,0.0,LOW
Leena Sahota,6,1,0,1,1,0,0.0,LOW
Chakradhar Sachdev,6,1,0,1,1,0,0.0,LOW
Charvi Dubey,6,1,0,1,1,0,0.0,LOW
Panini Rajagopalan,6,1,0,1,1,0,0.0,LOW
Urmi Mitter,6,1,0,1,1,0,0.0,LOW
Ayush Sharma,6,1,0,1,1,0,0.0,LOW
Kamya Bali,6,1,0,1,1,0,0.0,LOW
Warhi Tailor,6,1,0,1,1,0,0.0,LOW
Inaya Lall,6,1,0,1,1,0,0.0,LOW
Ikbal Menon,6,1,0,1,1,0,0.0,LOW
Divya Vohra,6,1,0,1,1,0,0.0,LOW
Urmi Sinha,6,1,0,1,1,0,0.0,LOW
Aahana Oza,6,1,0,1,1,0,0.0,LOW
Mason Mukhopadhyay,6,1,0,1,1,0,0.0,LOW
Ria Bassi,6,1,0,1,1,0,0.0,LOW
Oni Iyengar,6,1,0,1,1,0,0.0,LOW
Ekantika Rau,6,1,0,1,1,0,0.0,LOW
Meghana Chacko,6,1,0,1,1,0,0.0,LOW
Saanvi Deshpande,6,1,0,1,1,0,0.0,LOW
Chameli Kakar,6,1,0,1,1,0,0.0,LOW
Hiral Garg,6,1,0,1,1,0,0.0,LOW
Diya Kapadia,6,1,0,1,1,0,0.0,LOW
Watika Tripathi,6,1,0,1,1,0,0.0,LOW
Faris Amble,6,1,0,1,1,0,0.0,LOW
Ikbal Vora,6,1,0,1,1,0,0.0,LOW
Sara Rana,6,1,0,1,1,0,0.0,LOW
Thomas Sem,6,1,0,1,1,0,0.0,LOW
Radha Oak,6,1,0,1,1,0,0.0,LOW
Onkar Borah,6,1,0,1,1,0,0.0,LOW
Agastya Comar,6,1,0,1,1,0,0.0,LOW
Manya Shankar,6,1,0,1,1,0,0.0,LOW
Deepa Bora,6,1,0,1,1,0,0.0,LOW
Rachita Dua,6,1,0,1,1,0,0.0,LOW
Vansha Devi,6,1,0,1,1,0,0.0,LOW
Bhavini More,6,1,0,1,1,0,0.0,LOW
Anita Joshi,6,1,0,1,1,0,0.0,LOW
Lajita Taneja,6,1,0,1,1,0,0.0,LOW
Libni Khare,6,1,0,1,1,0,0.0,LOW
Tanmayi Mangal,6,1,0,1,1,0,0.0,LOW
Ishani Shenoy,6,1,0,1,1,0,0.0,LOW
Logan Badal,6,1,0,1,1,0,0.0,LOW
Raagini Nanda,6,1,0,1,1,0,0.0,LOW
Aahana Rege,6,1,0,1,1,0,0.0,LOW
Kamya Mutti,6,1,0,1,1,0,0.0,LOW
Charita Sangha,6,1,0,1,1,0,0.0,LOW
Raghav Bava,6,1,0,1,1,0,0.0,LOW
Laban Shenoy,6,1,0,1,1,0,0.0,LOW
Oscar Raja,6,1,0,1,1,0,0.0,LOW
Gagan Gulati,6,1,0,1,1,0,0.0,LOW
Wyatt Kunda,6,1,0,1,1,0,0.0,LOW
Nathan Dhillon,6,1,0,1,1,0,0.0,LOW
Krisha Dixit,6,1,0,1,1,0,0.0,LOW
Ucchal Chopra,6,1,0,1,1,0,0.0,LOW
Vasatika Peri,6,1,0,1,1,0,0.0,LOW
Yoshita Kumar,6,1,0,1,1,0,0.0,LOW
Ikshita Tara,6,1,0,1,1,0,0.0,LOW
Bachittar Kanda,6,1,0,1,1,0,0.0,LOW
Ethan Krish,6,1,0,1,1,0,0.0,LOW
Ekani Dixit,6,1,0,1,1,0,0.0,LOW
Timothy Sampath,6,1,0,1,1,0,0.0,LOW
Falak Bava,6,1,0,1,1,0,0.0,LOW
Shaurya Tak,6,1,0,1,1,0,0.0,LOW
Unnati Munshi,6,1,0,1,1,0,0.0,LOW
Varsha Borah,6,1,0,1,1,0,0.0,LOW
Lavanya Ramesh,6,1,0,1,1,0,0.0,LOW
Onveer Sengupta,6,1,0,1,1,0,0.0,LOW
Jagvi Kakar,6,1,0,1,1,0,0.0,LOW
Vasana Balasubramanian,6,1,0,1,1,0,0.0,LOW
Ekavir Gulati,6,1,0,1,1,0,0.0,LOW
Jagrati Murthy,6,1,0,1,1,0,0.0,LOW
Qarin Palan,6,1,0,1,1,0,0.0,LOW
Amrita Mane,6,1,0,1,1,0,0.0,LOW
Warinder Thakur,6,1,0,1,1,0,0.0,LOW
Janya Vasa,6,1,0,1,1,0,0.0,LOW
Urvi Pai,6,1,0,1,1,0,0.0,LOW
Anay Wason,6,1,0,1,1,0,0.0,LOW
Harshil Uppal,6,1,0,1,1,0,0.0,LOW
Vedika Sur,6,1,0,1,1,0,0.0,LOW
Jeet Handa,6,1,0,1,1,0,0.0,LOW
Chandran Parekh,6,1,0,1,1,0,0.0,LOW
Jeet Sampath,6,1,0,1,1,0,0.0,LOW
Laban Nagarajan,6,1,0,1,1,0,0.0,LOW
Ranveer Morar,6,1,0,1,1,0,0.0,LOW
Triya Chakraborty,6,1,0,1,1,0,0.0,LOW
Nathaniel Bala,6,1,0,1,1,0,0.0,LOW
Bhanumati Wable,6,1,0,1,1,0,0.0,LOW
Pranit Virk,6,1,0,1,1,0,0.0,LOW
Guneet Chahal,6,1,0,1,1,0,0.0,LOW
Vansha Srinivas,6,1,0,1,1,0,0.0,LOW
Yash Krishnan,6,1,0,1,1,0,0.0,LOW
Vasana Muni,6,1,0,1,1,0,0.0,LOW
Vihaan Pai,6,1,0,1,1,0,0.0,LOW
Ekani Chatterjee,6,1,0,1,1,0,0.0,LOW
Yashica Biswas,6,1,0,1,1,0,0.0,LOW
Arunima Trivedi,6,1,0,1,1,0,0.0,LOW
Ganga Muni,6,1,0,1,1,0,0.0,LOW
Nisha Prakash,6,1,0,1,1,0,0.0,LOW
Samuel Issac,6,1,0,1,1,0,0.0,LOW
Sneha Handa,6,1,0,1,1,0,0.0,LOW
Ishanvi Patel,6,1,0,1,1,0,0.0,LOW
Zayyan Morar,6,1,0,1,1,0,0.0,LOW
Leena Vohra,6,1,0,1,1,0,0.0,LOW
Saksham Shukla,6,1,0,1,1,0,0.0,LOW
Zilmil Dora,6,1,0,1,1,0,0.0,LOW
Hritik Shan,6,1,0,1,1,0,0.0,LOW
Chameli Om,6,1,0,1,1,0,0.0,LOW
Darika Thakkar,6,1,0,1,1,0,0.0,LOW
Yashvi Subramaniam,6,1,0,1,1,0,0.0,LOW
Rachana Palla,6,1,0,1,1,0,0.0,LOW
Anirudh Bhatt,6,1,0,1,1,0,0.0,LOW
Aayush Wason,6,1,0,1,1,0,0.0,LOW
Mekhala Cheema,6,1,0,1,1,0,0.0,LOW
Vedhika Bhatt,6,1,0,1,1,0,0.0,LOW
Anay Khurana,6,1,0,1,1,0,0.0,LOW
Oeshi Chander,6,1,0,1,1,0,0.0,LOW
Umang Hans,6,1,0,1,1,0,0.0,LOW
Yagnesh Khare,6,1,0,1,1,0,0.0,LOW
Ansh Parsa,6,1,0,1,1,0,0.0,LOW
Radha Nagi,6,1,0,1,1,0,0.0,LOW
Manan Patla,6,1,0,1,1,0,0.0,LOW
Vasatika Kuruvilla,6,1,0,1,1,0,0.0,LOW
Yashvi Kannan,6,1,0,1,1,0,0.0,LOW
Advika Pai,6,1,0,1,1,0,0.0,LOW
Sachi Ravi,6,1,0,1,1,0,0.0,LOW
Timothy Bhattacharyya,6,1,0,1,1,0,0.0,LOW
Anusha Sethi,6,1,0,1,1,0,0.0,LOW
Omaja Sachdev,6,1,0,1,1,0,0.0,LOW
Aradhana Ramakrishnan,6,1,0,1,1,0,0.0,LOW
Kabir Goda,6,1,0,1,1,0,0.0,LOW
Qasim Bava,6,1,0,1,1,0,0.0,LOW
Advik Randhawa,6,1,0,1,1,0,0.0,LOW
Nilima Hans,6,1,0,1,1,0,0.0,LOW
Wazir Natarajan,6,1,0,1,1,0,0.0,LOW
Leela Dey,6,1,0,1,1,0,0.0,LOW
Kala Bali,6,1,0,1,1,0,0.0,LOW
Ekansh Jayaraman,6,1,0,1,1,0,0.0,LOW
Sara Ratta,6,1,0,1,1,0,0.0,LOW
Girindra Dugar,6,1,0,1,1,0,0.0,LOW
Zaid Manne,6,1,0,1,1,0,0.0,LOW
Ronith Kunda,6,1,0,1,1,0,0.0,LOW
Yagnesh Manne,6,1,0,1,1,0,0.0,LOW
Lila Lala,6,1,0,1,1,0,0.0,LOW
Kalpit Magar,6,1,0,1,1,0,0.0,LOW
Manan Dey,6,1,0,1,1,0,0.0,LOW
Vyanjana Magar,6,1,0,1,1,0,0.0,LOW
Bhanumati Lala,6,1,0,1,1,0,0.0,LOW
Zaitra Sarraf,6,1,0,1,1,0,0.0,LOW
Abhimanyu Vyas,6,1,0,1,1,0,0.0,LOW
Aadhya Vala,6,1,0,1,1,0,0.0,LOW
Brinda Halder,6,1,0,1,1,0,0.0,LOW
Ronith Hegde,6,1,0,1,1,0,0.0,LOW
Ekavir Butala,6,1,0,1,1,0,0.0,LOW
Michael Barad,6,1,0,1,1,0,0.0,LOW
Anay Prashad,6,1,0,1,1,0,0.0,LOW
Abeer Thaman,6,1,0,1,1,0,0.0,LOW
Lekha Venkataraman,6,1,0,1,1,0,0.0,LOW
Triveni Ganesh,6,1,0,1,1,0,0.0,LOW
Sara Sodhi,6,1,0,1,1,0,0.0,LOW
Triya Sengupta,6,1,0,1,1,0,0.0,LOW
Oni Sinha,6,1,0,1,1,0,0.0,LOW
Fitan Kashyap,6,1,0,1,1,0,0.0,LOW
Wakeeta Dewan,6,1,0,1,1,0,0.0,LOW
Wakeeta Yogi,6,1,0,1,1,0,0.0,LOW
Maanas Dhar,6,1,0,1,1,0,0.0,LOW
Rishi Chanda,6,1,0,1,1,0,0.0,LOW
Lekha Sarraf,6,1,0,1,1,0,0.0,LOW
Abdul Cherian,6,1,0,1,1,0,0.0,LOW
Umang Badal,6,1,0,1,1,0,0.0,LOW
Ucchal Palla,6,1,0,1,1,0,0.0,LOW
Andrew Shah,6,1,0,1,1,0,0.0,LOW
Bhavani Chander,6,1,0,1,1,0,0.0,LOW
Frado Shan,6,1,0,1,1,0,0.0,LOW
Jack Bhakta,6,1,0,1,1,0,0.0,LOW
Hemani Mittal,6,1,0,1,1,0,0.0,LOW
Ekbal Bakshi,6,1,0,1,1,0,0.0,LOW
Charita Sem,6,1,0,1,1,0,0.0,LOW
Siya Grover,6,1,0,1,1,0,0.0,LOW
Urvashi Bansal,6,1,0,1,1,0,0.0,LOW
Divya Goda,6,1,0,1,1,0,0.0,LOW
Vincent Choudhury,6,1,0,1,1,0,0.0,LOW
Harini Sabharwal,6,1,0,1,1,0,0.0,LOW
Dev Grewal,6,1,0,1,1,0,0.0,LOW
Abhimanyu Venkataraman,6,1,0,1,1,0,0.0,LOW
Indira Kale,6,1,0,1,1,0,0.0,LOW
Warinder Bahri,6,1,0,1,1,0,0.0,LOW
Ekaja Naidu,6,1,0,1,1,0,0.0,LOW
Vaishnavi Swamy,6,1,0,1,1,0,0.0,LOW
Chandresh Banerjee,6,1,0,1,1,0,0.0,LOW
Dipta Mishra,6,1,0,1,1,0,0.0,LOW
Bishakha Kamdar,6,1,0,1,1,0,0.0,LOW
Peter Raja,6,1,0,1,1,0,0.0,LOW
Yutika Chandra,6,1,0,1,1,0,0.0,LOW
Leena Vaidya,6,1,0,1,1,0,0.0,LOW
Lila Sen,6,1,0,1,1,0,0.0,LOW
Ekta Munshi,6,1,0,1,1,0,0.0,LOW
Irya Barad,6,1,0,1,1,0,0.0,LOW
Tara Chawla,6,1,0,1,1,0,0.0,LOW
Charles Soni,6,1,0,1,1,0,0.0,LOW
Atharv Reddy,6,1,0,1,1,0,0.0,LOW
Ikbal Dhar,6,1,0,1,1,0,0.0,LOW
Waida Anand,6,1,0,1,1,0,0.0,LOW
Neel Bhakta,6,1,0,1,1,0,0.0,LOW
Peter Bhatia,6,1,0,1,1,0,0.0,LOW
Eiravati Shah,6,1,0,1,1,0,0.0,LOW
Krishna Lall,6,1,0,1,1,0,0.0,LOW
Urishilla Gulati,6,1,0,1,1,0,0.0,LOW
Yochana Subramanian,6,1,0,1,1,0,0.0,LOW
Eshana Grover,6,1,0,1,1,0,0.0,LOW
Falguni Dhawan,6,1,0,1,1,0,0.0,LOW
Nidra Garde,6,1,0,1,1,0,0.0,LOW
Maya Suri,6,1,0,1,1,0,0.0,LOW
Tanveer Patla,6,1,0,1,1,0,0.0,LOW
Dipta Boase,6,1,0,1,1,0,0.0,LOW
Aishani Subramaniam,6,1,0,1,1,0,0.0,LOW
Rachita Sule,6,1,0,1,1,0,0.0,LOW
Adweta Ahuja,6,1,0,1,1,0,0.0,LOW
Ansh Taneja,6,1,0,1,1,0,0.0,LOW
Oliver Upadhyay,6,1,0,1,1,0,0.0,LOW
Faris Nagi,6,1,0,1,1,0,0.0,LOW
Darpan Nair,6,1,0,1,1,0,0.0,LOW
Omya Mall,6,1,0,1,1,0,0.0,LOW
Dakshesh Karpe,6,1,0,1,1,0,0.0,LOW
Jeremiah Mangat,6,1,0,1,1,0,0.0,LOW
Ira Sabharwal,6,1,0,1,1,0,0.0,LOW
Pranav Deol,6,1,0,1,1,0,0.0,LOW
Sanya Dayal,6,1,0,1,1,0,0.0,LOW
Bhavna Warrior,6,1,0,1,1,0,0.0,LOW
David Agate,6,1,0,1,1,0,0.0,LOW
Damyanti Ratti,6,1,0,1,1,0,0.0,LOW
Vasatika Chand,6,1,0,1,1,0,0.0,LOW
Saanvi Madan,6,1,0,1,1,0,0.0,LOW
Harshil Oommen,6,1,0,1,1,0,0.0,LOW
Ganga Magar,6,1,0,1,1,0,0.0,LOW
Tanay Luthra,6,1,0,1,1,0,0.0,LOW
Bishakha Gola,6,1,0,1,1,0,0.0,LOW
Yatan Agrawal,6,1,0,1,1,0,0.0,LOW
Balveer Gole,6,1,0,1,1,0,0.0,LOW
Upkaar Kala,6,1,0,1,1,0,0.0,LOW
Faraj Pillay,6,1,0,1,1,0,0.0,LOW
Ayaan Sandhu,6,1,0,1,1,0,0.0,LOW
Arin Shankar,6,1,0,1,1,0,0.0,LOW
Oliver Kibe,6,1,0,1,1,0,0.0,LOW
Lila Kalla,6,1,0,1,1,0,0.0,LOW
Urmi Saini,6,1,0,1,1,0,0.0,LOW
Adya Puri,6,1,0,1,1,0,0.0,LOW
Siddharth Vig,6,1,0,1,1,0,0.0,LOW
Jasmit Sani,6,1,0,1,1,0,0.0,LOW
Bimala Bobal,6,1,0,1,1,0,0.0,LOW
Aishani Rama,6,1,0,1,1,0,0.0,LOW
Lila Deshmukh,6,1,0,1,1,0,0.0,LOW
Mason Sastry,6,1,0,1,1,0,0.0,LOW
Chandran Seth,6,1,0,1,1,0,0.0,LOW
Akshay Rout,6,1,0,1,1,0,0.0,LOW
Abdul Sarna,6,1,0,1,1,0,0.0,LOW
Matthew Pradhan,6,1,0,1,1,0,0.0,LOW
Harita Kothari,6,1,0,1,1,0,0.0,LOW
Rachana Sehgal,6,1,0,1,1,0,0.0,LOW
Chavvi Butala,6,1,0,1,1,0,0.0,LOW
Varenya Rege,6,1,0,1,1,0,0.0,LOW
Panini Purohit,6,1,0,1,1,0,0.0,LOW
Ati Verma,6,1,0,1,1,0,0.0,LOW
Jonathan Sangha,6,1,0,1,1,0,0.0,LOW
Charita Setty,6,1,0,1,1,0,0.0,LOW
Daksh Manda,6,1,0,1,1,0,0.0,LOW
Tripti Pillay,6,1,0,1,1,0,0.0,LOW
Faris Ghosh,6,1,0,1,1,0,0.0,LOW
Kala Bhandari,6,1,0,1,1,0,0.0,LOW
Aachal Balasubramanian,6,1,0,1,1,0,0.0,LOW
Manbir Shetty,6,1,0,1,1,0,0.0,LOW
Vamakshi Deshmukh,6,1,0,1,1,0,0.0,LOW
Netra Bajaj,6,1,0,1,1,0,0.0,LOW
Upma Ganesh,6,1,0,1,1,0,0.0,LOW
Prisha Borah,6,1,0,1,1,0,0.0,LOW
Januja Narayan,6,1,0,1,1,0,0.0,LOW
Krish Padmanabhan,6,1,0,1,1,0,0.0,LOW
Yamini Dhaliwal,6,1,0,1,1,0,0.0,LOW
Lipika Kothari,6,1,0,1,1,0,0.0,LOW
Lipika Srinivas,6,1,0,1,1,0,0.0,LOW
Sai Raval,6,1,0,1,1,0,0.0,LOW
Brijesh Lanka,6,1,0,1,1,0,0.0,LOW
Rudra Mannan,6,1,0,1,1,0,0.0,LOW
Vritti Pillai,6,1,0,1,1,0,0.0,LOW
Tanveer Purohit,6,1,0,1,1,0,0.0,LOW
Vidhi Balakrishnan,6,1,0,1,1,0,0.0,LOW
Tanish Shanker,6,1,0,1,1,0,0.0,LOW
Samar Subramaniam,6,1,0,1,1,0,0.0,LOW
Brijesh Borde,6,1,0,1,1,0,0.0,LOW
Lopa Mahal,6,1,0,1,1,0,0.0,LOW
Falak Srinivasan,6,1,0,1,1,0,0.0,LOW
Pranit Sanghvi,6,1,0,1,1,0,0.0,LOW
Hamsini Mall,6,1,0,1,1,0,0.0,LOW
Agastya Viswanathan,6,1,0,1,1,0,0.0,LOW
Tejas Cherian,6,1,0,1,1,0,0.0,LOW
Mohini Chaudhuri,6,1,0,1,1,0,0.0,LOW
Zinal Bhargava,6,1,0,1,1,0,0.0,LOW
Harshil Varma,6,1,0,1,1,0,0.0,LOW
Widisha Bobal,6,1,0,1,1,0,0.0,LOW
Ikbal Sidhu,6,1,0,1,1,0,0.0,LOW
Zayyan Doshi,6,1,0,1,1,0,0.0,LOW
Alexander Bhalla,6,1,0,1,1,0,0.0,LOW
Harsh Toor,6,1,0,1,1,0,0.0,LOW
Jyoti Bakshi,6,1,0,1,1,0,0.0,LOW
Yug Sengupta,6,1,0,1,1,0,0.0,LOW
Gopal Merchant,6,1,0,1,1,0,0.0,LOW
Anamika Randhawa,6,1,0,1,1,0,0.0,LOW
Sanya Suresh,6,1,0,1,1,0,0.0,LOW
Fariq Mistry,6,1,0,1,1,0,0.0,LOW
Aahana Prabhu,6,1,0,1,1,0,0.0,LOW
Avni Sahota,6,1,0,1,1,0,0.0,LOW
Caleb Sarkar,6,1,0,1,1,0,0.0,LOW
Ekantika Raj,6,1,0,1,1,0,0.0,LOW
Yashvi Kanda,6,1,0,1,1,0,0.0,LOW
Champak Chaudhary,6,1,0,1,1,0,0.0,LOW
Jatin Kanda,6,1,0,1,1,0,0.0,LOW
Nathaniel Bhatnagar,6,1,0,1,1,0,0.0,LOW
Forum Bhasin,6,1,0,1,1,0,0.0,LOW
Prisha Mammen,6,1,0,1,1,0,0.0,LOW
Ati Parikh,6,1,0,1,1,0,0.0,LOW
Ekbal Gour,6,1,0,1,1,0,0.0,LOW
Joshua Tata,6,1,0,1,1,0,0.0,LOW
Aayush Wali,6,1,0,1,1,0,0.0,LOW
Champak Sankaran,6,1,0,1,1,0,0.0,LOW
Gauri Saxena,6,1,0,1,1,0,0.0,LOW
Alka Bhardwaj,6,1,0,1,1,0,0.0,LOW
Ridhi Bahri,6,1,0,1,1,0,0.0,LOW
Chanchal Chandran,6,1,0,1,1,0,0.0,LOW
Yug Jaggi,6,1,0,1,1,0,0.0,LOW
Siddharth Shan,6,1,0,1,1,0,0.0,LOW
Sai Chokshi,6,1,0,1,1,0,0.0,LOW
Hemangini Sabharwal,6,1,0,1,1,0,0.0,LOW
Ranbir Sabharwal,6,1,0,1,1,0,0.0,LOW
Xavier Chowdhury,6,1,0,1,1,0,0.0,LOW
Darika Deo,6,1,0,1,1,0,0.0,LOW
Yamini Varghese,6,1,0,1,1,0,0.0,LOW
Rajata Borde,6,1,0,1,1,0,0.0,LOW
Barkha Thaman,6,1,0,1,1,0,0.0,LOW
Jagat Tak,6,1,0,1,1,0,0.0,LOW
Aarush Chandran,6,1,0,1,1,0,0.0,LOW
Manbir Nigam,6,1,0,1,1,0,0.0,LOW
Ojasvi Wason,6,1,0,1,1,0,0.0,LOW
Yashodhara Seth,6,1,0,1,1,0,0.0,LOW
Madhavi Deshmukh,6,1,0,1,1,0,0.0,LOW
Qushi Zachariah,6,1,0,1,1,0,0.0,LOW
Gautam Garg,6,1,0,1,1,0,0.0,LOW
Jacob Dalal,6,1,0,1,1,0,0.0,LOW
Tanmayi Raval,6,1,0,1,1,0,0.0,LOW
Caleb Ratti,6,1,0,1,1,0,0.0,LOW
Sudiksha Dora,6,1,0,1,1,0,0.0,LOW
Krish Kaul,6,1,0,1,1,0,0.0,LOW
Dhruv Bhatti,6,1,0,1,1,0,0.0,LOW
Gautam Kala,6,1,0,1,1,0,0.0,LOW
Jeevika Sahni,6,1,0,1,1,0,0.0,LOW
Hemang Barad,6,1,0,1,1,0,0.0,LOW
Nidra Garg,6,1,0,1,1,0,0.0,LOW
Naksh Krishna,6,1,0,1,1,0,0.0,LOW
Mitali Madan,6,1,0,1,1,0,0.0,LOW
Sanya Khosla,6,1,0,1,1,0,0.0,LOW
Harshil Bhatti,6,1,0,1,1,0,0.0,LOW
Watika Ben,6,1,0,1,1,0,0.0,LOW
Luke Nath,6,1,0,1,1,0,0.0,LOW
Urishilla Cherian,6,1,0,1,1,0,0.0,LOW
Sai Vyas,6,1,0,1,1,0,0.0,LOW
Avni Kunda,6,1,0,1,1,0,0.0,LOW
Ethan Iyengar,6,1,0,1,1,0,0.0,LOW
Gaurav Bhatti,6,1,0,1,1,0,0.0,LOW
Chandresh Agarwal,6,1,0,1,1,0,0.0,LOW
Tara Dani,6,1,0,1,1,0,0.0,LOW
Vincent Mody,6,1,0,1,1,0,0.0,LOW
Umang Vig,6,1,0,1,1,0,0.0,LOW
Yashawini Pal,6,1,0,1,1,0,0.0,LOW
Wyatt Sami,6,1,0,1,1,0,0.0,LOW
Sneha Narula,6,1,0,1,1,0,0.0,LOW
Ekani Bhasin,6,1,0,1,1,0,0.0,LOW
Liam Kanda,6,1,0,1,1,0,0.0,LOW
Rachana Murty,6,1,0,1,1,0,0.0,LOW
Laban Lad,6,1,0,1,1,0,0.0,LOW
Jasmit Issac,6,1,0,1,1,0,0.0,LOW
Jasmit Iyer,6,1,0,1,1,0,0.0,LOW
Darika Golla,6,1,0,1,1,0,0.0,LOW
Bachittar Joshi,6,1,0,1,1,0,0.0,LOW
Gopal Gara,6,1,0,1,1,0,0.0,LOW
Akshay Gour,6,1,0,1,1,0,0.0,LOW
Naksh Parikh,6,1,0,1,1,0,0.0,LOW
Chaaya Jain,6,1,0,1,1,0,0.0,LOW
Barkha Gala,6,1,0,1,1,0,0.0,LOW
Turvi Ganesan,6,1,0,1,1,0,0.0,LOW
Frado Gara,6,1,0,1,1,0,0.0,LOW
Frederick Madan,6,1,0,1,1,0,0.0,LOW
Brinda De,6,1,0,1,1,0,0.0,LOW
Kiaan Bora,6,1,0,1,1,0,0.0,LOW
Hemal Wadhwa,6,1,0,1,1,0,0.0,LOW
Kashvi Ranganathan,6,1,0,1,1,0,0.0,LOW
Nihal Warrior,6,1,0,1,1,0,0.0,LOW
Zansi Tara,6,1,0,1,1,0,0.0,LOW
Yash Palla,6,1,0,1,1,0,0.0,LOW
Yachana Dar,6,1,0,1,1,0,0.0,LOW
Rehaan Dara,6,1,0,1,1,0,0.0,LOW
Balveer Srinivasan,6,1,0,1,1,0,0.0,LOW
Samar Dube,6,1,0,1,1,0,0.0,LOW
Indali Swaminathan,6,1,0,1,1,0,0.0,LOW
Ekansh Sur,6,1,0,1,1,0,0.0,LOW
Patrick Bhatia,6,1,0,1,1,0,0.0,LOW
Nicholas Nigam,6,1,0,1,1,0,0.0,LOW
Ekta Sant,6,1,0,1,1,0,0.0,LOW
Ronith Das,6,1,0,1,1,0,0.0,LOW
Omisha Mangat,6,1,0,1,1,0,0.0,LOW
Wridesh Hayre,6,1,0,1,1,0,0.0,LOW
Advika Gokhale,6,1,0,1,1,0,0.0,LOW
Zinal Lala,6,1,0,1,1,0,0.0,LOW
Fitan Grover,6,1,0,1,1,0,0.0,LOW
Diya Gade,6,1,0,1,1,0,0.0,LOW
Chavvi Ganesan,6,1,0,1,1,0,0.0,LOW
Yagnesh Saini,6,1,0,1,1,0,0.0,LOW
Sai Bandi,6,1,0,1,1,0,0.0,LOW
Anmol Dugar,6,1,0,1,1,0,0.0,LOW
Amara Pai,6,1,0,1,1,0,0.0,LOW
Ucchal Tata,6,1,0,1,1,0,0.0,LOW
Ishanvi Lall,6,1,0,1,1,0,0.0,LOW
Frederick Goda,6,1,0,1,1,0,0.0,LOW
Kevin Sem,6,1,0,1,1,0,0.0,LOW
Inaya Ravel,6,1,0,1,1,0,0.0,LOW
Balveer Raj,6,1,0,1,1,0,0.0,LOW
Naksh Kanda,6,1,0,1,1,0,0.0,LOW
Vrishti Dewan,6,1,0,1,1,0,0.0,LOW
Anusha Basak,6,1,0,1,1,0,0.0,LOW
Ladli Sastry,6,1,0,1,1,0,0.0,LOW
Chavvi Khosla,6,1,0,1,1,0,0.0,LOW
Damyanti Krishnamurthy,6,1,0,1,1,0,0.0,LOW
Hritik Chatterjee,6,1,0,1,1,0,0.0,LOW
Anvi Chacko,6,1,0,1,1,0,0.0,LOW
Manan Saran,6,1,0,1,1,0,0.0,LOW
Naveen Nayak,6,1,0,1,1,0,0.0,LOW
Irya Subramaniam,6,1,0,1,1,0,0.0,LOW
Bakhshi Mitra,6,1,0,1,1,0,0.0,LOW
Devansh Toor,6,1,0,1,1,0,0.0,LOW
Vaishnavi Chokshi,6,1,0,1,1,0,0.0,LOW
Aryan Merchant,6,1,0,1,1,0,0.0,LOW
Tanveer Sangha,6,1,0,1,1,0,0.0,LOW
Advika Choudhary,6,1,0,1,1,0,0.0,LOW
Nirja Kurian,6,1,0,1,1,0,0.0,LOW
Leena Sachar,6,1,0,1,1,0,0.0,LOW
Ranbir Saxena,6,1,0,1,1,0,0.0,LOW
Aradhana Krishnan,6,1,0,1,1,0,0.0,LOW
Caleb Misra,6,1,0,1,1,0,0.0,LOW
Yamini Ranganathan,6,1,0,1,1,0,0.0,LOW
Xalak Gulati,6,1,0,1,1,0,0.0,LOW
Fitan Tank,6,1,0,1,1,0,0.0,LOW
Yachana Narayan,6,1,0,1,1,0,0.0,LOW
Chanakya Natt,6,1,0,1,1,0,0.0,LOW
Mohammed Goel,6,1,0,1,1,0,0.0,LOW
Rajata Muni,6,1,0,1,1,0,0.0,LOW
Amara Sachdeva,6,1,0,1,1,0,0.0,LOW
Aarnav Vaidya,6,1,0,1,1,0,0.0,LOW
Balhaar Gade,6,1,0,1,1,0,0.0,LOW
Orinder Sibal,6,1,0,1,1,0,0.0,LOW
Daniel Som,6,1,0,1,1,0,0.0,LOW
Fitan Behl,6,1,0,1,1,0,0.0,LOW
Lajita Brahmbhatt,6,1,0,1,1,0,0.0,LOW
Ishaan Manne,6,1,0,1,1,0,0.0,LOW
Yatan Din,6,1,0,1,1,0,0.0,LOW
Omisha Cherian,6,1,0,1,1,0,0.0,LOW
Hemal Savant,6,1,0,1,1,0,0.0,LOW
Rachit Pal,6,1,0,1,1,0,0.0,LOW
Chatresh Narayan,6,1,0,1,1,0,0.0,LOW
Dayita Apte,6,1,0,1,1,0,0.0,LOW
George Arya,6,1,0,1,1,0,0.0,LOW
Vihaan Dash,6,1,0,1,1,0,0.0,LOW
Edhitha Kanda,6,1,0,1,1,0,0.0,LOW
Pushti Chaudhary,6,1,0,1,1,0,0.0,LOW
Saksham Sandal,6,1,0,1,1,0,0.0,LOW
Dipta Sachar,6,1,0,1,1,0,0.0,LOW
Baljiwan Kade,6,1,0,1,1,0,0.0,LOW
Chandresh Nagarajan,6,1,0,1,1,0,0.0,LOW
Tejas Chawla,6,1,0,1,1,0,0.0,LOW
Laban Pillay,6,1,0,1,1,0,0.0,LOW
Ikshita Ghose,6,1,0,1,1,0,0.0,LOW
Vrishti Das,6,1,0,1,1,0,0.0,LOW
Hemani Ben,6,1,0,1,1,0,0.0,LOW
Guneet Dasgupta,6,1,0,1,1,0,0.0,LOW
Michael Tara,6,1,0,1,1,0,0.0,LOW
Ayush Dhar,6,1,0,1,1,0,0.0,LOW
Guneet Ben,6,1,0,1,1,0,0.0,LOW
Waida Aurora,6,1,0,1,1,0,0.0,LOW
Aadi Sankaran,6,1,0,1,1,0,0.0,LOW
Anay Rajagopal,6,1,0,1,1,0,0.0,LOW
Ayaan Buch,6,1,0,1,1,0,0.0,LOW
Chatresh Mangal,6,1,0,1,1,0,0.0,LOW
Abeer Sandhu,6,1,0,1,1,0,0.0,LOW
Upma Johal,6,1,0,1,1,0,0.0,LOW
Rachita Sundaram,6,1,0,1,1,0,0.0,LOW
Vedika Bhavsar,6,1,0,1,1,0,0.0,LOW
Eshana Ratta,6,1,0,1,1,0,0.0,LOW
Gagan Bhatt,6,1,0,1,1,0,0.0,LOW
Priya Devi,6,1,0,1,1,0,0.0,LOW
Anusha Deo,6,1,0,1,1,0,0.0,LOW
Maya Hayer,6,1,0,1,1,0,0.0,LOW
Jagrati Saran,6,1,0,1,1,0,0.0,LOW
Rachana Kanda,6,1,0,1,1,0,0.0,LOW
Udyati Goswami,6,1,0,1,1,0,0.0,LOW
Girish Tak,6,1,0,1,1,0,0.0,LOW
Pavani Dubey,6,1,0,1,1,0,0.0,LOW
Ishani Brahmbhatt,6,1,0,1,1,0,0.0,LOW
Vedhika Mane,6,1,0,1,1,0,0.0,LOW
Urishilla Sharaf,6,1,0,1,1,0,0.0,LOW
Rushil Jhaveri,6,1,0,1,1,0,0.0,LOW
Maya Mohanty,6,1,0,1,1,0,0.0,LOW
Jyoti Bassi,6,1,0,1,1,0,0.0,LOW
Janaki Chanda,6,1,0,1,1,0,0.0,LOW
Ronith Lanka,6,1,0,1,1,0,0.0,LOW
Daniel Keer,6,1,0,1,1,0,0.0,LOW
Ayaan Lala,6,1,0,1,1,0,0.0,LOW
Arunima Kaul,6,1,0,1,1,0,0.0,LOW
Anirudh Ramaswamy,6,1,0,1,1,0,0.0,LOW
Krisha Nagar,6,1,0,1,1,0,0.0,LOW
Arunima Sachdev,6,1,0,1,1,0,0.0,LOW
Sudiksha Sheth,6,1,0,1,1,0,0.0,LOW
Ekaja Nigam,6,1,0,1,1,0,0.0,LOW
Ubika Madan,6,1,0,1,1,0,0.0,LOW
Ishita Loke,6,1,0,1,1,0,0.0,LOW
Rajeshri Anne,6,1,0,1,1,0,0.0,LOW
Leena Balasubramanian,6,1,0,1,1,0,0.0,LOW
Jonathan Bedi,6,1,0,1,1,0,0.0,LOW
Kashvi Pathak,6,1,0,1,1,0,0.0,LOW
Chaitaly Setty,6,1,0,1,1,0,0.0,LOW
Fitan Bhandari,6,1,0,1,1,0,0.0,LOW
Yashvi Sehgal,6,1,0,1,1,0,0.0,LOW
Gaurangi Modi,6,1,0,1,1,0,0.0,LOW
Ekanta Parsa,6,1,0,1,1,0,0.0,LOW
Divya Uppal,6,1,0,1,1,0,0.0,LOW
Yuvraj Badal,6,1,0,1,1,0,0.0,LOW
Rushil Palla,6,1,0,1,1,0,0.0,LOW
Samar Sarma,6,1,0,1,1,0,0.0,LOW
Warinder Rastogi,6,1,0,1,1,0,0.0,LOW
Girik Vyas,6,1,0,1,1,0,0.0,LOW
Advay Sandhu,6,1,0,1,1,0,0.0,LOW
Balveer Gera,6,1,0,1,1,0,0.0,LOW
Dalbir Mitter,6,1,0,1,1,0,0.0,LOW
Yoshita Dhar,6,1,0,1,1,0,0.0,LOW
Ishanvi Hans,6,1,0,1,1,0,0.0,LOW
Zansi Subramanian,6,1,0,1,1,0,0.0,LOW
Arjun Shere,6,1,0,1,1,0,0.0,LOW
Radha Dora,6,1,0,1,1,0,0.0,LOW
Deepa Handa,6,1,0,1,1,0,0.0,LOW
Bhavani Dyal,6,1,0,1,1,0,0.0,LOW
Yashica Deshmukh,6,1,0,1,1,0,0.0,LOW
Pranit Ravel,6,1,0,1,1,0,0.0,LOW
Vrishti Zachariah,6,1,0,1,1,0,0.0,LOW
Neelima Pau,6,1,0,1,1,0,0.0,LOW
Ekantika Nadig,6,1,0,1,1,0,0.0,LOW
Mekhala Dugar,6,1,0,1,1,0,0.0,LOW
Jonathan Kari,6,1,0,1,1,0,0.0,LOW
Urmi Raja,6,1,0,1,1,0,0.0,LOW
Jason Kashyap,6,1,0,1,1,0,0.0,LOW
Krisha Bhandari,6,1,0,1,1,0,0.0,LOW
Mitesh Verma,6,1,0,1,1,0,0.0,LOW
Tanay Raman,6,1,0,1,1,0,0.0,LOW
Vansha Sagar,6,1,0,1,1,0,0.0,LOW
David Rajagopal,6,1,0,1,1,0,0.0,LOW
Yahvi Oza,6,1,0,1,1,0,0.0,LOW
Indrajit Dutt,6,1,0,1,1,0,0.0,LOW
Advik Wadhwa,6,1,0,1,1,0,0.0,LOW
Oliver Kant,6,1,0,1,1,0,0.0,LOW
Caleb Ganesan,6,1,0,1,1,0,0.0,LOW
Aahana Saini,6,1,0,1,1,0,0.0,LOW
Vinaya Borah,6,1,0,1,1,0,0.0,LOW
Raghav Garde,6,1,0,1,1,0,0.0,LOW
Matthew Nagi,6,1,0,1,1,0,0.0,LOW
Pranav Ravi,6,1,0,1,1,0,0.0,LOW
Dev Samra,6,1,0,1,1,0,0.0,LOW
Jalsa Nath,6,1,0,1,1,0,0.0,LOW
Baghyawati Shukla,6,1,0,1,1,0,0.0,LOW
Tara Verma,6,1,0,1,1,0,0.0,LOW
Gauri Chandra,6,1,0,1,1,0,0.0,LOW
Fiyaz Baria,6,1,0,1,1,0,0.0,LOW
Tanmayi Aggarwal,6,1,0,1,1,0,0.0,LOW
Utkarsh Sarin,6,1,0,1,1,0,0.0,LOW
Agastya Narayanan,6,1,0,1,1,0,0.0,LOW
Oviya Morar,6,1,0,1,1,0,0.0,LOW
Warda Sahni,6,1,0,1,1,0,0.0,LOW
Zayyan Handa,6,1,0,1,1,0,0.0,LOW
Tamanna Sandal,6,1,0,1,1,0,0.0,LOW
Ethan Bir,6,1,0,1,1,0,0.0,LOW
Jack Sibal,6,1,0,1,1,0,0.0,LOW
Finn Misra,6,1,0,1,1,0,0.0,LOW
Falan Agate,6,1,0,1,1,0,0.0,LOW
Yashasvi Gopal,6,1,0,1,1,0,0.0,LOW
Baghyawati Dhar,6,1,0,1,1,0,0.0,LOW
Chaman Murty,6,1,0,1,1,0,0.0,LOW
Chavvi Date,6,1,0,1,1,0,0.0,LOW
Samuel Chanda,6,1,0,1,1,0,0.0,LOW
Jonathan Deshpande,6,1,0,1,1,0,0.0,LOW
Aishani Krishnan,6,1,0,1,1,0,0.0,LOW
Kala Parmer,6,1,0,1,1,0,0.0,LOW
Patrick Natarajan,6,1,0,1,1,0,0.0,LOW
Darpan Varghese,6,1,0,1,1,0,0.0,LOW
Gaurang Parsa,6,1,0,1,1,0,0.0,LOW
Samuel Bandi,6,1,0,1,1,0,0.0,LOW
Vrinda Krishnan,6,1,0,1,1,0,0.0,LOW
Zilmil Bhargava,6,1,0,1,1,0,0.0,LOW
Simon Deep,6,1,0,1,1,0,0.0,LOW
Chaaya Singhal,6,1,0,1,1,0,0.0,LOW
Aachal Dyal,6,1,0,1,1,0,0.0,LOW
Nitara Doshi,6,1,0,1,1,0,0.0,LOW
Upkaar Kade,6,1,0,1,1,0,0.0,LOW
Jhalak Srinivasan,6,1,0,1,1,0,0.0,LOW
Sarthak Parmar,6,1,0,1,1,0,0.0,LOW
Gaurangi Gaba,6,1,0,1,1,0,0.0,LOW
Unnati Tara,6,1,0,1,1,0,0.0,LOW
Chaaya Dhar,6,1,0,1,1,0,0.0,LOW
Dalaja Gandhi,6,1,0,1,1,0,0.0,LOW
Harinakshi Johal,6,1,0,1,1,0,0.0,LOW
Yug Dugar,6,1,0,1,1,0,0.0,LOW
Jhalak Lala,6,1,0,1,1,0,0.0,LOW
Laksh Banerjee,6,1,0,1,1,0,0.0,LOW
Sachi Patel,6,1,0,1,1,0,0.0,LOW
Utkarsh Kuruvilla,6,1,0,1,1,0,0.0,LOW
Ira Mandal,6,1,0,1,1,0,0.0,LOW
Jacob Ganesh,6,1,0,1,1,0,0.0,LOW
Owen Mitter,6,1,0,1,1,0,0.0,LOW
Banjeet Loke,6,1,0,1,1,0,0.0,LOW
Naveen Chaudhari,6,1,0,1,1,0,0.0,LOW
Dayita Mukherjee,6,1,0,1,1,0,0.0,LOW
Udarsh Deol,6,1,0,1,1,0,0.0,LOW
Rajata Bhavsar,6,1,0,1,1,0,0.0,LOW
Jeevika Ratti,6,1,0,1,1,0,0.0,LOW
Bhavika Date,6,1,0,1,1,0,0.0,LOW
Amruta Sathe,6,1,0,1,1,0,0.0,LOW
Sara Chatterjee,6,1,0,1,1,0,0.0,LOW
Darsh Shan,6,1,0,1,1,0,0.0,LOW
Vanya Sodhi,6,1,0,1,1,0,0.0,LOW
Kala Dyal,6,1,0,1,1,0,0.0,LOW
Gaurav Rana,6,1,0,1,1,0,0.0,LOW
Nisha Parmar,6,1,0,1,1,0,0.0,LOW
Hardik Barad,6,1,0,1,1,0,0.0,LOW
Wyatt Dada,6,1,0,1,1,0,0.0,LOW
Ayaan Chand,6,1,0,1,1,0,0.0,LOW
Luke Mander,6,1,0,1,1,0,0.0,LOW
Jhalak Bhasin,6,1,0,1,1,0,0.0,LOW
Jatin Narayanan,6,1,0,1,1,0,0.0,LOW
Watika Kuruvilla,6,1,0,1,1,0,0.0,LOW
Hema Agarwal,6,1,0,1,1,0,0.0,LOW
Rachana Saini,6,1,0,1,1,0,0.0,LOW
Isaac Saran,6,1,0,1,1,0,0.0,LOW
Reva Krishna,6,1,0,1,1,0,0.0,LOW
Saumya Babu,6,1,0,1,1,0,0.0,LOW
Abha Gupta,6,1,0,1,1,0,0.0,LOW
Urmi Andra,6,1,0,1,1,0,0.0,LOW
Gayathri Iyer,6,1,0,1,1,0,0.0,LOW
Vincent Chandran,6,1,0,1,1,0,0.0,LOW
Gopal Loke,6,1,0,1,1,0,0.0,LOW
Hitesh Gill,6,1,0,1,1,0,0.0,LOW
Ekbal Oak,6,1,0,1,1,0,0.0,LOW
Maanas Korpal,6,1,0,1,1,0,0.0,LOW
Alexander Kuruvilla,6,1,0,1,1,0,0.0,LOW
Ucchal Balakrishnan,6,1,0,1,1,0,0.0,LOW
Hemal Lal,6,1,0,1,1,0,0.0,LOW
Ishanvi Date,6,1,0,1,1,0,0.0,LOW
Ishani Sha,6,1,0,1,1,0,0.0,LOW
Owen Samra,6,1,0,1,1,0,0.0,LOW
Maanav Dewan,6,1,0,1,1,0,0.0,LOW
Nitara Pandey,6,1,0,1,1,0,0.0,LOW
Jackson Lad,6,1,0,1,1,0,0.0,LOW
Lekha Dass,6,1,0,1,1,0,0.0,LOW
Charan Singhal,6,1,0,1,1,0,0.0,LOW
Niharika Balay,6,1,0,1,1,0,0.0,LOW
Urmi Bains,6,1,0,1,1,0,0.0,LOW
Kalpit Banerjee,6,1,0,1,1,0,0.0,LOW
Krisha Sant,6,1,0,1,1,0,0.0,LOW
Samuel Mohan,6,1,0,1,1,0,0.0,LOW
Oeshi Sen,6,1,0,1,1,0,0.0,LOW
Mohini Naik,6,1,0,1,1,0,0.0,LOW
Rajeshri Oak,6,1,0,1,1,0,0.0,LOW
Aryan Bal,6,1,0,1,1,0,0.0,LOW
Brijesh Pau,6,1,0,1,1,0,0.0,LOW
Jagat Srinivas,6,1,0,1,1,0,0.0,LOW
Yachana Borde,6,1,0,1,1,0,0.0,LOW
Rachit Sanghvi,6,1,0,1,1,0,0.0,LOW
Agastya Loyal,6,1,0,1,1,0,0.0,LOW
Aahana Sani,6,1,0,1,1,0,0.0,LOW
Vamakshi Raghavan,6,1,0,1,1,0,0.0,LOW
Libni Chander,6,1,0,1,1,0,0.0,LOW
Kavya Hayer,6,1,0,1,1,0,0.0,LOW
Omisha Raju,6,1,0,1,1,0,0.0,LOW
Jack Mukherjee,6,1,0,1,1,0,0.0,LOW
Gaurangi Venkataraman,6,1,0,1,1,0,0.0,LOW
Harish Kata,6,1,0,1,1,0,0.0,LOW
Samesh Batta,6,1,0,1,1,0,0.0,LOW
Yashvi Pal,6,1,0,1,1,0,0.0,LOW
Frado Baria,6,1,0,1,1,0,0.0,LOW
Riya Date,6,1,0,1,1,0,0.0,LOW
Charles Chand,6,1,0,1,1,0,0.0,LOW
Elijah Krish,6,1,0,1,1,0,0.0,LOW
Yachana Ramesh,6,1,0,1,1,0,0.0,LOW
Laksh Narang,6,1,0,1,1,0,0.0,LOW
Divya Garg,6,1,0,1,1,0,0.0,LOW
Anthony Kuruvilla,6,1,0,1,1,0,0.0,LOW
Kashish Raja,6,1,0,1,1,0,0.0,LOW
Ayushman Mistry,6,1,0,1,1,0,0.0,LOW
Rishi Mody,6,1,0,1,1,0,0.0,LOW
Daniel Bhasin,6,1,0,1,1,0,0.0,LOW
Xiti Gupta,6,1,0,1,1,0,0.0,LOW
Amara Venkatesh,6,1,0,1,1,0,0.0,LOW
Varenya Kale,6,1,0,1,1,0,0.0,LOW
David Lata,6,1,0,1,1,0,0.0,LOW
Jeet Dayal,6,1,0,1,1,0,0.0,LOW
Farhan Shankar,6,1,0,1,1,0,0.0,LOW
Advaith Sengupta,6,1,0,1,1,0,0.0,LOW
Advika Kota,6,1,0,1,1,0,0.0,LOW
Gopal Malhotra,6,1,0,1,1,0,0.0,LOW
Ridhi Char,6,1,0,1,1,0,0.0,LOW
Siya Chopra,6,1,0,1,1,0,0.0,LOW
Arunima Puri,6,1,0,1,1,0,0.0,LOW
Unni Biswas,6,1,0,1,1,0,0.0,LOW
Atharv Dyal,6,1,0,1,1,0,0.0,LOW
Alka Pau,6,1,0,1,1,0,0.0,LOW
Shaurya Mitra,6,1,0,1,1,0,0.0,LOW
William Lad,6,1,0,1,1,0,0.0,LOW
Laksh Singhal,6,1,0,1,1,0,0.0,LOW
Orinder Kade,6,1,0,1,1,0,0.0,LOW
Advaith Bahl,6,1,0,1,1,0,0.0,LOW
Anvi Gaba,6,1,0,1,1,0,0.0,LOW
Pushti Bumb,6,1,0,1,1,0,0.0,LOW
Divya Suri,6,1,0,1,1,0,0.0,LOW
Hiral Prakash,6,1,0,1,1,0,0.0,LOW
Qadim Tata,6,1,0,1,1,0,0.0,LOW
Tanmayi Bhavsar,6,1,0,1,1,0,0.0,LOW
Anita Raju,6,1,0,1,1,0,0.0,LOW
Manya Parmar,6,1,0,1,1,0,0.0,LOW
Kai Venkatesh,6,1,0,1,1,0,0.0,LOW
Chakradhar Srinivasan,6,1,0,1,1,0,0.0,LOW
Chasmum Chakraborty,6,1,0,1,1,0,0.0,LOW
Simon Nagarajan,6,1,0,1,1,0,0.0,LOW
Darsh Jhaveri,6,1,0,1,1,0,0.0,LOW
Varenya Ramaswamy,6,1,0,1,1,0,0.0,LOW
Aachal Dasgupta,6,1,0,1,1,0,0.0,LOW
Amruta Rai,6,1,0,1,1,0,0.0,LOW
Omkaar Arora,6,1,0,1,1,0,0.0,LOW
Krishna Bhat,6,1,0,1,1,0,0.0,LOW
Frado Gill,6,1,0,1,1,0,0.0,LOW
Faras Ramesh,6,1,0,1,1,0,0.0,LOW
Omkaar Bhatti,6,1,0,1,1,0,0.0,LOW
Anusha Padmanabhan,6,1,0,1,1,0,0.0,LOW
Ladli Edwin,6,1,0,1,1,0,0.0,LOW
Gautami Baria,6,1,0,1,1,0,0.0,LOW
Quincy Rastogi,6,1,0,1,1,0,0.0,LOW
Dhruv Nayak,6,1,0,1,1,0,0.0,LOW
Jalsa Prashad,6,1,0,1,1,0,0.0,LOW
Dominic Mital,6,1,0,1,1,0,0.0,LOW
Aadhya Hari,6,1,0,1,1,0,0.0,LOW
Wishi Panchal,6,1,0,1,1,0,0.0,LOW
Yadavi Sood,6,1,0,1,1,0,0.0,LOW
Abdul Sunder,6,1,0,1,1,0,0.0,LOW
Madhavi Sanghvi,6,1,0,1,1,0,0.0,LOW
Kritika Khosla,6,1,0,1,1,0,0.0,LOW
Neelima Apte,6,1,0,1,1,0,0.0,LOW
Lila Murty,6,1,0,1,1,0,0.0,LOW
Noah Baria,6,1,0,1,1,0,0.0,LOW
Rajeshri Samra,6,1,0,1,1,0,0.0,LOW
Zashil Jayaraman,6,1,0,1,1,0,0.0,LOW
Chanakya Goyal,6,1,0,1,1,0,0.0,LOW
Akshay Nath,6,1,0,1,1,0,0.0,LOW
Agastya Rastogi,6,1,0,1,1,0,0.0,LOW
Bakhshi Ahuja,6,1,0,1,1,0,0.0,LOW
Nidra Bora,6,1,0,1,1,0,0.0,LOW
Zayyan Lad,6,1,0,1,1,0,0.0,LOW
Lipika Butala,6,1,0,1,1,0,0.0,LOW
Henry Bava,6,1,0,1,1,0,0.0,LOW
Forum Raman,6,1,0,1,1,0,0.0,LOW
Falan Luthra,6,1,0,1,1,0,0.0,LOW
Baghyawati Brar,6,1,0,1,1,0,0.0,LOW
Anirudh Dalal,6,1,0,1,1,0,0.0,LOW
Gaurangi Yogi,6,1,0,1,1,0,0.0,LOW
Theodore Mukhopadhyay,6,1,0,1,1,0,0.0,LOW
Karan Mander,6,1,0,1,1,0,0.0,LOW
Baghyawati Kapadia,6,1,0,1,1,0,0.0,LOW
Patrick Joshi,6,1,0,1,1,0,0.0,LOW
Niharika De,6,1,0,1,1,0,0.0,LOW
Adya Kaul,6,1,0,1,1,0,0.0,LOW
Vedhika Nagarajan,6,1,0,1,1,0,0.0,LOW
Chandresh Hayer,6,1,0,1,1,0,0.0,LOW
Zansi Karan,6,1,0,1,1,0,0.0,LOW
Deepa Swamy,6,1,0,1,1,0,0.0,LOW
Abeer Mohanty,6,1,0,1,1,0,0.0,LOW
Ishani Batra,6,1,0,1,1,0,0.0,LOW
Sudiksha Badami,6,1,0,1,1,0,0.0,LOW
Yash Golla,6,1,0,1,1,0,0.0,LOW
Charan Misra,6,1,0,1,1,0,0.0,LOW
Isaiah Gera,6,1,0,1,1,0,0.0,LOW
Nandini Sachar,6,1,0,1,1,0,0.0,LOW
Mohammed Purohit,6,1,0,1,1,0,0.0,LOW
Hardik Saxena,6,1,0,1,1,0,0.0,LOW
Falan Mittal,6,1,0,1,1,0,0.0,LOW
Bakhshi Bajaj,6,1,0,1,1,0,0.0,LOW
Zarna Rama,6,1,0,1,1,0,0.0,LOW
Vedika Borde,6,1,0,1,1,0,0.0,LOW
Jagdish Seth,6,1,0,1,1,0,0.0,LOW
Ridhi Borah,6,1,0,1,1,0,0.0,LOW
Siya Vala,6,1,0,1,1,0,0.0,LOW
Aarav Sheth,6,1,0,1,1,0,0.0,LOW
Veer Mane,6,1,0,1,1,0,0.0,LOW
Ekani Grover,6,1,0,1,1,0,0.0,LOW
Simon Sehgal,6,1,0,1,1,0,0.0,LOW
Urishilla Dixit,6,1,0,1,1,0,0.0,LOW
Bina Bakshi,6,1,0,1,1,0,0.0,LOW
Manbir Dugar,6,1,0,1,1,0,0.0,LOW
Vivaan Palan,6,1,0,1,1,0,0.0,LOW
Dalbir Chadha,6,1,0,1,1,0,0.0,LOW
Udarsh Shukla,6,1,0,1,1,0,0.0,LOW
Parth Kota,6,1,0,1,1,0,0.0,LOW
Udyati Sangha,6,1,0,1,1,0,0.0,LOW
Hardik Loke,6,1,0,1,1,0,0.0,LOW
Yutika Shere,6,1,0,1,1,0,0.0,LOW
Urishilla Babu,6,1,0,1,1,0,0.0,LOW
Osha Lanka,6,1,0,1,1,0,0.0,LOW
Aryan Sant,6,1,0,1,1,0,0.0,LOW
Mitesh Nagar,6,1,0,1,1,0,0.0,LOW
Umang Kuruvilla,6,1,0,1,1,0,0.0,LOW
Jatin Parmer,6,1,0,1,1,0,0.0,LOW
Unnati Vora,6,1,0,1,1,0,0.0,LOW
Barkha Shukla,6,1,0,1,1,0,0.0,LOW
Nisha Chakraborty,6,1,0,1,1,0,0.0,LOW
Faraj Gara,6,1,0,1,1,0,0.0,LOW
Dalaja Memon,6,1,0,1,1,0,0.0,LOW
Imaran Sengupta,6,1,0,1,1,0,0.0,LOW
Samesh Madan,6,1,0,1,1,0,0.0,LOW
Agastya Pall,6,1,0,1,1,0,0.0,LOW
Abhiram Date,6,1,0,1,1,0,0.0,LOW
Manya Bansal,6,1,0,1,1,0,0.0,LOW
Maanas Pingle,6,1,0,1,1,0,0.0,LOW
Timothy Majumdar,6,1,0,1,1,0,0.0,LOW
Wyatt Sankar,6,1,0,1,1,0,0.0,LOW
Yashasvi Cheema,6,1,0,1,1,0,0.0,LOW
Reva Solanki,6,1,0,1,1,0,0.0,LOW
Nitara Setty,6,1,0,1,1,0,0.0,LOW
Megha Rajagopal,6,1,0,1,1,0,0.0,LOW
Warda Mannan,6,1,0,1,1,0,0.0,LOW
Bhavya Aurora,6,1,0,1,1,0,0.0,LOW
Rachita Sarna,6,1,0,1,1,0,0.0,LOW
Lohit Oza,6,1,0,1,1,0,0.0,LOW
Charan Parsa,6,1,0,1,1,0,0.0,LOW
Madhav Dutt,6,1,0,1,1,0,0.0,LOW
Aadhya Khare,6,1,0,1,1,0,0.0,LOW
Yug Chauhan,6,1,0,1,1,0,0.0,LOW
Darpan Sekhon,6,1,0,1,1,0,0.0,LOW
Ekiya Keer,6,1,0,1,1,0,0.0,LOW
Aadi Buch,6,1,0,1,1,0,0.0,LOW
Hardik Sheth,6,1,0,1,1,0,0.0,LOW
Gaurika Bhattacharyya,6,1,0,1,1,0,0.0,LOW
Bhavini Dara,6,1,0,1,1,0,0.0,LOW
Jalsa Ganesh,6,1,0,1,1,0,0.0,LOW
Kala Kunda,6,1,0,1,1,0,0.0,LOW
Bahadurjit Warrior,6,1,0,1,1,0,0.0,LOW
Hardik Talwar,6,1,0,1,1,0,0.0,LOW
Saanvi Mutti,6,1,0,1,1,0,0.0,LOW
Aadi Bajaj,6,1,0,1,1,0,0.0,LOW
Vedika Comar,6,1,0,1,1,0,0.0,LOW
Chaitaly Raju,6,1,0,1,1,0,0.0,LOW
Arjun Borah,6,1,0,1,1,0,0.0,LOW
Charles Parekh,6,1,0,1,1,0,0.0,LOW
Vincent Naidu,6,1,0,1,1,0,0.0,LOW
Patrick Thaman,6,1,0,1,1,0,0.0,LOW
Tara Sagar,6,1,0,1,1,0,0.0,LOW
Ishanvi Chacko,6,1,0,1,1,0,0.0,LOW
Ishaan Nori,6,1,0,1,1,0,0.0,LOW
Kevin Anne,6,1,0,1,1,0,0.0,LOW
Noah Ravel,6,1,0,1,1,0,0.0,LOW
Advay Mand,6,1,0,1,1,0,0.0,LOW
Varenya Minhas,6,1,0,1,1,0,0.0,LOW
Chaitanya Savant,6,1,0,1,1,0,0.0,LOW
Lila Chatterjee,6,1,0,1,1,0,0.0,LOW
Kritika Kumar,6,1,0,1,1,0,0.0,LOW
Deepa Ghosh,6,1,0,1,1,0,0.0,LOW
Ranveer Wali,6,1,0,1,1,0,0.0,LOW
Aachal Sankar,6,1,0,1,1,0,0.0,LOW
Yauvani Guha,6,1,0,1,1,0,0.0,LOW
Chaman Bumb,6,1,0,1,1,0,0.0,LOW
Sudiksha Taneja,6,1,0,1,1,0,0.0,LOW
Onkar Raghavan,6,1,0,1,1,0,0.0,LOW
Lucky Ranganathan,6,1,0,1,1,0,0.0,LOW
Ryan Srinivas,6,1,0,1,1,0,0.0,LOW
Megha Kapur,6,1,0,1,1,0,0.0,LOW
Vinaya Varughese,6,1,0,1,1,0,0.0,LOW
Arya Ramanathan,6,1,0,1,1,0,0.0,LOW
Christopher Majumdar,6,1,0,1,1,0,0.0,LOW
Chanakya Parsa,6,1,0,1,1,0,0.0,LOW
Jhalak Karnik,6,1,0,1,1,0,0.0,LOW
Madhavi Dar,6,1,0,1,1,0,0.0,LOW
Neelima Gandhi,6,1,0,1,1,0,0.0,LOW
Abeer Bir,6,1,0,1,1,0,0.0,LOW
Ekavir Mahal,6,1,0,1,1,0,0.0,LOW
Anya Shenoy,6,1,0,1,1,0,0.0,LOW
Garima Dhaliwal,6,1,0,1,1,0,0.0,LOW
Ikshita Mammen,6,1,0,1,1,0,0.0,LOW
Samaksh Bahri,6,1,0,1,1,0,0.0,LOW
Alexander Subramaniam,6,1,0,1,1,0,0.0,LOW
Falguni Narang,6,1,0,1,1,0,0.0,LOW
Chaitanya Vora,6,1,0,1,1,0,0.0,LOW
Harita Rege,6,1,0,1,1,0,0.0,LOW
Rayaan Parsa,6,1,0,1,1,0,0.0,LOW
Nitara Natt,6,1,0,1,1,0,0.0,LOW
Abeer Dada,6,1,0,1,1,0,0.0,LOW
Alexander Chowdhury,6,1,0,1,1,0,0.0,LOW
Raagini Sem,6,1,0,1,1,0,0.0,LOW
Bina Sarin,6,1,0,1,1,0,0.0,LOW
Hema Bobal,6,1,0,1,1,0,0.0,LOW
Qushi Chaudhuri,6,1,0,1,1,0,0.0,LOW
Wridesh Sastry,6,1,0,1,1,0,0.0,LOW
Jhalak Rastogi,6,1,0,1,1,0,0.0,LOW
Eta Patla,6,1,0,1,1,0,0.0,LOW
Farhan Merchant,6,1,0,1,1,0,0.0,LOW
Darsh Chawla,6,1,0,1,1,0,0.0,LOW
Neha Suri,6,1,0,1,1,0,0.0,LOW
Chavvi Khare,6,1,0,1,1,0,0.0,LOW
Nachiket Rajagopalan,6,1,0,1,1,0,0.0,LOW
Ekansh Suresh,6,1,0,1,1,0,0.0,LOW
Lohit Shenoy,6,1,0,1,1,0,0.0,LOW
Nathan Modi,6,1,0,1,1,0,0.0,LOW
Pallavi Sarkar,6,1,0,1,1,0,0.0,LOW
Harrison Bera,6,1,0,1,1,0,0.0,LOW
Vivaan Wadhwa,6,1,0,1,1,0,0.0,LOW
Zilmil Bobal,6,1,0,1,1,0,0.0,LOW
Dhruv Wali,6,1,0,1,1,0,0.0,LOW
Shivansh Thaker,6,1,0,1,1,0,0.0,LOW
Faras Dash,6,1,0,1,1,0,0.0,LOW
Jhalak Sibal,6,1,0,1,1,0,0.0,LOW
Nikita Sankar,6,1,0,1,1,0,0.0,LOW
Girish Purohit,6,1,0,1,1,0,0.0,LOW
Harita Chaudhari,6,1,0,1,1,0,0.0,LOW
Yash Gara,6,1,0,1,1,0,0.0,LOW
Om Khosla,6,1,0,1,1,0,0.0,LOW
Chavvi Bhakta,6,1,0,1,1,0,0.0,LOW
Ria Dubey,6,1,0,1,1,0,0.0,LOW
Baljiwan Mukherjee,6,1,0,1,1,0,0.0,LOW
Jacob Bajwa,6,1,0,1,1,0,0.0,LOW
Sachi Natarajan,6,1,0,1,1,0,0.0,LOW
Jack Kibe,6,1,0,1,1,0,0.0,LOW
Tristan Mody,6,1,0,1,1,0,0.0,LOW
Ishani Bains,6,1,0,1,1,0,0.0,LOW
Nicholas Bajaj,6,1,0,1,1,0,0.0,LOW
Urvi Vasa,6,1,0,1,1,0,0.0,LOW
Amaira Choudhary,6,1,0,1,1,0,0.0,LOW
Amara Mander,6,1,0,1,1,0,0.0,LOW
Arin Mutti,6,1,0,1,1,0,0.0,LOW
Hemang Gour,6,1,0,1,1,0,0.0,LOW
Parth Toor,6,1,0,1,1,0,0.0,LOW
Nakul Nagar,6,1,0,1,1,0,0.0,LOW
Qabil Bhakta,6,1,0,1,1,0,0.0,LOW
Samuel Srinivas,6,1,0,1,1,0,0.0,LOW
Libni Behl,6,1,0,1,1,0,0.0,LOW
Harini Basu,6,1,0,1,1,0,0.0,LOW
Edhitha Sandhu,6,1,0,1,1,0,0.0,LOW
Lavanya Guha,6,1,0,1,1,0,0.0,LOW
Jeevika Batta,6,1,0,1,1,0,0.0,LOW
Caleb Prabhu,6,1,0,1,1,0,0.0,LOW
Madhavi Malhotra,6,1,0,1,1,0,0.0,LOW
Chasmum Mallick,6,1,0,1,1,0,0.0,LOW
Noah Bhat,6,1,0,1,1,0,0.0,LOW
Bimala Ganesan,6,1,0,1,1,0,0.0,LOW
Warinder Maharaj,6,1,0,1,1,0,0.0,LOW
Laban Sehgal,6,1,0,1,1,0,0.0,LOW
Riya Warrior,6,1,0,1,1,0,0.0,LOW
Qasim Prashad,6,1,0,1,1,0,0.0,LOW
Yamini Kota,6,1,0,1,1,0,0.0,LOW
Diya Dubey,6,1,0,1,1,0,0.0,LOW
Praneel Natt,6,1,0,1,1,0,0.0,LOW
Kala Ratta,6,1,0,1,1,0,0.0,LOW
Rajata Badal,6,1,0,1,1,0,0.0,LOW
Tanveer Lal,6,1,0,1,1,0,0.0,LOW
Yatan Bhat,6,1,0,1,1,0,0.0,LOW
Timothy Kannan,6,1,0,1,1,0,0.0,LOW
Shivani Sur,6,1,0,1,1,0,0.0,LOW
Aarnav Sagar,6,1,0,1,1,0,0.0,LOW
Noah Venkataraman,6,1,0,1,1,0,0.0,LOW
Anya Rao,6,1,0,1,1,0,0.0,LOW
Oscar Lanka,6,1,0,1,1,0,0.0,LOW
Fariq Kapadia,6,1,0,1,1,0,0.0,LOW
Tamanna Sahota,6,1,0,1,1,0,0.0,LOW
Qasim Garg,6,1,0,1,1,0,0.0,LOW
Anvi Gera,6,1,0,1,1,0,0.0,LOW
Omisha Sarna,6,1,0,1,1,0,0.0,LOW
Ayaan Rajan,6,1,0,1,1,0,0.0,LOW
Chaitaly Wable,6,1,0,1,1,0,0.0,LOW
Chakrika Shah,6,1,0,1,1,0,0.0,LOW
Zilmil Setty,6,1,0,1,1,0,0.0,LOW
Janaki Baria,6,1,0,1,1,0,0.0,LOW
Devansh Raghavan,6,1,0,1,1,0,0.0,LOW
Yachana Rattan,6,1,0,1,1,0,0.0,LOW
Ayushman Dugar,6,1,0,1,1,0,0.0,LOW
Amara Dua,6,1,0,1,1,0,0.0,LOW
Noah Char,6,1,0,1,1,0,0.0,LOW
Rudra Issac,6,1,0,1,1,0,0.0,LOW
Aashi Wali,6,1,0,1,1,0,0.0,LOW
Darpan Gupta,6,1,0,1,1,0,0.0,LOW
Ridhi Viswanathan,6,1,0,1,1,0,0.0,LOW
Shaurya Korpal,6,1,0,1,1,0,0.0,LOW
Vanya Memon,6,1,0,1,1,0,0.0,LOW
Tanmayi Lad,6,1,0,1,1,0,0.0,LOW
Dalbir Swamy,6,1,0,1,1,0,0.0,LOW
Ria Walia,6,1,0,1,1,0,0.0,LOW
Tanay Singhal,6,1,0,1,1,0,0.0,LOW
Panini Morar,6,1,0,1,1,0,0.0,LOW
Maya Chad,6,1,0,1,1,0,0.0,LOW
Manthan Menon,6,1,0,1,1,0,0.0,LOW
Chandresh Munshi,6,1,0,1,1,0,0.0,LOW
Qabil Sem,6,1,0,1,1,0,0.0,LOW
Yoshita Badal,6,1,0,1,1,0,0.0,LOW
Faris De,6,1,0,1,1,0,0.0,LOW
Vasatika Luthra,6,1,0,1,1,0,0.0,LOW
Jeremiah Chakraborty,6,1,0,1,1,0,0.0,LOW
Upadhriti Mammen,6,1,0,1,1,0,0.0,LOW
Ekiya Dar,6,1,0,1,1,0,0.0,LOW
Jackson Srinivasan,6,1,0,1,1,0,0.0,LOW
Yuvraj Chanda,6,1,0,1,1,0,0.0,LOW
Chaitaly Dora,6,1,0,1,1,0,0.0,LOW
Anthony Bhalla,6,1,0,1,1,0,0.0,LOW
Vritti Venkataraman,6,1,0,1,1,0,0.0,LOW
Udarsh Aurora,6,1,0,1,1,0,0.0,LOW
Anay Dhawan,6,1,0,1,1,0,0.0,LOW
Vinaya Merchant,6,1,0,1,1,0,0.0,LOW
Oscar Jhaveri,6,1,0,1,1,0,0.0,LOW
Warjas Sandhu,6,1,0,1,1,0,0.0,LOW
Upasna Munshi,6,1,0,1,1,0,0.0,LOW
Kamala Borra,6,1,0,1,1,0,0.0,LOW
Vamakshi Varkey,6,1,0,1,1,0,0.0,LOW
Theodore Anand,6,1,0,1,1,0,0.0,LOW
Chaman Varma,6,1,0,1,1,0,0.0,LOW
Yashasvi Goel,6,1,0,1,1,0,0.0,LOW
Eesha Gade,6,1,0,1,1,0,0.0,LOW
Yatan Sama,6,1,0,1,1,0,0.0,LOW
Pavani Mammen,6,1,0,1,1,0,0.0,LOW
Harshil Puri,6,1,0,1,1,0,0.0,LOW
Krishna Kara,6,1,0,1,1,0,0.0,LOW
Yatin Sabharwal,6,1,0,1,1,0,0.0,LOW
Sanaya Narain,6,1,0,1,1,0,0.0,LOW
Lajita Singh,6,1,0,1,1,0,0.0,LOW
Gavin Memon,6,1,0,1,1,0,0.0,LOW
Ishita Yogi,6,1,0,1,1,0,0.0,LOW
Xavier Goswami,6,1,0,1,1,0,0.0,LOW
Ijaya Johal,6,1,0,1,1,0,0.0,LOW
Gagan Saxena,6,1,0,1,1,0,0.0,LOW
Elijah Tandon,6,1,0,1,1,0,0.0,LOW
Kai Krish,6,1,0,1,1,0,0.0,LOW
Matthew Buch,6,1,0,1,1,0,0.0,LOW
Wahab Mistry,6,1,0,1,1,0,0.0,LOW
Chatresh Char,6,1,0,1,1,0,0.0,LOW
Rohan Patla,6,1,0,1,1,0,0.0,LOW
Tanvi Bandi,6,1,0,1,1,0,0.0,LOW
Yahvi Gala,6,1,0,1,1,0,0.0,LOW
Aadhya Agarwal,6,1,0,1,1,0,0.0,LOW
Alexander Patil,6,1,0,1,1,0,0.0,LOW
Mugdha Dara,6,1,0,1,1,0,0.0,LOW
Jagvi Bains,6,1,0,1,1,0,0.0,LOW
Aahana Mukhopadhyay,6,1,0,1,1,0,0.0,LOW
Widisha Chahal,6,1,0,1,1,0,0.0,LOW
Isha Bawa,6,1,0,1,1,0,0.0,LOW
Upadhriti Din,6,1,0,1,1,0,0.0,LOW
Zaid Bhalla,6,1,0,1,1,0,0.0,LOW
Omkaar Jain,6,1,0,1,1,0,0.0,LOW
Patrick Randhawa,6,1,0,1,1,0,0.0,LOW
Tarak Gade,6,1,0,1,1,0,0.0,LOW
Simon Narain,6,1,0,1,1,0,0.0,LOW
Peter Lad,6,1,0,1,1,0,0.0,LOW
Urmi Sharaf,6,1,0,1,1,0,0.0,LOW
Chatura D’Alia,6,1,0,1,1,0,0.0,LOW
Hitesh Sule,6,1,0,1,1,0,0.0,LOW
Pahal Sem,6,1,0,1,1,0,0.0,LOW
Praneel Palla,6,1,0,1,1,0,0.0,LOW
Neha Seshadri,6,1,0,1,1,0,0.0,LOW
Chatura Kata,6,1,0,1,1,0,0.0,LOW
Wishi Raj,6,1,0,1,1,0,0.0,LOW
Jagdish Behl,6,1,0,1,1,0,0.0,LOW
Gauri Chada,6,1,0,1,1,0,0.0,LOW
Yachana Parsa,6,1,0,1,1,0,0.0,LOW
Sara Gulati,6,1,0,1,1,0,0.0,LOW
Aachal Sridhar,6,1,0,1,1,0,0.0,LOW
Banjeet Sekhon,6,1,0,1,1,0,0.0,LOW
Ekavir Bir,6,1,0,1,1,0,0.0,LOW
Laban Pandya,6,1,0,1,1,0,0.0,LOW
Yug Zachariah,6,1,0,1,1,0,0.0,LOW
Nitesh D’Alia,6,1,0,1,1,0,0.0,LOW
Nisha Seth,6,1,0,1,1,0,0.0,LOW
Theodore Merchant,6,1,0,1,1,0,0.0,LOW
Ayaan Gill,6,1,0,1,1,0,0.0,LOW
Zaid Thakkar,6,1,0,1,1,0,0.0,LOW
Ronith Rajagopalan,6,1,0,1,1,0,0.0,LOW
Jeet Naik,6,1,0,1,1,0,0.0,LOW
Anmol Master,6,1,0,1,1,0,0.0,LOW
Omaja Gopal,6,1,0,1,1,0,0.0,LOW
Xiti Master,6,1,0,1,1,0,0.0,LOW
Laksh Sundaram,6,1,0,1,1,0,0.0,LOW
Farhan Soman,6,1,0,1,1,0,0.0,LOW
Anika Sachar,6,1,0,1,1,0,0.0,LOW
Jack Kumar,6,1,0,1,1,0,0.0,LOW
Eta Gala,6,1,0,1,1,0,0.0,LOW
Veer Barman,6,1,0,1,1,0,0.0,LOW
Yahvi Bal,6,1,0,1,1,0,0.0,LOW
Oni Ratta,6,1,0,1,1,0,0.0,LOW
Yuvraj Dhawan,6,1,0,1,1,0,0.0,LOW
Samarth Borah,6,1,0,1,1,0,0.0,LOW
Mason Suri,6,1,0,1,1,0,0.0,LOW
Samaksh Narayan,6,1,0,1,1,0,0.0,LOW
Champak Bassi,6,1,0,1,1,0,0.0,LOW
Elijah Bail,6,1,0,1,1,0,0.0,LOW
Daksha Deol,6,1,0,1,1,0,0.0,LOW
Liam Goswami,6,1,0,1,1,0,0.0,LOW
Qasim Ravel,6,1,0,1,1,0,0.0,LOW
Zilmil Modi,6,1,0,1,1,0,0.0,LOW
Hardik Guha,6,1,0,1,1,0,0.0,LOW
Lila Contractor,6,1,0,1,1,0,0.0,LOW
Upma Narayan,6,1,0,1,1,0,0.0,LOW
Shivani Raman,6,1,0,1,1,0,0.0,LOW
Reyansh Sampath,6,1,0,1,1,0,0.0,LOW
Osha Pradhan,6,1,0,1,1,0,0.0,LOW
Indali Bala,6,1,0,1,1,0,0.0,LOW
Yagnesh Chanda,6,1,0,1,1,0,0.0,LOW
Veda Tank,6,1,0,1,1,0,0.0,LOW
Eiravati Amble,6,1,0,1,1,0,0.0,LOW
Chaman Hegde,6,1,0,1,1,0,0.0,LOW
Harsh Ghose,6,1,0,1,1,0,0.0,LOW
Lavanya Varty,6,1,0,1,1,0,0.0,LOW
Abha Bava,6,1,0,1,1,0,0.0,LOW
Xavier Iyer,6,1,0,1,1,0,0.0,LOW
Maanav Pandya,6,1,0,1,1,0,0.0,LOW
Samaksh Roy,6,1,0,1,1,0,0.0,LOW
Wishi Kamdar,6,1,0,1,1,0,0.0,LOW
Agastya Hayer,6,1,0,1,1,0,0.0,LOW
Darpan Golla,6,1,0,1,1,0,0.0,LOW
Nicholas Sankaran,6,1,0,1,1,0,0.0,LOW
Ekbal Sarraf,6,1,0,1,1,0,0.0,LOW
Qadim Natarajan,6,1,0,1,1,0,0.0,LOW
Ranbir Verma,6,1,0,1,1,0,0.0,LOW
Chaitanya Taneja,6,1,0,1,1,0,0.0,LOW
Yashoda Bahl,6,1,0,1,1,0,0.0,LOW
Balvan Koshy,6,1,0,1,1,0,0.0,LOW
Idika Kale,6,1,0,1,1,0,0.0,LOW
Rayaan Gera,6,1,0,1,1,0,0.0,LOW
Chandran Ghose,6,1,0,1,1,0,0.0,LOW
Jairaj Thaman,6,1,0,1,1,0,0.0,LOW
Aradhana Kota,6,1,0,1,1,0,0.0,LOW
Divya Jhaveri,6,1,0,1,1,0,0.0,LOW
Sudiksha Sanghvi,6,1,0,1,1,0,0.0,LOW
Sudiksha Mohan,6,1,0,1,1,0,0.0,LOW
Yashica Chokshi,6,1,0,1,1,0,0.0,LOW
Yochana Gour,6,1,0,1,1,0,0.0,LOW
Bhavna Parikh,6,1,0,1,1,0,0.0,LOW
Aashi Kaur,6,1,0,1,1,0,0.0,LOW
Lakshit Seshadri,6,1,0,1,1,0,0.0,LOW
Triya Handa,6,1,0,1,1,0,0.0,LOW
Jonathan Baral,6,1,0,1,1,0,0.0,LOW
Upkaar Mangat,6,1,0,1,1,0,0.0,LOW
Sanya Raj,6,1,0,1,1,0,0.0,LOW
Madhavi Pall,6,1,0,1,1,0,0.0,LOW
Anvi Dyal,6,1,0,1,1,0,0.0,LOW
Bishakha Khosla,6,1,0,1,1,0,0.0,LOW
Arunima Oommen,6,1,0,1,1,0,0.0,LOW
Aarnav Lall,6,1,0,1,1,0,0.0,LOW
Shaurya Basu,6,1,0,1,1,0,0.0,LOW
Yashawini Sura,6,1,0,1,1,0,0.0,LOW
Hritik Chaudry,6,1,0,1,1,0,0.0,LOW
Kashvi Mistry,6,1,0,1,1,0,0.0,LOW
Varenya Amble,6,1,0,1,1,0,0.0,LOW
Tejas Bhat,6,1,0,1,1,0,0.0,LOW
Tarak Tailor,6,1,0,1,1,0,0.0,LOW
Wishi Reddy,6,1,0,1,1,0,0.0,LOW
Janani Apte,6,1,0,1,1,0,0.0,LOW
Jagat Lalla,6,1,0,1,1,0,0.0,LOW
Hemal Sarkar,6,1,0,1,1,0,0.0,LOW
Waida Badal,6,1,0,1,1,0,0.0,LOW
Jalsa Mandal,6,1,0,1,1,0,0.0,LOW
Waida Talwar,6,1,0,1,1,0,0.0,LOW
Varsha Tak,6,1,0,1,1,0,0.0,LOW
Yashica Mani,6,1,0,1,1,0,0.0,LOW
Brijesh Dasgupta,6,1,0,1,1,0,0.0,LOW
Divya Bassi,6,1,0,1,1,0,0.0,LOW
Neel Loyal,6,1,0,1,1,0,0.0,LOW
Unni Luthra,6,1,0,1,1,0,0.0,LOW
Chakradev Sarna,6,1,0,1,1,0,0.0,LOW
Sara Raju,6,1,0,1,1,0,0.0,LOW
Fiyaz Cheema,6,1,0,1,1,0,0.0,LOW
Vamakshi Dhar,6,1,0,1,1,0,0.0,LOW
Vincent Pant,6,1,0,1,1,0,0.0,LOW
Liam Ratta,6,1,0,1,1,0,0.0,LOW
Kabir Narain,6,1,0,1,1,0,0.0,LOW
Yatin Mody,6,1,0,1,1,0,0.0,LOW
Chatura Sharma,6,1,0,1,1,0,0.0,LOW
Meghana Murthy,6,1,0,1,1,0,0.0,LOW
Xavier Minhas,6,1,0,1,1,0,0.0,LOW
Kala Devi,6,1,0,1,1,0,0.0,LOW
Ekaja Sagar,6,1,0,1,1,0,0.0,LOW
Tanvi Swaminathan,6,1,0,1,1,0,0.0,LOW
Kamala Oza,6,1,0,1,1,0,0.0,LOW
Balhaar Ganesh,6,1,0,1,1,0,0.0,LOW
Ayush Ratta,6,1,0,1,1,0,0.0,LOW
Lekha Mammen,6,1,0,1,1,0,0.0,LOW
Wahab Natt,6,1,0,1,1,0,0.0,LOW
Max Sabharwal,6,1,0,1,1,0,0.0,LOW
Laban Vohra,6,1,0,1,1,0,0.0,LOW
Ekansh Venkataraman,6,1,0,1,1,0,0.0,LOW
Timothy Raju,6,1,0,1,1,0,0.0,LOW
Ekantika Sidhu,6,1,0,1,1,0,0.0,LOW
Vritti Tata,6,1,0,1,1,0,0.0,LOW
Meera D’Alia,6,1,0,1,1,0,0.0,LOW
Anmol Sarin,6,1,0,1,1,0,0.0,LOW
David Bava,6,1,0,1,1,0,0.0,LOW
Ronith Babu,6,1,0,1,1,0,0.0,LOW
Vedant Chandra,6,1,0,1,1,0,0.0,LOW
Diya Koshy,6,1,0,1,1,0,0.0,LOW
Dalaja Shroff,6,1,0,1,1,0,0.0,LOW
Imaran Lal,6,1,0,1,1,0,0.0,LOW
Gopal Prasad,6,1,0,1,1,0,0.0,LOW
Ijaya Comar,6,1,0,1,1,0,0.0,LOW
Udyati Naidu,6,1,0,1,1,0,0.0,LOW
Kamala Mahal,6,1,0,1,1,0,0.0,LOW
Jacob Gopal,6,1,0,1,1,0,0.0,LOW
Gayathri Shetty,6,1,0,1,1,0,0.0,LOW
Tanish Anand,6,1,0,1,1,0,0.0,LOW
Kala Soni,6,1,0,1,1,0,0.0,LOW
Gautam Bhatti,6,1,0,1,1,0,0.0,LOW
Lopa Choudhry,6,1,0,1,1,0,0.0,LOW
Jacob Keer,6,1,0,1,1,0,0.0,LOW
Kavya Merchant,6,1,0,1,1,0,0.0,LOW
Zashil Thakur,6,1,0,1,1,0,0.0,LOW
Forum Chana,6,1,0,1,1,0,0.0,LOW
Ekiya Dass,6,1,0,1,1,0,0.0,LOW
Laban Modi,6,1,0,1,1,0,0.0,LOW
Ishwar Shankar,6,1,0,1,1,0,0.0,LOW
Maanas Chopra,6,1,0,1,1,0,0.0,LOW
Baghyawati Banerjee,6,1,0,1,1,0,0.0,LOW
Joshua Bir,6,1,0,1,1,0,0.0,LOW
Hemang Shenoy,6,1,0,1,1,0,0.0,LOW
Ronith Sarin,6,1,0,1,1,0,0.0,LOW
Aishani Bhatt,6,1,0,1,1,0,0.0,LOW
Amara Rai,6,1,0,1,1,0,0.0,LOW
Pahal Behl,6,1,0,1,1,0,0.0,LOW
Utkarsh Nayar,6,1,0,1,1,0,0.0,LOW
Kai Vora,6,1,0,1,1,0,0.0,LOW
Timothy Gole,6,1,0,1,1,0,0.0,LOW
Mekhala Saxena,6,1,0,1,1,0,0.0,LOW
Shaurya Grewal,6,1,0,1,1,0,0.0,LOW
Jack Krish,6,1,0,1,1,0,0.0,LOW
Rushil Tripathi,6,1,0,1,1,0,0.0,LOW
Riya Dixit,6,1,0,1,1,0,0.0,LOW
Kashish Doshi,6,1,0,1,1,0,0.0,LOW
Ekanta Khanna,6,1,0,1,1,0,0.0,LOW
Tripti Mani,6,1,0,1,1,0,0.0,LOW
Udyati Comar,6,1,0,1,1,0,0.0,LOW
Kai Dalal,6,1,0,1,1,0,0.0,LOW
Fitan Pillay,6,1,0,1,1,0,0.0,LOW
Anay Sachar,6,1,0,1,1,0,0.0,LOW
Ridhi Ravi,6,1,0,1,1,0,0.0,LOW
Eshana Sahni,6,1,0,1,1,0,0.0,LOW
Saumya Kala,6,1,0,1,1,0,0.0,LOW
Januja Thaman,6,1,0,1,1,0,0.0,LOW
David Bumb,6,1,0,1,1,0,0.0,LOW
Bina Koshy,6,1,0,1,1,0,0.0,LOW
Eesha Mani,6,1,0,1,1,0,0.0,LOW
Advaith Sur,6,1,0,1,1,0,0.0,LOW
Charles Ganesan,6,1,0,1,1,0,0.0,LOW
Vrishti Sibal,6,1,0,1,1,0,0.0,LOW
Henry Raj,6,1,0,1,1,0,0.0,LOW
Isaac Gara,6,1,0,1,1,0,0.0,LOW
Sachi Radhakrishnan,6,1,0,1,1,0,0.0,LOW
Deepa Khurana,6,1,0,1,1,0,0.0,LOW
Aarav Chaudhuri,6,1,0,1,1,0,0.0,LOW
Chasmum Warrior,6,1,0,1,1,0,0.0,LOW
Oliver Bir,6,1,0,1,1,0,0.0,LOW
Barkha Sant,6,1,0,1,1,0,0.0,LOW
Balendra Subramanian,6,1,0,1,1,0,0.0,LOW
Ranveer Chauhan,6,1,0,1,1,0,0.0,LOW
Jai Narang,6,1,0,1,1,0,0.0,LOW
Pranav Vaidya,6,1,0,1,1,0,0.0,LOW
Naksh Date,6,1,0,1,1,0,0.0,LOW
Kabir Pandey,6,1,0,1,1,0,0.0,LOW
Chakradhar Salvi,6,1,0,1,1,0,0.0,LOW
Kamala Viswanathan,6,1,0,1,1,0,0.0,LOW
Zaitra Lal,6,1,0,1,1,0,0.0,LOW
Madhav Tailor,6,1,0,1,1,0,0.0,LOW
Onveer Pandit,6,1,0,1,1,0,0.0,LOW
Pranit Chawla,6,1,0,1,1,0,0.0,LOW
Vidhi Goswami,6,1,0,1,1,0,0.0,LOW
Logan Agarwal,6,1,0,1,1,0,0.0,LOW
Chatura Dhar,6,1,0,1,1,0,0.0,LOW
Laksh Keer,6,1,0,1,1,0,0.0,LOW
Zinal Narula,6,1,0,1,1,0,0.0,LOW
Samaksh Chahal,6,1,0,1,1,0,0.0,LOW
Lucky Bail,6,1,0,1,1,0,0.0,LOW
Dalaja Mann,6,1,0,1,1,0,0.0,LOW
Tripti Mahajan,6,1,0,1,1,0,0.0,LOW
Samarth Wadhwa,6,1,0,1,1,0,0.0,LOW
Rishi Varty,6,1,0,1,1,0,0.0,LOW
Finn Jhaveri,6,1,0,1,1,0,0.0,LOW
Raksha Rattan,6,1,0,1,1,0,0.0,LOW
Ijaya Murty,6,1,0,1,1,0,0.0,LOW
Sneha Vasa,6,1,0,1,1,0,0.0,LOW
Indira Nadkarni,6,1,0,1,1,0,0.0,LOW
Owen Parikh,6,1,0,1,1,0,0.0,LOW
Balveer Dave,6,1,0,1,1,0,0.0,LOW
Yashica Seth,6,1,0,1,1,0,0.0,LOW
Brinda Biswas,6,1,0,1,1,0,0.0,LOW
Zayyan Tripathi,6,1,0,1,1,0,0.0,LOW
Quincy Lall,6,1,0,1,1,0,0.0,LOW
Nisha Dani,6,1,0,1,1,0,0.0,LOW
Odika Pall,6,1,0,1,1,0,0.0,LOW
Qadim Grover,6,1,0,1,1,0,0.0,LOW
Yagnesh Devan,6,1,0,1,1,0,0.0,LOW
Bhavna Apte,6,1,0,1,1,0,0.0,LOW
Chaitaly Konda,6,1,0,1,1,0,0.0,LOW
Veer Nagi,6,1,0,1,1,0,0.0,LOW
Kiaan Jha,6,1,0,1,1,0,0.0,LOW
Sathvik Saxena,6,1,0,1,1,0,0.0,LOW
Reyansh Grewal,6,1,0,1,1,0,0.0,LOW
Yoshita Char,6,1,0,1,1,0,0.0,LOW
Ekaja Dua,6,1,0,1,1,0,0.0,LOW
Leena Iyengar,6,1,0,1,1,0,0.0,LOW
Eta Krishnamurthy,6,1,0,1,1,0,0.0,LOW
Nicholas Verma,6,1,0,1,1,0,0.0,LOW
Joshua Doctor,6,1,0,1,1,0,0.0,LOW
Amrita Srinivas,6,1,0,1,1,0,0.0,LOW
Lakshit Balan,6,1,0,1,1,0,0.0,LOW
Jackson Dara,6,1,0,1,1,0,0.0,LOW
Frederick Mitra,6,1,0,1,1,0,0.0,LOW
Ira Khosla,6,1,0,1,1,0,0.0,LOW
Mason Bassi,6,1,0,1,1,0,0.0,LOW
Chaman Bal,6,1,0,1,1,0,0.0,LOW
Arunima Nadkarni,6,1,0,1,1,0,0.0,LOW
Janya Bir,6,1,0,1,1,0,0.0,LOW
Parth Gera,6,1,0,1,1,0,0.0,LOW
Shravya Rastogi,6,1,0,1,1,0,0.0,LOW
Xavier Konda,6,1,0,1,1,0,0.0,LOW
Karan Hans,6,1,0,1,1,0,0.0,LOW
Oviya Chaudry,6,1,0,1,1,0,0.0,LOW
Kalpit Khosla,6,1,0,1,1,0,0.0,LOW
Gaurika Memon,6,1,0,1,1,0,0.0,LOW
Faras Hayer,6,1,0,1,1,0,0.0,LOW
Ekani Setty,6,1,0,1,1,0,0.0,LOW
Laksh Sankaran,6,1,0,1,1,0,0.0,LOW
Agastya Devan,6,1,0,1,1,0,0.0,LOW
Aadhya Sarma,6,1,0,1,1,0,0.0,LOW
Jatin Thaker,6,1,0,1,1,0,0.0,LOW
Upma Hegde,6,1,0,1,1,0,0.0,LOW
Kritika Nagarajan,6,1,0,1,1,0,0.0,LOW
Viraj Mohan,6,1,0,1,1,0,0.0,LOW
Henry Tandon,6,1,0,1,1,0,0.0,LOW
Priya Vora,6,1,0,1,1,0,0.0,LOW
Nimrat De,6,1,0,1,1,0,0.0,LOW
Diya Sood,6,1,0,1,1,0,0.0,LOW
Theodore Dewan,6,1,0,1,1,0,0.0,LOW
Anusha Krish,6,1,0,1,1,0,0.0,LOW
Janaki Andra,6,1,0,1,1,0,0.0,LOW
Kamya Shah,6,1,0,1,1,0,0.0,LOW
Oeshi Ben,6,1,0,1,1,0,0.0,LOW
Jasmit Parekh,6,1,0,1,1,0,0.0,LOW
William Kara,6,1,0,1,1,0,0.0,LOW
Finn Dhawan,6,1,0,1,1,0,0.0,LOW
Manthan Subramaniam,6,1,0,1,1,0,0.0,LOW
Ati Mital,6,1,0,1,1,0,0.0,LOW
Anjali Bansal,6,1,0,1,1,0,0.0,LOW
Ridhi Shenoy,6,1,0,1,1,0,0.0,LOW
Rachit Agate,6,1,0,1,1,0,0.0,LOW
Maya Mukhopadhyay,6,1,0,1,1,0,0.0,LOW
Ekbal De,6,1,0,1,1,0,0.0,LOW
Yachana Kar,6,1,0,1,1,0,0.0,LOW
Hredhaan Krish,6,1,0,1,1,0,0.0,LOW
Vihaan Maharaj,6,1,0,1,1,0,0.0,LOW
Amruta Ganesh,6,1,0,1,1,0,0.0,LOW
Abha Modi,6,1,0,1,1,0,0.0,LOW
Logan Das,6,1,0,1,1,0,0.0,LOW
Jeremiah Dhingra,6,1,0,1,1,0,0.0,LOW
Tripti Parmer,6,1,0,1,1,0,0.0,LOW
Matthew Vala,6,1,0,1,1,0,0.0,LOW
Fariq Roy,6,1,0,1,1,0,0.0,LOW
Udarsh Parmer,6,1,0,1,1,0,0.0,LOW
Falguni Prasad,6,1,0,1,1,0,0.0,LOW
Inaya Chaudry,6,1,0,1,1,0,0.0,LOW
Ishaan Narayan,6,1,0,1,1,0,0.0,LOW
Parth Varma,6,1,0,1,1,0,0.0,LOW
Ekantika Chaudhuri,6,1,0,1,1,0,0.0,LOW
Vidhi Prabhakar,6,1,0,1,1,0,0.0,LOW
Chatura Bose,6,1,0,1,1,0,0.0,LOW
Caleb Vala,6,1,0,1,1,0,0.0,LOW
Utkarsh Dada,6,1,0,1,1,0,0.0,LOW
Upkaar Dhillon,6,1,0,1,1,0,0.0,LOW
Qushi Krish,6,1,0,1,1,0,0.0,LOW
Zaid Virk,6,1,0,1,1,0,0.0,LOW
Lipika Sagar,6,1,0,1,1,0,0.0,LOW
Ucchal Dhillon,6,1,0,1,1,0,0.0,LOW
Gayathri Pradhan,6,1,0,1,1,0,0.0,LOW
Rushil Baral,6,1,0,1,1,0,0.0,LOW
Gautam Suri,6,1,0,1,1,0,0.0,LOW
Jairaj Korpal,6,1,0,1,1,0,0.0,LOW
Shivansh Warrior,6,1,0,1,1,0,0.0,LOW
Michael Contractor,6,1,0,1,1,0,0.0,LOW
Jeevika Sharma,6,1,0,1,1,0,0.0,LOW
Abeer Loyal,6,1,0,1,1,0,0.0,LOW
Lohit Tata,6,1,0,1,1,0,0.0,LOW
Netra Dhaliwal,6,1,0,1,1,0,0.0,LOW
Qarin Mander,6,1,0,1,1,0,0.0,LOW
Bhavika Dutt,6,1,0,1,1,0,0.0,LOW
Faras Prakash,6,1,0,1,1,0,0.0,LOW
Rachit Mall,6,1,0,1,1,0,0.0,LOW
Karan Seshadri,6,1,0,1,1,0,0.0,LOW
Yamini Brahmbhatt,6,1,0,1,1,0,0.0,LOW
Dalaja Barad,6,1,0,1,1,0,0.0,LOW
Lopa Tella,6,1,0,1,1,0,0.0,LOW
Omisha Edwin,6,1,0,1,1,0,0.0,LOW
Janaki Sarin,6,1,0,1,1,0,0.0,LOW
Dalaja Dora,6,1,0,1,1,0,0.0,LOW
Siddharth Pall,6,1,0,1,1,0,0.0,LOW
Reva Grewal,6,1,0,1,1,0,0.0,LOW
Yamini Sami,6,1,0,1,1,0,0.0,LOW
Laban Basak,6,1,0,1,1,0,0.0,LOW
Indira Ratti,6,1,0,1,1,0,0.0,LOW
Theodore Saraf,6,1,0,1,1,0,0.0,LOW
Bachittar Rai,6,1,0,1,1,0,0.0,LOW
Ryan Ramachandran,6,1,0,1,1,0,0.0,LOW
Pranav Wable,6,1,0,1,1,0,0.0,LOW
Rachana Verma,6,1,0,1,1,0,0.0,LOW
Owen Sandal,6,1,0,1,1,0,0.0,LOW
Anjali Mand,6,1,0,1,1,0,0.0,LOW
Eshana Goyal,6,1,0,1,1,0,0.0,LOW
Veer Ganesh,6,1,0,1,1,0,0.0,LOW
Advay Doctor,6,1,0,1,1,0,0.0,LOW
Mohammed Sunder,6,1,0,1,1,0,0.0,LOW
Tanveer Tailor,6,1,0,1,1,0,0.0,LOW
Tamanna Pradhan,6,1,0,1,1,0,0.0,LOW
Manthan Mishra,6,1,0,1,1,0,0.0,LOW
Vrishti Raval,6,1,0,1,1,0,0.0,LOW
Aishani Barman,6,1,0,1,1,0,0.0,LOW
Chatresh Das,6,1,0,1,1,0,0.0,LOW
Chaaya Varghese,6,1,0,1,1,0,0.0,LOW
Yachana Parmar,6,1,0,1,1,0,0.0,LOW
Luke Mittal,6,1,0,1,1,0,0.0,LOW
Kiaan Minhas,6,1,0,1,1,0,0.0,LOW
Deepa Naidu,6,1,0,1,1,0,0.0,LOW
Samaksh Bandi,6,1,0,1,1,0,0.0,LOW
Akshay Bedi,6,1,0,1,1,0,0.0,LOW
Chatresh Prakash,6,1,0,1,1,0,0.0,LOW
Janya Bansal,6,1,0,1,1,0,0.0,LOW
Anika Mammen,6,1,0,1,1,0,0.0,LOW
Eta Subramaniam,6,1,0,1,1,0,0.0,LOW
Zehaan Narayanan,6,1,0,1,1,0,0.0,LOW
Zarna Ramaswamy,6,1,0,1,1,0,0.0,LOW
Siddharth Keer,6,1,0,1,1,0,0.0,LOW
Girik Dayal,6,1,0,1,1,0,0.0,LOW
George Ahluwalia,6,1,0,1,1,0,0.0,LOW
Champak Suresh,6,1,0,1,1,0,0.0,LOW
Sanaya Boase,6,1,0,1,1,0,0.0,LOW
Mitesh Mall,6,1,0,1,1,0,0.0,LOW
Lucky Bansal,6,1,0,1,1,0,0.0,LOW
Lipika Buch,6,1,0,1,1,0,0.0,LOW
Lipika Vora,6,1,0,1,1,0,0.0,LOW
Harsh Yogi,6,1,0,1,1,0,0.0,LOW
Damini Rama,6,1,0,1,1,0,0.0,LOW
Aryan Banik,6,1,0,1,1,0,0.0,LOW
Jeevika Swaminathan,6,1,0,1,1,0,0.0,LOW
Gayathri Patel,6,1,0,1,1,0,0.0,LOW
Krish Wable,6,1,0,1,1,0,0.0,LOW
Bhavya Krishnan,6,1,0,1,1,0,0.0,LOW
Ekani Nagar,6,1,0,1,1,0,0.0,LOW
Jalsa Khanna,6,1,0,1,1,0,0.0,LOW
Pooja Som,6,1,0,1,1,0,0.0,LOW
Fitan Hari,6,1,0,1,1,0,0.0,LOW
Kritika Doctor,6,1,0,1,1,0,0.0,LOW
Jack Chhabra,6,1,0,1,1,0,0.0,LOW
Rajata Parmer,6,1,0,1,1,0,0.0,LOW
Manthan De,6,1,0,1,1,0,0.0,LOW
Vyanjana Minhas,6,1,0,1,1,0,0.0,LOW
Jeet Khare,6,1,0,1,1,0,0.0,LOW
Onveer Chana,6,1,0,1,1,0,0.0,LOW
Damyanti Varughese,6,1,0,1,1,0,0.0,LOW
Fariq Saraf,6,1,0,1,1,0,0.0,LOW
Oscar Bhattacharyya,6,1,0,1,1,0,0.0,LOW
Forum Dhaliwal,6,1,0,1,1,0,0.0,LOW
Edhitha Shroff,6,1,0,1,1,0,0.0,LOW
Chameli Shankar,6,1,0,1,1,0,0.0,LOW
Yamini Vohra,6,1,0,1,1,0,0.0,LOW
Oeshi Bandi,6,1,0,1,1,0,0.0,LOW
Wridesh Choudhary,6,1,0,1,1,0,0.0,LOW
Daksha Bhardwaj,6,1,0,1,1,0,0.0,LOW
Anika Pall,6,1,0,1,1,0,0.0,LOW
Tanveer Mistry,6,1,0,1,1,0,0.0,LOW
Vidhi Dasgupta,6,1,0,1,1,0,0.0,LOW
Maya Kapoor,6,1,0,1,1,0,0.0,LOW
Saumya Guha,6,1,0,1,1,0,0.0,LOW
Kala Bahri,6,1,0,1,1,0,0.0,LOW
Darsh Konda,6,1,0,1,1,0,0.0,LOW
Vasudha Mall,6,1,0,1,1,0,0.0,LOW
Daniel Bhatnagar,6,1,0,1,1,0,0.0,LOW
Gaurav Shankar,6,1,0,1,1,0,0.0,LOW
Ekaraj Sarna,6,1,0,1,1,0,0.0,LOW
Adya Wali,6,1,0,1,1,0,0.0,LOW
Mitali Loke,6,1,0,1,1,0,0.0,LOW
Adya Patla,6,1,0,1,1,0,0.0,LOW
Widisha Narang,6,1,0,1,1,0,0.0,LOW
Urishilla Rai,6,1,0,1,1,0,0.0,LOW
Xiti Shetty,6,1,0,1,1,0,0.0,LOW
Tanmayi Dutta,6,1,0,1,1,0,0.0,LOW
Aryan Kari,6,1,0,1,1,0,0.0,LOW
Yashasvi Rattan,6,1,0,1,1,0,0.0,LOW
Ekanta Wadhwa,6,1,0,1,1,0,0.0,LOW
Arjun Gour,6,1,0,1,1,0,0.0,LOW
Abeer Gala,6,1,0,1,1,0,0.0,LOW
Hardik Basak,6,1,0,1,1,0,0.0,LOW
Mitali Patel,6,1,0,1,1,0,0.0,LOW
Ethan Karpe,6,1,0,1,1,0,0.0,LOW
Farhan Rama,6,1,0,1,1,0,0.0,LOW
Yash Saran,6,1,0,1,1,0,0.0,LOW
Shravya Sood,6,1,0,1,1,0,0.0,LOW
Chatura Bains,6,1,0,1,1,0,0.0,LOW
Krishna Bora,6,1,0,1,1,0,0.0,LOW
Tanveer Rattan,6,1,0,1,1,0,0.0,LOW
Sai Agarwal,6,1,0,1,1,0,0.0,LOW
Rushil Madan,6,1,0,1,1,0,0.0,LOW
Inaya Handa,6,1,0,1,1,0,0.0,LOW
Theodore Suri,6,1,0,1,1,0,0.0,LOW
Anjali Pal,6,1,0,1,1,0,0.0,LOW
Nihal Prakash,6,1,0,1,1,0,0.0,LOW
Manbir Thakur,6,1,0,1,1,0,0.0,LOW
Chasmum Sridhar,6,1,0,1,1,0,0.0,LOW
Oliver Deol,6,1,0,1,1,0,0.0,LOW
Xalak Krish,6,1,0,1,1,0,0.0,LOW
Aahana Kala,6,1,0,1,1,0,0.0,LOW
Vanya Basu,6,1,0,1,1,0,0.0,LOW
Vrinda Chad,6,1,0,1,1,0,0.0,LOW
Osha Lal,6,1,0,1,1,0,0.0,LOW
Devansh Rastogi,6,1,0,1,1,0,0.0,LOW
Vrishti Grewal,6,1,0,1,1,0,0.0,LOW
Kritika Mohan,6,1,0,1,1,0,0.0,LOW
Balhaar Seshadri,6,1,0,1,1,0,0.0,LOW
Ekansh Date,6,1,0,1,1,0,0.0,LOW
Turvi Grover,6,1,0,1,1,0,0.0,LOW
Naveen Dugar,6,1,0,1,1,0,0.0,LOW
Lipika Bath,6,1,0,1,1,0,0.0,LOW
Ekansh Kanda,6,1,0,1,1,0,0.0,LOW
Jasmit Barman,6,1,0,1,1,0,0.0,LOW
Lavanya Wali,6,1,0,1,1,0,0.0,LOW
Hardik Saraf,6,1,0,1,1,0,0.0,LOW
Samaksh Lal,6,1,0,1,1,0,0.0,LOW
Watika Gole,6,1,0,1,1,0,0.0,LOW
Lakshmi Sule,6,1,0,1,1,0,0.0,LOW
Shaurya Kulkarni,6,1,0,1,1,0,0.0,LOW
Ansh Badal,6,1,0,1,1,0,0.0,LOW
Karan Badal,6,1,0,1,1,0,0.0,LOW
Zehaan Ghose,6,1,0,1,1,0,0.0,LOW
Om Reddy,6,1,0,1,1,0,0.0,LOW
Sanya Kuruvilla,6,1,0,1,1,0,0.0,LOW
Hema Joshi,6,1,0,1,1,0,0.0,LOW
Upadhriti Kata,6,1,0,1,1,0,0.0,LOW
Teerth Buch,6,1,0,1,1,0,0.0,LOW
Dev Acharya,6,1,0,1,1,0,0.0,LOW
Hemang Aurora,6,1,0,1,1,0,0.0,LOW
Krish Dutt,6,1,0,1,1,0,0.0,LOW
Anthony Basu,6,1,0,1,1,0,0.0,LOW
Abdul Kamdar,6,1,0,1,1,0,0.0,LOW
Nitesh Biswas,6,1,0,1,1,0,0.0,LOW
Samar Dugar,6,1,0,1,1,0,0.0,LOW
Sneha Baria,6,1,0,1,1,0,0.0,LOW
Elijah Dhingra,6,1,0,1,1,0,0.0,LOW
Ekantika Tata,6,1,0,1,1,0,0.0,LOW
Vrishti Salvi,6,1,0,1,1,0,0.0,LOW
Ethan Soman,6,1,0,1,1,0,0.0,LOW
Vinaya Rajan,6,1,0,1,1,0,0.0,LOW
Widisha Gera,6,1,0,1,1,0,0.0,LOW
Lohit Bail,6,1,0,1,1,0,0.0,LOW
Anjali Vaidya,6,1,0,1,1,0,0.0,LOW
Chanchal Chaudhari,6,1,0,1,1,0,0.0,LOW
Warinder Choudhry,6,1,0,1,1,0,0.0,LOW
Rajata Naidu,6,1,0,1,1,0,0.0,LOW
Azaan Kothari,6,1,0,1,1,0,0.0,LOW
Vrinda Naik,6,1,0,1,1,0,0.0,LOW
Deepa Madan,6,1,0,1,1,0,0.0,LOW
Frederick Deshpande,6,1,0,1,1,0,0.0,LOW
Pratyush Maharaj,6,1,0,1,1,0,0.0,LOW
Geetika Ben,6,1,0,1,1,0,0.0,LOW
Yuvraj Biswas,6,1,0,1,1,0,0.0,LOW
Christopher Naidu,6,1,0,1,1,0,0.0,LOW
Abhimanyu Kaur,6,1,0,1,1,0,0.0,LOW
Hardik Trivedi,6,1,0,1,1,0,0.0,LOW
Anjali Samra,6,1,0,1,1,0,0.0,LOW
Zansi Mitra,6,1,0,1,1,0,0.0,LOW
Lohit Bajaj,6,1,0,1,1,0,0.0,LOW
Brinda Gokhale,6,1,0,1,1,0,0.0,LOW
Urmi Kothari,6,1,0,1,1,0,0.0,LOW
Gautam Parikh,6,1,0,1,1,0,0.0,LOW
Shivani Magar,6,1,0,1,1,0,0.0,LOW
Aarna Kapur,6,1,0,1,1,0,0.0,LOW
Pushti Om,6,1,0,1,1,0,0.0,LOW
Widisha Toor,6,1,0,1,1,0,0.0,LOW
Aditya D’Alia,6,1,0,1,1,0,0.0,LOW
Gabriel Soni,6,1,0,1,1,0,0.0,LOW
Mohini Apte,6,1,0,1,1,0,0.0,LOW
Kiaan Kunda,6,1,0,1,1,0,0.0,LOW
Yuvraj Ramanathan,6,1,0,1,1,0,0.0,LOW
Wazir Nigam,6,1,0,1,1,0,0.0,LOW
Zehaan Hans,6,1,0,1,1,0,0.0,LOW
Jonathan Kumer,6,1,0,1,1,0,0.0,LOW
Zashil Datta,6,1,0,1,1,0,0.0,LOW
Manya Dey,6,1,0,1,1,0,0.0,LOW
Lucky Bumb,6,1,0,1,1,0,0.0,LOW
Odika Raman,6,1,0,1,1,0,0.0,LOW
Yashvi Balakrishnan,6,1,0,1,1,0,0.0,LOW
Fiyaz Uppal,6,1,0,1,1,0,0.0,LOW
Xiti Madan,6,1,0,1,1,0,0.0,LOW
Ayushman Shankar,6,1,0,1,1,0,0.0,LOW
Radhika Kumer,6,1,0,1,1,0,0.0,LOW
Teerth Mann,6,1,0,1,1,0,0.0,LOW
Udarsh Andra,6,1,0,1,1,0,0.0,LOW
Ethan Purohit,6,1,0,1,1,0,0.0,LOW
Elijah Sekhon,6,1,0,1,1,0,0.0,LOW
Gavin Rajagopalan,6,1,0,1,1,0,0.0,LOW
Bakhshi Sandal,6,1,0,1,1,0,0.0,LOW
Girish Chopra,6,1,0,1,1,0,0.0,LOW
Rehaan Walia,6,1,0,1,1,0,0.0,LOW
Dhriti Lala,6,1,0,1,1,0,0.0,LOW
Mohammed Kota,6,1,0,1,1,0,0.0,LOW
Aditya Prakash,6,1,0,1,1,0,0.0,LOW
Fitan Panchal,6,1,0,1,1,0,0.0,LOW
Kashish Bhatti,6,1,0,1,1,0,0.0,LOW
Mitesh Hora,6,1,0,1,1,0,0.0,LOW
Rajata Kala,6,1,0,1,1,0,0.0,LOW
Saumya Ramaswamy,6,1,0,1,1,0,0.0,LOW
Ekanta Pai,6,1,0,1,1,0,0.0,LOW
Pavani Modi,6,1,0,1,1,0,0.0,LOW
Anvi Sachdev,6,1,0,1,1,0,0.0,LOW
Umang Raja,6,1,0,1,1,0,0.0,LOW
Fiyaz Tank,6,1,0,1,1,0,0.0,LOW
Ikbal Narula,6,1,0,1,1,0,0.0,LOW
Abeer Chad,6,1,0,1,1,0,0.0,LOW
Maanav Nori,6,1,0,1,1,0,0.0,LOW
Avi Menon,6,1,0,1,1,0,0.0,LOW
Omaja Lata,6,1,0,1,1,0,0.0,LOW
Krishna Lad,6,1,0,1,1,0,0.0,LOW
Zaid Baral,6,1,0,1,1,0,0.0,LOW
Quincy Kota,6,1,0,1,1,0,0.0,LOW
Aadi Kata,6,1,0,1,1,0,0.0,LOW
Charvi Kanda,6,1,0,1,1,0,0.0,LOW
Shaurya Andra,6,1,0,1,1,0,0.0,LOW
Varsha Parmer,6,1,0,1,1,0,0.0,LOW
Zayan Mangat,6,1,0,1,1,0,0.0,LOW
Vanya Rajagopalan,6,1,0,1,1,0,0.0,LOW
Riya Ray,6,1,0,1,1,0,0.0,LOW
Vrishti Parsa,6,1,0,1,1,0,0.0,LOW
Ekanta Sha,6,1,0,1,1,0,0.0,LOW
Ansh Barad,6,1,0,1,1,0,0.0,LOW
Sarthak Vala,6,1,0,1,1,0,0.0,LOW
Amrita Barad,6,1,0,1,1,0,0.0,LOW
Raghav Rastogi,6,1,0,1,1,0,0.0,LOW
Amol Kaur,6,1,0,1,1,0,0.0,LOW
Sai Singh,6,1,0,1,1,0,0.0,LOW
Kamya Mital,6,1,0,1,1,0,0.0,LOW
Tristan Halder,6,1,0,1,1,0,0.0,LOW
Bishakha Saini,6,1,0,1,1,0,0.0,LOW
Janaki Ramanathan,6,1,0,1,1,0,0.0,LOW
Isha Chaudry,6,1,0,1,1,0,0.0,LOW
Joshua Bhatt,6,1,0,1,1,0,0.0,LOW
Geetika Jaggi,6,1,0,1,1,0,0.0,LOW
Yashasvi Minhas,6,1,0,1,1,0,0.0,LOW
Saksham Jhaveri,6,1,0,1,1,0,0.0,LOW
Anmol Padmanabhan,6,1,0,1,1,0,0.0,LOW
Abdul Garg,6,1,0,1,1,0,0.0,LOW
Ethan Shankar,6,1,0,1,1,0,0.0,LOW
Vrishti Memon,6,1,0,1,1,0,0.0,LOW
Jackson Natarajan,6,1,0,1,1,0,0.0,LOW
Anya Subramaniam,6,1,0,1,1,0,0.0,LOW
Oviya Kalla,6,1,0,1,1,0,0.0,LOW
Luke Sundaram,6,1,0,1,1,0,0.0,LOW
Dipta Gaba,6,1,0,1,1,0,0.0,LOW
Daksha Sant,6,1,0,1,1,0,0.0,LOW
Omya Ravi,6,1,0,1,1,0,0.0,LOW
Ladli Mohan,6,1,0,1,1,0,0.0,LOW
Bakhshi Subramanian,6,1,0,1,1,0,0.0,LOW
Finn Sule,6,1,0,1,1,0,0.0,LOW
Yoshita Chadha,6,1,0,1,1,0,0.0,LOW
Rajeshri Mohanty,6,1,0,1,1,0,0.0,LOW
Aradhana Khatri,6,1,0,1,1,0,0.0,LOW
Falak Kadakia,6,1,0,1,1,0,0.0,LOW
Jeevika Pall,6,1,0,1,1,0,0.0,LOW
Tripti Mane,6,1,0,1,1,0,0.0,LOW
Azad Bal,6,1,0,1,1,0,0.0,LOW
Vaishnavi Parmar,6,1,0,1,1,0,0.0,LOW
Kala Mitter,6,1,0,1,1,0,0.0,LOW
Garima Patil,6,1,0,1,1,0,0.0,LOW
Saumya Dhar,6,1,0,1,1,0,0.0,LOW
Advika Borah,6,1,0,1,1,0,0.0,LOW
Tanmayi Mani,6,1,0,1,1,0,0.0,LOW
Qasim Mangal,6,1,0,1,1,0,0.0,LOW
Hemang Date,6,1,0,1,1,0,0.0,LOW
Girindra Bhardwaj,6,1,0,1,1,0,0.0,LOW
Charita Chandra,6,1,0,1,1,0,0.0,LOW
Bhavini Dyal,6,1,0,1,1,0,0.0,LOW
Charan Arya,6,1,0,1,1,0,0.0,LOW
Unnati Bhandari,6,1,0,1,1,0,0.0,LOW
Dalbir Goyal,6,1,0,1,1,0,0.0,LOW
Hardik Swamy,6,1,0,1,1,0,0.0,LOW
Widisha Boase,6,1,0,1,1,0,0.0,LOW
Ekavir Deep,6,1,0,1,1,0,0.0,LOW
Girindra Chowdhury,6,1,0,1,1,0,0.0,LOW
Ojasvi Agrawal,6,1,0,1,1,0,0.0,LOW
Theodore Ghose,6,1,0,1,1,0,0.0,LOW
Vedika Hayer,6,1,0,1,1,0,0.0,LOW
Irya Yadav,6,1,0,1,1,0,0.0,LOW
Sathvik Sethi,6,1,0,1,1,0,0.0,LOW
Laban Ravel,6,1,0,1,1,0,0.0,LOW
Raagini Banerjee,6,1,0,1,1,0,0.0,LOW
Yahvi Kuruvilla,6,1,0,1,1,0,0.0,LOW
Tanmayi Bhatti,6,1,0,1,1,0,0.0,LOW
Avi Manda,6,1,0,1,1,0,0.0,LOW
Aditya Naidu,6,1,0,1,1,0,0.0,LOW
Anvi Mohanty,6,1,0,1,1,0,0.0,LOW
Isaiah Srinivasan,6,1,0,1,1,0,0.0,LOW
Nachiket Bhakta,6,1,0,1,1,0,0.0,LOW
Jackson Krishna,6,1,0,1,1,0,0.0,LOW
Jagat Sekhon,6,1,0,1,1,0,0.0,LOW
Shravya Tara,6,1,0,1,1,0,0.0,LOW
Ira Dhaliwal,6,1,0,1,1,0,0.0,LOW
Viraj Subramaniam,6,1,0,1,1,0,0.0,LOW
Thomas Nayak,6,1,0,1,1,0,0.0,LOW
Aditya Gaba,6,1,0,1,1,0,0.0,LOW
Patrick Bhatnagar,6,1,0,1,1,0,0.0,LOW
Rudra Walla,6,1,0,1,1,0,0.0,LOW
Nandini Sethi,6,1,0,1,1,0,0.0,LOW
Widisha Mohanty,6,1,0,1,1,0,0.0,LOW
Fitan Tailor,6,1,0,1,1,0,0.0,LOW
Abeer Sarma,6,1,0,1,1,0,0.0,LOW
Owen Sood,6,1,0,1,1,0,0.0,LOW
Laksh Dixit,6,1,0,1,1,0,0.0,LOW
Bishakha Om,6,1,0,1,1,0,0.0,LOW
Hritik Shah,6,1,0,1,1,0,0.0,LOW
Irya Sandhu,6,1,0,1,1,0,0.0,LOW
Amrita Pai,6,1,0,1,1,0,0.0,LOW
Upadhriti Bakshi,6,1,0,1,1,0,0.0,LOW
Umang Sane,6,1,0,1,1,0,0.0,LOW
Aarnav Bandi,6,1,0,1,1,0,0.0,LOW
Utkarsh Kala,6,1,0,1,1,0,0.0,LOW
Vihaan Pau,6,1,0,1,1,0,0.0,LOW
Megha Majumdar,6,1,0,1,1,0,0.0,LOW
Ekanta Rattan,6,1,0,1,1,0,0.0,LOW
Jacob Mangat,6,1,0,1,1,0,0.0,LOW
Aarini Varughese,6,1,0,1,1,0,0.0,LOW
Yatan Das,6,1,0,1,1,0,0.0,LOW
Netra Agate,6,1,0,1,1,0,0.0,LOW
Raagini Ratta,6,1,0,1,1,0,0.0,LOW
Meera Chatterjee,6,1,0,1,1,0,0.0,LOW
Qarin Shetty,6,1,0,1,1,0,0.0,LOW
Ekantika Pillay,6,1,0,1,1,0,0.0,LOW
Jonathan Mammen,6,1,0,1,1,0,0.0,LOW
Dipta Khanna,6,1,0,1,1,0,0.0,LOW
Warjas Raju,6,1,0,1,1,0,0.0,LOW
Vedant Kamdar,6,1,0,1,1,0,0.0,LOW
Aarush Gera,6,1,0,1,1,0,0.0,LOW
Falak Nayar,6,1,0,1,1,0,0.0,LOW
Sudiksha Mitra,6,1,0,1,1,0,0.0,LOW
Suhani Wadhwa,6,1,0,1,1,0,0.0,LOW
Anjali Tata,6,1,0,1,1,0,0.0,LOW
Tristan Pillai,6,1,0,1,1,0,0.0,LOW
Mohini Kala,6,1,0,1,1,0,0.0,LOW
Lopa Kata,6,1,0,1,1,0,0.0,LOW
Gayathri Bera,6,1,0,1,1,0,0.0,LOW
Urishilla Puri,6,1,0,1,1,0,0.0,LOW
Amrita Mishra,6,1,0,1,1,0,0.0,LOW
Vasatika Dhar,6,1,0,1,1,0,0.0,LOW
Bachittar Tailor,6,1,0,1,1,0,0.0,LOW
Riya Madan,6,1,0,1,1,0,0.0,LOW
Devika Biswas,6,1,0,1,1,0,0.0,LOW
Ayush Oommen,6,1,0,1,1,0,0.0,LOW
Netra Balay,6,1,0,1,1,0,0.0,LOW
Tanmayi Dada,6,1,0,1,1,0,0.0,LOW
Kritika Sethi,6,1,0,1,1,0,0.0,LOW
Oviya Nayar,6,1,0,1,1,0,0.0,LOW
Yuvraj Bhargava,6,1,0,1,1,0,0.0,LOW
Hemang Manda,6,1,0,1,1,0,0.0,LOW
Daksha Chandran,6,1,0,1,1,0,0.0,LOW
Kritika Guha,6,1,0,1,1,0,0.0,LOW
Charvi Choudhary,6,1,0,1,1,0,0.0,LOW
Anvi Devi,6,1,0,1,1,0,0.0,LOW
Anita Rastogi,6,1,0,1,1,0,0.0,LOW
Warhi Srinivasan,6,1,0,1,1,0,0.0,LOW
Anmol Bandi,6,1,0,1,1,0,0.0,LOW
Anirudh Jhaveri,6,1,0,1,1,0,0.0,LOW
Imaran Warrior,6,1,0,1,1,0,0.0,LOW
Siddharth Dutt,6,1,0,1,1,0,0.0,LOW
Ladli Narayanan,6,1,0,1,1,0,0.0,LOW
Hitesh Kala,6,1,0,1,1,0,0.0,LOW
Shivani Sarraf,6,1,0,1,1,0,0.0,LOW
Tristan Mallick,6,1,0,1,1,0,0.0,LOW
Yashasvi Bhatia,6,1,0,1,1,0,0.0,LOW
Umang Dey,6,1,0,1,1,0,0.0,LOW
Balendra Dugar,6,1,0,1,1,0,0.0,LOW
Leena Solanki,6,1,0,1,1,0,0.0,LOW
Hemani Om,6,1,0,1,1,0,0.0,LOW
Hamsini Sekhon,6,1,0,1,1,0,0.0,LOW
Devansh Wali,6,1,0,1,1,0,0.0,LOW
Lavanya Kalita,6,1,0,1,1,0,0.0,LOW
Gagan Issac,6,1,0,1,1,0,0.0,LOW
Gopal Sankaran,6,1,0,1,1,0,0.0,LOW
Rayaan Natarajan,6,1,0,1,1,0,0.0,LOW
Vamakshi Toor,6,1,0,1,1,0,0.0,LOW
Anmol Badami,6,1,0,1,1,0,0.0,LOW
Jacob Sant,6,1,0,1,1,0,0.0,LOW
Bhavika Swaminathan,6,1,0,1,1,0,0.0,LOW
Veer Goda,6,1,0,1,1,0,0.0,LOW
Mohini Pathak,6,1,0,1,1,0,0.0,LOW
Neel Sur,6,1,0,1,1,0,0.0,LOW
Bhavya Varkey,6,1,0,1,1,0,0.0,LOW
Fiyaz Barad,6,1,0,1,1,0,0.0,LOW
Ekaja Narayan,6,1,0,1,1,0,0.0,LOW
Tanay Brar,6,1,0,1,1,0,0.0,LOW
Akshay Loyal,6,1,0,1,1,0,0.0,LOW
Alka Grewal,6,1,0,1,1,0,0.0,LOW
Noah Chakraborty,6,1,0,1,1,0,0.0,LOW
Ekaraj Chad,6,1,0,1,1,0,0.0,LOW
Jeevika Rana,6,1,0,1,1,0,0.0,LOW
Alexander Tella,6,1,0,1,1,0,0.0,LOW
Sai Sanghvi,6,1,0,1,1,0,0.0,LOW
Chaitaly Radhakrishnan,6,1,0,1,1,0,0.0,LOW
Baljiwan Pingle,6,1,0,1,1,0,0.0,LOW
Januja Mani,6,1,0,1,1,0,0.0,LOW
Charita Golla,6,1,0,1,1,0,0.0,LOW
Ekantika Date,6,1,0,1,1,0,0.0,LOW
Ikbal Patla,6,1,0,1,1,0,0.0,LOW
Ati Kamdar,6,1,0,1,1,0,0.0,LOW
Kashvi Hans,6,1,0,1,1,0,0.0,LOW
Turvi Jaggi,6,1,0,1,1,0,0.0,LOW
Ekaraj Peri,6,1,0,1,1,0,0.0,LOW
Nitesh Ramakrishnan,6,1,0,1,1,0,0.0,LOW
Nathaniel Mody,6,1,0,1,1,0,0.0,LOW
Yashica Suresh,6,1,0,1,1,0,0.0,LOW
Jackson Chatterjee,6,1,0,1,1,0,0.0,LOW
Anthony Vig,6,1,0,1,1,0,0.0,LOW
Lopa Khalsa,6,1,0,1,1,0,0.0,LOW
Ranbir Lala,6,1,0,1,1,0,0.0,LOW
Peter Kota,6,1,0,1,1,0,0.0,LOW
Upkaar Seth,6,1,0,1,1,0,0.0,LOW
Libni Brar,6,1,0,1,1,0,0.0,LOW
Jeremiah Andra,6,1,0,1,1,0,0.0,LOW
Anjali Srinivasan,6,1,0,1,1,0,0.0,LOW
Abha Srinivasan,6,1,0,1,1,0,0.0,LOW
Nidra Pingle,6,1,0,1,1,0,0.0,LOW
Bhanumati Bhalla,6,1,0,1,1,0,0.0,LOW
Ekiya Kaul,6,1,0,1,1,0,0.0,LOW
Bimala Gara,6,1,0,1,1,0,0.0,LOW
Ekanta Rajagopal,6,1,0,1,1,0,0.0,LOW
Rayaan Sandhu,6,1,0,1,1,0,0.0,LOW
Azad Ramachandran,6,1,0,1,1,0,0.0,LOW
Wazir Pau,6,1,0,1,1,0,0.0,LOW
Victor Purohit,6,1,0,1,1,0,0.0,LOW
Kala Srinivasan,6,1,0,1,1,0,0.0,LOW
Ranbir Doshi,6,1,0,1,1,0,0.0,LOW
Kritika Narayanan,6,1,0,1,1,0,0.0,LOW
Sanya Sura,6,1,0,1,1,0,0.0,LOW
Yatan Devi,6,1,0,1,1,0,0.0,LOW
Vritti Sood,6,1,0,1,1,0,0.0,LOW
Girish Suresh,6,1,0,1,1,0,0.0,LOW
Manbir Samra,6,1,0,1,1,0,0.0,LOW
Samaksh Lad,6,1,0,1,1,0,0.0,LOW
Jagat Patla,6,1,0,1,1,0,0.0,LOW
Tarak Parmar,6,1,0,1,1,0,0.0,LOW
Udarsh Chokshi,6,1,0,1,1,0,0.0,LOW
Jacob Prabhu,6,1,0,1,1,0,0.0,LOW
Advika Kannan,6,1,0,1,1,0,0.0,LOW
Falan De,6,1,0,1,1,0,0.0,LOW
Theodore Lall,6,1,0,1,1,0,0.0,LOW
Azaan Divan,6,1,0,1,1,0,0.0,LOW
Samuel Handa,6,1,0,1,1,0,0.0,LOW
Ishita Anand,6,1,0,1,1,0,0.0,LOW
Aditya Panchal,6,1,0,1,1,0,0.0,LOW
Tanay Jhaveri,6,1,0,1,1,0,0.0,LOW
Yamini Kamdar,6,1,0,1,1,0,0.0,LOW
Ekaraj Sur,6,1,0,1,1,0,0.0,LOW
Rushil Bhat,6,1,0,1,1,0,0.0,LOW
Hardik More,6,1,0,1,1,0,0.0,LOW
Shivani Jani,6,1,0,1,1,0,0.0,LOW
Nimrat Sant,6,1,0,1,1,0,0.0,LOW
Bhavna Savant,6,1,0,1,1,0,0.0,LOW
Raagini Varughese,6,1,0,1,1,0,0.0,LOW
Amruta More,6,1,0,1,1,0,0.0,LOW
Radha Dixit,6,1,0,1,1,0,0.0,LOW
Kala Mital,6,1,0,1,1,0,0.0,LOW
Nilima Iyer,6,1,0,1,1,0,0.0,LOW
Qabil Cherian,6,1,0,1,1,0,0.0,LOW
Vasatika Morar,6,1,0,1,1,0,0.0,LOW
Samarth Tandon,6,1,0,1,1,0,0.0,LOW
Reyansh Chandran,6,1,0,1,1,0,0.0,LOW
Hemani Raman,6,1,0,1,1,0,0.0,LOW
Yash Saha,6,1,0,1,1,0,0.0,LOW
Mitesh Wable,6,1,0,1,1,0,0.0,LOW
Reva Sinha,6,1,0,1,1,0,0.0,LOW
Darsh Kalita,6,1,0,1,1,0,0.0,LOW
Janani Choudhry,6,1,0,1,1,0,0.0,LOW
Advaith Mander,6,1,0,1,1,0,0.0,LOW
Megha Modi,6,1,0,1,1,0,0.0,LOW
Madhav Tata,6,1,0,1,1,0,0.0,LOW
Fariq Kara,6,1,0,1,1,0,0.0,LOW
Ekbal Sheth,6,1,0,1,1,0,0.0,LOW
Sai Aurora,6,1,0,1,1,0,0.0,LOW
Logan Kumer,6,1,0,1,1,0,0.0,LOW
Theodore Mohanty,6,1,0,1,1,0,0.0,LOW
Darsh Narula,6,1,0,1,1,0,0.0,LOW
Ekavir Jain,6,1,0,1,1,0,0.0,LOW
Ati Maharaj,6,1,0,1,1,0,0.0,LOW
Indira Sarma,6,1,0,1,1,0,0.0,LOW
Divya Bala,6,1,0,1,1,0,0.0,LOW
Pavani Nagar,6,1,0,1,1,0,0.0,LOW
Dominic Swaminathan,6,1,0,1,1,0,0.0,LOW
Harrison Nair,6,1,0,1,1,0,0.0,LOW
Samaksh Nori,6,1,0,1,1,0,0.0,LOW
Faras Naidu,6,1,0,1,1,0,0.0,LOW
Mohammed Khare,6,1,0,1,1,0,0.0,LOW
Bahadurjit Prashad,6,1,0,1,1,0,0.0,LOW
Nakul Ghosh,6,1,0,1,1,0,0.0,LOW
Sudiksha Saini,6,1,0,1,1,0,0.0,LOW
Peter Dyal,6,1,0,1,1,0,0.0,LOW
Jonathan Narayanan,6,1,0,1,1,0,0.0,LOW
Gaurika Pau,6,1,0,1,1,0,0.0,LOW
Dev Bhasin,6,1,0,1,1,0,0.0,LOW
Samaksh Mand,6,1,0,1,1,0,0.0,LOW
Chakradev Patla,6,1,0,1,1,0,0.0,LOW
Libni Mittal,6,1,0,1,1,0,0.0,LOW
Omaja Toor,6,1,0,1,1,0,0.0,LOW
Samuel Pai,6,1,0,1,1,0,0.0,LOW
Qadim More,6,1,0,1,1,0,0.0,LOW
Onveer Vohra,6,1,0,1,1,0,0.0,LOW
Udyati Wason,6,1,0,1,1,0,0.0,LOW
Xalak Jain,6,1,0,1,1,0,0.0,LOW
Bachittar Bajwa,6,1,0,1,1,0,0.0,LOW
Ubika Chhabra,6,1,0,1,1,0,0.0,LOW
Tanay Dasgupta,6,1,0,1,1,0,0.0,LOW
Hardik Walla,6,1,0,1,1,0,0.0,LOW
Tripti Iyengar,6,1,0,1,1,0,0.0,LOW
Advaith Singhal,6,1,0,1,1,0,0.0,LOW
Garima Chaudhuri,6,1,0,1,1,0,0.0,LOW
Qushi Kota,6,1,0,1,1,0,0.0,LOW
Girish Doctor,6,1,0,1,1,0,0.0,LOW
Dakshesh Puri,6,1,0,1,1,0,0.0,LOW
Zaid Sangha,6,1,0,1,1,0,0.0,LOW
Harshil Mander,6,1,0,1,1,0,0.0,LOW
Mitali Ramachandran,6,1,0,1,1,0,0.0,LOW
Indrajit Buch,6,1,0,1,1,0,0.0,LOW
Yasti Tella,6,1,0,1,1,0,0.0,LOW
Balveer Narayan,6,1,0,1,1,0,0.0,LOW
Vedhika Mishra,6,1,0,1,1,0,0.0,LOW
Isaac Nayak,6,1,0,1,1,0,0.0,LOW
Laban Chad,6,1,0,1,1,0,0.0,LOW
Imaran Dash,6,1,0,1,1,0,0.0,LOW
Warda Joshi,6,1,0,1,1,0,0.0,LOW
Udarsh Uppal,6,1,0,1,1,0,0.0,LOW
Matthew Guha,6,1,0,1,1,0,0.0,LOW
Hritik Salvi,6,1,0,1,1,0,0.0,LOW
Manbir Prashad,6,1,0,1,1,0,0.0,LOW
Nidhi Deo,6,1,0,1,1,0,0.0,LOW
Ishani Varghese,6,1,0,1,1,0,0.0,LOW
Rushil Arora,6,1,0,1,1,0,0.0,LOW
Nathan Bobal,6,1,0,1,1,0,0.0,LOW
Sathvik Raja,6,1,0,1,1,0,0.0,LOW
Kevin Gaba,6,1,0,1,1,0,0.0,LOW
Darsh Bath,6,1,0,1,1,0,0.0,LOW
Zehaan Radhakrishnan,6,1,0,1,1,0,0.0,LOW
Samarth Bir,6,1,0,1,1,0,0.0,LOW
Onveer Ratti,6,1,0,1,1,0,0.0,LOW
Barkha Sastry,6,1,0,1,1,0,0.0,LOW
William Bose,6,1,0,1,1,0,0.0,LOW
George Pal,6,1,0,1,1,0,0.0,LOW
Ranveer Loke,6,1,0,1,1,0,0.0,LOW
Jackson De,6,1,0,1,1,0,0.0,LOW
Vidhi Minhas,6,1,0,1,1,0,0.0,LOW
Urmi Basu,6,1,0,1,1,0,0.0,LOW
Amrita Minhas,6,1,0,1,1,0,0.0,LOW
Urmi Setty,6,1,0,1,1,0,0.0,LOW
Vedika Palla,6,1,0,1,1,0,0.0,LOW
Ria Vohra,6,1,0,1,1,0,0.0,LOW
Saanvi Raju,6,1,0,1,1,0,0.0,LOW
Osha Hegde,6,1,0,1,1,0,0.0,LOW
Faqid Dara,6,1,0,1,1,0,0.0,LOW
Ishanvi Mukherjee,6,1,0,1,1,0,0.0,LOW
Guneet Devi,6,1,0,1,1,0,0.0,LOW
Yashoda Kar,6,1,0,1,1,0,0.0,LOW
Inaya Sarin,6,1,0,1,1,0,0.0,LOW
Michael Kunda,6,1,0,1,1,0,0.0,LOW
Odika Ratta,6,1,0,1,1,0,0.0,LOW
Reyansh Sodhi,6,1,0,1,1,0,0.0,LOW
Damyanti Ratta,6,1,0,1,1,0,0.0,LOW
Devika Natarajan,6,1,0,1,1,0,0.0,LOW
Bhavika Lal,6,1,0,1,1,0,0.0,LOW
Hemani Vaidya,6,1,0,1,1,0,0.0,LOW
Naksh Arora,6,1,0,1,1,0,0.0,LOW
Nimrat Wali,6,1,0,1,1,0,0.0,LOW
Harshil Walla,6,1,0,1,1,0,0.0,LOW
Siddharth Purohit,6,1,0,1,1,0,0.0,LOW
Yug Chakraborty,6,1,0,1,1,0,0.0,LOW
George Buch,6,1,0,1,1,0,0.0,LOW
Rishi Korpal,6,1,0,1,1,0,0.0,LOW
Megha Saraf,6,1,0,1,1,0,0.0,LOW
Aryan Kant,6,1,0,1,1,0,0.0,LOW
Odika Gopal,6,1,0,1,1,0,0.0,LOW
Nihal Buch,6,1,0,1,1,0,0.0,LOW
Faqid Agate,6,1,0,1,1,0,0.0,LOW
Ishaan Din,6,1,0,1,1,0,0.0,LOW
Wakeeta Das,6,1,0,1,1,0,0.0,LOW
Hemang Venkatesh,6,1,0,1,1,0,0.0,LOW
Tanish Ray,6,1,0,1,1,0,0.0,LOW
Lekha Nori,6,1,0,1,1,0,0.0,LOW
Vamakshi Raja,6,1,0,1,1,0,0.0,LOW
Hredhaan Sani,6,1,0,1,1,0,0.0,LOW
Ranbir Dua,6,1,0,1,1,0,0.0,LOW
Ekansh Khare,6,1,0,1,1,0,0.0,LOW
Aahana Setty,6,1,0,1,1,0,0.0,LOW
Zinal Balan,6,1,0,1,1,0,0.0,LOW
Bhavna Rajagopal,6,1,0,1,1,0,0.0,LOW
Wahab Pathak,6,1,0,1,1,0,0.0,LOW
Elijah Majumdar,6,1,0,1,1,0,0.0,LOW
Kabir Amble,6,1,0,1,1,0,0.0,LOW
Prisha Karan,6,1,0,1,1,0,0.0,LOW
Leena Sarkar,6,1,0,1,1,0,0.0,LOW
Utkarsh Mammen,6,1,0,1,1,0,0.0,LOW
Jackson Balasubramanian,6,1,0,1,1,0,0.0,LOW
Champak Anand,6,1,0,1,1,0,0.0,LOW
Nakul Kota,6,1,0,1,1,0,0.0,LOW
Teerth Swamy,6,1,0,1,1,0,0.0,LOW
Atharv Prasad,6,1,0,1,1,0,0.0,LOW
Idika Atwal,6,1,0,1,1,0,0.0,LOW
Pushti Shankar,6,1,0,1,1,0,0.0,LOW
Jairaj Luthra,6,1,0,1,1,0,0.0,LOW
Wridesh Parmar,6,1,0,1,1,0,0.0,LOW
Vivaan Karpe,6,1,0,1,1,0,0.0,LOW
Vyanjana Arora,6,1,0,1,1,0,0.0,LOW
Laban Ahuja,6,1,0,1,1,0,0.0,LOW
Tejas Thakkar,6,1,0,1,1,0,0.0,LOW
Chaitanya Sood,6,1,0,1,1,0,0.0,LOW
Yochana Bedi,6,1,0,1,1,0,0.0,LOW
Warinder Bumb,6,1,0,1,1,0,0.0,LOW
Kamya Jaggi,6,1,0,1,1,0,0.0,LOW
Samar Goda,6,1,0,1,1,0,0.0,LOW
Avni Som,6,1,0,1,1,0,0.0,LOW
Ekansh Devan,6,1,0,1,1,0,0.0,LOW
Waida Bali,6,1,0,1,1,0,0.0,LOW
Zarna Dugar,6,1,0,1,1,0,0.0,LOW
Rohan Tiwari,6,1,0,1,1,0,0.0,LOW
Falak Ahuja,6,1,0,1,1,0,0.0,LOW
Faris Mishra,6,1,0,1,1,0,0.0,LOW
Warda Patla,6,1,0,1,1,0,0.0,LOW
Logan Chadha,6,1,0,1,1,0,0.0,LOW
Gagan Dalal,6,1,0,1,1,0,0.0,LOW
Ayush Manne,6,1,0,1,1,0,0.0,LOW
Ansh Chana,6,1,0,1,1,0,0.0,LOW
Bina Rau,6,1,0,1,1,0,0.0,LOW
Gautami Rajan,6,1,0,1,1,0,0.0,LOW
Damyanti Varkey,6,1,0,1,1,0,0.0,LOW
Arya Halder,6,1,0,1,1,0,0.0,LOW
Upasna Patil,6,1,0,1,1,0,0.0,LOW
Harshil Ahluwalia,6,1,0,1,1,0,0.0,LOW
Avni Das,6,1,0,1,1,0,0.0,LOW
Shaurya Balasubramanian,6,1,0,1,1,0,0.0,LOW
Eiravati Suri,6,1,0,1,1,0,0.0,LOW
Maanav Kade,6,1,0,1,1,0,0.0,LOW
Unni Seshadri,6,1,0,1,1,0,0.0,LOW
Chatresh Yogi,6,1,0,1,1,0,0.0,LOW
Teerth Dasgupta,6,1,0,1,1,0,0.0,LOW
Devansh Munshi,6,1,0,1,1,0,0.0,LOW
Jeevika Char,6,1,0,1,1,0,0.0,LOW
Ekantika Mital,6,1,0,1,1,0,0.0,LOW
Charita Rege,6,1,0,1,1,0,0.0,LOW
Saumya Pall,6,1,0,1,1,0,0.0,LOW
Tara More,6,1,0,1,1,0,0.0,LOW
Chameli Dugar,6,1,0,1,1,0,0.0,LOW
Janaki Sachdeva,6,1,0,1,1,0,0.0,LOW
Balhaar Rama,6,1,0,1,1,0,0.0,LOW
Balveer Garde,6,1,0,1,1,0,0.0,LOW
Charvi Nori,6,1,0,1,1,0,0.0,LOW
Oliver Srivastava,6,1,0,1,1,0,0.0,LOW
Umang Lad,6,1,0,1,1,0,0.0,LOW
Henry Lal,6,1,0,1,1,0,0.0,LOW
Fiyaz Saran,6,1,0,1,1,0,0.0,LOW
Viraj Nanda,6,1,0,1,1,0,0.0,LOW
Matthew Rastogi,6,1,0,1,1,0,0.0,LOW
Varenya Ratta,6,1,0,1,1,0,0.0,LOW
Manbir Char,6,1,0,1,1,0,0.0,LOW
Abeer Mahajan,6,1,0,1,1,0,0.0,LOW
Isaac Sagar,6,1,0,1,1,0,0.0,LOW
Pranit Pandya,6,1,0,1,1,0,0.0,LOW
Aarna Sarna,6,1,0,1,1,0,0.0,LOW
Sanaya Sandal,6,1,0,1,1,0,0.0,LOW
Triveni Bandi,6,1,0,1,1,0,0.0,LOW
Pavani Halder,6,1,0,1,1,0,0.0,LOW
Zaid Wali,6,1,0,1,1,0,0.0,LOW
Gagan Shenoy,6,1,0,1,1,0,0.0,LOW
Geetika Modi,6,1,0,1,1,0,0.0,LOW
Ranbir Das,6,1,0,1,1,0,0.0,LOW
Zaitra Acharya,6,1,0,1,1,0,0.0,LOW
Girish Baral,6,1,0,1,1,0,0.0,LOW
Siddharth Andra,6,1,0,1,1,0,0.0,LOW
Yatan Sastry,6,1,0,1,1,0,0.0,LOW
Panini Ratta,6,1,0,1,1,0,0.0,LOW
Zaitra Bir,6,1,0,1,1,0,0.0,LOW
Zinal Goda,6,1,0,1,1,0,0.0,LOW
Odika Mahal,6,1,0,1,1,0,0.0,LOW
Tarak Kuruvilla,6,1,0,1,1,0,0.0,LOW
Jack Jani,6,1,0,1,1,0,0.0,LOW
Balendra Sehgal,6,1,0,1,1,0,0.0,LOW
Sanaya Lata,6,1,0,1,1,0,0.0,LOW
Damini Naidu,6,1,0,1,1,0,0.0,LOW
Zinal Chhabra,6,1,0,1,1,0,0.0,LOW
Pavani Ravi,6,1,0,1,1,0,0.0,LOW
Nitara Sarin,6,1,0,1,1,0,0.0,LOW
Yochana Mani,6,1,0,1,1,0,0.0,LOW
Urvi Khanna,6,1,0,1,1,0,0.0,LOW
Chakradhar Chandran,6,1,0,1,1,0,0.0,LOW
Fitan Deol,6,1,0,1,1,0,0.0,LOW
Yashasvi Parikh,6,1,0,1,1,0,0.0,LOW
Theodore Natt,6,1,0,1,1,0,0.0,LOW
Ladli Kadakia,6,1,0,1,1,0,0.0,LOW
Zaitra Venkatesh,6,1,0,1,1,0,0.0,LOW
Ridhi Sehgal,6,1,0,1,1,0,0.0,LOW
Ethan Yogi,6,1,0,1,1,0,0.0,LOW
Shravya Ghose,6,1,0,1,1,0,0.0,LOW
Tarak Bhasin,6,1,0,1,1,0,0.0,LOW
Thomas Sinha,6,1,0,1,1,0,0.0,LOW
Wakeeta Borra,6,1,0,1,1,0,0.0,LOW
Amrita Goswami,6,1,0,1,1,0,0.0,LOW
Parth Wagle,6,1,0,1,1,0,0.0,LOW
Ishita Bumb,6,1,0,1,1,0,0.0,LOW
Urmi Divan,6,1,0,1,1,0,0.0,LOW
Ishaan Iyer,6,1,0,1,1,0,0.0,LOW
Forum Bhakta,6,1,0,1,1,0,0.0,LOW
Xavier Pant,6,1,0,1,1,0,0.0,LOW
Megha Tiwari,6,1,0,1,1,0,0.0,LOW
Zehaan Hari,6,1,0,1,1,0,0.0,LOW
Yuvraj Dube,6,1,0,1,1,0,0.0,LOW
Ekiya Saraf,6,1,0,1,1,0,0.0,LOW
Ranbir Sathe,6,1,0,1,1,0,0.0,LOW
Bhavna Sarraf,6,1,0,1,1,0,0.0,LOW
Dhruv Mody,6,1,0,1,1,0,0.0,LOW
Urvashi Saxena,6,1,0,1,1,0,0.0,LOW
Luke Palla,6,1,0,1,1,0,0.0,LOW
Jagrati Nair,6,1,0,1,1,0,0.0,LOW
Dhriti Vohra,6,1,0,1,1,0,0.0,LOW
Yashasvi Chaudhuri,6,1,0,1,1,0,0.0,LOW
Diya Dass,6,1,0,1,1,0,0.0,LOW
Osha Nair,6,1,0,1,1,0,0.0,LOW
Advik Nagar,6,1,0,1,1,0,0.0,LOW
Lila De,6,1,0,1,1,0,0.0,LOW
Ranbir Morar,6,1,0,1,1,0,0.0,LOW
Udyati Chokshi,6,1,0,1,1,0,0.0,LOW
Ayush Parikh,6,1,0,1,1,0,0.0,LOW
Arin Venkatesh,6,1,0,1,1,0,0.0,LOW
Rajeshri Gour,6,1,0,1,1,0,0.0,LOW
Nidra Bhargava,6,1,0,1,1,0,0.0,LOW
Triya Chopra,6,1,0,1,1,0,0.0,LOW
Kabir Tara,6,1,0,1,1,0,0.0,LOW
Bachittar Mangal,6,1,0,1,1,0,0.0,LOW
Gauri Sehgal,6,1,0,1,1,0,0.0,LOW
Qarin Gade,6,1,0,1,1,0,0.0,LOW
Caleb Sunder,6,1,0,1,1,0,0.0,LOW
Veer Reddy,6,1,0,1,1,0,0.0,LOW
Saksham Puri,6,1,0,1,1,0,0.0,LOW
Bhanumati Issac,6,1,0,1,1,0,0.0,LOW
Oviya Raj,6,1,0,1,1,0,0.0,LOW
Jagat Rana,6,1,0,1,1,0,0.0,LOW
Upasna Chander,6,1,0,1,1,0,0.0,LOW
Mahika Sabharwal,6,1,0,1,1,0,0.0,LOW
Ikbal Rajagopal,6,1,0,1,1,0,0.0,LOW
Divya Misra,6,1,0,1,1,0,0.0,LOW
Anjali Keer,6,1,0,1,1,0,0.0,LOW
Avni Sahni,6,1,0,1,1,0,0.0,LOW
Hardik Patla,6,1,0,1,1,0,0.0,LOW
Hritik Merchant,6,1,0,1,1,0,0.0,LOW
Abhimanyu Desai,6,1,0,1,1,0,0.0,LOW
Anusha Lall,6,1,0,1,1,0,0.0,LOW
Simon Suresh,6,1,0,1,1,0,0.0,LOW
Deepa Hari,6,1,0,1,1,0,0.0,LOW
Lekha Karan,6,1,0,1,1,0,0.0,LOW
Shivani Shenoy,6,1,0,1,1,0,0.0,LOW
Pushti Krishnamurthy,6,1,0,1,1,0,0.0,LOW
Wakeeta Savant,6,1,0,1,1,0,0.0,LOW
Baghyawati Prabhu,6,1,0,1,1,0,0.0,LOW
Harrison Savant,6,1,0,1,1,0,0.0,LOW
Mekhala Bhasin,6,1,0,1,1,0,0.0,LOW
Devansh Dua,6,1,0,1,1,0,0.0,LOW
Ishanvi Narain,6,1,0,1,1,0,0.0,LOW
Nicholas Wadhwa,6,1,0,1,1,0,0.0,LOW
Dipta Randhawa,6,1,0,1,1,0,0.0,LOW
Ansh Chawla,6,1,0,1,1,0,0.0,LOW
Harsh Oak,6,1,0,1,1,0,0.0,LOW
Tanvi Taneja,6,1,0,1,1,0,0.0,LOW
Panini Sharma,6,1,0,1,1,0,0.0,LOW
Orinder Shetty,6,1,0,1,1,0,0.0,LOW
Urishilla Guha,6,1,0,1,1,0,0.0,LOW
Warda Thaman,6,1,0,1,1,0,0.0,LOW
Gaurang Madan,6,1,0,1,1,0,0.0,LOW
Vamakshi Wason,6,1,0,1,1,0,0.0,LOW
Anay Kanda,6,1,0,1,1,0,0.0,LOW
Nidra Dara,6,1,0,1,1,0,0.0,LOW
Keya Prasad,6,1,0,1,1,0,0.0,LOW
Shaurya Sharma,6,1,0,1,1,0,0.0,LOW
Aadi Bhavsar,6,1,0,1,1,0,0.0,LOW
Hema Prashad,6,1,0,1,1,0,0.0,LOW
Prisha Amble,6,1,0,1,1,0,0.0,LOW
Varsha Yogi,6,1,0,1,1,0,0.0,LOW
Idika Kurian,6,1,0,1,1,0,0.0,LOW
Hemani Khanna,6,1,0,1,1,0,0.0,LOW
Daksh Deo,6,1,0,1,1,0,0.0,LOW
Urvi Mistry,6,1,0,1,1,0,0.0,LOW
Vihaan Sachar,6,1,0,1,1,0,0.0,LOW
Udant Varma,6,1,0,1,1,0,0.0,LOW
Zehaan Sama,6,1,0,1,1,0,0.0,LOW
Timothy Sawhney,6,1,0,1,1,0,0.0,LOW
Jatin Yadav,6,1,0,1,1,0,0.0,LOW
Baljiwan Nadkarni,6,1,0,1,1,0,0.0,LOW
Utkarsh Kurian,6,1,0,1,1,0,0.0,LOW
Warjas Bajaj,6,1,0,1,1,0,0.0,LOW
Meera Patla,6,1,0,1,1,0,0.0,LOW
Dev Kothari,6,1,0,1,1,0,0.0,LOW
Hardik Char,6,1,0,1,1,0,0.0,LOW
Urmi Sarkar,6,1,0,1,1,0,0.0,LOW
Ekalinga Nagi,6,1,0,1,1,0,0.0,LOW
Harita Tailor,6,1,0,1,1,0,0.0,LOW
Ranbir Balasubramanian,6,1,0,1,1,0,0.0,LOW
Ekani Behl,6,1,0,1,1,0,0.0,LOW
Nitesh Rajagopalan,6,1,0,1,1,0,0.0,LOW
Utkarsh Majumdar,6,1,0,1,1,0,0.0,LOW
Max Borde,6,1,0,1,1,0,0.0,LOW
Sara Oak,6,1,0,1,1,0,0.0,LOW
Om Balasubramanian,6,1,0,1,1,0,0.0,LOW
Nidhi Loke,6,1,0,1,1,0,0.0,LOW
Darsh Mander,6,1,0,1,1,0,0.0,LOW
Unni Sampath,6,1,0,1,1,0,0.0,LOW
Aachal Grover,6,1,0,1,1,0,0.0,LOW
Jagrati Bhakta,6,1,0,1,1,0,0.0,LOW
Priya Khanna,6,1,0,1,1,0,0.0,LOW
Lopa Nagar,6,1,0,1,1,0,0.0,LOW
Upadhriti Rai,6,1,0,1,1,0,0.0,LOW
Chandresh Chakraborty,6,1,0,1,1,0,0.0,LOW
Jonathan Sawhney,6,1,0,1,1,0,0.0,LOW
Dalbir Gour,6,1,0,1,1,0,0.0,LOW
Nisha Mishra,6,1,0,1,1,0,0.0,LOW
Darsh Balan,6,1,0,1,1,0,0.0,LOW
Chavvi Sharma,6,1,0,1,1,0,0.0,LOW
Tarak Vyas,6,1,0,1,1,0,0.0,LOW
Saumya Bhalla,6,1,0,1,1,0,0.0,LOW
Nidhi Mutti,6,1,0,1,1,0,0.0,LOW
Lila Verma,6,1,0,1,1,0,0.0,LOW
Amrita Jani,6,1,0,1,1,0,0.0,LOW
Wazir Sura,6,1,0,1,1,0,0.0,LOW
Yutika Ratta,6,1,0,1,1,0,0.0,LOW
Yachana Sood,6,1,0,1,1,0,0.0,LOW
Hemani Chaudhari,6,1,0,1,1,0,0.0,LOW
Pallavi Venkatesh,6,1,0,1,1,0,0.0,LOW
Mahika Sami,6,1,0,1,1,0,0.0,LOW
Balveer Sahota,6,1,0,1,1,0,0.0,LOW
Balveer Mall,6,1,0,1,1,0,0.0,LOW
Aahana Sandhu,6,1,0,1,1,0,0.0,LOW
Oeshi Grewal,6,1,0,1,1,0,0.0,LOW
Widisha Pau,6,1,0,1,1,0,0.0,LOW
Utkarsh Ganesan,6,1,0,1,1,0,0.0,LOW
Udyati Walia,6,1,0,1,1,0,0.0,LOW
Chandani Buch,6,1,0,1,1,0,0.0,LOW
Ubika Sangha,6,1,0,1,1,0,0.0,LOW
Aarna Chakraborty,6,1,0,1,1,0,0.0,LOW
Ekiya Balakrishnan,6,1,0,1,1,0,0.0,LOW
Neha Krishnan,6,1,0,1,1,0,0.0,LOW
Reyansh Sengupta,6,1,0,1,1,0,0.0,LOW
Rajata Yohannan,6,1,0,1,1,0,0.0,LOW
Waida Chad,6,1,0,1,1,0,0.0,LOW
Ikshita Lal,6,1,0,1,1,0,0.0,LOW
Ishani Lanka,6,1,0,1,1,0,0.0,LOW
Madhav Misra,6,1,0,1,1,0,0.0,LOW
Anusha Venkatesh,6,1,0,1,1,0,0.0,LOW
Anthony Mani,6,1,0,1,1,0,0.0,LOW
Vyanjana Agate,6,1,0,1,1,0,0.0,LOW
Raksha Deep,6,1,0,1,1,0,0.0,LOW
Gaurangi Dada,6,1,0,1,1,0,0.0,LOW
Nathaniel Agarwal,6,1,0,1,1,0,0.0,LOW
Irya Misra,6,1,0,1,1,0,0.0,LOW
Waida Oommen,6,1,0,1,1,0,0.0,LOW
Champak Behl,6,1,0,1,1,0,0.0,LOW
Jonathan Ahuja,6,1,0,1,1,0,0.0,LOW
Chaitanya Thakkar,6,1,0,1,1,0,0.0,LOW
Balendra Verma,6,1,0,1,1,0,0.0,LOW
Avni Subramaniam,6,1,0,1,1,0,0.0,LOW
Vivaan Pandya,6,1,0,1,1,0,0.0,LOW
Harita Chakrabarti,6,1,0,1,1,0,0.0,LOW
Jack Manda,6,1,0,1,1,0,0.0,LOW
Hamsini Rau,6,1,0,1,1,0,0.0,LOW
Tanay Sidhu,6,1,0,1,1,0,0.0,LOW
Harinakshi Warrior,6,1,0,1,1,0,0.0,LOW
Jalsa Ramesh,6,1,0,1,1,0,0.0,LOW
Manbir Chacko,6,1,0,1,1,0,0.0,LOW
Bhanumati Kalla,6,1,0,1,1,0,0.0,LOW
Benjamin Koshy,6,1,0,1,1,0,0.0,LOW
Vasana Rajagopal,6,1,0,1,1,0,0.0,LOW
Gaurang Majumdar,6,1,0,1,1,0,0.0,LOW
Jalsa Sant,6,1,0,1,1,0,0.0,LOW
Sanaya Mander,6,1,0,1,1,0,0.0,LOW
Gavin Dar,6,1,0,1,1,0,0.0,LOW
Tarak Pandey,6,1,0,1,1,0,0.0,LOW
Nitesh Baral,6,1,0,1,1,0,0.0,LOW
Gaurangi Om,6,1,0,1,1,0,0.0,LOW
Praneel Dalal,6,1,0,1,1,0,0.0,LOW
Nathan Mani,6,1,0,1,1,0,0.0,LOW
Frederick Buch,6,1,0,1,1,0,0.0,LOW
Charvi Dar,6,1,0,1,1,0,0.0,LOW
Parth Madan,6,1,0,1,1,0,0.0,LOW
Zarna Sahni,6,1,0,1,1,0,0.0,LOW
Gagan Ahuja,6,1,0,1,1,0,0.0,LOW
Harrison Prasad,6,1,0,1,1,0,0.0,LOW
Arin Srinivas,6,1,0,1,1,0,0.0,LOW
Tanish Babu,6,1,0,1,1,0,0.0,LOW
Rayaan Garde,6,1,0,1,1,0,0.0,LOW
Rachit Karpe,6,1,0,1,1,0,0.0,LOW
Faras Jaggi,6,1,0,1,1,0,0.0,LOW
Pooja Pall,6,1,0,1,1,0,0.0,LOW
Ekansh Din,6,1,0,1,1,0,0.0,LOW
Balendra Sharaf,6,1,0,1,1,0,0.0,LOW
Ijaya Gola,6,1,0,1,1,0,0.0,LOW
Kala D’Alia,6,1,0,1,1,0,0.0,LOW
Krish Chana,6,1,0,1,1,0,0.0,LOW
Rehaan Gara,6,1,0,1,1,0,0.0,LOW
Shivansh Karnik,6,1,0,1,1,0,0.0,LOW
Hema Muni,6,1,0,1,1,0,0.0,LOW
Ridhi Raghavan,6,1,0,1,1,0,0.0,LOW
Baghyawati Agrawal,6,1,0,1,1,0,0.0,LOW
Gavin Sachdev,6,1,0,1,1,0,0.0,LOW
Udyati Sampath,6,1,0,1,1,0,0.0,LOW
Harish Prakash,6,1,0,1,1,0,0.0,LOW
Lakshit Keer,6,1,0,1,1,0,0.0,LOW
Dev Char,6,1,0,1,1,0,0.0,LOW
Vihaan Basak,6,1,0,1,1,0,0.0,LOW
Amol Dhingra,6,1,0,1,1,0,0.0,LOW
Gunbir Gade,6,1,0,1,1,0,0.0,LOW
Yashica Sundaram,6,1,0,1,1,0,0.0,LOW
Yamini Gola,6,1,0,1,1,0,0.0,LOW
Jasmit Wadhwa,6,1,0,1,1,0,0.0,LOW
Laksh Saraf,6,1,0,1,1,0,0.0,LOW
Gaurangi Mand,6,1,0,1,1,0,0.0,LOW
Anjali Rau,6,1,0,1,1,0,0.0,LOW
Jasmit Bahri,6,1,0,1,1,0,0.0,LOW
Imaran Gade,6,1,0,1,1,0,0.0,LOW
Rajata Sahni,6,1,0,1,1,0,0.0,LOW
Veda Apte,6,1,0,1,1,0,0.0,LOW
Alexander Mishra,6,1,0,1,1,0,0.0,LOW
Ishaan Sathe,6,1,0,1,1,0,0.0,LOW
Girik Tara,6,1,0,1,1,0,0.0,LOW
Laban Suri,6,1,0,1,1,0,0.0,LOW
Advik Karan,6,1,0,1,1,0,0.0,LOW
Zarna Comar,6,1,0,1,1,0,0.0,LOW
Dominic Chad,6,1,0,1,1,0,0.0,LOW
Nitara Madan,6,1,0,1,1,0,0.0,LOW
Jagat Mannan,6,1,0,1,1,0,0.0,LOW
Harrison Uppal,6,1,0,1,1,0,0.0,LOW
Atharv Dalal,6,1,0,1,1,0,0.0,LOW
Bachittar Wali,6,1,0,1,1,0,0.0,LOW
Falguni Bansal,6,1,0,1,1,0,0.0,LOW
Lakshmi Maharaj,6,1,0,1,1,0,0.0,LOW
Yashasvi Bhagat,6,1,0,1,1,0,0.0,LOW
Aayush Bhandari,6,1,0,1,1,0,0.0,LOW
Ekavir Bhatt,6,1,0,1,1,0,0.0,LOW
Ekalinga Mittal,6,1,0,1,1,0,0.0,LOW
Hemang Dugal,6,1,0,1,1,0,0.0,LOW
Lavanya Magar,6,1,0,1,1,0,0.0,LOW
Tejas Parsa,6,1,0,1,1,0,0.0,LOW
Yuvraj Sastry,6,1,0,1,1,0,0.0,LOW
Warinder Jhaveri,6,1,0,1,1,0,0.0,LOW
Geetika Venkataraman,6,1,0,1,1,0,0.0,LOW
Bhavya Vig,6,1,0,1,1,0,0.0,LOW
Fariq Tailor,6,1,0,1,1,0,0.0,LOW
Raghav Virk,6,1,0,1,1,0,0.0,LOW
Yoshita Karnik,6,1,0,1,1,0,0.0,LOW
Sai Iyengar,6,1,0,1,1,0,0.0,LOW
Praneel Atwal,6,1,0,1,1,0,0.0,LOW
Samaksh Sood,6,1,0,1,1,0,0.0,LOW
Isha Krishnan,6,1,0,1,1,0,0.0,LOW
Oscar Kannan,6,1,0,1,1,0,0.0,LOW
Megha Behl,6,1,0,1,1,0,0.0,LOW
Ayush Singhal,6,1,0,1,1,0,0.0,LOW
Ishaan Golla,6,1,0,1,1,0,0.0,LOW
Janani Puri,6,1,0,1,1,0,0.0,LOW
Ekaraj Acharya,6,1,0,1,1,0,0.0,LOW
Zayyan Buch,6,1,0,1,1,0,0.0,LOW
Kabir Patla,6,1,0,1,1,0,0.0,LOW
Andrew Rattan,6,1,0,1,1,0,0.0,LOW
Avni Jain,6,1,0,1,1,0,0.0,LOW
Zayan Vala,6,1,0,1,1,0,0.0,LOW
Bakhshi Kamdar,6,1,0,1,1,0,0.0,LOW
Ekbal Rout,6,1,0,1,1,0,0.0,LOW
Zarna Sachdeva,6,1,0,1,1,0,0.0,LOW
Sathvik Tiwari,6,1,0,1,1,0,0.0,LOW
Damyanti Gaba,6,1,0,1,1,0,0.0,LOW
Omaja Devan,6,1,0,1,1,0,0.0,LOW
Reyansh Goel,6,1,0,1,1,0,0.0,LOW
Ishanvi Sarraf,6,1,0,1,1,0,0.0,LOW
Bhavani Grewal,6,1,0,1,1,0,0.0,LOW
Aryan Jayaraman,6,1,0,1,1,0,0.0,LOW
Hardik Sant,6,1,0,1,1,0,0.0,LOW
Hredhaan Datta,6,1,0,1,1,0,0.0,LOW
Utkarsh Narain,6,1,0,1,1,0,0.0,LOW
Maya Sridhar,6,1,0,1,1,0,0.0,LOW
Hredhaan Bir,6,1,0,1,1,0,0.0,LOW
Charita More,6,1,0,1,1,0,0.0,LOW
Utkarsh Mistry,6,1,0,1,1,0,0.0,LOW
Chameli Comar,6,1,0,1,1,0,0.0,LOW
Lucky Mital,6,1,0,1,1,0,0.0,LOW
Adweta Padmanabhan,6,1,0,1,1,0,0.0,LOW
Finn Doshi,6,1,0,1,1,0,0.0,LOW
Lila Rattan,6,1,0,1,1,0,0.0,LOW
Hemang Arya,6,1,0,1,1,0,0.0,LOW
Pranit Kale,6,1,0,1,1,0,0.0,LOW
Ayushman Hora,6,1,0,1,1,0,0.0,LOW
Meera Murty,6,1,0,1,1,0,0.0,LOW
Ekiya Chaudhry,6,1,0,1,1,0,0.0,LOW
Atharv Radhakrishnan,6,1,0,1,1,0,0.0,LOW
Bhavani Din,6,1,0,1,1,0,0.0,LOW
Urishilla Om,6,1,0,1,1,0,0.0,LOW
Yug Tandon,6,1,0,1,1,0,0.0,LOW
Aryan Parsa,6,1,0,1,1,0,0.0,LOW
Aayush Banik,6,1,0,1,1,0,0.0,LOW
Dominic Viswanathan,6,1,0,1,1,0,0.0,LOW
Laban Loyal,6,1,0,1,1,0,0.0,LOW
Aachal Banik,6,1,0,1,1,0,0.0,LOW
Faris Walia,6,1,0,1,1,0,0.0,LOW
Yashasvi Deo,6,1,0,1,1,0,0.0,LOW
Yug Garde,6,1,0,1,1,0,0.0,LOW
Chaitaly Ben,6,1,0,1,1,0,0.0,LOW
Madhavi Din,6,1,0,1,1,0,0.0,LOW
Saanvi Ramachandran,6,1,0,1,1,0,0.0,LOW
Ekavir Vig,6,1,0,1,1,0,0.0,LOW
Vamakshi Bava,6,1,0,1,1,0,0.0,LOW
Sachi Dar,6,1,0,1,1,0,0.0,LOW
Zilmil Bajwa,6,1,0,1,1,0,0.0,LOW
Jai Mittal,6,1,0,1,1,0,0.0,LOW
Jeet Bali,6,1,0,1,1,0,0.0,LOW
Anika Konda,6,1,0,1,1,0,0.0,LOW
Faris Vora,6,1,0,1,1,0,0.0,LOW
Zayan Vig,6,1,0,1,1,0,0.0,LOW
Odika Dua,6,1,0,1,1,0,0.0,LOW
Yug Natt,6,1,0,1,1,0,0.0,LOW
Chandran Chaudry,6,1,0,1,1,0,0.0,LOW
Rachana Goda,6,1,0,1,1,0,0.0,LOW
Shaurya Kota,6,1,0,1,1,0,0.0,LOW
Charita Bhattacharyya,6,1,0,1,1,0,0.0,LOW
Leela Bir,6,1,0,1,1,0,0.0,LOW
Udant Chanda,6,1,0,1,1,0,0.0,LOW
Nisha Lala,6,1,0,1,1,0,0.0,LOW
Warinder Narayanan,6,1,0,1,1,0,0.0,LOW
Vedhika Chada,6,1,0,1,1,0,0.0,LOW
Radhika Jayaraman,6,1,0,1,1,0,0.0,LOW
Oni Borra,6,1,0,1,1,0,0.0,LOW
Gaurav Sami,6,1,0,1,1,0,0.0,LOW
Deepa Bhatnagar,6,1,0,1,1,0,0.0,LOW
Daniel Sankar,6,1,0,1,1,0,0.0,LOW
Nidhi De,6,1,0,1,1,0,0.0,LOW
Rachana Cherian,6,1,0,1,1,0,0.0,LOW
Praneel Comar,6,1,0,1,1,0,0.0,LOW
Avni Memon,6,1,0,1,1,0,0.0,LOW
Deepa Om,6,1,0,1,1,0,0.0,LOW
Libni Cherian,6,1,0,1,1,0,0.0,LOW
Krishna Chopra,6,1,0,1,1,0,0.0,LOW
Mohammed Arya,6,1,0,1,1,0,0.0,LOW
Jai Shukla,6,1,0,1,1,0,0.0,LOW
Bhanumati Kant,6,1,0,1,1,0,0.0,LOW
Gaurika Bumb,6,1,0,1,1,0,0.0,LOW
Yatin Lad,6,1,0,1,1,0,0.0,LOW
Rajata Mammen,6,1,0,1,1,0,0.0,LOW
Owen Deshmukh,6,1,0,1,1,0,0.0,LOW
Karan Kumer,6,1,0,1,1,0,0.0,LOW
Chasmum Sarin,6,1,0,1,1,0,0.0,LOW
Balendra Mahajan,6,1,0,1,1,0,0.0,LOW
Azaan Sarraf,6,1,0,1,1,0,0.0,LOW
Ijaya Soman,6,1,0,1,1,0,0.0,LOW
Anay Mangal,6,1,0,1,1,0,0.0,LOW
Raghav Jhaveri,6,1,0,1,1,0,0.0,LOW
Yatan Yadav,6,1,0,1,1,0,0.0,LOW
Nisha Kara,6,1,0,1,1,0,0.0,LOW
Zayyan Agate,6,1,0,1,1,0,0.0,LOW
Urvashi Menon,6,1,0,1,1,0,0.0,LOW
Falan Chandran,6,1,0,1,1,0,0.0,LOW
Tanay Khalsa,6,1,0,1,1,0,0.0,LOW
Saanvi Khatri,6,1,0,1,1,0,0.0,LOW
Chaaya Viswanathan,6,1,0,1,1,0,0.0,LOW
Abhiram Hayer,6,1,0,1,1,0,0.0,LOW
Netra Mohanty,6,1,0,1,1,0,0.0,LOW
Ladli Mallick,6,1,0,1,1,0,0.0,LOW
Rishi Koshy,6,1,0,1,1,0,0.0,LOW
Mugdha Swaminathan,6,1,0,1,1,0,0.0,LOW
Kalpit Dada,6,1,0,1,1,0,0.0,LOW
Ijaya Naik,6,1,0,1,1,0,0.0,LOW
Omisha Hari,6,1,0,1,1,0,0.0,LOW
Vidhi Bal,6,1,0,1,1,0,0.0,LOW
Hredhaan Mohanty,6,1,0,1,1,0,0.0,LOW
Barkha Garde,6,1,0,1,1,0,0.0,LOW
Tara Singh,6,1,0,1,1,0,0.0,LOW
Omaja Anand,6,1,0,1,1,0,0.0,LOW
Agastya Sanghvi,6,1,0,1,1,0,0.0,LOW
Ishanvi Chadha,6,1,0,1,1,0,0.0,LOW
Jatin Dubey,6,1,0,1,1,0,0.0,LOW
Christopher Soni,6,1,0,1,1,0,0.0,LOW
Isaac Goswami,6,1,0,1,1,0,0.0,LOW
Anirudh Chopra,6,1,0,1,1,0,0.0,LOW
Anay Tara,6,1,0,1,1,0,0.0,LOW
Jack Vora,6,1,0,1,1,0,0.0,LOW
Ronith Natarajan,6,1,0,1,1,0,0.0,LOW
Benjamin Buch,6,1,0,1,1,0,0.0,LOW
Abhimanyu Kant,6,1,0,1,1,0,0.0,LOW
Vedhika Sibal,6,1,0,1,1,0,0.0,LOW
Naveen Pingle,6,1,0,1,1,0,0.0,LOW
Sai Ghose,6,1,0,1,1,0,0.0,LOW
Yashasvi Jhaveri,6,1,0,1,1,0,0.0,LOW
Tanmayi Kant,6,1,0,1,1,0,0.0,LOW
Ayaan Sarraf,6,1,0,1,1,0,0.0,LOW
Ekantika Kashyap,6,1,0,1,1,0,0.0,LOW
Irya Setty,6,1,0,1,1,0,0.0,LOW
Advika Bath,6,1,0,1,1,0,0.0,LOW
Idika Kumer,6,1,0,1,1,0,0.0,LOW
Harish Bajwa,6,1,0,1,1,0,0.0,LOW
Fitan Joshi,6,1,0,1,1,0,0.0,LOW
Shivani Patel,6,1,0,1,1,0,0.0,LOW
Samaksh Gopal,6,1,0,1,1,0,0.0,LOW
Nicholas Oak,6,1,0,1,1,0,0.0,LOW
Rajeshri Bedi,6,1,0,1,1,0,0.0,LOW
Edhitha Lal,6,1,0,1,1,0,0.0,LOW
Ekani Toor,6,1,0,1,1,0,0.0,LOW
Chandani Mangat,6,1,0,1,1,0,0.0,LOW
Aishani Pathak,6,1,0,1,1,0,0.0,LOW
Upma Madan,6,1,0,1,1,0,0.0,LOW
Inaya Dada,6,1,0,1,1,0,0.0,LOW
Quincy Singhal,6,1,0,1,1,0,0.0,LOW
Mason Dugar,6,1,0,1,1,0,0.0,LOW
Abhiram Anne,6,1,0,1,1,0,0.0,LOW
Idika Sha,6,1,0,1,1,0,0.0,LOW
George Prabhakar,6,1,0,1,1,0,0.0,LOW
Ekavir Dass,6,1,0,1,1,0,0.0,LOW
Aarav Tripathi,6,1,0,1,1,0,0.0,LOW
Vedika Tiwari,6,1,0,1,1,0,0.0,LOW
Wahab Bandi,6,1,0,1,1,0,0.0,LOW
Frederick Shetty,6,1,0,1,1,0,0.0,LOW
Amruta Gole,6,1,0,1,1,0,0.0,LOW
Advika Jha,6,1,0,1,1,0,0.0,LOW
Wridesh Arya,6,1,0,1,1,0,0.0,LOW
Ishanvi Kalita,6,1,0,1,1,0,0.0,LOW
Amol Magar,6,1,0,1,1,0,0.0,LOW
Deepa Sarraf,6,1,0,1,1,0,0.0,LOW
Daniel Chaudhuri,6,1,0,1,1,0,0.0,LOW
Yashvi Raju,6,1,0,1,1,0,0.0,LOW
Xavier Aggarwal,6,1,0,1,1,0,0.0,LOW
Yash Mittal,6,1,0,1,1,0,0.0,LOW
Ojas Som,6,1,0,1,1,0,0.0,LOW
Samesh Suresh,6,1,0,1,1,0,0.0,LOW
Advik Viswanathan,6,1,0,1,1,0,0.0,LOW
Yashodhara Hans,6,1,0,1,1,0,0.0,LOW
Eshana De,6,1,0,1,1,0,0.0,LOW
Elijah Chanda,6,1,0,1,1,0,0.0,LOW
Atharv Bhagat,6,1,0,1,1,0,0.0,LOW
Tejas Wable,6,1,0,1,1,0,0.0,LOW
Jeevika Mishra,6,1,0,1,1,0,0.0,LOW
Sachi Dash,6,1,0,1,1,0,0.0,LOW
Bhavika Khosla,6,1,0,1,1,0,0.0,LOW
Karan Mistry,6,1,0,1,1,0,0.0,LOW
Anya Behl,6,1,0,1,1,0,0.0,LOW
Bimala Dar,6,1,0,1,1,0,0.0,LOW
Jalsa Kohli,6,1,0,1,1,0,0.0,LOW
Varsha Mittal,6,1,0,1,1,0,0.0,LOW
Yamini Lall,6,1,0,1,1,0,0.0,LOW
Arin Kant,6,1,0,1,1,0,0.0,LOW
Yutika Lala,6,1,0,1,1,0,0.0,LOW
Chameli Ganesh,6,1,0,1,1,0,0.0,LOW
Vasana Ben,6,1,0,1,1,0,0.0,LOW
Bhavini Garg,6,1,0,1,1,0,0.0,LOW
Rishi Tak,6,1,0,1,1,0,0.0,LOW
Liam Nadkarni,6,1,0,1,1,0,0.0,LOW
Advay Bath,6,1,0,1,1,0,0.0,LOW
Krish Deo,6,1,0,1,1,0,0.0,LOW
Naksh Bora,6,1,0,1,1,0,0.0,LOW
Zaitra Pillay,6,1,0,1,1,0,0.0,LOW
Patrick Dani,6,1,0,1,1,0,0.0,LOW
Dayamai Sani,6,1,0,1,1,0,0.0,LOW
Yashica Rao,6,1,0,1,1,0,0.0,LOW
Parth Kuruvilla,6,1,0,1,1,0,0.0,LOW
Chaitanya Murty,6,1,0,1,1,0,0.0,LOW
Sara Chanda,6,1,0,1,1,0,0.0,LOW
Hiral Dar,6,1,0,1,1,0,0.0,LOW
Owen Shroff,6,1,0,1,1,0,0.0,LOW
Sudiksha Sandal,6,1,0,1,1,0,0.0,LOW
Warinder Setty,6,1,0,1,1,0,0.0,LOW
Amara Sathe,6,1,0,1,1,0,0.0,LOW
Jalsa Kapadia,6,1,0,1,1,0,0.0,LOW
Ekavir Karnik,6,1,0,1,1,0,0.0,LOW
Maanav Majumdar,6,1,0,1,1,0,0.0,LOW
Dakshesh Dixit,6,1,0,1,1,0,0.0,LOW
Ekaja Banerjee,6,1,0,1,1,0,0.0,LOW
Bhavika Nagar,6,1,0,1,1,0,0.0,LOW
Hamsini Comar,6,1,0,1,1,0,0.0,LOW
Devansh Oza,6,1,0,1,1,0,0.0,LOW
Niharika Barman,6,1,0,1,1,0,0.0,LOW
Umang Tandon,6,1,0,1,1,0,0.0,LOW
Hredhaan Sachar,6,1,0,1,1,0,0.0,LOW
Sanaya Krishnamurthy,6,1,0,1,1,0,0.0,LOW
Radha Dalal,6,1,0,1,1,0,0.0,LOW
Zayyan Din,6,1,0,1,1,0,0.0,LOW
Reva Kale,6,1,0,1,1,0,0.0,LOW
Radhika Wason,6,1,0,1,1,0,0.0,LOW
Maya Sarraf,6,1,0,1,1,0,0.0,LOW
Orinder Shenoy,6,1,0,1,1,0,0.0,LOW
Wriddhish Ramanathan,6,1,0,1,1,0,0.0,LOW
Logan Sengupta,6,1,0,1,1,0,0.0,LOW
Abeer Rege,6,1,0,1,1,0,0.0,LOW
Meghana Dayal,6,1,0,1,1,0,0.0,LOW
Aarav Nagi,6,1,0,1,1,0,0.0,LOW
Idika Tiwari,6,1,0,1,1,0,0.0,LOW
Ayaan Kata,6,1,0,1,1,0,0.0,LOW
Hardik Purohit,6,1,0,1,1,0,0.0,LOW
Janaki Srinivasan,6,1,0,1,1,0,0.0,LOW
Max Bhatt,6,1,0,1,1,0,0.0,LOW
Warhi Sani,6,1,0,1,1,0,0.0,LOW
Ekbal Dass,6,1,0,1,1,0,0.0,LOW
Lucky Babu,6,1,0,1,1,0,0.0,LOW
Yashawini Goda,6,1,0,1,1,0,0.0,LOW
Anika Sathe,6,1,0,1,1,0,0.0,LOW
Bhavya Madan,6,1,0,1,1,0,0.0,LOW
Radhika Chad,6,1,0,1,1,0,0.0,LOW
Lakshit Dalal,6,1,0,1,1,0,0.0,LOW
Balendra Konda,6,1,0,1,1,0,0.0,LOW
Osha Kala,6,1,0,1,1,0,0.0,LOW
William Chaudhari,6,1,0,1,1,0,0.0,LOW
Warjas Mistry,6,1,0,1,1,0,0.0,LOW
Ekanta Sood,6,1,0,1,1,0,0.0,LOW
Waida Gandhi,6,1,0,1,1,0,0.0,LOW
Balvan Dara,6,1,0,1,1,0,0.0,LOW
Janya Mishra,6,1,0,1,1,0,0.0,LOW
Ayush Issac,6,1,0,1,1,0,0.0,LOW
Zansi Loke,6,1,0,1,1,0,0.0,LOW
Tarak Kanda,6,1,0,1,1,0,0.0,LOW
Upkaar Ganesan,6,1,0,1,1,0,0.0,LOW
Yashawini Merchant,6,1,0,1,1,0,0.0,LOW
Dayita Gola,6,1,0,1,1,0,0.0,LOW
Hredhaan Chadha,6,1,0,1,1,0,0.0,LOW
Upasna Chatterjee,6,1,0,1,1,0,0.0,LOW
Arjun Sarkar,6,1,0,1,1,0,0.0,LOW
Ikbal Vasa,6,1,0,1,1,0,0.0,LOW
Gauri Ratta,6,1,0,1,1,0,0.0,LOW
Saksham Mani,6,1,0,1,1,0,0.0,LOW
Kashvi Jain,6,1,0,1,1,0,0.0,LOW
Kiaan Ratti,6,1,0,1,1,0,0.0,LOW
Sanaya Dhar,6,1,0,1,1,0,0.0,LOW
Balendra Joshi,6,1,0,1,1,0,0.0,LOW
Zayan Bose,6,1,0,1,1,0,0.0,LOW
Chavvi Grewal,6,1,0,1,1,0,0.0,LOW
Aadi Ganesan,6,1,0,1,1,0,0.0,LOW
Lila Srivastava,6,1,0,1,1,0,0.0,LOW
Quincy Deep,6,1,0,1,1,0,0.0,LOW
Simon Shan,6,1,0,1,1,0,0.0,LOW
Yashasvi Kanda,6,1,0,1,1,0,0.0,LOW
Brinda Barad,6,1,0,1,1,0,0.0,LOW
Vaishnavi Jani,6,1,0,1,1,0,0.0,LOW
Vyanjana Pathak,6,1,0,1,1,0,0.0,LOW
Ayaan Sarna,6,1,0,1,1,0,0.0,LOW
Dipta Purohit,6,1,0,1,1,0,0.0,LOW
Unnati Ghosh,6,1,0,1,1,0,0.0,LOW
Yashoda Puri,6,1,0,1,1,0,0.0,LOW
Arin Tata,6,1,0,1,1,0,0.0,LOW
Janani Toor,6,1,0,1,1,0,0.0,LOW
Noah Atwal,6,1,0,1,1,0,0.0,LOW
Logan Srinivasan,6,1,0,1,1,0,0.0,LOW
Harinakshi Bawa,6,1,0,1,1,0,0.0,LOW
Zarna Devi,6,1,0,1,1,0,0.0,LOW
Banjeet Ahuja,6,1,0,1,1,0,0.0,LOW
Charan Saxena,6,1,0,1,1,0,0.0,LOW
Chasmum Bail,6,1,0,1,1,0,0.0,LOW
Jason Gulati,6,1,0,1,1,0,0.0,LOW
Tarak Dixit,6,1,0,1,1,0,0.0,LOW
Lucky Wali,6,1,0,1,1,0,0.0,LOW
Lohit Wable,6,1,0,1,1,0,0.0,LOW
Dipta Garg,6,1,0,1,1,0,0.0,LOW
Lekha Manda,6,1,0,1,1,0,0.0,LOW
Yug Balan,6,1,0,1,1,0,0.0,LOW
Lucky Lanka,6,1,0,1,1,0,0.0,LOW
Chanakya Kunda,6,1,0,1,1,0,0.0,LOW
Ijaya Krishnan,6,1,0,1,1,0,0.0,LOW
Maya Kalla,6,1,0,1,1,0,0.0,LOW
Lajita Sarin,6,1,0,1,1,0,0.0,LOW
Aradhana Shere,6,1,0,1,1,0,0.0,LOW
Logan Joshi,6,1,0,1,1,0,0.0,LOW
Chaaya Bhatt,6,1,0,1,1,0,0.0,LOW
Barkha Sen,6,1,0,1,1,0,0.0,LOW
Mitali Ganesh,6,1,0,1,1,0,0.0,LOW
Tara Chaudhari,6,1,0,1,1,0,0.0,LOW
Devika Yohannan,6,1,0,1,1,0,0.0,LOW
Panini Walia,6,1,0,1,1,0,0.0,LOW
Isaiah Sama,6,1,0,1,1,0,0.0,LOW
Girish Saran,6,1,0,1,1,0,0.0,LOW
Amaira Ganesan,6,1,0,1,1,0,0.0,LOW
Naksh Mandal,6,1,0,1,1,0,0.0,LOW
Vinaya Lall,6,1,0,1,1,0,0.0,LOW
Oscar Guha,6,1,0,1,1,0,0.0,LOW
Neel Aurora,6,1,0,1,1,0,0.0,LOW
Jai Gade,6,1,0,1,1,0,0.0,LOW
Mohammed Ramakrishnan,6,1,0,1,1,0,0.0,LOW
Shaurya Ravel,6,1,0,1,1,0,0.0,LOW
Widisha Kadakia,6,1,0,1,1,0,0.0,LOW
Theodore Radhakrishnan,6,1,0,1,1,0,0.0,LOW
Siya Murty,6,1,0,1,1,0,0.0,LOW
Varsha Bhatt,6,1,0,1,1,0,0.0,LOW
Luke Dhaliwal,6,1,0,1,1,0,0.0,LOW
Ojas Bala,6,1,0,1,1,0,0.0,LOW
Januja Doctor,6,1,0,1,1,0,0.0,LOW
Nidhi Prabhu,6,1,0,1,1,0,0.0,LOW
Jhalak Mani,6,1,0,1,1,0,0.0,LOW
Maanav Ganesan,6,1,0,1,1,0,0.0,LOW
Nirja Keer,6,1,0,1,1,0,0.0,LOW
Hritik Divan,6,1,0,1,1,0,0.0,LOW
Gaurangi Murty,6,1,0,1,1,0,0.0,LOW
Gautam Nagarajan,6,1,0,1,1,0,0.0,LOW
Bimala Narain,6,1,0,1,1,0,0.0,LOW
Tristan Mane,6,1,0,1,1,0,0.0,LOW
Advay Andra,6,1,0,1,1,0,0.0,LOW
Gaurav Banik,6,1,0,1,1,0,0.0,LOW
Libni Arora,6,1,0,1,1,0,0.0,LOW
Charles Dewan,6,1,0,1,1,0,0.0,LOW
Yutika Atwal,6,1,0,1,1,0,0.0,LOW
Maanav Balan,6,1,0,1,1,0,0.0,LOW
Sarthak Wason,6,1,0,1,1,0,0.0,LOW
Sanya Nagarajan,6,1,0,1,1,0,0.0,LOW
Faqid Sanghvi,6,1,0,1,1,0,0.0,LOW
Turvi Bobal,6,1,0,1,1,0,0.0,LOW
Ikbal Badami,6,1,0,1,1,0,0.0,LOW
Ekbal Sachar,6,1,0,1,1,0,0.0,LOW
Oliver Goda,6,1,0,1,1,0,0.0,LOW
Frado Bail,6,1,0,1,1,0,0.0,LOW
Gabriel Murty,6,1,0,1,1,0,0.0,LOW
Vihaan Saini,6,1,0,1,1,0,0.0,LOW
Ayush Loyal,6,1,0,1,1,0,0.0,LOW
Ayush Mody,6,1,0,1,1,0,0.0,LOW
Quincy Chada,6,1,0,1,1,0,0.0,LOW
Chandran Karnik,6,1,0,1,1,0,0.0,LOW
Hardik Kapoor,6,1,0,1,1,0,0.0,LOW
Yashoda Manne,6,1,0,1,1,0,0.0,LOW
Aryan Sarna,6,1,0,1,1,0,0.0,LOW
Nathaniel Manda,6,1,0,1,1,0,0.0,LOW
Kamala Parikh,6,1,0,1,1,0,0.0,LOW
Rehaan Dhingra,6,1,0,1,1,0,0.0,LOW
Omkaar Oommen,6,1,0,1,1,0,0.0,LOW
Chandresh Kumar,6,1,0,1,1,0,0.0,LOW
Xalak Kothari,6,1,0,1,1,0,0.0,LOW
Harrison Dash,6,1,0,1,1,0,0.0,LOW
Gunbir Doshi,6,1,0,1,1,0,0.0,LOW
Wriddhish Pillai,6,1,0,1,1,0,0.0,LOW
Yutika Shenoy,6,1,0,1,1,0,0.0,LOW
Gautam Dasgupta,6,1,0,1,1,0,0.0,LOW
Matthew Sarraf,6,1,0,1,1,0,0.0,LOW
Nidra Pau,6,1,0,1,1,0,0.0,LOW
Warda Thaker,6,1,0,1,1,0,0.0,LOW
Ekta Joshi,6,1,0,1,1,0,0.0,LOW
William Bumb,6,1,0,1,1,0,0.0,LOW
Saanvi Jaggi,6,1,0,1,1,0,0.0,LOW
Viraj Mitra,6,1,0,1,1,0,0.0,LOW
Chasmum Ramakrishnan,6,1,0,1,1,0,0.0,LOW
Irya Dube,6,1,0,1,1,0,0.0,LOW
Lohit Peri,6,1,0,1,1,0,0.0,LOW
Yoshita Samra,6,1,0,1,1,0,0.0,LOW
Ria De,6,1,0,1,1,0,0.0,LOW
Isha Rao,6,1,0,1,1,0,0.0,LOW
Yuvraj Lad,6,1,0,1,1,0,0.0,LOW
Praneel Bhatti,6,1,0,1,1,0,0.0,LOW
Lajita Pradhan,6,1,0,1,1,0,0.0,LOW
Mugdha Cheema,6,1,0,1,1,0,0.0,LOW
Advay Shan,6,1,0,1,1,0,0.0,LOW
Mohammed Pai,6,1,0,1,1,0,0.0,LOW
Hardik Borah,6,1,0,1,1,0,0.0,LOW
Wazir Ramesh,6,1,0,1,1,0,0.0,LOW
Leela Krish,6,1,0,1,1,0,0.0,LOW
Upma Sawhney,6,1,0,1,1,0,0.0,LOW
Eiravati Kapadia,6,1,0,1,1,0,0.0,LOW
Yoshita Shetty,6,1,0,1,1,0,0.0,LOW
Chaitanya Chahal,6,1,0,1,1,0,0.0,LOW
Neha Apte,6,1,0,1,1,0,0.0,LOW
Udarsh Nagarajan,6,1,0,1,1,0,0.0,LOW
Charan Wagle,6,1,0,1,1,0,0.0,LOW
Vihaan Srivastava,6,1,0,1,1,0,0.0,LOW
Reyansh Warrior,6,1,0,1,1,0,0.0,LOW
Qarin Basu,6,1,0,1,1,0,0.0,LOW
Lucky Sahota,6,1,0,1,1,0,0.0,LOW
Chakrika Vaidya,6,1,0,1,1,0,0.0,LOW
Upadhriti Shukla,6,1,0,1,1,0,0.0,LOW
Indrajit Deshmukh,6,1,0,1,1,0,0.0,LOW
Divya Divan,6,1,0,1,1,0,0.0,LOW
Hredhaan Sunder,6,1,0,1,1,0,0.0,LOW
Aarnav Basu,6,1,0,1,1,0,0.0,LOW
Bhavani Kaur,6,1,0,1,1,0,0.0,LOW
Harshil Deshmukh,6,1,0,1,1,0,0.0,LOW
Saumya Shetty,6,1,0,1,1,0,0.0,LOW
Dipta Mann,6,1,0,1,1,0,0.0,LOW
Praneel Hari,6,1,0,1,1,0,0.0,LOW
Jackson Kade,6,1,0,1,1,0,0.0,LOW
Warda Batra,6,1,0,1,1,0,0.0,LOW
Aarini Ramachandran,6,1,0,1,1,0,0.0,LOW
Nathaniel Pandit,6,1,0,1,1,0,0.0,LOW
Jai Palla,6,1,0,1,1,0,0.0,LOW
Ojasvi Din,6,1,0,1,1,0,0.0,LOW
Ria Hegde,6,1,0,1,1,0,0.0,LOW
Kamya Chopra,6,1,0,1,1,0,0.0,LOW
Zaid Singhal,6,1,0,1,1,0,0.0,LOW
Azaan Chakrabarti,6,1,0,1,1,0,0.0,LOW
Vinaya Sen,6,1,0,1,1,0,0.0,LOW
Meghana Sengupta,6,1,0,1,1,0,0.0,LOW
Mohammed Ganguly,6,1,0,1,1,0,0.0,LOW
Priya Kaur,6,1,0,1,1,0,0.0,LOW
Tristan Bandi,6,1,0,1,1,0,0.0,LOW
Shaurya Batra,6,1,0,1,1,0,0.0,LOW
Vivaan Sampath,6,1,0,1,1,0,0.0,LOW
Xiti Chacko,6,1,0,1,1,0,0.0,LOW
Adya Vohra,6,1,0,1,1,0,0.0,LOW
Suhani Srinivas,6,1,0,1,1,0,0.0,LOW
Charita Singhal,6,1,0,1,1,0,0.0,LOW
Nidhi Bhatti,6,1,0,1,1,0,0.0,LOW
Quincy Puri,6,1,0,1,1,0,0.0,LOW
Qabil Garde,6,1,0,1,1,0,0.0,LOW
Pavani Samra,6,1,0,1,1,0,0.0,LOW
Elijah Om,6,1,0,1,1,0,0.0,LOW
Chameli Korpal,6,1,0,1,1,0,0.0,LOW
Yashvi Bhalla,6,1,0,1,1,0,0.0,LOW
Zashil Som,6,1,0,1,1,0,0.0,LOW
Pallavi Mann,6,1,0,1,1,0,0.0,LOW
Radhika Krish,6,1,0,1,1,0,0.0,LOW
Pavani Dyal,6,1,0,1,1,0,0.0,LOW
Priya Chad,6,1,0,1,1,0,0.0,LOW
Harini Barad,6,1,0,1,1,0,0.0,LOW
Victor Taneja,6,1,0,1,1,0,0.0,LOW
Theodore Bedi,6,1,0,1,1,0,0.0,LOW
Chaman Arya,6,1,0,1,1,0,0.0,LOW
Adweta Wagle,6,1,0,1,1,0,0.0,LOW
Gaurang Purohit,6,1,0,1,1,0,0.0,LOW
Urmi Sama,6,1,0,1,1,0,0.0,LOW
Unnati Modi,6,1,0,1,1,0,0.0,LOW
Vaishnavi Amble,6,1,0,1,1,0,0.0,LOW
Vritti Barman,6,1,0,1,1,0,0.0,LOW
Girish Dugar,6,1,0,1,1,0,0.0,LOW
Advika Pau,6,1,0,1,1,0,0.0,LOW
Joshua Borra,6,1,0,1,1,0,0.0,LOW
Nachiket Raghavan,6,1,0,1,1,0,0.0,LOW
Rushil Goyal,6,1,0,1,1,0,0.0,LOW
Falan Nair,6,1,0,1,1,0,0.0,LOW
Udant Sethi,6,1,0,1,1,0,0.0,LOW
Wahab Gera,6,1,0,1,1,0,0.0,LOW
Chandani Dora,6,1,0,1,1,0,0.0,LOW
Isaac Bora,6,1,0,1,1,0,0.0,LOW
Zehaan Dasgupta,6,1,0,1,1,0,0.0,LOW
Janaki Garg,6,1,0,1,1,0,0.0,LOW
Eta Sama,6,1,0,1,1,0,0.0,LOW
Advika Bandi,6,1,0,1,1,0,0.0,LOW
Damini Kara,6,1,0,1,1,0,0.0,LOW
Manbir Mallick,6,1,0,1,1,0,0.0,LOW
Arya Om,6,1,0,1,1,0,0.0,LOW
Charles Barad,6,1,0,1,1,0,0.0,LOW
Nihal Nayak,6,1,0,1,1,0,0.0,LOW
Vedika Bobal,6,1,0,1,1,0,0.0,LOW
Meghana Walla,6,1,0,1,1,0,0.0,LOW
Nakul Ganesan,6,1,0,1,1,0,0.0,LOW
Zaitra Subramaniam,6,1,0,1,1,0,0.0,LOW
Owen Uppal,6,1,0,1,1,0,0.0,LOW
Samarth Issac,6,1,0,1,1,0,0.0,LOW
Urmi Radhakrishnan,6,1,0,1,1,0,0.0,LOW
Hardik Solanki,6,1,0,1,1,0,0.0,LOW
Jeevika Bera,6,1,0,1,1,0,0.0,LOW
Nicholas Dada,6,1,0,1,1,0,0.0,LOW
Laban Maharaj,6,1,0,1,1,0,0.0,LOW
Yagnesh Balay,6,1,0,1,1,0,0.0,LOW
Kiaan Dutt,6,1,0,1,1,0,0.0,LOW
Pavani Agrawal,6,1,0,1,1,0,0.0,LOW
Jeremiah Sridhar,6,1,0,1,1,0,0.0,LOW
Yuvraj Nair,6,1,0,1,1,0,0.0,LOW
Ishanvi Arora,6,1,0,1,1,0,0.0,LOW
Reyansh Iyengar,6,1,0,1,1,0,0.0,LOW
Hritik Mukherjee,6,1,0,1,1,0,0.0,LOW
Manbir Guha,6,1,0,1,1,0,0.0,LOW
Alexander Balasubramanian,6,1,0,1,1,0,0.0,LOW
Qadim Mand,6,1,0,1,1,0,0.0,LOW
Tanmayi Tak,6,1,0,1,1,0,0.0,LOW
Pushti Bhalla,6,1,0,1,1,0,0.0,LOW
Harish Walia,6,1,0,1,1,0,0.0,LOW
Wakeeta Hans,6,1,0,1,1,0,0.0,LOW
Kavya Chokshi,6,1,0,1,1,0,0.0,LOW
Logan Behl,6,1,0,1,1,0,0.0,LOW
Rachana Wagle,6,1,0,1,1,0,0.0,LOW
Yutika Nagar,6,1,0,1,1,0,0.0,LOW
Banjeet Walla,6,1,0,1,1,0,0.0,LOW
Oliver Pandya,6,1,0,1,1,0,0.0,LOW
Zashil Dara,6,1,0,1,1,0,0.0,LOW
Turvi Chhabra,6,1,0,1,1,0,0.0,LOW
Champak Basu,6,1,0,1,1,0,0.0,LOW
Ekalinga Baral,6,1,0,1,1,0,0.0,LOW
Triya More,6,1,0,1,1,0,0.0,LOW
Aditya Ganguly,6,1,0,1,1,0,0.0,LOW
Hredhaan Prashad,6,1,0,1,1,0,0.0,LOW
Aarnav Choudhury,6,1,0,1,1,0,0.0,LOW
Saanvi Prasad,6,1,0,1,1,0,0.0,LOW
Vansha Sawhney,6,1,0,1,1,0,0.0,LOW
Amara Basu,6,1,0,1,1,0,0.0,LOW
Hitesh Sabharwal,6,1,0,1,1,0,0.0,LOW
Dev Vyas,6,1,0,1,1,0,0.0,LOW
Upasna Rattan,6,1,0,1,1,0,0.0,LOW
Hemang Krishnan,6,1,0,1,1,0,0.0,LOW
Aayush Sani,6,1,0,1,1,0,0.0,LOW
Anya Warrior,6,1,0,1,1,0,0.0,LOW
Maanav Bassi,6,1,0,1,1,0,0.0,LOW
Charan Trivedi,6,1,0,1,1,0,0.0,LOW
Wridesh Aurora,6,1,0,1,1,0,0.0,LOW
Waida Pandey,6,1,0,1,1,0,0.0,LOW
Saanvi Pai,6,1,0,1,1,0,0.0,LOW
Inaya Rajagopalan,6,1,0,1,1,0,0.0,LOW
Ikbal Bhandari,6,1,0,1,1,0,0.0,LOW
Tanish Parekh,6,1,0,1,1,0,0.0,LOW
Lekha Varughese,6,1,0,1,1,0,0.0,LOW
Yachana Oak,6,1,0,1,1,0,0.0,LOW
Kamya Agrawal,6,1,0,1,1,0,0.0,LOW
Nidra Bhatnagar,6,1,0,1,1,0,0.0,LOW
Eshana Gour,6,1,0,1,1,0,0.0,LOW
Ishanvi Bali,6,1,0,1,1,0,0.0,LOW
Nitara Gupta,6,1,0,1,1,0,0.0,LOW
Samar Verma,6,1,0,1,1,0,0.0,LOW
Omaja Dhingra,6,1,0,1,1,0,0.0,LOW
Girish Patla,6,1,0,1,1,0,0.0,LOW
Gaurav Deep,6,1,0,1,1,0,0.0,LOW
Qasim Taneja,6,1,0,1,1,0,0.0,LOW
Abhimanyu Rege,6,1,0,1,1,0,0.0,LOW
Adweta Dube,6,1,0,1,1,0,0.0,LOW
Pranit Lanka,6,1,0,1,1,0,0.0,LOW
Urmi Gandhi,6,1,0,1,1,0,0.0,LOW
Rajeshri Iyer,6,1,0,1,1,0,0.0,LOW
Waida Bhalla,6,1,0,1,1,0,0.0,LOW
Bhavya Behl,6,1,0,1,1,0,0.0,LOW
Viraj Krish,6,1,0,1,1,0,0.0,LOW
Nicholas Sridhar,6,1,0,1,1,0,0.0,LOW
Ekalinga Reddy,6,1,0,1,1,0,0.0,LOW
Tanay Dhawan,6,1,0,1,1,0,0.0,LOW
Jagat Divan,6,1,0,1,1,0,0.0,LOW
Kritika Loke,6,1,0,1,1,0,0.0,LOW
Agastya Saraf,6,1,0,1,1,0,0.0,LOW
Adya Bava,6,1,0,1,1,0,0.0,LOW
Ojasvi Singh,6,1,0,1,1,0,0.0,LOW
Nachiket Baral,6,1,0,1,1,0,0.0,LOW
Hardik Thakkar,6,1,0,1,1,0,0.0,LOW
Yashvi Bala,6,1,0,1,1,0,0.0,LOW
Krishna Dar,6,1,0,1,1,0,0.0,LOW
Anamika Oza,6,1,0,1,1,0,0.0,LOW
Lohit Sundaram,6,1,0,1,1,0,0.0,LOW
Darpan Mital,6,1,0,1,1,0,0.0,LOW
Chasmum Sangha,6,1,0,1,1,0,0.0,LOW
Yashodhara Sem,6,1,0,1,1,0,0.0,LOW
Vivaan Naidu,6,1,0,1,1,0,0.0,LOW
Tejas Sehgal,6,1,0,1,1,0,0.0,LOW
Nimrat Nagar,6,1,0,1,1,0,0.0,LOW
Laban Kibe,6,1,0,1,1,0,0.0,LOW
Kamya Bhardwaj,6,1,0,1,1,0,0.0,LOW
Victor Swaminathan,6,1,0,1,1,0,0.0,LOW
Ubika Sheth,6,1,0,1,1,0,0.0,LOW
Reyansh Lata,6,1,0,1,1,0,0.0,LOW
Tara Sinha,6,1,0,1,1,0,0.0,LOW
Sanaya Chana,6,1,0,1,1,0,0.0,LOW
Ekbal Mutti,6,1,0,1,1,0,0.0,LOW
Charita Babu,6,1,0,1,1,0,0.0,LOW
Imaran Dutta,6,1,0,1,1,0,0.0,LOW
Falguni Sankar,6,1,0,1,1,0,0.0,LOW
Luke Ghose,6,1,0,1,1,0,0.0,LOW
Hemal Kant,6,1,0,1,1,0,0.0,LOW
Jagrati Mangat,6,1,0,1,1,0,0.0,LOW
Bhavna Agrawal,6,1,0,1,1,0,0.0,LOW
Shivani Baria,6,1,0,1,1,0,0.0,LOW
Deepa Shroff,6,1,0,1,1,0,0.0,LOW
Umang Behl,6,1,0,1,1,0,0.0,LOW
Raghav Nagi,6,1,0,1,1,0,0.0,LOW
Ranbir Varty,6,1,0,1,1,0,0.0,LOW
Kamala Setty,6,1,0,1,1,0,0.0,LOW
Anya Sengupta,6,1,0,1,1,0,0.0,LOW
Omkaar Comar,6,1,0,1,1,0,0.0,LOW
Advik Deshpande,6,1,0,1,1,0,0.0,LOW
Aarav Chand,6,1,0,1,1,0,0.0,LOW
Aarush Balasubramanian,6,1,0,1,1,0,0.0,LOW
Advay Muni,6,1,0,1,1,0,0.0,LOW
Sarthak Garde,6,1,0,1,1,0,0.0,LOW
Mohammed Sridhar,6,1,0,1,1,0,0.0,LOW
Omaja Chadha,6,1,0,1,1,0,0.0,LOW
Ira Modi,6,1,0,1,1,0,0.0,LOW
Yahvi Savant,6,1,0,1,1,0,0.0,LOW
Kavya Bhandari,6,1,0,1,1,0,0.0,LOW
Edhitha Bahri,6,1,0,1,1,0,0.0,LOW
Lajita Jain,6,1,0,1,1,0,0.0,LOW
Wahab Kulkarni,6,1,0,1,1,0,0.0,LOW
Harini Sampath,6,1,0,1,1,0,0.0,LOW
Tristan Raja,6,1,0,1,1,0,0.0,LOW
Samaksh Pal,6,1,0,1,1,0,0.0,LOW
Victor Chandra,6,1,0,1,1,0,0.0,LOW
Tripti Salvi,6,1,0,1,1,0,0.0,LOW
Yashodhara Goda,6,1,0,1,1,0,0.0,LOW
Hema Patil,6,1,0,1,1,0,0.0,LOW
Girik Khare,6,1,0,1,1,0,0.0,LOW
Guneet Mall,6,1,0,1,1,0,0.0,LOW
Mitali Kashyap,6,1,0,1,1,0,0.0,LOW
Ekaja Choudhary,6,1,0,1,1,0,0.0,LOW
Gavin Shetty,6,1,0,1,1,0,0.0,LOW
Anika Chand,6,1,0,1,1,0,0.0,LOW
Jagvi Chawla,6,1,0,1,1,0,0.0,LOW
Vasatika Samra,6,1,0,1,1,0,0.0,LOW
Yashica Tata,6,1,0,1,1,0,0.0,LOW
Bishakha Mahajan,6,1,0,1,1,0,0.0,LOW
Fariq Rout,6,1,0,1,1,0,0.0,LOW
Jeremiah Basak,6,1,0,1,1,0,0.0,LOW
Tejas Sachdeva,6,1,0,1,1,0,0.0,LOW
Zarna Kulkarni,6,1,0,1,1,0,0.0,LOW
Kashish Kumer,6,1,0,1,1,0,0.0,LOW
Caleb Kashyap,6,1,0,1,1,0,0.0,LOW
Gaurang Lad,6,1,0,1,1,0,0.0,LOW
Ojasvi Mani,6,1,0,1,1,0,0.0,LOW
Zaid Swamy,6,1,0,1,1,0,0.0,LOW
Irya Rajan,6,1,0,1,1,0,0.0,LOW
Wakeeta Memon,6,1,0,1,1,0,0.0,LOW
Nimrat Gopal,6,1,0,1,1,0,0.0,LOW
Sneha Sengupta,6,1,0,1,1,0,0.0,LOW
Yutika Goswami,6,1,0,1,1,0,0.0,LOW
Garima Venkatesh,6,1,0,1,1,0,0.0,LOW
Anusha Savant,6,1,0,1,1,0,0.0,LOW
Patrick Dara,6,1,0,1,1,0,0.0,LOW
Urmi D’Alia,6,1,0,1,1,0,0.0,LOW
Ekavir Khurana,6,1,0,1,1,0,0.0,LOW
Banjeet Halder,6,1,0,1,1,0,0.0,LOW
Vasana Soni,6,1,0,1,1,0,0.0,LOW
Jason Mistry,6,1,0,1,1,0,0.0,LOW
Bahadurjit Bhagat,6,1,0,1,1,0,0.0,LOW
Noah Chopra,6,1,0,1,1,0,0.0,LOW
Yuvraj Upadhyay,6,1,0,1,1,0,0.0,LOW
Riya Sood,6,1,0,1,1,0,0.0,LOW
Urmi Pingle,6,1,0,1,1,0,0.0,LOW
Bishakha Shroff,6,1,0,1,1,0,0.0,LOW
Jeet Savant,6,1,0,1,1,0,0.0,LOW
Urmi Raman,6,1,0,1,1,0,0.0,LOW
Advaith Tailor,6,1,0,1,1,0,0.0,LOW
Darpan Bajwa,6,1,0,1,1,0,0.0,LOW
Guneet Konda,6,1,0,1,1,0,0.0,LOW
Bhavya Manda,6,1,0,1,1,0,0.0,LOW
Chanakya Mody,6,1,0,1,1,0,0.0,LOW
Benjamin Bath,6,1,0,1,1,0,0.0,LOW
Kevin Chaudhry,6,1,0,1,1,0,0.0,LOW
Frado Gade,6,1,0,1,1,0,0.0,LOW
Brinda Kalita,6,1,0,1,1,0,0.0,LOW
Onveer Balakrishnan,6,1,0,1,1,0,0.0,LOW
Sathvik Rajagopal,6,1,0,1,1,0,0.0,LOW
Arunima Rai,6,1,0,1,1,0,0.0,LOW
Jairaj Dey,6,1,0,1,1,0,0.0,LOW
Ethan Raman,6,1,0,1,1,0,0.0,LOW
Anmol Parmer,6,1,0,1,1,0,0.0,LOW
Yagnesh Oak,6,1,0,1,1,0,0.0,LOW
Hiral Gade,6,1,0,1,1,0,0.0,LOW
Jagdish Bhatti,6,1,0,1,1,0,0.0,LOW
Jalsa Dass,6,1,0,1,1,0,0.0,LOW
Upma Dubey,6,1,0,1,1,0,0.0,LOW
Vihaan Rastogi,6,1,0,1,1,0,0.0,LOW
Vihaan Mahal,6,1,0,1,1,0,0.0,LOW
Orinder Misra,6,1,0,1,1,0,0.0,LOW
Vritti Ray,6,1,0,1,1,0,0.0,LOW
Tanay Sandal,6,1,0,1,1,0,0.0,LOW
Eshana Setty,6,1,0,1,1,0,0.0,LOW
Darsh Joshi,6,1,0,1,1,0,0.0,LOW
Indira Ganesh,6,1,0,1,1,0,0.0,LOW
Dalbir Banerjee,6,1,0,1,1,0,0.0,LOW
Bhavya Bhasin,6,1,0,1,1,0,0.0,LOW
Vasudha Mandal,6,1,0,1,1,0,0.0,LOW
Avni Chatterjee,6,1,0,1,1,0,0.0,LOW
Vrishti Boase,6,1,0,1,1,0,0.0,LOW
Sara Vig,6,1,0,1,1,0,0.0,LOW
Riya Parmer,6,1,0,1,1,0,0.0,LOW
Divya Taneja,6,1,0,1,1,0,0.0,LOW
Agastya Tailor,6,1,0,1,1,0,0.0,LOW
Onkar Parekh,6,1,0,1,1,0,0.0,LOW
Amara Shah,6,1,0,1,1,0,0.0,LOW
Balvan Dugar,6,1,0,1,1,0,0.0,LOW
Vedant Mall,6,1,0,1,1,0,0.0,LOW
Victor Mital,6,1,0,1,1,0,0.0,LOW
Varenya Tank,6,1,0,1,1,0,0.0,LOW
Aadhya Chopra,6,1,0,1,1,0,0.0,LOW
Chanchal Borah,6,1,0,1,1,0,0.0,LOW
Vasudha Baria,6,1,0,1,1,0,0.0,LOW
Harsh Bandi,6,1,0,1,1,0,0.0,LOW
Watika Hayer,6,1,0,1,1,0,0.0,LOW
Anika Wable,6,1,0,1,1,0,0.0,LOW
Anamika Pall,6,1,0,1,1,0,0.0,LOW
Isaac Chokshi,6,1,0,1,1,0,0.0,LOW
Jacob Lal,6,1,0,1,1,0,0.0,LOW
Samar Kata,6,1,0,1,1,0,0.0,LOW
Devika Merchant,6,1,0,1,1,0,0.0,LOW
Shaurya Bir,6,1,0,1,1,0,0.0,LOW
Ayushman Nath,6,1,0,1,1,0,0.0,LOW
Laban Cheema,6,1,0,1,1,0,0.0,LOW
Eshana Dewan,6,1,0,1,1,0,0.0,LOW
Atharv Murthy,6,1,0,1,1,0,0.0,LOW
Charan Solanki,6,1,0,1,1,0,0.0,LOW
Geetika Gandhi,6,1,0,1,1,0,0.0,LOW
Pranav Swaminathan,6,1,0,1,1,0,0.0,LOW
Gautami Walia,6,1,0,1,1,0,0.0,LOW
Rudra Salvi,6,1,0,1,1,0,0.0,LOW
Arunima Kothari,6,1,0,1,1,0,0.0,LOW
Saanvi Naidu,6,1,0,1,1,0,0.0,LOW
Advaith Dara,6,1,0,1,1,0,0.0,LOW
Faris Rao,6,1,0,1,1,0,0.0,LOW
Krishna Prabhu,6,1,0,1,1,0,0.0,LOW
Wyatt Deep,6,1,0,1,1,0,0.0,LOW
Janani Bhavsar,6,1,0,1,1,0,0.0,LOW
Samuel Sastry,6,1,0,1,1,0,0.0,LOW
Tejas Sagar,6,1,0,1,1,0,0.0,LOW
Abdul Borah,6,1,0,1,1,0,0.0,LOW
Madhavi Mahal,6,1,0,1,1,0,0.0,LOW
Abhimanyu Ramesh,6,1,0,1,1,0,0.0,LOW
Lakshit Tak,6,1,0,1,1,0,0.0,LOW
Odika Upadhyay,6,1,0,1,1,0,0.0,LOW
Jonathan Wali,6,1,0,1,1,0,0.0,LOW
Dalbir Bhavsar,6,1,0,1,1,0,0.0,LOW
Ranveer Kibe,6,1,0,1,1,0,0.0,LOW
Nilima Dhar,6,1,0,1,1,0,0.0,LOW
Fiyaz Patla,6,1,0,1,1,0,0.0,LOW
Gautami Shere,6,1,0,1,1,0,0.0,LOW
Lekha Aurora,6,1,0,1,1,0,0.0,LOW
George Yohannan,6,1,0,1,1,0,0.0,LOW
Chavvi Pal,6,1,0,1,1,0,0.0,LOW
Tara Nigam,6,1,0,1,1,0,0.0,LOW
Hredhaan Sahni,6,1,0,1,1,0,0.0,LOW
Oni Doshi,6,1,0,1,1,0,0.0,LOW
Yachana Mammen,6,1,0,1,1,0,0.0,LOW
Nidhi Reddy,6,1,0,1,1,0,0.0,LOW
Balhaar Warrior,6,1,0,1,1,0,0.0,LOW
Samuel Comar,6,1,0,1,1,0,0.0,LOW
Zehaan Sami,6,1,0,1,1,0,0.0,LOW
Sanya Sachdeva,6,1,0,1,1,0,0.0,LOW
Darpan Rama,6,1,0,1,1,0,0.0,LOW
Sudiksha Kurian,6,1,0,1,1,0,0.0,LOW
Udyati De,6,1,0,1,1,0,0.0,LOW
Bimala Amble,6,1,0,1,1,0,0.0,LOW
Akshay Dutt,6,1,0,1,1,0,0.0,LOW
Aadhya Anand,6,1,0,1,1,0,0.0,LOW
Lucky Sami,6,1,0,1,1,0,0.0,LOW
Faqid Tandon,6,1,0,1,1,0,0.0,LOW
Yamini Thaman,6,1,0,1,1,0,0.0,LOW
Balvan Vohra,6,1,0,1,1,0,0.0,LOW
Naveen Ravi,6,1,0,1,1,0,0.0,LOW
Yatin Mand,6,1,0,1,1,0,0.0,LOW
Darpan Edwin,6,1,0,1,1,0,0.0,LOW
Nitara Sant,6,1,0,1,1,0,0.0,LOW
Odika Lad,6,1,0,1,1,0,0.0,LOW
Jack Rastogi,6,1,0,1,1,0,0.0,LOW
Upasna Palan,6,1,0,1,1,0,0.0,LOW
Varenya Venkatesh,6,1,0,1,1,0,0.0,LOW
Imaran Sethi,6,1,0,1,1,0,0.0,LOW
Balveer Behl,6,1,0,1,1,0,0.0,LOW
Udant Gokhale,6,1,0,1,1,0,0.0,LOW
Ayaan Bandi,6,1,0,1,1,0,0.0,LOW
Utkarsh Aurora,6,1,0,1,1,0,0.0,LOW
Amruta Suri,6,1,0,1,1,0,0.0,LOW
Kashish Balay,6,1,0,1,1,0,0.0,LOW
Vasudha Guha,6,1,0,1,1,0,0.0,LOW
Sneha Chandra,6,1,0,1,1,0,0.0,LOW
Nitesh Naik,6,1,0,1,1,0,0.0,LOW
Jagat Subramaniam,6,1,0,1,1,0,0.0,LOW
Samar Saraf,6,1,0,1,1,0,0.0,LOW
Maya Sankar,6,1,0,1,1,0,0.0,LOW
Ekani Sachdeva,6,1,0,1,1,0,0.0,LOW
Arjun Hari,6,1,0,1,1,0,0.0,LOW
Lucky Chahal,6,1,0,1,1,0,0.0,LOW
Osha Dar,6,1,0,1,1,0,0.0,LOW
Rushil Shah,6,1,0,1,1,0,0.0,LOW
Zaid Keer,6,1,0,1,1,0,0.0,LOW
Ekanta Mall,6,1,0,1,1,0,0.0,LOW
Rajata Toor,6,1,0,1,1,0,0.0,LOW
Aryan Lanka,6,1,0,1,1,0,0.0,LOW
Mahika Shere,6,1,0,1,1,0,0.0,LOW
Vamakshi Mani,6,1,0,1,1,0,0.0,LOW
Ekaja Menon,6,1,0,1,1,0,0.0,LOW
Januja Shan,6,1,0,1,1,0,0.0,LOW
Banjeet Pandit,6,1,0,1,1,0,0.0,LOW
Anamika Arora,6,1,0,1,1,0,0.0,LOW
Chavvi Bhatnagar,6,1,0,1,1,0,0.0,LOW
Advik Aurora,6,1,0,1,1,0,0.0,LOW
Anvi Nagi,6,1,0,1,1,0,0.0,LOW
Sanaya Biswas,6,1,0,1,1,0,0.0,LOW
Bhavani Khare,6,1,0,1,1,0,0.0,LOW
Harsh Bajaj,6,1,0,1,1,0,0.0,LOW
Ladli Patil,6,1,0,1,1,0,0.0,LOW
Lavanya Lal,6,1,0,1,1,0,0.0,LOW
Ojasvi Bir,6,1,0,1,1,0,0.0,LOW
Krishna Tak,6,1,0,1,1,0,0.0,LOW
Amruta Taneja,6,1,0,1,1,0,0.0,LOW
Chasmum Prakash,6,1,0,1,1,0,0.0,LOW
Tarak Prabhakar,6,1,0,1,1,0,0.0,LOW
Lila Bandi,6,1,0,1,1,0,0.0,LOW
Tripti Chahal,6,1,0,1,1,0,0.0,LOW
Chandresh Chowdhury,6,1,0,1,1,0,0.0,LOW
Ridhi D’Alia,6,1,0,1,1,0,0.0,LOW
Upma Raja,6,1,0,1,1,0,0.0,LOW
Sanya Nigam,6,1,0,1,1,0,0.0,LOW
Sathvik Sha,6,1,0,1,1,0,0.0,LOW
Lekha Date,6,1,0,1,1,0,0.0,LOW
Forum Virk,6,1,0,1,1,0,0.0,LOW
Chatresh Dar,6,1,0,1,1,0,0.0,LOW
Warinder Chakraborty,6,1,0,1,1,0,0.0,LOW
Pratyush Peri,6,1,0,1,1,0,0.0,LOW
Ayushman Jayaraman,6,1,0,1,1,0,0.0,LOW
Elijah Bhatnagar,6,1,0,1,1,0,0.0,LOW
Oeshi Rajagopalan,6,1,0,1,1,0,0.0,LOW
Widisha Gulati,6,1,0,1,1,0,0.0,LOW
Wishi Korpal,6,1,0,1,1,0,0.0,LOW
Osha Zacharia,6,1,0,1,1,0,0.0,LOW
Eiravati Bal,6,1,0,1,1,0,0.0,LOW
Tara Gala,6,1,0,1,1,0,0.0,LOW
Anay Sankaran,6,1,0,1,1,0,0.0,LOW
Gaurang Shah,6,1,0,1,1,0,0.0,LOW
Anvi Nanda,6,1,0,1,1,0,0.0,LOW
Praneel Goda,6,1,0,1,1,0,0.0,LOW
Vyanjana Gupta,6,1,0,1,1,0,0.0,LOW
Nitara More,6,1,0,1,1,0,0.0,LOW
Frederick Banik,6,1,0,1,1,0,0.0,LOW
Bhanumati Bose,6,1,0,1,1,0,0.0,LOW
Naksh Wason,6,1,0,1,1,0,0.0,LOW
Shivani Chana,6,1,0,1,1,0,0.0,LOW
Chaman Khurana,6,1,0,1,1,0,0.0,LOW
Maanas Devan,6,1,0,1,1,0,0.0,LOW
Aachal Yogi,6,1,0,1,1,0,0.0,LOW
Joshua Thaman,6,1,0,1,1,0,0.0,LOW
Banjeet Thaman,6,1,0,1,1,0,0.0,LOW
Nirja Gill,6,1,0,1,1,0,0.0,LOW
Anjali Srivastava,6,1,0,1,1,0,0.0,LOW
Aarush Chhabra,6,1,0,1,1,0,0.0,LOW
Edhitha Bahl,6,1,0,1,1,0,0.0,LOW
Agastya Tripathi,6,1,0,1,1,0,0.0,LOW
Leela Bail,6,1,0,1,1,0,0.0,LOW
Yahvi Agrawal,6,1,0,1,1,0,0.0,LOW
Aarnav Lala,6,1,0,1,1,0,0.0,LOW
Avi Gupta,6,1,0,1,1,0,0.0,LOW
Yug Kohli,6,1,0,1,1,0,0.0,LOW
Divya Arya,6,1,0,1,1,0,0.0,LOW
Max Toor,6,1,0,1,1,0,0.0,LOW
Omaja Dutt,6,1,0,1,1,0,0.0,LOW
Robert Sodhi,6,1,0,1,1,0,0.0,LOW
Kashvi Padmanabhan,6,1,0,1,1,0,0.0,LOW
Osha Sathe,6,1,0,1,1,0,0.0,LOW
Robert Dalal,6,1,0,1,1,0,0.0,LOW
Nilima Dyal,6,1,0,1,1,0,0.0,LOW
Teerth Bhatt,6,1,0,1,1,0,0.0,LOW
Forum Sant,6,1,0,1,1,0,0.0,LOW
Darpan Bhavsar,6,1,0,1,1,0,0.0,LOW
Jhalak Bail,6,1,0,1,1,0,0.0,LOW
Ekbal Pal,6,1,0,1,1,0,0.0,LOW
Meghana Zachariah,6,1,0,1,1,0,0.0,LOW
Baljiwan Batta,6,1,0,1,1,0,0.0,LOW
Imaran Raghavan,6,1,0,1,1,0,0.0,LOW
Ijaya Sood,6,1,0,1,1,0,0.0,LOW
Jasmit Nayar,6,1,0,1,1,0,0.0,LOW
Jonathan Naik,6,1,0,1,1,0,0.0,LOW
Parth Sawhney,6,1,0,1,1,0,0.0,LOW
Meera Dhillon,6,1,0,1,1,0,0.0,LOW
Oliver Kalla,6,1,0,1,1,0,0.0,LOW
Henry Dhaliwal,6,1,0,1,1,0,0.0,LOW
Ekaja Barad,6,1,0,1,1,0,0.0,LOW
Jhalak Morar,6,1,0,1,1,0,0.0,LOW
Bhavini Kamdar,6,1,0,1,1,0,0.0,LOW
Gauri Deshpande,6,1,0,1,1,0,0.0,LOW
Upkaar Master,6,1,0,1,1,0,0.0,LOW
Daniel Chhabra,6,1,0,1,1,0,0.0,LOW
Vasudha Khurana,6,1,0,1,1,0,0.0,LOW
Idika Dass,6,1,0,1,1,0,0.0,LOW
Nitara Barad,6,1,0,1,1,0,0.0,LOW
Amara Gola,6,1,0,1,1,0,0.0,LOW
Bimala Mitter,6,1,0,1,1,0,0.0,LOW
Nirja Saxena,6,1,0,1,1,0,0.0,LOW
Dev Chanda,6,1,0,1,1,0,0.0,LOW
Mitesh Lanka,6,1,0,1,1,0,0.0,LOW
Aarini Taneja,6,1,0,1,1,0,0.0,LOW
Darsh Soni,6,1,0,1,1,0,0.0,LOW
Manan Gokhale,6,1,0,1,1,0,0.0,LOW
Nachiket Lanka,6,1,0,1,1,0,0.0,LOW
Yatan Chauhan,6,1,0,1,1,0,0.0,LOW
Dalbir Chandran,6,1,0,1,1,0,0.0,LOW
Triveni Oak,6,1,0,1,1,0,0.0,LOW
Janani Ganesan,6,1,0,1,1,0,0.0,LOW
Sai Parekh,6,1,0,1,1,0,0.0,LOW
Riya Chaudhari,6,1,0,1,1,0,0.0,LOW
Vrinda Natt,6,1,0,1,1,0,0.0,LOW
Janya Sahota,6,1,0,1,1,0,0.0,LOW
Odika Tiwari,6,1,0,1,1,0,0.0,LOW
Zashil Varkey,6,1,0,1,1,0,0.0,LOW
Indali Kannan,6,1,0,1,1,0,0.0,LOW
Meghana Vohra,6,1,0,1,1,0,0.0,LOW
Tanmayi Issac,6,1,0,1,1,0,0.0,LOW
Yamini Luthra,6,1,0,1,1,0,0.0,LOW
Ishaan Korpal,6,1,0,1,1,0,0.0,LOW
Aradhana Ganguly,6,1,0,1,1,0,0.0,LOW
Kritika Uppal,6,1,0,1,1,0,0.0,LOW
Bhanumati Ranganathan,6,1,0,1,1,0,0.0,LOW
Rajata Bhakta,6,1,0,1,1,0,0.0,LOW
Qarin Bhasin,6,1,0,1,1,0,0.0,LOW
Ekapad Bir,6,1,0,1,1,0,0.0,LOW
Riya Chauhan,6,1,0,1,1,0,0.0,LOW
Jeevika Maharaj,6,1,0,1,1,0,0.0,LOW
Tanveer Saha,6,1,0,1,1,0,0.0,LOW
Farhan Gour,6,1,0,1,1,0,0.0,LOW
Ijaya Dube,6,1,0,1,1,0,0.0,LOW
Harsh Bhattacharyya,6,1,0,1,1,0,0.0,LOW
Girik Narain,6,1,0,1,1,0,0.0,LOW
Ojas Dalal,6,1,0,1,1,0,0.0,LOW
Tamanna Nayak,6,1,0,1,1,0,0.0,LOW
Ria Vala,6,1,0,1,1,0,0.0,LOW
Chasmum Singhal,6,1,0,1,1,0,0.0,LOW
Chavvi Viswanathan,6,1,0,1,1,0,0.0,LOW
Karan Kari,6,1,0,1,1,0,0.0,LOW
Harita Mohanty,6,1,0,1,1,0,0.0,LOW
Raksha Badal,6,1,0,1,1,0,0.0,LOW
Leela Prabhu,6,1,0,1,1,0,0.0,LOW
Gaurang Vala,6,1,0,1,1,0,0.0,LOW
Janani Gole,6,1,0,1,1,0,0.0,LOW
Nathaniel Panchal,6,1,0,1,1,0,0.0,LOW
Aayush Soni,6,1,0,1,1,0,0.0,LOW
Warda Kumar,6,1,0,1,1,0,0.0,LOW
Falguni Sura,6,1,0,1,1,0,0.0,LOW
Ria Shere,6,1,0,1,1,0,0.0,LOW
Vedhika Goswami,6,1,0,1,1,0,0.0,LOW
Jagrati Maharaj,6,1,0,1,1,0,0.0,LOW
Pranav Saxena,6,1,0,1,1,0,0.0,LOW
Omisha Bakshi,6,1,0,1,1,0,0.0,LOW
Nicholas Vala,6,1,0,1,1,0,0.0,LOW
Simon Sidhu,6,1,0,1,1,0,0.0,LOW
Avni Dara,6,1,0,1,1,0,0.0,LOW
Teerth Natt,6,1,0,1,1,0,0.0,LOW
Januja Padmanabhan,6,1,0,1,1,0,0.0,LOW
Karan Biswas,6,1,0,1,1,0,0.0,LOW
Maanas Setty,6,1,0,1,1,0,0.0,LOW
Samuel Minhas,6,1,0,1,1,0,0.0,LOW
Udant Rastogi,6,1,0,1,1,0,0.0,LOW
Harish Bath,6,1,0,1,1,0,0.0,LOW
Ishani Boase,6,1,0,1,1,0,0.0,LOW
Jagrati Ganesan,6,1,0,1,1,0,0.0,LOW
Samuel Divan,6,1,0,1,1,0,0.0,LOW
Damyanti Manne,6,1,0,1,1,0,0.0,LOW
Zashil Date,6,1,0,1,1,0,0.0,LOW
Gunbir Zacharia,6,1,0,1,1,0,0.0,LOW
Urmi Borde,6,1,0,1,1,0,0.0,LOW
Krisha Edwin,6,1,0,1,1,0,0.0,LOW
Bakhshi Wable,6,1,0,1,1,0,0.0,LOW
Jeet Mammen,6,1,0,1,1,0,0.0,LOW
Nihal Palan,6,1,0,1,1,0,0.0,LOW
Osha Borde,6,1,0,1,1,0,0.0,LOW
Sanaya Sarkar,6,1,0,1,1,0,0.0,LOW
Vanya Reddy,6,1,0,1,1,0,0.0,LOW
Jasmit Bhasin,6,1,0,1,1,0,0.0,LOW
Dayita Kari,6,1,0,1,1,0,0.0,LOW
Manthan Uppal,6,1,0,1,1,0,0.0,LOW
Yasti Garg,6,1,0,1,1,0,0.0,LOW
Kamya Dugal,6,1,0,1,1,0,0.0,LOW
Nitesh Patil,6,1,0,1,1,0,0.0,LOW
Udarsh Chopra,6,1,0,1,1,0,0.0,LOW
Xalak Vaidya,6,1,0,1,1,0,0.0,LOW
Barkha Karan,6,1,0,1,1,0,0.0,LOW
Veda Hegde,6,1,0,1,1,0,0.0,LOW
Madhav Uppal,6,1,0,1,1,0,0.0,LOW
Yash Chada,6,1,0,1,1,0,0.0,LOW
Nathaniel Das,6,1,0,1,1,0,0.0,LOW
Qasim Bassi,6,1,0,1,1,0,0.0,LOW
Advik Agarwal,6,1,0,1,1,0,0.0,LOW
Rishi Agate,6,1,0,1,1,0,0.0,LOW
Maanas Sethi,6,1,0,1,1,0,0.0,LOW
Nimrat Nagi,6,1,0,1,1,0,0.0,LOW
Riya Acharya,6,1,0,1,1,0,0.0,LOW
Jonathan Sengupta,6,1,0,1,1,0,0.0,LOW
Reyansh Mammen,6,1,0,1,1,0,0.0,LOW
Ira Wali,6,1,0,1,1,0,0.0,LOW
Sara Bhakta,6,1,0,1,1,0,0.0,LOW
Udant Ratti,6,1,0,1,1,0,0.0,LOW
Lekha Handa,6,1,0,1,1,0,0.0,LOW
Advaith Ray,6,1,0,1,1,0,0.0,LOW
Kritika Batta,6,1,0,1,1,0,0.0,LOW
Ria Soman,6,1,0,1,1,0,0.0,LOW
Dominic Ganguly,6,1,0,1,1,0,0.0,LOW
Mitali Sani,6,1,0,1,1,0,0.0,LOW
Krisha De,6,1,0,1,1,0,0.0,LOW
Bishakha Virk,6,1,0,1,1,0,0.0,LOW
Neel Dasgupta,6,1,0,1,1,0,0.0,LOW
Damini Pandit,6,1,0,1,1,0,0.0,LOW
Waida Zachariah,6,1,0,1,1,0,0.0,LOW
Teerth Dutta,6,1,0,1,1,0,0.0,LOW
Rohan Sule,6,1,0,1,1,0,0.0,LOW
Yashawini Chada,6,1,0,1,1,0,0.0,LOW
Inaya Rama,6,1,0,1,1,0,0.0,LOW
Banjeet Sharma,6,1,0,1,1,0,0.0,LOW
Kashvi Suresh,6,1,0,1,1,0,0.0,LOW
Shivani Kala,6,1,0,1,1,0,0.0,LOW
Bimala Sehgal,6,1,0,1,1,0,0.0,LOW
Lopa Sandhu,6,1,0,1,1,0,0.0,LOW
Arunima Raj,6,1,0,1,1,0,0.0,LOW
Brijesh Shere,6,1,0,1,1,0,0.0,LOW
Vedika Bhalla,6,1,0,1,1,0,0.0,LOW
Gauri Vyas,6,1,0,1,1,0,0.0,LOW
Saksham Sur,6,1,0,1,1,0,0.0,LOW
Ishani Sunder,6,1,0,1,1,0,0.0,LOW
Chasmum Chadha,6,1,0,1,1,0,0.0,LOW
Saanvi Wason,6,1,0,1,1,0,0.0,LOW
Sai Sachdeva,6,1,0,1,1,0,0.0,LOW
Timothy Dar,6,1,0,1,1,0,0.0,LOW
Logan Tara,6,1,0,1,1,0,0.0,LOW
Advaith Bala,6,1,0,1,1,0,0.0,LOW
Liam Chaudhuri,6,1,0,1,1,0,0.0,LOW
Girish Narayan,6,1,0,1,1,0,0.0,LOW
Yoshita Goda,6,1,0,1,1,0,0.0,LOW
Harini Baral,6,1,0,1,1,0,0.0,LOW
Forum Bedi,6,1,0,1,1,0,0.0,LOW
Janaki Barad,6,1,0,1,1,0,0.0,LOW
Jatin Sastry,6,1,0,1,1,0,0.0,LOW
Kashish Pai,6,1,0,1,1,0,0.0,LOW
Devansh Mand,6,1,0,1,1,0,0.0,LOW
Thomas Chad,6,1,0,1,1,0,0.0,LOW
Omisha Kapoor,6,1,0,1,1,0,0.0,LOW
Kashvi Kashyap,6,1,0,1,1,0,0.0,LOW
Ati Dube,6,1,0,1,1,0,0.0,LOW
Yadavi Manda,6,1,0,1,1,0,0.0,LOW
Wriddhish Acharya,6,1,0,1,1,0,0.0,LOW
Arjun Sagar,6,1,0,1,1,0,0.0,LOW
Wridesh Batta,6,1,0,1,1,0,0.0,LOW
Maanas Raghavan,6,1,0,1,1,0,0.0,LOW
Adweta Om,6,1,0,1,1,0,0.0,LOW
Harinakshi Nadkarni,6,1,0,1,1,0,0.0,LOW
Anay Gera,6,1,0,1,1,0,0.0,LOW
Ira Dutta,6,1,0,1,1,0,0.0,LOW
Jalsa Mander,6,1,0,1,1,0,0.0,LOW
Harish Upadhyay,6,1,0,1,1,0,0.0,LOW
Faras Bali,6,1,0,1,1,0,0.0,LOW
Reva Dani,6,1,0,1,1,0,0.0,LOW
Hiral Sama,6,1,0,1,1,0,0.0,LOW
Kevin Kurian,6,1,0,1,1,0,0.0,LOW
Odika Mutti,6,1,0,1,1,0,0.0,LOW
Garima Tailor,6,1,0,1,1,0,0.0,LOW
Osha Madan,6,1,0,1,1,0,0.0,LOW
Januja Malhotra,6,1,0,1,1,0,0.0,LOW
Yochana Kar,6,1,0,1,1,0,0.0,LOW
Kala Wagle,6,1,0,1,1,0,0.0,LOW
Kashvi Naidu,6,1,0,1,1,0,0.0,LOW
Jhalak Wable,6,1,0,1,1,0,0.0,LOW
Yatin Dixit,6,1,0,1,1,0,0.0,LOW
Maanav Maharaj,6,1,0,1,1,0,0.0,LOW
Kritika Wagle,6,1,0,1,1,0,0.0,LOW
Yachana Gokhale,6,1,0,1,1,0,0.0,LOW
Falguni Talwar,6,1,0,1,1,0,0.0,LOW
Indira Saxena,6,1,0,1,1,0,0.0,LOW
Lucky Gupta,6,1,0,1,1,0,0.0,LOW
Devika Mani,6,1,0,1,1,0,0.0,LOW
Wishi Kant,6,1,0,1,1,0,0.0,LOW
Zansi Raja,6,1,0,1,1,0,0.0,LOW
Naveen Jayaraman,6,1,0,1,1,0,0.0,LOW
Oscar Mutti,6,1,0,1,1,0,0.0,LOW
Ekanta Salvi,6,1,0,1,1,0,0.0,LOW
Ikshita Balakrishnan,6,1,0,1,1,0,0.0,LOW
Anthony Brar,6,1,0,1,1,0,0.0,LOW
Manthan D’Alia,6,1,0,1,1,0,0.0,LOW
Avi Sahota,6,1,0,1,1,0,0.0,LOW
Harsh Raja,6,1,0,1,1,0,0.0,LOW
Hritik Golla,6,1,0,1,1,0,0.0,LOW
Nimrat Puri,6,1,0,1,1,0,0.0,LOW
Chameli Dhingra,6,1,0,1,1,0,0.0,LOW
Dhriti Rout,6,1,0,1,1,0,0.0,LOW
Chandresh Nadkarni,6,1,0,1,1,0,0.0,LOW
Kalpit Gara,6,1,0,1,1,0,0.0,LOW
Watika Chandran,6,1,0,1,1,0,0.0,LOW
Fariq Chaudhary,6,1,0,1,1,0,0.0,LOW
Turvi Barman,6,1,0,1,1,0,0.0,LOW
Samarth Raman,6,1,0,1,1,0,0.0,LOW
Nidhi Khare,6,1,0,1,1,0,0.0,LOW
Yahvi Tella,6,1,0,1,1,0,0.0,LOW
Andrew Mannan,6,1,0,1,1,0,0.0,LOW
Samuel Bhavsar,6,1,0,1,1,0,0.0,LOW
Falak Srivastava,6,1,0,1,1,0,0.0,LOW
George Majumdar,6,1,0,1,1,0,0.0,LOW
Ekapad Yohannan,6,1,0,1,1,0,0.0,LOW
Deepa Salvi,6,1,0,1,1,0,0.0,LOW
Ranbir Wali,6,1,0,1,1,0,0.0,LOW
Darpan Dada,6,1,0,1,1,0,0.0,LOW
Irya Thakkar,6,1,0,1,1,0,0.0,LOW
Tanay Arora,6,1,0,1,1,0,0.0,LOW
Zarna Deshpande,6,1,0,1,1,0,0.0,LOW
Ubika Jha,6,1,0,1,1,0,0.0,LOW
Chasmum Kaul,6,1,0,1,1,0,0.0,LOW
Advay Murty,6,1,0,1,1,0,0.0,LOW
Rohan Gokhale,6,1,0,1,1,0,0.0,LOW
Darika Vyas,6,1,0,1,1,0,0.0,LOW
Harshil Narang,6,1,0,1,1,0,0.0,LOW
Vidhi Garde,6,1,0,1,1,0,0.0,LOW
Yachana Prasad,6,1,0,1,1,0,0.0,LOW
Vrinda Bakshi,6,1,0,1,1,0,0.0,LOW
Qadim Nadig,6,1,0,1,1,0,0.0,LOW
Anjali Saxena,6,1,0,1,1,0,0.0,LOW
Tarak Deo,6,1,0,1,1,0,0.0,LOW
Ekani Vala,6,1,0,1,1,0,0.0,LOW
Jagvi Dayal,6,1,0,1,1,0,0.0,LOW
Chaaya Sastry,6,1,0,1,1,0,0.0,LOW
Ekapad Mutti,6,1,0,1,1,0,0.0,LOW
Ekanta Edwin,6,1,0,1,1,0,0.0,LOW
Advaith Thaman,6,1,0,1,1,0,0.0,LOW
Wakeeta Raja,6,1,0,1,1,0,0.0,LOW
Tara Khatri,6,1,0,1,1,0,0.0,LOW
Dev Tak,6,1,0,1,1,0,0.0,LOW
Nisha Badal,6,1,0,1,1,0,0.0,LOW
Ubika Thaman,6,1,0,1,1,0,0.0,LOW
Bhavya Grover,6,1,0,1,1,0,0.0,LOW
Varenya Buch,6,1,0,1,1,0,0.0,LOW
Ekapad Mander,6,1,0,1,1,0,0.0,LOW
Amol Rajan,6,1,0,1,1,0,0.0,LOW
Veda Sabharwal,6,1,0,1,1,0,0.0,LOW
Baljiwan Ahluwalia,6,1,0,1,1,0,0.0,LOW
Rishi Gade,6,1,0,1,1,0,0.0,LOW
Wazir More,6,1,0,1,1,0,0.0,LOW
Aradhana Jaggi,6,1,0,1,1,0,0.0,LOW
Balvan Bail,6,1,0,1,1,0,0.0,LOW
Vinaya Lalla,6,1,0,1,1,0,0.0,LOW
Quincy Gola,6,1,0,1,1,0,0.0,LOW
Warjas Bhandari,6,1,0,1,1,0,0.0,LOW
Bishakha Sankar,6,1,0,1,1,0,0.0,LOW
Sarthak Chandra,6,1,0,1,1,0,0.0,LOW
Darpan Talwar,6,1,0,1,1,0,0.0,LOW
Ucchal Goel,6,1,0,1,1,0,0.0,LOW
Noah Bora,6,1,0,1,1,0,0.0,LOW
Aachal Prabhakar,6,1,0,1,1,0,0.0,LOW
Finn Gala,6,1,0,1,1,0,0.0,LOW
Yug Dass,6,1,0,1,1,0,0.0,LOW
Vansha Dhawan,6,1,0,1,1,0,0.0,LOW
Aachal Mandal,6,1,0,1,1,0,0.0,LOW
Bhavna Baria,6,1,0,1,1,0,0.0,LOW
Sachi Om,6,1,0,1,1,0,0.0,LOW
Neha Kanda,6,1,0,1,1,0,0.0,LOW
Vamakshi Khatri,6,1,0,1,1,0,0.0,LOW
Gabriel Grover,6,1,0,1,1,0,0.0,LOW
Jeevika Chand,6,1,0,1,1,0,0.0,LOW
Robert Mangat,6,1,0,1,1,0,0.0,LOW
Isaac Bhalla,6,1,0,1,1,0,0.0,LOW
Zansi Chhabra,6,1,0,1,1,0,0.0,LOW
Gaurang Kala,6,1,0,1,1,0,0.0,LOW
Brinda Narain,6,1,0,1,1,0,0.0,LOW
Bhavna Loyal,6,1,0,1,1,0,0.0,LOW
Ikbal Ratti,6,1,0,1,1,0,0.0,LOW
Damini Ranganathan,6,1,0,1,1,0,0.0,LOW
Ishani Sarraf,6,1,0,1,1,0,0.0,LOW
Anay Prabhu,6,1,0,1,1,0,0.0,LOW
Warda Edwin,6,1,0,1,1,0,0.0,LOW
Anirudh Menon,6,1,0,1,1,0,0.0,LOW
Rishi Solanki,6,1,0,1,1,0,0.0,LOW
Devansh Deshpande,6,1,0,1,1,0,0.0,LOW
Girindra Bawa,6,1,0,1,1,0,0.0,LOW
Varsha Patla,6,1,0,1,1,0,0.0,LOW
Gaurika Gala,6,1,0,1,1,0,0.0,LOW
Jhalak Nadkarni,6,1,0,1,1,0,0.0,LOW
Watika Khanna,6,1,0,1,1,0,0.0,LOW
Ira Nagar,6,1,0,1,1,0,0.0,LOW
Laban Kulkarni,6,1,0,1,1,0,0.0,LOW
David Bhardwaj,6,1,0,1,1,0,0.0,LOW
Charan Mitter,6,1,0,1,1,0,0.0,LOW
Eiravati Parmer,6,1,0,1,1,0,0.0,LOW
Devansh Bobal,6,1,0,1,1,0,0.0,LOW
Ethan Sachdeva,6,1,0,1,1,0,0.0,LOW
Ladli Mahal,6,1,0,1,1,0,0.0,LOW
Lucky Kade,6,1,0,1,1,0,0.0,LOW
Damyanti Wason,6,1,0,1,1,0,0.0,LOW
Chakradhar Majumdar,6,1,0,1,1,0,0.0,LOW
Eshana Bajwa,6,1,0,1,1,0,0.0,LOW
Jeet Chowdhury,6,1,0,1,1,0,0.0,LOW
Chaitaly Sandal,6,1,0,1,1,0,0.0,LOW
Amara Ganesan,6,1,0,1,1,0,0.0,LOW
Yadavi Lad,6,1,0,1,1,0,0.0,LOW
Adweta Badami,6,1,0,1,1,0,0.0,LOW
Meera Upadhyay,6,1,0,1,1,0,0.0,LOW
Saumya Saha,6,1,0,1,1,0,0.0,LOW
Indali Sehgal,6,1,0,1,1,0,0.0,LOW
Gautami Ratta,6,1,0,1,1,0,0.0,LOW
Jasmit Pandey,6,1,0,1,1,0,0.0,LOW
Eshana Hayre,6,1,0,1,1,0,0.0,LOW
Samar Dara,6,1,0,1,1,0,0.0,LOW
Frado Dugal,6,1,0,1,1,0,0.0,LOW
Vritti Dyal,6,1,0,1,1,0,0.0,LOW
Chaaya Puri,6,1,0,1,1,0,0.0,LOW
Rachana Pradhan,6,1,0,1,1,0,0.0,LOW
Dev Chad,6,1,0,1,1,0,0.0,LOW
Zinal Kant,6,1,0,1,1,0,0.0,LOW
Lila Gole,6,1,0,1,1,0,0.0,LOW
Amol Bhardwaj,6,1,0,1,1,0,0.0,LOW
Alka Rana,6,1,0,1,1,0,0.0,LOW
Harita Srivastava,6,1,0,1,1,0,0.0,LOW
Ijaya Bhakta,6,1,0,1,1,0,0.0,LOW
Qarin Dora,6,1,0,1,1,0,0.0,LOW
Wriddhish Mane,6,1,0,1,1,0,0.0,LOW
Omkaar Sem,6,1,0,1,1,0,0.0,LOW
Michael Sundaram,6,1,0,1,1,0,0.0,LOW
Veda Ravel,6,1,0,1,1,0,0.0,LOW
Aarini Sharaf,6,1,0,1,1,0,0.0,LOW
Devika Pandya,6,1,0,1,1,0,0.0,LOW
Avi Bhargava,6,1,0,1,1,0,0.0,LOW
Joshua Cherian,6,1,0,1,1,0,0.0,LOW
Isaac Hans,6,1,0,1,1,0,0.0,LOW
Kiaan Mukherjee,6,1,0,1,1,0,0.0,LOW
Thomas Naik,6,1,0,1,1,0,0.0,LOW
Gaurangi Sastry,6,1,0,1,1,0,0.0,LOW
Vrinda Raval,6,1,0,1,1,0,0.0,LOW
Lajita Sama,6,1,0,1,1,0,0.0,LOW
Yuvraj Ravel,6,1,0,1,1,0,0.0,LOW
Ekavir Banerjee,6,1,0,1,1,0,0.0,LOW
Tanvi Kurian,6,1,0,1,1,0,0.0,LOW
Vyanjana Sami,6,1,0,1,1,0,0.0,LOW
Dev Kari,6,1,0,1,1,0,0.0,LOW
Arjun Batra,6,1,0,1,1,0,0.0,LOW
Chasmum Loke,6,1,0,1,1,0,0.0,LOW
Ekaja Radhakrishnan,6,1,0,1,1,0,0.0,LOW
Fiyaz Basu,6,1,0,1,1,0,0.0,LOW
Pooja Chakraborty,6,1,0,1,1,0,0.0,LOW
Kritika Nazareth,6,1,0,1,1,0,0.0,LOW
Charita Char,6,1,0,1,1,0,0.0,LOW
Manbir Korpal,6,1,0,1,1,0,0.0,LOW
Damini Uppal,6,1,0,1,1,0,0.0,LOW
Falak Gaba,6,1,0,1,1,0,0.0,LOW
Ojas Aggarwal,6,1,0,1,1,0,0.0,LOW
Arunima Garde,6,1,0,1,1,0,0.0,LOW
Gaurika Datta,6,1,0,1,1,0,0.0,LOW
Megha Sood,6,1,0,1,1,0,0.0,LOW
Chasmum Oommen,6,1,0,1,1,0,0.0,LOW
Caleb Arya,6,1,0,1,1,0,0.0,LOW
Aachal Venkatesh,6,1,0,1,1,0,0.0,LOW
Kamya Ben,6,1,0,1,1,0,0.0,LOW
Harita Bahl,6,1,0,1,1,0,0.0,LOW
Ekalinga Pandya,6,1,0,1,1,0,0.0,LOW
Yatin Choudhury,6,1,0,1,1,0,0.0,LOW
Dalaja Chandran,6,1,0,1,1,0,0.0,LOW
Nihal Magar,6,1,0,1,1,0,0.0,LOW
Wyatt Sagar,6,1,0,1,1,0,0.0,LOW
Anmol Mahajan,6,1,0,1,1,0,0.0,LOW
Fitan Sarkar,6,1,0,1,1,0,0.0,LOW
Anita Yohannan,6,1,0,1,1,0,0.0,LOW
Aahana Chandra,6,1,0,1,1,0,0.0,LOW
Alka Seth,6,1,0,1,1,0,0.0,LOW
Jackson Arya,6,1,0,1,1,0,0.0,LOW
Amara Dhillon,6,1,0,1,1,0,0.0,LOW
Warhi Sarin,6,1,0,1,1,0,0.0,LOW
Oliver Mukhopadhyay,6,1,0,1,1,0,0.0,LOW
Charles Bhasin,6,1,0,1,1,0,0.0,LOW
Waida Mohanty,6,1,0,1,1,0,0.0,LOW
Anay Chander,6,1,0,1,1,0,0.0,LOW
Rachana Ahluwalia,6,1,0,1,1,0,0.0,LOW
Abhiram Dora,6,1,0,1,1,0,0.0,LOW
Manya Taneja,6,1,0,1,1,0,0.0,LOW
Chameli Tara,6,1,0,1,1,0,0.0,LOW
Samaksh Yohannan,6,1,0,1,1,0,0.0,LOW
Vivaan Bava,6,1,0,1,1,0,0.0,LOW
Yagnesh D’Alia,6,1,0,1,1,0,0.0,LOW
Ubika Dayal,6,1,0,1,1,0,0.0,LOW
Lila Dara,6,1,0,1,1,0,0.0,LOW
Samar Vora,6,1,0,1,1,0,0.0,LOW
Chatresh Ram,6,1,0,1,1,0,0.0,LOW
Yuvraj Bhatt,6,1,0,1,1,0,0.0,LOW
Diya Warrior,6,1,0,1,1,0,0.0,LOW
Vrishti Savant,6,1,0,1,1,0,0.0,LOW
Gautam Sengupta,6,1,0,1,1,0,0.0,LOW
Dalbir Walia,6,1,0,1,1,0,0.0,LOW
Anay Mohanty,6,1,0,1,1,0,0.0,LOW
Varsha Deo,6,1,0,1,1,0,0.0,LOW
Ekansh Murty,6,1,0,1,1,0,0.0,LOW
Vansha Kaul,6,1,0,1,1,0,0.0,LOW
Gopal Chowdhury,6,1,0,1,1,0,0.0,LOW
Omya Banerjee,6,1,0,1,1,0,0.0,LOW
Gayathri Palan,6,1,0,1,1,0,0.0,LOW
Gautam Dey,6,1,0,1,1,0,0.0,LOW
Triveni Saini,6,1,0,1,1,0,0.0,LOW
Panini Bora,6,1,0,1,1,0,0.0,LOW
Pranav Hegde,6,1,0,1,1,0,0.0,LOW
Veda Upadhyay,6,1,0,1,1,0,0.0,LOW
Guneet Goel,6,1,0,1,1,0,0.0,LOW
Ekaja Bobal,6,1,0,1,1,0,0.0,LOW
Dalbir Khosla,6,1,0,1,1,0,0.0,LOW
Ridhi Chokshi,6,1,0,1,1,0,0.0,LOW
Sathvik Seth,6,1,0,1,1,0,0.0,LOW
Gaurangi Wagle,6,1,0,1,1,0,0.0,LOW
Pallavi Nori,6,1,0,1,1,0,0.0,LOW
Baljiwan Nanda,6,1,0,1,1,0,0.0,LOW
Ekaja Varma,6,1,0,1,1,0,0.0,LOW
Hardik Chowdhury,6,1,0,1,1,0,0.0,LOW
Daksha Khosla,6,1,0,1,1,0,0.0,LOW
Xiti Chad,6,1,0,1,1,0,0.0,LOW
Bimala Mall,6,1,0,1,1,0,0.0,LOW
Yug Ahuja,6,1,0,1,1,0,0.0,LOW
Vasatika Ganesh,6,1,0,1,1,0,0.0,LOW
Ikshita Khalsa,6,1,0,1,1,0,0.0,LOW
Mohini Nigam,6,1,0,1,1,0,0.0,LOW
Rajeshri Tank,6,1,0,1,1,0,0.0,LOW
Chasmum Shere,6,1,0,1,1,0,0.0,LOW
Lavanya Dora,6,1,0,1,1,0,0.0,LOW
Mugdha Parsa,6,1,0,1,1,0,0.0,LOW
Wriddhish Balasubramanian,6,1,0,1,1,0,0.0,LOW
Max Chandran,6,1,0,1,1,0,0.0,LOW
Xiti Gokhale,6,1,0,1,1,0,0.0,LOW
Ishita Mander,6,1,0,1,1,0,0.0,LOW
Anya Pathak,6,1,0,1,1,0,0.0,LOW
Max Brar,6,1,0,1,1,0,0.0,LOW
Samar Lala,6,1,0,1,1,0,0.0,LOW
Xiti Mahal,6,1,0,1,1,0,0.0,LOW
Urmi Shenoy,6,1,0,1,1,0,0.0,LOW
Atharv Malhotra,6,1,0,1,1,0,0.0,LOW
Jeremiah Nagar,6,1,0,1,1,0,0.0,LOW
Jagvi Swamy,6,1,0,1,1,0,0.0,LOW
Zinal Rege,6,1,0,1,1,0,0.0,LOW
Ganga Kumer,6,1,0,1,1,0,0.0,LOW
Frado Vig,6,1,0,1,1,0,0.0,LOW
Chaman Saran,6,1,0,1,1,0,0.0,LOW
Turvi D’Alia,6,1,0,1,1,0,0.0,LOW
Vivaan Johal,6,1,0,1,1,0,0.0,LOW
Vaishnavi Sachdeva,6,1,0,1,1,0,0.0,LOW
Ayaan Chad,6,1,0,1,1,0,0.0,LOW
Damyanti Garde,6,1,0,1,1,0,0.0,LOW
Robert Mand,6,1,0,1,1,0,0.0,LOW
Isaac De,6,1,0,1,1,0,0.0,LOW
Lakshmi Cheema,6,1,0,1,1,0,0.0,LOW
Unni Nadkarni,6,1,0,1,1,0,0.0,LOW
Yachana Doctor,6,1,0,1,1,0,0.0,LOW
Shivansh Luthra,6,1,0,1,1,0,0.0,LOW
Jagrati Majumdar,6,1,0,1,1,0,0.0,LOW
Aradhana Dutta,6,1,0,1,1,0,0.0,LOW
Balvan Deol,6,1,0,1,1,0,0.0,LOW
Anya Jaggi,6,1,0,1,1,0,0.0,LOW
Nimrat Sehgal,6,1,0,1,1,0,0.0,LOW
Manan Barad,6,1,0,1,1,0,0.0,LOW
Jalsa Sahota,6,1,0,1,1,0,0.0,LOW
Radha Borra,6,1,0,1,1,0,0.0,LOW
Luke Bahl,6,1,0,1,1,0,0.0,LOW
Turvi Oommen,6,1,0,1,1,0,0.0,LOW
Krishna Naidu,6,1,0,1,1,0,0.0,LOW
Vasana Ratti,6,1,0,1,1,0,0.0,LOW
Vasudha Kaur,6,1,0,1,1,0,0.0,LOW
Chandran Pradhan,6,1,0,1,1,0,0.0,LOW
Eshana Palan,6,1,0,1,1,0,0.0,LOW
Oni Venkataraman,6,1,0,1,1,0,0.0,LOW
Owen Yadav,6,1,0,1,1,0,0.0,LOW
Gopal Bava,6,1,0,1,1,0,0.0,LOW
Vaishnavi Bhattacharyya,6,1,0,1,1,0,0.0,LOW
Mahika Tak,6,1,0,1,1,0,0.0,LOW
Kashvi Ramachandran,6,1,0,1,1,0,0.0,LOW
Bishakha Muni,6,1,0,1,1,0,0.0,LOW
Chakrika Kara,6,1,0,1,1,0,0.0,LOW
Nilima Zacharia,6,1,0,1,1,0,0.0,LOW
Lila Khare,6,1,0,1,1,0,0.0,LOW
Hredhaan Thakur,6,1,0,1,1,0,0.0,LOW
Hemal Modi,6,1,0,1,1,0,0.0,LOW
Rudra Srinivasan,6,1,0,1,1,0,0.0,LOW
Upma Nagarajan,6,1,0,1,1,0,0.0,LOW
Wahab Samra,6,1,0,1,1,0,0.0,LOW
Baghyawati Sankar,6,1,0,1,1,0,0.0,LOW
Wazir Bhardwaj,6,1,0,1,1,0,0.0,LOW
Amrita Mahajan,6,1,0,1,1,0,0.0,LOW
Ira Dube,6,1,0,1,1,0,0.0,LOW
Keya Kanda,6,1,0,1,1,0,0.0,LOW
Mitesh Sarma,6,1,0,1,1,0,0.0,LOW
Harrison Subramaniam,6,1,0,1,1,0,0.0,LOW
Chaitaly Das,6,1,0,1,1,0,0.0,LOW
Harsh Khatri,6,1,0,1,1,0,0.0,LOW
Yutika Jaggi,6,1,0,1,1,0,0.0,LOW
Advay Choudhry,6,1,0,1,1,0,0.0,LOW
Jonathan Gala,6,1,0,1,1,0,0.0,LOW
Lucky Bala,6,1,0,1,1,0,0.0,LOW
Tanvi Varty,6,1,0,1,1,0,0.0,LOW
Neel Setty,6,1,0,1,1,0,0.0,LOW
Naksh Bhasin,6,1,0,1,1,0,0.0,LOW
Niharika Bhatia,6,1,0,1,1,0,0.0,LOW
Zansi Mander,6,1,0,1,1,0,0.0,LOW
Chaitaly Chaudhuri,6,1,0,1,1,0,0.0,LOW
Yagnesh Chandra,6,1,0,1,1,0,0.0,LOW
Omya Chandra,6,1,0,1,1,0,0.0,LOW
Samarth Gara,6,1,0,1,1,0,0.0,LOW
Ucchal Sinha,6,1,0,1,1,0,0.0,LOW
Ganga Balakrishnan,6,1,0,1,1,0,0.0,LOW
Sudiksha Bera,6,1,0,1,1,0,0.0,LOW
Mugdha Kaur,6,1,0,1,1,0,0.0,LOW
Gagan Deshmukh,6,1,0,1,1,0,0.0,LOW
Naksh Varma,6,1,0,1,1,0,0.0,LOW
Yamini Kurian,6,1,0,1,1,0,0.0,LOW
Pavani Badal,6,1,0,1,1,0,0.0,LOW
Aishani Din,6,1,0,1,1,0,0.0,LOW
Daksha Trivedi,6,1,0,1,1,0,0.0,LOW
Edhitha Saha,6,1,0,1,1,0,0.0,LOW
Theodore Sarma,6,1,0,1,1,0,0.0,LOW
Samarth Uppal,6,1,0,1,1,0,0.0,LOW
Nathaniel Malhotra,6,1,0,1,1,0,0.0,LOW
Daksha Uppal,6,1,0,1,1,0,0.0,LOW
Krisha Chakrabarti,6,1,0,1,1,0,0.0,LOW
Vihaan Mittal,6,1,0,1,1,0,0.0,LOW
Hema Raghavan,6,1,0,1,1,0,0.0,LOW
Janya Hora,6,1,0,1,1,0,0.0,LOW
Amaira Nanda,6,1,0,1,1,0,0.0,LOW
Tanish Buch,6,1,0,1,1,0,0.0,LOW
Jacob Krishna,6,1,0,1,1,0,0.0,LOW
Isaac Bobal,6,1,0,1,1,0,0.0,LOW
Quincy Nath,6,1,0,1,1,0,0.0,LOW
George Nayar,6,1,0,1,1,0,0.0,LOW
Sai Chand,6,1,0,1,1,0,0.0,LOW
Aashi Ravi,6,1,0,1,1,0,0.0,LOW
Nandini Thakkar,6,1,0,1,1,0,0.0,LOW
Bhanumati Banerjee,6,1,0,1,1,0,0.0,LOW
Omkaar Kant,6,1,0,1,1,0,0.0,LOW
Vritti Chaudhari,6,1,0,1,1,0,0.0,LOW
Kamala Edwin,6,1,0,1,1,0,0.0,LOW
Diya Pant,6,1,0,1,1,0,0.0,LOW
Ganga Chahal,6,1,0,1,1,0,0.0,LOW
Divya Lad,6,1,0,1,1,0,0.0,LOW
Indira Pillai,6,1,0,1,1,0,0.0,LOW
Bhavini Gandhi,6,1,0,1,1,0,0.0,LOW
Keya Chhabra,6,1,0,1,1,0,0.0,LOW
Yashasvi Narayanan,6,1,0,1,1,0,0.0,LOW
Harish Ganesh,6,1,0,1,1,0,0.0,LOW
Lohit Mander,6,1,0,1,1,0,0.0,LOW
Jonathan Varma,6,1,0,1,1,0,0.0,LOW
Chanchal Rai,6,1,0,1,1,0,0.0,LOW
Indrajit Kata,6,1,0,1,1,0,0.0,LOW
Charita Sawhney,6,1,0,1,1,0,0.0,LOW
Gautami Bera,6,1,0,1,1,0,0.0,LOW
Faris Pai,6,1,0,1,1,0,0.0,LOW
Mekhala Choudhry,6,1,0,1,1,0,0.0,LOW
Ekta Hayer,6,1,0,1,1,0,0.0,LOW
Widisha Majumdar,6,1,0,1,1,0,0.0,LOW
Hritik Patil,6,1,0,1,1,0,0.0,LOW
Advika Guha,6,1,0,1,1,0,0.0,LOW
Fitan Halder,6,1,0,1,1,0,0.0,LOW
Yatan Behl,6,1,0,1,1,0,0.0,LOW
Chandani Menon,6,1,0,1,1,0,0.0,LOW
Chaitaly Chandra,6,1,0,1,1,0,0.0,LOW
Triya Desai,6,1,0,1,1,0,0.0,LOW
Kamya Nair,6,1,0,1,1,0,0.0,LOW
Victor Shankar,6,1,0,1,1,0,0.0,LOW
Saksham Ghosh,6,1,0,1,1,0,0.0,LOW
Vrishti Pai,6,1,0,1,1,0,0.0,LOW
Udarsh Thaman,6,1,0,1,1,0,0.0,LOW
Vasana Grewal,6,1,0,1,1,0,0.0,LOW
Lopa Bath,6,1,0,1,1,0,0.0,LOW
Kala Misra,6,1,0,1,1,0,0.0,LOW
Daksh Contractor,6,1,0,1,1,0,0.0,LOW
Aradhana Anand,6,1,0,1,1,0,0.0,LOW
Yochana Rattan,6,1,0,1,1,0,0.0,LOW
Gayathri Aurora,6,1,0,1,1,0,0.0,LOW
Ladli Sandal,6,1,0,1,1,0,0.0,LOW
Ucchal Bobal,6,1,0,1,1,0,0.0,LOW
Oni Khosla,6,1,0,1,1,0,0.0,LOW
Urmi Savant,6,1,0,1,1,0,0.0,LOW
Mohammed Krishna,6,1,0,1,1,0,0.0,LOW
Frado Kakar,6,1,0,1,1,0,0.0,LOW
Rayaan Shere,6,1,0,1,1,0,0.0,LOW
Noah Sarna,6,1,0,1,1,0,0.0,LOW
Agastya Gala,6,1,0,1,1,0,0.0,LOW
Udyati Kumer,6,1,0,1,1,0,0.0,LOW
Quincy Shetty,6,1,0,1,1,0,0.0,LOW
Charan Dhillon,6,1,0,1,1,0,0.0,LOW
Aradhana Saran,6,1,0,1,1,0,0.0,LOW
Rishi Sane,6,1,0,1,1,0,0.0,LOW
Theodore Prasad,6,1,0,1,1,0,0.0,LOW
Mitesh Bora,6,1,0,1,1,0,0.0,LOW
Jagat Yogi,6,1,0,1,1,0,0.0,LOW
Qushi Rama,6,1,0,1,1,0,0.0,LOW
Raksha Lad,6,1,0,1,1,0,0.0,LOW
Ayaan Basu,6,1,0,1,1,0,0.0,LOW
Qasim Bal,6,1,0,1,1,0,0.0,LOW
Janaki Sule,6,1,0,1,1,0,0.0,LOW
Meera Pandey,6,1,0,1,1,0,0.0,LOW
Ekbal Goswami,6,1,0,1,1,0,0.0,LOW
Abhimanyu Subramanian,6,1,0,1,1,0,0.0,LOW
Lohit Vaidya,6,1,0,1,1,0,0.0,LOW
Daniel Srinivasan,6,1,0,1,1,0,0.0,LOW
Patrick Atwal,6,1,0,1,1,0,0.0,LOW
Ronith Varghese,6,1,0,1,1,0,0.0,LOW
Lipika Dhillon,6,1,0,1,1,0,0.0,LOW
Arya Yadav,6,1,0,1,1,0,0.0,LOW
Isha Ratti,6,1,0,1,1,0,0.0,LOW
Tara Misra,6,1,0,1,1,0,0.0,LOW
Bhavani Dalal,6,1,0,1,1,0,0.0,LOW
Elijah Raja,6,1,0,1,1,0,0.0,LOW
Frederick Jha,6,1,0,1,1,0,0.0,LOW
Fiyaz Kuruvilla,6,1,0,1,1,0,0.0,LOW
Vincent Kothari,6,1,0,1,1,0,0.0,LOW
Chavvi Deo,6,1,0,1,1,0,0.0,LOW
Orinder Grover,6,1,0,1,1,0,0.0,LOW
Tanmayi Boase,6,1,0,1,1,0,0.0,LOW
Madhavi Bahl,6,1,0,1,1,0,0.0,LOW
Upadhriti Dara,6,1,0,1,1,0,0.0,LOW
Jagrati Shenoy,6,1,0,1,1,0,0.0,LOW
Hemal Batta,6,1,0,1,1,0,0.0,LOW
Gopal Sunder,6,1,0,1,1,0,0.0,LOW
Advaith Sankaran,6,1,0,1,1,0,0.0,LOW
Thomas Garde,6,1,0,1,1,0,0.0,LOW
Gauri Kibe,6,1,0,1,1,0,0.0,LOW
Samaksh Goel,6,1,0,1,1,0,0.0,LOW
Upma Sandhu,6,1,0,1,1,0,0.0,LOW
Dipta Patel,6,1,0,1,1,0,0.0,LOW
Dalbir Seth,6,1,0,1,1,0,0.0,LOW
Tripti Sama,6,1,0,1,1,0,0.0,LOW
Bakhshi Bhagat,6,1,0,1,1,0,0.0,LOW
Finn Issac,6,1,0,1,1,0,0.0,LOW
Vritti Mody,6,1,0,1,1,0,0.0,LOW
Manbir Magar,6,1,0,1,1,0,0.0,LOW
Ria Morar,6,1,0,1,1,0,0.0,LOW
Yasti Taneja,6,1,0,1,1,0,0.0,LOW
Dhriti Toor,6,1,0,1,1,0,0.0,LOW
Vasatika Bala,6,1,0,1,1,0,0.0,LOW
Omaja Misra,6,1,0,1,1,0,0.0,LOW
Upkaar Dua,6,1,0,1,1,0,0.0,LOW
Darika Malhotra,6,1,0,1,1,0,0.0,LOW
Rachit Sule,6,1,0,1,1,0,0.0,LOW
Megha Vaidya,6,1,0,1,1,0,0.0,LOW
Kavya Buch,6,1,0,1,1,0,0.0,LOW
Victor Boase,6,1,0,1,1,0,0.0,LOW
Luke Mistry,6,1,0,1,1,0,0.0,LOW
Mohammed Balan,6,1,0,1,1,0,0.0,LOW
Ekantika Sunder,6,1,0,1,1,0,0.0,LOW
Kavya Raman,6,1,0,1,1,0,0.0,LOW
Prisha Tara,6,1,0,1,1,0,0.0,LOW
Abdul Yadav,6,1,0,1,1,0,0.0,LOW
Gaurika Chhabra,6,1,0,1,1,0,0.0,LOW
Udyati Mane,6,1,0,1,1,0,0.0,LOW
Harsh Ben,6,1,0,1,1,0,0.0,LOW
Onkar Korpal,6,1,0,1,1,0,0.0,LOW
Alka Zachariah,6,1,0,1,1,0,0.0,LOW
Umang Dhaliwal,6,1,0,1,1,0,0.0,LOW
Ucchal Balasubramanian,6,1,0,1,1,0,0.0,LOW
Tripti Majumdar,6,1,0,1,1,0,0.0,LOW
Abhiram Sem,6,1,0,1,1,0,0.0,LOW
Indrajit Sidhu,6,1,0,1,1,0,0.0,LOW
Vivaan Thakkar,6,1,0,1,1,0,0.0,LOW
Patrick Shetty,6,1,0,1,1,0,0.0,LOW
Gopal Balasubramanian,6,1,0,1,1,0,0.0,LOW
Aayush Arora,6,1,0,1,1,0,0.0,LOW
Jacob Kale,6,1,0,1,1,0,0.0,LOW
Aachal Choudhry,6,1,0,1,1,0,0.0,LOW
Praneel Bumb,6,1,0,1,1,0,0.0,LOW
Vaishnavi Dube,6,1,0,1,1,0,0.0,LOW
Gautam Rama,6,1,0,1,1,0,0.0,LOW
Idika Jani,6,1,0,1,1,0,0.0,LOW
Priya Buch,6,1,0,1,1,0,0.0,LOW
Pavani Anand,6,1,0,1,1,0,0.0,LOW
Qabil Behl,6,1,0,1,1,0,0.0,LOW
Hema Ramachandran,6,1,0,1,1,0,0.0,LOW
Amrita Acharya,6,1,0,1,1,0,0.0,LOW
Chameli Tank,6,1,0,1,1,0,0.0,LOW
Tanveer Khurana,6,1,0,1,1,0,0.0,LOW
Dhruv Dhingra,6,1,0,1,1,0,0.0,LOW
Om Warrior,6,1,0,1,1,0,0.0,LOW
Leena Behl,6,1,0,1,1,0,0.0,LOW
Lucky Andra,6,1,0,1,1,0,0.0,LOW
Niharika Sant,6,1,0,1,1,0,0.0,LOW
Mohini Jayaraman,6,1,0,1,1,0,0.0,LOW
Atharv Sarin,6,1,0,1,1,0,0.0,LOW
Krish Bhavsar,6,1,0,1,1,0,0.0,LOW
Anirudh Sankar,6,1,0,1,1,0,0.0,LOW
Lipika Bumb,6,1,0,1,1,0,0.0,LOW
Amrita Kumer,6,1,0,1,1,0,0.0,LOW
Netra Konda,6,1,0,1,1,0,0.0,LOW
Ojasvi Sharma,6,1,0,1,1,0,0.0,LOW
Wazir Jain,6,1,0,1,1,0,0.0,LOW
Mohini Sha,6,1,0,1,1,0,0.0,LOW
Tripti Issac,6,1,0,1,1,0,0.0,LOW
Harini Raghavan,6,1,0,1,1,0,0.0,LOW
Yauvani Parsa,6,1,0,1,1,0,0.0,LOW
Kritika Viswanathan,6,1,0,1,1,0,0.0,LOW
Zehaan Sandhu,6,1,0,1,1,0,0.0,LOW
Bakhshi Tak,6,1,0,1,1,0,0.0,LOW
Harish Majumdar,6,1,0,1,1,0,0.0,LOW
Victor Sem,6,1,0,1,1,0,0.0,LOW
Irya Rattan,6,1,0,1,1,0,0.0,LOW
Nirja Bhagat,6,1,0,1,1,0,0.0,LOW
Dhriti Majumdar,6,1,0,1,1,0,0.0,LOW
Jalsa Om,6,1,0,1,1,0,0.0,LOW
Kevin Naik,6,1,0,1,1,0,0.0,LOW
Jasmit Sahota,6,1,0,1,1,0,0.0,LOW
Advik Prasad,6,1,0,1,1,0,0.0,LOW
Aradhana Kaur,6,1,0,1,1,0,0.0,LOW
Eta Suri,6,1,0,1,1,0,0.0,LOW
Thomas Raval,6,1,0,1,1,0,0.0,LOW
Ansh Jain,6,1,0,1,1,0,0.0,LOW
Mahika Seshadri,6,1,0,1,1,0,0.0,LOW
Vinaya Dugal,6,1,0,1,1,0,0.0,LOW
Lucky Jain,6,1,0,1,1,0,0.0,LOW
William Mani,6,1,0,1,1,0,0.0,LOW
Vasana Tara,6,1,0,1,1,0,0.0,LOW
Maya Char,6,1,0,1,1,0,0.0,LOW
Rishi Rout,6,1,0,1,1,0,0.0,LOW
Nakul Shanker,6,1,0,1,1,0,0.0,LOW
Inaya Saran,6,1,0,1,1,0,0.0,LOW
Andrew Dua,6,1,0,1,1,0,0.0,LOW
Kabir Gandhi,6,1,0,1,1,0,0.0,LOW
Ira Misra,6,1,0,1,1,0,0.0,LOW
Nandini Agate,6,1,0,1,1,0,0.0,LOW
Yashoda Dube,6,1,0,1,1,0,0.0,LOW
Vidhi Kakar,6,1,0,1,1,0,0.0,LOW
Ishanvi Sarkar,6,1,0,1,1,0,0.0,LOW
Logan Johal,6,1,0,1,1,0,0.0,LOW
Yahvi Sura,6,1,0,1,1,0,0.0,LOW
Ikbal Bhakta,6,1,0,1,1,0,0.0,LOW
Radhika Choudhary,6,1,0,1,1,0,0.0,LOW
Oviya Mittal,6,1,0,1,1,0,0.0,LOW
Yashodhara Keer,6,1,0,1,1,0,0.0,LOW
Aradhana Dube,6,1,0,1,1,0,0.0,LOW
Yagnesh Din,6,1,0,1,1,0,0.0,LOW
Yahvi Devi,6,1,0,1,1,0,0.0,LOW
Nakul Varghese,6,1,0,1,1,0,0.0,LOW
Xalak Vala,6,1,0,1,1,0,0.0,LOW
Yatin Bhalla,6,1,0,1,1,0,0.0,LOW
Vedhika Thakkar,6,1,0,1,1,0,0.0,LOW
Januja Sama,6,1,0,1,1,0,0.0,LOW
Omkaar Bumb,6,1,0,1,1,0,0.0,LOW
Aryan Solanki,6,1,0,1,1,0,0.0,LOW
Chameli Kala,6,1,0,1,1,0,0.0,LOW
Luke Munshi,6,1,0,1,1,0,0.0,LOW
Kabir Balay,6,1,0,1,1,0,0.0,LOW
Chaitanya Singhal,6,1,0,1,1,0,0.0,LOW
Jyoti Sandhu,6,1,0,1,1,0,0.0,LOW
Champak Bedi,6,1,0,1,1,0,0.0,LOW
Dayamai Sridhar,6,1,0,1,1,0,0.0,LOW
Amaira Sangha,6,1,0,1,1,0,0.0,LOW
Oviya Gopal,6,1,0,1,1,0,0.0,LOW
Amrita Chaudhary,6,1,0,1,1,0,0.0,LOW
Jhalak Misra,6,1,0,1,1,0,0.0,LOW
Bachittar Narula,6,1,0,1,1,0,0.0,LOW
Ekalinga Chaudhry,6,1,0,1,1,0,0.0,LOW
Ira Pandya,6,1,0,1,1,0,0.0,LOW
Kritika Hayre,6,1,0,1,1,0,0.0,LOW
Raagini Behl,6,1,0,1,1,0,0.0,LOW
Alexander Guha,6,1,0,1,1,0,0.0,LOW
Mitesh Goel,6,1,0,1,1,0,0.0,LOW
Ira Mann,6,1,0,1,1,0,0.0,LOW
Vedhika Arora,6,1,0,1,1,0,0.0,LOW
Imaran Sastry,6,1,0,1,1,0,0.0,LOW
Jason Balasubramanian,6,1,0,1,1,0,0.0,LOW
Ikshita Kari,6,1,0,1,1,0,0.0,LOW
Janaki Bakshi,6,1,0,1,1,0,0.0,LOW
Nihal Johal,6,1,0,1,1,0,0.0,LOW
Zaid Kota,6,1,0,1,1,0,0.0,LOW
Janaki Solanki,6,1,0,1,1,0,0.0,LOW
Michael Kulkarni,6,1,0,1,1,0,0.0,LOW
Yatan Kohli,6,1,0,1,1,0,0.0,LOW
Ranveer Kurian,6,1,0,1,1,0,0.0,LOW
Daksha Bera,6,1,0,1,1,0,0.0,LOW
Yug Sangha,6,1,0,1,1,0,0.0,LOW
Mitali D’Alia,6,1,0,1,1,0,0.0,LOW
Geetika Bhagat,6,1,0,1,1,0,0.0,LOW
Divya Venkataraman,6,1,0,1,1,0,0.0,LOW
Zayan Rau,6,1,0,1,1,0,0.0,LOW
Eiravati Nayak,6,1,0,1,1,0,0.0,LOW
Nachiket Baria,6,1,0,1,1,0,0.0,LOW
Raagini Date,6,1,0,1,1,0,0.0,LOW
Ansh Behl,6,1,0,1,1,0,0.0,LOW
Ansh Mukhopadhyay,6,1,0,1,1,0,0.0,LOW
Wakeeta Dey,6,1,0,1,1,0,0.0,LOW
Max Nagar,6,1,0,1,1,0,0.0,LOW
Brijesh Bhatia,6,1,0,1,1,0,0.0,LOW
Samuel Chandra,6,1,0,1,1,0,0.0,LOW
Kashvi Zacharia,6,1,0,1,1,0,0.0,LOW
Harrison Jain,6,1,0,1,1,0,0.0,LOW
Harshil Doshi,6,1,0,1,1,0,0.0,LOW
Meera Raval,6,1,0,1,1,0,0.0,LOW
Mohini Prabhakar,6,1,0,1,1,0,0.0,LOW
Henry Tata,6,1,0,1,1,0,0.0,LOW
Tanay Khare,6,1,0,1,1,0,0.0,LOW
Jonathan Rama,6,1,0,1,1,0,0.0,LOW
Vrinda Gara,6,1,0,1,1,0,0.0,LOW
Ridhi Sekhon,6,1,0,1,1,0,0.0,LOW
Yashasvi Dada,6,1,0,1,1,0,0.0,LOW
Samaksh Mittal,6,1,0,1,1,0,0.0,LOW
William Shenoy,6,1,0,1,1,0,0.0,LOW
Pavani Puri,6,1,0,1,1,0,0.0,LOW
Joshua Bhattacharyya,6,1,0,1,1,0,0.0,LOW
Champak Sachdev,6,1,0,1,1,0,0.0,LOW
Praneel Thaker,6,1,0,1,1,0,0.0,LOW
Irya Goda,6,1,0,1,1,0,0.0,LOW
Isaiah Rana,6,1,0,1,1,0,0.0,LOW
Suhani Parsa,6,1,0,1,1,0,0.0,LOW
Wakeeta Oak,6,1,0,1,1,0,0.0,LOW
Tripti Balakrishnan,6,1,0,1,1,0,0.0,LOW
Vedhika Khalsa,6,1,0,1,1,0,0.0,LOW
Balveer Sachdev,6,1,0,1,1,0,0.0,LOW
Arin Bansal,6,1,0,1,1,0,0.0,LOW
Henry Krishnamurthy,6,1,0,1,1,0,0.0,LOW
Aashi Prasad,6,1,0,1,1,0,0.0,LOW
Veer Edwin,6,1,0,1,1,0,0.0,LOW
Neel Ganesan,6,1,0,1,1,0,0.0,LOW
Unni Bandi,6,1,0,1,1,0,0.0,LOW
Ekalinga Chaudhary,6,1,0,1,1,0,0.0,LOW
William Mandal,6,1,0,1,1,0,0.0,LOW
Vrishti Menon,6,1,0,1,1,0,0.0,LOW
Amruta Sule,6,1,0,1,1,0,0.0,LOW
Urvashi Bhavsar,6,1,0,1,1,0,0.0,LOW
Ladli Anne,6,1,0,1,1,0,0.0,LOW
Isha Khurana,6,1,0,1,1,0,0.0,LOW
Veer Chand,6,1,0,1,1,0,0.0,LOW
William Bhavsar,6,1,0,1,1,0,0.0,LOW
Rajeshri Balan,6,1,0,1,1,0,0.0,LOW
Pratyush Sant,6,1,0,1,1,0,0.0,LOW
Ekaja Chadha,6,1,0,1,1,0,0.0,LOW
Viraj Subramanian,6,1,0,1,1,0,0.0,LOW
Isaac Joshi,6,1,0,1,1,0,0.0,LOW
Aarush Ratti,6,1,0,1,1,0,0.0,LOW
Teerth Bhargava,6,1,0,1,1,0,0.0,LOW
Akshay Jain,6,1,0,1,1,0,0.0,LOW
Saanvi Mukherjee,6,1,0,1,1,0,0.0,LOW
Yashvi Chander,6,1,0,1,1,0,0.0,LOW
Maya Aurora,6,1,0,1,1,0,0.0,LOW
Kiaan Jani,6,1,0,1,1,0,0.0,LOW
Siddharth Yogi,6,1,0,1,1,0,0.0,LOW
Oni Brahmbhatt,6,1,0,1,1,0,0.0,LOW
Fariq Kanda,6,1,0,1,1,0,0.0,LOW
Yug Chawla,6,1,0,1,1,0,0.0,LOW
Pallavi Halder,6,1,0,1,1,0,0.0,LOW
Yahvi Dhar,6,1,0,1,1,0,0.0,LOW
Jalsa Prabhu,6,1,0,1,1,0,0.0,LOW
Farhan Barad,6,1,0,1,1,0,0.0,LOW
Gauri Hayre,6,1,0,1,1,0,0.0,LOW
Caleb Gera,6,1,0,1,1,0,0.0,LOW
Tara Gopal,6,1,0,1,1,0,0.0,LOW
Upkaar Bora,6,1,0,1,1,0,0.0,LOW
Jagat Sarkar,6,1,0,1,1,0,0.0,LOW
Inaya Kalla,6,1,0,1,1,0,0.0,LOW
Janaki Arya,6,1,0,1,1,0,0.0,LOW
Riya Oak,6,1,0,1,1,0,0.0,LOW
Vasana Sridhar,6,1,0,1,1,0,0.0,LOW
Ekalinga Parmer,6,1,0,1,1,0,0.0,LOW
Chaman Dutta,6,1,0,1,1,0,0.0,LOW
Ishanvi Rama,6,1,0,1,1,0,0.0,LOW
Yochana Kota,6,1,0,1,1,0,0.0,LOW
Meera Kale,6,1,0,1,1,0,0.0,LOW
Jagdish Ganesh,6,1,0,1,1,0,0.0,LOW
Theodore Shankar,6,1,0,1,1,0,0.0,LOW
Rudra Anne,6,1,0,1,1,0,0.0,LOW
Zansi Aggarwal,6,1,0,1,1,0,0.0,LOW
Omya Contractor,6,1,0,1,1,0,0.0,LOW
Triya Kunda,6,1,0,1,1,0,0.0,LOW
Ekaraj Shroff,6,1,0,1,1,0,0.0,LOW
Jagrati Lalla,6,1,0,1,1,0,0.0,LOW
Advay Pau,6,1,0,1,1,0,0.0,LOW
Tanish Samra,6,1,0,1,1,0,0.0,LOW
Daksh Natt,6,1,0,1,1,0,0.0,LOW
Jack Ramachandran,6,1,0,1,1,0,0.0,LOW
Megha Oza,6,1,0,1,1,0,0.0,LOW
Yatin Sarkar,6,1,0,1,1,0,0.0,LOW
Faris Devan,6,1,0,1,1,0,0.0,LOW
Dayamai Prabhakar,6,1,0,1,1,0,0.0,LOW
Jeevika Walia,6,1,0,1,1,0,0.0,LOW
Pooja Venkatesh,6,1,0,1,1,0,0.0,LOW
Farhan Tata,6,1,0,1,1,0,0.0,LOW
Unnati Khatri,6,1,0,1,1,0,0.0,LOW
Logan Dash,6,1,0,1,1,0,0.0,LOW
Arin Kadakia,6,1,0,1,1,0,0.0,LOW
Wridesh Deep,6,1,0,1,1,0,0.0,LOW
Baghyawati Chada,6,1,0,1,1,0,0.0,LOW
Aishani Oza,6,1,0,1,1,0,0.0,LOW
Ishwar Ghose,6,1,0,1,1,0,0.0,LOW
Harish Sehgal,6,1,0,1,1,0,0.0,LOW
Abdul Sarkar,6,1,0,1,1,0,0.0,LOW
Nirja Kannan,6,1,0,1,1,0,0.0,LOW
Victor Ramaswamy,6,1,0,1,1,0,0.0,LOW
Azad Chokshi,6,1,0,1,1,0,0.0,LOW
Harsh Tailor,6,1,0,1,1,0,0.0,LOW
Ojas Mahajan,6,1,0,1,1,0,0.0,LOW
Onveer Mani,6,1,0,1,1,0,0.0,LOW
Nikita Munshi,6,1,0,1,1,0,0.0,LOW
Keya Wable,6,1,0,1,1,0,0.0,LOW
Saanvi Mangal,6,1,0,1,1,0,0.0,LOW
Inaya Nigam,6,1,0,1,1,0,0.0,LOW
Reva Bail,6,1,0,1,1,0,0.0,LOW
Gaurika Sama,6,1,0,1,1,0,0.0,LOW
Azaan Brahmbhatt,6,1,0,1,1,0,0.0,LOW
Idika Deshpande,6,1,0,1,1,0,0.0,LOW
Mason Viswanathan,6,1,0,1,1,0,0.0,LOW
Tamanna Sangha,6,1,0,1,1,0,0.0,LOW
Krisha Mane,6,1,0,1,1,0,0.0,LOW
Qarin Lad,6,1,0,1,1,0,0.0,LOW
Joshua Krishnamurthy,6,1,0,1,1,0,0.0,LOW
Dalaja Rastogi,6,1,0,1,1,0,0.0,LOW
Akshay Narula,6,1,0,1,1,0,0.0,LOW
Balvan Vasa,6,1,0,1,1,0,0.0,LOW
Vamakshi Kumer,6,1,0,1,1,0,0.0,LOW
Harsh Golla,6,1,0,1,1,0,0.0,LOW
Baljiwan Narang,6,1,0,1,1,0,0.0,LOW
Leena Bal,6,1,0,1,1,0,0.0,LOW
Wyatt Biswas,6,1,0,1,1,0,0.0,LOW
Rohan Kadakia,6,1,0,1,1,0,0.0,LOW
Lohit Borah,6,1,0,1,1,0,0.0,LOW
Jeevika Kashyap,6,1,0,1,1,0,0.0,LOW
Frederick Sharaf,6,1,0,1,1,0,0.0,LOW
Udyati Bhakta,6,1,0,1,1,0,0.0,LOW
Tanay Kalita,6,1,0,1,1,0,0.0,LOW
Oscar Behl,6,1,0,1,1,0,0.0,LOW
Yatan Kaul,6,1,0,1,1,0,0.0,LOW
Nicholas Purohit,6,1,0,1,1,0,0.0,LOW
Lipika Mishra,6,1,0,1,1,0,0.0,LOW
Aryan Gopal,6,1,0,1,1,0,0.0,LOW
Hiral Soni,6,1,0,1,1,0,0.0,LOW
Utkarsh Pathak,6,1,0,1,1,0,0.0,LOW
Tarak Dhaliwal,6,1,0,1,1,0,0.0,LOW
Dev Narayan,6,1,0,1,1,0,0.0,LOW
Inaya Bali,6,1,0,1,1,0,0.0,LOW
Vihaan Mahajan,6,1,0,1,1,0,0.0,LOW
Eiravati Date,6,1,0,1,1,0,0.0,LOW
Yauvani Ramanathan,6,1,0,1,1,0,0.0,LOW
Turvi Parikh,6,1,0,1,1,0,0.0,LOW
Upasna Cheema,6,1,0,1,1,0,0.0,LOW
Aarnav Korpal,6,1,0,1,1,0,0.0,LOW
Laksh Mohan,6,1,0,1,1,0,0.0,LOW
Eesha Buch,6,1,0,1,1,0,0.0,LOW
Vanya Bansal,6,1,0,1,1,0,0.0,LOW
Vidhi Gade,6,1,0,1,1,0,0.0,LOW
Frado Dhillon,6,1,0,1,1,0,0.0,LOW
Diya Char,6,1,0,1,1,0,0.0,LOW
Jonathan Goyal,6,1,0,1,1,0,0.0,LOW
Anvi Ramakrishnan,6,1,0,1,1,0,0.0,LOW
Jai Rama,6,1,0,1,1,0,0.0,LOW
Vamakshi Nair,6,1,0,1,1,0,0.0,LOW
Zaitra Koshy,6,1,0,1,1,0,0.0,LOW
Aarna Badami,6,1,0,1,1,0,0.0,LOW
Kamala Dara,6,1,0,1,1,0,0.0,LOW
Jai Kumar,6,1,0,1,1,0,0.0,LOW
Henry Pradhan,6,1,0,1,1,0,0.0,LOW
Jyoti Pingle,6,1,0,1,1,0,0.0,LOW
Arunima More,6,1,0,1,1,0,0.0,LOW
Sanya Toor,6,1,0,1,1,0,0.0,LOW
Janaki Saxena,6,1,0,1,1,0,0.0,LOW
Omisha Sami,6,1,0,1,1,0,0.0,LOW
Zinal Mammen,6,1,0,1,1,0,0.0,LOW
Tejas Korpal,6,1,0,1,1,0,0.0,LOW
Dhruv Goda,6,1,0,1,1,0,0.0,LOW
Harita Shetty,6,1,0,1,1,0,0.0,LOW
Wakeeta Nayar,6,1,0,1,1,0,0.0,LOW
Aachal Radhakrishnan,6,1,0,1,1,0,0.0,LOW
Geetika Goswami,6,1,0,1,1,0,0.0,LOW
Daniel Chauhan,6,1,0,1,1,0,0.0,LOW
Upasna Sanghvi,6,1,0,1,1,0,0.0,LOW
Gaurangi Pau,6,1,0,1,1,0,0.0,LOW
Jasmit Balay,6,1,0,1,1,0,0.0,LOW
Aahana Batra,6,1,0,1,1,0,0.0,LOW
Champak Sarraf,6,1,0,1,1,0,0.0,LOW
Nisha Rama,6,1,0,1,1,0,0.0,LOW
Nisha Sheth,6,1,0,1,1,0,0.0,LOW
Arya Subramaniam,6,1,0,1,1,0,0.0,LOW
Omaja Iyengar,6,1,0,1,1,0,0.0,LOW
Avi Venkataraman,6,1,0,1,1,0,0.0,LOW
Wazir Dara,6,1,0,1,1,0,0.0,LOW
Leena Warrior,6,1,0,1,1,0,0.0,LOW
Eta De,6,1,0,1,1,0,0.0,LOW
Warinder Chaudhuri,6,1,0,1,1,0,0.0,LOW
Ethan Khare,6,1,0,1,1,0,0.0,LOW
Yash Bava,6,1,0,1,1,0,0.0,LOW
Yashoda Parmer,6,1,0,1,1,0,0.0,LOW
Edhitha Sha,6,1,0,1,1,0,0.0,LOW
Ishita Tella,6,1,0,1,1,0,0.0,LOW
Wriddhish Ghosh,6,1,0,1,1,0,0.0,LOW
Omisha Suresh,6,1,0,1,1,0,0.0,LOW
Leela Lanka,6,1,0,1,1,0,0.0,LOW
Vansha Ram,6,1,0,1,1,0,0.0,LOW
Daksh Bala,6,1,0,1,1,0,0.0,LOW
Ucchal Pillai,6,1,0,1,1,0,0.0,LOW
Chandresh More,6,1,0,1,1,0,0.0,LOW
Pavani Mani,6,1,0,1,1,0,0.0,LOW
Ansh Din,6,1,0,1,1,0,0.0,LOW
Kashish Mandal,6,1,0,1,1,0,0.0,LOW
Jagrati Pathak,6,1,0,1,1,0,0.0,LOW
Sudiksha Dubey,6,1,0,1,1,0,0.0,LOW
Upasna Menon,6,1,0,1,1,0,0.0,LOW
Girindra Sandhu,6,1,0,1,1,0,0.0,LOW
Zaid Subramaniam,6,1,0,1,1,0,0.0,LOW
Widisha Deep,6,1,0,1,1,0,0.0,LOW
Bachittar Choudhry,6,1,0,1,1,0,0.0,LOW
Inaya Korpal,6,1,0,1,1,0,0.0,LOW
Keya Mani,6,1,0,1,1,0,0.0,LOW
Falak Seshadri,6,1,0,1,1,0,0.0,LOW
Ishanvi Gala,6,1,0,1,1,0,0.0,LOW
Wahab Purohit,6,1,0,1,1,0,0.0,LOW
Jeet Butala,6,1,0,1,1,0,0.0,LOW
Falguni Rao,6,1,0,1,1,0,0.0,LOW
Vansha Chaudhry,6,1,0,1,1,0,0.0,LOW
Yashoda Bobal,6,1,0,1,1,0,0.0,LOW
Ridhi Hans,6,1,0,1,1,0,0.0,LOW
Gaurangi Chad,6,1,0,1,1,0,0.0,LOW
Onveer Sama,6,1,0,1,1,0,0.0,LOW
Farhan Johal,6,1,0,1,1,0,0.0,LOW
Samaksh Lalla,6,1,0,1,1,0,0.0,LOW
Umang Saxena,6,1,0,1,1,0,0.0,LOW
Pranit Raghavan,6,1,0,1,1,0,0.0,LOW
Vidhi Agrawal,6,1,0,1,1,0,0.0,LOW
Luke Mukherjee,6,1,0,1,1,0,0.0,LOW
Zehaan More,6,1,0,1,1,0,0.0,LOW
Adya Kulkarni,6,1,0,1,1,0,0.0,LOW
Radha Kant,6,1,0,1,1,0,0.0,LOW
Sai Sur,6,1,0,1,1,0,0.0,LOW
Chasmum Pai,6,1,0,1,1,0,0.0,LOW
Caleb Nath,6,1,0,1,1,0,0.0,LOW
Mekhala Kumer,6,1,0,1,1,0,0.0,LOW
Hardik Ramesh,6,1,0,1,1,0,0.0,LOW
Devika Kunda,6,1,0,1,1,0,0.0,LOW
Ayaan Hayer,6,1,0,1,1,0,0.0,LOW
Kamala Solanki,6,1,0,1,1,0,0.0,LOW
Manthan Chaudhry,6,1,0,1,1,0,0.0,LOW
Zinal Kaur,6,1,0,1,1,0,0.0,LOW
Ayush Gandhi,6,1,0,1,1,0,0.0,LOW
Ira Bhardwaj,6,1,0,1,1,0,0.0,LOW
Mugdha Natt,6,1,0,1,1,0,0.0,LOW
Janani Sarraf,6,1,0,1,1,0,0.0,LOW
Yashawini Nayak,6,1,0,1,1,0,0.0,LOW
Vincent Walia,6,1,0,1,1,0,0.0,LOW
Vrishti Lanka,6,1,0,1,1,0,0.0,LOW
Warjas Tiwari,6,1,0,1,1,0,0.0,LOW
Hemal Dash,6,1,0,1,1,0,0.0,LOW
Indira Borde,6,1,0,1,1,0,0.0,LOW
Adya Sibal,6,1,0,1,1,0,0.0,LOW
Divya Ghosh,6,1,0,1,1,0,0.0,LOW
Lakshmi Sahota,6,1,0,1,1,0,0.0,LOW
Bhavya Bakshi,6,1,0,1,1,0,0.0,LOW
Wazir Ahluwalia,6,1,0,1,1,0,0.0,LOW
Abdul Nazareth,6,1,0,1,1,0,0.0,LOW
Aradhana Koshy,6,1,0,1,1,0,0.0,LOW
Veer Vasa,6,1,0,1,1,0,0.0,LOW
Alexander Lalla,6,1,0,1,1,0,0.0,LOW
Falan Jhaveri,6,1,0,1,1,0,0.0,LOW
Jyoti Khanna,6,1,0,1,1,0,0.0,LOW
Rachit Misra,6,1,0,1,1,0,0.0,LOW
Nicholas Singh,6,1,0,1,1,0,0.0,LOW
Shravya Sheth,6,1,0,1,1,0,0.0,LOW
Joshua Badal,6,1,0,1,1,0,0.0,LOW
Tanay Wable,6,1,0,1,1,0,0.0,LOW
Nilima Tandon,6,1,0,1,1,0,0.0,LOW
Rachita Rege,6,1,0,1,1,0,0.0,LOW
Yashawini Barad,6,1,0,1,1,0,0.0,LOW
Vedika Sagar,6,1,0,1,1,0,0.0,LOW
Ekantika Chander,6,1,0,1,1,0,0.0,LOW
Gabriel Naik,6,1,0,1,1,0,0.0,LOW
Yagnesh Mittal,6,1,0,1,1,0,0.0,LOW
Geetika Dubey,6,1,0,1,1,0,0.0,LOW
Naveen Sheth,6,1,0,1,1,0,0.0,LOW
Aradhana Parmar,6,1,0,1,1,0,0.0,LOW
Faris Khanna,6,1,0,1,1,0,0.0,LOW
Shivani Sehgal,6,1,0,1,1,0,0.0,LOW
Elijah Bir,6,1,0,1,1,0,0.0,LOW
Nachiket Borde,6,1,0,1,1,0,0.0,LOW
Siddharth Chandra,6,1,0,1,1,0,0.0,LOW
Umang Sen,6,1,0,1,1,0,0.0,LOW
Radha Varughese,6,1,0,1,1,0,0.0,LOW
Gunbir Krishnamurthy,6,1,0,1,1,0,0.0,LOW
Ekanta Hora,6,1,0,1,1,0,0.0,LOW
Ikbal Halder,6,1,0,1,1,0,0.0,LOW
Alexander Sarkar,6,1,0,1,1,0,0.0,LOW
Jyoti Nadkarni,6,1,0,1,1,0,0.0,LOW
Darika Doctor,6,1,0,1,1,0,0.0,LOW
Vrishti Upadhyay,6,1,0,1,1,0,0.0,LOW
Bhavini Kunda,6,1,0,1,1,0,0.0,LOW
Rachit Deep,6,1,0,1,1,0,0.0,LOW
Libni Naik,6,1,0,1,1,0,0.0,LOW
Bina Kaur,6,1,0,1,1,0,0.0,LOW
Guneet Mani,6,1,0,1,1,0,0.0,LOW
Panini Wadhwa,6,1,0,1,1,0,0.0,LOW
Kashvi Iyengar,6,1,0,1,1,0,0.0,LOW
Gaurika Pant,6,1,0,1,1,0,0.0,LOW
Rachana Anne,6,1,0,1,1,0,0.0,LOW
Aadhya Nadig,6,1,0,1,1,0,0.0,LOW
Zehaan Dhawan,6,1,0,1,1,0,0.0,LOW
David Bir,6,1,0,1,1,0,0.0,LOW
Girish Balakrishnan,6,1,0,1,1,0,0.0,LOW
Yutika Sheth,6,1,0,1,1,0,0.0,LOW
Anamika Kade,6,1,0,1,1,0,0.0,LOW
Anita Dar,6,1,0,1,1,0,0.0,LOW
Sneha Tandon,6,1,0,1,1,0,0.0,LOW
Aachal Rao,6,1,0,1,1,0,0.0,LOW
Samar Mand,6,1,0,1,1,0,0.0,LOW
Aadhya Issac,6,1,0,1,1,0,0.0,LOW
Benjamin Gupta,6,1,0,1,1,0,0.0,LOW
Chakradhar Kamdar,6,1,0,1,1,0,0.0,LOW
Advaith Sachar,6,1,0,1,1,0,0.0,LOW
Yadavi Khatri,6,1,0,1,1,0,0.0,LOW
Lekha Barad,6,1,0,1,1,0,0.0,LOW
Lakshmi Rao,6,1,0,1,1,0,0.0,LOW
Vasatika Dasgupta,6,1,0,1,1,0,0.0,LOW
Chasmum Mangal,6,1,0,1,1,0,0.0,LOW
Advik Toor,6,1,0,1,1,0,0.0,LOW
Henry Borde,6,1,0,1,1,0,0.0,LOW
Tripti Keer,6,1,0,1,1,0,0.0,LOW
Kala Murthy,6,1,0,1,1,0,0.0,LOW
Omkaar Gour,6,1,0,1,1,0,0.0,LOW
Veda Goda,6,1,0,1,1,0,0.0,LOW
Vedhika Bajwa,6,1,0,1,1,0,0.0,LOW
Warhi Majumdar,6,1,0,1,1,0,0.0,LOW
Waida Krish,6,1,0,1,1,0,0.0,LOW
Omkaar Viswanathan,6,1,0,1,1,0,0.0,LOW
Ishani Butala,6,1,0,1,1,0,0.0,LOW
Aarav Mand,6,1,0,1,1,0,0.0,LOW
Upadhriti Choudhury,6,1,0,1,1,0,0.0,LOW
Vinaya Setty,6,1,0,1,1,0,0.0,LOW
Bhavini Dayal,6,1,0,1,1,0,0.0,LOW
Varsha Rana,6,1,0,1,1,0,0.0,LOW
Vedhika Bir,6,1,0,1,1,0,0.0,LOW
Yashica Banerjee,6,1,0,1,1,0,0.0,LOW
Tanish Bassi,6,1,0,1,1,0,0.0,LOW
Kabir Sachdev,6,1,0,1,1,0,0.0,LOW
Bimala Palla,6,1,0,1,1,0,0.0,LOW
Neel Seth,6,1,0,1,1,0,0.0,LOW
Idika Dave,6,1,0,1,1,0,0.0,LOW
Anusha Kadakia,6,1,0,1,1,0,0.0,LOW
Jasmit Nagi,6,1,0,1,1,0,0.0,LOW
Triveni Mani,6,1,0,1,1,0,0.0,LOW
Onveer Varughese,6,1,0,1,1,0,0.0,LOW
Hredhaan Bhandari,6,1,0,1,1,0,0.0,LOW
Pavani Parmar,6,1,0,1,1,0,0.0,LOW
Ishaan Garg,6,1,0,1,1,0,0.0,LOW
Faqid Jain,6,1,0,1,1,0,0.0,LOW
Ekani Muni,6,1,0,1,1,0,0.0,LOW
Ati Deol,6,1,0,1,1,0,0.0,LOW
Sathvik Naik,6,1,0,1,1,0,0.0,LOW
Karan Bedi,6,1,0,1,1,0,0.0,LOW
Jackson Date,6,1,0,1,1,0,0.0,LOW
Banjeet Saraf,6,1,0,1,1,0,0.0,LOW
Jeremiah Nagarajan,6,1,0,1,1,0,0.0,LOW
Shaurya Devan,6,1,0,1,1,0,0.0,LOW
Bhavika Dube,6,1,0,1,1,0,0.0,LOW
Vihaan Deol,6,1,0,1,1,0,0.0,LOW
Aadi Prabhakar,6,1,0,1,1,0,0.0,LOW
Michael Pandit,6,1,0,1,1,0,0.0,LOW
Sachi Reddy,6,1,0,1,1,0,0.0,LOW
Owen Arora,6,1,0,1,1,0,0.0,LOW
Vasudha Prabhu,6,1,0,1,1,0,0.0,LOW
Rudra Bawa,6,1,0,1,1,0,0.0,LOW
Ronith Mutti,6,1,0,1,1,0,0.0,LOW
Inaya Venkatesh,6,1,0,1,1,0,0.0,LOW
Chaaya Grover,6,1,0,1,1,0,0.0,LOW
Rohan Mandal,6,1,0,1,1,0,0.0,LOW
Kiaan Gulati,6,1,0,1,1,0,0.0,LOW
Damini Sem,6,1,0,1,1,0,0.0,LOW
Ira Palla,6,1,0,1,1,0,0.0,LOW
Nathan Saran,6,1,0,1,1,0,0.0,LOW
Yashasvi Bora,6,1,0,1,1,0,0.0,LOW
Advaith Sachdeva,6,1,0,1,1,0,0.0,LOW
Amaira Sharaf,6,1,0,1,1,0,0.0,LOW
Tamanna Talwar,6,1,0,1,1,0,0.0,LOW
Anika Minhas,6,1,0,1,1,0,0.0,LOW
Mitesh Kale,6,1,0,1,1,0,0.0,LOW
Ucchal Sahni,6,1,0,1,1,0,0.0,LOW
Ojasvi Dasgupta,6,1,0,1,1,0,0.0,LOW
Isha Wason,6,1,0,1,1,0,0.0,LOW
Reyansh Bath,6,1,0,1,1,0,0.0,LOW
Bimala Dara,6,1,0,1,1,0,0.0,LOW
Charvi Khatri,6,1,0,1,1,0,0.0,LOW
Falguni Bose,6,1,0,1,1,0,0.0,LOW
Jagrati Natarajan,6,1,0,1,1,0,0.0,LOW
Januja Shankar,6,1,0,1,1,0,0.0,LOW
Chaman Ravi,6,1,0,1,1,0,0.0,LOW
Pooja Setty,6,1,0,1,1,0,0.0,LOW
Orinder Oak,6,1,0,1,1,0,0.0,LOW
Hemal Master,6,1,0,1,1,0,0.0,LOW
Leena Nigam,6,1,0,1,1,0,0.0,LOW
Vinaya Shanker,6,1,0,1,1,0,0.0,LOW
Zansi Venkatesh,6,1,0,1,1,0,0.0,LOW
Jacob Nayak,6,1,0,1,1,0,0.0,LOW
Harrison Banerjee,6,1,0,1,1,0,0.0,LOW
Ria Kar,6,1,0,1,1,0,0.0,LOW
Champak Kunda,6,1,0,1,1,0,0.0,LOW
Rushil Saraf,6,1,0,1,1,0,0.0,LOW
Panini Khalsa,6,1,0,1,1,0,0.0,LOW
Girish Uppal,6,1,0,1,1,0,0.0,LOW
Mason Gokhale,6,1,0,1,1,0,0.0,LOW
Chandani Sinha,6,1,0,1,1,0,0.0,LOW
Nilima Jhaveri,6,1,0,1,1,0,0.0,LOW
Rajeshri Dara,6,1,0,1,1,0,0.0,LOW
Teerth Kannan,6,1,0,1,1,0,0.0,LOW
Frederick Som,6,1,0,1,1,0,0.0,LOW
Alka Chowdhury,6,1,0,1,1,0,0.0,LOW
Urishilla Mani,6,1,0,1,1,0,0.0,LOW
Eta Golla,6,1,0,1,1,0,0.0,LOW
Yahvi Pall,6,1,0,1,1,0,0.0,LOW
Wriddhish Rajagopal,6,1,0,1,1,0,0.0,LOW
Yashawini Kibe,6,1,0,1,1,0,0.0,LOW
Upma Minhas,6,1,0,1,1,0,0.0,LOW
Sai Minhas,6,1,0,1,1,0,0.0,LOW
Vrinda Yogi,6,1,0,1,1,0,0.0,LOW
Urvi Rana,6,1,0,1,1,0,0.0,LOW
Samaksh Kohli,6,1,0,1,1,0,0.0,LOW
Chaaya Pradhan,6,1,0,1,1,0,0.0,LOW
Anirudh Mishra,6,1,0,1,1,0,0.0,LOW
Advay Sarraf,6,1,0,1,1,0,0.0,LOW
Theodore Saha,6,1,0,1,1,0,0.0,LOW
Tanmayi Sura,6,1,0,1,1,0,0.0,LOW
Sudiksha Nadig,6,1,0,1,1,0,0.0,LOW
Urvashi Sastry,6,1,0,1,1,0,0.0,LOW
Kabir Sarraf,6,1,0,1,1,0,0.0,LOW
Daniel Badami,6,1,0,1,1,0,0.0,LOW
Balveer Balay,6,1,0,1,1,0,0.0,LOW
Chandani Bahri,6,1,0,1,1,0,0.0,LOW
Mohammed Chopra,6,1,0,1,1,0,0.0,LOW
Jason Brahmbhatt,6,1,0,1,1,0,0.0,LOW
Azaan Nigam,6,1,0,1,1,0,0.0,LOW
Chandran Dhingra,6,1,0,1,1,0,0.0,LOW
Ekavir Patil,6,1,0,1,1,0,0.0,LOW
Nimrat Aurora,6,1,0,1,1,0,0.0,LOW
Ranveer Prakash,6,1,0,1,1,0,0.0,LOW
Rachana Ahuja,6,1,0,1,1,0,0.0,LOW
Chakrika Choudhury,6,1,0,1,1,0,0.0,LOW
Ucchal Wali,6,1,0,1,1,0,0.0,LOW
Shaurya Dyal,6,1,0,1,1,0,0.0,LOW
Pranit Baral,6,1,0,1,1,0,0.0,LOW
Anusha Saran,6,1,0,1,1,0,0.0,LOW
Sneha Lala,6,1,0,1,1,0,0.0,LOW
Tanmayi Kale,6,1,0,1,1,0,0.0,LOW
Yadavi Dutt,6,1,0,1,1,0,0.0,LOW
Rishi Nagar,6,1,0,1,1,0,0.0,LOW
Wriddhish Barad,6,1,0,1,1,0,0.0,LOW
Jai Chopra,6,1,0,1,1,0,0.0,LOW
Faqid Shenoy,6,1,0,1,1,0,0.0,LOW
Charles Mane,6,1,0,1,1,0,0.0,LOW
Chandresh Natarajan,6,1,0,1,1,0,0.0,LOW
Ayushman Prabhakar,6,1,0,1,1,0,0.0,LOW
Kabir Peri,6,1,0,1,1,0,0.0,LOW
Leela Divan,6,1,0,1,1,0,0.0,LOW
Wyatt Raval,6,1,0,1,1,0,0.0,LOW
Yutika Krishna,6,1,0,1,1,0,0.0,LOW
Azad Sarin,6,1,0,1,1,0,0.0,LOW
Janani Bahri,6,1,0,1,1,0,0.0,LOW
Falak Borah,6,1,0,1,1,0,0.0,LOW
Pranav Bhatt,6,1,0,1,1,0,0.0,LOW
Ayush Zachariah,6,1,0,1,1,0,0.0,LOW
Udant Devi,6,1,0,1,1,0,0.0,LOW
Daksh Badal,6,1,0,1,1,0,0.0,LOW
Pratyush Sangha,6,1,0,1,1,0,0.0,LOW
Advay Kade,6,1,0,1,1,0,0.0,LOW
Raghav Singhal,6,1,0,1,1,0,0.0,LOW
Ganga Koshy,6,1,0,1,1,0,0.0,LOW
Naksh Rastogi,6,1,0,1,1,0,0.0,LOW
Ijaya Bassi,6,1,0,1,1,0,0.0,LOW
Garima Cheema,6,1,0,1,1,0,0.0,LOW
Ekaja Sridhar,6,1,0,1,1,0,0.0,LOW
Wriddhish Murthy,6,1,0,1,1,0,0.0,LOW
Devansh Babu,6,1,0,1,1,0,0.0,LOW
Garima Bobal,6,1,0,1,1,0,0.0,LOW
Zehaan Gill,6,1,0,1,1,0,0.0,LOW
Pratyush Raval,6,1,0,1,1,0,0.0,LOW
Onveer Bajaj,6,1,0,1,1,0,0.0,LOW
Advik Garg,6,1,0,1,1,0,0.0,LOW
Zaid Wadhwa,6,1,0,1,1,0,0.0,LOW
Falan Kapur,6,1,0,1,1,0,0.0,LOW
Isaac Ravi,6,1,0,1,1,0,0.0,LOW
Tejas Shetty,6,1,0,1,1,0,0.0,LOW
Tristan Goswami,6,1,0,1,1,0,0.0,LOW
Priya Lad,6,1,0,1,1,0,0.0,LOW
Ojas Bal,6,1,0,1,1,0,0.0,LOW
Banjeet Kapoor,6,1,0,1,1,0,0.0,LOW
Bhavya Wagle,6,1,0,1,1,0,0.0,LOW
Ekantika Basak,6,1,0,1,1,0,0.0,LOW
Aarav Kale,6,1,0,1,1,0,0.0,LOW
Max Dasgupta,6,1,0,1,1,0,0.0,LOW
Chasmum Karnik,6,1,0,1,1,0,0.0,LOW
Owen Raja,6,1,0,1,1,0,0.0,LOW
Aarav Dey,6,1,0,1,1,0,0.0,LOW
Nidra Solanki,6,1,0,1,1,0,0.0,LOW
Harini Dewan,6,1,0,1,1,0,0.0,LOW
Timothy Dalal,6,1,0,1,1,0,0.0,LOW
Vasudha Krish,6,1,0,1,1,0,0.0,LOW
Rushil Nair,6,1,0,1,1,0,0.0,LOW
Shravya Goswami,6,1,0,1,1,0,0.0,LOW
Abhiram Varghese,6,1,0,1,1,0,0.0,LOW
Zinal Cheema,6,1,0,1,1,0,0.0,LOW
Chakrika Johal,6,1,0,1,1,0,0.0,LOW
Garima Bera,6,1,0,1,1,0,0.0,LOW
Manthan Sur,6,1,0,1,1,0,0.0,LOW
Gautam Edwin,6,1,0,1,1,0,0.0,LOW
Warhi Khare,6,1,0,1,1,0,0.0,LOW
Pratyush Gour,6,1,0,1,1,0,0.0,LOW
Advay Sidhu,6,1,0,1,1,0,0.0,LOW
Odika Keer,6,1,0,1,1,0,0.0,LOW
Odika Kota,6,1,0,1,1,0,0.0,LOW
Maanas Pradhan,6,1,0,1,1,0,0.0,LOW
Omya Kohli,6,1,0,1,1,0,0.0,LOW
Aarush Bahl,6,1,0,1,1,0,0.0,LOW
Jonathan Mittal,6,1,0,1,1,0,0.0,LOW
Faraj Sankar,6,1,0,1,1,0,0.0,LOW
Wridesh Sinha,6,1,0,1,1,0,0.0,LOW
Nitara Gill,6,1,0,1,1,0,0.0,LOW
Anya Doctor,6,1,0,1,1,0,0.0,LOW
Darpan Mitra,6,1,0,1,1,0,0.0,LOW
Shravya Chaudhuri,6,1,0,1,1,0,0.0,LOW
Samarth Suri,6,1,0,1,1,0,0.0,LOW
Chaitanya Ravel,6,1,0,1,1,0,0.0,LOW
Zarna Mital,6,1,0,1,1,0,0.0,LOW
Liam Kulkarni,6,1,0,1,1,0,0.0,LOW
Krishna Lata,6,1,0,1,1,0,0.0,LOW
Ranveer Korpal,6,1,0,1,1,0,0.0,LOW
Onveer Saini,6,1,0,1,1,0,0.0,LOW
Reva Sankar,6,1,0,1,1,0,0.0,LOW
Nakul Borra,6,1,0,1,1,0,0.0,LOW
Gavin Viswanathan,6,1,0,1,1,0,0.0,LOW
Faraj Ratta,6,1,0,1,1,0,0.0,LOW
Mohini Modi,6,1,0,1,1,0,0.0,LOW
Neha Prabhu,6,1,0,1,1,0,0.0,LOW
Chandran Balay,6,1,0,1,1,0,0.0,LOW
Vamakshi Kalla,6,1,0,1,1,0,0.0,LOW
Ekalinga Mannan,6,1,0,1,1,0,0.0,LOW
Chanchal Rattan,6,1,0,1,1,0,0.0,LOW
Chavvi Deep,6,1,0,1,1,0,0.0,LOW
Chasmum Jayaraman,6,1,0,1,1,0,0.0,LOW
Anika Thakur,6,1,0,1,1,0,0.0,LOW
Eta Basu,6,1,0,1,1,0,0.0,LOW
Girik Raman,6,1,0,1,1,0,0.0,LOW
Tejas Boase,6,1,0,1,1,0,0.0,LOW
Veda Kota,6,1,0,1,1,0,0.0,LOW
Pavani Raghavan,6,1,0,1,1,0,0.0,LOW
Rajata Agarwal,6,1,0,1,1,0,0.0,LOW
Abhimanyu Srinivas,6,1,0,1,1,0,0.0,LOW
Tristan Subramanian,6,1,0,1,1,0,0.0,LOW
Vedhika Varghese,6,1,0,1,1,0,0.0,LOW
Kalpit Srinivas,6,1,0,1,1,0,0.0,LOW
Saanvi Rattan,6,1,0,1,1,0,0.0,LOW
Yashodhara Varty,6,1,0,1,1,0,0.0,LOW
Ekansh Pal,6,1,0,1,1,0,0.0,LOW
Aarini Dhawan,6,1,0,1,1,0,0.0,LOW
Robert Gulati,6,1,0,1,1,0,0.0,LOW
Gabriel Chana,6,1,0,1,1,0,0.0,LOW
Vanya Kuruvilla,6,1,0,1,1,0,0.0,LOW
Nandini Solanki,6,1,0,1,1,0,0.0,LOW
Hiral Rajan,6,1,0,1,1,0,0.0,LOW
Ekaja Kadakia,6,1,0,1,1,0,0.0,LOW
Arya Borah,6,1,0,1,1,0,0.0,LOW
Darika Vala,6,1,0,1,1,0,0.0,LOW
Anthony Thakur,6,1,0,1,1,0,0.0,LOW
Anusha Agrawal,6,1,0,1,1,0,0.0,LOW
Teerth Borah,6,1,0,1,1,0,0.0,LOW
Anjali Khurana,6,1,0,1,1,0,0.0,LOW
Jagat Deol,6,1,0,1,1,0,0.0,LOW
Sanya Gera,6,1,0,1,1,0,0.0,LOW
Libni Bhat,6,1,0,1,1,0,0.0,LOW
Yashica Sridhar,6,1,0,1,1,0,0.0,LOW
Bahadurjit Khatri,6,1,0,1,1,0,0.0,LOW
Wridesh Acharya,6,1,0,1,1,0,0.0,LOW
Umang Shah,6,1,0,1,1,0,0.0,LOW
Rajeshri Om,6,1,0,1,1,0,0.0,LOW
Praneel Butala,6,1,0,1,1,0,0.0,LOW
Aditya Sant,6,1,0,1,1,0,0.0,LOW
Ria Patla,6,1,0,1,1,0,0.0,LOW
Anika Rout,6,1,0,1,1,0,0.0,LOW
Turvi Kakar,6,1,0,1,1,0,0.0,LOW
Ojasvi Bose,6,1,0,1,1,0,0.0,LOW
Sachi Deshmukh,6,1,0,1,1,0,0.0,LOW
Shravya Kalita,6,1,0,1,1,0,0.0,LOW
Ayushman Dalal,6,1,0,1,1,0,0.0,LOW
Ranveer Shukla,6,1,0,1,1,0,0.0,LOW
Kashvi Sawhney,6,1,0,1,1,0,0.0,LOW
Oscar Bhakta,6,1,0,1,1,0,0.0,LOW
Rehaan Wadhwa,6,1,0,1,1,0,0.0,LOW
Zinal Hayre,6,1,0,1,1,0,0.0,LOW
Frederick Raval,6,1,0,1,1,0,0.0,LOW
Waida Loke,6,1,0,1,1,0,0.0,LOW
Deepa Ratta,6,1,0,1,1,0,0.0,LOW
Baghyawati Narain,6,1,0,1,1,0,0.0,LOW
David Nayak,6,1,0,1,1,0,0.0,LOW
Arya Lanka,6,1,0,1,1,0,0.0,LOW
Faraj Datta,6,1,0,1,1,0,0.0,LOW
Falan Garg,6,1,0,1,1,0,0.0,LOW
Ira Yadav,6,1,0,1,1,0,0.0,LOW
Madhavi Bhalla,6,1,0,1,1,0,0.0,LOW
Vedika Nagarajan,6,1,0,1,1,0,0.0,LOW
Hritik Dhaliwal,6,1,0,1,1,0,0.0,LOW
Turvi Oza,6,1,0,1,1,0,0.0,LOW
Gaurav Borah,6,1,0,1,1,0,0.0,LOW
Chatresh Chaudhary,6,1,0,1,1,0,0.0,LOW
Quincy Grewal,6,1,0,1,1,0,0.0,LOW
Abhiram Dhar,6,1,0,1,1,0,0.0,LOW
Kalpit Panchal,6,1,0,1,1,0,0.0,LOW
Ishita Merchant,6,1,0,1,1,0,0.0,LOW
Sarthak Kaur,6,1,0,1,1,0,0.0,LOW
Vrishti Verma,6,1,0,1,1,0,0.0,LOW
Kala Tara,6,1,0,1,1,0,0.0,LOW
Gauri Pingle,6,1,0,1,1,0,0.0,LOW
Chatura Chadha,6,1,0,1,1,0,0.0,LOW
Anjali Dave,6,1,0,1,1,0,0.0,LOW
Chatresh Chaudhari,6,1,0,1,1,0,0.0,LOW
Chandani Narayanan,6,1,0,1,1,0,0.0,LOW
Amara Swaminathan,6,1,0,1,1,0,0.0,LOW
Saksham Hora,6,1,0,1,1,0,0.0,LOW
Lakshmi Arora,6,1,0,1,1,0,0.0,LOW
Lavanya Deo,6,1,0,1,1,0,0.0,LOW
Rachana Dewan,6,1,0,1,1,0,0.0,LOW
Januja Choudhury,6,1,0,1,1,0,0.0,LOW
Jeevika Raj,6,1,0,1,1,0,0.0,LOW
Nitara Srinivasan,6,1,0,1,1,0,0.0,LOW
Qadim Sarna,6,1,0,1,1,0,0.0,LOW
Dominic Keer,6,1,0,1,1,0,0.0,LOW
Hemani Misra,6,1,0,1,1,0,0.0,LOW
Agastya Kala,6,1,0,1,1,0,0.0,LOW
Bhavini Gade,6,1,0,1,1,0,0.0,LOW
Dalbir Sura,6,1,0,1,1,0,0.0,LOW
Om Lanka,6,1,0,1,1,0,0.0,LOW
Warjas Chacko,6,1,0,1,1,0,0.0,LOW
Anya Guha,6,1,0,1,1,0,0.0,LOW
Parth Puri,6,1,0,1,1,0,0.0,LOW
Lekha Bhasin,6,1,0,1,1,0,0.0,LOW
Madhav Narula,6,1,0,1,1,0,0.0,LOW
Darsh Arora,6,1,0,1,1,0,0.0,LOW
Vasudha Bhalla,6,1,0,1,1,0,0.0,LOW
Karan Verma,6,1,0,1,1,0,0.0,LOW
Kai Pal,6,1,0,1,1,0,0.0,LOW
Mugdha Palla,6,1,0,1,1,0,0.0,LOW
Vihaan Krishna,6,1,0,1,1,0,0.0,LOW
Yoshita Pradhan,6,1,0,1,1,0,0.0,LOW
Ijaya Samra,6,1,0,1,1,0,0.0,LOW
Rishi Swaminathan,6,1,0,1,1,0,0.0,LOW
Yuvraj Merchant,6,1,0,1,1,0,0.0,LOW
Kashvi Dani,6,1,0,1,1,0,0.0,LOW
Ethan Nigam,6,1,0,1,1,0,0.0,LOW
Girik Kapadia,6,1,0,1,1,0,0.0,LOW
Karan Kalla,6,1,0,1,1,0,0.0,LOW
Amaira Badami,6,1,0,1,1,0,0.0,LOW
Nandini Vig,6,1,0,1,1,0,0.0,LOW
Yahvi Trivedi,6,1,0,1,1,0,0.0,LOW
Geetika Sekhon,6,1,0,1,1,0,0.0,LOW
Kevin Varty,6,1,0,1,1,0,0.0,LOW
Sanaya Jha,6,1,0,1,1,0,0.0,LOW
Vrishti Ramachandran,6,1,0,1,1,0,0.0,LOW
Liam Sachdeva,6,1,0,1,1,0,0.0,LOW
Farhan Tandon,6,1,0,1,1,0,0.0,LOW
Oeshi Dave,6,1,0,1,1,0,0.0,LOW
Dev Raval,6,1,0,1,1,0,0.0,LOW
Gopal Iyer,6,1,0,1,1,0,0.0,LOW
Upadhriti Choudhry,6,1,0,1,1,0,0.0,LOW
Diya Dara,6,1,0,1,1,0,0.0,LOW
Jagat Rege,6,1,0,1,1,0,0.0,LOW
Jagdish Chakraborty,6,1,0,1,1,0,0.0,LOW
Kai Seshadri,6,1,0,1,1,0,0.0,LOW
Ishita Srinivasan,6,1,0,1,1,0,0.0,LOW
Jagvi Balakrishnan,6,1,0,1,1,0,0.0,LOW
Onveer Wason,6,1,0,1,1,0,0.0,LOW
Hemal Sethi,6,1,0,1,1,0,0.0,LOW
Thomas Narang,6,1,0,1,1,0,0.0,LOW
Harsh Bobal,6,1,0,1,1,0,0.0,LOW
Ira Mishra,6,1,0,1,1,0,0.0,LOW
Megha Nagar,6,1,0,1,1,0,0.0,LOW
Ekalinga Dube,6,1,0,1,1,0,0.0,LOW
Frederick Samra,6,1,0,1,1,0,0.0,LOW
Balvan Chadha,6,1,0,1,1,0,0.0,LOW
Ishanvi Dada,6,1,0,1,1,0,0.0,LOW
Vrishti Gokhale,6,1,0,1,1,0,0.0,LOW
Nimrat Munshi,6,1,0,1,1,0,0.0,LOW
Leena Sule,6,1,0,1,1,0,0.0,LOW
Adweta Kurian,6,1,0,1,1,0,0.0,LOW
Nirja Tripathi,6,1,0,1,1,0,0.0,LOW
Amruta Narain,6,1,0,1,1,0,0.0,LOW
Sai Bail,6,1,0,1,1,0,0.0,LOW
Jatin Chanda,6,1,0,1,1,0,0.0,LOW
Pratyush Prasad,6,1,0,1,1,0,0.0,LOW
Yashawini Dara,6,1,0,1,1,0,0.0,LOW
Om Dhawan,6,1,0,1,1,0,0.0,LOW
Vedant Bhagat,6,1,0,1,1,0,0.0,LOW
Harshil Chowdhury,6,1,0,1,1,0,0.0,LOW
Bahadurjit Gupta,6,1,0,1,1,0,0.0,LOW
Meghana Agrawal,6,1,0,1,1,0,0.0,LOW
Dalaja Patla,6,1,0,1,1,0,0.0,LOW
Viraj Sood,6,1,0,1,1,0,0.0,LOW
Pavani Pal,6,1,0,1,1,0,0.0,LOW
Chaman Balasubramanian,6,1,0,1,1,0,0.0,LOW
Deepa Bera,6,1,0,1,1,0,0.0,LOW
Aditya Singhal,6,1,0,1,1,0,0.0,LOW
Dalbir Pall,6,1,0,1,1,0,0.0,LOW
Darsh Iyengar,6,1,0,1,1,0,0.0,LOW
Dakshesh Vala,6,1,0,1,1,0,0.0,LOW
Krishna Gaba,6,1,0,1,1,0,0.0,LOW
Aarini Sawhney,6,1,0,1,1,0,0.0,LOW
Naksh Bahl,6,1,0,1,1,0,0.0,LOW
Raagini Varkey,6,1,0,1,1,0,0.0,LOW
Jagrati Sandhu,6,1,0,1,1,0,0.0,LOW
Warda Patil,6,1,0,1,1,0,0.0,LOW
Gagan Madan,6,1,0,1,1,0,0.0,LOW
Ojas Loyal,6,1,0,1,1,0,0.0,LOW
Chaaya Thakkar,6,1,0,1,1,0,0.0,LOW
Vivaan Chaudhry,6,1,0,1,1,0,0.0,LOW
Anusha Loke,6,1,0,1,1,0,0.0,LOW
Idika Garg,6,1,0,1,1,0,0.0,LOW
Timothy Kurian,6,1,0,1,1,0,0.0,LOW
Zayyan Ranganathan,6,1,0,1,1,0,0.0,LOW
Chandani Mandal,6,1,0,1,1,0,0.0,LOW
Panini Vig,6,1,0,1,1,0,0.0,LOW
Amol Sami,6,1,0,1,1,0,0.0,LOW
Advika Baria,6,1,0,1,1,0,0.0,LOW
Saumya Kapoor,6,1,0,1,1,0,0.0,LOW
Netra Bhatia,6,1,0,1,1,0,0.0,LOW
Lucky Wagle,6,1,0,1,1,0,0.0,LOW
Yagnesh Merchant,6,1,0,1,1,0,0.0,LOW
Wridesh Randhawa,6,1,0,1,1,0,0.0,LOW
Dakshesh Ratti,6,1,0,1,1,0,0.0,LOW
Charan Kannan,6,1,0,1,1,0,0.0,LOW
Mohini Chakraborty,6,1,0,1,1,0,0.0,LOW
Advika Agate,6,1,0,1,1,0,0.0,LOW
Chaman Pau,6,1,0,1,1,0,0.0,LOW
Ekaja Contractor,6,1,0,1,1,0,0.0,LOW
Yug Mitra,6,1,0,1,1,0,0.0,LOW
Joshua Tiwari,6,1,0,1,1,0,0.0,LOW
Girish Brar,6,1,0,1,1,0,0.0,LOW
William Johal,6,1,0,1,1,0,0.0,LOW
Sarthak Chopra,6,1,0,1,1,0,0.0,LOW
Atharv Din,6,1,0,1,1,0,0.0,LOW
Vrishti Sama,6,1,0,1,1,0,0.0,LOW
Champak Chaudhuri,6,1,0,1,1,0,0.0,LOW
Wriddhish Suri,6,1,0,1,1,0,0.0,LOW
Upadhriti Parsa,6,1,0,1,1,0,0.0,LOW
Upasna Bhatti,6,1,0,1,1,0,0.0,LOW
Nicholas Mallick,6,1,0,1,1,0,0.0,LOW
Charan Pradhan,6,1,0,1,1,0,0.0,LOW
Bishakha Bala,6,1,0,1,1,0,0.0,LOW
Advik Gokhale,6,1,0,1,1,0,0.0,LOW
Adya Pandya,6,1,0,1,1,0,0.0,LOW
Finn Mane,6,1,0,1,1,0,0.0,LOW
Vidhi Sabharwal,6,1,0,1,1,0,0.0,LOW
Warda Rajagopalan,6,1,0,1,1,0,0.0,LOW
Waida Kaul,6,1,0,1,1,0,0.0,LOW
Ekbal Rai,6,1,0,1,1,0,0.0,LOW
Kavya Ramachandran,6,1,0,1,1,0,0.0,LOW
Matthew Krishna,6,1,0,1,1,0,0.0,LOW
Chakrika Chander,6,1,0,1,1,0,0.0,LOW
Ishwar Kaul,6,1,0,1,1,0,0.0,LOW
Tanish Pau,6,1,0,1,1,0,0.0,LOW
Omisha Biswas,6,1,0,1,1,0,0.0,LOW
Anay Dugar,6,1,0,1,1,0,0.0,LOW
Tara Palla,6,1,0,1,1,0,0.0,LOW
Garima Agrawal,6,1,0,1,1,0,0.0,LOW
Xalak Ramachandran,6,1,0,1,1,0,0.0,LOW
Ishita Kaur,6,1,0,1,1,0,0.0,LOW
Veda Patla,6,1,0,1,1,0,0.0,LOW
Teerth Chahal,6,1,0,1,1,0,0.0,LOW
Zansi Kota,6,1,0,1,1,0,0.0,LOW
Praneel Purohit,6,1,0,1,1,0,0.0,LOW
Arjun Shah,6,1,0,1,1,0,0.0,LOW
Saksham Handa,6,1,0,1,1,0,0.0,LOW
Owen Char,6,1,0,1,1,0,0.0,LOW
Oscar Srivastava,6,1,0,1,1,0,0.0,LOW
Hema Mistry,6,1,0,1,1,0,0.0,LOW
Lavanya Maharaj,6,1,0,1,1,0,0.0,LOW
Geetika Sachdeva,6,1,0,1,1,0,0.0,LOW
Radhika Gaba,6,1,0,1,1,0,0.0,LOW
Hemal Gupta,6,1,0,1,1,0,0.0,LOW
Rayaan Bains,6,1,0,1,1,0,0.0,LOW
Bimala Chowdhury,6,1,0,1,1,0,0.0,LOW
Robert Banik,6,1,0,1,1,0,0.0,LOW
Riya Lata,6,1,0,1,1,0,0.0,LOW
Megha Sani,6,1,0,1,1,0,0.0,LOW
Netra Chana,6,1,0,1,1,0,0.0,LOW
Hardik Balay,6,1,0,1,1,0,0.0,LOW
Rehaan Sahni,6,1,0,1,1,0,0.0,LOW
Chatura Dasgupta,6,1,0,1,1,0,0.0,LOW
Hemal Shetty,6,1,0,1,1,0,0.0,LOW
Gaurang Pradhan,6,1,0,1,1,0,0.0,LOW
Baghyawati Krishnan,6,1,0,1,1,0,0.0,LOW
Rajata Sha,6,1,0,1,1,0,0.0,LOW
Urvi Konda,6,1,0,1,1,0,0.0,LOW
Jyoti Bala,6,1,0,1,1,0,0.0,LOW
Abha Varghese,6,1,0,1,1,0,0.0,LOW
Pahal Kamdar,6,1,0,1,1,0,0.0,LOW
Aarini Kumar,6,1,0,1,1,0,0.0,LOW
Wridesh Sethi,6,1,0,1,1,0,0.0,LOW
Jeevika Walla,6,1,0,1,1,0,0.0,LOW
Jagdish Pandey,6,1,0,1,1,0,0.0,LOW
Kai Thaker,6,1,0,1,1,0,0.0,LOW
Matthew Dubey,6,1,0,1,1,0,0.0,LOW
Vaishnavi Comar,6,1,0,1,1,0,0.0,LOW
Arin Dugar,6,1,0,1,1,0,0.0,LOW
Wriddhish De,6,1,0,1,1,0,0.0,LOW
Kavya Verma,6,1,0,1,1,0,0.0,LOW
Qasim Comar,6,1,0,1,1,0,0.0,LOW
Udyati Varughese,6,1,0,1,1,0,0.0,LOW
Isaac Dhar,6,1,0,1,1,0,0.0,LOW
Hemang Mangat,6,1,0,1,1,0,0.0,LOW
Ikbal Morar,6,1,0,1,1,0,0.0,LOW
Sanya Kata,6,1,0,1,1,0,0.0,LOW
Isaiah Krishnan,6,1,0,1,1,0,0.0,LOW
Unni Sabharwal,6,1,0,1,1,0,0.0,LOW
Yashawini Kari,6,1,0,1,1,0,0.0,LOW
Orinder Mistry,6,1,0,1,1,0,0.0,LOW
Lekha Savant,6,1,0,1,1,0,0.0,LOW
Yatan Murty,6,1,0,1,1,0,0.0,LOW
Tejas Dey,6,1,0,1,1,0,0.0,LOW
Dayita Dugar,6,1,0,1,1,0,0.0,LOW
Robert Chand,6,1,0,1,1,0,0.0,LOW
Naveen Mangal,6,1,0,1,1,0,0.0,LOW
Jason Varghese,6,1,0,1,1,0,0.0,LOW
Bahadurjit Dutta,6,1,0,1,1,0,0.0,LOW
Akshay Subramaniam,6,1,0,1,1,0,0.0,LOW
Wriddhish Ganesh,6,1,0,1,1,0,0.0,LOW
Rudra Khosla,6,1,0,1,1,0,0.0,LOW
Qabil Das,6,1,0,1,1,0,0.0,LOW
Laksh Anand,6,1,0,1,1,0,0.0,LOW
Ganga Chaudry,6,1,0,1,1,0,0.0,LOW
Abhimanyu Kashyap,6,1,0,1,1,0,0.0,LOW
George Naidu,6,1,0,1,1,0,0.0,LOW
Vasana Savant,6,1,0,1,1,0,0.0,LOW
Peter Koshy,6,1,0,1,1,0,0.0,LOW
Dalbir Salvi,6,1,0,1,1,0,0.0,LOW
Eiravati Das,6,1,0,1,1,0,0.0,LOW
Yug Mistry,6,1,0,1,1,0,0.0,LOW
Jagdish Toor,6,1,0,1,1,0,0.0,LOW
Banjeet Nagar,6,1,0,1,1,0,0.0,LOW
Robert Ghosh,6,1,0,1,1,0,0.0,LOW
Bachittar Srinivasan,6,1,0,1,1,0,0.0,LOW
Chakradev Pai,6,1,0,1,1,0,0.0,LOW
Vincent Pau,6,1,0,1,1,0,0.0,LOW
Ekta Bera,6,1,0,1,1,0,0.0,LOW
Nakul Varma,6,1,0,1,1,0,0.0,LOW
Pratyush Sengupta,6,1,0,1,1,0,0.0,LOW
Jalsa Malhotra,6,1,0,1,1,0,0.0,LOW
Adya Shanker,6,1,0,1,1,0,0.0,LOW
Dhruv Sekhon,6,1,0,1,1,0,0.0,LOW
Pranit Kapadia,6,1,0,1,1,0,0.0,LOW
Orinder Wason,6,1,0,1,1,0,0.0,LOW
Nathan Char,6,1,0,1,1,0,0.0,LOW
Hemang Banik,6,1,0,1,1,0,0.0,LOW
Nisha Thakkar,6,1,0,1,1,0,0.0,LOW
Yochana Sem,6,1,0,1,1,0,0.0,LOW
Upasna Sehgal,6,1,0,1,1,0,0.0,LOW
Falan Kala,6,1,0,1,1,0,0.0,LOW
Anya Bora,6,1,0,1,1,0,0.0,LOW
Bhavya Sarraf,6,1,0,1,1,0,0.0,LOW
Vivaan Das,6,1,0,1,1,0,0.0,LOW
Krishna Pillay,6,1,0,1,1,0,0.0,LOW
Om Yogi,6,1,0,1,1,0,0.0,LOW
Ganga Goswami,6,1,0,1,1,0,0.0,LOW
Varenya Gaba,6,1,0,1,1,0,0.0,LOW
Ronith Vala,6,1,0,1,1,0,0.0,LOW
Balvan Patil,6,1,0,1,1,0,0.0,LOW
Advaith Pillai,6,1,0,1,1,0,0.0,LOW
Vinaya Bava,6,1,0,1,1,0,0.0,LOW
Januja Mishra,6,1,0,1,1,0,0.0,LOW
Sarthak Nadkarni,6,1,0,1,1,0,0.0,LOW
Nathan Grewal,6,1,0,1,1,0,0.0,LOW
Aditya Badal,6,1,0,1,1,0,0.0,LOW
Daksh Nagar,6,1,0,1,1,0,0.0,LOW
Kamala Magar,6,1,0,1,1,0,0.0,LOW
Ranveer Randhawa,6,1,0,1,1,0,0.0,LOW
Advaith Ahluwalia,6,1,0,1,1,0,0.0,LOW
Jagat Randhawa,6,1,0,1,1,0,0.0,LOW
Lekha Shan,6,1,0,1,1,0,0.0,LOW
Yutika Agarwal,6,1,0,1,1,0,0.0,LOW
Saanvi Char,6,1,0,1,1,0,0.0,LOW
Charvi Chadha,6,1,0,1,1,0,0.0,LOW
Akshay Narayan,6,1,0,1,1,0,0.0,LOW
Turvi Bhatti,6,1,0,1,1,0,0.0,LOW
Kabir Chaudry,6,1,0,1,1,0,0.0,LOW
Vedhika Barman,6,1,0,1,1,0,0.0,LOW
Aashi Lalla,6,1,0,1,1,0,0.0,LOW
Gopal Vasa,6,1,0,1,1,0,0.0,LOW
Ikshita Dewan,6,1,0,1,1,0,0.0,LOW
Onveer Bhatnagar,6,1,0,1,1,0,0.0,LOW
Yagnesh Narayan,6,1,0,1,1,0,0.0,LOW
Balvan Rege,6,1,0,1,1,0,0.0,LOW
Chatura Mangat,6,1,0,1,1,0,0.0,LOW
Reva Ranganathan,6,1,0,1,1,0,0.0,LOW
Urvashi Kara,6,1,0,1,1,0,0.0,LOW
Parth Chatterjee,6,1,0,1,1,0,0.0,LOW
Gayathri Ratta,6,1,0,1,1,0,0.0,LOW
Vincent Aurora,6,1,0,1,1,0,0.0,LOW
Sai Vala,6,1,0,1,1,0,0.0,LOW
Veer Kadakia,6,1,0,1,1,0,0.0,LOW
Odika Konda,6,1,0,1,1,0,0.0,LOW
Vamakshi Misra,6,1,0,1,1,0,0.0,LOW
Chameli Behl,6,1,0,1,1,0,0.0,LOW
Zayan Din,6,1,0,1,1,0,0.0,LOW
Chavvi Kala,6,1,0,1,1,0,0.0,LOW
Nachiket Khare,6,1,0,1,1,0,0.0,LOW
Zaid Batta,6,1,0,1,1,0,0.0,LOW
Nakul Dewan,6,1,0,1,1,0,0.0,LOW
Benjamin Hora,6,1,0,1,1,0,0.0,LOW
Nathaniel Goswami,6,1,0,1,1,0,0.0,LOW
Charles Shenoy,6,1,0,1,1,0,0.0,LOW
Advika Sibal,6,1,0,1,1,0,0.0,LOW
Jagdish Zacharia,6,1,0,1,1,0,0.0,LOW
Vasudha Wagle,6,1,0,1,1,0,0.0,LOW
Devansh Gandhi,6,1,0,1,1,0,0.0,LOW
Wridesh Sandhu,6,1,0,1,1,0,0.0,LOW
Radha Tandon,6,1,0,1,1,0,0.0,LOW
Robert Tailor,6,1,0,1,1,0,0.0,LOW
Abha Guha,6,1,0,1,1,0,0.0,LOW
Bhavika Wable,6,1,0,1,1,0,0.0,LOW
Ikbal Luthra,6,1,0,1,1,0,0.0,LOW
Michael Wable,6,1,0,1,1,0,0.0,LOW
Arjun Banik,6,1,0,1,1,0,0.0,LOW
Waida Dora,6,1,0,1,1,0,0.0,LOW
Sathvik Bhandari,6,1,0,1,1,0,0.0,LOW
Thomas Nath,6,1,0,1,1,0,0.0,LOW
Gaurika Bhatnagar,6,1,0,1,1,0,0.0,LOW
Riya Tailor,6,1,0,1,1,0,0.0,LOW
Agastya Maharaj,6,1,0,1,1,0,0.0,LOW
Panini Gade,6,1,0,1,1,0,0.0,LOW
Matthew Sinha,6,1,0,1,1,0,0.0,LOW
Tamanna Mann,6,1,0,1,1,0,0.0,LOW
Warhi Raghavan,6,1,0,1,1,0,0.0,LOW
Libni Kumer,6,1,0,1,1,0,0.0,LOW
Ishanvi Sibal,6,1,0,1,1,0,0.0,LOW
Girish Ranganathan,6,1,0,1,1,0,0.0,LOW
Raghav Pradhan,6,1,0,1,1,0,0.0,LOW
Qasim Johal,6,1,0,1,1,0,0.0,LOW
Jyoti Uppal,6,1,0,1,1,0,0.0,LOW
Anirudh Gopal,6,1,0,1,1,0,0.0,LOW
Bhavna Seshadri,6,1,0,1,1,0,0.0,LOW
Ryan Ahluwalia,6,1,0,1,1,0,0.0,LOW
Megha Subramanian,6,1,0,1,1,0,0.0,LOW
Chanchal Kade,6,1,0,1,1,0,0.0,LOW
Eta Bhasin,6,1,0,1,1,0,0.0,LOW
Panini Memon,6,1,0,1,1,0,0.0,LOW
Ijaya Modi,6,1,0,1,1,0,0.0,LOW
Madhav Choudhary,6,1,0,1,1,0,0.0,LOW
Utkarsh Rana,6,1,0,1,1,0,0.0,LOW
Anita Bahl,6,1,0,1,1,0,0.0,LOW
Eta Lad,6,1,0,1,1,0,0.0,LOW
Teerth Wadhwa,6,1,0,1,1,0,0.0,LOW
Kabir Jain,6,1,0,1,1,0,0.0,LOW
Ekbal Patil,6,1,0,1,1,0,0.0,LOW
Luke Sethi,6,1,0,1,1,0,0.0,LOW
Ansh Dar,6,1,0,1,1,0,0.0,LOW
Parth Thaman,6,1,0,1,1,0,0.0,LOW
Ishani Dass,6,1,0,1,1,0,0.0,LOW
Hritik Mohan,6,1,0,1,1,0,0.0,LOW
Ati Singhal,6,1,0,1,1,0,0.0,LOW
Oviya Datta,6,1,0,1,1,0,0.0,LOW
Onveer Borah,6,1,0,1,1,0,0.0,LOW
Fitan Raju,6,1,0,1,1,0,0.0,LOW
Maanav Zachariah,6,1,0,1,1,0,0.0,LOW
Jasmit Nair,6,1,0,1,1,0,0.0,LOW
Ekapad Bhatti,6,1,0,1,1,0,0.0,LOW
Manya Ramanathan,6,1,0,1,1,0,0.0,LOW
Dhruv Bhargava,6,1,0,1,1,0,0.0,LOW
Adweta Randhawa,6,1,0,1,1,0,0.0,LOW
Yachana Shenoy,6,1,0,1,1,0,0.0,LOW
Neelima Bava,6,1,0,1,1,0,0.0,LOW
Deepa Chahal,6,1,0,1,1,0,0.0,LOW
Ubika Choudhry,6,1,0,1,1,0,0.0,LOW
Nilima Loke,6,1,0,1,1,0,0.0,LOW
Kamala Pandey,6,1,0,1,1,0,0.0,LOW
Umang Bhandari,6,1,0,1,1,0,0.0,LOW
Mahika Sen,6,1,0,1,1,0,0.0,LOW
Yash Bora,6,1,0,1,1,0,0.0,LOW
Peter Dey,6,1,0,1,1,0,0.0,LOW
Krisha Gara,6,1,0,1,1,0,0.0,LOW
Bhavna Prakash,6,1,0,1,1,0,0.0,LOW
Upadhriti Johal,6,1,0,1,1,0,0.0,LOW
Kavya Dara,6,1,0,1,1,0,0.0,LOW
Adya Ravi,6,1,0,1,1,0,0.0,LOW
William Trivedi,6,1,0,1,1,0,0.0,LOW
Chanakya Nadig,6,1,0,1,1,0,0.0,LOW
Chakradhar Ganesan,6,1,0,1,1,0,0.0,LOW
Jonathan Narula,6,1,0,1,1,0,0.0,LOW
Alexander Dutt,6,1,0,1,1,0,0.0,LOW
Imaran Chanda,6,1,0,1,1,0,0.0,LOW
Vincent Bawa,6,1,0,1,1,0,0.0,LOW
Aarini Basak,6,1,0,1,1,0,0.0,LOW
Garima Kumer,6,1,0,1,1,0,0.0,LOW
Jeet Gade,6,1,0,1,1,0,0.0,LOW
Viraj Mitter,6,1,0,1,1,0,0.0,LOW
Chakradev Andra,6,1,0,1,1,0,0.0,LOW
Aradhana Iyengar,6,1,0,1,1,0,0.0,LOW
Girindra Goda,6,1,0,1,1,0,0.0,LOW
Meghana Khatri,6,1,0,1,1,0,0.0,LOW
Manan Oommen,6,1,0,1,1,0,0.0,LOW
Ranveer Wagle,6,1,0,1,1,0,0.0,LOW
Yoshita Dugal,6,1,0,1,1,0,0.0,LOW
Umang Gokhale,6,1,0,1,1,0,0.0,LOW
Ishanvi Manda,6,1,0,1,1,0,0.0,LOW
Alexander Biswas,6,1,0,1,1,0,0.0,LOW
Charan Suresh,6,1,0,1,1,0,0.0,LOW
Hemal Rout,6,1,0,1,1,0,0.0,LOW
Warjas Randhawa,6,1,0,1,1,0,0.0,LOW
Omya Nadig,6,1,0,1,1,0,0.0,LOW
Jacob Varghese,6,1,0,1,1,0,0.0,LOW
Chatresh Bora,6,1,0,1,1,0,0.0,LOW
Yahvi Nagi,6,1,0,1,1,0,0.0,LOW
Urvashi Dora,6,1,0,1,1,0,0.0,LOW
Yash Sachar,6,1,0,1,1,0,0.0,LOW
Chatresh Taneja,6,1,0,1,1,0,0.0,LOW
Chaitaly Devi,6,1,0,1,1,0,0.0,LOW
Lakshmi Bhattacharyya,6,1,0,1,1,0,0.0,LOW
Pranav Sangha,6,1,0,1,1,0,0.0,LOW
Abeer Atwal,6,1,0,1,1,0,0.0,LOW
Sarthak Bath,6,1,0,1,1,0,0.0,LOW
Gagan Munshi,6,1,0,1,1,0,0.0,LOW
Pranit Bhagat,6,1,0,1,1,0,0.0,LOW
Lucky Bakshi,6,1,0,1,1,0,0.0,LOW
Sanya Sarna,6,1,0,1,1,0,0.0,LOW
Lakshmi Mohan,6,1,0,1,1,0,0.0,LOW
Udant Naik,6,1,0,1,1,0,0.0,LOW
Praneel Palan,6,1,0,1,1,0,0.0,LOW
Dayita Samra,6,1,0,1,1,0,0.0,LOW
Lavanya Sen,6,1,0,1,1,0,0.0,LOW
Mitesh Parmer,6,1,0,1,1,0,0.0,LOW
Nilima Suri,6,1,0,1,1,0,0.0,LOW
Jagrati Hora,6,1,0,1,1,0,0.0,LOW
Frado Murty,6,1,0,1,1,0,0.0,LOW
Bhavani Ramaswamy,6,1,0,1,1,0,0.0,LOW
Krishna Chand,6,1,0,1,1,0,0.0,LOW
Omya Sawhney,6,1,0,1,1,0,0.0,LOW
Ethan Balay,6,1,0,1,1,0,0.0,LOW
Mugdha Zacharia,6,1,0,1,1,0,0.0,LOW
Libni Atwal,6,1,0,1,1,0,0.0,LOW
Manan Khare,6,1,0,1,1,0,0.0,LOW
Parth Rana,6,1,0,1,1,0,0.0,LOW
Leena Mallick,6,1,0,1,1,0,0.0,LOW
Rachana Misra,6,1,0,1,1,0,0.0,LOW
Ekavir Comar,6,1,0,1,1,0,0.0,LOW
Farhan Barman,6,1,0,1,1,0,0.0,LOW
Wazir Parmer,6,1,0,1,1,0,0.0,LOW
Parth Tandon,6,1,0,1,1,0,0.0,LOW
Mitali Bobal,6,1,0,1,1,0,0.0,LOW
Mahika Amble,6,1,0,1,1,0,0.0,LOW
Janani Wable,6,1,0,1,1,0,0.0,LOW
Aarnav Raj,6,1,0,1,1,0,0.0,LOW
Lajita Morar,6,1,0,1,1,0,0.0,LOW
Hemang Pant,6,1,0,1,1,0,0.0,LOW
Damini Ratti,6,1,0,1,1,0,0.0,LOW
Chandresh Lanka,6,1,0,1,1,0,0.0,LOW
Max Gala,6,1,0,1,1,0,0.0,LOW
Lila Nayar,6,1,0,1,1,0,0.0,LOW
Xiti Ravi,6,1,0,1,1,0,0.0,LOW
Vritti Agrawal,6,1,0,1,1,0,0.0,LOW
Yashasvi Oommen,6,1,0,1,1,0,0.0,LOW
Lakshmi Mandal,6,1,0,1,1,0,0.0,LOW
Simon Mand,6,1,0,1,1,0,0.0,LOW
Vamakshi Ghose,6,1,0,1,1,0,0.0,LOW
Bhavani Guha,6,1,0,1,1,0,0.0,LOW
Divya Virk,6,1,0,1,1,0,0.0,LOW
Ekta Date,6,1,0,1,1,0,0.0,LOW
Krisha Panchal,6,1,0,1,1,0,0.0,LOW
Reva Lall,6,1,0,1,1,0,0.0,LOW
Hemani Kamdar,6,1,0,1,1,0,0.0,LOW
Bahadurjit Nath,6,1,0,1,1,0,0.0,LOW
Theodore Ghosh,6,1,0,1,1,0,0.0,LOW
Hredhaan Khare,6,1,0,1,1,0,0.0,LOW
Ubika Bhat,6,1,0,1,1,0,0.0,LOW
Mohammed Mohanty,6,1,0,1,1,0,0.0,LOW
Nirja Chandra,6,1,0,1,1,0,0.0,LOW
Charita Guha,6,1,0,1,1,0,0.0,LOW
Xavier Bhasin,6,1,0,1,1,0,0.0,LOW
Ekalinga Loyal,6,1,0,1,1,0,0.0,LOW
Shivansh Sethi,6,1,0,1,1,0,0.0,LOW
Alexander Thakkar,6,1,0,1,1,0,0.0,LOW
Vaishnavi Jain,6,1,0,1,1,0,0.0,LOW
Indali Dara,6,1,0,1,1,0,0.0,LOW
Pallavi Parmer,6,1,0,1,1,0,0.0,LOW
Avi Chowdhury,6,1,0,1,1,0,0.0,LOW
Ekani Sha,6,1,0,1,1,0,0.0,LOW
Ijaya Thaman,6,1,0,1,1,0,0.0,LOW
Bahadurjit Master,6,1,0,1,1,0,0.0,LOW
Yatan Yohannan,6,1,0,1,1,0,0.0,LOW
Hema Parmar,6,1,0,1,1,0,0.0,LOW
Chaitaly Dar,6,1,0,1,1,0,0.0,LOW
Urishilla Sankaran,6,1,0,1,1,0,0.0,LOW
Ria Suresh,6,1,0,1,1,0,0.0,LOW
Neel Rao,6,1,0,1,1,0,0.0,LOW
Zehaan Balakrishnan,6,1,0,1,1,0,0.0,LOW
Faris Brar,6,1,0,1,1,0,0.0,LOW
Ronith Mitra,6,1,0,1,1,0,0.0,LOW
Yutika Tank,6,1,0,1,1,0,0.0,LOW
Xavier Yohannan,6,1,0,1,1,0,0.0,LOW
Mitesh Malhotra,6,1,0,1,1,0,0.0,LOW
Adweta Narula,6,1,0,1,1,0,0.0,LOW
Ekaraj Mahal,6,1,0,1,1,0,0.0,LOW
Dhruv Nagy,6,1,0,1,1,0,0.0,LOW
Girish Bal,6,1,0,1,1,0,0.0,LOW
Atharv Vig,6,1,0,1,1,0,0.0,LOW
Jagat Dutta,6,1,0,1,1,0,0.0,LOW
Saumya Bhattacharyya,6,1,0,1,1,0,0.0,LOW
Ira Bera,6,1,0,1,1,0,0.0,LOW
Aarini Rajagopal,6,1,0,1,1,0,0.0,LOW
Anmol Balay,6,1,0,1,1,0,0.0,LOW
Qarin Rajagopal,6,1,0,1,1,0,0.0,LOW
Wridesh Shere,6,1,0,1,1,0,0.0,LOW
David Upadhyay,6,1,0,1,1,0,0.0,LOW
Eshana Bera,6,1,0,1,1,0,0.0,LOW
Unnati Brar,6,1,0,1,1,0,0.0,LOW
Alexander Swamy,6,1,0,1,1,0,0.0,LOW
Thomas Gill,6,1,0,1,1,0,0.0,LOW
Riya Palla,6,1,0,1,1,0,0.0,LOW
Ati Bhalla,6,1,0,1,1,0,0.0,LOW
Finn Ghosh,6,1,0,1,1,0,0.0,LOW
Peter Kalita,6,1,0,1,1,0,0.0,LOW
Omkaar Apte,6,1,0,1,1,0,0.0,LOW
Dipta Bora,6,1,0,1,1,0,0.0,LOW
Yachana Hans,6,1,0,1,1,0,0.0,LOW
Nidhi Nadig,6,1,0,1,1,0,0.0,LOW
Ekta Kapadia,6,1,0,1,1,0,0.0,LOW
Ikshita Gulati,6,1,0,1,1,0,0.0,LOW
Yachana Kara,6,1,0,1,1,0,0.0,LOW
Ucchal Som,6,1,0,1,1,0,0.0,LOW
Anya Mukhopadhyay,6,1,0,1,1,0,0.0,LOW
Ekaraj Mannan,6,1,0,1,1,0,0.0,LOW
Neel Banik,6,1,0,1,1,0,0.0,LOW
Onkar Sahni,6,1,0,1,1,0,0.0,LOW
Tara Vora,6,1,0,1,1,0,0.0,LOW
Peter Bhardwaj,6,1,0,1,1,0,0.0,LOW
Tanvi Kumer,6,1,0,1,1,0,0.0,LOW
Ekaraj Pandya,6,1,0,1,1,0,0.0,LOW
Viraj Gulati,6,1,0,1,1,0,0.0,LOW
Atharv Walla,6,1,0,1,1,0,0.0,LOW
Isaiah Suresh,6,1,0,1,1,0,0.0,LOW
Sudiksha Ravi,6,1,0,1,1,0,0.0,LOW
Yatan Nadkarni,6,1,0,1,1,0,0.0,LOW
Jeet Varughese,6,1,0,1,1,0,0.0,LOW
Rachit Walia,6,1,0,1,1,0,0.0,LOW
Nirja Pathak,6,1,0,1,1,0,0.0,LOW
Wyatt Mammen,6,1,0,1,1,0,0.0,LOW
Harinakshi Mallick,6,1,0,1,1,0,0.0,LOW
Patrick Tak,6,1,0,1,1,0,0.0,LOW
Nidra Dewan,6,1,0,1,1,0,0.0,LOW
Omya Kanda,6,1,0,1,1,0,0.0,LOW
Pratyush Bhagat,6,1,0,1,1,0,0.0,LOW
Daniel Roy,6,1,0,1,1,0,0.0,LOW
Aadhya Narang,6,1,0,1,1,0,0.0,LOW
Bishakha Mane,6,1,0,1,1,0,0.0,LOW
Pavani Narang,6,1,0,1,1,0,0.0,LOW
Aryan Samra,6,1,0,1,1,0,0.0,LOW
Aayush Barman,6,1,0,1,1,0,0.0,LOW
Devansh Mohan,6,1,0,1,1,0,0.0,LOW
Isha Goda,6,1,0,1,1,0,0.0,LOW
Kevin Nayak,6,1,0,1,1,0,0.0,LOW
Azaan Sharma,6,1,0,1,1,0,0.0,LOW
Benjamin Sarna,6,1,0,1,1,0,0.0,LOW
Jagat Bhasin,6,1,0,1,1,0,0.0,LOW
Jagvi Patel,6,1,0,1,1,0,0.0,LOW
Bimala Chokshi,6,1,0,1,1,0,0.0,LOW
Chaitaly Jayaraman,6,1,0,1,1,0,0.0,LOW
Garima Sehgal,6,1,0,1,1,0,0.0,LOW
Mahika Kapoor,6,1,0,1,1,0,0.0,LOW
Ekaja Issac,6,1,0,1,1,0,0.0,LOW
Bhavya Talwar,6,1,0,1,1,0,0.0,LOW
Mahika Venkatesh,6,1,0,1,1,0,0.0,LOW
Ekbal Kala,6,1,0,1,1,0,0.0,LOW
Hemangini Srivastava,6,1,0,1,1,0,0.0,LOW
Samaksh Bahl,6,1,0,1,1,0,0.0,LOW
Oscar Shah,6,1,0,1,1,0,0.0,LOW
Nidhi Sood,6,1,0,1,1,0,0.0,LOW
Chandresh Parmer,6,1,0,1,1,0,0.0,LOW
Falguni Garg,6,1,0,1,1,0,0.0,LOW
Jhalak Din,6,1,0,1,1,0,0.0,LOW
Pooja Kar,6,1,0,1,1,0,0.0,LOW
Gaurang Keer,6,1,0,1,1,0,0.0,LOW
Harish Dhar,6,1,0,1,1,0,0.0,LOW
Zayan Sagar,6,1,0,1,1,0,0.0,LOW
Janya Hayer,6,1,0,1,1,0,0.0,LOW
Gabriel Nair,6,1,0,1,1,0,0.0,LOW
Brijesh Bakshi,6,1,0,1,1,0,0.0,LOW
Sneha Thakur,6,1,0,1,1,0,0.0,LOW
Abha Varkey,6,1,0,1,1,0,0.0,LOW
Ikbal Sangha,6,1,0,1,1,0,0.0,LOW
Janaki Kata,6,1,0,1,1,0,0.0,LOW
Teerth Chadha,6,1,0,1,1,0,0.0,LOW
Samar Dubey,6,1,0,1,1,0,0.0,LOW
Yashawini Sibal,6,1,0,1,1,0,0.0,LOW
Mitesh Devi,6,1,0,1,1,0,0.0,LOW
Lakshmi Agarwal,6,1,0,1,1,0,0.0,LOW
Bahadurjit Chatterjee,6,1,0,1,1,0,0.0,LOW
Zaitra Shan,6,1,0,1,1,0,0.0,LOW
Omaja Kale,6,1,0,1,1,0,0.0,LOW
Lohit Garg,6,1,0,1,1,0,0.0,LOW
Shivansh Halder,6,1,0,1,1,0,0.0,LOW
Raagini Mangal,6,1,0,1,1,0,0.0,LOW
Mitesh Comar,6,1,0,1,1,0,0.0,LOW
Karan Bakshi,6,1,0,1,1,0,0.0,LOW
Nathaniel Dada,6,1,0,1,1,0,0.0,LOW
Jack Baral,6,1,0,1,1,0,0.0,LOW
Odika Sehgal,6,1,0,1,1,0,0.0,LOW
Megha Kakar,6,1,0,1,1,0,0.0,LOW
Chandani Tiwari,6,1,0,1,1,0,0.0,LOW
Gagan Parsa,6,1,0,1,1,0,0.0,LOW
Hiral Mangat,6,1,0,1,1,0,0.0,LOW
Vansha Mall,6,1,0,1,1,0,0.0,LOW
Abeer Gara,6,1,0,1,1,0,0.0,LOW
Lakshit Pandey,6,1,0,1,1,0,0.0,LOW
Kala Shukla,6,1,0,1,1,0,0.0,LOW
Samar Anand,6,1,0,1,1,0,0.0,LOW
Jalsa Rao,6,1,0,1,1,0,0.0,LOW
Qarin Balan,6,1,0,1,1,0,0.0,LOW
Vasatika Krish,6,1,0,1,1,0,0.0,LOW
Rayaan Mander,6,1,0,1,1,0,0.0,LOW
Yutika Bobal,6,1,0,1,1,0,0.0,LOW
Vanya Divan,6,1,0,1,1,0,0.0,LOW
Chaaya Bal,6,1,0,1,1,0,0.0,LOW
Tara Handa,6,1,0,1,1,0,0.0,LOW
Praneel Pandit,6,1,0,1,1,0,0.0,LOW
Oliver Tiwari,6,1,0,1,1,0,0.0,LOW
Damini Tank,6,1,0,1,1,0,0.0,LOW
Ishaan Patla,6,1,0,1,1,0,0.0,LOW
Sarthak Goel,6,1,0,1,1,0,0.0,LOW
Hemangini Dani,6,1,0,1,1,0,0.0,LOW
Chaitanya Tella,6,1,0,1,1,0,0.0,LOW
Zaid Bhat,6,1,0,1,1,0,0.0,LOW
Gayathri Khanna,6,1,0,1,1,0,0.0,LOW
Anmol Muni,6,1,0,1,1,0,0.0,LOW
Janani Hegde,6,1,0,1,1,0,0.0,LOW
Lavanya Shetty,6,1,0,1,1,0,0.0,LOW
Rachita Grover,6,1,0,1,1,0,0.0,LOW
Christopher Om,6,1,0,1,1,0,0.0,LOW
Yash Badami,6,1,0,1,1,0,0.0,LOW
Yamini Loyal,6,1,0,1,1,0,0.0,LOW
Neelima Bajaj,6,1,0,1,1,0,0.0,LOW
Veer Bala,6,1,0,1,1,0,0.0,LOW
Yug Bakshi,6,1,0,1,1,0,0.0,LOW
Ati Shenoy,6,1,0,1,1,0,0.0,LOW
Jhalak Char,6,1,0,1,1,0,0.0,LOW
Ekaraj Patel,6,1,0,1,1,0,0.0,LOW
Ekalinga Bedi,6,1,0,1,1,0,0.0,LOW
Arunima Chaudhari,6,1,0,1,1,0,0.0,LOW
Tamanna Iyengar,6,1,0,1,1,0,0.0,LOW
Gaurang Bandi,6,1,0,1,1,0,0.0,LOW
Mason Chahal,6,1,0,1,1,0,0.0,LOW
Chaitanya Batta,6,1,0,1,1,0,0.0,LOW
Nathan Goda,6,1,0,1,1,0,0.0,LOW
Adya Dave,6,1,0,1,1,0,0.0,LOW
Inaya Murty,6,1,0,1,1,0,0.0,LOW
Baghyawati Gola,6,1,0,1,1,0,0.0,LOW
Yug Sharaf,6,1,0,1,1,0,0.0,LOW
Joshua Nanda,6,1,0,1,1,0,0.0,LOW
Watika Bawa,6,1,0,1,1,0,0.0,LOW
Banjeet Shetty,6,1,0,1,1,0,0.0,LOW
Ayaan Choudhary,6,1,0,1,1,0,0.0,LOW
Vidhi Srinivas,6,1,0,1,1,0,0.0,LOW
Radha Narain,6,1,0,1,1,0,0.0,LOW
Arin Wagle,6,1,0,1,1,0,0.0,LOW
Michael Prabhu,6,1,0,1,1,0,0.0,LOW
Abhiram Rao,6,1,0,1,1,0,0.0,LOW
Gaurika Sathe,6,1,0,1,1,0,0.0,LOW
Teerth Lala,6,1,0,1,1,0,0.0,LOW
Ekaraj Devan,6,1,0,1,1,0,0.0,LOW
Sarthak Madan,6,1,0,1,1,0,0.0,LOW
Pranav Wali,6,1,0,1,1,0,0.0,LOW
Nakul Dayal,6,1,0,1,1,0,0.0,LOW
Azaan Vyas,6,1,0,1,1,0,0.0,LOW
Kavya Pal,6,1,0,1,1,0,0.0,LOW
Kevin Bhandari,6,1,0,1,1,0,0.0,LOW
Widisha Rattan,6,1,0,1,1,0,0.0,LOW
Irya Rao,6,1,0,1,1,0,0.0,LOW
Gagan Sen,6,1,0,1,1,0,0.0,LOW
Frederick Kade,6,1,0,1,1,0,0.0,LOW
Ikshita Viswanathan,6,1,0,1,1,0,0.0,LOW
Ria Keer,6,1,0,1,1,0,0.0,LOW
Wakeeta Tandon,6,1,0,1,1,0,0.0,LOW
Chaaya Chopra,6,1,0,1,1,0,0.0,LOW
Lipika Kala,6,1,0,1,1,0,0.0,LOW
Charan Kumer,6,1,0,1,1,0,0.0,LOW
Ikbal Chana,6,1,0,1,1,0,0.0,LOW
Gaurika Murthy,6,1,0,1,1,0,0.0,LOW
Vinaya Sahni,6,1,0,1,1,0,0.0,LOW
Unni Pant,6,1,0,1,1,0,0.0,LOW
Oscar Chauhan,6,1,0,1,1,0,0.0,LOW
Balendra Walia,6,1,0,1,1,0,0.0,LOW
Imaran Sarin,6,1,0,1,1,0,0.0,LOW
Peter Mall,6,1,0,1,1,0,0.0,LOW
Zayyan Dyal,6,1,0,1,1,0,0.0,LOW
Fitan Chandran,6,1,0,1,1,0,0.0,LOW
Hiral Arya,6,1,0,1,1,0,0.0,LOW
Nitara Magar,6,1,0,1,1,0,0.0,LOW
Nidhi Mane,6,1,0,1,1,0,0.0,LOW
Upkaar Solanki,6,1,0,1,1,0,0.0,LOW
Victor Narang,6,1,0,1,1,0,0.0,LOW
Kai Dara,6,1,0,1,1,0,0.0,LOW
Oscar Tata,6,1,0,1,1,0,0.0,LOW
Yasti Pandit,6,1,0,1,1,0,0.0,LOW
Wyatt Mani,6,1,0,1,1,0,0.0,LOW
Patrick Roy,6,1,0,1,1,0,0.0,LOW
Jatin Dyal,6,1,0,1,1,0,0.0,LOW
Chanchal Sahota,6,1,0,1,1,0,0.0,LOW
Viraj Bala,6,1,0,1,1,0,0.0,LOW
Warjas Khanna,6,1,0,1,1,0,0.0,LOW
Harini Kapadia,6,1,0,1,1,0,0.0,LOW
Ranveer Hegde,6,1,0,1,1,0,0.0,LOW
Faqid Sarma,6,1,0,1,1,0,0.0,LOW
David Kari,6,1,0,1,1,0,0.0,LOW
Ethan Mann,6,1,0,1,1,0,0.0,LOW
Logan Thakkar,6,1,0,1,1,0,0.0,LOW
Vivaan Sarin,6,1,0,1,1,0,0.0,LOW
Abha Rana,6,1,0,1,1,0,0.0,LOW
Ekbal Ratta,6,1,0,1,1,0,0.0,LOW
Mason Bhatt,6,1,0,1,1,0,0.0,LOW
Bimala Saxena,6,1,0,1,1,0,0.0,LOW
Baljiwan Hayre,6,1,0,1,1,0,0.0,LOW
Sudiksha Prasad,6,1,0,1,1,0,0.0,LOW
Zinal Sandal,6,1,0,1,1,0,0.0,LOW
Noah Mitter,6,1,0,1,1,0,0.0,LOW
Prisha Mukhopadhyay,6,1,0,1,1,0,0.0,LOW
Maya Ramaswamy,6,1,0,1,1,0,0.0,LOW
Ikshita Nanda,6,1,0,1,1,0,0.0,LOW
Megha Palan,6,1,0,1,1,0,0.0,LOW
Sarthak Muni,6,1,0,1,1,0,0.0,LOW
Qasim Kant,6,1,0,1,1,0,0.0,LOW
Ganga Dube,6,1,0,1,1,0,0.0,LOW
Onveer Jaggi,6,1,0,1,1,0,0.0,LOW
Anirudh Pal,6,1,0,1,1,0,0.0,LOW
Mitali Chaudhry,6,1,0,1,1,0,0.0,LOW
Abhimanyu Wali,6,1,0,1,1,0,0.0,LOW
Charan Sarraf,6,1,0,1,1,0,0.0,LOW
Dayita Som,6,1,0,1,1,0,0.0,LOW
Sneha Gara,6,1,0,1,1,0,0.0,LOW
Ekta Bose,6,1,0,1,1,0,0.0,LOW
Dipta Talwar,6,1,0,1,1,0,0.0,LOW
Pranav Boase,6,1,0,1,1,0,0.0,LOW
Diya Chander,6,1,0,1,1,0,0.0,LOW
Upkaar Natt,6,1,0,1,1,0,0.0,LOW
Kashvi Kibe,6,1,0,1,1,0,0.0,LOW
Faqid Apte,6,1,0,1,1,0,0.0,LOW
Bina Dora,6,1,0,1,1,0,0.0,LOW
Agastya Mangal,6,1,0,1,1,0,0.0,LOW
Aarna Bhandari,6,1,0,1,1,0,0.0,LOW
Matthew Keer,6,1,0,1,1,0,0.0,LOW
Rishi Soman,6,1,0,1,1,0,0.0,LOW
Ayaan Bhalla,6,1,0,1,1,0,0.0,LOW
Jairaj Bumb,6,1,0,1,1,0,0.0,LOW
Pratyush Goel,6,1,0,1,1,0,0.0,LOW
Janya Bhattacharyya,6,1,0,1,1,0,0.0,LOW
Gopal Mangat,6,1,0,1,1,0,0.0,LOW
Aarna Rattan,6,1,0,1,1,0,0.0,LOW
Udarsh Bahri,6,1,0,1,1,0,0.0,LOW
Arya Mane,6,1,0,1,1,0,0.0,LOW
Neelima Prabhakar,6,1,0,1,1,0,0.0,LOW
Aashi Barad,6,1,0,1,1,0,0.0,LOW
Sanya Chander,6,1,0,1,1,0,0.0,LOW
Nikita Contractor,6,1,0,1,1,0,0.0,LOW
Balendra Randhawa,6,1,0,1,1,0,0.0,LOW
Yashawini Biswas,6,1,0,1,1,0,0.0,LOW
Chanakya Bath,6,1,0,1,1,0,0.0,LOW
Samaksh Mukhopadhyay,6,1,0,1,1,0,0.0,LOW
Kavya Nori,6,1,0,1,1,0,0.0,LOW
Yashica Virk,6,1,0,1,1,0,0.0,LOW
Leela Deol,6,1,0,1,1,0,0.0,LOW
Isaiah Varma,6,1,0,1,1,0,0.0,LOW
Eiravati Purohit,6,1,0,1,1,0,0.0,LOW
Udant Bera,6,1,0,1,1,0,0.0,LOW
Aarush Goyal,6,1,0,1,1,0,0.0,LOW
Vrinda Ramanathan,6,1,0,1,1,0,0.0,LOW
Jasmit Deshmukh,6,1,0,1,1,0,0.0,LOW
Bhavna Khanna,6,1,0,1,1,0,0.0,LOW
Dev Hari,6,1,0,1,1,0,0.0,LOW
Jhalak Kakar,6,1,0,1,1,0,0.0,LOW
Charvi Memon,6,1,0,1,1,0,0.0,LOW
Jack Som,6,1,0,1,1,0,0.0,LOW
Harsh Sahni,6,1,0,1,1,0,0.0,LOW
Lakshmi Sami,6,1,0,1,1,0,0.0,LOW
Veda Chaudhari,6,1,0,1,1,0,0.0,LOW
Xiti Dasgupta,6,1,0,1,1,0,0.0,LOW
Tripti Trivedi,6,1,0,1,1,0,0.0,LOW
Chatresh Deol,6,1,0,1,1,0,0.0,LOW
Charvi Borra,6,1,0,1,1,0,0.0,LOW
Teerth Pant,6,1,0,1,1,0,0.0,LOW
Xiti Gara,6,1,0,1,1,0,0.0,LOW
Manan Mandal,6,1,0,1,1,0,0.0,LOW
Girindra Nagy,6,1,0,1,1,0,0.0,LOW
Vanya Sachdev,6,1,0,1,1,0,0.0,LOW
Shaurya Bahl,6,1,0,1,1,0,0.0,LOW
Wazir Bhatnagar,6,1,0,1,1,0,0.0,LOW
Oviya Goswami,6,1,0,1,1,0,0.0,LOW
Megha Patla,6,1,0,1,1,0,0.0,LOW
Jagvi Lanka,6,1,0,1,1,0,0.0,LOW
Garima Khosla,6,1,0,1,1,0,0.0,LOW
Vedika Raju,6,1,0,1,1,0,0.0,LOW
Sara Sahota,6,1,0,1,1,0,0.0,LOW
Jacob Kumer,6,1,0,1,1,0,0.0,LOW
Pranav Varughese,6,1,0,1,1,0,0.0,LOW
Isha Jain,6,1,0,1,1,0,0.0,LOW
Varsha Majumdar,6,1,0,1,1,0,0.0,LOW
Oviya Sabharwal,6,1,0,1,1,0,0.0,LOW
Reyansh Yogi,6,1,0,1,1,0,0.0,LOW
Henry Bakshi,6,1,0,1,1,0,0.0,LOW
Panini Dutta,6,1,0,1,1,0,0.0,LOW
Panini Johal,6,1,0,1,1,0,0.0,LOW
Quincy Borde,6,1,0,1,1,0,0.0,LOW
Indali Sridhar,6,1,0,1,1,0,0.0,LOW
Yatin Parikh,6,1,0,1,1,0,0.0,LOW
Falan Gara,6,1,0,1,1,0,0.0,LOW
Eshana Sunder,6,1,0,1,1,0,0.0,LOW
Manan Nagy,6,1,0,1,1,0,0.0,LOW
Qushi Chandran,6,1,0,1,1,0,0.0,LOW
Zehaan Ranganathan,6,1,0,1,1,0,0.0,LOW
William Pillai,6,1,0,1,1,0,0.0,LOW
Mugdha Sani,6,1,0,1,1,0,0.0,LOW
Sachi Mandal,6,1,0,1,1,0,0.0,LOW
Raagini Swamy,6,1,0,1,1,0,0.0,LOW
Jason Khare,6,1,0,1,1,0,0.0,LOW
Abeer Srivastava,6,1,0,1,1,0,0.0,LOW
Zayan Sharaf,6,1,0,1,1,0,0.0,LOW
Fiyaz Iyengar,6,1,0,1,1,0,0.0,LOW
Netra Magar,6,1,0,1,1,0,0.0,LOW
Kashish Gole,6,1,0,1,1,0,0.0,LOW
Gunbir Lala,6,1,0,1,1,0,0.0,LOW
Ekaja Sangha,6,1,0,1,1,0,0.0,LOW
Amruta Bhat,6,1,0,1,1,0,0.0,LOW
Sneha Dugal,6,1,0,1,1,0,0.0,LOW
Rishi Sharaf,6,1,0,1,1,0,0.0,LOW
Amruta Sodhi,6,1,0,1,1,0,0.0,LOW
Ayaan Yogi,6,1,0,1,1,0,0.0,LOW
Theodore Das,6,1,0,1,1,0,0.0,LOW
Neelima Ramesh,6,1,0,1,1,0,0.0,LOW
Ria Mani,6,1,0,1,1,0,0.0,LOW
Omkaar Shan,6,1,0,1,1,0,0.0,LOW
Tripti Pal,6,1,0,1,1,0,0.0,LOW
Geetika Luthra,6,1,0,1,1,0,0.0,LOW
Owen Palla,6,1,0,1,1,0,0.0,LOW
Bishakha Hans,6,1,0,1,1,0,0.0,LOW
Guneet Chhabra,6,1,0,1,1,0,0.0,LOW
Jeremiah Mani,6,1,0,1,1,0,0.0,LOW
Utkarsh Virk,6,1,0,1,1,0,0.0,LOW
Hritik Shetty,6,1,0,1,1,0,0.0,LOW
Geetika Iyer,6,1,0,1,1,0,0.0,LOW
Madhav Keer,6,1,0,1,1,0,0.0,LOW
Bahadurjit Apte,6,1,0,1,1,0,0.0,LOW
Indali Ram,6,1,0,1,1,0,0.0,LOW
Ikbal Pau,6,1,0,1,1,0,0.0,LOW
Hemani Narasimhan,6,1,0,1,1,0,0.0,LOW
Saanvi Walla,6,1,0,1,1,0,0.0,LOW
Sai Sarkar,6,1,0,1,1,0,0.0,LOW
Yashodhara Sunder,6,1,0,1,1,0,0.0,LOW
Nikita Chaudhuri,6,1,0,1,1,0,0.0,LOW
Pranit Chakrabarti,6,1,0,1,1,0,0.0,LOW
Azad Tandon,6,1,0,1,1,0,0.0,LOW
Anita Chaudhari,6,1,0,1,1,0,0.0,LOW
Jalsa Varghese,6,1,0,1,1,0,0.0,LOW
Tanveer Varty,6,1,0,1,1,0,0.0,LOW
Wriddhish Kala,6,1,0,1,1,0,0.0,LOW
Meghana Bains,6,1,0,1,1,0,0.0,LOW
Zashil Kibe,6,1,0,1,1,0,0.0,LOW
Janaki Char,6,1,0,1,1,0,0.0,LOW
Megha Jayaraman,6,1,0,1,1,0,0.0,LOW
Timothy Yohannan,6,1,0,1,1,0,0.0,LOW
Nirja Som,6,1,0,1,1,0,0.0,LOW
Pavani Butala,6,1,0,1,1,0,0.0,LOW
Tarak Dar,6,1,0,1,1,0,0.0,LOW
Rudra Khatri,6,1,0,1,1,0,0.0,LOW
Janaki Taneja,6,1,0,1,1,0,0.0,LOW
Warda Anne,6,1,0,1,1,0,0.0,LOW
Unni Basu,6,1,0,1,1,0,0.0,LOW
Yashvi Amble,6,1,0,1,1,0,0.0,LOW
Pranav Kumar,6,1,0,1,1,0,0.0,LOW
Aarnav Sodhi,6,1,0,1,1,0,0.0,LOW
Rudra Sidhu,6,1,0,1,1,0,0.0,LOW
William Dasgupta,6,1,0,1,1,0,0.0,LOW
Pooja Dasgupta,6,1,0,1,1,0,0.0,LOW
Rohan Lanka,6,1,0,1,1,0,0.0,LOW
Wazir Bhatti,6,1,0,1,1,0,0.0,LOW
Yashawini Korpal,6,1,0,1,1,0,0.0,LOW
Kamala Palan,6,1,0,1,1,0,0.0,LOW
Kritika Kalita,6,1,0,1,1,0,0.0,LOW
Fitan Gara,6,1,0,1,1,0,0.0,LOW
Sai Varghese,6,1,0,1,1,0,0.0,LOW
Jacob Wali,6,1,0,1,1,0,0.0,LOW
Faras Chawla,6,1,0,1,1,0,0.0,LOW
Unni Borde,6,1,0,1,1,0,0.0,LOW
Inaya Balay,6,1,0,1,1,0,0.0,LOW
Bhavna Ghose,6,1,0,1,1,0,0.0,LOW
Amaira Taneja,6,1,0,1,1,0,0.0,LOW
Indira Sur,6,1,0,1,1,0,0.0,LOW
Pahal Chakraborty,6,1,0,1,1,0,0.0,LOW
Chasmum Dalal,6,1,0,1,1,0,0.0,LOW
Nitara Karan,6,1,0,1,1,0,0.0,LOW
Azaan Shere,6,1,0,1,1,0,0.0,LOW
Sathvik Bhattacharyya,6,1,0,1,1,0,0.0,LOW
Lohit Batta,6,1,0,1,1,0,0.0,LOW
Bhavani Bajwa,6,1,0,1,1,0,0.0,LOW
Yasti Bhatnagar,6,1,0,1,1,0,0.0,LOW
Anya Patel,6,1,0,1,1,0,0.0,LOW
Jackson Ramachandran,6,1,0,1,1,0,0.0,LOW
Janaki Kala,6,1,0,1,1,0,0.0,LOW
Rachit Barman,6,1,0,1,1,0,0.0,LOW
Yahvi Bhakta,6,1,0,1,1,0,0.0,LOW
Ansh Puri,6,1,0,1,1,0,0.0,LOW
Zilmil Sawhney,6,1,0,1,1,0,0.0,LOW
Logan Mohan,6,1,0,1,1,0,0.0,LOW
Anmol Vyas,6,1,0,1,1,0,0.0,LOW
Nicholas Menon,6,1,0,1,1,0,0.0,LOW
Advik Sem,6,1,0,1,1,0,0.0,LOW
Hemangini Swamy,6,1,0,1,1,0,0.0,LOW
Om Zacharia,6,1,0,1,1,0,0.0,LOW
Nachiket Gill,6,1,0,1,1,0,0.0,LOW
Kashish Om,6,1,0,1,1,0,0.0,LOW
Anya Oak,6,1,0,1,1,0,0.0,LOW
Zehaan Bumb,6,1,0,1,1,0,0.0,LOW
Luke Gour,6,1,0,1,1,0,0.0,LOW
Tanveer Apte,6,1,0,1,1,0,0.0,LOW
Patrick Padmanabhan,6,1,0,1,1,0,0.0,LOW
Umang Ganesh,6,1,0,1,1,0,0.0,LOW
Caleb Karan,6,1,0,1,1,0,0.0,LOW
Anthony Gala,6,1,0,1,1,0,0.0,LOW
Liam Sen,6,1,0,1,1,0,0.0,LOW
Ria Wali,6,1,0,1,1,0,0.0,LOW
Mugdha Baria,6,1,0,1,1,0,0.0,LOW
Pranit Chakraborty,6,1,0,1,1,0,0.0,LOW
Kritika Handa,6,1,0,1,1,0,0.0,LOW
Jairaj Tank,6,1,0,1,1,0,0.0,LOW
Avi Balakrishnan,6,1,0,1,1,0,0.0,LOW
Ayush Sabharwal,6,1,0,1,1,0,0.0,LOW
Upasna Bhatt,6,1,0,1,1,0,0.0,LOW
Devansh Kata,6,1,0,1,1,0,0.0,LOW
Advay Memon,6,1,0,1,1,0,0.0,LOW
Siya Sengupta,6,1,0,1,1,0,0.0,LOW
Keya Mandal,6,1,0,1,1,0,0.0,LOW
Advay Jhaveri,6,1,0,1,1,0,0.0,LOW
Vivaan Brar,6,1,0,1,1,0,0.0,LOW
Libni Shan,6,1,0,1,1,0,0.0,LOW
Harita Agate,6,1,0,1,1,0,0.0,LOW
Harsh Mital,6,1,0,1,1,0,0.0,LOW
Vivaan Kothari,6,1,0,1,1,0,0.0,LOW
Daksh Gupta,6,1,0,1,1,0,0.0,LOW
Niharika Iyer,6,1,0,1,1,0,0.0,LOW
Warinder Apte,6,1,0,1,1,0,0.0,LOW
Yachana Dara,6,1,0,1,1,0,0.0,LOW
Yauvani Sandal,6,1,0,1,1,0,0.0,LOW
Shaurya Kumar,6,1,0,1,1,0,0.0,LOW
Leela Khurana,6,1,0,1,1,0,0.0,LOW
Ekavir Misra,6,1,0,1,1,0,0.0,LOW
Samar Agate,6,1,0,1,1,0,0.0,LOW
Eiravati Dua,6,1,0,1,1,0,0.0,LOW
Alka Goel,6,1,0,1,1,0,0.0,LOW
Osha Pandey,6,1,0,1,1,0,0.0,LOW
Baghyawati Solanki,6,1,0,1,1,0,0.0,LOW
Krish Jayaraman,6,1,0,1,1,0,0.0,LOW
Pushti Bhatnagar,6,1,0,1,1,0,0.0,LOW
Janya Sura,6,1,0,1,1,0,0.0,LOW
Omaja Pingle,6,1,0,1,1,0,0.0,LOW
Unni Ramachandran,6,1,0,1,1,0,0.0,LOW
Manan Buch,6,1,0,1,1,0,0.0,LOW
Neha Swamy,6,1,0,1,1,0,0.0,LOW
Azad Kade,6,1,0,1,1,0,0.0,LOW
Lakshmi Deshmukh,6,1,0,1,1,0,0.0,LOW
Bhavini Rama,6,1,0,1,1,0,0.0,LOW
Azad Krish,6,1,0,1,1,0,0.0,LOW
Yutika Bandi,6,1,0,1,1,0,0.0,LOW
Pooja Ahluwalia,6,1,0,1,1,0,0.0,LOW
Jatin Bala,6,1,0,1,1,0,0.0,LOW
Sai Choudhary,6,1,0,1,1,0,0.0,LOW
Ranveer Parikh,6,1,0,1,1,0,0.0,LOW
Samar Chander,6,1,0,1,1,0,0.0,LOW
Ikbal Dash,6,1,0,1,1,0,0.0,LOW
Kala Dhingra,6,1,0,1,1,0,0.0,LOW
Qabil Wagle,6,1,0,1,1,0,0.0,LOW
Ucchal Khare,6,1,0,1,1,0,0.0,LOW
Omisha Chokshi,6,1,0,1,1,0,0.0,LOW
Gavin Mammen,6,1,0,1,1,0,0.0,LOW
Upadhriti Narain,6,1,0,1,1,0,0.0,LOW
Hredhaan Krishnamurthy,6,1,0,1,1,0,0.0,LOW
Yash Sane,6,1,0,1,1,0,0.0,LOW
Joshua Kade,6,1,0,1,1,0,0.0,LOW
Kai Mand,6,1,0,1,1,0,0.0,LOW
Riya Mahal,6,1,0,1,1,0,0.0,LOW
Tanvi Bera,6,1,0,1,1,0,0.0,LOW
Oviya Sarin,6,1,0,1,1,0,0.0,LOW
Bhavika Mital,6,1,0,1,1,0,0.0,LOW
Ekavir Nair,6,1,0,1,1,0,0.0,LOW
Ishaan Garde,6,1,0,1,1,0,0.0,LOW
Charles Barman,6,1,0,1,1,0,0.0,LOW
Samesh Swaminathan,6,1,0,1,1,0,0.0,LOW
Harish Sarna,6,1,0,1,1,0,0.0,LOW
Hemal Parikh,6,1,0,1,1,0,0.0,LOW
Anusha Mahal,6,1,0,1,1,0,0.0,LOW
Rajeshri Ganesh,6,1,0,1,1,0,0.0,LOW
Nandini Batra,6,1,0,1,1,0,0.0,LOW
Oliver Gaba,6,1,0,1,1,0,0.0,LOW
Vasudha Chahal,6,1,0,1,1,0,0.0,LOW
Vanya Parsa,6,1,0,1,1,0,0.0,LOW
Christopher Bhakta,6,1,0,1,1,0,0.0,LOW
Amrita Sha,6,1,0,1,1,0,0.0,LOW
Andrew Kota,6,1,0,1,1,0,0.0,LOW
Kevin Joshi,6,1,0,1,1,0,0.0,LOW
Zayan Shere,6,1,0,1,1,0,0.0,LOW
Zansi Rana,6,1,0,1,1,0,0.0,LOW
Hemangini Saran,6,1,0,1,1,0,0.0,LOW
Varsha Babu,6,1,0,1,1,0,0.0,LOW
Madhav Babu,6,1,0,1,1,0,0.0,LOW
Quincy Patel,6,1,0,1,1,0,0.0,LOW
Mohini Jha,6,1,0,1,1,0,0.0,LOW
Sathvik Murthy,6,1,0,1,1,0,0.0,LOW
Vaishnavi Sahota,6,1,0,1,1,0,0.0,LOW
Bhavani Behl,6,1,0,1,1,0,0.0,LOW
Adweta Dave,6,1,0,1,1,0,0.0,LOW
Charvi Sule,6,1,0,1,1,0,0.0,LOW
Ganga Shah,6,1,0,1,1,0,0.0,LOW
Ekta Sampath,6,1,0,1,1,0,0.0,LOW
Indira Sandal,6,1,0,1,1,0,0.0,LOW
Bhavani Dhaliwal,6,1,0,1,1,0,0.0,LOW
George Ben,6,1,0,1,1,0,0.0,LOW
William Oommen,6,1,0,1,1,0,0.0,LOW
Lekha Thakkar,6,1,0,1,1,0,0.0,LOW
Hema Kapadia,6,1,0,1,1,0,0.0,LOW
Dominic Bala,6,1,0,1,1,0,0.0,LOW
Umang Agate,6,1,0,1,1,0,0.0,LOW
Chanchal Hari,6,1,0,1,1,0,0.0,LOW
Jackson Hora,6,1,0,1,1,0,0.0,LOW
Abdul Dave,6,1,0,1,1,0,0.0,LOW
Chanchal Sane,6,1,0,1,1,0,0.0,LOW
Peter Palan,6,1,0,1,1,0,0.0,LOW
Dipta Nadkarni,6,1,0,1,1,0,0.0,LOW
Luke Raj,6,1,0,1,1,0,0.0,LOW
Hemangini Mand,6,1,0,1,1,0,0.0,LOW
Urvi Ganesan,6,1,0,1,1,0,0.0,LOW
Yatin Dugar,6,1,0,1,1,0,0.0,LOW
Neel Kumer,6,1,0,1,1,0,0.0,LOW
Rachit Radhakrishnan,6,1,0,1,1,0,0.0,LOW
Devansh Grover,6,1,0,1,1,0,0.0,LOW
Lucky Sarma,6,1,0,1,1,0,0.0,LOW
Geetika Badal,6,1,0,1,1,0,0.0,LOW
Aarnav Mukhopadhyay,6,1,0,1,1,0,0.0,LOW
Kabir Rama,6,1,0,1,1,0,0.0,LOW
Zarna Mander,6,1,0,1,1,0,0.0,LOW
Tanveer Kata,6,1,0,1,1,0,0.0,LOW
Nathaniel De,6,1,0,1,1,0,0.0,LOW
Tamanna Subramaniam,6,1,0,1,1,0,0.0,LOW
Kritika Kadakia,6,1,0,1,1,0,0.0,LOW
Jackson Choudhury,6,1,0,1,1,0,0.0,LOW
Amaira Lata,6,1,0,1,1,0,0.0,LOW
Vasana Sankaran,6,1,0,1,1,0,0.0,LOW
Ekapad Dutta,6,1,0,1,1,0,0.0,LOW
Hemal Narayanan,6,1,0,1,1,0,0.0,LOW
Chandani Chaudhari,6,1,0,1,1,0,0.0,LOW
Kashvi Sha,6,1,0,1,1,0,0.0,LOW
Kavya Dixit,6,1,0,1,1,0,0.0,LOW
Chakradhar Muni,6,1,0,1,1,0,0.0,LOW
Wriddhish Munshi,6,1,0,1,1,0,0.0,LOW
Parth Sem,6,1,0,1,1,0,0.0,LOW
Geetika Mukhopadhyay,6,1,0,1,1,0,0.0,LOW
Januja Seshadri,6,1,0,1,1,0,0.0,LOW
Kamala Subramanian,6,1,0,1,1,0,0.0,LOW
Diya Ramaswamy,6,1,0,1,1,0,0.0,LOW
Qushi Gara,6,1,0,1,1,0,0.0,LOW
Zarna Balay,6,1,0,1,1,0,0.0,LOW
Chasmum Agate,6,1,0,1,1,0,0.0,LOW
Aadi Krishna,6,1,0,1,1,0,0.0,LOW
Vamakshi Bala,6,1,0,1,1,0,0.0,LOW
Faris Bhargava,6,1,0,1,1,0,0.0,LOW
Lucky Gera,6,1,0,1,1,0,0.0,LOW
Widisha Gade,6,1,0,1,1,0,0.0,LOW
Mason Tara,6,1,0,1,1,0,0.0,LOW
Kritika Kohli,6,1,0,1,1,0,0.0,LOW
Vasana Mahal,6,1,0,1,1,0,0.0,LOW
Sanya Kapadia,6,1,0,1,1,0,0.0,LOW
Omisha Vig,6,1,0,1,1,0,0.0,LOW
Kala Shroff,6,1,0,1,1,0,0.0,LOW
Vasana Chaudhari,6,1,0,1,1,0,0.0,LOW
Ojasvi Mohanty,6,1,0,1,1,0,0.0,LOW
Prisha Bhattacharyya,6,1,0,1,1,0,0.0,LOW
Bimala Dass,6,1,0,1,1,0,0.0,LOW
Reyansh Som,6,1,0,1,1,0,0.0,LOW
Wyatt Bera,6,1,0,1,1,0,0.0,LOW
Indira Brar,6,1,0,1,1,0,0.0,LOW
Rajata Ahuja,6,1,0,1,1,0,0.0,LOW
Kiaan Lall,6,1,0,1,1,0,0.0,LOW
Urmi Gade,6,1,0,1,1,0,0.0,LOW
Manan Srinivas,6,1,0,1,1,0,0.0,LOW
Amruta Tripathi,6,1,0,1,1,0,0.0,LOW
Zayan De,6,1,0,1,1,0,0.0,LOW
Girindra Seth,6,1,0,1,1,0,0.0,LOW
Vrinda Warrior,6,1,0,1,1,0,0.0,LOW
Abeer Sura,6,1,0,1,1,0,0.0,LOW
Divya Chakraborty,6,1,0,1,1,0,0.0,LOW
Lekha Banerjee,6,1,0,1,1,0,0.0,LOW
Samaksh Devi,6,1,0,1,1,0,0.0,LOW
Gayathri Kapoor,6,1,0,1,1,0,0.0,LOW
Gauri Sundaram,6,1,0,1,1,0,0.0,LOW
Jairaj Koshy,6,1,0,1,1,0,0.0,LOW
Hemang Golla,6,1,0,1,1,0,0.0,LOW
Brinda Sachdeva,6,1,0,1,1,0,0.0,LOW
Yash Aggarwal,6,1,0,1,1,0,0.0,LOW
Ikbal Mukhopadhyay,6,1,0,1,1,0,0.0,LOW
Vrishti Lad,6,1,0,1,1,0,0.0,LOW
Sara Shankar,6,1,0,1,1,0,0.0,LOW
Naveen Dada,6,1,0,1,1,0,0.0,LOW
Netra Sethi,6,1,0,1,1,0,0.0,LOW
Laksh Kar,6,1,0,1,1,0,0.0,LOW
Ekiya Kakar,6,1,0,1,1,0,0.0,LOW
Abeer Ram,6,1,0,1,1,0,0.0,LOW
Garima Doshi,6,1,0,1,1,0,0.0,LOW
Pranit Sarna,6,1,0,1,1,0,0.0,LOW
Nimrat Ahluwalia,6,1,0,1,1,0,0.0,LOW
Bishakha Shankar,6,1,0,1,1,0,0.0,LOW
Dayamai Deep,6,1,0,1,1,0,0.0,LOW
Dalbir Kala,6,1,0,1,1,0,0.0,LOW
Arunima Virk,6,1,0,1,1,0,0.0,LOW
Andrew Tailor,6,1,0,1,1,0,0.0,LOW
Mitesh Kalita,6,1,0,1,1,0,0.0,LOW
Eshana Pandey,6,1,0,1,1,0,0.0,LOW
Caleb Sachar,6,1,0,1,1,0,0.0,LOW
Sai Nagar,6,1,0,1,1,0,0.0,LOW
Zaid De,6,1,0,1,1,0,0.0,LOW
Jyoti Chaudhari,6,1,0,1,1,0,0.0,LOW
Finn Mohanty,6,1,0,1,1,0,0.0,LOW
Akshay Sem,6,1,0,1,1,0,0.0,LOW
Waida Sharaf,6,1,0,1,1,0,0.0,LOW
Nihal Lata,6,1,0,1,1,0,0.0,LOW
Indrajit Ramachandran,6,1,0,1,1,0,0.0,LOW
Jason Singh,6,1,0,1,1,0,0.0,LOW
Maanas Yohannan,6,1,0,1,1,0,0.0,LOW
Dhriti Swamy,6,1,0,1,1,0,0.0,LOW
Warhi Raja,6,1,0,1,1,0,0.0,LOW
Garima Chandran,6,1,0,1,1,0,0.0,LOW
Chakradev Chandra,6,1,0,1,1,0,0.0,LOW
Devansh Mander,6,1,0,1,1,0,0.0,LOW
Atharv Gupta,6,1,0,1,1,0,0.0,LOW
Ucchal Sem,6,1,0,1,1,0,0.0,LOW
Keya Kapadia,6,1,0,1,1,0,0.0,LOW
Unni Apte,6,1,0,1,1,0,0.0,LOW
Eiravati Murty,6,1,0,1,1,0,0.0,LOW
Chaaya D’Alia,6,1,0,1,1,0,0.0,LOW
Yasti Ramesh,6,1,0,1,1,0,0.0,LOW
Yutika Dhawan,6,1,0,1,1,0,0.0,LOW
Finn Contractor,6,1,0,1,1,0,0.0,LOW
Charles Brahmbhatt,6,1,0,1,1,0,0.0,LOW
Benjamin Kibe,6,1,0,1,1,0,0.0,LOW
Chasmum Date,6,1,0,1,1,0,0.0,LOW
Eshana Batta,6,1,0,1,1,0,0.0,LOW
Yochana Dar,6,1,0,1,1,0,0.0,LOW
Urvi Guha,6,1,0,1,1,0,0.0,LOW
Radhika Banik,6,1,0,1,1,0,0.0,LOW
Omaja Raju,6,1,0,1,1,0,0.0,LOW
Saanvi Sawhney,6,1,0,1,1,0,0.0,LOW
Fitan Lad,6,1,0,1,1,0,0.0,LOW
Krishna Sachdev,6,1,0,1,1,0,0.0,LOW
Madhav Patla,6,1,0,1,1,0,0.0,LOW
Yagnesh Khosla,6,1,0,1,1,0,0.0,LOW
Wazir Hora,6,1,0,1,1,0,0.0,LOW
Yashica Chana,6,1,0,1,1,0,0.0,LOW
Jagrati Deo,6,1,0,1,1,0,0.0,LOW
Neha Shroff,6,1,0,1,1,0,0.0,LOW
Abdul Walla,6,1,0,1,1,0,0.0,LOW
Gagan Solanki,6,1,0,1,1,0,0.0,LOW
Victor Sharma,6,1,0,1,1,0,0.0,LOW
Liam Sarraf,6,1,0,1,1,0,0.0,LOW
Hritik Saini,6,1,0,1,1,0,0.0,LOW
Ranbir Mangat,6,1,0,1,1,0,0.0,LOW
Nikita Thakkar,6,1,0,1,1,0,0.0,LOW
Bhavya Sachar,6,1,0,1,1,0,0.0,LOW
Balvan Vig,6,1,0,1,1,0,0.0,LOW
Eesha Chand,6,1,0,1,1,0,0.0,LOW
Dakshesh Yadav,6,1,0,1,1,0,0.0,LOW
Abhiram Barad,6,1,0,1,1,0,0.0,LOW
Sachi Garg,6,1,0,1,1,0,0.0,LOW
Omisha Sagar,6,1,0,1,1,0,0.0,LOW
Aditya Nazareth,6,1,0,1,1,0,0.0,LOW
Rajeshri Vala,6,1,0,1,1,0,0.0,LOW
Omkaar Mandal,6,1,0,1,1,0,0.0,LOW
Shivansh Prabhu,6,1,0,1,1,0,0.0,LOW
Pahal Chopra,6,1,0,1,1,0,0.0,LOW
Lekha Rattan,6,1,0,1,1,0,0.0,LOW
Maya Natt,6,1,0,1,1,0,0.0,LOW
Damyanti Narayanan,6,1,0,1,1,0,0.0,LOW
Karan Bawa,6,1,0,1,1,0,0.0,LOW
Saumya Bhatnagar,6,1,0,1,1,0,0.0,LOW
Darika Wason,6,1,0,1,1,0,0.0,LOW
Prisha Bala,6,1,0,1,1,0,0.0,LOW
Leela Mutti,6,1,0,1,1,0,0.0,LOW
Omkaar Bajaj,6,1,0,1,1,0,0.0,LOW
Reva Das,6,1,0,1,1,0,0.0,LOW
Sanya Deol,6,1,0,1,1,0,0.0,LOW
Veda Verma,6,1,0,1,1,0,0.0,LOW
Neha Dasgupta,6,1,0,1,1,0,0.0,LOW
Radhika Bhasin,6,1,0,1,1,0,0.0,LOW
Falguni Kumar,6,1,0,1,1,0,0.0,LOW
Oliver Jani,6,1,0,1,1,0,0.0,LOW
Girish Jhaveri,6,1,0,1,1,0,0.0,LOW
Advaith Shan,6,1,0,1,1,0,0.0,LOW
Bhavani Sandal,6,1,0,1,1,0,0.0,LOW
Lipika Deo,6,1,0,1,1,0,0.0,LOW
Rudra Golla,6,1,0,1,1,0,0.0,LOW
Ishaan Dora,6,1,0,1,1,0,0.0,LOW
Pratyush Koshy,6,1,0,1,1,0,0.0,LOW
Hamsini Nanda,6,1,0,1,1,0,0.0,LOW
Gagan Dutt,6,1,0,1,1,0,0.0,LOW
Inaya Sagar,6,1,0,1,1,0,0.0,LOW
Nachiket Gera,6,1,0,1,1,0,0.0,LOW
Madhav Bal,6,1,0,1,1,0,0.0,LOW
Kavya Comar,6,1,0,1,1,0,0.0,LOW
Sai Narasimhan,6,1,0,1,1,0,0.0,LOW
Nirja Mital,6,1,0,1,1,0,0.0,LOW
Owen Bava,6,1,0,1,1,0,0.0,LOW
Bina Sankar,6,1,0,1,1,0,0.0,LOW
Harrison Samra,6,1,0,1,1,0,0.0,LOW
Falan Sarma,6,1,0,1,1,0,0.0,LOW
Nirja Chanda,6,1,0,1,1,0,0.0,LOW
Yug Devi,6,1,0,1,1,0,0.0,LOW
Victor Dada,6,1,0,1,1,0,0.0,LOW
Wahab Choudhary,6,1,0,1,1,0,0.0,LOW
Ekaraj Soman,6,1,0,1,1,0,0.0,LOW
Abhimanyu Golla,6,1,0,1,1,0,0.0,LOW
Daksha Khatri,6,1,0,1,1,0,0.0,LOW
Lopa Sem,6,1,0,1,1,0,0.0,LOW
Devansh Agrawal,6,1,0,1,1,0,0.0,LOW
Naksh Master,6,1,0,1,1,0,0.0,LOW
Nitara Sharma,6,1,0,1,1,0,0.0,LOW
Tristan Murthy,6,1,0,1,1,0,0.0,LOW
Warjas Vohra,6,1,0,1,1,0,0.0,LOW
Aahana Gaba,6,1,0,1,1,0,0.0,LOW
Jonathan Yohannan,6,1,0,1,1,0,0.0,LOW
Quincy Gade,6,1,0,1,1,0,0.0,LOW
Widisha Bains,6,1,0,1,1,0,0.0,LOW
Radha Konda,6,1,0,1,1,0,0.0,LOW
Vrinda Goda,6,1,0,1,1,0,0.0,LOW
Chaitanya Krishnan,6,1,0,1,1,0,0.0,LOW
Dalbir Zacharia,6,1,0,1,1,0,0.0,LOW
Yasti Lall,6,1,0,1,1,0,0.0,LOW
Bhanumati Dubey,6,1,0,1,1,0,0.0,LOW
Girik Patla,6,1,0,1,1,0,0.0,LOW
Indrajit Misra,6,1,0,1,1,0,0.0,LOW
Odika Nagi,6,1,0,1,1,0,0.0,LOW
Aachal Babu,6,1,0,1,1,0,0.0,LOW
Noah Pradhan,6,1,0,1,1,0,0.0,LOW
Daksh Rege,6,1,0,1,1,0,0.0,LOW
Adya Keer,6,1,0,1,1,0,0.0,LOW
Watika Grewal,6,1,0,1,1,0,0.0,LOW
Naksh Wadhwa,6,1,0,1,1,0,0.0,LOW
Ekani Nagi,6,1,0,1,1,0,0.0,LOW
Hamsini Khanna,6,1,0,1,1,0,0.0,LOW
Sarthak Salvi,6,1,0,1,1,0,0.0,LOW
Hritik Sarin,6,1,0,1,1,0,0.0,LOW
Vritti Saxena,6,1,0,1,1,0,0.0,LOW
Jason Krish,6,1,0,1,1,0,0.0,LOW
Advik Vaidya,6,1,0,1,1,0,0.0,LOW
Wridesh Kala,6,1,0,1,1,0,0.0,LOW
Aarnav Chakraborty,6,1,0,1,1,0,0.0,LOW
Dayamai Sule,6,1,0,1,1,0,0.0,LOW
Chatresh Bedi,6,1,0,1,1,0,0.0,LOW
Lohit Aggarwal,6,1,0,1,1,0,0.0,LOW
Yahvi Jhaveri,6,1,0,1,1,0,0.0,LOW
Baljiwan Tailor,6,1,0,1,1,0,0.0,LOW
Pratyush Krishnan,6,1,0,1,1,0,0.0,LOW
Chakradev Arora,6,1,0,1,1,0,0.0,LOW
Xiti Chawla,6,1,0,1,1,0,0.0,LOW
Harsh Nath,6,1,0,1,1,0,0.0,LOW
Dev Din,6,1,0,1,1,0,0.0,LOW
Benjamin Chandra,6,1,0,1,1,0,0.0,LOW
Yashvi Goyal,6,1,0,1,1,0,0.0,LOW
Lekha Jha,6,1,0,1,1,0,0.0,LOW
Balveer Rana,6,1,0,1,1,0,0.0,LOW
Upma Bal,6,1,0,1,1,0,0.0,LOW
Zashil Zacharia,6,1,0,1,1,0,0.0,LOW
Gopal Bajwa,6,1,0,1,1,0,0.0,LOW
Tara Dugal,6,1,0,1,1,0,0.0,LOW
Oni Ghose,6,1,0,1,1,0,0.0,LOW
Omaja Pai,6,1,0,1,1,0,0.0,LOW
Aarav Sampath,6,1,0,1,1,0,0.0,LOW
Amrita Badami,6,1,0,1,1,0,0.0,LOW
Urishilla Solanki,6,1,0,1,1,0,0.0,LOW
Yatan Suresh,6,1,0,1,1,0,0.0,LOW
Janani Tank,6,1,0,1,1,0,0.0,LOW
Falguni Goyal,6,1,0,1,1,0,0.0,LOW
Vrinda Pathak,6,1,0,1,1,0,0.0,LOW
George Borde,6,1,0,1,1,0,0.0,LOW
Yachana Bhagat,6,1,0,1,1,0,0.0,LOW
Ansh Mistry,6,1,0,1,1,0,0.0,LOW
Vanya Narasimhan,6,1,0,1,1,0,0.0,LOW
Shravya Manne,6,1,0,1,1,0,0.0,LOW
Ryan Naik,6,1,0,1,1,0,0.0,LOW
Keya Balan,6,1,0,1,1,0,0.0,LOW
Samaksh Manne,6,1,0,1,1,0,0.0,LOW
Geetika Batra,6,1,0,1,1,0,0.0,LOW
Gopal Koshy,6,1,0,1,1,0,0.0,LOW
Chandani Sarkar,6,1,0,1,1,0,0.0,LOW
Max Pradhan,6,1,0,1,1,0,0.0,LOW
Ikshita Swamy,6,1,0,1,1,0,0.0,LOW
Fiyaz Sant,6,1,0,1,1,0,0.0,LOW
Dhruv Rajagopal,6,1,0,1,1,0,0.0,LOW
Pahal Srivastava,6,1,0,1,1,0,0.0,LOW
Nisha Narang,6,1,0,1,1,0,0.0,LOW
Praneel Vala,6,1,0,1,1,0,0.0,LOW
Hiral Baral,6,1,0,1,1,0,0.0,LOW
Ryan Mahajan,6,1,0,1,1,0,0.0,LOW
Jonathan Apte,6,1,0,1,1,0,0.0,LOW
Theodore Deol,6,1,0,1,1,0,0.0,LOW
Hemani Bose,6,1,0,1,1,0,0.0,LOW
Damini Kibe,6,1,0,1,1,0,0.0,LOW
Chakradev Khatri,6,1,0,1,1,0,0.0,LOW
Krish Jaggi,6,1,0,1,1,0,0.0,LOW
Sara Jhaveri,6,1,0,1,1,0,0.0,LOW
Maanas Sunder,6,1,0,1,1,0,0.0,LOW
Girik Tiwari,6,1,0,1,1,0,0.0,LOW
Amrita Shanker,6,1,0,1,1,0,0.0,LOW
Ishita Dora,6,1,0,1,1,0,0.0,LOW
Timothy Menon,6,1,0,1,1,0,0.0,LOW
Adya Bhattacharyya,6,1,0,1,1,0,0.0,LOW
Triveni Shroff,6,1,0,1,1,0,0.0,LOW
Laksh Memon,6,1,0,1,1,0,0.0,LOW
Oeshi Rege,6,1,0,1,1,0,0.0,LOW
Nimrat Pai,6,1,0,1,1,0,0.0,LOW
Ekiya Gara,6,1,0,1,1,0,0.0,LOW
Ekiya Gopal,6,1,0,1,1,0,0.0,LOW
Prisha Varughese,6,1,0,1,1,0,0.0,LOW
Samuel Wadhwa,6,1,0,1,1,0,0.0,LOW
Banjeet Krish,6,1,0,1,1,0,0.0,LOW
Patrick Buch,6,1,0,1,1,0,0.0,LOW
Jason Luthra,6,1,0,1,1,0,0.0,LOW
Chanchal Chaudhary,6,1,0,1,1,0,0.0,LOW
Tarak Johal,6,1,0,1,1,0,0.0,LOW
Ethan Dayal,6,1,0,1,1,0,0.0,LOW
Vyanjana Badami,6,1,0,1,1,0,0.0,LOW
Aarnav Ben,6,1,0,1,1,0,0.0,LOW
Yachana Ahluwalia,6,1,0,1,1,0,0.0,LOW
Fitan Som,6,1,0,1,1,0,0.0,LOW
Vivaan Kohli,6,1,0,1,1,0,0.0,LOW
Azad Narayanan,6,1,0,1,1,0,0.0,LOW
Vasudha More,6,1,0,1,1,0,0.0,LOW
Nidra Kala,6,1,0,1,1,0,0.0,LOW
Pushti Varughese,6,1,0,1,1,0,0.0,LOW
Irya Garde,6,1,0,1,1,0,0.0,LOW
Urvashi Dhar,6,1,0,1,1,0,0.0,LOW
Avi Wason,6,1,0,1,1,0,0.0,LOW
Yoshita Chakrabarti,6,1,0,1,1,0,0.0,LOW
Ryan Dyal,6,1,0,1,1,0,0.0,LOW
Maanav Soni,6,1,0,1,1,0,0.0,LOW
Frederick Thakkar,6,1,0,1,1,0,0.0,LOW
Aarnav Natarajan,6,1,0,1,1,0,0.0,LOW
Zehaan Roy,6,1,0,1,1,0,0.0,LOW
Qarin Narain,6,1,0,1,1,0,0.0,LOW
Dalaja Saraf,6,1,0,1,1,0,0.0,LOW
Viraj Srinivasan,6,1,0,1,1,0,0.0,LOW
Gaurav Ahluwalia,6,1,0,1,1,0,0.0,LOW
Ishita Peri,6,1,0,1,1,0,0.0,LOW
Ishita Uppal,6,1,0,1,1,0,0.0,LOW
Yagnesh Bedi,6,1,0,1,1,0,0.0,LOW
Samarth Krishnamurthy,6,1,0,1,1,0,0.0,LOW
Warinder Dhar,6,1,0,1,1,0,0.0,LOW
Devika Raval,6,1,0,1,1,0,0.0,LOW
Jack Shukla,6,1,0,1,1,0,0.0,LOW
Gunbir Rana,6,1,0,1,1,0,0.0,LOW
Triya Kanda,6,1,0,1,1,0,0.0,LOW
Sarthak Dhillon,6,1,0,1,1,0,0.0,LOW
Anthony Sehgal,6,1,0,1,1,0,0.0,LOW
Mohini Bandi,6,1,0,1,1,0,0.0,LOW
Onkar Sidhu,6,1,0,1,1,0,0.0,LOW
Vyanjana Shah,6,1,0,1,1,0,0.0,LOW
Amrita Sidhu,6,1,0,1,1,0,0.0,LOW
Naveen Srivastava,6,1,0,1,1,0,0.0,LOW
Riya Rajagopalan,6,1,0,1,1,0,0.0,LOW
Vrinda Koshy,6,1,0,1,1,0,0.0,LOW
Victor Batta,6,1,0,1,1,0,0.0,LOW
Xalak Tiwari,6,1,0,1,1,0,0.0,LOW
Suhani Sridhar,6,1,0,1,1,0,0.0,LOW
Kamya Mander,6,1,0,1,1,0,0.0,LOW
Diya Som,6,1,0,1,1,0,0.0,LOW
Urvi Mital,6,1,0,1,1,0,0.0,LOW
Om Char,6,1,0,1,1,0,0.0,LOW
Neel Sengupta,6,1,0,1,1,0,0.0,LOW
Vihaan Venkatesh,6,1,0,1,1,0,0.0,LOW
Ekansh Bajaj,6,1,0,1,1,0,0.0,LOW
Nitara Char,6,1,0,1,1,0,0.0,LOW
Shravya Shanker,6,1,0,1,1,0,0.0,LOW
Theodore Buch,6,1,0,1,1,0,0.0,LOW
Jai Ratta,6,1,0,1,1,0,0.0,LOW
Dev Mangat,6,1,0,1,1,0,0.0,LOW
Suhani Bajwa,6,1,0,1,1,0,0.0,LOW
Indira Bhat,6,1,0,1,1,0,0.0,LOW
Nisha Lall,6,1,0,1,1,0,0.0,LOW
Tarak Andra,6,1,0,1,1,0,0.0,LOW
Varsha Dayal,6,1,0,1,1,0,0.0,LOW
Mitesh Uppal,6,1,0,1,1,0,0.0,LOW
Meghana Sundaram,6,1,0,1,1,0,0.0,LOW
Rachit Kaul,6,1,0,1,1,0,0.0,LOW
Girik Sahni,6,1,0,1,1,0,0.0,LOW
Benjamin Bahl,6,1,0,1,1,0,0.0,LOW
Ryan Raghavan,6,1,0,1,1,0,0.0,LOW
Kamala Parsa,6,1,0,1,1,0,0.0,LOW
Nachiket Wadhwa,6,1,0,1,1,0,0.0,LOW
Dominic Memon,6,1,0,1,1,0,0.0,LOW
Anjali Rege,6,1,0,1,1,0,0.0,LOW
Ikbal Bora,6,1,0,1,1,0,0.0,LOW
Vaishnavi Walla,6,1,0,1,1,0,0.0,LOW
Rachita Pathak,6,1,0,1,1,0,0.0,LOW
Shivani Kaur,6,1,0,1,1,0,0.0,LOW
Krisha Maharaj,6,1,0,1,1,0,0.0,LOW
Indrajit Yogi,6,1,0,1,1,0,0.0,LOW
Abdul Balay,6,1,0,1,1,0,0.0,LOW
Turvi Deol,6,1,0,1,1,0,0.0,LOW
Harinakshi Bansal,6,1,0,1,1,0,0.0,LOW
Lipika Singhal,6,1,0,1,1,0,0.0,LOW
Jackson Gokhale,6,1,0,1,1,0,0.0,LOW
Abhimanyu Mital,6,1,0,1,1,0,0.0,LOW
Saumya Sidhu,6,1,0,1,1,0,0.0,LOW
Jeet Joshi,6,1,0,1,1,0,0.0,LOW
Pahal Chandran,6,1,0,1,1,0,0.0,LOW
Krishna Misra,6,1,0,1,1,0,0.0,LOW
Onveer Thaman,6,1,0,1,1,0,0.0,LOW
Kamya Rao,6,1,0,1,1,0,0.0,LOW
Diya Bera,6,1,0,1,1,0,0.0,LOW
Sanaya Loyal,6,1,0,1,1,0,0.0,LOW
Falan Nagi,6,1,0,1,1,0,0.0,LOW
Meghana Dhillon,6,1,0,1,1,0,0.0,LOW
Hredhaan Yohannan,6,1,0,1,1,0,0.0,LOW
Vinaya Loyal,6,1,0,1,1,0,0.0,LOW
Udarsh Char,6,1,0,1,1,0,0.0,LOW
Oscar Deo,6,1,0,1,1,0,0.0,LOW
Oni Acharya,6,1,0,1,1,0,0.0,LOW
Abhimanyu Dhingra,6,1,0,1,1,0,0.0,LOW
Jasmit Kota,6,1,0,1,1,0,0.0,LOW
Pavani Sanghvi,6,1,0,1,1,0,0.0,LOW
Owen Swaminathan,6,1,0,1,1,0,0.0,LOW
Urvi Savant,6,1,0,1,1,0,0.0,LOW
Luke Grewal,6,1,0,1,1,0,0.0,LOW
Nicholas Natt,6,1,0,1,1,0,0.0,LOW
Max Muni,6,1,0,1,1,0,0.0,LOW
Azad Parmer,6,1,0,1,1,0,0.0,LOW
Maanav Chakrabarti,6,1,0,1,1,0,0.0,LOW
Hritik Cherian,6,1,0,1,1,0,0.0,LOW
Inaya Char,6,1,0,1,1,0,0.0,LOW
Dev Mistry,6,1,0,1,1,0,0.0,LOW
Advay Nagi,6,1,0,1,1,0,0.0,LOW
Onveer Hayer,6,1,0,1,1,0,0.0,LOW
Chaitanya Dua,6,1,0,1,1,0,0.0,LOW
Krishna Seth,6,1,0,1,1,0,0.0,LOW
Abha Master,6,1,0,1,1,0,0.0,LOW
Laban Sule,6,1,0,1,1,0,0.0,LOW
Guneet Patel,6,1,0,1,1,0,0.0,LOW
Leela Sengupta,6,1,0,1,1,0,0.0,LOW
Oscar Chaudry,6,1,0,1,1,0,0.0,LOW
Vinaya Kohli,6,1,0,1,1,0,0.0,LOW
Ekaja Sathe,6,1,0,1,1,0,0.0,LOW
Jonathan Barman,6,1,0,1,1,0,0.0,LOW
Balendra Bawa,6,1,0,1,1,0,0.0,LOW
Yasti Dey,6,1,0,1,1,0,0.0,LOW
Veda Parmer,6,1,0,1,1,0,0.0,LOW
Urvi Sheth,6,1,0,1,1,0,0.0,LOW
Ikbal Bali,6,1,0,1,1,0,0.0,LOW
George Bajwa,6,1,0,1,1,0,0.0,LOW
Shivani Sibal,6,1,0,1,1,0,0.0,LOW
Kalpit Parikh,6,1,0,1,1,0,0.0,LOW
Avi Arya,6,1,0,1,1,0,0.0,LOW
Chaitanya Kapoor,6,1,0,1,1,0,0.0,LOW
Indali Buch,6,1,0,1,1,0,0.0,LOW
Chanakya Magar,6,1,0,1,1,0,0.0,LOW
Turvi Dhingra,6,1,0,1,1,0,0.0,LOW
Indira Dewan,6,1,0,1,1,0,0.0,LOW
Abhimanyu Dalal,6,1,0,1,1,0,0.0,LOW
Zilmil Virk,6,1,0,1,1,0,0.0,LOW
Vasudha Dass,6,1,0,1,1,0,0.0,LOW
Yachana Ahuja,6,1,0,1,1,0,0.0,LOW
Saksham Varty,6,1,0,1,1,0,0.0,LOW
Neelima Walla,6,1,0,1,1,0,0.0,LOW
Arjun Balan,6,1,0,1,1,0,0.0,LOW
Rushil Goel,6,1,0,1,1,0,0.0,LOW
Krishna More,6,1,0,1,1,0,0.0,LOW
Theodore Sharaf,6,1,0,1,1,0,0.0,LOW
Vasatika Tella,6,1,0,1,1,0,0.0,LOW
Devika Dixit,6,1,0,1,1,0,0.0,LOW
Aadi Sheth,6,1,0,1,1,0,0.0,LOW
Vinaya Korpal,6,1,0,1,1,0,0.0,LOW
Sneha Sandal,6,1,0,1,1,0,0.0,LOW
Warda Shah,6,1,0,1,1,0,0.0,LOW
Avni Gole,6,1,0,1,1,0,0.0,LOW
Tanveer Mohanty,6,1,0,1,1,0,0.0,LOW
Zayyan Thakkar,6,1,0,1,1,0,0.0,LOW
Matthew Nazareth,6,1,0,1,1,0,0.0,LOW
Ekaja Sant,6,1,0,1,1,0,0.0,LOW
Max Mohanty,6,1,0,1,1,0,0.0,LOW
Kritika Saha,6,1,0,1,1,0,0.0,LOW
Arya Rau,6,1,0,1,1,0,0.0,LOW
Jairaj Sen,6,1,0,1,1,0,0.0,LOW
Kritika Lala,6,1,0,1,1,0,0.0,LOW
Wahab Borra,6,1,0,1,1,0,0.0,LOW
Zehaan Hayre,6,1,0,1,1,0,0.0,LOW
Wridesh Goyal,6,1,0,1,1,0,0.0,LOW
Aadi Dua,6,1,0,1,1,0,0.0,LOW
Aarini Baral,6,1,0,1,1,0,0.0,LOW
Damyanti Sandal,6,1,0,1,1,0,0.0,LOW
Triveni Choudhury,6,1,0,1,1,0,0.0,LOW
Dayamai Gola,6,1,0,1,1,0,0.0,LOW
Eiravati Gole,6,1,0,1,1,0,0.0,LOW
Warjas Dugar,6,1,0,1,1,0,0.0,LOW
Wakeeta Samra,6,1,0,1,1,0,0.0,LOW
Dayita Oommen,6,1,0,1,1,0,0.0,LOW
Radha Sani,6,1,0,1,1,0,0.0,LOW
Aarush Banik,6,1,0,1,1,0,0.0,LOW
Chakrika Bedi,6,1,0,1,1,0,0.0,LOW
Kai Mall,6,1,0,1,1,0,0.0,LOW
Balendra Butala,6,1,0,1,1,0,0.0,LOW
Caleb Chad,6,1,0,1,1,0,0.0,LOW
Champak Chahal,6,1,0,1,1,0,0.0,LOW
Warinder Goel,6,1,0,1,1,0,0.0,LOW
Jack Dass,6,1,0,1,1,0,0.0,LOW
Abdul Goswami,6,1,0,1,1,0,0.0,LOW
Lila Tara,6,1,0,1,1,0,0.0,LOW
Dalaja Mukherjee,6,1,0,1,1,0,0.0,LOW
Edhitha Sule,6,1,0,1,1,0,0.0,LOW
Avni Shan,6,1,0,1,1,0,0.0,LOW
Triveni Rama,6,1,0,1,1,0,0.0,LOW
Karan Koshy,6,1,0,1,1,0,0.0,LOW
Sara Chaudry,6,1,0,1,1,0,0.0,LOW
Nandini Murty,6,1,0,1,1,0,0.0,LOW
Nilima Merchant,6,1,0,1,1,0,0.0,LOW
Varenya Thaker,6,1,0,1,1,0,0.0,LOW
Mason Khare,6,1,0,1,1,0,0.0,LOW
Raghav Devi,6,1,0,1,1,0,0.0,LOW
Wishi Hayre,6,1,0,1,1,0,0.0,LOW
Ayushman Rajan,6,1,0,1,1,0,0.0,LOW
Akshay Chaudry,6,1,0,1,1,0,0.0,LOW
Barkha Sem,6,1,0,1,1,0,0.0,LOW
Rehaan Bhargava,6,1,0,1,1,0,0.0,LOW
Yatan Acharya,6,1,0,1,1,0,0.0,LOW
Sachi Bajaj,6,1,0,1,1,0,0.0,LOW
Jairaj Gopal,6,1,0,1,1,0,0.0,LOW
Falak Venkatesh,6,1,0,1,1,0,0.0,LOW
Ranveer Swaminathan,6,1,0,1,1,0,0.0,LOW
Jeet Kalla,6,1,0,1,1,0,0.0,LOW
Vedant Borde,6,1,0,1,1,0,0.0,LOW
Anvi Dixit,6,1,0,1,1,0,0.0,LOW
Sachi Memon,6,1,0,1,1,0,0.0,LOW
Rachita Dar,6,1,0,1,1,0,0.0,LOW
Eshana Saran,6,1,0,1,1,0,0.0,LOW
Wishi Bir,6,1,0,1,1,0,0.0,LOW
Zaid Patla,6,1,0,1,1,0,0.0,LOW
Chakradhar Gulati,6,1,0,1,1,0,0.0,LOW
Raksha Samra,6,1,0,1,1,0,0.0,LOW
Charan Raj,6,1,0,1,1,0,0.0,LOW
Aachal Kamdar,6,1,0,1,1,0,0.0,LOW
Finn Sathe,6,1,0,1,1,0,0.0,LOW
Vasatika Kunda,6,1,0,1,1,0,0.0,LOW
Wridesh Sama,6,1,0,1,1,0,0.0,LOW
Lakshit Mital,6,1,0,1,1,0,0.0,LOW
Arjun Nadig,6,1,0,1,1,0,0.0,LOW
Indali Bhasin,6,1,0,1,1,0,0.0,LOW
Warda Khare,6,1,0,1,1,0,0.0,LOW
Praneel Varkey,6,1,0,1,1,0,0.0,LOW
Oliver Vig,6,1,0,1,1,0,0.0,LOW
Saanvi Palan,6,1,0,1,1,0,0.0,LOW
Nakul Shere,6,1,0,1,1,0,0.0,LOW
Urishilla Bhalla,6,1,0,1,1,0,0.0,LOW
Avi Lall,6,1,0,1,1,0,0.0,LOW
Krisha Garg,6,1,0,1,1,0,0.0,LOW
Parth Ravi,6,1,0,1,1,0,0.0,LOW
Kavya Sehgal,6,1,0,1,1,0,0.0,LOW
Ansh Aurora,6,1,0,1,1,0,0.0,LOW
Tamanna Atwal,6,1,0,1,1,0,0.0,LOW
Vasudha Cheema,6,1,0,1,1,0,0.0,LOW
Deepa Bhakta,6,1,0,1,1,0,0.0,LOW
Yoshita Nigam,6,1,0,1,1,0,0.0,LOW
Vasatika Nath,6,1,0,1,1,0,0.0,LOW
Aarna Batra,6,1,0,1,1,0,0.0,LOW
Ishita Om,6,1,0,1,1,0,0.0,LOW
Naksh Pant,6,1,0,1,1,0,0.0,LOW
Robert Sarkar,6,1,0,1,1,0,0.0,LOW
Urvi Sachdev,6,1,0,1,1,0,0.0,LOW
Bhavna Agate,6,1,0,1,1,0,0.0,LOW
Ronith Gola,6,1,0,1,1,0,0.0,LOW
Banjeet Kohli,6,1,0,1,1,0,0.0,LOW
Tara Arora,6,1,0,1,1,0,0.0,LOW
Jagrati Chana,6,1,0,1,1,0,0.0,LOW
Aarnav Loke,6,1,0,1,1,0,0.0,LOW
Ayush Kapur,6,1,0,1,1,0,0.0,LOW
Jeevika Thakkar,6,1,0,1,1,0,0.0,LOW
Garima Mani,6,1,0,1,1,0,0.0,LOW
Riya Virk,6,1,0,1,1,0,0.0,LOW
Balendra Mahal,6,1,0,1,1,0,0.0,LOW
Lila Dutt,6,1,0,1,1,0,0.0,LOW
Ikshita Shankar,6,1,0,1,1,0,0.0,LOW
Pratyush Sankar,6,1,0,1,1,0,0.0,LOW
Fiyaz Date,6,1,0,1,1,0,0.0,LOW
Neha Lanka,6,1,0,1,1,0,0.0,LOW
Ria Hans,6,1,0,1,1,0,0.0,LOW
Charan Shere,6,1,0,1,1,0,0.0,LOW
Wazir Magar,6,1,0,1,1,0,0.0,LOW
Rayaan Tripathi,6,1,0,1,1,0,0.0,LOW
Ekalinga Ramesh,6,1,0,1,1,0,0.0,LOW
Gayathri Badal,6,1,0,1,1,0,0.0,LOW
Kashish Kashyap,6,1,0,1,1,0,0.0,LOW
Reyansh Sarna,6,1,0,1,1,0,0.0,LOW
Daksh Ghose,6,1,0,1,1,0,0.0,LOW
Jagdish Menon,6,1,0,1,1,0,0.0,LOW
Nidhi Bera,6,1,0,1,1,0,0.0,LOW
Champak Panchal,6,1,0,1,1,0,0.0,LOW
Kashvi Thaman,6,1,0,1,1,0,0.0,LOW
Mason Kade,6,1,0,1,1,0,0.0,LOW
Anusha Kota,6,1,0,1,1,0,0.0,LOW
Ijaya Iyengar,6,1,0,1,1,0,0.0,LOW
Netra Keer,6,1,0,1,1,0,0.0,LOW
Anika De,6,1,0,1,1,0,0.0,LOW
Sachi Kakar,6,1,0,1,1,0,0.0,LOW
Aarav Dugal,6,1,0,1,1,0,0.0,LOW
Dhriti Sood,6,1,0,1,1,0,0.0,LOW
Yashoda Taneja,6,1,0,1,1,0,0.0,LOW
Wahab Gola,6,1,0,1,1,0,0.0,LOW
Lipika Sule,6,1,0,1,1,0,0.0,LOW
Oeshi Kara,6,1,0,1,1,0,0.0,LOW
Madhav Nagy,6,1,0,1,1,0,0.0,LOW
Gaurika Bhagat,6,1,0,1,1,0,0.0,LOW
Amaira Chadha,6,1,0,1,1,0,0.0,LOW
Nitesh Sarna,6,1,0,1,1,0,0.0,LOW
Ijaya Baral,6,1,0,1,1,0,0.0,LOW
Jacob Wadhwa,6,1,0,1,1,0,0.0,LOW
Balhaar Chadha,6,1,0,1,1,0,0.0,LOW
Nidhi Ben,6,1,0,1,1,0,0.0,LOW
Atharv Nagarajan,6,1,0,1,1,0,0.0,LOW
Champak Koshy,6,1,0,1,1,0,0.0,LOW
Vidhi More,6,1,0,1,1,0,0.0,LOW
Wriddhish Dayal,6,1,0,1,1,0,0.0,LOW
Arin Borra,6,1,0,1,1,0,0.0,LOW
Kai Divan,6,1,0,1,1,0,0.0,LOW
Nitara Balay,6,1,0,1,1,0,0.0,LOW
Dayamai Upadhyay,6,1,0,1,1,0,0.0,LOW
Anika Vohra,6,1,0,1,1,0,0.0,LOW
Veer Rajan,6,1,0,1,1,0,0.0,LOW
Rushil Yogi,6,1,0,1,1,0,0.0,LOW
Kamya Choudhry,6,1,0,1,1,0,0.0,LOW
Chanchal Banik,6,1,0,1,1,0,0.0,LOW
Mekhala Pal,6,1,0,1,1,0,0.0,LOW
Chatura Sharaf,6,1,0,1,1,0,0.0,LOW
Christopher Basak,6,1,0,1,1,0,0.0,LOW
Dayamai Dutta,6,1,0,1,1,0,0.0,LOW
William Chawla,6,1,0,1,1,0,0.0,LOW
Dalaja Dar,6,1,0,1,1,0,0.0,LOW
Ridhi Varty,6,1,0,1,1,0,0.0,LOW
Harrison Nori,6,1,0,1,1,0,0.0,LOW
Krishna Arya,6,1,0,1,1,0,0.0,LOW
Vincent Koshy,6,1,0,1,1,0,0.0,LOW
Jeevika Nagy,6,1,0,1,1,0,0.0,LOW
Alka Dhaliwal,6,1,0,1,1,0,0.0,LOW
Harini Mand,6,1,0,1,1,0,0.0,LOW
Divya Manne,6,1,0,1,1,0,0.0,LOW
Dhriti Chana,6,1,0,1,1,0,0.0,LOW
Bhavna Morar,6,1,0,1,1,0,0.0,LOW
Yasti Chander,6,1,0,1,1,0,0.0,LOW
Balhaar Goswami,6,1,0,1,1,0,0.0,LOW
Chakradev Rege,6,1,0,1,1,0,0.0,LOW
Siddharth Iyengar,6,1,0,1,1,0,0.0,LOW
Yadavi Dar,6,1,0,1,1,0,0.0,LOW
Lila Hegde,6,1,0,1,1,0,0.0,LOW
Victor Memon,6,1,0,1,1,0,0.0,LOW
Bhavika Vasa,6,1,0,1,1,0,0.0,LOW
Xiti Choudhary,6,1,0,1,1,0,0.0,LOW
Yashvi Kala,6,1,0,1,1,0,0.0,LOW
Mason Bhalla,6,1,0,1,1,0,0.0,LOW
Yatan Maharaj,6,1,0,1,1,0,0.0,LOW
Omisha Oza,6,1,0,1,1,0,0.0,LOW
Hredhaan Modi,6,1,0,1,1,0,0.0,LOW
Ikbal Prakash,6,1,0,1,1,0,0.0,LOW
Aradhana Comar,6,1,0,1,1,0,0.0,LOW
Mugdha D’Alia,6,1,0,1,1,0,0.0,LOW
Shaurya Kapadia,6,1,0,1,1,0,0.0,LOW
Quincy Bora,6,1,0,1,1,0,0.0,LOW
Andrew Lall,6,1,0,1,1,0,0.0,LOW
Vanya Prasad,6,1,0,1,1,0,0.0,LOW
Ladli Narain,6,1,0,1,1,0,0.0,LOW
Oeshi Prasad,6,1,0,1,1,0,0.0,LOW
Januja Buch,6,1,0,1,1,0,0.0,LOW
Sara Palla,6,1,0,1,1,0,0.0,LOW
Tristan Mukherjee,6,1,0,1,1,0,0.0,LOW
Saanvi Pradhan,6,1,0,1,1,0,0.0,LOW
Anika Nadig,6,1,0,1,1,0,0.0,LOW
Damyanti Shetty,6,1,0,1,1,0,0.0,LOW
Andrew Kakar,6,1,0,1,1,0,0.0,LOW
Charles Bhatt,6,1,0,1,1,0,0.0,LOW
Libni Prabhakar,6,1,0,1,1,0,0.0,LOW
Yauvani Grover,6,1,0,1,1,0,0.0,LOW
Yash Sule,6,1,0,1,1,0,0.0,LOW
Wriddhish Kari,6,1,0,1,1,0,0.0,LOW
Aadhya Zacharia,6,1,0,1,1,0,0.0,LOW
Fariq Hayer,6,1,0,1,1,0,0.0,LOW
Devansh Kari,6,1,0,1,1,0,0.0,LOW
Charles Magar,6,1,0,1,1,0,0.0,LOW
Forum Johal,6,1,0,1,1,0,0.0,LOW
Rachit Sandal,6,1,0,1,1,0,0.0,LOW
Hemangini Pant,6,1,0,1,1,0,0.0,LOW
Henry Bahri,6,1,0,1,1,0,0.0,LOW
Naveen Bahl,6,1,0,1,1,0,0.0,LOW
Idika Ratta,6,1,0,1,1,0,0.0,LOW
Praneel Dayal,6,1,0,1,1,0,0.0,LOW
Sanaya Agrawal,6,1,0,1,1,0,0.0,LOW
Unnati Mahajan,6,1,0,1,1,0,0.0,LOW
Ekbal Bedi,6,1,0,1,1,0,0.0,LOW
Advik Chadha,6,1,0,1,1,0,0.0,LOW
Chakradhar Varty,6,1,0,1,1,0,0.0,LOW
Darsh Kade,6,1,0,1,1,0,0.0,LOW
Sathvik Gole,6,1,0,1,1,0,0.0,LOW
Brijesh Chahal,6,1,0,1,1,0,0.0,LOW
Falak Batta,6,1,0,1,1,0,0.0,LOW
Mohammed Vaidya,6,1,0,1,1,0,0.0,LOW
Hiral Pall,6,1,0,1,1,0,0.0,LOW
Tanmayi Guha,6,1,0,1,1,0,0.0,LOW
Gagan Pillai,6,1,0,1,1,0,0.0,LOW
Madhavi Kurian,6,1,0,1,1,0,0.0,LOW
Shravya Bhatti,6,1,0,1,1,0,0.0,LOW
Henry Mohanty,6,1,0,1,1,0,0.0,LOW
Girindra Shanker,6,1,0,1,1,0,0.0,LOW
Avni Amble,6,1,0,1,1,0,0.0,LOW
Chandani Rau,6,1,0,1,1,0,0.0,LOW
Pallavi Ravi,6,1,0,1,1,0,0.0,LOW
Chanchal Luthra,6,1,0,1,1,0,0.0,LOW
Jyoti Babu,6,1,0,1,1,0,0.0,LOW
Nikita Dara,6,1,0,1,1,0,0.0,LOW
Neelima Upadhyay,6,1,0,1,1,0,0.0,LOW
Lakshit Sood,6,1,0,1,1,0,0.0,LOW
Utkarsh Oak,6,1,0,1,1,0,0.0,LOW
Upasna Sagar,6,1,0,1,1,0,0.0,LOW
Harshil Kaur,6,1,0,1,1,0,0.0,LOW
Eesha Koshy,6,1,0,1,1,0,0.0,LOW
Megha Apte,6,1,0,1,1,0,0.0,LOW
Niharika Suresh,6,1,0,1,1,0,0.0,LOW
Reyansh Subramanian,6,1,0,1,1,0,0.0,LOW
Urmi Dayal,6,1,0,1,1,0,0.0,LOW
Chakradev Bhandari,6,1,0,1,1,0,0.0,LOW
Samarth Halder,6,1,0,1,1,0,0.0,LOW
Yashica Shenoy,6,1,0,1,1,0,0.0,LOW
Riya Seshadri,6,1,0,1,1,0,0.0,LOW
Sudiksha Soman,6,1,0,1,1,0,0.0,LOW
Unni Datta,6,1,0,1,1,0,0.0,LOW
Raagini Mangat,6,1,0,1,1,0,0.0,LOW
Maanas Dayal,6,1,0,1,1,0,0.0,LOW
Siya Roy,6,1,0,1,1,0,0.0,LOW
Hemang Saran,6,1,0,1,1,0,0.0,LOW
Vasatika Garg,6,1,0,1,1,0,0.0,LOW
Gaurika Kohli,6,1,0,1,1,0,0.0,LOW
Brinda Bansal,6,1,0,1,1,0,0.0,LOW
Januja De,6,1,0,1,1,0,0.0,LOW
Deepa Shukla,6,1,0,1,1,0,0.0,LOW
Anjali Khalsa,6,1,0,1,1,0,0.0,LOW
Dayita Andra,6,1,0,1,1,0,0.0,LOW
Timothy Choudhury,6,1,0,1,1,0,0.0,LOW
Jyoti Bhakta,6,1,0,1,1,0,0.0,LOW
Balendra Sood,6,1,0,1,1,0,0.0,LOW
Ekaja Khanna,6,1,0,1,1,0,0.0,LOW
Vihaan Bhagat,6,1,0,1,1,0,0.0,LOW
Agastya Tella,6,1,0,1,1,0,0.0,LOW
Jagrati Sibal,6,1,0,1,1,0,0.0,LOW
Advik Wason,6,1,0,1,1,0,0.0,LOW
Alexander Pingle,6,1,0,1,1,0,0.0,LOW
Frado Varty,6,1,0,1,1,0,0.0,LOW
Lohit Johal,6,1,0,1,1,0,0.0,LOW
Chakradev Kar,6,1,0,1,1,0,0.0,LOW
Ishaan Lal,6,1,0,1,1,0,0.0,LOW
Chameli Modi,6,1,0,1,1,0,0.0,LOW
Meera Dugar,6,1,0,1,1,0,0.0,LOW
Idika Nayar,6,1,0,1,1,0,0.0,LOW
Bhavika Sharaf,6,1,0,1,1,0,0.0,LOW
Netra Narayan,6,1,0,1,1,0,0.0,LOW
Hiral More,6,1,0,1,1,0,0.0,LOW
Dalaja Kapur,6,1,0,1,1,0,0.0,LOW
Lajita Nayar,6,1,0,1,1,0,0.0,LOW
Chatura Sibal,6,1,0,1,1,0,0.0,LOW
Aradhana Memon,6,1,0,1,1,0,0.0,LOW
Utkarsh Sen,6,1,0,1,1,0,0.0,LOW
Vincent Manne,6,1,0,1,1,0,0.0,LOW
Indira Dubey,6,1,0,1,1,0,0.0,LOW
Bachittar Chopra,6,1,0,1,1,0,0.0,LOW
Anay Mand,6,1,0,1,1,0,0.0,LOW
Kavya Modi,6,1,0,1,1,0,0.0,LOW
Aryan Minhas,6,1,0,1,1,0,0.0,LOW
Balendra Sidhu,6,1,0,1,1,0,0.0,LOW
Udyati Uppal,6,1,0,1,1,0,0.0,LOW
Kavya Sathe,6,1,0,1,1,0,0.0,LOW
Alka Nayar,6,1,0,1,1,0,0.0,LOW
Darsh Sachdev,6,1,0,1,1,0,0.0,LOW
Megha Sridhar,6,1,0,1,1,0,0.0,LOW
Maanas Raju,6,1,0,1,1,0,0.0,LOW
Ekalinga Bandi,6,1,0,1,1,0,0.0,LOW
Aradhana Deshmukh,6,1,0,1,1,0,0.0,LOW
Harinakshi Venkatesh,6,1,0,1,1,0,0.0,LOW
Chavvi Prasad,6,1,0,1,1,0,0.0,LOW
Nimrat Buch,6,1,0,1,1,0,0.0,LOW
Henry Tripathi,6,1,0,1,1,0,0.0,LOW
Sanaya Sengupta,6,1,0,1,1,0,0.0,LOW
Nisha Mand,6,1,0,1,1,0,0.0,LOW
Rajata Pingle,6,1,0,1,1,0,0.0,LOW
Mekhala Behl,6,1,0,1,1,0,0.0,LOW
Aarna Kunda,6,1,0,1,1,0,0.0,LOW
Alka Thakur,6,1,0,1,1,0,0.0,LOW
Imaran Narayanan,6,1,0,1,1,0,0.0,LOW
Yash Balay,6,1,0,1,1,0,0.0,LOW
Upadhriti Baral,6,1,0,1,1,0,0.0,LOW
Radha Bandi,6,1,0,1,1,0,0.0,LOW
Anvi Mistry,6,1,0,1,1,0,0.0,LOW
Harish Sridhar,6,1,0,1,1,0,0.0,LOW
Omkaar Kamdar,6,1,0,1,1,0,0.0,LOW
Abhimanyu Chad,6,1,0,1,1,0,0.0,LOW
Divya Suresh,6,1,0,1,1,0,0.0,LOW
Lila Bera,6,1,0,1,1,0,0.0,LOW
Faraj Vaidya,6,1,0,1,1,0,0.0,LOW
Omaja Sood,6,1,0,1,1,0,0.0,LOW
Siya Singhal,6,1,0,1,1,0,0.0,LOW
Guneet Misra,6,1,0,1,1,0,0.0,LOW
Reva Gola,6,1,0,1,1,0,0.0,LOW
Libni Date,6,1,0,1,1,0,0.0,LOW
Reyansh Behl,6,1,0,1,1,0,0.0,LOW
Jack Karnik,6,1,0,1,1,0,0.0,LOW
Amrita Manne,6,1,0,1,1,0,0.0,LOW
Pranav Kant,6,1,0,1,1,0,0.0,LOW
Azaan Kala,6,1,0,1,1,0,0.0,LOW
Neel Agrawal,6,1,0,1,1,0,0.0,LOW
Pushti Aurora,6,1,0,1,1,0,0.0,LOW
Unni Shah,6,1,0,1,1,0,0.0,LOW
Panini Sankar,6,1,0,1,1,0,0.0,LOW
Watika Divan,6,1,0,1,1,0,0.0,LOW
Kamala Ram,6,1,0,1,1,0,0.0,LOW
Mugdha Kibe,6,1,0,1,1,0,0.0,LOW
Yashvi Grover,6,1,0,1,1,0,0.0,LOW
Dev Rajagopalan,6,1,0,1,1,0,0.0,LOW
George Manne,6,1,0,1,1,0,0.0,LOW
Qasim Tella,6,1,0,1,1,0,0.0,LOW
Bhavya Ghosh,6,1,0,1,1,0,0.0,LOW
Omya Shanker,6,1,0,1,1,0,0.0,LOW
Naveen Sastry,6,1,0,1,1,0,0.0,LOW
Pranit Om,6,1,0,1,1,0,0.0,LOW
Ati Oak,6,1,0,1,1,0,0.0,LOW
Wridesh Manda,6,1,0,1,1,0,0.0,LOW
Urvi Raghavan,6,1,0,1,1,0,0.0,LOW
Orinder Sachdeva,6,1,0,1,1,0,0.0,LOW
Eshana Zacharia,6,1,0,1,1,0,0.0,LOW
Zaid Barman,6,1,0,1,1,0,0.0,LOW
Lucky Seth,6,1,0,1,1,0,0.0,LOW
Ekaraj Mammen,6,1,0,1,1,0,0.0,LOW
Anirudh Yogi,6,1,0,1,1,0,0.0,LOW
Maanav Mani,6,1,0,1,1,0,0.0,LOW
Tara Sampath,6,1,0,1,1,0,0.0,LOW
Om Om,6,1,0,1,1,0,0.0,LOW
Madhavi Dora,6,1,0,1,1,0,0.0,LOW
Shivansh Goda,6,1,0,1,1,0,0.0,LOW
Hemal Nair,6,1,0,1,1,0,0.0,LOW
Oscar Das,6,1,0,1,1,0,0.0,LOW
Girik Dash,6,1,0,1,1,0,0.0,LOW
Jackson Merchant,6,1,0,1,1,0,0.0,LOW
David Dara,6,1,0,1,1,0,0.0,LOW
Vincent Comar,6,1,0,1,1,0,0.0,LOW
Caleb Buch,6,1,0,1,1,0,0.0,LOW
Isaiah Dua,6,1,0,1,1,0,0.0,LOW
Sanaya Sanghvi,6,1,0,1,1,0,0.0,LOW
Rohan Mohan,6,1,0,1,1,0,0.0,LOW
Saumya Vala,6,1,0,1,1,0,0.0,LOW
Parth Saxena,6,1,0,1,1,0,0.0,LOW
Aditya Vala,6,1,0,1,1,0,0.0,LOW
Hemal Puri,6,1,0,1,1,0,0.0,LOW
Lekha Narayanan,6,1,0,1,1,0,0.0,LOW
Vanya Mall,6,1,0,1,1,0,0.0,LOW
Jeremiah Dash,6,1,0,1,1,0,0.0,LOW
Vincent Lall,6,1,0,1,1,0,0.0,LOW
Bimala Vasa,6,1,0,1,1,0,0.0,LOW
Barkha Munshi,6,1,0,1,1,0,0.0,LOW
Jagrati Char,6,1,0,1,1,0,0.0,LOW
Eshana Som,6,1,0,1,1,0,0.0,LOW
Samar Gopal,6,1,0,1,1,0,0.0,LOW
Benjamin Agarwal,6,1,0,1,1,0,0.0,LOW
Falak Chakrabarti,6,1,0,1,1,0,0.0,LOW
Owen Kuruvilla,6,1,0,1,1,0,0.0,LOW
Ekantika Mangat,6,1,0,1,1,0,0.0,LOW
Vivaan Rastogi,6,1,0,1,1,0,0.0,LOW
Kala Bava,6,1,0,1,1,0,0.0,LOW
Sudiksha Tata,6,1,0,1,1,0,0.0,LOW
Rohan Krishna,6,1,0,1,1,0,0.0,LOW
Daksha Ramachandran,6,1,0,1,1,0,0.0,LOW
David Bose,6,1,0,1,1,0,0.0,LOW
Nathaniel Mital,6,1,0,1,1,0,0.0,LOW
Azaan Bobal,6,1,0,1,1,0,0.0,LOW
Jason Karnik,6,1,0,1,1,0,0.0,LOW
Hemangini Jhaveri,6,1,0,1,1,0,0.0,LOW
Vasudha Doctor,6,1,0,1,1,0,0.0,LOW
Ekantika Golla,6,1,0,1,1,0,0.0,LOW
Rehaan Iyer,6,1,0,1,1,0,0.0,LOW
Sachi Sanghvi,6,1,0,1,1,0,0.0,LOW
Utkarsh Raj,6,1,0,1,1,0,0.0,LOW
Jyoti Sane,6,1,0,1,1,0,0.0,LOW
Tanay Morar,6,1,0,1,1,0,0.0,LOW
Rushil Korpal,6,1,0,1,1,0,0.0,LOW
Ubika Kaul,6,1,0,1,1,0,0.0,LOW
Chaitanya Khare,6,1,0,1,1,0,0.0,LOW
Abdul Sarma,6,1,0,1,1,0,0.0,LOW
Nitara Lala,6,1,0,1,1,0,0.0,LOW
Aarav Nagar,6,1,0,1,1,0,0.0,LOW
Amaira Behl,6,1,0,1,1,0,0.0,LOW
Siya Mody,6,1,0,1,1,0,0.0,LOW
Orinder Sharaf,6,1,0,1,1,0,0.0,LOW
Ojasvi Bhalla,6,1,0,1,1,0,0.0,LOW
Zehaan Om,6,1,0,1,1,0,0.0,LOW
Andrew Chauhan,6,1,0,1,1,0,0.0,LOW
Harita Borra,6,1,0,1,1,0,0.0,LOW
Urishilla Panchal,6,1,0,1,1,0,0.0,LOW
Anya Chauhan,6,1,0,1,1,0,0.0,LOW
Avni Basu,6,1,0,1,1,0,0.0,LOW
Vasatika Kari,6,1,0,1,1,0,0.0,LOW
Atharv Mann,6,1,0,1,1,0,0.0,LOW
Hema Zachariah,6,1,0,1,1,0,0.0,LOW
Aarini Bhatia,6,1,0,1,1,0,0.0,LOW
Avi Minhas,6,1,0,1,1,0,0.0,LOW
Imaran Rao,6,1,0,1,1,0,0.0,LOW
Barkha Nadkarni,6,1,0,1,1,0,0.0,LOW
Darika Madan,6,1,0,1,1,0,0.0,LOW
Damini Nagarajan,6,1,0,1,1,0,0.0,LOW
Zayyan Chaudhry,6,1,0,1,1,0,0.0,LOW
Brinda Bhardwaj,6,1,0,1,1,0,0.0,LOW
Baghyawati Sarna,6,1,0,1,1,0,0.0,LOW
Rayaan Karnik,6,1,0,1,1,0,0.0,LOW
Aarna Prabhu,6,1,0,1,1,0,0.0,LOW
Dalaja Oza,6,1,0,1,1,0,0.0,LOW
Eshana Saha,6,1,0,1,1,0,0.0,LOW
Faqid Rege,6,1,0,1,1,0,0.0,LOW
Gayathri Sathe,6,1,0,1,1,0,0.0,LOW
Aashi Bobal,6,1,0,1,1,0,0.0,LOW
Farhan Bhatia,6,1,0,1,1,0,0.0,LOW
Warinder Pant,6,1,0,1,1,0,0.0,LOW
Garima Lall,6,1,0,1,1,0,0.0,LOW
Unni Malhotra,6,1,0,1,1,0,0.0,LOW
Tanay Basak,6,1,0,1,1,0,0.0,LOW
Warhi Karpe,6,1,0,1,1,0,0.0,LOW
Gautam Tank,6,1,0,1,1,0,0.0,LOW
Maya Sahota,6,1,0,1,1,0,0.0,LOW
Aditya Hari,6,1,0,1,1,0,0.0,LOW
Avni Purohit,6,1,0,1,1,0,0.0,LOW
Charita Pau,6,1,0,1,1,0,0.0,LOW
Eiravati Chaudhry,6,1,0,1,1,0,0.0,LOW
Amrita Hayer,6,1,0,1,1,0,0.0,LOW
Quincy Bassi,6,1,0,1,1,0,0.0,LOW
Agastya Chauhan,6,1,0,1,1,0,0.0,LOW
Ayushman Boase,6,1,0,1,1,0,0.0,LOW
Ekiya Krishna,6,1,0,1,1,0,0.0,LOW
Finn Rastogi,6,1,0,1,1,0,0.0,LOW
Chaaya Dash,6,1,0,1,1,0,0.0,LOW
Nachiket Ramesh,6,1,0,1,1,0,0.0,LOW
Advay Vala,6,1,0,1,1,0,0.0,LOW
Yasti Thaker,6,1,0,1,1,0,0.0,LOW
Aadi Manne,6,1,0,1,1,0,0.0,LOW
Shivansh Wagle,6,1,0,1,1,0,0.0,LOW
Gauri Walia,6,1,0,1,1,0,0.0,LOW
Zinal Arya,6,1,0,1,1,0,0.0,LOW
Tripti Varkey,6,1,0,1,1,0,0.0,LOW
Jonathan Kata,6,1,0,1,1,0,0.0,LOW
Chaitanya Mahal,6,1,0,1,1,0,0.0,LOW
Vasatika Narasimhan,6,1,0,1,1,0,0.0,LOW
Zaid Dani,6,1,0,1,1,0,0.0,LOW
Daksh Nagi,6,1,0,1,1,0,0.0,LOW
Neha Mangal,6,1,0,1,1,0,0.0,LOW
Yatan Anand,6,1,0,1,1,0,0.0,LOW
Chanakya Mani,6,1,0,1,1,0,0.0,LOW
Chaitanya Deep,6,1,0,1,1,0,0.0,LOW
Ekbal Sachdeva,6,1,0,1,1,0,0.0,LOW
Vamakshi Choudhry,6,1,0,1,1,0,0.0,LOW
Rayaan Panchal,6,1,0,1,1,0,0.0,LOW
Kashish Nayar,6,1,0,1,1,0,0.0,LOW
Ranveer Suri,6,1,0,1,1,0,0.0,LOW
Henry Apte,6,1,0,1,1,0,0.0,LOW
Balendra Grover,6,1,0,1,1,0,0.0,LOW
Baljiwan Dua,6,1,0,1,1,0,0.0,LOW
Hiral Nigam,6,1,0,1,1,0,0.0,LOW
Parth Sibal,6,1,0,1,1,0,0.0,LOW
Garima Shah,6,1,0,1,1,0,0.0,LOW
Nilima Jha,6,1,0,1,1,0,0.0,LOW
Mohini Goel,6,1,0,1,1,0,0.0,LOW
Naksh Rajagopal,6,1,0,1,1,0,0.0,LOW
Damini Kuruvilla,6,1,0,1,1,0,0.0,LOW
Anya Cherian,6,1,0,1,1,0,0.0,LOW
Hredhaan Kurian,6,1,0,1,1,0,0.0,LOW
Mohini Rao,6,1,0,1,1,0,0.0,LOW
Aarnav Mistry,6,1,0,1,1,0,0.0,LOW
Arunima Krish,6,1,0,1,1,0,0.0,LOW
Aishani Lal,6,1,0,1,1,0,0.0,LOW
Manthan Sawhney,6,1,0,1,1,0,0.0,LOW
Ekantika Radhakrishnan,6,1,0,1,1,0,0.0,LOW
Nisha Nigam,6,1,0,1,1,0,0.0,LOW
Darsh Bail,6,1,0,1,1,0,0.0,LOW
Unni Modi,6,1,0,1,1,0,0.0,LOW
Pratyush Palla,6,1,0,1,1,0,0.0,LOW
Advay Prabhu,6,1,0,1,1,0,0.0,LOW
Bhavya Dugal,6,1,0,1,1,0,0.0,LOW
Frederick Manda,6,1,0,1,1,0,0.0,LOW
Yashasvi Purohit,6,1,0,1,1,0,0.0,LOW
Banjeet Mukherjee,6,1,0,1,1,0,0.0,LOW
Ishanvi Rajagopal,6,1,0,1,1,0,0.0,LOW
Kashish Sarraf,6,1,0,1,1,0,0.0,LOW
Faras Gour,6,1,0,1,1,0,0.0,LOW
Udyati Nori,6,1,0,1,1,0,0.0,LOW
Priya Divan,6,1,0,1,1,0,0.0,LOW
Fiyaz Loyal,6,1,0,1,1,0,0.0,LOW
Nitara Radhakrishnan,6,1,0,1,1,0,0.0,LOW
Aadi Banik,6,1,0,1,1,0,0.0,LOW
Hemangini Patel,6,1,0,1,1,0,0.0,LOW
Pahal Char,6,1,0,1,1,0,0.0,LOW
Ayush Amble,6,1,0,1,1,0,0.0,LOW
Devansh Kalita,6,1,0,1,1,0,0.0,LOW
Girish Behl,6,1,0,1,1,0,0.0,LOW
Siddharth Babu,6,1,0,1,1,0,0.0,LOW
Bhavini Kala,6,1,0,1,1,0,0.0,LOW
Banjeet Khatri,6,1,0,1,1,0,0.0,LOW
Yash Rao,6,1,0,1,1,0,0.0,LOW
Warda Yogi,6,1,0,1,1,0,0.0,LOW
Praneel Amble,6,1,0,1,1,0,0.0,LOW
Triya Baria,6,1,0,1,1,0,0.0,LOW
Bhavani Savant,6,1,0,1,1,0,0.0,LOW
Ayaan Ganesh,6,1,0,1,1,0,0.0,LOW
Pranav Bhattacharyya,6,1,0,1,1,0,0.0,LOW
Diya Majumdar,6,1,0,1,1,0,0.0,LOW
Laksh Oommen,6,1,0,1,1,0,0.0,LOW
Devansh Chaudhuri,6,1,0,1,1,0,0.0,LOW
Sai Pandit,6,1,0,1,1,0,0.0,LOW
Harita Khare,6,1,0,1,1,0,0.0,LOW
Luke Sathe,6,1,0,1,1,0,0.0,LOW
Fariq Mohan,6,1,0,1,1,0,0.0,LOW
Rachita Natt,6,1,0,1,1,0,0.0,LOW
Raagini Dasgupta,6,1,0,1,1,0,0.0,LOW
Rishi Bath,6,1,0,1,1,0,0.0,LOW
Faris Suresh,6,1,0,1,1,0,0.0,LOW
Ekapad Nagy,6,1,0,1,1,0,0.0,LOW
Oscar Ramaswamy,6,1,0,1,1,0,0.0,LOW
Zaitra Mani,6,1,0,1,1,0,0.0,LOW
Xavier Mani,6,1,0,1,1,0,0.0,LOW
Ekaja Tailor,6,1,0,1,1,0,0.0,LOW
Chasmum Bhalla,6,1,0,1,1,0,0.0,LOW
Yadavi Vala,6,1,0,1,1,0,0.0,LOW
Anmol Mandal,6,1,0,1,1,0,0.0,LOW
Samesh Saraf,6,1,0,1,1,0,0.0,LOW
Owen Lad,6,1,0,1,1,0,0.0,LOW
Pooja Sundaram,6,1,0,1,1,0,0.0,LOW
Sudiksha Anand,6,1,0,1,1,0,0.0,LOW
Indali Goswami,6,1,0,1,1,0,0.0,LOW
Neha Borra,6,1,0,1,1,0,0.0,LOW
Andrew Dani,6,1,0,1,1,0,0.0,LOW
Guneet Trivedi,6,1,0,1,1,0,0.0,LOW
Theodore Krishnamurthy,6,1,0,1,1,0,0.0,LOW
Inaya Sandal,6,1,0,1,1,0,0.0,LOW
Anika Chatterjee,6,1,0,1,1,0,0.0,LOW
Neel Din,6,1,0,1,1,0,0.0,LOW
Faras Chaudhari,6,1,0,1,1,0,0.0,LOW
Yochana Gaba,6,1,0,1,1,0,0.0,LOW
Chaaya Goda,6,1,0,1,1,0,0.0,LOW
Gaurika Bhasin,6,1,0,1,1,0,0.0,LOW
Advika Mangal,6,1,0,1,1,0,0.0,LOW
Urishilla Rajan,6,1,0,1,1,0,0.0,LOW
Lakshit Sarkar,6,1,0,1,1,0,0.0,LOW
Yashawini Sur,6,1,0,1,1,0,0.0,LOW
Lila Khatri,6,1,0,1,1,0,0.0,LOW
Ishanvi Mann,6,1,0,1,1,0,0.0,LOW
Jatin Bansal,6,1,0,1,1,0,0.0,LOW
Ojasvi Palla,6,1,0,1,1,0,0.0,LOW
Ekansh Basak,6,1,0,1,1,0,0.0,LOW
Krishna Raval,6,1,0,1,1,0,0.0,LOW
Tanveer Madan,6,1,0,1,1,0,0.0,LOW
Aditya Dewan,6,1,0,1,1,0,0.0,LOW
Nitesh Ranganathan,6,1,0,1,1,0,0.0,LOW
Naksh Doshi,6,1,0,1,1,0,0.0,LOW
Teerth Ravi,6,1,0,1,1,0,0.0,LOW
Gaurangi Mann,6,1,0,1,1,0,0.0,LOW
Hardik Sarkar,6,1,0,1,1,0,0.0,LOW
Meera Magar,6,1,0,1,1,0,0.0,LOW
Ira Bhat,6,1,0,1,1,0,0.0,LOW
Ganga Konda,6,1,0,1,1,0,0.0,LOW
Vedika Karpe,6,1,0,1,1,0,0.0,LOW
Rudra Chopra,6,1,0,1,1,0,0.0,LOW
Mohammed Mandal,6,1,0,1,1,0,0.0,LOW
Daniel Verma,6,1,0,1,1,0,0.0,LOW
Indira Rai,6,1,0,1,1,0,0.0,LOW
Wazir Subramaniam,6,1,0,1,1,0,0.0,LOW
Chaitanya Tank,6,1,0,1,1,0,0.0,LOW
Urmi Chana,6,1,0,1,1,0,0.0,LOW
Lajita Halder,6,1,0,1,1,0,0.0,LOW
Chandani Shah,6,1,0,1,1,0,0.0,LOW
Thomas Mishra,6,1,0,1,1,0,0.0,LOW
Balveer Kulkarni,6,1,0,1,1,0,0.0,LOW
Vedika Chaudry,6,1,0,1,1,0,0.0,LOW
Anmol Raval,6,1,0,1,1,0,0.0,LOW
Aryan Tripathi,6,1,0,1,1,0,0.0,LOW
Neha Gopal,6,1,0,1,1,0,0.0,LOW
Raghav De,6,1,0,1,1,0,0.0,LOW
Naveen Thakur,6,1,0,1,1,0,0.0,LOW
Anthony Kalla,6,1,0,1,1,0,0.0,LOW
Amaira Biswas,6,1,0,1,1,0,0.0,LOW
Chasmum Kapoor,6,1,0,1,1,0,0.0,LOW
Yashawini Munshi,6,1,0,1,1,0,0.0,LOW
Omisha Rai,6,1,0,1,1,0,0.0,LOW
Sara Chopra,6,1,0,1,1,0,0.0,LOW
Alexander Lall,6,1,0,1,1,0,0.0,LOW
Bakhshi Hayer,6,1,0,1,1,0,0.0,LOW
Mitesh Varughese,6,1,0,1,1,0,0.0,LOW
Finn Bumb,6,1,0,1,1,0,0.0,LOW
Rachit Date,6,1,0,1,1,0,0.0,LOW
Hemang Rao,6,1,0,1,1,0,0.0,LOW
Ridhi Bajwa,6,1,0,1,1,0,0.0,LOW
Urmi Virk,6,1,0,1,1,0,0.0,LOW
Noah Bose,6,1,0,1,1,0,0.0,LOW
Dipta Tella,6,1,0,1,1,0,0.0,LOW
Jeremiah Char,6,1,0,1,1,0,0.0,LOW
Wyatt Menon,6,1,0,1,1,0,0.0,LOW
Barkha Varkey,6,1,0,1,1,0,0.0,LOW
Hardik Misra,6,1,0,1,1,0,0.0,LOW
Sanaya Suresh,6,1,0,1,1,0,0.0,LOW
Sudiksha Randhawa,6,1,0,1,1,0,0.0,LOW
Jack Choudhry,6,1,0,1,1,0,0.0,LOW
Sanya Dutt,6,1,0,1,1,0,0.0,LOW
Balhaar Choudhry,6,1,0,1,1,0,0.0,LOW
Ijaya Sharma,6,1,0,1,1,0,0.0,LOW
Faraj Pradhan,6,1,0,1,1,0,0.0,LOW
Shravya Murthy,6,1,0,1,1,0,0.0,LOW
Simon Walla,6,1,0,1,1,0,0.0,LOW
Elijah Deo,6,1,0,1,1,0,0.0,LOW
Advik Krishnamurthy,6,1,0,1,1,0,0.0,LOW
Pallavi Doctor,6,1,0,1,1,0,0.0,LOW
Xavier Sachar,6,1,0,1,1,0,0.0,LOW
Jason Chaudhari,6,1,0,1,1,0,0.0,LOW
Quincy Bhandari,6,1,0,1,1,0,0.0,LOW
Jyoti Varghese,6,1,0,1,1,0,0.0,LOW
Imaran Atwal,6,1,0,1,1,0,0.0,LOW
Omkaar Bal,6,1,0,1,1,0,0.0,LOW
Laban Varughese,6,1,0,1,1,0,0.0,LOW
Girik Chopra,6,1,0,1,1,0,0.0,LOW
Raagini Yadav,6,1,0,1,1,0,0.0,LOW
Patrick Peri,6,1,0,1,1,0,0.0,LOW
Girish Dua,6,1,0,1,1,0,0.0,LOW
Veda Keer,6,1,0,1,1,0,0.0,LOW
Kashvi Chaudhuri,6,1,0,1,1,0,0.0,LOW
Faraj Morar,6,1,0,1,1,0,0.0,LOW
Jackson Malhotra,6,1,0,1,1,0,0.0,LOW
Pooja Peri,6,1,0,1,1,0,0.0,LOW
Oliver Nazareth,6,1,0,1,1,0,0.0,LOW
Anvi Sehgal,6,1,0,1,1,0,0.0,LOW
Vincent Dani,6,1,0,1,1,0,0.0,LOW
Rayaan Dani,6,1,0,1,1,0,0.0,LOW
Zehaan Sagar,6,1,0,1,1,0,0.0,LOW
Falak Palla,6,1,0,1,1,0,0.0,LOW
Chavvi Borah,6,1,0,1,1,0,0.0,LOW
Ishwar Ramachandran,6,1,0,1,1,0,0.0,LOW
Tristan Sawhney,6,1,0,1,1,0,0.0,LOW
Pavani Sethi,6,1,0,1,1,0,0.0,LOW
Atharv Srivastava,6,1,0,1,1,0,0.0,LOW
Jonathan Chacko,6,1,0,1,1,0,0.0,LOW
Xiti Sengupta,6,1,0,1,1,0,0.0,LOW
Gabriel Kar,6,1,0,1,1,0,0.0,LOW
Qasim Jha,6,1,0,1,1,0,0.0,LOW
Zaitra Lata,6,1,0,1,1,0,0.0,LOW
Nitara Rege,6,1,0,1,1,0,0.0,LOW
Arin Mishra,6,1,0,1,1,0,0.0,LOW
Noah Kapur,6,1,0,1,1,0,0.0,LOW
Siya Kota,6,1,0,1,1,0,0.0,LOW
Anusha More,6,1,0,1,1,0,0.0,LOW
Girindra Walla,6,1,0,1,1,0,0.0,LOW
Amol Kunda,6,1,0,1,1,0,0.0,LOW
Chavvi Lata,6,1,0,1,1,0,0.0,LOW
Nihal Borde,6,1,0,1,1,0,0.0,LOW
Yauvani Gala,6,1,0,1,1,0,0.0,LOW
Girindra Sahni,6,1,0,1,1,0,0.0,LOW
Diya Aggarwal,6,1,0,1,1,0,0.0,LOW
Anthony Dalal,6,1,0,1,1,0,0.0,LOW
Tanveer Shah,6,1,0,1,1,0,0.0,LOW
Zansi Baral,6,1,0,1,1,0,0.0,LOW
Faras Seshadri,6,1,0,1,1,0,0.0,LOW
Jeremiah Sangha,6,1,0,1,1,0,0.0,LOW
Ekalinga Chawla,6,1,0,1,1,0,0.0,LOW
Pallavi Hayer,6,1,0,1,1,0,0.0,LOW
Gautam Choudhary,6,1,0,1,1,0,0.0,LOW
Jairaj Edwin,6,1,0,1,1,0,0.0,LOW
Ojasvi Chaudhary,6,1,0,1,1,0,0.0,LOW
Tanay Narayan,6,1,0,1,1,0,0.0,LOW
Krishna Nair,6,1,0,1,1,0,0.0,LOW
Ansh Savant,6,1,0,1,1,0,0.0,LOW
Om Ravel,6,1,0,1,1,0,0.0,LOW
Nakul Misra,6,1,0,1,1,0,0.0,LOW
Aashi Grewal,6,1,0,1,1,0,0.0,LOW
Turvi Srinivasan,6,1,0,1,1,0,0.0,LOW
Matthew Loyal,6,1,0,1,1,0,0.0,LOW
Irya Sibal,6,1,0,1,1,0,0.0,LOW
Aashi Sawhney,6,1,0,1,1,0,0.0,LOW
Champak Ramesh,6,1,0,1,1,0,0.0,LOW
Damini Balay,6,1,0,1,1,0,0.0,LOW
Barkha Parmar,6,1,0,1,1,0,0.0,LOW
Siddharth Parsa,6,1,0,1,1,0,0.0,LOW
Alexander Atwal,6,1,0,1,1,0,0.0,LOW
Ganga Singh,6,1,0,1,1,0,0.0,LOW
Falguni Pillay,6,1,0,1,1,0,0.0,LOW
Qadim Ravel,6,1,0,1,1,0,0.0,LOW
Warinder Pandit,6,1,0,1,1,0,0.0,LOW
Girik Hora,6,1,0,1,1,0,0.0,LOW
Reyansh Misra,6,1,0,1,1,0,0.0,LOW
Thomas Gupta,6,1,0,1,1,0,0.0,LOW
Viraj Sachar,6,1,0,1,1,0,0.0,LOW
Hritik Jain,6,1,0,1,1,0,0.0,LOW
Ayushman Dhillon,6,1,0,1,1,0,0.0,LOW
Henry Ramanathan,6,1,0,1,1,0,0.0,LOW
Turvi Thakkar,6,1,0,1,1,0,0.0,LOW
Charan Krishnamurthy,6,1,0,1,1,0,0.0,LOW
Hardik Dani,6,1,0,1,1,0,0.0,LOW
Ubika Deo,6,1,0,1,1,0,0.0,LOW
Yashawini Nazareth,6,1,0,1,1,0,0.0,LOW
Gautami Chanda,6,1,0,1,1,0,0.0,LOW
Harita Pandit,6,1,0,1,1,0,0.0,LOW
Chameli Deo,6,1,0,1,1,0,0.0,LOW
Ranveer Nagarajan,6,1,0,1,1,0,0.0,LOW
Brinda Gole,6,1,0,1,1,0,0.0,LOW
Aryan Narayan,6,1,0,1,1,0,0.0,LOW
Veer Palla,6,1,0,1,1,0,0.0,LOW
Vaishnavi Pau,6,1,0,1,1,0,0.0,LOW
Triveni Sidhu,6,1,0,1,1,0,0.0,LOW
Reyansh Krishnan,6,1,0,1,1,0,0.0,LOW
Abeer Arya,6,1,0,1,1,0,0.0,LOW
Harsh Dugal,6,1,0,1,1,0,0.0,LOW
Garima Bhavsar,6,1,0,1,1,0,0.0,LOW
Anamika Bhattacharyya,6,1,0,1,1,0,0.0,LOW
Niharika Dewan,6,1,0,1,1,0,0.0,LOW
Warda Merchant,6,1,0,1,1,0,0.0,LOW
Ucchal Yadav,6,1,0,1,1,0,0.0,LOW
Sanya Agate,6,1,0,1,1,0,0.0,LOW
Rachit Char,6,1,0,1,1,0,0.0,LOW
Nakul Palla,6,1,0,1,1,0,0.0,LOW
Hemang Kade,6,1,0,1,1,0,0.0,LOW
Zashil Bhagat,6,1,0,1,1,0,0.0,LOW
Advay Goswami,6,1,0,1,1,0,0.0,LOW
Edhitha Loyal,6,1,0,1,1,0,0.0,LOW
Dalbir Magar,6,1,0,1,1,0,0.0,LOW
Vaishnavi Kalita,6,1,0,1,1,0,0.0,LOW
Siya Palla,6,1,0,1,1,0,0.0,LOW
Christopher Buch,6,1,0,1,1,0,0.0,LOW
Qasim Kulkarni,6,1,0,1,1,0,0.0,LOW
Gauri Khurana,6,1,0,1,1,0,0.0,LOW
Tarak Pai,6,1,0,1,1,0,0.0,LOW
Qarin Sethi,6,1,0,1,1,0,0.0,LOW
Madhav Ramesh,6,1,0,1,1,0,0.0,LOW
Ubika Date,6,1,0,1,1,0,0.0,LOW
Ryan Date,6,1,0,1,1,0,0.0,LOW
Anjali Doshi,6,1,0,1,1,0,0.0,LOW
Nidhi Mallick,6,1,0,1,1,0,0.0,LOW
Avni Choudhry,6,1,0,1,1,0,0.0,LOW
Faqid Yogi,6,1,0,1,1,0,0.0,LOW
Daksh Sharaf,6,1,0,1,1,0,0.0,LOW
Gagan Acharya,6,1,0,1,1,0,0.0,LOW
Timothy Gopal,6,1,0,1,1,0,0.0,LOW
Anvi Oza,6,1,0,1,1,0,0.0,LOW
Onkar Bhatti,6,1,0,1,1,0,0.0,LOW
Yachana Divan,6,1,0,1,1,0,0.0,LOW
Rudra Murthy,6,1,0,1,1,0,0.0,LOW
Frado Merchant,6,1,0,1,1,0,0.0,LOW
Liam Sengupta,6,1,0,1,1,0,0.0,LOW
Ekanta Agarwal,6,1,0,1,1,0,0.0,LOW
Faras Jani,6,1,0,1,1,0,0.0,LOW
Ojas Prashad,6,1,0,1,1,0,0.0,LOW
Bhanumati Mall,6,1,0,1,1,0,0.0,LOW
Yashodhara Bhavsar,6,1,0,1,1,0,0.0,LOW
Onkar Mall,6,1,0,1,1,0,0.0,LOW
Hiral Narayanan,6,1,0,1,1,0,0.0,LOW
Jeremiah Gandhi,6,1,0,1,1,0,0.0,LOW
Bhavya Deep,6,1,0,1,1,0,0.0,LOW
Max Grewal,6,1,0,1,1,0,0.0,LOW
Jacob Chowdhury,6,1,0,1,1,0,0.0,LOW
Rachit Bhardwaj,6,1,0,1,1,0,0.0,LOW
Vidhi Kapoor,6,1,0,1,1,0,0.0,LOW
Amaira Saraf,6,1,0,1,1,0,0.0,LOW
Barkha Srivastava,6,1,0,1,1,0,0.0,LOW
Praneel Divan,6,1,0,1,1,0,0.0,LOW
Rohan Cheema,6,1,0,1,1,0,0.0,LOW
Leela Sathe,6,1,0,1,1,0,0.0,LOW
Hemal Sahni,6,1,0,1,1,0,0.0,LOW
Bhavika Som,6,1,0,1,1,0,0.0,LOW
Netra Walia,6,1,0,1,1,0,0.0,LOW
Vamakshi Pant,6,1,0,1,1,0,0.0,LOW
Balhaar Upadhyay,6,1,0,1,1,0,0.0,LOW
Ishita Narayanan,6,1,0,1,1,0,0.0,LOW
Upma Anand,6,1,0,1,1,0,0.0,LOW
Januja Gulati,6,1,0,1,1,0,0.0,LOW
Andrew Bandi,6,1,0,1,1,0,0.0,LOW
Krish Chatterjee,6,1,0,1,1,0,0.0,LOW
Yuvraj Devi,6,1,0,1,1,0,0.0,LOW
Robert Shenoy,6,1,0,1,1,0,0.0,LOW
Megha Hegde,6,1,0,1,1,0,0.0,LOW
Ekaraj Oza,6,1,0,1,1,0,0.0,LOW
Tristan Swamy,6,1,0,1,1,0,0.0,LOW
Triya Doshi,6,1,0,1,1,0,0.0,LOW
Garima Pandit,6,1,0,1,1,0,0.0,LOW
Yachana Memon,6,1,0,1,1,0,0.0,LOW
Falak Dar,6,1,0,1,1,0,0.0,LOW
Owen Srivastava,6,1,0,1,1,0,0.0,LOW
Vritti Kapadia,6,1,0,1,1,0,0.0,LOW
Pratyush Rama,6,1,0,1,1,0,0.0,LOW
Chanchal Ahuja,6,1,0,1,1,0,0.0,LOW
Banjeet Sarraf,6,1,0,1,1,0,0.0,LOW
Sanya Handa,6,1,0,1,1,0,0.0,LOW
Pranav Sabharwal,6,1,0,1,1,0,0.0,LOW
Yatan Samra,6,1,0,1,1,0,0.0,LOW
Anita Dugar,6,1,0,1,1,0,0.0,LOW
Zayyan Choudhary,6,1,0,1,1,0,0.0,LOW
Ansh Halder,6,1,0,1,1,0,0.0,LOW
Urvashi Ramesh,6,1,0,1,1,0,0.0,LOW
Sanaya Bora,6,1,0,1,1,0,0.0,LOW
Kevin Kibe,6,1,0,1,1,0,0.0,LOW
Brijesh Kashyap,6,1,0,1,1,0,0.0,LOW
Chaman Menon,6,1,0,1,1,0,0.0,LOW
Jagvi Sood,6,1,0,1,1,0,0.0,LOW
Balhaar Madan,6,1,0,1,1,0,0.0,LOW
Fiyaz Talwar,6,1,0,1,1,0,0.0,LOW
Abhiram Bhandari,6,1,0,1,1,0,0.0,LOW
Faraj Ratti,6,1,0,1,1,0,0.0,LOW
Hardik Tara,6,1,0,1,1,0,0.0,LOW
Dayita Prabhakar,6,1,0,1,1,0,0.0,LOW
Amol Chakrabarti,6,1,0,1,1,0,0.0,LOW
Jairaj Bose,6,1,0,1,1,0,0.0,LOW
Xiti Parsa,6,1,0,1,1,0,0.0,LOW
Kamala Rana,6,1,0,1,1,0,0.0,LOW
Mugdha Varty,6,1,0,1,1,0,0.0,LOW
Patrick Swaminathan,6,1,0,1,1,0,0.0,LOW
Laban Kohli,6,1,0,1,1,0,0.0,LOW
Kashish Dayal,6,1,0,1,1,0,0.0,LOW
Unnati Lala,6,1,0,1,1,0,0.0,LOW
Chanakya Halder,6,1,0,1,1,0,0.0,LOW
Bishakha Lata,6,1,0,1,1,0,0.0,LOW
Mitali Mandal,6,1,0,1,1,0,0.0,LOW
Warinder Chander,6,1,0,1,1,0,0.0,LOW
Krishna Sheth,6,1,0,1,1,0,0.0,LOW
Dhriti Seshadri,6,1,0,1,1,0,0.0,LOW
Manan Kota,6,1,0,1,1,0,0.0,LOW
Gayathri Rau,6,1,0,1,1,0,0.0,LOW
Xiti Bala,6,1,0,1,1,0,0.0,LOW
Aarnav Memon,6,1,0,1,1,0,0.0,LOW
Watika Walla,6,1,0,1,1,0,0.0,LOW
Osha Gara,6,1,0,1,1,0,0.0,LOW
Yatan Goyal,6,1,0,1,1,0,0.0,LOW
Yauvani Amble,6,1,0,1,1,0,0.0,LOW
Varenya Chhabra,6,1,0,1,1,0,0.0,LOW
Yatin Venkataraman,6,1,0,1,1,0,0.0,LOW
Warda Sani,6,1,0,1,1,0,0.0,LOW
Manthan Ramesh,6,1,0,1,1,0,0.0,LOW
Wakeeta Khalsa,6,1,0,1,1,0,0.0,LOW
Tripti Gola,6,1,0,1,1,0,0.0,LOW
Samuel Soman,6,1,0,1,1,0,0.0,LOW
Ikshita Deol,6,1,0,1,1,0,0.0,LOW
Dhruv Dash,6,1,0,1,1,0,0.0,LOW
Chanakya Tank,6,1,0,1,1,0,0.0,LOW
Aashi Bir,6,1,0,1,1,0,0.0,LOW
Peter Chaudry,6,1,0,1,1,0,0.0,LOW
Ishwar Saini,6,1,0,1,1,0,0.0,LOW
Banjeet Rana,6,1,0,1,1,0,0.0,LOW
Radhika Lanka,6,1,0,1,1,0,0.0,LOW
Teerth Bail,6,1,0,1,1,0,0.0,LOW
Bimala Apte,6,1,0,1,1,0,0.0,LOW
Yug Bassi,6,1,0,1,1,0,0.0,LOW
Frederick Tripathi,6,1,0,1,1,0,0.0,LOW
Laban Hayre,6,1,0,1,1,0,0.0,LOW
Jeevika Jhaveri,6,1,0,1,1,0,0.0,LOW
Hemangini Balasubramanian,6,1,0,1,1,0,0.0,LOW
Chandani Kapoor,6,1,0,1,1,0,0.0,LOW
Chanakya Grewal,6,1,0,1,1,0,0.0,LOW
Teerth Zacharia,6,1,0,1,1,0,0.0,LOW
Mugdha Krishnamurthy,6,1,0,1,1,0,0.0,LOW
Megha Kothari,6,1,0,1,1,0,0.0,LOW
Ansh Gour,6,1,0,1,1,0,0.0,LOW
Mugdha Devi,6,1,0,1,1,0,0.0,LOW
Omisha Balan,6,1,0,1,1,0,0.0,LOW
Azaan Thakur,6,1,0,1,1,0,0.0,LOW
Yashodhara Guha,6,1,0,1,1,0,0.0,LOW
Nihal Mandal,6,1,0,1,1,0,0.0,LOW
Devika Andra,6,1,0,1,1,0,0.0,LOW
Vasudha Mani,6,1,0,1,1,0,0.0,LOW
Chandresh Kala,6,1,0,1,1,0,0.0,LOW
Varsha Gokhale,6,1,0,1,1,0,0.0,LOW
Banjeet Mammen,6,1,0,1,1,0,0.0,LOW
Saumya Jha,6,1,0,1,1,0,0.0,LOW
Raksha Saxena,6,1,0,1,1,0,0.0,LOW
Lipika Krishna,6,1,0,1,1,0,0.0,LOW
Jeremiah Sinha,6,1,0,1,1,0,0.0,LOW
Ojas Jhaveri,6,1,0,1,1,0,0.0,LOW
Teerth Mall,6,1,0,1,1,0,0.0,LOW
Vaishnavi Barman,6,1,0,1,1,0,0.0,LOW
Udant Talwar,6,1,0,1,1,0,0.0,LOW
Urmi Sawhney,6,1,0,1,1,0,0.0,LOW
Chaitanya Palan,6,1,0,1,1,0,0.0,LOW
Samarth Dhingra,6,1,0,1,1,0,0.0,LOW
Ekavir Keer,6,1,0,1,1,0,0.0,LOW
Jyoti Mangat,6,1,0,1,1,0,0.0,LOW
Yashica Minhas,6,1,0,1,1,0,0.0,LOW
Henry More,6,1,0,1,1,0,0.0,LOW
Unnati Sami,6,1,0,1,1,0,0.0,LOW
Rachana Bhatt,6,1,0,1,1,0,0.0,LOW
Qasim Pathak,6,1,0,1,1,0,0.0,LOW
Janya Reddy,6,1,0,1,1,0,0.0,LOW
Hemangini Mukhopadhyay,6,1,0,1,1,0,0.0,LOW
Eshana Kothari,6,1,0,1,1,0,0.0,LOW
Isaac Sunder,6,1,0,1,1,0,0.0,LOW
Hemani Swamy,6,1,0,1,1,0,0.0,LOW
Upadhriti Talwar,6,1,0,1,1,0,0.0,LOW
Daniel Sachdeva,6,1,0,1,1,0,0.0,LOW
Fiyaz Ganesh,6,1,0,1,1,0,0.0,LOW
Jatin Gera,6,1,0,1,1,0,0.0,LOW
Lucky Sanghvi,6,1,0,1,1,0,0.0,LOW
George Ghosh,6,1,0,1,1,0,0.0,LOW
Dalaja Lata,6,1,0,1,1,0,0.0,LOW
Nicholas Dyal,6,1,0,1,1,0,0.0,LOW
Zilmil Jaggi,6,1,0,1,1,0,0.0,LOW
Nitara Chad,6,1,0,1,1,0,0.0,LOW
Ethan Pandit,6,1,0,1,1,0,0.0,LOW
Irya Khosla,6,1,0,1,1,0,0.0,LOW
Anika More,6,1,0,1,1,0,0.0,LOW
Damini Padmanabhan,6,1,0,1,1,0,0.0,LOW
Yug Dara,6,1,0,1,1,0,0.0,LOW
Ishwar Contractor,6,1,0,1,1,0,0.0,LOW
Nicholas Shan,6,1,0,1,1,0,0.0,LOW
Arin Soman,6,1,0,1,1,0,0.0,LOW
Anay Purohit,6,1,0,1,1,0,0.0,LOW
Nathan Sant,6,1,0,1,1,0,0.0,LOW
Kamala Deshpande,6,1,0,1,1,0,0.0,LOW
Vyanjana Varghese,6,1,0,1,1,0,0.0,LOW
Dipta Bains,6,1,0,1,1,0,0.0,LOW
Dipta Majumdar,6,1,0,1,1,0,0.0,LOW
Advay Ranganathan,6,1,0,1,1,0,0.0,LOW
Charvi Cheema,6,1,0,1,1,0,0.0,LOW
Indrajit Purohit,6,1,0,1,1,0,0.0,LOW
Gaurang Nadkarni,6,1,0,1,1,0,0.0,LOW
Anay Sethi,6,1,0,1,1,0,0.0,LOW
Yashoda Rau,6,1,0,1,1,0,0.0,LOW
Rishi Bobal,6,1,0,1,1,0,0.0,LOW
Ekanta Joshi,6,1,0,1,1,0,0.0,LOW
Anamika Pant,6,1,0,1,1,0,0.0,LOW
Devika Sarna,6,1,0,1,1,0,0.0,LOW
Umang Das,6,1,0,1,1,0,0.0,LOW
Amol Yohannan,6,1,0,1,1,0,0.0,LOW
Owen Ahluwalia,6,1,0,1,1,0,0.0,LOW
Nikita Kapoor,6,1,0,1,1,0,0.0,LOW
Megha Bhatt,6,1,0,1,1,0,0.0,LOW
Gopal Mallick,6,1,0,1,1,0,0.0,LOW
Zashil Kaul,6,1,0,1,1,0,0.0,LOW
Max Kala,6,1,0,1,1,0,0.0,LOW
Samuel Deshmukh,6,1,0,1,1,0,0.0,LOW
Samaksh Patla,6,1,0,1,1,0,0.0,LOW
Benjamin Lal,6,1,0,1,1,0,0.0,LOW
Aadhya Sunder,6,1,0,1,1,0,0.0,LOW
Ayush Chakraborty,6,1,0,1,1,0,0.0,LOW
Lajita D’Alia,6,1,0,1,1,0,0.0,LOW
Banjeet Ramakrishnan,6,1,0,1,1,0,0.0,LOW
Chaitaly Sachdev,6,1,0,1,1,0,0.0,LOW
Varenya Seshadri,6,1,0,1,1,0,0.0,LOW
Vasatika Mandal,6,1,0,1,1,0,0.0,LOW
Chatresh Bhatia,6,1,0,1,1,0,0.0,LOW
Qarin Garde,6,1,0,1,1,0,0.0,LOW
Maanav Mall,6,1,0,1,1,0,0.0,LOW
Lopa Murty,6,1,0,1,1,0,0.0,LOW
Manthan Goswami,6,1,0,1,1,0,0.0,LOW
Krishna Pillai,6,1,0,1,1,0,0.0,LOW
Jalsa Bose,6,1,0,1,1,0,0.0,LOW
Raghav Sood,6,1,0,1,1,0,0.0,LOW
Gaurav Golla,6,1,0,1,1,0,0.0,LOW
Fitan Roy,6,1,0,1,1,0,0.0,LOW
Chanakya Jha,6,1,0,1,1,0,0.0,LOW
Fariq Naik,6,1,0,1,1,0,0.0,LOW
Sarthak Chauhan,6,1,0,1,1,0,0.0,LOW
Faris Ramakrishnan,6,1,0,1,1,0,0.0,LOW
Triveni Dhaliwal,6,1,0,1,1,0,0.0,LOW
Balvan Guha,6,1,0,1,1,0,0.0,LOW
Radha Narasimhan,6,1,0,1,1,0,0.0,LOW
Aryan Modi,6,1,0,1,1,0,0.0,LOW
Odika Manne,6,1,0,1,1,0,0.0,LOW
Vihaan Sahota,6,1,0,1,1,0,0.0,LOW
Jagdish Vaidya,6,1,0,1,1,0,0.0,LOW
Fariq Venkatesh,6,1,0,1,1,0,0.0,LOW
Hemani Aggarwal,6,1,0,1,1,0,0.0,LOW
Yashawini Mandal,6,1,0,1,1,0,0.0,LOW
Tanvi Biswas,6,1,0,1,1,0,0.0,LOW
Bhavani Biswas,6,1,0,1,1,0,0.0,LOW
Sathvik Deshmukh,6,1,0,1,1,0,0.0,LOW
Damini Behl,6,1,0,1,1,0,0.0,LOW
Urishilla Pradhan,6,1,0,1,1,0,0.0,LOW
Gagan Lanka,6,1,0,1,1,0,0.0,LOW
Falguni Banik,6,1,0,1,1,0,0.0,LOW
Neha Goyal,6,1,0,1,1,0,0.0,LOW
Wyatt Varkey,6,1,0,1,1,0,0.0,LOW
Rushil Sani,6,1,0,1,1,0,0.0,LOW
Advaith Balasubramanian,6,1,0,1,1,0,0.0,LOW
Utkarsh Sridhar,6,1,0,1,1,0,0.0,LOW
Arin Mohan,6,1,0,1,1,0,0.0,LOW
Anamika Balakrishnan,6,1,0,1,1,0,0.0,LOW
Dhruv Padmanabhan,6,1,0,1,1,0,0.0,LOW
Upkaar Raju,6,1,0,1,1,0,0.0,LOW
Yash Dash,6,1,0,1,1,0,0.0,LOW
Tanvi Rattan,6,1,0,1,1,0,0.0,LOW
Falan Nagar,6,1,0,1,1,0,0.0,LOW
Varenya Rajagopal,6,1,0,1,1,0,0.0,LOW
Anamika Ganesan,6,1,0,1,1,0,0.0,LOW
Hemani Sastry,6,1,0,1,1,0,0.0,LOW
Jeet Choudhry,6,1,0,1,1,0,0.0,LOW
Leela Date,6,1,0,1,1,0,0.0,LOW
Harinakshi Dixit,6,1,0,1,1,0,0.0,LOW
Jai Patla,6,1,0,1,1,0,0.0,LOW
Reva Murthy,6,1,0,1,1,0,0.0,LOW
Raksha Goel,6,1,0,1,1,0,0.0,LOW
Ekansh Chakraborty,6,1,0,1,1,0,0.0,LOW
Vivaan Munshi,6,1,0,1,1,0,0.0,LOW
Ethan Thaman,6,1,0,1,1,0,0.0,LOW
Pranav Kade,6,1,0,1,1,0,0.0,LOW
Kalpit Murthy,6,1,0,1,1,0,0.0,LOW
Amruta Mannan,6,1,0,1,1,0,0.0,LOW
Maanav Tripathi,6,1,0,1,1,0,0.0,LOW
Nimrat Rao,6,1,0,1,1,0,0.0,LOW
Frederick Gala,6,1,0,1,1,0,0.0,LOW
Finn Mahal,6,1,0,1,1,0,0.0,LOW
Fiyaz Sem,6,1,0,1,1,0,0.0,LOW
Kala Sama,6,1,0,1,1,0,0.0,LOW
Veer Sachdeva,6,1,0,1,1,0,0.0,LOW
Anamika Mutti,6,1,0,1,1,0,0.0,LOW
Ikbal Gopal,6,1,0,1,1,0,0.0,LOW
Wishi Anne,6,1,0,1,1,0,0.0,LOW
Utkarsh Chaudhry,6,1,0,1,1,0,0.0,LOW
Divya Chana,6,1,0,1,1,0,0.0,LOW
Yauvani Chauhan,6,1,0,1,1,0,0.0,LOW
Jonathan Aggarwal,6,1,0,1,1,0,0.0,LOW
Gaurika Narayan,6,1,0,1,1,0,0.0,LOW
Hritik Din,6,1,0,1,1,0,0.0,LOW
Pallavi Vyas,6,1,0,1,1,0,0.0,LOW
Vasatika Minhas,6,1,0,1,1,0,0.0,LOW
Sara Dhawan,6,1,0,1,1,0,0.0,LOW
Umang Kade,6,1,0,1,1,0,0.0,LOW
Samar Nagar,6,1,0,1,1,0,0.0,LOW
Aarnav Kanda,6,1,0,1,1,0,0.0,LOW
Jack Datta,6,1,0,1,1,0,0.0,LOW
Vyanjana Kota,6,1,0,1,1,0,0.0,LOW
Damini Kohli,6,1,0,1,1,0,0.0,LOW
Henry Pall,6,1,0,1,1,0,0.0,LOW
Ryan Bassi,6,1,0,1,1,0,0.0,LOW
Vritti Sandal,6,1,0,1,1,0,0.0,LOW
Arjun Chand,6,1,0,1,1,0,0.0,LOW
Reva Warrior,6,1,0,1,1,0,0.0,LOW
Sai Loyal,6,1,0,1,1,0,0.0,LOW
Kevin Varghese,6,1,0,1,1,0,0.0,LOW
Suhani Nanda,6,1,0,1,1,0,0.0,LOW
Ryan Roy,6,1,0,1,1,0,0.0,LOW
Manbir Dass,6,1,0,1,1,0,0.0,LOW
Jasmit Buch,6,1,0,1,1,0,0.0,LOW
Samaksh Seshadri,6,1,0,1,1,0,0.0,LOW
Zaid Shankar,6,1,0,1,1,0,0.0,LOW
Azaan Sani,6,1,0,1,1,0,0.0,LOW
Vedika Dayal,6,1,0,1,1,0,0.0,LOW
Chandani Kurian,6,1,0,1,1,0,0.0,LOW
Viraj Keer,6,1,0,1,1,0,0.0,LOW
Neha Wason,6,1,0,1,1,0,0.0,LOW
Widisha Hayer,6,1,0,1,1,0,0.0,LOW
Maanav Babu,6,1,0,1,1,0,0.0,LOW
Maanav Shanker,6,1,0,1,1,0,0.0,LOW
Varsha Mandal,6,1,0,1,1,0,0.0,LOW
Dakshesh Raj,6,1,0,1,1,0,0.0,LOW
Atharv Edwin,6,1,0,1,1,0,0.0,LOW
Arjun Raman,6,1,0,1,1,0,0.0,LOW
Harinakshi Sangha,6,1,0,1,1,0,0.0,LOW
Lavanya Kannan,6,1,0,1,1,0,0.0,LOW
Abeer Banik,6,1,0,1,1,0,0.0,LOW
Anita Dewan,6,1,0,1,1,0,0.0,LOW
Pallavi Ahuja,6,1,0,1,1,0,0.0,LOW
Adweta Goyal,6,1,0,1,1,0,0.0,LOW
Wakeeta Konda,6,1,0,1,1,0,0.0,LOW
Peter Goyal,6,1,0,1,1,0,0.0,LOW
Yatin Kakar,6,1,0,1,1,0,0.0,LOW
Bhavika Kaul,6,1,0,1,1,0,0.0,LOW
Luke Rai,6,1,0,1,1,0,0.0,LOW
George Vora,6,1,0,1,1,0,0.0,LOW
Chavvi Thakkar,6,1,0,1,1,0,0.0,LOW
Yashica Goswami,6,1,0,1,1,0,0.0,LOW
Laksh Tata,6,1,0,1,1,0,0.0,LOW
Prisha Pall,6,1,0,1,1,0,0.0,LOW
Xalak Chaudhuri,6,1,0,1,1,0,0.0,LOW
Manthan Prabhakar,6,1,0,1,1,0,0.0,LOW
Adya Tak,6,1,0,1,1,0,0.0,LOW
Vivaan Naik,6,1,0,1,1,0,0.0,LOW
Darpan Butala,6,1,0,1,1,0,0.0,LOW
Qadim Gupta,6,1,0,1,1,0,0.0,LOW
Triya Bhalla,6,1,0,1,1,0,0.0,LOW
Owen Mistry,6,1,0,1,1,0,0.0,LOW
Nihal Lal,6,1,0,1,1,0,0.0,LOW
Wakeeta Pingle,6,1,0,1,1,0,0.0,LOW
Fariq Konda,6,1,0,1,1,0,0.0,LOW
Kalpit Sheth,6,1,0,1,1,0,0.0,LOW
Janani Lala,6,1,0,1,1,0,0.0,LOW
Nicholas Memon,6,1,0,1,1,0,0.0,LOW
Samaksh Krish,6,1,0,1,1,0,0.0,LOW
Gabriel Dube,6,1,0,1,1,0,0.0,LOW
Krish Chaudry,6,1,0,1,1,0,0.0,LOW
Darika Iyengar,6,1,0,1,1,0,0.0,LOW
Balendra Sharma,6,1,0,1,1,0,0.0,LOW
Aryan Reddy,6,1,0,1,1,0,0.0,LOW
Liam Seth,6,1,0,1,1,0,0.0,LOW
Tanay Ranganathan,6,1,0,1,1,0,0.0,LOW
Wakeeta Nigam,6,1,0,1,1,0,0.0,LOW
Neel Varma,6,1,0,1,1,0,0.0,LOW
Balveer De,6,1,0,1,1,0,0.0,LOW
Onveer Nanda,6,1,0,1,1,0,0.0,LOW
Urishilla Palla,6,1,0,1,1,0,0.0,LOW
Hamsini Sen,6,1,0,1,1,0,0.0,LOW
Mekhala Prabhakar,6,1,0,1,1,0,0.0,LOW
Krishna Sarin,6,1,0,1,1,0,0.0,LOW
Priya Handa,6,1,0,1,1,0,0.0,LOW
Umang Srivastava,6,1,0,1,1,0,0.0,LOW
Yatan Gola,6,1,0,1,1,0,0.0,LOW
Samesh Gandhi,6,1,0,1,1,0,0.0,LOW
Rachit Mitter,6,1,0,1,1,0,0.0,LOW
Luke Ravi,6,1,0,1,1,0,0.0,LOW
Rachana Raval,6,1,0,1,1,0,0.0,LOW
Rushil Sankar,6,1,0,1,1,0,0.0,LOW
Vanya Warrior,6,1,0,1,1,0,0.0,LOW
Ekbal Grewal,6,1,0,1,1,0,0.0,LOW
Ishanvi Samra,6,1,0,1,1,0,0.0,LOW
David Dixit,6,1,0,1,1,0,0.0,LOW
Unni Mangat,6,1,0,1,1,0,0.0,LOW
Pavani Gole,6,1,0,1,1,0,0.0,LOW
Gagan Balay,6,1,0,1,1,0,0.0,LOW
Chavvi Singhal,6,1,0,1,1,0,0.0,LOW
Nihal Parikh,6,1,0,1,1,0,0.0,LOW
Omkaar Bhavsar,6,1,0,1,1,0,0.0,LOW
Shravya Tailor,6,1,0,1,1,0,0.0,LOW
Ati Sachar,6,1,0,1,1,0,0.0,LOW
Lekha Buch,6,1,0,1,1,0,0.0,LOW
Abhiram Bava,6,1,0,1,1,0,0.0,LOW
Gaurangi Reddy,6,1,0,1,1,0,0.0,LOW
Vasana Ramaswamy,6,1,0,1,1,0,0.0,LOW
Nilima Kumar,6,1,0,1,1,0,0.0,LOW
Avni Borah,6,1,0,1,1,0,0.0,LOW
Lopa Oak,6,1,0,1,1,0,0.0,LOW
Waida Bains,6,1,0,1,1,0,0.0,LOW
Barkha Talwar,6,1,0,1,1,0,0.0,LOW
Ekanta Chowdhury,6,1,0,1,1,0,0.0,LOW
Amol Salvi,6,1,0,1,1,0,0.0,LOW
Wazir Gopal,6,1,0,1,1,0,0.0,LOW
Ayushman Rana,6,1,0,1,1,0,0.0,LOW
Riya Arya,6,1,0,1,1,0,0.0,LOW
Manan Mohan,6,1,0,1,1,0,0.0,LOW
Azad Korpal,6,1,0,1,1,0,0.0,LOW
Mugdha Dhingra,6,1,0,1,1,0,0.0,LOW
Gautami Dhillon,6,1,0,1,1,0,0.0,LOW
Vasatika Saraf,6,1,0,1,1,0,0.0,LOW
William Ravel,6,1,0,1,1,0,0.0,LOW
Triya Hegde,6,1,0,1,1,0,0.0,LOW
Pallavi Bala,6,1,0,1,1,0,0.0,LOW
Faraj Shan,6,1,0,1,1,0,0.0,LOW
Vivaan Chaudry,6,1,0,1,1,0,0.0,LOW
Advaith Badal,6,1,0,1,1,0,0.0,LOW
Oviya Dhillon,6,1,0,1,1,0,0.0,LOW
Dalbir Nagy,6,1,0,1,1,0,0.0,LOW
Bhanumati Karan,6,1,0,1,1,0,0.0,LOW
Darika Konda,6,1,0,1,1,0,0.0,LOW
Kalpit Bawa,6,1,0,1,1,0,0.0,LOW
Dhriti Lata,6,1,0,1,1,0,0.0,LOW
Thomas Narula,6,1,0,1,1,0,0.0,LOW
Hamsini Swaminathan,6,1,0,1,1,0,0.0,LOW
Gaurav Borra,6,1,0,1,1,0,0.0,LOW
Warhi Sinha,6,1,0,1,1,0,0.0,LOW
Gautami Mand,6,1,0,1,1,0,0.0,LOW
Chasmum Mittal,6,1,0,1,1,0,0.0,LOW
Kevin Dhawan,6,1,0,1,1,0,0.0,LOW
Chaitaly Chauhan,6,1,0,1,1,0,0.0,LOW
Eshana Yohannan,6,1,0,1,1,0,0.0,LOW
Omisha Mallick,6,1,0,1,1,0,0.0,LOW
Balvan Mane,6,1,0,1,1,0,0.0,LOW
Lavanya Aggarwal,6,1,0,1,1,0,0.0,LOW
Kashvi Badami,6,1,0,1,1,0,0.0,LOW
Udant Chandra,6,1,0,1,1,0,0.0,LOW
Vamakshi Shanker,6,1,0,1,1,0,0.0,LOW
Gaurika Salvi,6,1,0,1,1,0,0.0,LOW
Reva Dass,6,1,0,1,1,0,0.0,LOW
Dominic Mall,6,1,0,1,1,0,0.0,LOW
Faqid Toor,6,1,0,1,1,0,0.0,LOW
Chakradhar Dass,6,1,0,1,1,0,0.0,LOW
Oni Mallick,6,1,0,1,1,0,0.0,LOW
Brinda Chakraborty,6,1,0,1,1,0,0.0,LOW
Naveen Bhandari,6,1,0,1,1,0,0.0,LOW
Simon Muni,6,1,0,1,1,0,0.0,LOW
Chaman Tailor,6,1,0,1,1,0,0.0,LOW
Aarini Khare,6,1,0,1,1,0,0.0,LOW
Ojas Ganesh,6,1,0,1,1,0,0.0,LOW
Ridhi Kakar,6,1,0,1,1,0,0.0,LOW
Ucchal Comar,6,1,0,1,1,0,0.0,LOW
Ronith Dave,6,1,0,1,1,0,0.0,LOW
Gunbir Aggarwal,6,1,0,1,1,0,0.0,LOW
Gaurangi Arora,6,1,0,1,1,0,0.0,LOW
Vrinda Mani,6,1,0,1,1,0,0.0,LOW
Dakshesh Chacko,6,1,0,1,1,0,0.0,LOW
Omya Borah,6,1,0,1,1,0,0.0,LOW
Kamala Patla,6,1,0,1,1,0,0.0,LOW
Aahana Mandal,6,1,0,1,1,0,0.0,LOW
Triya Bhardwaj,6,1,0,1,1,0,0.0,LOW
Abhiram Aurora,6,1,0,1,1,0,0.0,LOW
Eshana Ganesan,6,1,0,1,1,0,0.0,LOW
Charvi Kashyap,6,1,0,1,1,0,0.0,LOW
Raksha Suresh,6,1,0,1,1,0,0.0,LOW
Ishita Oak,6,1,0,1,1,0,0.0,LOW
Widisha Varma,6,1,0,1,1,0,0.0,LOW
Damini Zachariah,6,1,0,1,1,0,0.0,LOW
Gaurika Choudhry,6,1,0,1,1,0,0.0,LOW
Raksha Agate,6,1,0,1,1,0,0.0,LOW
Maanav Sood,6,1,0,1,1,0,0.0,LOW
Saksham Apte,6,1,0,1,1,0,0.0,LOW
Bhavani Balan,6,1,0,1,1,0,0.0,LOW
Bhavna Doctor,6,1,0,1,1,0,0.0,LOW
Quincy Savant,6,1,0,1,1,0,0.0,LOW
Neelima Bhakta,6,1,0,1,1,0,0.0,LOW
Ira Boase,6,1,0,1,1,0,0.0,LOW
Shivansh Pandit,6,1,0,1,1,0,0.0,LOW
Dhruv Nadkarni,6,1,0,1,1,0,0.0,LOW
Ishwar Deo,6,1,0,1,1,0,0.0,LOW
Vrishti Tiwari,6,1,0,1,1,0,0.0,LOW
Vasana Mohanty,6,1,0,1,1,0,0.0,LOW
Maanas Comar,6,1,0,1,1,0,0.0,LOW
Manya Desai,6,1,0,1,1,0,0.0,LOW
Mason Shenoy,6,1,0,1,1,0,0.0,LOW
Harrison Seshadri,6,1,0,1,1,0,0.0,LOW
Banjeet Oak,6,1,0,1,1,0,0.0,LOW
Amruta Ahuja,6,1,0,1,1,0,0.0,LOW
Indrajit Setty,6,1,0,1,1,0,0.0,LOW
Qadim Memon,6,1,0,1,1,0,0.0,LOW
Vedhika Ramakrishnan,6,1,0,1,1,0,0.0,LOW
Faras Konda,6,1,0,1,1,0,0.0,LOW
Tarak Rama,6,1,0,1,1,0,0.0,LOW
Maanas Badami,6,1,0,1,1,0,0.0,LOW
Vyanjana Suresh,6,1,0,1,1,0,0.0,LOW
Faraj Gaba,6,1,0,1,1,0,0.0,LOW
Chanchal Talwar,6,1,0,1,1,0,0.0,LOW
Ekaja Trivedi,6,1,0,1,1,0,0.0,LOW
Tanmayi Padmanabhan,6,1,0,1,1,0,0.0,LOW
Ekaja Chawla,6,1,0,1,1,0,0.0,LOW
Vamakshi Uppal,6,1,0,1,1,0,0.0,LOW
Upma Krishnamurthy,6,1,0,1,1,0,0.0,LOW
Vanya Rout,6,1,0,1,1,0,0.0,LOW
Nathaniel Mani,6,1,0,1,1,0,0.0,LOW
Gopal Garg,6,1,0,1,1,0,0.0,LOW
Quincy Ganguly,6,1,0,1,1,0,0.0,LOW
Max Chahal,6,1,0,1,1,0,0.0,LOW
Avni Dash,6,1,0,1,1,0,0.0,LOW
Udant Dhar,6,1,0,1,1,0,0.0,LOW
Dalaja Divan,6,1,0,1,1,0,0.0,LOW
Bhavna Nori,6,1,0,1,1,0,0.0,LOW
Indrajit Wason,6,1,0,1,1,0,0.0,LOW
Ranbir Chawla,6,1,0,1,1,0,0.0,LOW
Lila Oommen,6,1,0,1,1,0,0.0,LOW
Hemangini Brahmbhatt,6,1,0,1,1,0,0.0,LOW
Fitan Dhawan,6,1,0,1,1,0,0.0,LOW
Praneel Ramesh,6,1,0,1,1,0,0.0,LOW
Sudiksha Madan,6,1,0,1,1,0,0.0,LOW
Azaan Kale,6,1,0,1,1,0,0.0,LOW
Rajeshri Tara,6,1,0,1,1,0,0.0,LOW
Akshay Yohannan,6,1,0,1,1,0,0.0,LOW
Tamanna Randhawa,6,1,0,1,1,0,0.0,LOW
Turvi Modi,6,1,0,1,1,0,0.0,LOW
Harinakshi Dara,6,1,0,1,1,0,0.0,LOW
Faris Mohan,6,1,0,1,1,0,0.0,LOW
Chameli Viswanathan,6,1,0,1,1,0,0.0,LOW
Kiaan Shere,6,1,0,1,1,0,0.0,LOW
Zarna Chaudhry,6,1,0,1,1,0,0.0,LOW
Kiaan Wason,6,1,0,1,1,0,0.0,LOW
Baghyawati Lad,6,1,0,1,1,0,0.0,LOW
Urvashi Chanda,6,1,0,1,1,0,0.0,LOW
Mitesh Bhatti,6,1,0,1,1,0,0.0,LOW
Utkarsh Khanna,6,1,0,1,1,0,0.0,LOW
Ranveer Tripathi,6,1,0,1,1,0,0.0,LOW
Hemang Mohan,6,1,0,1,1,0,0.0,LOW
Arunima Kara,6,1,0,1,1,0,0.0,LOW
Gaurav Kapur,6,1,0,1,1,0,0.0,LOW
Aarush Reddy,6,1,0,1,1,0,0.0,LOW
Lohit Atwal,6,1,0,1,1,0,0.0,LOW
Dalbir Rau,6,1,0,1,1,0,0.0,LOW
Vivaan Kala,6,1,0,1,1,0,0.0,LOW
Daksha Jani,6,1,0,1,1,0,0.0,LOW
Nachiket Prashad,6,1,0,1,1,0,0.0,LOW
Prisha Khurana,6,1,0,1,1,0,0.0,LOW
Udant Tailor,6,1,0,1,1,0,0.0,LOW
Bina Shan,6,1,0,1,1,0,0.0,LOW
Sudiksha Wali,6,1,0,1,1,0,0.0,LOW
Baljiwan Sha,6,1,0,1,1,0,0.0,LOW
Siya Edwin,6,1,0,1,1,0,0.0,LOW
Harshil Raghavan,6,1,0,1,1,0,0.0,LOW
Zilmil Loke,6,1,0,1,1,0,0.0,LOW
Avi Puri,6,1,0,1,1,0,0.0,LOW
Devansh Naik,6,1,0,1,1,0,0.0,LOW
Jasmit Joshi,6,1,0,1,1,0,0.0,LOW
Yauvani Shenoy,6,1,0,1,1,0,0.0,LOW
Anirudh Chada,6,1,0,1,1,0,0.0,LOW
Matthew Amble,6,1,0,1,1,0,0.0,LOW
Abha Mukherjee,6,1,0,1,1,0,0.0,LOW
Hemani Shenoy,6,1,0,1,1,0,0.0,LOW
Lavanya Raghavan,6,1,0,1,1,0,0.0,LOW
Hemang Kumer,6,1,0,1,1,0,0.0,LOW
Advik Rau,6,1,0,1,1,0,0.0,LOW
Abhimanyu Chatterjee,6,1,0,1,1,0,0.0,LOW
Frederick Lalla,6,1,0,1,1,0,0.0,LOW
Januja Chopra,6,1,0,1,1,0,0.0,LOW
Krishna Kari,6,1,0,1,1,0,0.0,LOW
Jeevika Loke,6,1,0,1,1,0,0.0,LOW
Widisha Solanki,6,1,0,1,1,0,0.0,LOW
Vanya Bhandari,6,1,0,1,1,0,0.0,LOW
Viraj Narayan,6,1,0,1,1,0,0.0,LOW
Lohit Pal,6,1,0,1,1,0,0.0,LOW
Harini Mohan,6,1,0,1,1,0,0.0,LOW
Bakhshi Kala,6,1,0,1,1,0,0.0,LOW
Bhanumati Dhillon,6,1,0,1,1,0,0.0,LOW
Henry Balasubramanian,6,1,0,1,1,0,0.0,LOW
Mason Krishnamurthy,6,1,0,1,1,0,0.0,LOW
Turvi Narang,6,1,0,1,1,0,0.0,LOW
Brijesh Subramanian,6,1,0,1,1,0,0.0,LOW
William Virk,6,1,0,1,1,0,0.0,LOW
Nirja Krishnan,6,1,0,1,1,0,0.0,LOW
Lekha Raman,6,1,0,1,1,0,0.0,LOW
Warjas Sathe,6,1,0,1,1,0,0.0,LOW
Kamala Thaker,6,1,0,1,1,0,0.0,LOW
Urvashi Dara,6,1,0,1,1,0,0.0,LOW
Upasna Goel,6,1,0,1,1,0,0.0,LOW
Ronith Hayre,6,1,0,1,1,0,0.0,LOW
Hemangini Rama,6,1,0,1,1,0,0.0,LOW
Onkar Pau,6,1,0,1,1,0,0.0,LOW
Netra Mutti,6,1,0,1,1,0,0.0,LOW
Rushil Sekhon,6,1,0,1,1,0,0.0,LOW
Bhanumati Savant,6,1,0,1,1,0,0.0,LOW
Edhitha Dave,6,1,0,1,1,0,0.0,LOW
Champak Vyas,6,1,0,1,1,0,0.0,LOW
Upasna Bhattacharyya,6,1,0,1,1,0,0.0,LOW
Dakshesh Subramanian,6,1,0,1,1,0,0.0,LOW
Wridesh Shroff,6,1,0,1,1,0,0.0,LOW
Fitan Manne,6,1,0,1,1,0,0.0,LOW
Wahab Kaul,6,1,0,1,1,0,0.0,LOW
Manbir Patil,6,1,0,1,1,0,0.0,LOW
Dhriti Karan,6,1,0,1,1,0,0.0,LOW
Rayaan Gandhi,6,1,0,1,1,0,0.0,LOW
Robert Sandhu,6,1,0,1,1,0,0.0,LOW
Aarush Jha,6,1,0,1,1,0,0.0,LOW
Harish Ghose,6,1,0,1,1,0,0.0,LOW
Kabir Chaudhry,6,1,0,1,1,0,0.0,LOW
Advik Gaba,6,1,0,1,1,0,0.0,LOW
Anika Boase,6,1,0,1,1,0,0.0,LOW
Charan Thaker,6,1,0,1,1,0,0.0,LOW
Zayan Deol,6,1,0,1,1,0,0.0,LOW
Dipta Patil,6,1,0,1,1,0,0.0,LOW
Alka Salvi,6,1,0,1,1,0,0.0,LOW
Anita Srinivas,6,1,0,1,1,0,0.0,LOW
Robert Sachar,6,1,0,1,1,0,0.0,LOW
Devansh Lanka,6,1,0,1,1,0,0.0,LOW
Lipika Batta,6,1,0,1,1,0,0.0,LOW
Laksh Sanghvi,6,1,0,1,1,0,0.0,LOW
Lucky Banik,6,1,0,1,1,0,0.0,LOW
Noah Shere,6,1,0,1,1,0,0.0,LOW
Liam Sangha,6,1,0,1,1,0,0.0,LOW
Shivansh Dave,6,1,0,1,1,0,0.0,LOW
Theodore Kannan,6,1,0,1,1,0,0.0,LOW
Riya Chhabra,6,1,0,1,1,0,0.0,LOW
Hardik Naidu,6,1,0,1,1,0,0.0,LOW
Ira Narayanan,6,1,0,1,1,0,0.0,LOW
Dipta Bhatt,6,1,0,1,1,0,0.0,LOW
Urishilla Parmar,6,1,0,1,1,0,0.0,LOW
Aashi Bahl,6,1,0,1,1,0,0.0,LOW
Radhika Mander,6,1,0,1,1,0,0.0,LOW
Yug Chowdhury,6,1,0,1,1,0,0.0,LOW
Hemangini Andra,6,1,0,1,1,0,0.0,LOW
Hardik Dugal,6,1,0,1,1,0,0.0,LOW
Krish Dewan,6,1,0,1,1,0,0.0,LOW
Oeshi Balasubramanian,6,1,0,1,1,0,0.0,LOW
Bina Issac,6,1,0,1,1,0,0.0,LOW
Idika Chander,6,1,0,1,1,0,0.0,LOW
Mohammed Samra,6,1,0,1,1,0,0.0,LOW
Devika Walia,6,1,0,1,1,0,0.0,LOW
Adya Das,6,1,0,1,1,0,0.0,LOW
Aarush Atwal,6,1,0,1,1,0,0.0,LOW
Gaurika Srinivas,6,1,0,1,1,0,0.0,LOW
Max Bandi,6,1,0,1,1,0,0.0,LOW
Falak Verma,6,1,0,1,1,0,0.0,LOW
Gaurang Balakrishnan,6,1,0,1,1,0,0.0,LOW
Hredhaan Ramaswamy,6,1,0,1,1,0,0.0,LOW
Maanas Gour,6,1,0,1,1,0,0.0,LOW
Varenya Kota,6,1,0,1,1,0,0.0,LOW
Girindra Joshi,6,1,0,1,1,0,0.0,LOW
Nathaniel Parmar,6,1,0,1,1,0,0.0,LOW
Pratyush Konda,6,1,0,1,1,0,0.0,LOW
Veer Narayanan,6,1,0,1,1,0,0.0,LOW
Ishaan Kata,6,1,0,1,1,0,0.0,LOW
Chatresh Ratta,6,1,0,1,1,0,0.0,LOW
Hitesh Sharma,6,1,0,1,1,0,0.0,LOW
Shivansh Yadav,6,1,0,1,1,0,0.0,LOW
Varsha Nadkarni,6,1,0,1,1,0,0.0,LOW
Saanvi Chad,6,1,0,1,1,0,0.0,LOW
Abeer Pall,6,1,0,1,1,0,0.0,LOW
Bhavini Atwal,6,1,0,1,1,0,0.0,LOW
Liam Puri,6,1,0,1,1,0,0.0,LOW
Brinda Saxena,6,1,0,1,1,0,0.0,LOW
Prisha Dhaliwal,6,1,0,1,1,0,0.0,LOW
Nihal Kuruvilla,6,1,0,1,1,0,0.0,LOW
Warinder Ray,6,1,0,1,1,0,0.0,LOW
Yashawini Shenoy,6,1,0,1,1,0,0.0,LOW
Shivani Bora,6,1,0,1,1,0,0.0,LOW
Avni Nayar,6,1,0,1,1,0,0.0,LOW
Madhavi Srinivas,6,1,0,1,1,0,0.0,LOW
Oliver Walla,6,1,0,1,1,0,0.0,LOW
Hitesh Natarajan,6,1,0,1,1,0,0.0,LOW
Devika Walla,6,1,0,1,1,0,0.0,LOW
Dominic Patil,6,1,0,1,1,0,0.0,LOW
Harinakshi Vig,6,1,0,1,1,0,0.0,LOW
Vihaan Chatterjee,6,1,0,1,1,0,0.0,LOW
Timothy Rout,6,1,0,1,1,0,0.0,LOW
Aarush Chakraborty,6,1,0,1,1,0,0.0,LOW
Ati Peri,6,1,0,1,1,0,0.0,LOW
Nicholas Nanda,6,1,0,1,1,0,0.0,LOW
Chasmum Grover,6,1,0,1,1,0,0.0,LOW
Raagini Sathe,6,1,0,1,1,0,0.0,LOW
Lopa Acharya,6,1,0,1,1,0,0.0,LOW
Waida Dasgupta,6,1,0,1,1,0,0.0,LOW
Ranbir Parikh,6,1,0,1,1,0,0.0,LOW
David Savant,6,1,0,1,1,0,0.0,LOW
Harita Muni,6,1,0,1,1,0,0.0,LOW
Hemal Agarwal,6,1,0,1,1,0,0.0,LOW
Charles Sharaf,6,1,0,1,1,0,0.0,LOW
Balendra Baria,6,1,0,1,1,0,0.0,LOW
Chatresh Sundaram,6,1,0,1,1,0,0.0,LOW
Shivani Balakrishnan,6,1,0,1,1,0,0.0,LOW
Nidra Pradhan,6,1,0,1,1,0,0.0,LOW
Isaac Chandran,6,1,0,1,1,0,0.0,LOW
Fariq Puri,6,1,0,1,1,0,0.0,LOW
Tamanna Chandra,6,1,0,1,1,0,0.0,LOW
Frederick Sha,6,1,0,1,1,0,0.0,LOW
Nidra Kibe,6,1,0,1,1,0,0.0,LOW
Darika Lata,6,1,0,1,1,0,0.0,LOW
Vrishti Borah,6,1,0,1,1,0,0.0,LOW
Jairaj Bala,6,1,0,1,1,0,0.0,LOW
Priya Nigam,6,1,0,1,1,0,0.0,LOW
Jackson Mittal,6,1,0,1,1,0,0.0,LOW
Anthony Gola,6,1,0,1,1,0,0.0,LOW
Darika Dora,6,1,0,1,1,0,0.0,LOW
Devika Panchal,6,1,0,1,1,0,0.0,LOW
Chanakya Loyal,6,1,0,1,1,0,0.0,LOW
Ekalinga Dugar,6,1,0,1,1,0,0.0,LOW
Chandresh Batta,6,1,0,1,1,0,0.0,LOW
Bhavani Prakash,6,1,0,1,1,0,0.0,LOW
Kashish Anand,6,1,0,1,1,0,0.0,LOW
Ekaja Hayer,6,1,0,1,1,0,0.0,LOW
Urvi Rege,6,1,0,1,1,0,0.0,LOW
Faqid Sampath,6,1,0,1,1,0,0.0,LOW
Kashvi Viswanathan,6,1,0,1,1,0,0.0,LOW
Ekantika Koshy,6,1,0,1,1,0,0.0,LOW
Keya Nazareth,6,1,0,1,1,0,0.0,LOW
Leela Memon,6,1,0,1,1,0,0.0,LOW
Vinaya Bhargava,6,1,0,1,1,0,0.0,LOW
Gavin Roy,6,1,0,1,1,0,0.0,LOW
Maya Garg,6,1,0,1,1,0,0.0,LOW
Gauri Kapoor,6,1,0,1,1,0,0.0,LOW
Ekantika Iyer,6,1,0,1,1,0,0.0,LOW
Daniel Thaker,6,1,0,1,1,0,0.0,LOW
Yuvraj Lala,6,1,0,1,1,0,0.0,LOW
Tamanna Chander,6,1,0,1,1,0,0.0,LOW
Owen Dhingra,6,1,0,1,1,0,0.0,LOW
Damyanti Pradhan,6,1,0,1,1,0,0.0,LOW
Ishaan Dugal,6,1,0,1,1,0,0.0,LOW
Patrick Karnik,6,1,0,1,1,0,0.0,LOW
Balvan Amble,6,1,0,1,1,0,0.0,LOW
Nilima Gara,6,1,0,1,1,0,0.0,LOW
Libni Karan,6,1,0,1,1,0,0.0,LOW
Reva Biswas,6,1,0,1,1,0,0.0,LOW
Harinakshi Sagar,6,1,0,1,1,0,0.0,LOW
Panini Sur,6,1,0,1,1,0,0.0,LOW
Michael Mukherjee,6,1,0,1,1,0,0.0,LOW
Rudra Rajan,6,1,0,1,1,0,0.0,LOW
Aashi Mohan,6,1,0,1,1,0,0.0,LOW
Arin Uppal,6,1,0,1,1,0,0.0,LOW
Chameli Chandran,6,1,0,1,1,0,0.0,LOW
Garima Sankar,6,1,0,1,1,0,0.0,LOW
Oeshi Jayaraman,6,1,0,1,1,0,0.0,LOW
Tejas Anne,6,1,0,1,1,0,0.0,LOW
Tanish Varma,6,1,0,1,1,0,0.0,LOW
Harsh Mannan,6,1,0,1,1,0,0.0,LOW
Manya Sen,6,1,0,1,1,0,0.0,LOW
Ansh Magar,6,1,0,1,1,0,0.0,LOW
Vedika Puri,6,1,0,1,1,0,0.0,LOW
Bimala Goel,6,1,0,1,1,0,0.0,LOW
Nakul Puri,6,1,0,1,1,0,0.0,LOW
Tamanna Sheth,6,1,0,1,1,0,0.0,LOW
Joshua Dutt,6,1,0,1,1,0,0.0,LOW
Charan Sachar,6,1,0,1,1,0,0.0,LOW
Zilmil Sahni,6,1,0,1,1,0,0.0,LOW
Tara Raval,6,1,0,1,1,0,0.0,LOW
Varsha Maharaj,6,1,0,1,1,0,0.0,LOW
Qushi Raj,6,1,0,1,1,0,0.0,LOW
Benjamin Chand,6,1,0,1,1,0,0.0,LOW
Harish Dhillon,6,1,0,1,1,0,0.0,LOW
Lucky Rana,6,1,0,1,1,0,0.0,LOW
Nimrat Bhat,6,1,0,1,1,0,0.0,LOW
Ishaan Handa,6,1,0,1,1,0,0.0,LOW
Jack Kalla,6,1,0,1,1,0,0.0,LOW
Pranit Koshy,6,1,0,1,1,0,0.0,LOW
Gauri Balay,6,1,0,1,1,0,0.0,LOW
Ethan Narayan,6,1,0,1,1,0,0.0,LOW
Krish Upadhyay,6,1,0,1,1,0,0.0,LOW
Bina Varkey,6,1,0,1,1,0,0.0,LOW
Rudra Sandhu,6,1,0,1,1,0,0.0,LOW
Isaac Doctor,6,1,0,1,1,0,0.0,LOW
Yauvani Rajan,6,1,0,1,1,0,0.0,LOW
Gaurika Borde,6,1,0,1,1,0,0.0,LOW
Daksha Dhar,6,1,0,1,1,0,0.0,LOW
Chakradhar Sridhar,6,1,0,1,1,0,0.0,LOW
Aradhana Chopra,6,1,0,1,1,0,0.0,LOW
Azad Nagarajan,6,1,0,1,1,0,0.0,LOW
Pooja Narula,6,1,0,1,1,0,0.0,LOW
Mitesh Nayar,6,1,0,1,1,0,0.0,LOW
Anika Kothari,6,1,0,1,1,0,0.0,LOW
Nitesh Tara,6,1,0,1,1,0,0.0,LOW
Ubika Sant,6,1,0,1,1,0,0.0,LOW
Jagat Grover,6,1,0,1,1,0,0.0,LOW
Chandani Borde,6,1,0,1,1,0,0.0,LOW
Januja Pandey,6,1,0,1,1,0,0.0,LOW
Inaya Sha,6,1,0,1,1,0,0.0,LOW
Bina Chatterjee,6,1,0,1,1,0,0.0,LOW
Zaitra Edwin,6,1,0,1,1,0,0.0,LOW
Jeevika More,6,1,0,1,1,0,0.0,LOW
Vedika Dasgupta,6,1,0,1,1,0,0.0,LOW
Harsh Issac,6,1,0,1,1,0,0.0,LOW
Lipika Venkataraman,6,1,0,1,1,0,0.0,LOW
Ojas Sawhney,6,1,0,1,1,0,0.0,LOW
Turvi Mann,6,1,0,1,1,0,0.0,LOW
Tanay Kara,6,1,0,1,1,0,0.0,LOW
Aashi Khatri,6,1,0,1,1,0,0.0,LOW
Kalpit Ravi,6,1,0,1,1,0,0.0,LOW
Oviya Zachariah,6,1,0,1,1,0,0.0,LOW
Ria Chaudry,6,1,0,1,1,0,0.0,LOW
Bhavani Krishna,6,1,0,1,1,0,0.0,LOW
Triveni Kapadia,6,1,0,1,1,0,0.0,LOW
Charan Madan,6,1,0,1,1,0,0.0,LOW
Falguni Baria,6,1,0,1,1,0,0.0,LOW
Rudra Kale,6,1,0,1,1,0,0.0,LOW
Upasna Bera,6,1,0,1,1,0,0.0,LOW
Anmol Doctor,6,1,0,1,1,0,0.0,LOW
Ekaraj Walia,6,1,0,1,1,0,0.0,LOW
Gavin Tara,6,1,0,1,1,0,0.0,LOW
Timothy Dora,6,1,0,1,1,0,0.0,LOW
Ekani Lanka,6,1,0,1,1,0,0.0,LOW
Ekanta Datta,6,1,0,1,1,0,0.0,LOW
Odika Mani,6,1,0,1,1,0,0.0,LOW
Rishi Thaman,6,1,0,1,1,0,0.0,LOW
Jasmit Tank,6,1,0,1,1,0,0.0,LOW
Gaurav Parmer,6,1,0,1,1,0,0.0,LOW
Bhavna Kant,6,1,0,1,1,0,0.0,LOW
Dominic Pathak,6,1,0,1,1,0,0.0,LOW
Kashish Sood,6,1,0,1,1,0,0.0,LOW
Aishani Bali,6,1,0,1,1,0,0.0,LOW
Ira Chakraborty,6,1,0,1,1,0,0.0,LOW
Amrita Dubey,6,1,0,1,1,0,0.0,LOW
Ekaraj Sen,6,1,0,1,1,0,0.0,LOW
Balendra Munshi,6,1,0,1,1,0,0.0,LOW
Priya Dube,6,1,0,1,1,0,0.0,LOW
Vamakshi Kara,6,1,0,1,1,0,0.0,LOW
Nikita Deo,6,1,0,1,1,0,0.0,LOW
Baljiwan Konda,6,1,0,1,1,0,0.0,LOW
Chanakya Naidu,6,1,0,1,1,0,0.0,LOW
Chandran Dave,6,1,0,1,1,0,0.0,LOW
Adweta Nair,6,1,0,1,1,0,0.0,LOW
Ridhi Gera,6,1,0,1,1,0,0.0,LOW
Charles Bansal,6,1,0,1,1,0,0.0,LOW
Ekiya Chatterjee,6,1,0,1,1,0,0.0,LOW
Banjeet Edwin,6,1,0,1,1,0,0.0,LOW
Krisha Chhabra,6,1,0,1,1,0,0.0,LOW
Balendra Mitra,6,1,0,1,1,0,0.0,LOW
Nihal Sahota,6,1,0,1,1,0,0.0,LOW
Samarth Lanka,6,1,0,1,1,0,0.0,LOW
Girik Bhatia,6,1,0,1,1,0,0.0,LOW
Zayan Rana,6,1,0,1,1,0,0.0,LOW
Damyanti Barad,6,1,0,1,1,0,0.0,LOW
Lakshmi Loke,6,1,0,1,1,0,0.0,LOW
Ira Narula,6,1,0,1,1,0,0.0,LOW
Watika Mammen,6,1,0,1,1,0,0.0,LOW
Fariq Rastogi,6,1,0,1,1,0,0.0,LOW
Shravya Toor,6,1,0,1,1,0,0.0,LOW
Triveni Chada,6,1,0,1,1,0,0.0,LOW
Tarak Mall,6,1,0,1,1,0,0.0,LOW
Oeshi Dey,6,1,0,1,1,0,0.0,LOW
Aarna Uppal,6,1,0,1,1,0,0.0,LOW
Harita Chopra,6,1,0,1,1,0,0.0,LOW
Pooja Baria,6,1,0,1,1,0,0.0,LOW
Varsha Kakar,6,1,0,1,1,0,0.0,LOW
Lopa Narain,6,1,0,1,1,0,0.0,LOW
Daksh Desai,6,1,0,1,1,0,0.0,LOW
Bachittar Keer,6,1,0,1,1,0,0.0,LOW
Indali Roy,6,1,0,1,1,0,0.0,LOW
Arin Patil,6,1,0,1,1,0,0.0,LOW
Rishi Balay,6,1,0,1,1,0,0.0,LOW
Dipta Nigam,6,1,0,1,1,0,0.0,LOW
Nakul Bansal,6,1,0,1,1,0,0.0,LOW
Jeremiah Joshi,6,1,0,1,1,0,0.0,LOW
Shivansh Chacko,6,1,0,1,1,0,0.0,LOW
Chanchal Pandey,6,1,0,1,1,0,0.0,LOW
Veda Das,6,1,0,1,1,0,0.0,LOW
Chavvi Manda,6,1,0,1,1,0,0.0,LOW
Yug Narayan,6,1,0,1,1,0,0.0,LOW
Sarthak Amble,6,1,0,1,1,0,0.0,LOW
Viraj Doshi,6,1,0,1,1,0,0.0,LOW
Agastya Bhandari,6,1,0,1,1,0,0.0,LOW
Owen Aurora,6,1,0,1,1,0,0.0,LOW
Tanvi Kara,6,1,0,1,1,0,0.0,LOW
Farhan Grover,6,1,0,1,1,0,0.0,LOW
Aarna Thakur,6,1,0,1,1,0,0.0,LOW
Yahvi Bahl,6,1,0,1,1,0,0.0,LOW
Kala Palla,6,1,0,1,1,0,0.0,LOW
Bhavna Hans,6,1,0,1,1,0,0.0,LOW
Urvashi Lall,6,1,0,1,1,0,0.0,LOW
Ekiya Kothari,6,1,0,1,1,0,0.0,LOW
Hitesh Pillay,6,1,0,1,1,0,0.0,LOW
Raksha Kakar,6,1,0,1,1,0,0.0,LOW
Prisha Srinivasan,6,1,0,1,1,0,0.0,LOW
Ekaja Kant,6,1,0,1,1,0,0.0,LOW
Anika Nigam,6,1,0,1,1,0,0.0,LOW
Vyanjana Dubey,6,1,0,1,1,0,0.0,LOW
Lakshit Kuruvilla,6,1,0,1,1,0,0.0,LOW
Hamsini Chatterjee,6,1,0,1,1,0,0.0,LOW
Varsha Dhawan,6,1,0,1,1,0,0.0,LOW
Charvi Bath,6,1,0,1,1,0,0.0,LOW
Liam Hora,6,1,0,1,1,0,0.0,LOW
Balendra Gour,6,1,0,1,1,0,0.0,LOW
Logan Chanda,6,1,0,1,1,0,0.0,LOW
Anita Grover,6,1,0,1,1,0,0.0,LOW
Nikita Kota,6,1,0,1,1,0,0.0,LOW
Zaitra Nadig,6,1,0,1,1,0,0.0,LOW
Vanya Sidhu,6,1,0,1,1,0,0.0,LOW
Anika Grewal,6,1,0,1,1,0,0.0,LOW
Dipta Keer,6,1,0,1,1,0,0.0,LOW
Pavani Mishra,6,1,0,1,1,0,0.0,LOW
Advika Sampath,6,1,0,1,1,0,0.0,LOW
Aarush Pau,6,1,0,1,1,0,0.0,LOW
Vanya Ram,6,1,0,1,1,0,0.0,LOW
Nathaniel Nagy,6,1,0,1,1,0,0.0,LOW
Nimrat Shanker,6,1,0,1,1,0,0.0,LOW
Wyatt Babu,6,1,0,1,1,0,0.0,LOW
Ayushman Wadhwa,6,1,0,1,1,0,0.0,LOW
Pranit Bakshi,6,1,0,1,1,0,0.0,LOW
Sanya Deshpande,6,1,0,1,1,0,0.0,LOW
Manbir Vala,6,1,0,1,1,0,0.0,LOW
Amara Vala,6,1,0,1,1,0,0.0,LOW
Yatin Singhal,6,1,0,1,1,0,0.0,LOW
Jeremiah Deep,6,1,0,1,1,0,0.0,LOW
Amol Gulati,6,1,0,1,1,0,0.0,LOW
Ekantika Bhargava,6,1,0,1,1,0,0.0,LOW
Tejas Sawhney,6,1,0,1,1,0,0.0,LOW
Raghav Srinivasan,6,1,0,1,1,0,0.0,LOW
Charita Saran,6,1,0,1,1,0,0.0,LOW
Indrajit Dhar,6,1,0,1,1,0,0.0,LOW
Girish Hegde,6,1,0,1,1,0,0.0,LOW
Amaira Murthy,6,1,0,1,1,0,0.0,LOW
Lipika Behl,6,1,0,1,1,0,0.0,LOW
Nidhi Gera,6,1,0,1,1,0,0.0,LOW
Frado Edwin,6,1,0,1,1,0,0.0,LOW
Chanchal Tandon,6,1,0,1,1,0,0.0,LOW
Teerth Kakar,6,1,0,1,1,0,0.0,LOW
Owen Dhaliwal,6,1,0,1,1,0,0.0,LOW
Mitali Nazareth,6,1,0,1,1,0,0.0,LOW
Devika Virk,6,1,0,1,1,0,0.0,LOW
Lopa Lall,6,1,0,1,1,0,0.0,LOW
Isaiah Choudhary,6,1,0,1,1,0,0.0,LOW
Raksha Mittal,6,1,0,1,1,0,0.0,LOW
Vasatika Chanda,6,1,0,1,1,0,0.0,LOW
Ryan Narasimhan,6,1,0,1,1,0,0.0,LOW
Eta Krishnan,6,1,0,1,1,0,0.0,LOW
Jalsa Merchant,6,1,0,1,1,0,0.0,LOW
Deepa Khare,6,1,0,1,1,0,0.0,LOW
Tanveer Aggarwal,6,1,0,1,1,0,0.0,LOW
Prisha Sharma,6,1,0,1,1,0,0.0,LOW
Harita Pradhan,6,1,0,1,1,0,0.0,LOW
Triya Dixit,6,1,0,1,1,0,0.0,LOW
Alka Amble,6,1,0,1,1,0,0.0,LOW
Chandresh Sampath,6,1,0,1,1,0,0.0,LOW
Manbir Karan,6,1,0,1,1,0,0.0,LOW
Varsha Seshadri,6,1,0,1,1,0,0.0,LOW
Sachi Chander,6,1,0,1,1,0,0.0,LOW
Aishani Chhabra,6,1,0,1,1,0,0.0,LOW
Daksha Ravi,6,1,0,1,1,0,0.0,LOW
Omisha Gulati,6,1,0,1,1,0,0.0,LOW
Leela Gaba,6,1,0,1,1,0,0.0,LOW
Radha Venkataraman,6,1,0,1,1,0,0.0,LOW
Max Agrawal,6,1,0,1,1,0,0.0,LOW
Neelima Kalita,6,1,0,1,1,0,0.0,LOW
Nilima Gour,6,1,0,1,1,0,0.0,LOW
Leela Chatterjee,6,1,0,1,1,0,0.0,LOW
Nidra Bhat,6,1,0,1,1,0,0.0,LOW
Wyatt Srinivasan,6,1,0,1,1,0,0.0,LOW
Victor Kade,6,1,0,1,1,0,0.0,LOW
Odika Issac,6,1,0,1,1,0,0.0,LOW
Dhriti Halder,6,1,0,1,1,0,0.0,LOW
Advay Natt,6,1,0,1,1,0,0.0,LOW
Vanya Rai,6,1,0,1,1,0,0.0,LOW
Ganga Ramanathan,6,1,0,1,1,0,0.0,LOW
Hiral Kumer,6,1,0,1,1,0,0.0,LOW
Faraj Dugar,6,1,0,1,1,0,0.0,LOW
Wazir Walia,6,1,0,1,1,0,0.0,LOW
Adweta Nagar,6,1,0,1,1,0,0.0,LOW
Alexander Sampath,6,1,0,1,1,0,0.0,LOW
Kashish Golla,6,1,0,1,1,0,0.0,LOW
Tarak Oommen,6,1,0,1,1,0,0.0,LOW
Unni Kalita,6,1,0,1,1,0,0.0,LOW
Theodore Ahluwalia,6,1,0,1,1,0,0.0,LOW
Owen Edwin,6,1,0,1,1,0,0.0,LOW
Eshana Konda,6,1,0,1,1,0,0.0,LOW
Tejas Vohra,6,1,0,1,1,0,0.0,LOW
Luke Thaman,6,1,0,1,1,0,0.0,LOW
Veda Sastry,6,1,0,1,1,0,0.0,LOW
Naksh Wable,6,1,0,1,1,0,0.0,LOW
Samesh Narayan,6,1,0,1,1,0,0.0,LOW
Timothy Rastogi,6,1,0,1,1,0,0.0,LOW
Lavanya Bhasin,6,1,0,1,1,0,0.0,LOW
Zayan Soman,6,1,0,1,1,0,0.0,LOW
Shravya More,6,1,0,1,1,0,0.0,LOW
Rajata Borra,6,1,0,1,1,0,0.0,LOW
Balveer Som,6,1,0,1,1,0,0.0,LOW
Shivansh Verma,6,1,0,1,1,0,0.0,LOW
Dipta Nazareth,6,1,0,1,1,0,0.0,LOW
Suhani Jaggi,6,1,0,1,1,0,0.0,LOW
Isaiah Kalla,6,1,0,1,1,0,0.0,LOW
Vaishnavi Master,6,1,0,1,1,0,0.0,LOW
Balhaar Rai,6,1,0,1,1,0,0.0,LOW
Girindra Merchant,6,1,0,1,1,0,0.0,LOW
Frado Sankar,6,1,0,1,1,0,0.0,LOW
Thomas Bawa,6,1,0,1,1,0,0.0,LOW
Praneel Sangha,6,1,0,1,1,0,0.0,LOW
Logan Mani,6,1,0,1,1,0,0.0,LOW
Manbir Palla,6,1,0,1,1,0,0.0,LOW
Qasim Vyas,6,1,0,1,1,0,0.0,LOW
Dayita Bera,6,1,0,1,1,0,0.0,LOW
Michael Dalal,6,1,0,1,1,0,0.0,LOW
Anamika Sharaf,6,1,0,1,1,0,0.0,LOW
Laksh Mander,6,1,0,1,1,0,0.0,LOW
Mason Tata,6,1,0,1,1,0,0.0,LOW
Devansh Ratti,6,1,0,1,1,0,0.0,LOW
Vivaan Morar,6,1,0,1,1,0,0.0,LOW
Akshay Dayal,6,1,0,1,1,0,0.0,LOW
Oscar Comar,6,1,0,1,1,0,0.0,LOW
Reva Shah,6,1,0,1,1,0,0.0,LOW
Vedant Prakash,6,1,0,1,1,0,0.0,LOW
Samarth Sheth,6,1,0,1,1,0,0.0,LOW
Gaurangi Warrior,6,1,0,1,1,0,0.0,LOW
Teerth Kara,6,1,0,1,1,0,0.0,LOW
Gaurav Tailor,6,1,0,1,1,0,0.0,LOW
Urvi Magar,6,1,0,1,1,0,0.0,LOW
Jack Dave,6,1,0,1,1,0,0.0,LOW
Vincent Chaudhuri,6,1,0,1,1,0,0.0,LOW
Henry Dube,6,1,0,1,1,0,0.0,LOW
Ekantika Naik,6,1,0,1,1,0,0.0,LOW
Chaman Mittal,6,1,0,1,1,0,0.0,LOW
Thomas Bajaj,6,1,0,1,1,0,0.0,LOW
Wakeeta Randhawa,6,1,0,1,1,0,0.0,LOW
Omkaar Chanda,6,1,0,1,1,0,0.0,LOW
Nachiket Tak,6,1,0,1,1,0,0.0,LOW
Victor Varty,6,1,0,1,1,0,0.0,LOW
Anusha Ramaswamy,6,1,0,1,1,0,0.0,LOW
Triveni Tak,6,1,0,1,1,0,0.0,LOW
Chakradhar Mukhopadhyay,6,1,0,1,1,0,0.0,LOW
Rishi Subramanian,6,1,0,1,1,0,0.0,LOW
Vincent Goyal,6,1,0,1,1,0,0.0,LOW
Brijesh Balay,6,1,0,1,1,0,0.0,LOW
Harini Divan,6,1,0,1,1,0,0.0,LOW
Qasim Arora,6,1,0,1,1,0,0.0,LOW
Vritti Balasubramanian,6,1,0,1,1,0,0.0,LOW
Faqid Sehgal,6,1,0,1,1,0,0.0,LOW
Ikshita Kapur,6,1,0,1,1,0,0.0,LOW
Rehaan Shetty,6,1,0,1,1,0,0.0,LOW
Abha Sibal,6,1,0,1,1,0,0.0,LOW
Shaurya Nagi,6,1,0,1,1,0,0.0,LOW
Lakshit Maharaj,6,1,0,1,1,0,0.0,LOW
Adya Buch,6,1,0,1,1,0,0.0,LOW
Siya Johal,6,1,0,1,1,0,0.0,LOW
Lila Sethi,6,1,0,1,1,0,0.0,LOW
Aachal Sinha,6,1,0,1,1,0,0.0,LOW
Reva Rout,6,1,0,1,1,0,0.0,LOW
Lohit Soni,6,1,0,1,1,0,0.0,LOW
Nimrat Karan,6,1,0,1,1,0,0.0,LOW
Amaira Mane,6,1,0,1,1,0,0.0,LOW
Ojas Venkatesh,6,1,0,1,1,0,0.0,LOW
Falak Amble,6,1,0,1,1,0,0.0,LOW
Yutika Bera,6,1,0,1,1,0,0.0,LOW
Pooja Ranganathan,6,1,0,1,1,0,0.0,LOW
Alexander Pradhan,6,1,0,1,1,0,0.0,LOW
Ekbal Borah,6,1,0,1,1,0,0.0,LOW
Tara Bassi,6,1,0,1,1,0,0.0,LOW
Garima Ram,6,1,0,1,1,0,0.0,LOW
Jairaj Mandal,6,1,0,1,1,0,0.0,LOW
Abhiram Bhakta,6,1,0,1,1,0,0.0,LOW
Vasana Bose,6,1,0,1,1,0,0.0,LOW
Faqid Narain,6,1,0,1,1,0,0.0,LOW
Janya Chawla,6,1,0,1,1,0,0.0,LOW
Harinakshi Bahl,6,1,0,1,1,0,0.0,LOW
Jagvi Kalla,6,1,0,1,1,0,0.0,LOW
Arya Morar,6,1,0,1,1,0,0.0,LOW
Irya Mander,6,1,0,1,1,0,0.0,LOW
Ucchal Sandhu,6,1,0,1,1,0,0.0,LOW
Udyati Iyengar,6,1,0,1,1,0,0.0,LOW
Anirudh Lanka,6,1,0,1,1,0,0.0,LOW
Varsha Oommen,6,1,0,1,1,0,0.0,LOW
Anita Bail,6,1,0,1,1,0,0.0,LOW
Sathvik Banik,6,1,0,1,1,0,0.0,LOW
Edhitha Kapoor,6,1,0,1,1,0,0.0,LOW
Kavya Maharaj,6,1,0,1,1,0,0.0,LOW
Abhiram Rau,6,1,0,1,1,0,0.0,LOW
Dakshesh Subramaniam,6,1,0,1,1,0,0.0,LOW
Ekalinga Nori,6,1,0,1,1,0,0.0,LOW
Ojasvi Deshmukh,6,1,0,1,1,0,0.0,LOW
Xiti Jhaveri,6,1,0,1,1,0,0.0,LOW
Karan Pradhan,6,1,0,1,1,0,0.0,LOW
Aadi Biswas,6,1,0,1,1,0,0.0,LOW
Robert Khatri,6,1,0,1,1,0,0.0,LOW
Yahvi Menon,6,1,0,1,1,0,0.0,LOW
Warinder Murthy,6,1,0,1,1,0,0.0,LOW
Jackson Babu,6,1,0,1,1,0,0.0,LOW
Gautami Pandit,6,1,0,1,1,0,0.0,LOW
Aadi Bawa,6,1,0,1,1,0,0.0,LOW
Azad Bhardwaj,6,1,0,1,1,0,0.0,LOW
Omkaar Kala,6,1,0,1,1,0,0.0,LOW
Ekiya Parikh,6,1,0,1,1,0,0.0,LOW
Michael Ganesh,6,1,0,1,1,0,0.0,LOW
Yug Lalla,6,1,0,1,1,0,0.0,LOW
Benjamin Dugar,6,1,0,1,1,0,0.0,LOW
Rachita Malhotra,6,1,0,1,1,0,0.0,LOW
Ayushman Soman,6,1,0,1,1,0,0.0,LOW
Henry Gola,6,1,0,1,1,0,0.0,LOW
Aarna Pandya,6,1,0,1,1,0,0.0,LOW
Ayushman Chaudhary,6,1,0,1,1,0,0.0,LOW
Edhitha Goswami,6,1,0,1,1,0,0.0,LOW
Qushi Kunda,6,1,0,1,1,0,0.0,LOW
Kamya Sarkar,6,1,0,1,1,0,0.0,LOW
Manya Vala,6,1,0,1,1,0,0.0,LOW
Jagat Kala,6,1,0,1,1,0,0.0,LOW
Gopal Dhawan,6,1,0,1,1,0,0.0,LOW
Vedika Kara,6,1,0,1,1,0,0.0,LOW
Veer Kakar,6,1,0,1,1,0,0.0,LOW
Faras Dhaliwal,6,1,0,1,1,0,0.0,LOW
Krishna Dara,6,1,0,1,1,0,0.0,LOW
Tara Kala,6,1,0,1,1,0,0.0,LOW
Hemang Dada,6,1,0,1,1,0,0.0,LOW
Liam Solanki,6,1,0,1,1,0,0.0,LOW
Radhika Sandal,6,1,0,1,1,0,0.0,LOW
Girindra Korpal,6,1,0,1,1,0,0.0,LOW
Tripti Bawa,6,1,0,1,1,0,0.0,LOW
Dominic Grover,6,1,0,1,1,0,0.0,LOW
Udarsh Dua,6,1,0,1,1,0,0.0,LOW
Jonathan Ram,6,1,0,1,1,0,0.0,LOW
Jeremiah Gaba,6,1,0,1,1,0,0.0,LOW
Rishi Balan,6,1,0,1,1,0,0.0,LOW
Fariq Maharaj,6,1,0,1,1,0,0.0,LOW
Imaran Kunda,6,1,0,1,1,0,0.0,LOW
Balveer Soman,6,1,0,1,1,0,0.0,LOW
George Bhavsar,6,1,0,1,1,0,0.0,LOW
Radhika Chaudhary,6,1,0,1,1,0,0.0,LOW
Girish Karan,6,1,0,1,1,0,0.0,LOW
Abhiram Krishna,6,1,0,1,1,0,0.0,LOW
Anirudh Devi,6,1,0,1,1,0,0.0,LOW
Charan Vig,6,1,0,1,1,0,0.0,LOW
Falguni Prabhu,6,1,0,1,1,0,0.0,LOW
Siddharth Setty,6,1,0,1,1,0,0.0,LOW
Ganga Mangal,6,1,0,1,1,0,0.0,LOW
Yatin Krishnan,6,1,0,1,1,0,0.0,LOW
Elijah Balakrishnan,6,1,0,1,1,0,0.0,LOW
Wriddhish D’Alia,6,1,0,1,1,0,0.0,LOW
Netra Shanker,6,1,0,1,1,0,0.0,LOW
Ishanvi Batra,6,1,0,1,1,0,0.0,LOW
Krishna Srivastava,6,1,0,1,1,0,0.0,LOW
Lavanya Patla,6,1,0,1,1,0,0.0,LOW
Raghav Dalal,6,1,0,1,1,0,0.0,LOW
Brijesh Badami,6,1,0,1,1,0,0.0,LOW
Pallavi Kulkarni,6,1,0,1,1,0,0.0,LOW
Anusha Gupta,6,1,0,1,1,0,0.0,LOW
Darika Batra,6,1,0,1,1,0,0.0,LOW
Akshay Saxena,6,1,0,1,1,0,0.0,LOW
Yahvi Parsa,6,1,0,1,1,0,0.0,LOW
Kala Deol,6,1,0,1,1,0,0.0,LOW
Faqid Bakshi,6,1,0,1,1,0,0.0,LOW
Gunbir Koshy,6,1,0,1,1,0,0.0,LOW
Harish Sachar,6,1,0,1,1,0,0.0,LOW
Vyanjana Issac,6,1,0,1,1,0,0.0,LOW
Timothy Khatri,6,1,0,1,1,0,0.0,LOW
Ekantika Chandra,6,1,0,1,1,0,0.0,LOW
Udarsh Thakkar,6,1,0,1,1,0,0.0,LOW
Niharika Ghosh,6,1,0,1,1,0,0.0,LOW
Krisha Setty,6,1,0,1,1,0,0.0,LOW
Ekapad Mittal,6,1,0,1,1,0,0.0,LOW
Triveni Mannan,6,1,0,1,1,0,0.0,LOW
Tristan Thaman,6,1,0,1,1,0,0.0,LOW
Robert Nagy,6,1,0,1,1,0,0.0,LOW
Balvan Gandhi,6,1,0,1,1,0,0.0,LOW
Jasmit Mannan,6,1,0,1,1,0,0.0,LOW
Viraj Tara,6,1,0,1,1,0,0.0,LOW
Libni Singhal,6,1,0,1,1,0,0.0,LOW
Indali Gour,6,1,0,1,1,0,0.0,LOW
Azaan Pal,6,1,0,1,1,0,0.0,LOW
Jagat Date,6,1,0,1,1,0,0.0,LOW
Isaiah Merchant,6,1,0,1,1,0,0.0,LOW
Avi Barad,6,1,0,1,1,0,0.0,LOW
Amol Goel,6,1,0,1,1,0,0.0,LOW
Upkaar Doctor,6,1,0,1,1,0,0.0,LOW
Dipta Deep,6,1,0,1,1,0,0.0,LOW
Siya Comar,6,1,0,1,1,0,0.0,LOW
Odika Chaudhuri,6,1,0,1,1,0,0.0,LOW
Udant Gala,6,1,0,1,1,0,0.0,LOW
Ekbal Pandya,6,1,0,1,1,0,0.0,LOW
Gautam Borde,6,1,0,1,1,0,0.0,LOW
Tanvi Kota,6,1,0,1,1,0,0.0,LOW
Aarav Korpal,6,1,0,1,1,0,0.0,LOW
Tripti Verma,6,1,0,1,1,0,0.0,LOW
Charan Bawa,6,1,0,1,1,0,0.0,LOW
Udyati Loke,6,1,0,1,1,0,0.0,LOW
Rachana Wadhwa,6,1,0,1,1,0,0.0,LOW
Zaitra Sama,6,1,0,1,1,0,0.0,LOW
Anvi Bora,6,1,0,1,1,0,0.0,LOW
Maanav Pant,6,1,0,1,1,0,0.0,LOW
Oni Sagar,6,1,0,1,1,0,0.0,LOW
Vasana Dube,6,1,0,1,1,0,0.0,LOW
Neelima Natt,6,1,0,1,1,0,0.0,LOW
Abeer Shenoy,6,1,0,1,1,0,0.0,LOW
Andrew Ravi,6,1,0,1,1,0,0.0,LOW
Widisha Divan,6,1,0,1,1,0,0.0,LOW
Bimala Halder,6,1,0,1,1,0,0.0,LOW
Simon Tank,6,1,0,1,1,0,0.0,LOW
Raagini Kapoor,6,1,0,1,1,0,0.0,LOW
Maya Parmar,6,1,0,1,1,0,0.0,LOW
Warinder Koshy,6,1,0,1,1,0,0.0,LOW
Neel Srinivasan,6,1,0,1,1,0,0.0,LOW
Vrinda Solanki,6,1,0,1,1,0,0.0,LOW
Hemang Rattan,6,1,0,1,1,0,0.0,LOW
Rehaan Bhasin,6,1,0,1,1,0,0.0,LOW
Frado Chandra,6,1,0,1,1,0,0.0,LOW
Zansi Vora,6,1,0,1,1,0,0.0,LOW
Faqid Chadha,6,1,0,1,1,0,0.0,LOW
Radha Kamdar,6,1,0,1,1,0,0.0,LOW
Shravya Sani,6,1,0,1,1,0,0.0,LOW
Imaran Batra,6,1,0,1,1,0,0.0,LOW
Ayush Bose,6,1,0,1,1,0,0.0,LOW
Divya Keer,6,1,0,1,1,0,0.0,LOW
Tanveer Mammen,6,1,0,1,1,0,0.0,LOW
Shaurya Soni,6,1,0,1,1,0,0.0,LOW
Nidra Vala,6,1,0,1,1,0,0.0,LOW
Ekiya Kala,6,1,0,1,1,0,0.0,LOW
Henry Prashad,6,1,0,1,1,0,0.0,LOW
Forum Iyer,6,1,0,1,1,0,0.0,LOW
Simon Sama,6,1,0,1,1,0,0.0,LOW
Unnati Bora,6,1,0,1,1,0,0.0,LOW
Darpan Trivedi,6,1,0,1,1,0,0.0,LOW
Jack Bhalla,6,1,0,1,1,0,0.0,LOW
Yochana Upadhyay,6,1,0,1,1,0,0.0,LOW
Krisha Peri,6,1,0,1,1,0,0.0,LOW
Yamini Buch,6,1,0,1,1,0,0.0,LOW
Janani Krishnamurthy,6,1,0,1,1,0,0.0,LOW
Siya Arora,6,1,0,1,1,0,0.0,LOW
Bimala Sodhi,6,1,0,1,1,0,0.0,LOW
Dev Gulati,6,1,0,1,1,0,0.0,LOW
Jasmit Char,6,1,0,1,1,0,0.0,LOW
Gautami Kibe,6,1,0,1,1,0,0.0,LOW
Januja Mammen,6,1,0,1,1,0,0.0,LOW
Nimrat Konda,6,1,0,1,1,0,0.0,LOW
Mohini Kara,6,1,0,1,1,0,0.0,LOW
Qadim Bumb,6,1,0,1,1,0,0.0,LOW
Bhanumati Biswas,6,1,0,1,1,0,0.0,LOW
Hemang Kulkarni,6,1,0,1,1,0,0.0,LOW
Tejas Mangat,6,1,0,1,1,0,0.0,LOW
Kevin Bahri,6,1,0,1,1,0,0.0,LOW
Qarin Bajaj,6,1,0,1,1,0,0.0,LOW
Rachita Bal,6,1,0,1,1,0,0.0,LOW
Advay Hayer,6,1,0,1,1,0,0.0,LOW
Joshua Gour,6,1,0,1,1,0,0.0,LOW
Balvan Bhattacharyya,6,1,0,1,1,0,0.0,LOW
Yutika Johal,6,1,0,1,1,0,0.0,LOW
Girish Krishnamurthy,6,1,0,1,1,0,0.0,LOW
Bakhshi Hora,6,1,0,1,1,0,0.0,LOW
Chakrika Divan,6,1,0,1,1,0,0.0,LOW
Janya Bakshi,6,1,0,1,1,0,0.0,LOW
Kiaan Magar,6,1,0,1,1,0,0.0,LOW
Yash Suresh,6,1,0,1,1,0,0.0,LOW
Harrison Parikh,6,1,0,1,1,0,0.0,LOW
Dayita Boase,6,1,0,1,1,0,0.0,LOW
Jackson Madan,6,1,0,1,1,0,0.0,LOW
Qadim Oza,6,1,0,1,1,0,0.0,LOW
Girindra Varghese,6,1,0,1,1,0,0.0,LOW
Eesha Atwal,6,1,0,1,1,0,0.0,LOW
Osha Ganguly,6,1,0,1,1,0,0.0,LOW
Lekha Dhar,6,1,0,1,1,0,0.0,LOW
Nirja Iyer,6,1,0,1,1,0,0.0,LOW
Eiravati Choudhry,6,1,0,1,1,0,0.0,LOW
Chandran Agate,6,1,0,1,1,0,0.0,LOW
Aradhana Thakkar,6,1,0,1,1,0,0.0,LOW
Arya Nagar,6,1,0,1,1,0,0.0,LOW
Ikshita Bhat,6,1,0,1,1,0,0.0,LOW
Sanya Chakraborty,6,1,0,1,1,0,0.0,LOW
Yashvi Sastry,6,1,0,1,1,0,0.0,LOW
Tara Pillai,6,1,0,1,1,0,0.0,LOW
Priya Chaudhary,6,1,0,1,1,0,0.0,LOW
Manbir Narayanan,6,1,0,1,1,0,0.0,LOW
Tanmayi Khanna,6,1,0,1,1,0,0.0,LOW
Zayan Goyal,6,1,0,1,1,0,0.0,LOW
Samarth Bajwa,6,1,0,1,1,0,0.0,LOW
Zarna Som,6,1,0,1,1,0,0.0,LOW
William Yogi,6,1,0,1,1,0,0.0,LOW
Ikbal Krishnan,6,1,0,1,1,0,0.0,LOW
Urvi Gola,6,1,0,1,1,0,0.0,LOW
Arjun Balakrishnan,6,1,0,1,1,0,0.0,LOW
Xalak Dar,6,1,0,1,1,0,0.0,LOW
Arya Chopra,6,1,0,1,1,0,0.0,LOW
Keya Raj,6,1,0,1,1,0,0.0,LOW
Hema Johal,6,1,0,1,1,0,0.0,LOW
Varenya Saxena,6,1,0,1,1,0,0.0,LOW
Hema Ghose,6,1,0,1,1,0,0.0,LOW
Lopa Karnik,6,1,0,1,1,0,0.0,LOW
Ojas Pathak,6,1,0,1,1,0,0.0,LOW
Vansha Rajan,6,1,0,1,1,0,0.0,LOW
Triveni Kadakia,6,1,0,1,1,0,0.0,LOW
Mitesh Ghosh,6,1,0,1,1,0,0.0,LOW
Lopa Lad,6,1,0,1,1,0,0.0,LOW
Pranit Nori,6,1,0,1,1,0,0.0,LOW
Rachita Sarkar,6,1,0,1,1,0,0.0,LOW
Harita Kade,6,1,0,1,1,0,0.0,LOW
Arjun Guha,6,1,0,1,1,0,0.0,LOW
Gayathri Goda,6,1,0,1,1,0,0.0,LOW
Faqid Sankaran,6,1,0,1,1,0,0.0,LOW
Nidhi Gola,6,1,0,1,1,0,0.0,LOW
Adya Ramesh,6,1,0,1,1,0,0.0,LOW
Eta Dugar,6,1,0,1,1,0,0.0,LOW
Manan Modi,6,1,0,1,1,0,0.0,LOW
Jagat Kaul,6,1,0,1,1,0,0.0,LOW
Saumya Bera,6,1,0,1,1,0,0.0,LOW
Gaurika Nanda,6,1,0,1,1,0,0.0,LOW
Mahika Rajan,6,1,0,1,1,0,0.0,LOW
Benjamin Gour,6,1,0,1,1,0,0.0,LOW
Liam Lall,6,1,0,1,1,0,0.0,LOW
Dalbir Lala,6,1,0,1,1,0,0.0,LOW
Alka Zacharia,6,1,0,1,1,0,0.0,LOW
Shaurya Thaker,6,1,0,1,1,0,0.0,LOW
Waida Prasad,6,1,0,1,1,0,0.0,LOW
Anjali Nath,6,1,0,1,1,0,0.0,LOW
Wishi Minhas,6,1,0,1,1,0,0.0,LOW
Balendra Choudhary,6,1,0,1,1,0,0.0,LOW
Chaitanya Puri,6,1,0,1,1,0,0.0,LOW
Tamanna Johal,6,1,0,1,1,0,0.0,LOW
Yoshita Dua,6,1,0,1,1,0,0.0,LOW
Saksham Dalal,6,1,0,1,1,0,0.0,LOW
Yashoda Thaman,6,1,0,1,1,0,0.0,LOW
Januja Bhavsar,6,1,0,1,1,0,0.0,LOW
Vrishti Handa,6,1,0,1,1,0,0.0,LOW
Arjun Bhat,6,1,0,1,1,0,0.0,LOW
Urvashi Mander,6,1,0,1,1,0,0.0,LOW
Upma Shroff,6,1,0,1,1,0,0.0,LOW
Eshana Manda,6,1,0,1,1,0,0.0,LOW
Urishilla Pau,6,1,0,1,1,0,0.0,LOW
Rushil Sahni,6,1,0,1,1,0,0.0,LOW
Chatresh Bhargava,6,1,0,1,1,0,0.0,LOW
Gauri Peri,6,1,0,1,1,0,0.0,LOW
Yuvraj Sandhu,6,1,0,1,1,0,0.0,LOW
Panini Loyal,6,1,0,1,1,0,0.0,LOW
Mohammed Venkataraman,6,1,0,1,1,0,0.0,LOW
Warhi Kashyap,6,1,0,1,1,0,0.0,LOW
Fitan Mani,6,1,0,1,1,0,0.0,LOW
Zaitra Agarwal,6,1,0,1,1,0,0.0,LOW
Anamika Khatri,6,1,0,1,1,0,0.0,LOW
Faris Gokhale,6,1,0,1,1,0,0.0,LOW
Nidra Shan,6,1,0,1,1,0,0.0,LOW
Lipika Saxena,6,1,0,1,1,0,0.0,LOW
Shivansh Sura,6,1,0,1,1,0,0.0,LOW
Aachal Sem,6,1,0,1,1,0,0.0,LOW
Yahvi Varughese,6,1,0,1,1,0,0.0,LOW
Nimrat Tank,6,1,0,1,1,0,0.0,LOW
Bishakha Kadakia,6,1,0,1,1,0,0.0,LOW
Idika Kala,6,1,0,1,1,0,0.0,LOW
Praneel Basak,6,1,0,1,1,0,0.0,LOW
Jyoti Menon,6,1,0,1,1,0,0.0,LOW
Zilmil Hora,6,1,0,1,1,0,0.0,LOW
Advik Bhatt,6,1,0,1,1,0,0.0,LOW
Yashvi Saxena,6,1,0,1,1,0,0.0,LOW
Atharv Sood,6,1,0,1,1,0,0.0,LOW
Pooja Randhawa,6,1,0,1,1,0,0.0,LOW
Inaya Contractor,6,1,0,1,1,0,0.0,LOW
Jagdish Balasubramanian,6,1,0,1,1,0,0.0,LOW
Zayan Varghese,6,1,0,1,1,0,0.0,LOW
Oni Prakash,6,1,0,1,1,0,0.0,LOW
Anay Ravi,6,1,0,1,1,0,0.0,LOW
Yahvi Desai,6,1,0,1,1,0,0.0,LOW
Yashoda Gole,6,1,0,1,1,0,0.0,LOW
Falguni Mistry,6,1,0,1,1,0,0.0,LOW
Mohini Om,6,1,0,1,1,0,0.0,LOW
Kalpit Pandey,6,1,0,1,1,0,0.0,LOW
Caleb Khalsa,6,1,0,1,1,0,0.0,LOW
Ishwar Mody,6,1,0,1,1,0,0.0,LOW
Xalak Seshadri,6,1,0,1,1,0,0.0,LOW
Barkha Gola,6,1,0,1,1,0,0.0,LOW
Gaurav Bhargava,6,1,0,1,1,0,0.0,LOW
Henry Comar,6,1,0,1,1,0,0.0,LOW
Chanchal Master,6,1,0,1,1,0,0.0,LOW
Idika Hari,6,1,0,1,1,0,0.0,LOW
Rudra Nath,6,1,0,1,1,0,0.0,LOW
Anita Koshy,6,1,0,1,1,0,0.0,LOW
Chandani Chanda,6,1,0,1,1,0,0.0,LOW
Chatresh Prabhakar,6,1,0,1,1,0,0.0,LOW
Ranveer Sawhney,6,1,0,1,1,0,0.0,LOW
Kalpit Sen,6,1,0,1,1,0,0.0,LOW
Ekansh Narain,6,1,0,1,1,0,0.0,LOW
Oeshi Bhalla,6,1,0,1,1,0,0.0,LOW
Edhitha Soman,6,1,0,1,1,0,0.0,LOW
Gabriel Setty,6,1,0,1,1,0,0.0,LOW
Kiaan Pradhan,6,1,0,1,1,0,0.0,LOW
Adweta Dar,6,1,0,1,1,0,0.0,LOW
Radhika Madan,6,1,0,1,1,0,0.0,LOW
Rishi Deshpande,6,1,0,1,1,0,0.0,LOW
Nikita Pillay,6,1,0,1,1,0,0.0,LOW
Dayita Mane,6,1,0,1,1,0,0.0,LOW
Balveer Viswanathan,6,1,0,1,1,0,0.0,LOW
Jacob Deo,6,1,0,1,1,0,0.0,LOW
Harrison Balakrishnan,6,1,0,1,1,0,0.0,LOW
Ikbal Bahri,6,1,0,1,1,0,0.0,LOW
Bina Dey,6,1,0,1,1,0,0.0,LOW
Diya Dhingra,6,1,0,1,1,0,0.0,LOW
Yadavi Nazareth,6,1,0,1,1,0,0.0,LOW
Hema Dhar,6,1,0,1,1,0,0.0,LOW
Vasatika Varma,6,1,0,1,1,0,0.0,LOW
Amrita Mannan,6,1,0,1,1,0,0.0,LOW
Abha Acharya,6,1,0,1,1,0,0.0,LOW
Rachit Rastogi,6,1,0,1,1,0,0.0,LOW
Mitesh Oommen,6,1,0,1,1,0,0.0,LOW
Tara Chopra,6,1,0,1,1,0,0.0,LOW
Anya Nanda,6,1,0,1,1,0,0.0,LOW
Mitesh Sibal,6,1,0,1,1,0,0.0,LOW
Janaki Talwar,6,1,0,1,1,0,0.0,LOW
Shaurya Mitter,6,1,0,1,1,0,0.0,LOW
Jairaj Hayer,6,1,0,1,1,0,0.0,LOW
Advik Lalla,6,1,0,1,1,0,0.0,LOW
Gopal Chacko,6,1,0,1,1,0,0.0,LOW
Jagvi Amble,6,1,0,1,1,0,0.0,LOW
Kamala Venkatesh,6,1,0,1,1,0,0.0,LOW
Bhanumati Basak,6,1,0,1,1,0,0.0,LOW
Aadi Munshi,6,1,0,1,1,0,0.0,LOW
Adya Mani,6,1,0,1,1,0,0.0,LOW
Lohit Edwin,6,1,0,1,1,0,0.0,LOW
Kavya Murty,6,1,0,1,1,0,0.0,LOW
Ekapad Balay,6,1,0,1,1,0,0.0,LOW
Garima Modi,6,1,0,1,1,0,0.0,LOW
Sarthak Minhas,6,1,0,1,1,0,0.0,LOW
Nandini Bala,6,1,0,1,1,0,0.0,LOW
Wyatt Nanda,6,1,0,1,1,0,0.0,LOW
Harsh Narain,6,1,0,1,1,0,0.0,LOW
Devansh Ramanathan,6,1,0,1,1,0,0.0,LOW
Kashvi Bahl,6,1,0,1,1,0,0.0,LOW
Rehaan Sastry,6,1,0,1,1,0,0.0,LOW
Ishita Chaudhuri,6,1,0,1,1,0,0.0,LOW
Max Basu,6,1,0,1,1,0,0.0,LOW
Zarna Nori,6,1,0,1,1,0,0.0,LOW
Ganga Narayanan,6,1,0,1,1,0,0.0,LOW
Eiravati Bobal,6,1,0,1,1,0,0.0,LOW
Nitara Anand,6,1,0,1,1,0,0.0,LOW
Vrishti Sengupta,6,1,0,1,1,0,0.0,LOW
Pratyush Venkataraman,6,1,0,1,1,0,0.0,LOW
Yasti Oommen,6,1,0,1,1,0,0.0,LOW
Vamakshi Shankar,6,1,0,1,1,0,0.0,LOW
Kritika Bala,6,1,0,1,1,0,0.0,LOW
Leena Vasa,6,1,0,1,1,0,0.0,LOW
Aishani Chatterjee,6,1,0,1,1,0,0.0,LOW
Chakradhar De,6,1,0,1,1,0,0.0,LOW
Dominic Reddy,6,1,0,1,1,0,0.0,LOW
Farhan Minhas,6,1,0,1,1,0,0.0,LOW
Upkaar Mallick,6,1,0,1,1,0,0.0,LOW
Anjali Yogi,6,1,0,1,1,0,0.0,LOW
Aditya Loke,6,1,0,1,1,0,0.0,LOW
Chaaya Sengupta,6,1,0,1,1,0,0.0,LOW
Omkaar Rege,6,1,0,1,1,0,0.0,LOW
Arin Nadig,6,1,0,1,1,0,0.0,LOW
Jatin Pai,6,1,0,1,1,0,0.0,LOW
Gayathri Chahal,6,1,0,1,1,0,0.0,LOW
Aarini Balakrishnan,6,1,0,1,1,0,0.0,LOW
Rayaan Mannan,6,1,0,1,1,0,0.0,LOW
Kevin Rastogi,6,1,0,1,1,0,0.0,LOW
Urvashi Mutti,6,1,0,1,1,0,0.0,LOW
Ekani Pai,6,1,0,1,1,0,0.0,LOW
Faris Chaudhari,6,1,0,1,1,0,0.0,LOW
Wishi Gokhale,6,1,0,1,1,0,0.0,LOW
Yashasvi Rastogi,6,1,0,1,1,0,0.0,LOW
Bahadurjit Rao,6,1,0,1,1,0,0.0,LOW
Kamala Pall,6,1,0,1,1,0,0.0,LOW
Pooja Vig,6,1,0,1,1,0,0.0,LOW
Darika Dhar,6,1,0,1,1,0,0.0,LOW
Matthew Sami,6,1,0,1,1,0,0.0,LOW
Pratyush Luthra,6,1,0,1,1,0,0.0,LOW
Jatin Varma,6,1,0,1,1,0,0.0,LOW
Nikita Bera,6,1,0,1,1,0,0.0,LOW
Tanmayi Apte,6,1,0,1,1,0,0.0,LOW
Upasna Wason,6,1,0,1,1,0,0.0,LOW
Nihal Bahl,6,1,0,1,1,0,0.0,LOW
Kiaan Murthy,6,1,0,1,1,0,0.0,LOW
Rachana Grewal,6,1,0,1,1,0,0.0,LOW
Vrishti Butala,6,1,0,1,1,0,0.0,LOW
Shivansh Kakar,6,1,0,1,1,0,0.0,LOW
Jeevika Golla,6,1,0,1,1,0,0.0,LOW
Saumya Thakur,6,1,0,1,1,0,0.0,LOW
Neha Chandra,6,1,0,1,1,0,0.0,LOW
Timothy Kaul,6,1,0,1,1,0,0.0,LOW
Kamala Comar,6,1,0,1,1,0,0.0,LOW
Siddharth Sant,6,1,0,1,1,0,0.0,LOW
Yashvi Mallick,6,1,0,1,1,0,0.0,LOW
Urvashi Swamy,6,1,0,1,1,0,0.0,LOW
Amol Mahajan,6,1,0,1,1,0,0.0,LOW
Mitali Bhasin,6,1,0,1,1,0,0.0,LOW
Jeet Khurana,6,1,0,1,1,0,0.0,LOW
Kabir Padmanabhan,6,1,0,1,1,0,0.0,LOW
Lohit Varty,6,1,0,1,1,0,0.0,LOW
Jhalak Yohannan,6,1,0,1,1,0,0.0,LOW
Jatin Barad,6,1,0,1,1,0,0.0,LOW
Amara Nagy,6,1,0,1,1,0,0.0,LOW
Vivaan Reddy,6,1,0,1,1,0,0.0,LOW
Peter Behl,6,1,0,1,1,0,0.0,LOW
Yasti Bala,6,1,0,1,1,0,0.0,LOW
Nisha Thakur,6,1,0,1,1,0,0.0,LOW
Christopher Lad,6,1,0,1,1,0,0.0,LOW
Alka Varughese,6,1,0,1,1,0,0.0,LOW
Praneel Parikh,6,1,0,1,1,0,0.0,LOW
Ekta Tank,6,1,0,1,1,0,0.0,LOW
Vanya Rao,6,1,0,1,1,0,0.0,LOW
Jonathan Grover,6,1,0,1,1,0,0.0,LOW
Anirudh Nagar,6,1,0,1,1,0,0.0,LOW
Neha Gara,6,1,0,1,1,0,0.0,LOW
Eshana Buch,6,1,0,1,1,0,0.0,LOW
Yatin Mannan,6,1,0,1,1,0,0.0,LOW
Gabriel Sethi,6,1,0,1,1,0,0.0,LOW
Zayyan Saini,6,1,0,1,1,0,0.0,LOW
Madhav Vasa,6,1,0,1,1,0,0.0,LOW
Niharika Sheth,6,1,0,1,1,0,0.0,LOW
Hredhaan Nayar,6,1,0,1,1,0,0.0,LOW
Vihaan Nayar,6,1,0,1,1,0,0.0,LOW
Saksham Sekhon,6,1,0,1,1,0,0.0,LOW
Zilmil Patel,6,1,0,1,1,0,0.0,LOW
Naveen Morar,6,1,0,1,1,0,0.0,LOW
Zaitra Gola,6,1,0,1,1,0,0.0,LOW
Manthan Bains,6,1,0,1,1,0,0.0,LOW
Quincy Ramaswamy,6,1,0,1,1,0,0.0,LOW
Bhavika Dara,6,1,0,1,1,0,0.0,LOW
Damyanti Bahl,6,1,0,1,1,0,0.0,LOW
Balveer Rastogi,6,1,0,1,1,0,0.0,LOW
Edhitha Choudhry,6,1,0,1,1,0,0.0,LOW
Harini Ghosh,6,1,0,1,1,0,0.0,LOW
Ojas Goda,6,1,0,1,1,0,0.0,LOW
Krisha Wable,6,1,0,1,1,0,0.0,LOW
Triveni Suri,6,1,0,1,1,0,0.0,LOW
Amol Lall,6,1,0,1,1,0,0.0,LOW
Naksh Raja,6,1,0,1,1,0,0.0,LOW
Upma Sarin,6,1,0,1,1,0,0.0,LOW
Kashish Chatterjee,6,1,0,1,1,0,0.0,LOW
Dalaja Chauhan,6,1,0,1,1,0,0.0,LOW
Yachana Bala,6,1,0,1,1,0,0.0,LOW
Warjas Varghese,6,1,0,1,1,0,0.0,LOW
Raagini Rai,6,1,0,1,1,0,0.0,LOW
Alexander Krishnan,6,1,0,1,1,0,0.0,LOW
Vritti Raj,6,1,0,1,1,0,0.0,LOW
Yochana Karan,6,1,0,1,1,0,0.0,LOW
Avni Ben,6,1,0,1,1,0,0.0,LOW
Ria Agarwal,6,1,0,1,1,0,0.0,LOW
Sachi Srinivasan,6,1,0,1,1,0,0.0,LOW
Om Jani,6,1,0,1,1,0,0.0,LOW
Dipta Ravel,6,1,0,1,1,0,0.0,LOW
Mohini Bedi,6,1,0,1,1,0,0.0,LOW
Yamini Jhaveri,6,1,0,1,1,0,0.0,LOW
Matthew Vasa,6,1,0,1,1,0,0.0,LOW
Jasmit Aggarwal,6,1,0,1,1,0,0.0,LOW
Harsh Samra,6,1,0,1,1,0,0.0,LOW
Deepa Dubey,6,1,0,1,1,0,0.0,LOW
Yamini Handa,6,1,0,1,1,0,0.0,LOW
Udant Bansal,6,1,0,1,1,0,0.0,LOW
Tanish Pai,6,1,0,1,1,0,0.0,LOW
Andrew Pall,6,1,0,1,1,0,0.0,LOW
Lopa Sankar,6,1,0,1,1,0,0.0,LOW
Ishanvi Johal,6,1,0,1,1,0,0.0,LOW
Ekani Sarna,6,1,0,1,1,0,0.0,LOW
Daksh Mangal,6,1,0,1,1,0,0.0,LOW
Thomas Kant,6,1,0,1,1,0,0.0,LOW
Udant Murthy,6,1,0,1,1,0,0.0,LOW
Chandran Sarraf,6,1,0,1,1,0,0.0,LOW
Arunima Sen,6,1,0,1,1,0,0.0,LOW
Chakradev Varughese,6,1,0,1,1,0,0.0,LOW
Sai Zacharia,6,1,0,1,1,0,0.0,LOW
Chatresh Date,6,1,0,1,1,0,0.0,LOW
Vincent Thakur,6,1,0,1,1,0,0.0,LOW
Zansi Deshpande,6,1,0,1,1,0,0.0,LOW
Rishi Arya,6,1,0,1,1,0,0.0,LOW
Ishanvi Varty,6,1,0,1,1,0,0.0,LOW
Aashi Vaidya,6,1,0,1,1,0,0.0,LOW
Isaac Sen,6,1,0,1,1,0,0.0,LOW
Daksh Balan,6,1,0,1,1,0,0.0,LOW
Meghana Borra,6,1,0,1,1,0,0.0,LOW
Vivaan Singhal,6,1,0,1,1,0,0.0,LOW
Jagat Anne,6,1,0,1,1,0,0.0,LOW
Faraj Grover,6,1,0,1,1,0,0.0,LOW
Dominic Sidhu,6,1,0,1,1,0,0.0,LOW
Samarth Chaudhary,6,1,0,1,1,0,0.0,LOW
Nihal Sangha,6,1,0,1,1,0,0.0,LOW
Rajeshri Jani,6,1,0,1,1,0,0.0,LOW
Sathvik Bala,6,1,0,1,1,0,0.0,LOW
Vidhi Madan,6,1,0,1,1,0,0.0,LOW
Saksham Ravi,6,1,0,1,1,0,0.0,LOW
Omaja Dixit,6,1,0,1,1,0,0.0,LOW
Amaira Devan,6,1,0,1,1,0,0.0,LOW
Yahvi Pradhan,6,1,0,1,1,0,0.0,LOW
Ishwar Bajaj,6,1,0,1,1,0,0.0,LOW
Zayyan Bajaj,6,1,0,1,1,0,0.0,LOW
Kabir Patil,6,1,0,1,1,0,0.0,LOW
Yug Panchal,6,1,0,1,1,0,0.0,LOW
Theodore Pall,6,1,0,1,1,0,0.0,LOW
Pavani Dass,6,1,0,1,1,0,0.0,LOW
Harsh Kurian,6,1,0,1,1,0,0.0,LOW
Aarini Karnik,6,1,0,1,1,0,0.0,LOW
Nisha Ahuja,6,1,0,1,1,0,0.0,LOW
Zaitra Naik,6,1,0,1,1,0,0.0,LOW
Maanav Sharaf,6,1,0,1,1,0,0.0,LOW
Amol Shroff,6,1,0,1,1,0,0.0,LOW
Urvi Mandal,6,1,0,1,1,0,0.0,LOW
Unnati Khalsa,6,1,0,1,1,0,0.0,LOW
Dalaja Ravi,6,1,0,1,1,0,0.0,LOW
Bhavna Sampath,6,1,0,1,1,0,0.0,LOW
Qabil Mallick,6,1,0,1,1,0,0.0,LOW
Qabil Sama,6,1,0,1,1,0,0.0,LOW
Ekanta Goyal,6,1,0,1,1,0,0.0,LOW
Gaurika Sangha,6,1,0,1,1,0,0.0,LOW
Bhavya Sunder,6,1,0,1,1,0,0.0,LOW
Darika Tella,6,1,0,1,1,0,0.0,LOW
Xavier Ranganathan,6,1,0,1,1,0,0.0,LOW
Ojasvi Handa,6,1,0,1,1,0,0.0,LOW
Kritika Roy,6,1,0,1,1,0,0.0,LOW
Daksh Mahal,6,1,0,1,1,0,0.0,LOW
Vihaan Nagar,6,1,0,1,1,0,0.0,LOW
Lajita Sangha,6,1,0,1,1,0,0.0,LOW
Chandran Thaker,6,1,0,1,1,0,0.0,LOW
Ishwar Morar,6,1,0,1,1,0,0.0,LOW
Qasim Radhakrishnan,6,1,0,1,1,0,0.0,LOW
Andrew Halder,6,1,0,1,1,0,0.0,LOW
Brijesh Atwal,6,1,0,1,1,0,0.0,LOW
Darika Jaggi,6,1,0,1,1,0,0.0,LOW
Caleb Mani,6,1,0,1,1,0,0.0,LOW
Nitesh Wason,6,1,0,1,1,0,0.0,LOW
Girik Gulati,6,1,0,1,1,0,0.0,LOW
Qarin Dubey,6,1,0,1,1,0,0.0,LOW
Falak Bhat,6,1,0,1,1,0,0.0,LOW
Bahadurjit Shenoy,6,1,0,1,1,0,0.0,LOW
Amara Devan,6,1,0,1,1,0,0.0,LOW
Fitan Raghavan,6,1,0,1,1,0,0.0,LOW
Janani Ranganathan,6,1,0,1,1,0,0.0,LOW
Zaitra Krishnamurthy,6,1,0,1,1,0,0.0,LOW
Anmol Khalsa,6,1,0,1,1,0,0.0,LOW
Devika Kar,6,1,0,1,1,0,0.0,LOW
Vasudha Vig,6,1,0,1,1,0,0.0,LOW
Sudiksha Tandon,6,1,0,1,1,0,0.0,LOW
Bhanumati Bal,6,1,0,1,1,0,0.0,LOW
Aarush Kalla,6,1,0,1,1,0,0.0,LOW
Dhriti Rau,6,1,0,1,1,0,0.0,LOW
Deepa Gola,6,1,0,1,1,0,0.0,LOW
Lila Sachdev,6,1,0,1,1,0,0.0,LOW
Champak Varughese,6,1,0,1,1,0,0.0,LOW
Eesha Loke,6,1,0,1,1,0,0.0,LOW
Aarnav Krishna,6,1,0,1,1,0,0.0,LOW
Yochana Garde,6,1,0,1,1,0,0.0,LOW
Anvi Johal,6,1,0,1,1,0,0.0,LOW
Oni Chopra,6,1,0,1,1,0,0.0,LOW
Lila Cherian,6,1,0,1,1,0,0.0,LOW
Aryan Dara,6,1,0,1,1,0,0.0,LOW
Raksha Chawla,6,1,0,1,1,0,0.0,LOW
Patrick Dasgupta,6,1,0,1,1,0,0.0,LOW
Sudiksha Kuruvilla,6,1,0,1,1,0,0.0,LOW
William Randhawa,6,1,0,1,1,0,0.0,LOW
Nisha Iyengar,6,1,0,1,1,0,0.0,LOW
Xavier Muni,6,1,0,1,1,0,0.0,LOW
Brinda Choudhury,6,1,0,1,1,0,0.0,LOW
Rishi Raghavan,6,1,0,1,1,0,0.0,LOW
Yashoda Lalla,6,1,0,1,1,0,0.0,LOW
Champak Mohanty,6,1,0,1,1,0,0.0,LOW
William Brar,6,1,0,1,1,0,0.0,LOW
Bachittar Kamdar,6,1,0,1,1,0,0.0,LOW
Urvashi Setty,6,1,0,1,1,0,0.0,LOW
Samaksh Ravel,6,1,0,1,1,0,0.0,LOW
Tripti Modi,6,1,0,1,1,0,0.0,LOW
Siddharth Thaman,6,1,0,1,1,0,0.0,LOW
Aayush Lall,6,1,0,1,1,0,0.0,LOW
Wridesh Chahal,6,1,0,1,1,0,0.0,LOW
Qasim Karan,6,1,0,1,1,0,0.0,LOW
Upma Dave,6,1,0,1,1,0,0.0,LOW
Lopa Zacharia,6,1,0,1,1,0,0.0,LOW
David Dewan,6,1,0,1,1,0,0.0,LOW
Christopher Char,6,1,0,1,1,0,0.0,LOW
Pushti Tailor,6,1,0,1,1,0,0.0,LOW
Gautam Jha,6,1,0,1,1,0,0.0,LOW
Ekani Deshmukh,6,1,0,1,1,0,0.0,LOW
Jonathan Keer,6,1,0,1,1,0,0.0,LOW
Champak Prabhu,6,1,0,1,1,0,0.0,LOW
Zaitra Bajwa,6,1,0,1,1,0,0.0,LOW
Anamika Sinha,6,1,0,1,1,0,0.0,LOW
Dipta Trivedi,6,1,0,1,1,0,0.0,LOW
Bakhshi Mukhopadhyay,6,1,0,1,1,0,0.0,LOW
Ati Bhardwaj,6,1,0,1,1,0,0.0,LOW
Omkaar Salvi,6,1,0,1,1,0,0.0,LOW
Siya Raju,6,1,0,1,1,0,0.0,LOW
Jason Badal,6,1,0,1,1,0,0.0,LOW
Dominic Tripathi,6,1,0,1,1,0,0.0,LOW
Benjamin Pant,6,1,0,1,1,0,0.0,LOW
Janaki Karan,6,1,0,1,1,0,0.0,LOW
Yahvi Joshi,6,1,0,1,1,0,0.0,LOW
Wazir Sinha,6,1,0,1,1,0,0.0,LOW
Yatan Bhakta,6,1,0,1,1,0,0.0,LOW
Triya Gole,6,1,0,1,1,0,0.0,LOW
Bhavini Bansal,6,1,0,1,1,0,0.0,LOW
Bhanumati Chopra,6,1,0,1,1,0,0.0,LOW
Edhitha Arora,6,1,0,1,1,0,0.0,LOW
Xalak Chander,6,1,0,1,1,0,0.0,LOW
Daniel Nagy,6,1,0,1,1,0,0.0,LOW
Ekani Rajan,6,1,0,1,1,0,0.0,LOW
Rudra Aggarwal,6,1,0,1,1,0,0.0,LOW
Laksh Tiwari,6,1,0,1,1,0,0.0,LOW
Nirja Sethi,6,1,0,1,1,0,0.0,LOW
Aarush Modi,6,1,0,1,1,0,0.0,LOW
Maya Borra,6,1,0,1,1,0,0.0,LOW
Balveer Oza,6,1,0,1,1,0,0.0,LOW
Neelima Nayar,6,1,0,1,1,0,0.0,LOW
Balhaar Vohra,6,1,0,1,1,0,0.0,LOW
Nikita Srivastava,6,1,0,1,1,0,0.0,LOW
Chakradhar Goel,6,1,0,1,1,0,0.0,LOW
Tara Karnik,6,1,0,1,1,0,0.0,LOW
Balendra Reddy,6,1,0,1,1,0,0.0,LOW
Michael Parmer,6,1,0,1,1,0,0.0,LOW
Ladli Hans,6,1,0,1,1,0,0.0,LOW
Chaaya Jhaveri,6,1,0,1,1,0,0.0,LOW
Raagini Das,6,1,0,1,1,0,0.0,LOW
Neha Halder,6,1,0,1,1,0,0.0,LOW
Gaurav Parsa,6,1,0,1,1,0,0.0,LOW
Sathvik Loyal,6,1,0,1,1,0,0.0,LOW
Mahika Narayan,6,1,0,1,1,0,0.0,LOW
Pranav Raj,6,1,0,1,1,0,0.0,LOW
Zinal Kapur,6,1,0,1,1,0,0.0,LOW
Qadim Bora,6,1,0,1,1,0,0.0,LOW
Max Gera,6,1,0,1,1,0,0.0,LOW
David Biswas,6,1,0,1,1,0,0.0,LOW
Arjun Baria,6,1,0,1,1,0,0.0,LOW
Bhavna Walla,6,1,0,1,1,0,0.0,LOW
Oscar Dhingra,6,1,0,1,1,0,0.0,LOW
Udant Hayre,6,1,0,1,1,0,0.0,LOW
Udarsh Acharya,6,1,0,1,1,0,0.0,LOW
Upma Padmanabhan,6,1,0,1,1,0,0.0,LOW
Keya Khatri,6,1,0,1,1,0,0.0,LOW
Matthew Dalal,6,1,0,1,1,0,0.0,LOW
Udant Prabhakar,6,1,0,1,1,0,0.0,LOW
Siya Dube,6,1,0,1,1,0,0.0,LOW
Viraj Uppal,6,1,0,1,1,0,0.0,LOW
Udyati Jani,6,1,0,1,1,0,0.0,LOW
Lekha Mallick,6,1,0,1,1,0,0.0,LOW
Bahadurjit Chaudry,6,1,0,1,1,0,0.0,LOW
Charvi Sabharwal,6,1,0,1,1,0,0.0,LOW
Mason Thakkar,6,1,0,1,1,0,0.0,LOW
Kashish Rama,6,1,0,1,1,0,0.0,LOW
Radha Dara,6,1,0,1,1,0,0.0,LOW
Chasmum Raj,6,1,0,1,1,0,0.0,LOW
Ranbir Pandya,6,1,0,1,1,0,0.0,LOW
Kashvi Dutta,6,1,0,1,1,0,0.0,LOW
Meghana Shere,6,1,0,1,1,0,0.0,LOW
Jason Rout,6,1,0,1,1,0,0.0,LOW
Omya Khanna,6,1,0,1,1,0,0.0,LOW
Veda Roy,6,1,0,1,1,0,0.0,LOW
Ekanta Shah,6,1,0,1,1,0,0.0,LOW
Liam Randhawa,6,1,0,1,1,0,0.0,LOW
Anvi Walia,6,1,0,1,1,0,0.0,LOW
Raghav Mammen,6,1,0,1,1,0,0.0,LOW
Gaurangi Varty,6,1,0,1,1,0,0.0,LOW
Forum Pall,6,1,0,1,1,0,0.0,LOW
Isaac Samra,6,1,0,1,1,0,0.0,LOW
Mason Sen,6,1,0,1,1,0,0.0,LOW
Advaith Shukla,6,1,0,1,1,0,0.0,LOW
Lila Sridhar,6,1,0,1,1,0,0.0,LOW
Benjamin Kulkarni,6,1,0,1,1,0,0.0,LOW
Tanish Virk,6,1,0,1,1,0,0.0,LOW
Max Vaidya,6,1,0,1,1,0,0.0,LOW
Yug Varma,6,1,0,1,1,0,0.0,LOW
Balveer Dash,6,1,0,1,1,0,0.0,LOW
Advik Wali,6,1,0,1,1,0,0.0,LOW
Gautam Chad,6,1,0,1,1,0,0.0,LOW
Krishna Ramesh,6,1,0,1,1,0,0.0,LOW
Damyanti Hans,6,1,0,1,1,0,0.0,LOW
Tanay Sura,6,1,0,1,1,0,0.0,LOW
Charles Baria,6,1,0,1,1,0,0.0,LOW
Faraj Sagar,6,1,0,1,1,0,0.0,LOW
Anthony Pillai,6,1,0,1,1,0,0.0,LOW
Patrick Srinivas,6,1,0,1,1,0,0.0,LOW
Urvi Ratti,6,1,0,1,1,0,0.0,LOW
Warinder Mangal,6,1,0,1,1,0,0.0,LOW
Chakrika Pau,6,1,0,1,1,0,0.0,LOW
Xalak Taneja,6,1,0,1,1,0,0.0,LOW
Azad Brar,6,1,0,1,1,0,0.0,LOW
Xalak Wable,6,1,0,1,1,0,0.0,LOW
Indira Mander,6,1,0,1,1,0,0.0,LOW
Nathaniel Varkey,6,1,0,1,1,0,0.0,LOW
Aayush Pathak,6,1,0,1,1,0,0.0,LOW
Lucky Pillay,6,1,0,1,1,0,0.0,LOW
Advik Choudhary,6,1,0,1,1,0,0.0,LOW
Abhimanyu Lad,6,1,0,1,1,0,0.0,LOW
Hema Dass,6,1,0,1,1,0,0.0,LOW
Udant Bakshi,6,1,0,1,1,0,0.0,LOW
Anita Parmar,6,1,0,1,1,0,0.0,LOW
Reyansh Rai,6,1,0,1,1,0,0.0,LOW
Lakshmi Kala,6,1,0,1,1,0,0.0,LOW
Ishanvi Dora,6,1,0,1,1,0,0.0,LOW
Ekanta Nagarajan,6,1,0,1,1,0,0.0,LOW
Banjeet Cherian,6,1,0,1,1,0,0.0,LOW
Harish Keer,6,1,0,1,1,0,0.0,LOW
Chakrika Sachar,6,1,0,1,1,0,0.0,LOW
Peter Bhakta,6,1,0,1,1,0,0.0,LOW
Forum Tiwari,6,1,0,1,1,0,0.0,LOW
Naksh Pathak,6,1,0,1,1,0,0.0,LOW
Kevin Narula,6,1,0,1,1,0,0.0,LOW
Ethan Choudhury,6,1,0,1,1,0,0.0,LOW
Chandresh Sehgal,6,1,0,1,1,0,0.0,LOW
Idika Ram,6,1,0,1,1,0,0.0,LOW
Frado Magar,6,1,0,1,1,0,0.0,LOW
Girik Om,6,1,0,1,1,0,0.0,LOW
Nachiket Mital,6,1,0,1,1,0,0.0,LOW
George Mannan,6,1,0,1,1,0,0.0,LOW
Nicholas Varma,6,1,0,1,1,0,0.0,LOW
Avi Jayaraman,6,1,0,1,1,0,0.0,LOW
Vrinda Yohannan,6,1,0,1,1,0,0.0,LOW
Christopher Saraf,6,1,0,1,1,0,0.0,LOW
Hritik Grover,6,1,0,1,1,0,0.0,LOW
Yug Sheth,6,1,0,1,1,0,0.0,LOW
Farhan Rattan,6,1,0,1,1,0,0.0,LOW
Saanvi Pal,6,1,0,1,1,0,0.0,LOW
Lila Talwar,6,1,0,1,1,0,0.0,LOW
Ishwar Dada,6,1,0,1,1,0,0.0,LOW
Aadi Bumb,6,1,0,1,1,0,0.0,LOW
Chaitaly Ahuja,6,1,0,1,1,0,0.0,LOW
Krisha Bhatti,6,1,0,1,1,0,0.0,LOW
Ishita Bobal,6,1,0,1,1,0,0.0,LOW
Manbir Dixit,6,1,0,1,1,0,0.0,LOW
Neha Sankar,6,1,0,1,1,0,0.0,LOW
Shravya Rao,6,1,0,1,1,0,0.0,LOW
Ria Nath,6,1,0,1,1,0,0.0,LOW
Chakradhar Vora,6,1,0,1,1,0,0.0,LOW
Lajita Borde,6,1,0,1,1,0,0.0,LOW
Azad Dua,6,1,0,1,1,0,0.0,LOW
Udant Jain,6,1,0,1,1,0,0.0,LOW
David Trivedi,6,1,0,1,1,0,0.0,LOW
Aradhana Bumb,6,1,0,1,1,0,0.0,LOW
Zehaan Andra,6,1,0,1,1,0,0.0,LOW
Yochana Lalla,6,1,0,1,1,0,0.0,LOW
Arin Talwar,6,1,0,1,1,0,0.0,LOW
Vincent Narain,6,1,0,1,1,0,0.0,LOW
Pooja Kalla,6,1,0,1,1,0,0.0,LOW
Raghav Mallick,6,1,0,1,1,0,0.0,LOW
Om Nori,6,1,0,1,1,0,0.0,LOW
Mahika Dyal,6,1,0,1,1,0,0.0,LOW
Hardik Date,6,1,0,1,1,0,0.0,LOW
Wyatt Divan,6,1,0,1,1,0,0.0,LOW
Laban Gade,6,1,0,1,1,0,0.0,LOW
Leena Virk,6,1,0,1,1,0,0.0,LOW
Ishaan Munshi,6,1,0,1,1,0,0.0,LOW
Fariq Lal,6,1,0,1,1,0,0.0,LOW
Niharika Uppal,6,1,0,1,1,0,0.0,LOW
Patrick Raman,6,1,0,1,1,0,0.0,LOW
Ayush Kashyap,6,1,0,1,1,0,0.0,LOW
Gaurangi Menon,6,1,0,1,1,0,0.0,LOW
Nidra Issac,6,1,0,1,1,0,0.0,LOW
Harish Setty,6,1,0,1,1,0,0.0,LOW
Gavin Kunda,6,1,0,1,1,0,0.0,LOW
Charan Bhasin,6,1,0,1,1,0,0.0,LOW
Leena Vig,6,1,0,1,1,0,0.0,LOW
Omisha Bumb,6,1,0,1,1,0,0.0,LOW
Finn Wason,6,1,0,1,1,0,0.0,LOW
Nachiket Doshi,6,1,0,1,1,0,0.0,LOW
Wriddhish Varma,6,1,0,1,1,0,0.0,LOW
Naveen Shroff,6,1,0,1,1,0,0.0,LOW
Akshay Sami,6,1,0,1,1,0,0.0,LOW
Ganga Suresh,6,1,0,1,1,0,0.0,LOW
Pahal Deshpande,6,1,0,1,1,0,0.0,LOW
Omisha Vora,6,1,0,1,1,0,0.0,LOW
Aishani Date,6,1,0,1,1,0,0.0,LOW
Yashasvi Grover,6,1,0,1,1,0,0.0,LOW
Sai Ram,6,1,0,1,1,0,0.0,LOW
Ishani Venkatesh,6,1,0,1,1,0,0.0,LOW
Fariq Tata,6,1,0,1,1,0,0.0,LOW
Udarsh Kant,6,1,0,1,1,0,0.0,LOW
Jackson Solanki,6,1,0,1,1,0,0.0,LOW
Isha Kaur,6,1,0,1,1,0,0.0,LOW
Damini Mittal,6,1,0,1,1,0,0.0,LOW
Amrita Kalla,6,1,0,1,1,0,0.0,LOW
Gagan Bhasin,6,1,0,1,1,0,0.0,LOW
Yash Ahluwalia,6,1,0,1,1,0,0.0,LOW
Advika Shah,6,1,0,1,1,0,0.0,LOW
Waida Acharya,6,1,0,1,1,0,0.0,LOW
Eiravati Mishra,6,1,0,1,1,0,0.0,LOW
Aahana Joshi,6,1,0,1,1,0,0.0,LOW
Anirudh Rout,6,1,0,1,1,0,0.0,LOW
Harshil Gole,6,1,0,1,1,0,0.0,LOW
Liam Date,6,1,0,1,1,0,0.0,LOW
Jagvi Korpal,6,1,0,1,1,0,0.0,LOW
Aryan Patla,6,1,0,1,1,0,0.0,LOW
Sanya Kannan,6,1,0,1,1,0,0.0,LOW
Ekbal Rattan,6,1,0,1,1,0,0.0,LOW
Alka Kohli,6,1,0,1,1,0,0.0,LOW
Abdul Verma,6,1,0,1,1,0,0.0,LOW
Darpan Nath,6,1,0,1,1,0,0.0,LOW
Leela Kamdar,6,1,0,1,1,0,0.0,LOW
Chatura Acharya,6,1,0,1,1,0,0.0,LOW
Rachita Hora,6,1,0,1,1,0,0.0,LOW
Ekapad Jani,6,1,0,1,1,0,0.0,LOW
Falan Rama,6,1,0,1,1,0,0.0,LOW
Anusha Vyas,6,1,0,1,1,0,0.0,LOW
Dev Kala,6,1,0,1,1,0,0.0,LOW
Devansh Zachariah,6,1,0,1,1,0,0.0,LOW
Ishita Varughese,6,1,0,1,1,0,0.0,LOW
Mekhala Raman,6,1,0,1,1,0,0.0,LOW
Panini Batra,6,1,0,1,1,0,0.0,LOW
Mason Bakshi,6,1,0,1,1,0,0.0,LOW
Alka Kumar,6,1,0,1,1,0,0.0,LOW
Oeshi Sodhi,6,1,0,1,1,0,0.0,LOW
Panini Bhasin,6,1,0,1,1,0,0.0,LOW
Nitesh Chander,6,1,0,1,1,0,0.0,LOW
Brijesh Kulkarni,6,1,0,1,1,0,0.0,LOW
Luke Jhaveri,6,1,0,1,1,0,0.0,LOW
Vansha Karan,6,1,0,1,1,0,0.0,LOW
Dev Karpe,6,1,0,1,1,0,0.0,LOW
Charita Banerjee,6,1,0,1,1,0,0.0,LOW
Ekanta Biswas,6,1,0,1,1,0,0.0,LOW
Joshua Swamy,6,1,0,1,1,0,0.0,LOW
Abha Grewal,6,1,0,1,1,0,0.0,LOW
Faras Khanna,6,1,0,1,1,0,0.0,LOW
Pranit Dugar,6,1,0,1,1,0,0.0,LOW
Udant Cheema,6,1,0,1,1,0,0.0,LOW
Dalaja Minhas,6,1,0,1,1,0,0.0,LOW
Tripti Batra,6,1,0,1,1,0,0.0,LOW
Vedika Samra,6,1,0,1,1,0,0.0,LOW
Yashvi Muni,6,1,0,1,1,0,0.0,LOW
Deepa Dugar,6,1,0,1,1,0,0.0,LOW
Isaac Kumar,6,1,0,1,1,0,0.0,LOW
Mekhala Randhawa,6,1,0,1,1,0,0.0,LOW
Pranit Morar,6,1,0,1,1,0,0.0,LOW
Gopal Jaggi,6,1,0,1,1,0,0.0,LOW
Bhanumati Kata,6,1,0,1,1,0,0.0,LOW
Omkaar Raghavan,6,1,0,1,1,0,0.0,LOW
Hemal Verma,6,1,0,1,1,0,0.0,LOW
Bakhshi Batta,6,1,0,1,1,0,0.0,LOW
Hamsini Bhakta,6,1,0,1,1,0,0.0,LOW
Gagan Hayer,6,1,0,1,1,0,0.0,LOW
Kashvi Divan,6,1,0,1,1,0,0.0,LOW
Warhi Butala,6,1,0,1,1,0,0.0,LOW
Upkaar Mutti,6,1,0,1,1,0,0.0,LOW
Nathaniel Modi,6,1,0,1,1,0,0.0,LOW
Ekaja Nazareth,6,1,0,1,1,0,0.0,LOW
Fitan Swamy,6,1,0,1,1,0,0.0,LOW
Caleb Kibe,6,1,0,1,1,0,0.0,LOW
Yashvi Badal,6,1,0,1,1,0,0.0,LOW
Ridhi Kalita,6,1,0,1,1,0,0.0,LOW
Ansh Bahri,6,1,0,1,1,0,0.0,LOW
Panini Tandon,6,1,0,1,1,0,0.0,LOW
Utkarsh Ahuja,6,1,0,1,1,0,0.0,LOW
Vihaan Sha,6,1,0,1,1,0,0.0,LOW
Chanchal Mane,6,1,0,1,1,0,0.0,LOW
Anjali Deshpande,6,1,0,1,1,0,0.0,LOW
Aarna Puri,6,1,0,1,1,0,0.0,LOW
Arin Halder,6,1,0,1,1,0,0.0,LOW
Vihaan Luthra,6,1,0,1,1,0,0.0,LOW
Rachita Din,6,1,0,1,1,0,0.0,LOW
Pooja Kapadia,6,1,0,1,1,0,0.0,LOW
Eesha Venkatesh,6,1,0,1,1,0,0.0,LOW
Mitali Mani,6,1,0,1,1,0,0.0,LOW
Om Dora,6,1,0,1,1,0,0.0,LOW
Owen Cheema,6,1,0,1,1,0,0.0,LOW
Wriddhish Bhavsar,6,1,0,1,1,0,0.0,LOW
Indira Thaker,6,1,0,1,1,0,0.0,LOW
Aarav Rajan,6,1,0,1,1,0,0.0,LOW
Baghyawati Parmer,6,1,0,1,1,0,0.0,LOW
Dayamai Dhar,6,1,0,1,1,0,0.0,LOW
Nikita Mandal,6,1,0,1,1,0,0.0,LOW
Ishita Agate,6,1,0,1,1,0,0.0,LOW
Yagnesh Chaudry,6,1,0,1,1,0,0.0,LOW
Gabriel Sathe,6,1,0,1,1,0,0.0,LOW
Faqid Rai,6,1,0,1,1,0,0.0,LOW
Brijesh Sengupta,6,1,0,1,1,0,0.0,LOW
Onveer Aggarwal,6,1,0,1,1,0,0.0,LOW
Yashica Bhatti,6,1,0,1,1,0,0.0,LOW
Peter Borah,6,1,0,1,1,0,0.0,LOW
Bhavini Gara,6,1,0,1,1,0,0.0,LOW
Faras Malhotra,6,1,0,1,1,0,0.0,LOW
Tripti Mohanty,6,1,0,1,1,0,0.0,LOW
Vasatika Lalla,6,1,0,1,1,0,0.0,LOW
Urishilla Manne,6,1,0,1,1,0,0.0,LOW
Advay Agrawal,6,1,0,1,1,0,0.0,LOW
Omaja Wali,6,1,0,1,1,0,0.0,LOW
Saumya Sood,6,1,0,1,1,0,0.0,LOW
Chaitanya Chakraborty,6,1,0,1,1,0,0.0,LOW
Sara Suri,6,1,0,1,1,0,0.0,LOW
Finn Tiwari,6,1,0,1,1,0,0.0,LOW
Riya Morar,6,1,0,1,1,0,0.0,LOW
Indrajit Dutta,6,1,0,1,1,0,0.0,LOW
Matthew Ray,6,1,0,1,1,0,0.0,LOW
Jeremiah Vasa,6,1,0,1,1,0,0.0,LOW
Praneel Som,6,1,0,1,1,0,0.0,LOW
Ishwar Bava,6,1,0,1,1,0,0.0,LOW
Bhanumati Mistry,6,1,0,1,1,0,0.0,LOW
Chatresh Modi,6,1,0,1,1,0,0.0,LOW
Niharika Raj,6,1,0,1,1,0,0.0,LOW
Manthan Tara,6,1,0,1,1,0,0.0,LOW
Samarth Raja,6,1,0,1,1,0,0.0,LOW
Akshay Palla,6,1,0,1,1,0,0.0,LOW
Xalak Buch,6,1,0,1,1,0,0.0,LOW
Girish Modi,6,1,0,1,1,0,0.0,LOW
Rachit Sunder,6,1,0,1,1,0,0.0,LOW
Bhavya Nadig,6,1,0,1,1,0,0.0,LOW
Agastya Bajaj,6,1,0,1,1,0,0.0,LOW
Ansh Iyengar,6,1,0,1,1,0,0.0,LOW
Jacob Dash,6,1,0,1,1,0,0.0,LOW
Onveer Dalal,6,1,0,1,1,0,0.0,LOW
Dhriti Mody,6,1,0,1,1,0,0.0,LOW
Jackson Mody,6,1,0,1,1,0,0.0,LOW
Suhani Sampath,6,1,0,1,1,0,0.0,LOW
Sarthak Kota,6,1,0,1,1,0,0.0,LOW
Nirja Tata,6,1,0,1,1,0,0.0,LOW
Eta Karnik,6,1,0,1,1,0,0.0,LOW
Vasatika Narang,6,1,0,1,1,0,0.0,LOW
Aachal Chauhan,6,1,0,1,1,0,0.0,LOW
Jonathan Borah,6,1,0,1,1,0,0.0,LOW
Daksh Zacharia,6,1,0,1,1,0,0.0,LOW
Devansh Parmer,6,1,0,1,1,0,0.0,LOW
Jeremiah Saha,6,1,0,1,1,0,0.0,LOW
Noah Chand,6,1,0,1,1,0,0.0,LOW
Guneet Gara,6,1,0,1,1,0,0.0,LOW
Aradhana Rau,6,1,0,1,1,0,0.0,LOW
Vihaan Pradhan,6,1,0,1,1,0,0.0,LOW
Wakeeta Bora,6,1,0,1,1,0,0.0,LOW
Ikbal Barad,6,1,0,1,1,0,0.0,LOW
Darsh Chacko,6,1,0,1,1,0,0.0,LOW
Ekiya Arya,6,1,0,1,1,0,0.0,LOW
Rudra Badal,6,1,0,1,1,0,0.0,LOW
Rohan Vasa,6,1,0,1,1,0,0.0,LOW
Chanakya Bhargava,6,1,0,1,1,0,0.0,LOW
Indali Singhal,6,1,0,1,1,0,0.0,LOW
Joshua Sagar,6,1,0,1,1,0,0.0,LOW
Ira Puri,6,1,0,1,1,0,0.0,LOW
Aishani Singhal,6,1,0,1,1,0,0.0,LOW
Neha Mani,6,1,0,1,1,0,0.0,LOW
Wriddhish Gokhale,6,1,0,1,1,0,0.0,LOW
Ganga Ganguly,6,1,0,1,1,0,0.0,LOW
Banjeet Yohannan,6,1,0,1,1,0,0.0,LOW
Farhan Kumer,6,1,0,1,1,0,0.0,LOW
Nikita Tak,6,1,0,1,1,0,0.0,LOW
Indrajit Chaudry,6,1,0,1,1,0,0.0,LOW
Darika Apte,6,1,0,1,1,0,0.0,LOW
Aarav D’Alia,6,1,0,1,1,0,0.0,LOW
Irya Dugar,6,1,0,1,1,0,0.0,LOW
Rehaan Sur,6,1,0,1,1,0,0.0,LOW
Tanish Mandal,6,1,0,1,1,0,0.0,LOW
Garima Lanka,6,1,0,1,1,0,0.0,LOW
Veda Swamy,6,1,0,1,1,0,0.0,LOW
Alka Warrior,6,1,0,1,1,0,0.0,LOW
Ekapad Rout,6,1,0,1,1,0,0.0,LOW
Dominic Bhardwaj,6,1,0,1,1,0,0.0,LOW
Theodore Padmanabhan,6,1,0,1,1,0,0.0,LOW
Omkaar Ganesh,6,1,0,1,1,0,0.0,LOW
Chaaya Nayak,6,1,0,1,1,0,0.0,LOW
Omaja Sundaram,6,1,0,1,1,0,0.0,LOW
Qushi Nadig,6,1,0,1,1,0,0.0,LOW
Viraj Khurana,6,1,0,1,1,0,0.0,LOW
Avni Date,6,1,0,1,1,0,0.0,LOW
Ethan Rai,6,1,0,1,1,0,0.0,LOW
Wyatt Pandya,6,1,0,1,1,0,0.0,LOW
Zehaan Cherian,6,1,0,1,1,0,0.0,LOW
Inaya Baral,6,1,0,1,1,0,0.0,LOW
Alka Deo,6,1,0,1,1,0,0.0,LOW
Tanish Sastry,6,1,0,1,1,0,0.0,LOW
Orinder Ahuja,6,1,0,1,1,0,0.0,LOW
Tarak Saraf,6,1,0,1,1,0,0.0,LOW
Nachiket Keer,6,1,0,1,1,0,0.0,LOW
Tripti Sampath,6,1,0,1,1,0,0.0,LOW
Rachit Zacharia,6,1,0,1,1,0,0.0,LOW
Ishwar Dash,6,1,0,1,1,0,0.0,LOW
Tanish Shankar,6,1,0,1,1,0,0.0,LOW
Ganga Mander,6,1,0,1,1,0,0.0,LOW
Shaurya Subramanian,6,1,0,1,1,0,0.0,LOW
Charita Garg,6,1,0,1,1,0,0.0,LOW
Aarav Magar,6,1,0,1,1,0,0.0,LOW
Parth Thakur,6,1,0,1,1,0,0.0,LOW
Panini Dasgupta,6,1,0,1,1,0,0.0,LOW
Rushil Dyal,6,1,0,1,1,0,0.0,LOW
Dalaja Tandon,6,1,0,1,1,0,0.0,LOW
Faqid Bera,6,1,0,1,1,0,0.0,LOW
Ubika Bhandari,6,1,0,1,1,0,0.0,LOW
Tanmayi Parikh,6,1,0,1,1,0,0.0,LOW
Pallavi Venkataraman,6,1,0,1,1,0,0.0,LOW
Noah Chawla,6,1,0,1,1,0,0.0,LOW
Megha Goswami,6,1,0,1,1,0,0.0,LOW
Maanav Chander,6,1,0,1,1,0,0.0,LOW
Lopa Saran,6,1,0,1,1,0,0.0,LOW
Nimrat Raghavan,6,1,0,1,1,0,0.0,LOW
Jalsa Rai,6,1,0,1,1,0,0.0,LOW
Chameli Upadhyay,6,1,0,1,1,0,0.0,LOW
Ati Mahal,6,1,0,1,1,0,0.0,LOW
Noah Das,6,1,0,1,1,0,0.0,LOW
Ekta Bhatia,6,1,0,1,1,0,0.0,LOW
Lakshit Kamdar,6,1,0,1,1,0,0.0,LOW
Rajata Arya,6,1,0,1,1,0,0.0,LOW
Panini Edwin,6,1,0,1,1,0,0.0,LOW
Zayyan Barad,6,1,0,1,1,0,0.0,LOW
Upadhriti Rastogi,6,1,0,1,1,0,0.0,LOW
Indrajit Jhaveri,6,1,0,1,1,0,0.0,LOW
Damyanti Nadkarni,6,1,0,1,1,0,0.0,LOW
Lopa Raj,6,1,0,1,1,0,0.0,LOW
Lekha Chada,6,1,0,1,1,0,0.0,LOW
Raksha Ganesh,6,1,0,1,1,0,0.0,LOW
Umang Chadha,6,1,0,1,1,0,0.0,LOW
Ria Thakkar,6,1,0,1,1,0,0.0,LOW
Waida Bhat,6,1,0,1,1,0,0.0,LOW
Gagan Aggarwal,6,1,0,1,1,0,0.0,LOW
Vyanjana Baral,6,1,0,1,1,0,0.0,LOW
Abdul Mitra,6,1,0,1,1,0,0.0,LOW
Orinder Bail,6,1,0,1,1,0,0.0,LOW
Chameli Khalsa,6,1,0,1,1,0,0.0,LOW
Faras Bala,6,1,0,1,1,0,0.0,LOW
Zaitra Jain,6,1,0,1,1,0,0.0,LOW
Quincy Rao,6,1,0,1,1,0,0.0,LOW
Amara Trivedi,6,1,0,1,1,0,0.0,LOW
Meghana Suri,6,1,0,1,1,0,0.0,LOW
Hardik Boase,6,1,0,1,1,0,0.0,LOW
Arjun Ratta,6,1,0,1,1,0,0.0,LOW
Rushil Magar,6,1,0,1,1,0,0.0,LOW
Vrishti Nanda,6,1,0,1,1,0,0.0,LOW
Yadavi Sura,6,1,0,1,1,0,0.0,LOW
Andrew Naik,6,1,0,1,1,0,0.0,LOW
Robert Rau,6,1,0,1,1,0,0.0,LOW
Jagdish Tailor,6,1,0,1,1,0,0.0,LOW
Patrick Golla,6,1,0,1,1,0,0.0,LOW
Sathvik Walla,6,1,0,1,1,0,0.0,LOW
Ronith Puri,6,1,0,1,1,0,0.0,LOW
Veer Iyengar,6,1,0,1,1,0,0.0,LOW
Ronith Narula,6,1,0,1,1,0,0.0,LOW
Luke Sekhon,6,1,0,1,1,0,0.0,LOW
Ekantika Grewal,6,1,0,1,1,0,0.0,LOW
Veda Wali,6,1,0,1,1,0,0.0,LOW
Aarav Keer,6,1,0,1,1,0,0.0,LOW
Jacob Kala,6,1,0,1,1,0,0.0,LOW
Vedhika Rege,6,1,0,1,1,0,0.0,LOW
Edhitha Chahal,6,1,0,1,1,0,0.0,LOW
Ishwar Bassi,6,1,0,1,1,0,0.0,LOW
Gabriel Bajaj,6,1,0,1,1,0,0.0,LOW
Anmol Walla,6,1,0,1,1,0,0.0,LOW
Brinda Warrior,6,1,0,1,1,0,0.0,LOW
Charles Varghese,6,1,0,1,1,0,0.0,LOW
Mekhala Agarwal,6,1,0,1,1,0,0.0,LOW
Chakrika Wable,6,1,0,1,1,0,0.0,LOW
Gunbir Kala,6,1,0,1,1,0,0.0,LOW
Kashish Lall,6,1,0,1,1,0,0.0,LOW
Anmol Sheth,6,1,0,1,1,0,0.0,LOW
Nimrat Lala,6,1,0,1,1,0,0.0,LOW
Quincy Srivastava,6,1,0,1,1,0,0.0,LOW
Vasatika Bandi,6,1,0,1,1,0,0.0,LOW
Ishaan Nanda,6,1,0,1,1,0,0.0,LOW
Yashawini Badami,6,1,0,1,1,0,0.0,LOW
Mitali Wagle,6,1,0,1,1,0,0.0,LOW
Kamya Viswanathan,6,1,0,1,1,0,0.0,LOW
Chandran Mishra,6,1,0,1,1,0,0.0,LOW
Gavin Ravi,6,1,0,1,1,0,0.0,LOW
Geetika Barman,6,1,0,1,1,0,0.0,LOW
Dalaja Sundaram,6,1,0,1,1,0,0.0,LOW
Faqid Soman,6,1,0,1,1,0,0.0,LOW
Kiaan Arora,6,1,0,1,1,0,0.0,LOW
Inaya Sidhu,6,1,0,1,1,0,0.0,LOW
Ayush Dhaliwal,6,1,0,1,1,0,0.0,LOW
Nakul Deol,6,1,0,1,1,0,0.0,LOW
Xavier Naidu,6,1,0,1,1,0,0.0,LOW
Jagvi Mitra,6,1,0,1,1,0,0.0,LOW
Faqid Murty,6,1,0,1,1,0,0.0,LOW
Hemani Mistry,6,1,0,1,1,0,0.0,LOW
Siddharth Sangha,6,1,0,1,1,0,0.0,LOW
Bhavani Nanda,6,1,0,1,1,0,0.0,LOW
Hiral Deo,6,1,0,1,1,0,0.0,LOW
Indrajit Edwin,6,1,0,1,1,0,0.0,LOW
Panini Yohannan,6,1,0,1,1,0,0.0,LOW
Charita Ganesan,6,1,0,1,1,0,0.0,LOW
Lakshmi Din,6,1,0,1,1,0,0.0,LOW
Warinder Bera,6,1,0,1,1,0,0.0,LOW
Faris Wason,6,1,0,1,1,0,0.0,LOW
Wahab Ganesh,6,1,0,1,1,0,0.0,LOW
Jagdish Ramakrishnan,6,1,0,1,1,0,0.0,LOW
Edhitha Khare,6,1,0,1,1,0,0.0,LOW
Avi Chhabra,6,1,0,1,1,0,0.0,LOW
Faris Ramesh,6,1,0,1,1,0,0.0,LOW
Netra Sarma,6,1,0,1,1,0,0.0,LOW
Januja Wable,6,1,0,1,1,0,0.0,LOW
Naveen Chowdhury,6,1,0,1,1,0,0.0,LOW
Keya Randhawa,6,1,0,1,1,0,0.0,LOW
Yashvi Ganguly,6,1,0,1,1,0,0.0,LOW
Azaan Doctor,6,1,0,1,1,0,0.0,LOW
Sai Lanka,6,1,0,1,1,0,0.0,LOW
Brijesh Sidhu,6,1,0,1,1,0,0.0,LOW
Bhavna Sankaran,6,1,0,1,1,0,0.0,LOW
Maanav Bakshi,6,1,0,1,1,0,0.0,LOW
Qadim Bhalla,6,1,0,1,1,0,0.0,LOW
Jack More,6,1,0,1,1,0,0.0,LOW
Sara Pingle,6,1,0,1,1,0,0.0,LOW
Tanish Kapadia,6,1,0,1,1,0,0.0,LOW
Wishi Tata,6,1,0,1,1,0,0.0,LOW
Yasti Sangha,6,1,0,1,1,0,0.0,LOW
Kashish Natt,6,1,0,1,1,0,0.0,LOW
Dakshesh Grewal,6,1,0,1,1,0,0.0,LOW
Brijesh Trivedi,6,1,0,1,1,0,0.0,LOW
Alexander Tata,6,1,0,1,1,0,0.0,LOW
Girik Chaudhary,6,1,0,1,1,0,0.0,LOW
Reva Sabharwal,6,1,0,1,1,0,0.0,LOW
Dipta Mallick,6,1,0,1,1,0,0.0,LOW
Robert Dass,6,1,0,1,1,0,0.0,LOW
Nakul Gulati,6,1,0,1,1,0,0.0,LOW
Veda Nazareth,6,1,0,1,1,0,0.0,LOW
Oscar Bhatti,6,1,0,1,1,0,0.0,LOW
Rushil Mohan,6,1,0,1,1,0,0.0,LOW
Aditya Rastogi,6,1,0,1,1,0,0.0,LOW
Kalpit Dalal,6,1,0,1,1,0,0.0,LOW
Veda Banerjee,6,1,0,1,1,0,0.0,LOW
Luke Lad,6,1,0,1,1,0,0.0,LOW
Arin Shenoy,6,1,0,1,1,0,0.0,LOW
Qadim Nair,6,1,0,1,1,0,0.0,LOW
Aadhya Vig,6,1,0,1,1,0,0.0,LOW
Anirudh Lad,6,1,0,1,1,0,0.0,LOW
Vedhika Sule,6,1,0,1,1,0,0.0,LOW
Adya Taneja,6,1,0,1,1,0,0.0,LOW
Ridhi Sastry,6,1,0,1,1,0,0.0,LOW
Aashi Chana,6,1,0,1,1,0,0.0,LOW
Jagat More,6,1,0,1,1,0,0.0,LOW
Udarsh Kurian,6,1,0,1,1,0,0.0,LOW
Suhani Mohan,6,1,0,1,1,0,0.0,LOW
Edhitha Kala,6,1,0,1,1,0,0.0,LOW
Aarav Sant,6,1,0,1,1,0,0.0,LOW
Aarna Issac,6,1,0,1,1,0,0.0,LOW
Saanvi Talwar,6,1,0,1,1,0,0.0,LOW
Sanaya Chaudhari,6,1,0,1,1,0,0.0,LOW
Neel Puri,6,1,0,1,1,0,0.0,LOW
Eesha Manda,6,1,0,1,1,0,0.0,LOW
Xiti Prakash,6,1,0,1,1,0,0.0,LOW
Henry Peri,6,1,0,1,1,0,0.0,LOW
Vivaan Chakrabarti,6,1,0,1,1,0,0.0,LOW
Sanya Wadhwa,6,1,0,1,1,0,0.0,LOW
Xalak Krishna,6,1,0,1,1,0,0.0,LOW
Darsh Kant,6,1,0,1,1,0,0.0,LOW
Chanakya Mitra,6,1,0,1,1,0,0.0,LOW
Farhan Mall,6,1,0,1,1,0,0.0,LOW
Zilmil Kalita,6,1,0,1,1,0,0.0,LOW
Mugdha Banerjee,6,1,0,1,1,0,0.0,LOW
Zarna Agarwal,6,1,0,1,1,0,0.0,LOW
Mekhala Chauhan,6,1,0,1,1,0,0.0,LOW
Krish Aggarwal,6,1,0,1,1,0,0.0,LOW
Jeevika Patla,6,1,0,1,1,0,0.0,LOW
Luke Thaker,6,1,0,1,1,0,0.0,LOW
Arunima Sankar,6,1,0,1,1,0,0.0,LOW
Anita Hayer,6,1,0,1,1,0,0.0,LOW
Bahadurjit Wadhwa,6,1,0,1,1,0,0.0,LOW
Nisha Mall,6,1,0,1,1,0,0.0,LOW
Ekaraj Krishna,6,1,0,1,1,0,0.0,LOW
Ojas Maharaj,6,1,0,1,1,0,0.0,LOW
Daksh Sunder,6,1,0,1,1,0,0.0,LOW
Hredhaan Doshi,6,1,0,1,1,0,0.0,LOW
Qadim Jhaveri,6,1,0,1,1,0,0.0,LOW
Nachiket Kakar,6,1,0,1,1,0,0.0,LOW
Zansi Dash,6,1,0,1,1,0,0.0,LOW
Adya Nazareth,6,1,0,1,1,0,0.0,LOW
Vasana Manda,6,1,0,1,1,0,0.0,LOW
Abhimanyu Viswanathan,6,1,0,1,1,0,0.0,LOW
Hemani Bhalla,6,1,0,1,1,0,0.0,LOW
Mugdha Iyengar,6,1,0,1,1,0,0.0,LOW
Gavin Sampath,6,1,0,1,1,0,0.0,LOW
Girik Shanker,6,1,0,1,1,0,0.0,LOW
Sai Edwin,6,1,0,1,1,0,0.0,LOW
Qabil Dass,6,1,0,1,1,0,0.0,LOW
Ishanvi Yohannan,6,1,0,1,1,0,0.0,LOW
Ucchal Halder,6,1,0,1,1,0,0.0,LOW
Gautami Doshi,6,1,0,1,1,0,0.0,LOW
Netra Bal,6,1,0,1,1,0,0.0,LOW
Utkarsh Karnik,6,1,0,1,1,0,0.0,LOW
Nisha Sinha,6,1,0,1,1,0,0.0,LOW
Ira Raman,6,1,0,1,1,0,0.0,LOW
Upasna Natarajan,6,1,0,1,1,0,0.0,LOW
Charita Mani,6,1,0,1,1,0,0.0,LOW
Laksh Bhagat,6,1,0,1,1,0,0.0,LOW
Chatresh Ahuja,6,1,0,1,1,0,0.0,LOW
Harshil Murthy,6,1,0,1,1,0,0.0,LOW
Tanmayi Soni,6,1,0,1,1,0,0.0,LOW
Yug Wali,6,1,0,1,1,0,0.0,LOW
Niharika Chacko,6,1,0,1,1,0,0.0,LOW
Samuel Tandon,6,1,0,1,1,0,0.0,LOW
Champak Hegde,6,1,0,1,1,0,0.0,LOW
Mason Mannan,6,1,0,1,1,0,0.0,LOW
Gauri Yogi,6,1,0,1,1,0,0.0,LOW
Chameli Sood,6,1,0,1,1,0,0.0,LOW
Hemal Ratta,6,1,0,1,1,0,0.0,LOW
Siddharth Shah,6,1,0,1,1,0,0.0,LOW
Wakeeta Parikh,6,1,0,1,1,0,0.0,LOW
Charan Dhawan,6,1,0,1,1,0,0.0,LOW
Chakradev Pal,6,1,0,1,1,0,0.0,LOW
Aahana Nayar,6,1,0,1,1,0,0.0,LOW
Lekha Bansal,6,1,0,1,1,0,0.0,LOW
Varsha Pau,6,1,0,1,1,0,0.0,LOW
Waida Shukla,6,1,0,1,1,0,0.0,LOW
Irya Madan,6,1,0,1,1,0,0.0,LOW
Amol Thaman,6,1,0,1,1,0,0.0,LOW
Jagrati Dube,6,1,0,1,1,0,0.0,LOW
Manan Thakur,6,1,0,1,1,0,0.0,LOW
Nathan Nair,6,1,0,1,1,0,0.0,LOW
Yahvi Prabhu,6,1,0,1,1,0,0.0,LOW
Yahvi Date,6,1,0,1,1,0,0.0,LOW
Aayush Bahri,6,1,0,1,1,0,0.0,LOW
Ishaan Bose,6,1,0,1,1,0,0.0,LOW
Brinda Mallick,6,1,0,1,1,0,0.0,LOW
Ranbir Manda,6,1,0,1,1,0,0.0,LOW
Bakhshi Bhatnagar,6,1,0,1,1,0,0.0,LOW
Hemal Pingle,6,1,0,1,1,0,0.0,LOW
Dalaja Mistry,6,1,0,1,1,0,0.0,LOW
Jackson Badal,6,1,0,1,1,0,0.0,LOW
Vritti Arora,6,1,0,1,1,0,0.0,LOW
Banjeet Bahl,6,1,0,1,1,0,0.0,LOW
Lucky Bhargava,6,1,0,1,1,0,0.0,LOW
Inaya Savant,6,1,0,1,1,0,0.0,LOW
Chanchal Panchal,6,1,0,1,1,0,0.0,LOW
Eta Varghese,6,1,0,1,1,0,0.0,LOW
Pahal Soni,6,1,0,1,1,0,0.0,LOW
Nitara Vohra,6,1,0,1,1,0,0.0,LOW
Radha Gade,6,1,0,1,1,0,0.0,LOW
Libni Sridhar,6,1,0,1,1,0,0.0,LOW
Gaurangi Lata,6,1,0,1,1,0,0.0,LOW
Bina Saha,6,1,0,1,1,0,0.0,LOW
Yauvani Arora,6,1,0,1,1,0,0.0,LOW
Omkaar Ram,6,1,0,1,1,0,0.0,LOW
Wyatt Bhatia,6,1,0,1,1,0,0.0,LOW
Yoshita Dora,6,1,0,1,1,0,0.0,LOW
Sarthak Chana,6,1,0,1,1,0,0.0,LOW
Rayaan Yadav,6,1,0,1,1,0,0.0,LOW
Vihaan Mohanty,6,1,0,1,1,0,0.0,LOW
Kamya Dash,6,1,0,1,1,0,0.0,LOW
Ria Sundaram,6,1,0,1,1,0,0.0,LOW
Rushil Gupta,6,1,0,1,1,0,0.0,LOW
Tara Kuruvilla,6,1,0,1,1,0,0.0,LOW
Orinder Raval,6,1,0,1,1,0,0.0,LOW
Rushil Misra,6,1,0,1,1,0,0.0,LOW
Bahadurjit Merchant,6,1,0,1,1,0,0.0,LOW
Ishaan Murty,6,1,0,1,1,0,0.0,LOW
Yauvani Ganesh,6,1,0,1,1,0,0.0,LOW
Vasatika Doshi,6,1,0,1,1,0,0.0,LOW
Jyoti Majumdar,6,1,0,1,1,0,0.0,LOW
Yashvi Barad,6,1,0,1,1,0,0.0,LOW
Jagdish Aurora,6,1,0,1,1,0,0.0,LOW
Upma Tella,6,1,0,1,1,0,0.0,LOW
Madhavi Shankar,6,1,0,1,1,0,0.0,LOW
Naveen Bobal,6,1,0,1,1,0,0.0,LOW
Kalpit Vig,6,1,0,1,1,0,0.0,LOW
Pooja Sangha,6,1,0,1,1,0,0.0,LOW
Indali Kaur,6,1,0,1,1,0,0.0,LOW
Hemang Grewal,6,1,0,1,1,0,0.0,LOW
Neha Sharaf,6,1,0,1,1,0,0.0,LOW
Vasudha Mangat,6,1,0,1,1,0,0.0,LOW
Devika Baral,6,1,0,1,1,0,0.0,LOW
Ucchal Ahluwalia,6,1,0,1,1,0,0.0,LOW
Rachana Parekh,6,1,0,1,1,0,0.0,LOW
Bhavna Mannan,6,1,0,1,1,0,0.0,LOW
Umang Pingle,6,1,0,1,1,0,0.0,LOW
Adweta Dutt,6,1,0,1,1,0,0.0,LOW
Manbir Sidhu,6,1,0,1,1,0,0.0,LOW
Qasim Gera,6,1,0,1,1,0,0.0,LOW
Bhavya Mohan,6,1,0,1,1,0,0.0,LOW
Sara Gera,6,1,0,1,1,0,0.0,LOW
Vincent Soni,6,1,0,1,1,0,0.0,LOW
Utkarsh Dar,6,1,0,1,1,0,0.0,LOW
Kamala Basak,6,1,0,1,1,0,0.0,LOW
Joshua Brar,6,1,0,1,1,0,0.0,LOW
Veer Wali,6,1,0,1,1,0,0.0,LOW
Omya Sandhu,6,1,0,1,1,0,0.0,LOW
Samesh Kothari,6,1,0,1,1,0,0.0,LOW
Damyanti Nair,6,1,0,1,1,0,0.0,LOW
Isaac Pau,6,1,0,1,1,0,0.0,LOW
Kashvi Pillay,6,1,0,1,1,0,0.0,LOW
Zinal Devan,6,1,0,1,1,0,0.0,LOW
Dhriti Sha,6,1,0,1,1,0,0.0,LOW
Amol Sibal,6,1,0,1,1,0,0.0,LOW
Tara Gupta,6,1,0,1,1,0,0.0,LOW
Harinakshi Krishnan,6,1,0,1,1,0,0.0,LOW
Bhavika Baral,6,1,0,1,1,0,0.0,LOW
Pranav Shanker,6,1,0,1,1,0,0.0,LOW
Harinakshi Luthra,6,1,0,1,1,0,0.0,LOW
Yatan Modi,6,1,0,1,1,0,0.0,LOW
Zayyan Patla,6,1,0,1,1,0,0.0,LOW
Nikita Badami,6,1,0,1,1,0,0.0,LOW
Bhavani Hari,6,1,0,1,1,0,0.0,LOW
Isha Prabhakar,6,1,0,1,1,0,0.0,LOW
Ijaya Ramakrishnan,6,1,0,1,1,0,0.0,LOW
Oeshi Mitra,6,1,0,1,1,0,0.0,LOW
Janya Golla,6,1,0,1,1,0,0.0,LOW
Kevin Prasad,6,1,0,1,1,0,0.0,LOW
Gopal Ghosh,6,1,0,1,1,0,0.0,LOW
Rishi Choudhary,6,1,0,1,1,0,0.0,LOW
Sathvik Chahal,6,1,0,1,1,0,0.0,LOW
Xalak Kumar,6,1,0,1,1,0,0.0,LOW
Vaishnavi Parsa,6,1,0,1,1,0,0.0,LOW
Bishakha Dayal,6,1,0,1,1,0,0.0,LOW
Tripti Dara,6,1,0,1,1,0,0.0,LOW
Yashasvi Bumb,6,1,0,1,1,0,0.0,LOW
Matthew Sandhu,6,1,0,1,1,0,0.0,LOW
Kamala Pal,6,1,0,1,1,0,0.0,LOW
Vidhi Rau,6,1,0,1,1,0,0.0,LOW
Naveen Ratta,6,1,0,1,1,0,0.0,LOW
William Biswas,6,1,0,1,1,0,0.0,LOW
Vihaan Kannan,6,1,0,1,1,0,0.0,LOW
Unni Lalla,6,1,0,1,1,0,0.0,LOW
Arjun Chaudhari,6,1,0,1,1,0,0.0,LOW
Adya Khanna,6,1,0,1,1,0,0.0,LOW
Yamini Manne,6,1,0,1,1,0,0.0,LOW
Parth Soman,6,1,0,1,1,0,0.0,LOW
Madhav Tella,6,1,0,1,1,0,0.0,LOW
Onkar Chaudhary,6,1,0,1,1,0,0.0,LOW
Praneel Ram,6,1,0,1,1,0,0.0,LOW
Qabil Banerjee,6,1,0,1,1,0,0.0,LOW
Shivansh Sani,6,1,0,1,1,0,0.0,LOW
Aachal Kadakia,6,1,0,1,1,0,0.0,LOW
Udyati Tella,6,1,0,1,1,0,0.0,LOW
Omaja Char,6,1,0,1,1,0,0.0,LOW
Tanvi Jayaraman,6,1,0,1,1,0,0.0,LOW
Advik Sidhu,6,1,0,1,1,0,0.0,LOW
Veda Gulati,6,1,0,1,1,0,0.0,LOW
Vedhika Chacko,6,1,0,1,1,0,0.0,LOW
Ayushman Agarwal,6,1,0,1,1,0,0.0,LOW
Anita Bhatti,6,1,0,1,1,0,0.0,LOW
Joshua Saini,6,1,0,1,1,0,0.0,LOW
Rachana Suri,6,1,0,1,1,0,0.0,LOW
Lakshmi Ravel,6,1,0,1,1,0,0.0,LOW
Baghyawati Bassi,6,1,0,1,1,0,0.0,LOW
Jairaj Yohannan,6,1,0,1,1,0,0.0,LOW
Neha Mann,6,1,0,1,1,0,0.0,LOW
Yashawini Kala,6,1,0,1,1,0,0.0,LOW
Gayathri Dalal,6,1,0,1,1,0,0.0,LOW
Gautami Parmar,6,1,0,1,1,0,0.0,LOW
Ryan Srivastava,6,1,0,1,1,0,0.0,LOW
Unnati Mangat,6,1,0,1,1,0,0.0,LOW
Chatresh Biswas,6,1,0,1,1,0,0.0,LOW
Udant Dyal,6,1,0,1,1,0,0.0,LOW
Wazir Lalla,6,1,0,1,1,0,0.0,LOW
Joshua Solanki,6,1,0,1,1,0,0.0,LOW
Zaid Agarwal,6,1,0,1,1,0,0.0,LOW
Hemangini Bumb,6,1,0,1,1,0,0.0,LOW
Anita Parekh,6,1,0,1,1,0,0.0,LOW
Harshil Krish,6,1,0,1,1,0,0.0,LOW
Raghav Malhotra,6,1,0,1,1,0,0.0,LOW
Vincent Babu,6,1,0,1,1,0,0.0,LOW
Gaurav Trivedi,6,1,0,1,1,0,0.0,LOW
Guneet Bala,6,1,0,1,1,0,0.0,LOW
Indrajit Sachdeva,6,1,0,1,1,0,0.0,LOW
Suhani Kala,6,1,0,1,1,0,0.0,LOW
Krishna Gour,6,1,0,1,1,0,0.0,LOW
Nirja Hora,6,1,0,1,1,0,0.0,LOW
Kashvi Ganguly,6,1,0,1,1,0,0.0,LOW
Lucky Om,6,1,0,1,1,0,0.0,LOW
Naveen Mitra,6,1,0,1,1,0,0.0,LOW
Urmi Chhabra,6,1,0,1,1,0,0.0,LOW
Yashasvi Padmanabhan,6,1,0,1,1,0,0.0,LOW
Kashish Dara,6,1,0,1,1,0,0.0,LOW
Benjamin Randhawa,6,1,0,1,1,0,0.0,LOW
Darsh Sheth,6,1,0,1,1,0,0.0,LOW
Eiravati Karnik,6,1,0,1,1,0,0.0,LOW
Ekansh Nanda,6,1,0,1,1,0,0.0,LOW
Faraj Bhardwaj,6,1,0,1,1,0,0.0,LOW
Qarin Garg,6,1,0,1,1,0,0.0,LOW
Upadhriti Deol,6,1,0,1,1,0,0.0,LOW
Ethan Krishnan,6,1,0,1,1,0,0.0,LOW
Madhavi Gill,6,1,0,1,1,0,0.0,LOW
Krish Bhat,6,1,0,1,1,0,0.0,LOW
Girindra Savant,6,1,0,1,1,0,0.0,LOW
Onveer Taneja,6,1,0,1,1,0,0.0,LOW
Agastya Trivedi,6,1,0,1,1,0,0.0,LOW
Leena Kunda,6,1,0,1,1,0,0.0,LOW
Nakul Sharaf,6,1,0,1,1,0,0.0,LOW
Raagini Kar,6,1,0,1,1,0,0.0,LOW
Oliver Sehgal,6,1,0,1,1,0,0.0,LOW
Anita Tak,6,1,0,1,1,0,0.0,LOW
Tripti Ratti,6,1,0,1,1,0,0.0,LOW
Bachittar Basu,6,1,0,1,1,0,0.0,LOW
Nitesh Kalla,6,1,0,1,1,0,0.0,LOW
Mohini Lanka,6,1,0,1,1,0,0.0,LOW
Jasmit Shenoy,6,1,0,1,1,0,0.0,LOW
Dalaja Tata,6,1,0,1,1,0,0.0,LOW
Xavier Jaggi,6,1,0,1,1,0,0.0,LOW
Shravya Yadav,6,1,0,1,1,0,0.0,LOW
Wahab Palan,6,1,0,1,1,0,0.0,LOW
Aarnav Varkey,6,1,0,1,1,0,0.0,LOW
Radhika Sachar,6,1,0,1,1,0,0.0,LOW
Gopal Krishnan,6,1,0,1,1,0,0.0,LOW
Chandani Rao,6,1,0,1,1,0,0.0,LOW
Azad Raghavan,6,1,0,1,1,0,0.0,LOW
Kashvi Sarna,6,1,0,1,1,0,0.0,LOW
Samesh Basak,6,1,0,1,1,0,0.0,LOW
Gautami Sahni,6,1,0,1,1,0,0.0,LOW
Nicholas Ramachandran,6,1,0,1,1,0,0.0,LOW
Harini Cheema,6,1,0,1,1,0,0.0,LOW
Upma Sodhi,6,1,0,1,1,0,0.0,LOW
Azad Taneja,6,1,0,1,1,0,0.0,LOW
Alka Doshi,6,1,0,1,1,0,0.0,LOW
Unni Natarajan,6,1,0,1,1,0,0.0,LOW
Neelima Mahal,6,1,0,1,1,0,0.0,LOW
Tripti Seth,6,1,0,1,1,0,0.0,LOW
Maanav Jhaveri,6,1,0,1,1,0,0.0,LOW
Nihal Devi,6,1,0,1,1,0,0.0,LOW
Advik Reddy,6,1,0,1,1,0,0.0,LOW
Bishakha Hora,6,1,0,1,1,0,0.0,LOW
Idika Kulkarni,6,1,0,1,1,0,0.0,LOW
Kevin Chandra,6,1,0,1,1,0,0.0,LOW
Chandani Desai,6,1,0,1,1,0,0.0,LOW
Rachit Sastry,6,1,0,1,1,0,0.0,LOW
Chakrika Roy,6,1,0,1,1,0,0.0,LOW
Diya Rajagopal,6,1,0,1,1,0,0.0,LOW
Harinakshi Bassi,6,1,0,1,1,0,0.0,LOW
Samuel Bhattacharyya,6,1,0,1,1,0,0.0,LOW
Harish Batra,6,1,0,1,1,0,0.0,LOW
Ubika Bera,6,1,0,1,1,0,0.0,LOW
Jagvi Thaker,6,1,0,1,1,0,0.0,LOW
Azaan Krishna,6,1,0,1,1,0,0.0,LOW
Niharika Rege,6,1,0,1,1,0,0.0,LOW
Faris Sami,6,1,0,1,1,0,0.0,LOW
Devika Sura,6,1,0,1,1,0,0.0,LOW
Ucchal Kaur,6,1,0,1,1,0,0.0,LOW
Peter Mital,6,1,0,1,1,0,0.0,LOW
Hritik Agrawal,6,1,0,1,1,0,0.0,LOW
Vasudha Sachdeva,6,1,0,1,1,0,0.0,LOW
Gaurang Gour,6,1,0,1,1,0,0.0,LOW
Ryan Sabharwal,6,1,0,1,1,0,0.0,LOW
Gavin Sahota,6,1,0,1,1,0,0.0,LOW
Omisha Apte,6,1,0,1,1,0,0.0,LOW
Fiyaz Shankar,6,1,0,1,1,0,0.0,LOW
Madhav Mand,6,1,0,1,1,0,0.0,LOW
Barkha Andra,6,1,0,1,1,0,0.0,LOW
Elijah Kalita,6,1,0,1,1,0,0.0,LOW
Gaurika Upadhyay,6,1,0,1,1,0,0.0,LOW
Jatin Tank,6,1,0,1,1,0,0.0,LOW
Charvi Lata,6,1,0,1,1,0,0.0,LOW
Ayush Sahni,6,1,0,1,1,0,0.0,LOW
Qushi Choudhury,6,1,0,1,1,0,0.0,LOW
Kritika Narasimhan,6,1,0,1,1,0,0.0,LOW
Anamika Raja,6,1,0,1,1,0,0.0,LOW
Girindra Murty,6,1,0,1,1,0,0.0,LOW
Jonathan Gandhi,6,1,0,1,1,0,0.0,LOW
Ekta Kannan,6,1,0,1,1,0,0.0,LOW
Xiti Kalla,6,1,0,1,1,0,0.0,LOW
Hemani Majumdar,6,1,0,1,1,0,0.0,LOW
Bhavani Madan,6,1,0,1,1,0,0.0,LOW
Madhav Buch,6,1,0,1,1,0,0.0,LOW
Qasim Kar,6,1,0,1,1,0,0.0,LOW
Jeet Basak,6,1,0,1,1,0,0.0,LOW
Noah Chaudhuri,6,1,0,1,1,0,0.0,LOW
Laksh Vora,6,1,0,1,1,0,0.0,LOW
Sai Sen,6,1,0,1,1,0,0.0,LOW
Gagan Sandal,6,1,0,1,1,0,0.0,LOW
Varsha Subramaniam,6,1,0,1,1,0,0.0,LOW
Praneel Gala,6,1,0,1,1,0,0.0,LOW
Gaurika Ramaswamy,6,1,0,1,1,0,0.0,LOW
Hemal Khatri,6,1,0,1,1,0,0.0,LOW
Veer Loyal,6,1,0,1,1,0,0.0,LOW
Jack Ghose,6,1,0,1,1,0,0.0,LOW
Hritik Sathe,6,1,0,1,1,0,0.0,LOW
Ekani Puri,6,1,0,1,1,0,0.0,LOW
Gagan Dhillon,6,1,0,1,1,0,0.0,LOW
Lucky Agrawal,6,1,0,1,1,0,0.0,LOW
Manan Vala,6,1,0,1,1,0,0.0,LOW
Tejas Badami,6,1,0,1,1,0,0.0,LOW
Ethan Dhar,6,1,0,1,1,0,0.0,LOW
Henry Raghavan,6,1,0,1,1,0,0.0,LOW
Dipta Raj,6,1,0,1,1,0,0.0,LOW
Victor Lalla,6,1,0,1,1,0,0.0,LOW
Alexander Rana,6,1,0,1,1,0,0.0,LOW
Oliver Tailor,6,1,0,1,1,0,0.0,LOW
Frado Samra,6,1,0,1,1,0,0.0,LOW
Sathvik Palan,6,1,0,1,1,0,0.0,LOW
Lipika Jhaveri,6,1,0,1,1,0,0.0,LOW
Gauri Mander,6,1,0,1,1,0,0.0,LOW
Kala Hans,6,1,0,1,1,0,0.0,LOW
Janaki Kunda,6,1,0,1,1,0,0.0,LOW
Niharika Dasgupta,6,1,0,1,1,0,0.0,LOW
Isaiah Sengupta,6,1,0,1,1,0,0.0,LOW
Arin Palan,6,1,0,1,1,0,0.0,LOW
Abhimanyu Narayan,6,1,0,1,1,0,0.0,LOW
Waida Magar,6,1,0,1,1,0,0.0,LOW
Sanya Som,6,1,0,1,1,0,0.0,LOW
Rayaan Bahl,6,1,0,1,1,0,0.0,LOW
Zehaan Rana,6,1,0,1,1,0,0.0,LOW
Varsha Suresh,6,1,0,1,1,0,0.0,LOW
Pahal Atwal,6,1,0,1,1,0,0.0,LOW
Madhav Verma,6,1,0,1,1,0,0.0,LOW
Sachi Gola,6,1,0,1,1,0,0.0,LOW
Wridesh Doctor,6,1,0,1,1,0,0.0,LOW
Vihaan Nagy,6,1,0,1,1,0,0.0,LOW
Advika Karan,6,1,0,1,1,0,0.0,LOW
Dalbir Hans,6,1,0,1,1,0,0.0,LOW
Jagdish Srinivas,6,1,0,1,1,0,0.0,LOW
Upasna Char,6,1,0,1,1,0,0.0,LOW
Ojasvi Tandon,6,1,0,1,1,0,0.0,LOW
Vritti Tara,6,1,0,1,1,0,0.0,LOW
Max Dixit,6,1,0,1,1,0,0.0,LOW
Nihal Sarna,6,1,0,1,1,0,0.0,LOW
Chanakya Upadhyay,6,1,0,1,1,0,0.0,LOW
Niharika Jain,6,1,0,1,1,0,0.0,LOW
Krishna Koshy,6,1,0,1,1,0,0.0,LOW
Janya Dara,6,1,0,1,1,0,0.0,LOW
Nakul Padmanabhan,6,1,0,1,1,0,0.0,LOW
Abeer Bansal,6,1,0,1,1,0,0.0,LOW
George Sekhon,6,1,0,1,1,0,0.0,LOW
Warda Singhal,6,1,0,1,1,0,0.0,LOW
Tejas Agarwal,6,1,0,1,1,0,0.0,LOW
Jagvi Nagi,6,1,0,1,1,0,0.0,LOW
Saksham Ranganathan,6,1,0,1,1,0,0.0,LOW
Mekhala Sahni,6,1,0,1,1,0,0.0,LOW
Shravya Muni,6,1,0,1,1,0,0.0,LOW
Lekha Chana,6,1,0,1,1,0,0.0,LOW
Manan Sarma,6,1,0,1,1,0,0.0,LOW
Vansha Morar,6,1,0,1,1,0,0.0,LOW
Ekavir Mand,6,1,0,1,1,0,0.0,LOW
Champak Sur,6,1,0,1,1,0,0.0,LOW
Christopher Goda,6,1,0,1,1,0,0.0,LOW
Anya Nigam,6,1,0,1,1,0,0.0,LOW
Andrew Oak,6,1,0,1,1,0,0.0,LOW
Eta Choudhury,6,1,0,1,1,0,0.0,LOW
Krish Mital,6,1,0,1,1,0,0.0,LOW
Hredhaan Murthy,6,1,0,1,1,0,0.0,LOW
Wriddhish Sethi,6,1,0,1,1,0,0.0,LOW
Dipta Ben,6,1,0,1,1,0,0.0,LOW
Samuel Hora,6,1,0,1,1,0,0.0,LOW
Saanvi Pandey,6,1,0,1,1,0,0.0,LOW
Quincy Agate,6,1,0,1,1,0,0.0,LOW
Om Oommen,6,1,0,1,1,0,0.0,LOW
Vasudha Roy,6,1,0,1,1,0,0.0,LOW
Vedhika Dubey,6,1,0,1,1,0,0.0,LOW
Girik Kar,6,1,0,1,1,0,0.0,LOW
Tanmayi Maharaj,6,1,0,1,1,0,0.0,LOW
Vanya Gala,6,1,0,1,1,0,0.0,LOW
Jairaj Mody,6,1,0,1,1,0,0.0,LOW
Rudra Chauhan,6,1,0,1,1,0,0.0,LOW
Upasna Balay,6,1,0,1,1,0,0.0,LOW
Samesh Sunder,6,1,0,1,1,0,0.0,LOW
Azad Anne,6,1,0,1,1,0,0.0,LOW
Krishna Varkey,6,1,0,1,1,0,0.0,LOW
Saumya Bumb,6,1,0,1,1,0,0.0,LOW
Yug Pant,6,1,0,1,1,0,0.0,LOW
Aayush Dani,6,1,0,1,1,0,0.0,LOW
Samaksh Varty,6,1,0,1,1,0,0.0,LOW
Netra Goda,6,1,0,1,1,0,0.0,LOW
Praneel Mittal,6,1,0,1,1,0,0.0,LOW
Yagnesh Hegde,6,1,0,1,1,0,0.0,LOW
Janya Dhar,6,1,0,1,1,0,0.0,LOW
Aarna Sarma,6,1,0,1,1,0,0.0,LOW
Sanaya Master,6,1,0,1,1,0,0.0,LOW
George Deo,6,1,0,1,1,0,0.0,LOW
Kashish Trivedi,6,1,0,1,1,0,0.0,LOW
Pranav Anne,6,1,0,1,1,0,0.0,LOW
Gunbir Jani,6,1,0,1,1,0,0.0,LOW
Zayan Bawa,6,1,0,1,1,0,0.0,LOW
Ekaraj Pillai,6,1,0,1,1,0,0.0,LOW
Vedant Goda,6,1,0,1,1,0,0.0,LOW
Pahal Dani,6,1,0,1,1,0,0.0,LOW
Oscar Rama,6,1,0,1,1,0,0.0,LOW
Prisha Suresh,6,1,0,1,1,0,0.0,LOW
Jason Krishnan,6,1,0,1,1,0,0.0,LOW
Dayita Babu,6,1,0,1,1,0,0.0,LOW
Faras Dar,6,1,0,1,1,0,0.0,LOW
Rajeshri Khanna,6,1,0,1,1,0,0.0,LOW
Mason Saran,6,1,0,1,1,0,0.0,LOW
Dalbir Tripathi,6,1,0,1,1,0,0.0,LOW
Rudra Sama,6,1,0,1,1,0,0.0,LOW
Chakradev Bajaj,6,1,0,1,1,0,0.0,LOW
Nisha Gola,6,1,0,1,1,0,0.0,LOW
Anusha Nanda,6,1,0,1,1,0,0.0,LOW
George Gandhi,6,1,0,1,1,0,0.0,LOW
Patrick Chadha,6,1,0,1,1,0,0.0,LOW
Tripti Viswanathan,6,1,0,1,1,0,0.0,LOW
Omya Peri,6,1,0,1,1,0,0.0,LOW
Sanaya Hari,6,1,0,1,1,0,0.0,LOW
Vyanjana Jain,6,1,0,1,1,0,0.0,LOW
Jagvi Sani,6,1,0,1,1,0,0.0,LOW
Tanvi Narasimhan,6,1,0,1,1,0,0.0,LOW
Faqid Ganesan,6,1,0,1,1,0,0.0,LOW
Unnati Bains,6,1,0,1,1,0,0.0,LOW
Lekha Chawla,6,1,0,1,1,0,0.0,LOW
Ekiya Chawla,6,1,0,1,1,0,0.0,LOW
Yug Karpe,6,1,0,1,1,0,0.0,LOW
Oliver Contractor,6,1,0,1,1,0,0.0,LOW
Yahvi Aurora,6,1,0,1,1,0,0.0,LOW
Jack Savant,6,1,0,1,1,0,0.0,LOW
Advik Sathe,6,1,0,1,1,0,0.0,LOW
Rohan Loke,6,1,0,1,1,0,0.0,LOW
Warjas Kamdar,6,1,0,1,1,0,0.0,LOW
Vritti Solanki,6,1,0,1,1,0,0.0,LOW
Ganga Sethi,6,1,0,1,1,0,0.0,LOW
Yatan Basak,6,1,0,1,1,0,0.0,LOW
Yashica Bhatia,6,1,0,1,1,0,0.0,LOW
Hitesh Narula,6,1,0,1,1,0,0.0,LOW
Qarin Virk,6,1,0,1,1,0,0.0,LOW
Frederick Bir,6,1,0,1,1,0,0.0,LOW
Matthew Bumb,6,1,0,1,1,0,0.0,LOW
Christopher Sharaf,6,1,0,1,1,0,0.0,LOW
Chaman Choudhury,6,1,0,1,1,0,0.0,LOW
Oscar Tiwari,6,1,0,1,1,0,0.0,LOW
Geetika Sagar,6,1,0,1,1,0,0.0,LOW
Jalsa Chaudhary,6,1,0,1,1,0,0.0,LOW
Vedhika Nori,6,1,0,1,1,0,0.0,LOW
Veda Bhargava,6,1,0,1,1,0,0.0,LOW
Leela Sandal,6,1,0,1,1,0,0.0,LOW
Yauvani Shanker,6,1,0,1,1,0,0.0,LOW
Anika Dugar,6,1,0,1,1,0,0.0,LOW
Aishani Dhawan,6,1,0,1,1,0,0.0,LOW
Robert Natt,6,1,0,1,1,0,0.0,LOW
Vansha Chandra,6,1,0,1,1,0,0.0,LOW
Ekalinga Krishna,6,1,0,1,1,0,0.0,LOW
Aadi Contractor,6,1,0,1,1,0,0.0,LOW
Fitan Upadhyay,6,1,0,1,1,0,0.0,LOW
Ishani Ghosh,6,1,0,1,1,0,0.0,LOW
Rachit Naidu,6,1,0,1,1,0,0.0,LOW
Jalsa Raj,6,1,0,1,1,0,0.0,LOW
Janya Batra,6,1,0,1,1,0,0.0,LOW
Ishwar Mand,6,1,0,1,1,0,0.0,LOW
Triveni Sagar,6,1,0,1,1,0,0.0,LOW
Oeshi Bhattacharyya,6,1,0,1,1,0,0.0,LOW
Kavya Koshy,6,1,0,1,1,0,0.0,LOW
Reva Radhakrishnan,6,1,0,1,1,0,0.0,LOW
Tanay Vala,6,1,0,1,1,0,0.0,LOW
Veer Mani,6,1,0,1,1,0,0.0,LOW
William Chatterjee,6,1,0,1,1,0,0.0,LOW
Upadhriti Gola,6,1,0,1,1,0,0.0,LOW
Siya Gour,6,1,0,1,1,0,0.0,LOW
Qadim Varma,6,1,0,1,1,0,0.0,LOW
Alka Saxena,6,1,0,1,1,0,0.0,LOW
Harrison Kaul,6,1,0,1,1,0,0.0,LOW
Vedika Baria,6,1,0,1,1,0,0.0,LOW
Urvi Naidu,6,1,0,1,1,0,0.0,LOW
Bahadurjit Naik,6,1,0,1,1,0,0.0,LOW
Brijesh Sarin,6,1,0,1,1,0,0.0,LOW
Jagrati Som,6,1,0,1,1,0,0.0,LOW
Anvi Ratti,6,1,0,1,1,0,0.0,LOW
Wakeeta Radhakrishnan,6,1,0,1,1,0,0.0,LOW
Maya Solanki,6,1,0,1,1,0,0.0,LOW
Simon Gour,6,1,0,1,1,0,0.0,LOW
Ekavir Loke,6,1,0,1,1,0,0.0,LOW
Lipika Hayre,6,1,0,1,1,0,0.0,LOW
Aarna Thaman,6,1,0,1,1,0,0.0,LOW
Dev Chaudhari,6,1,0,1,1,0,0.0,LOW
Kamala Patel,6,1,0,1,1,0,0.0,LOW
Ojas Bhatti,6,1,0,1,1,0,0.0,LOW
Lakshit Ganesh,6,1,0,1,1,0,0.0,LOW
Christopher Kala,6,1,0,1,1,0,0.0,LOW
Nikita Rattan,6,1,0,1,1,0,0.0,LOW
Watika Vyas,6,1,0,1,1,0,0.0,LOW
Alka Rau,6,1,0,1,1,0,0.0,LOW
Abhimanyu Bir,6,1,0,1,1,0,0.0,LOW
Oeshi Kalla,6,1,0,1,1,0,0.0,LOW
Vyanjana Kala,6,1,0,1,1,0,0.0,LOW
Tripti Rajan,6,1,0,1,1,0,0.0,LOW
Ekapad Prabhu,6,1,0,1,1,0,0.0,LOW
Faras Dalal,6,1,0,1,1,0,0.0,LOW
Krishna Bassi,6,1,0,1,1,0,0.0,LOW
Kashish Balasubramanian,6,1,0,1,1,0,0.0,LOW
Aadhya More,6,1,0,1,1,0,0.0,LOW
Neel Kashyap,6,1,0,1,1,0,0.0,LOW
Ranbir Bhatt,6,1,0,1,1,0,0.0,LOW
Shivansh Babu,6,1,0,1,1,0,0.0,LOW
Siddharth Dalal,6,1,0,1,1,0,0.0,LOW
Jeet Thaker,6,1,0,1,1,0,0.0,LOW
Ayaan Kulkarni,6,1,0,1,1,0,0.0,LOW
Pushti Gole,6,1,0,1,1,0,0.0,LOW
Aayush Mani,6,1,0,1,1,0,0.0,LOW
Onkar Chaudhari,6,1,0,1,1,0,0.0,LOW
Mitesh Tak,6,1,0,1,1,0,0.0,LOW
Sudiksha Cherian,6,1,0,1,1,0,0.0,LOW
Triveni Krish,6,1,0,1,1,0,0.0,LOW
Indali Devi,6,1,0,1,1,0,0.0,LOW
Indira Mody,6,1,0,1,1,0,0.0,LOW
Jalsa Dutt,6,1,0,1,1,0,0.0,LOW
Yochana Batta,6,1,0,1,1,0,0.0,LOW
Azad Karpe,6,1,0,1,1,0,0.0,LOW
Sanaya Murty,6,1,0,1,1,0,0.0,LOW
Chakradhar Saraf,6,1,0,1,1,0,0.0,LOW
Harini Sarma,6,1,0,1,1,0,0.0,LOW
Azaan Chaudhari,6,1,0,1,1,0,0.0,LOW
Rajata Vig,6,1,0,1,1,0,0.0,LOW
Oeshi Mall,6,1,0,1,1,0,0.0,LOW
Hredhaan Divan,6,1,0,1,1,0,0.0,LOW
Parth Setty,6,1,0,1,1,0,0.0,LOW
Urishilla Sankar,6,1,0,1,1,0,0.0,LOW
Warhi Gulati,6,1,0,1,1,0,0.0,LOW
Siya Dhar,6,1,0,1,1,0,0.0,LOW
Inaya Nayak,6,1,0,1,1,0,0.0,LOW
Nitara Trivedi,6,1,0,1,1,0,0.0,LOW
Gaurang Muni,6,1,0,1,1,0,0.0,LOW
Ekaraj Narang,6,1,0,1,1,0,0.0,LOW
Triveni Patla,6,1,0,1,1,0,0.0,LOW
Harrison Kohli,6,1,0,1,1,0,0.0,LOW
Pahal Dhar,6,1,0,1,1,0,0.0,LOW
Ati Sharma,6,1,0,1,1,0,0.0,LOW
Udyati Mukherjee,6,1,0,1,1,0,0.0,LOW
Jagvi Lata,6,1,0,1,1,0,0.0,LOW
Ganga Tank,6,1,0,1,1,0,0.0,LOW
Ekiya Shukla,6,1,0,1,1,0,0.0,LOW
Abhimanyu Naidu,6,1,0,1,1,0,0.0,LOW
Anay Dutta,6,1,0,1,1,0,0.0,LOW
Vrinda Bhattacharyya,6,1,0,1,1,0,0.0,LOW
Sneha Jayaraman,6,1,0,1,1,0,0.0,LOW
Arjun Shenoy,6,1,0,1,1,0,0.0,LOW
Isaac Nadig,6,1,0,1,1,0,0.0,LOW
Dhriti Saran,6,1,0,1,1,0,0.0,LOW
Samaksh Aggarwal,6,1,0,1,1,0,0.0,LOW
Sathvik Sridhar,6,1,0,1,1,0,0.0,LOW
Chandran Sabharwal,6,1,0,1,1,0,0.0,LOW
Tripti Din,6,1,0,1,1,0,0.0,LOW
Faras Gera,6,1,0,1,1,0,0.0,LOW
Eesha Mitra,6,1,0,1,1,0,0.0,LOW
Waida Boase,6,1,0,1,1,0,0.0,LOW
Darika Kuruvilla,6,1,0,1,1,0,0.0,LOW
Sai Acharya,6,1,0,1,1,0,0.0,LOW
Lohit Zachariah,6,1,0,1,1,0,0.0,LOW
Manbir Natarajan,6,1,0,1,1,0,0.0,LOW
Shivansh Sabharwal,6,1,0,1,1,0,0.0,LOW
Sara Behl,6,1,0,1,1,0,0.0,LOW
Varenya Acharya,6,1,0,1,1,0,0.0,LOW
Nidra Verma,6,1,0,1,1,0,0.0,LOW
Gaurangi Krish,6,1,0,1,1,0,0.0,LOW
Chavvi Mitter,6,1,0,1,1,0,0.0,LOW
Ekani Mital,6,1,0,1,1,0,0.0,LOW
Rachana Seshadri,6,1,0,1,1,0,0.0,LOW
Radha Date,6,1,0,1,1,0,0.0,LOW
Bhavna Cherian,6,1,0,1,1,0,0.0,LOW
Neha Edwin,6,1,0,1,1,0,0.0,LOW
Vrinda Merchant,6,1,0,1,1,0,0.0,LOW
Jason Jain,6,1,0,1,1,0,0.0,LOW
Upma Mukherjee,6,1,0,1,1,0,0.0,LOW
Nilima Basu,6,1,0,1,1,0,0.0,LOW
Lakshit Deep,6,1,0,1,1,0,0.0,LOW
Hitesh Krishna,6,1,0,1,1,0,0.0,LOW
Robert Raman,6,1,0,1,1,0,0.0,LOW
Lopa Amble,6,1,0,1,1,0,0.0,LOW
Tripti Ram,6,1,0,1,1,0,0.0,LOW
Viraj Misra,6,1,0,1,1,0,0.0,LOW
Aditya Morar,6,1,0,1,1,0,0.0,LOW
Umang Sachdev,6,1,0,1,1,0,0.0,LOW
Panini Gokhale,6,1,0,1,1,0,0.0,LOW
Upadhriti Joshi,6,1,0,1,1,0,0.0,LOW
Vyanjana Pradhan,6,1,0,1,1,0,0.0,LOW
Ansh Rajagopalan,6,1,0,1,1,0,0.0,LOW
Rishi Sarraf,6,1,0,1,1,0,0.0,LOW
Laban Kuruvilla,6,1,0,1,1,0,0.0,LOW
Chatura Arya,6,1,0,1,1,0,0.0,LOW
Aadhya Dutta,6,1,0,1,1,0,0.0,LOW
Gaurav Sarraf,6,1,0,1,1,0,0.0,LOW
Sudiksha Nadkarni,6,1,0,1,1,0,0.0,LOW
Isaiah Vyas,6,1,0,1,1,0,0.0,LOW
Jai Baria,6,1,0,1,1,0,0.0,LOW
Turvi Maharaj,6,1,0,1,1,0,0.0,LOW
Advay Krishna,6,1,0,1,1,0,0.0,LOW
Wazir Jayaraman,6,1,0,1,1,0,0.0,LOW
Yauvani Kunda,6,1,0,1,1,0,0.0,LOW
Qasim Pillai,6,1,0,1,1,0,0.0,LOW
Veer Swamy,6,1,0,1,1,0,0.0,LOW
Qarin Pillay,6,1,0,1,1,0,0.0,LOW
Hemal Datta,6,1,0,1,1,0,0.0,LOW
Chavvi Issac,6,1,0,1,1,0,0.0,LOW
Timothy Mistry,6,1,0,1,1,0,0.0,LOW
Madhavi Mane,6,1,0,1,1,0,0.0,LOW
Ganga Wagle,6,1,0,1,1,0,0.0,LOW
Nidhi Seshadri,6,1,0,1,1,0,0.0,LOW
Darsh Borde,6,1,0,1,1,0,0.0,LOW
Ayushman Vohra,6,1,0,1,1,0,0.0,LOW
Frado Korpal,6,1,0,1,1,0,0.0,LOW
Triveni Sinha,6,1,0,1,1,0,0.0,LOW
Karan Boase,6,1,0,1,1,0,0.0,LOW
Tarak Magar,6,1,0,1,1,0,0.0,LOW
Akshay Kar,6,1,0,1,1,0,0.0,LOW
Rishi Peri,6,1,0,1,1,0,0.0,LOW
Anjali Nori,6,1,0,1,1,0,0.0,LOW
Aishani Gade,6,1,0,1,1,0,0.0,LOW
Sudiksha Sani,6,1,0,1,1,0,0.0,LOW
Omaja Aurora,6,1,0,1,1,0,0.0,LOW
Pallavi Devan,6,1,0,1,1,0,0.0,LOW
Peter Om,6,1,0,1,1,0,0.0,LOW
Samarth Ben,6,1,0,1,1,0,0.0,LOW
Lila Saran,6,1,0,1,1,0,0.0,LOW
Anita Nanda,6,1,0,1,1,0,0.0,LOW
Anusha Batta,6,1,0,1,1,0,0.0,LOW
Zinal Vig,6,1,0,1,1,0,0.0,LOW
Meghana Sachdeva,6,1,0,1,1,0,0.0,LOW
Rishi Suri,6,1,0,1,1,0,0.0,LOW
Isaiah Narayan,6,1,0,1,1,0,0.0,LOW
Agastya Ranganathan,6,1,0,1,1,0,0.0,LOW
Charita Munshi,6,1,0,1,1,0,0.0,LOW
Baghyawati Aurora,6,1,0,1,1,0,0.0,LOW
Falguni Srinivas,6,1,0,1,1,0,0.0,LOW
Urvi Bava,6,1,0,1,1,0,0.0,LOW
Ikshita Dyal,6,1,0,1,1,0,0.0,LOW
Dayamai Varty,6,1,0,1,1,0,0.0,LOW
Jagrati Kalla,6,1,0,1,1,0,0.0,LOW
Dakshesh Talwar,6,1,0,1,1,0,0.0,LOW
Daksha Loyal,6,1,0,1,1,0,0.0,LOW
Omya Sahota,6,1,0,1,1,0,0.0,LOW
Yashvi Mital,6,1,0,1,1,0,0.0,LOW
Rohan Golla,6,1,0,1,1,0,0.0,LOW
Damyanti Dhingra,6,1,0,1,1,0,0.0,LOW
Reyansh Ganesan,6,1,0,1,1,0,0.0,LOW
Christopher Dubey,6,1,0,1,1,0,0.0,LOW
Chameli Kamdar,6,1,0,1,1,0,0.0,LOW
Warjas Sarkar,6,1,0,1,1,0,0.0,LOW
Samar Andra,6,1,0,1,1,0,0.0,LOW
Noah Dugal,6,1,0,1,1,0,0.0,LOW
Samar Sodhi,6,1,0,1,1,0,0.0,LOW
Gaurang Khosla,6,1,0,1,1,0,0.0,LOW
Aashi Ramakrishnan,6,1,0,1,1,0,0.0,LOW
Atharv Chacko,6,1,0,1,1,0,0.0,LOW
Umang Halder,6,1,0,1,1,0,0.0,LOW
Pavani Thaker,6,1,0,1,1,0,0.0,LOW
Tanveer Basak,6,1,0,1,1,0,0.0,LOW
Hemang Bedi,6,1,0,1,1,0,0.0,LOW
Samesh Ahluwalia,6,1,0,1,1,0,0.0,LOW
Gunbir Sidhu,6,1,0,1,1,0,0.0,LOW
Ekavir Manda,6,1,0,1,1,0,0.0,LOW
Darsh De,6,1,0,1,1,0,0.0,LOW
Upadhriti Mohanty,6,1,0,1,1,0,0.0,LOW
Vihaan Grewal,6,1,0,1,1,0,0.0,LOW
Shravya Mannan,6,1,0,1,1,0,0.0,LOW
Triya Dhaliwal,6,1,0,1,1,0,0.0,LOW
Abhiram Kade,6,1,0,1,1,0,0.0,LOW
Laksh Pillay,6,1,0,1,1,0,0.0,LOW
Aadhya Cheema,6,1,0,1,1,0,0.0,LOW
Om Dugal,6,1,0,1,1,0,0.0,LOW
Benjamin Rau,6,1,0,1,1,0,0.0,LOW
Urvi Bhatt,6,1,0,1,1,0,0.0,LOW
Hemang Menon,6,1,0,1,1,0,0.0,LOW
Champak Kamdar,6,1,0,1,1,0,0.0,LOW
Tara Balan,6,1,0,1,1,0,0.0,LOW
Chameli Sangha,6,1,0,1,1,0,0.0,LOW
Aashi Dixit,6,1,0,1,1,0,0.0,LOW
Janya Sami,6,1,0,1,1,0,0.0,LOW
Janaki Hans,6,1,0,1,1,0,0.0,LOW
Gavin Sawhney,6,1,0,1,1,0,0.0,LOW
Jonathan Saxena,6,1,0,1,1,0,0.0,LOW
Wakeeta Kari,6,1,0,1,1,0,0.0,LOW
Chameli Arora,6,1,0,1,1,0,0.0,LOW
Teerth Dyal,6,1,0,1,1,0,0.0,LOW
Kiaan Handa,6,1,0,1,1,0,0.0,LOW
Abdul Sangha,6,1,0,1,1,0,0.0,LOW
Azaan Som,6,1,0,1,1,0,0.0,LOW
Priya Choudhry,6,1,0,1,1,0,0.0,LOW
Ijaya Guha,6,1,0,1,1,0,0.0,LOW
Ronith Dixit,6,1,0,1,1,0,0.0,LOW
Kalpit Deo,6,1,0,1,1,0,0.0,LOW
Qasim Bahri,6,1,0,1,1,0,0.0,LOW
Ayush Soman,6,1,0,1,1,0,0.0,LOW
Anmol Minhas,6,1,0,1,1,0,0.0,LOW
Neha Khare,6,1,0,1,1,0,0.0,LOW
Ijaya Purohit,6,1,0,1,1,0,0.0,LOW
Thomas Buch,6,1,0,1,1,0,0.0,LOW
Vedhika Andra,6,1,0,1,1,0,0.0,LOW
Kavya Bhakta,6,1,0,1,1,0,0.0,LOW
Keya Kade,6,1,0,1,1,0,0.0,LOW
Yatan Hora,6,1,0,1,1,0,0.0,LOW
Tara Chahal,6,1,0,1,1,0,0.0,LOW
Jeet Ravel,6,1,0,1,1,0,0.0,LOW
Karan Saraf,6,1,0,1,1,0,0.0,LOW
Manya Banerjee,6,1,0,1,1,0,0.0,LOW
Yachana Kadakia,6,1,0,1,1,0,0.0,LOW
Bina Krishnan,6,1,0,1,1,0,0.0,LOW
Aarna Srinivasan,6,1,0,1,1,0,0.0,LOW
Rehaan Kothari,6,1,0,1,1,0,0.0,LOW
Neel Bahl,6,1,0,1,1,0,0.0,LOW
Aarav Khanna,6,1,0,1,1,0,0.0,LOW
Warhi Kurian,6,1,0,1,1,0,0.0,LOW
Zaitra Tank,6,1,0,1,1,0,0.0,LOW
Ati Lala,6,1,0,1,1,0,0.0,LOW
Vamakshi Thaker,6,1,0,1,1,0,0.0,LOW
Samesh Khosla,6,1,0,1,1,0,0.0,LOW
Watika Dasgupta,6,1,0,1,1,0,0.0,LOW
Aayush Pillay,6,1,0,1,1,0,0.0,LOW
Triveni Dutta,6,1,0,1,1,0,0.0,LOW
Manan Bava,6,1,0,1,1,0,0.0,LOW
Frederick Deo,6,1,0,1,1,0,0.0,LOW
Odika Dhaliwal,6,1,0,1,1,0,0.0,LOW
Devansh Shankar,6,1,0,1,1,0,0.0,LOW
Victor Sarma,6,1,0,1,1,0,0.0,LOW
Yatan Sinha,6,1,0,1,1,0,0.0,LOW
Osha Bora,6,1,0,1,1,0,0.0,LOW
Abhiram Oza,6,1,0,1,1,0,0.0,LOW
Darika Dua,6,1,0,1,1,0,0.0,LOW
Lavanya Prasad,6,1,0,1,1,0,0.0,LOW
Gagan Raval,6,1,0,1,1,0,0.0,LOW
Omkaar Iyer,6,1,0,1,1,0,0.0,LOW
Rajeshri Sampath,6,1,0,1,1,0,0.0,LOW
Manbir Thakkar,6,1,0,1,1,0,0.0,LOW
Chakradhar Sharaf,6,1,0,1,1,0,0.0,LOW
Reva Ganguly,6,1,0,1,1,0,0.0,LOW
Lopa Krishnamurthy,6,1,0,1,1,0,0.0,LOW
Madhavi Garde,6,1,0,1,1,0,0.0,LOW
Vasatika Gupta,6,1,0,1,1,0,0.0,LOW
Owen Chanda,6,1,0,1,1,0,0.0,LOW
Damini Chaudhry,6,1,0,1,1,0,0.0,LOW
Bina Madan,6,1,0,1,1,0,0.0,LOW
Yauvani Pandey,6,1,0,1,1,0,0.0,LOW
Girik Parikh,6,1,0,1,1,0,0.0,LOW
Raagini Chaudhuri,6,1,0,1,1,0,0.0,LOW
Devika Joshi,6,1,0,1,1,0,0.0,LOW
Damyanti Varghese,6,1,0,1,1,0,0.0,LOW
Anya Viswanathan,6,1,0,1,1,0,0.0,LOW
Ekansh Narasimhan,6,1,0,1,1,0,0.0,LOW
Xavier Chawla,6,1,0,1,1,0,0.0,LOW
Tarak Sodhi,6,1,0,1,1,0,0.0,LOW
Rehaan Parsa,6,1,0,1,1,0,0.0,LOW
Kashvi Rajagopal,6,1,0,1,1,0,0.0,LOW
Upkaar Khurana,6,1,0,1,1,0,0.0,LOW
Ishita Morar,6,1,0,1,1,0,0.0,LOW
Aarnav Chand,6,1,0,1,1,0,0.0,LOW
Omisha Palla,6,1,0,1,1,0,0.0,LOW
Shivani Dara,6,1,0,1,1,0,0.0,LOW
Sara Ganguly,6,1,0,1,1,0,0.0,LOW
Ekbal Chaudhari,6,1,0,1,1,0,0.0,LOW
David Kumar,6,1,0,1,1,0,0.0,LOW
Ronith Garde,6,1,0,1,1,0,0.0,LOW
Bishakha Loyal,6,1,0,1,1,0,0.0,LOW
Gaurangi Ravel,6,1,0,1,1,0,0.0,LOW
Jackson Cherian,6,1,0,1,1,0,0.0,LOW
Geetika Shankar,6,1,0,1,1,0,0.0,LOW
Chandresh Sura,6,1,0,1,1,0,0.0,LOW
Rohan Mani,6,1,0,1,1,0,0.0,LOW
Samaksh Muni,6,1,0,1,1,0,0.0,LOW
Zaitra Dube,6,1,0,1,1,0,0.0,LOW
Jeremiah Vyas,6,1,0,1,1,0,0.0,LOW
Praneel Savant,6,1,0,1,1,0,0.0,LOW
Sudiksha Hari,6,1,0,1,1,0,0.0,LOW
Shivani Sahota,6,1,0,1,1,0,0.0,LOW
Waida Singh,6,1,0,1,1,0,0.0,LOW
Balveer Sarkar,6,1,0,1,1,0,0.0,LOW
Nidhi Pal,6,1,0,1,1,0,0.0,LOW
Hemal Talwar,6,1,0,1,1,0,0.0,LOW
Osha Manda,6,1,0,1,1,0,0.0,LOW
Tristan Pandit,6,1,0,1,1,0,0.0,LOW
Fitan Dewan,6,1,0,1,1,0,0.0,LOW
Yutika Dar,6,1,0,1,1,0,0.0,LOW
Robert Naik,6,1,0,1,1,0,0.0,LOW
Amaira Nigam,6,1,0,1,1,0,0.0,LOW
Zansi Dixit,6,1,0,1,1,0,0.0,LOW
Aarna Sarraf,6,1,0,1,1,0,0.0,LOW
Pranit Choudhury,6,1,0,1,1,0,0.0,LOW
Fariq Sarraf,6,1,0,1,1,0,0.0,LOW
Atharv Kibe,6,1,0,1,1,0,0.0,LOW
Ishaan Edwin,6,1,0,1,1,0,0.0,LOW
Abhimanyu Rout,6,1,0,1,1,0,0.0,LOW
Edhitha Jha,6,1,0,1,1,0,0.0,LOW
Chakradev Bali,6,1,0,1,1,0,0.0,LOW
Teerth Sodhi,6,1,0,1,1,0,0.0,LOW
Gaurangi Gopal,6,1,0,1,1,0,0.0,LOW
Sanya Mallick,6,1,0,1,1,0,0.0,LOW
Nihal Puri,6,1,0,1,1,0,0.0,LOW
Garima Bora,6,1,0,1,1,0,0.0,LOW
Mekhala Buch,6,1,0,1,1,0,0.0,LOW
Benjamin Chaudhari,6,1,0,1,1,0,0.0,LOW
Tara Badami,6,1,0,1,1,0,0.0,LOW
Nicholas Krish,6,1,0,1,1,0,0.0,LOW
Chaman Bawa,6,1,0,1,1,0,0.0,LOW
Shivansh Thakkar,6,1,0,1,1,0,0.0,LOW
Bakhshi Kunda,6,1,0,1,1,0,0.0,LOW
Ekaraj Natt,6,1,0,1,1,0,0.0,LOW
Radhika Bir,6,1,0,1,1,0,0.0,LOW
Girish Kakar,6,1,0,1,1,0,0.0,LOW
Gunbir Gola,6,1,0,1,1,0,0.0,LOW
Zayan Vora,6,1,0,1,1,0,0.0,LOW
Timothy Sama,6,1,0,1,1,0,0.0,LOW
Wridesh Iyer,6,1,0,1,1,0,0.0,LOW
Diya Bose,6,1,0,1,1,0,0.0,LOW
Unnati Kari,6,1,0,1,1,0,0.0,LOW
Gunbir Kothari,6,1,0,1,1,0,0.0,LOW
Nakul Edwin,6,1,0,1,1,0,0.0,LOW
Vidhi Keer,6,1,0,1,1,0,0.0,LOW
Karan Sha,6,1,0,1,1,0,0.0,LOW
Triveni Sanghvi,6,1,0,1,1,0,0.0,LOW
Abha Srinivas,6,1,0,1,1,0,0.0,LOW
Faraj Narasimhan,6,1,0,1,1,0,0.0,LOW
Vritti Tailor,6,1,0,1,1,0,0.0,LOW
Anamika Kumer,6,1,0,1,1,0,0.0,LOW
Aayush Gara,6,1,0,1,1,0,0.0,LOW
Lipika Modi,6,1,0,1,1,0,0.0,LOW
Aarush Khatri,6,1,0,1,1,0,0.0,LOW
Yashica Kohli,6,1,0,1,1,0,0.0,LOW
Warhi Gill,6,1,0,1,1,0,0.0,LOW
Aachal Patla,6,1,0,1,1,0,0.0,LOW
Ayaan Das,6,1,0,1,1,0,0.0,LOW
Hema Banik,6,1,0,1,1,0,0.0,LOW
Tanay Purohit,6,1,0,1,1,0,0.0,LOW
Bahadurjit Nagi,6,1,0,1,1,0,0.0,LOW
Gabriel Sarna,6,1,0,1,1,0,0.0,LOW
Mohini Jain,6,1,0,1,1,0,0.0,LOW
Watika Narain,6,1,0,1,1,0,0.0,LOW
Gaurang Pathak,6,1,0,1,1,0,0.0,LOW
Suhani Nigam,6,1,0,1,1,0,0.0,LOW
Unni Bala,6,1,0,1,1,0,0.0,LOW
Krishna Tailor,6,1,0,1,1,0,0.0,LOW
Falguni Vig,6,1,0,1,1,0,0.0,LOW
Quincy Sachdev,6,1,0,1,1,0,0.0,LOW
Ucchal Aggarwal,6,1,0,1,1,0,0.0,LOW
Falak Narang,6,1,0,1,1,0,0.0,LOW
Bahadurjit Chauhan,6,1,0,1,1,0,0.0,LOW
Yashica Kala,6,1,0,1,1,0,0.0,LOW
Balendra Kapoor,6,1,0,1,1,0,0.0,LOW
Manthan Kala,6,1,0,1,1,0,0.0,LOW
Ikshita Panchal,6,1,0,1,1,0,0.0,LOW
Anita Suresh,6,1,0,1,1,0,0.0,LOW
Jeevika Mall,6,1,0,1,1,0,0.0,LOW
Chandran Manne,6,1,0,1,1,0,0.0,LOW
Yachana Chacko,6,1,0,1,1,0,0.0,LOW
Gagan Palan,6,1,0,1,1,0,0.0,LOW
Naveen Master,6,1,0,1,1,0,0.0,LOW
Rachana Din,6,1,0,1,1,0,0.0,LOW
Vaishnavi Vig,6,1,0,1,1,0,0.0,LOW
Anmol Barad,6,1,0,1,1,0,0.0,LOW
Tarak Oak,6,1,0,1,1,0,0.0,LOW
Chanakya Sem,6,1,0,1,1,0,0.0,LOW
Oviya Malhotra,6,1,0,1,1,0,0.0,LOW
Sathvik Mishra,6,1,0,1,1,0,0.0,LOW
Aryan Apte,6,1,0,1,1,0,0.0,LOW
Rishi Gara,6,1,0,1,1,0,0.0,LOW
Patrick Goyal,6,1,0,1,1,0,0.0,LOW
Hemangini Dutta,6,1,0,1,1,0,0.0,LOW
Devika Bhatt,6,1,0,1,1,0,0.0,LOW
Bhavya Tandon,6,1,0,1,1,0,0.0,LOW
Gopal Johal,6,1,0,1,1,0,0.0,LOW
Radhika Arya,6,1,0,1,1,0,0.0,LOW
Wridesh Reddy,6,1,0,1,1,0,0.0,LOW
Ojas Khanna,6,1,0,1,1,0,0.0,LOW
Madhavi Oak,6,1,0,1,1,0,0.0,LOW
Jasmit Sur,6,1,0,1,1,0,0.0,LOW
Udyati Narula,6,1,0,1,1,0,0.0,LOW
Madhav Varma,6,1,0,1,1,0,0.0,LOW
Yatin Chad,6,1,0,1,1,0,0.0,LOW
Yash Lal,6,1,0,1,1,0,0.0,LOW
Balvan Hayre,6,1,0,1,1,0,0.0,LOW
Tanay Bal,6,1,0,1,1,0,0.0,LOW
Chaaya Raman,6,1,0,1,1,0,0.0,LOW
Mahika Cheema,6,1,0,1,1,0,0.0,LOW
Baghyawati Mukhopadhyay,6,1,0,1,1,0,0.0,LOW
Warhi Mall,6,1,0,1,1,0,0.0,LOW
Arin Mannan,6,1,0,1,1,0,0.0,LOW
Kalpit Garde,6,1,0,1,1,0,0.0,LOW
Pallavi Sarraf,6,1,0,1,1,0,0.0,LOW
Fitan Jaggi,6,1,0,1,1,0,0.0,LOW
Nathaniel Bali,6,1,0,1,1,0,0.0,LOW
Azad Konda,6,1,0,1,1,0,0.0,LOW
Champak Pandit,6,1,0,1,1,0,0.0,LOW
Gaurav Nagar,6,1,0,1,1,0,0.0,LOW
Ethan Desai,6,1,0,1,1,0,0.0,LOW
Chanchal Mani,6,1,0,1,1,0,0.0,LOW
Waida Subramanian,6,1,0,1,1,0,0.0,LOW
Pushti Shah,6,1,0,1,1,0,0.0,LOW
Timothy Grover,6,1,0,1,1,0,0.0,LOW
Parth Halder,6,1,0,1,1,0,0.0,LOW
Ekiya Butala,6,1,0,1,1,0,0.0,LOW
Megha Tara,6,1,0,1,1,0,0.0,LOW
Ethan Zacharia,6,1,0,1,1,0,0.0,LOW
Pushti Gill,6,1,0,1,1,0,0.0,LOW
Tanish Kulkarni,6,1,0,1,1,0,0.0,LOW
Harrison Balay,6,1,0,1,1,0,0.0,LOW
Anay Warrior,6,1,0,1,1,0,0.0,LOW
Xavier Kurian,6,1,0,1,1,0,0.0,LOW
Raagini Mandal,6,1,0,1,1,0,0.0,LOW
Varsha Kuruvilla,6,1,0,1,1,0,0.0,LOW
Bhavika Kalita,6,1,0,1,1,0,0.0,LOW
Jagrati Grover,6,1,0,1,1,0,0.0,LOW
Vasana Nadkarni,6,1,0,1,1,0,0.0,LOW
Mohammed Chandra,6,1,0,1,1,0,0.0,LOW
Vaishnavi Rao,6,1,0,1,1,0,0.0,LOW
Libni Magar,6,1,0,1,1,0,0.0,LOW
Advika Sahota,6,1,0,1,1,0,0.0,LOW
Upkaar Gill,6,1,0,1,1,0,0.0,LOW
Yachana Trivedi,6,1,0,1,1,0,0.0,LOW
Sanaya Yogi,6,1,0,1,1,0,0.0,LOW
Falguni Batta,6,1,0,1,1,0,0.0,LOW
Jai Ganesh,6,1,0,1,1,0,0.0,LOW
Yashodhara Mahal,6,1,0,1,1,0,0.0,LOW
Panini Sathe,6,1,0,1,1,0,0.0,LOW
Jonathan Parmer,6,1,0,1,1,0,0.0,LOW
Ishaan Date,6,1,0,1,1,0,0.0,LOW
Ira Verma,6,1,0,1,1,0,0.0,LOW
Henry Wali,6,1,0,1,1,0,0.0,LOW
Daksha Pandey,6,1,0,1,1,0,0.0,LOW
Aradhana Batra,6,1,0,1,1,0,0.0,LOW
Yatan Chakraborty,6,1,0,1,1,0,0.0,LOW
Tanmayi Nori,6,1,0,1,1,0,0.0,LOW
Jagat Kumar,6,1,0,1,1,0,0.0,LOW
Vedhika Kari,6,1,0,1,1,0,0.0,LOW
Keya Taneja,6,1,0,1,1,0,0.0,LOW
Ayaan Padmanabhan,6,1,0,1,1,0,0.0,LOW
Nachiket Palan,6,1,0,1,1,0,0.0,LOW
Divya Date,6,1,0,1,1,0,0.0,LOW
Baghyawati Prasad,6,1,0,1,1,0,0.0,LOW
Chanchal Gola,6,1,0,1,1,0,0.0,LOW
Viraj Pandit,6,1,0,1,1,0,0.0,LOW
Forum Mittal,6,1,0,1,1,0,0.0,LOW
Abdul Chacko,6,1,0,1,1,0,0.0,LOW
Isaac Kapur,6,1,0,1,1,0,0.0,LOW
Mugdha Lad,6,1,0,1,1,0,0.0,LOW
Fariq Gade,6,1,0,1,1,0,0.0,LOW
Fiyaz Vala,6,1,0,1,1,0,0.0,LOW
Matthew Lanka,6,1,0,1,1,0,0.0,LOW
Neelima Kamdar,6,1,0,1,1,0,0.0,LOW
Mohini Trivedi,6,1,0,1,1,0,0.0,LOW
Divya Raju,6,1,0,1,1,0,0.0,LOW
Kevin Bahl,6,1,0,1,1,0,0.0,LOW
Balvan Kamdar,6,1,0,1,1,0,0.0,LOW
Gayathri Bobal,6,1,0,1,1,0,0.0,LOW
Sneha Madan,6,1,0,1,1,0,0.0,LOW
Avni Baral,6,1,0,1,1,0,0.0,LOW
Kala Magar,6,1,0,1,1,0,0.0,LOW
Jagat Apte,6,1,0,1,1,0,0.0,LOW
Henry Rastogi,6,1,0,1,1,0,0.0,LOW
Azad Dani,6,1,0,1,1,0,0.0,LOW
Ansh Malhotra,6,1,0,1,1,0,0.0,LOW
Ishanvi Lad,6,1,0,1,1,0,0.0,LOW
Rayaan Virk,6,1,0,1,1,0,0.0,LOW
Lajita Lalla,6,1,0,1,1,0,0.0,LOW
Simon Dave,6,1,0,1,1,0,0.0,LOW
Christopher Oommen,6,1,0,1,1,0,0.0,LOW
Aishani Sarna,6,1,0,1,1,0,0.0,LOW
Geetika Sengupta,6,1,0,1,1,0,0.0,LOW
Henry Patil,6,1,0,1,1,0,0.0,LOW
Noah Pathak,6,1,0,1,1,0,0.0,LOW
Yash Date,6,1,0,1,1,0,0.0,LOW
Hemani Mall,6,1,0,1,1,0,0.0,LOW
Watika Borah,6,1,0,1,1,0,0.0,LOW
Liam Shenoy,6,1,0,1,1,0,0.0,LOW
Yashica Bhat,6,1,0,1,1,0,0.0,LOW
Ganga Loke,6,1,0,1,1,0,0.0,LOW
Brinda Dada,6,1,0,1,1,0,0.0,LOW
Warhi Chada,6,1,0,1,1,0,0.0,LOW
Naksh Ganesan,6,1,0,1,1,0,0.0,LOW
Gunbir Jain,6,1,0,1,1,0,0.0,LOW
Charan Mittal,6,1,0,1,1,0,0.0,LOW
Robert Ahuja,6,1,0,1,1,0,0.0,LOW
Jatin Swaminathan,6,1,0,1,1,0,0.0,LOW
Ayushman Goyal,6,1,0,1,1,0,0.0,LOW
Zashil Mannan,6,1,0,1,1,0,0.0,LOW
Aarush Chander,6,1,0,1,1,0,0.0,LOW
Elijah Maharaj,6,1,0,1,1,0,0.0,LOW
Ojas Mitra,6,1,0,1,1,0,0.0,LOW
Veda Sekhon,6,1,0,1,1,0,0.0,LOW
Omkaar Kapoor,6,1,0,1,1,0,0.0,LOW
Zansi Karnik,6,1,0,1,1,0,0.0,LOW
Harsh Tiwari,6,1,0,1,1,0,0.0,LOW
Oni Master,6,1,0,1,1,0,0.0,LOW
Megha Dara,6,1,0,1,1,0,0.0,LOW
Ria Chaudhry,6,1,0,1,1,0,0.0,LOW
Wriddhish Kapoor,6,1,0,1,1,0,0.0,LOW
Rachit Gulati,6,1,0,1,1,0,0.0,LOW
Gavin Chaudhuri,6,1,0,1,1,0,0.0,LOW
Ikshita Shukla,6,1,0,1,1,0,0.0,LOW
Yashvi Master,6,1,0,1,1,0,0.0,LOW
Faraj Butala,6,1,0,1,1,0,0.0,LOW
Chaitaly Jha,6,1,0,1,1,0,0.0,LOW
Devika Balasubramanian,6,1,0,1,1,0,0.0,LOW
Urmi Bahl,6,1,0,1,1,0,0.0,LOW
Damyanti Bhatnagar,6,1,0,1,1,0,0.0,LOW
Omya Walia,6,1,0,1,1,0,0.0,LOW
Benjamin Natt,6,1,0,1,1,0,0.0,LOW
Ekalinga Seshadri,6,1,0,1,1,0,0.0,LOW
Kamala Ahuja,6,1,0,1,1,0,0.0,LOW
Jeet Dixit,6,1,0,1,1,0,0.0,LOW
Pooja Parmar,6,1,0,1,1,0,0.0,LOW
Raksha Bora,6,1,0,1,1,0,0.0,LOW
Maya Karpe,6,1,0,1,1,0,0.0,LOW
Victor Om,6,1,0,1,1,0,0.0,LOW
Yahvi Virk,6,1,0,1,1,0,0.0,LOW
Xiti Guha,6,1,0,1,1,0,0.0,LOW
Tanvi Lata,6,1,0,1,1,0,0.0,LOW
Xiti Buch,6,1,0,1,1,0,0.0,LOW
Nirja Bhattacharyya,6,1,0,1,1,0,0.0,LOW
Rachit Prabhu,6,1,0,1,1,0,0.0,LOW
Abhiram Dalal,6,1,0,1,1,0,0.0,LOW
Samarth Chopra,6,1,0,1,1,0,0.0,LOW
Darika Muni,6,1,0,1,1,0,0.0,LOW
Nidra Bala,6,1,0,1,1,0,0.0,LOW
Max Raman,6,1,0,1,1,0,0.0,LOW
Timothy Tara,6,1,0,1,1,0,0.0,LOW
Faraj Nayar,6,1,0,1,1,0,0.0,LOW
Urmi Tandon,6,1,0,1,1,0,0.0,LOW
Devika Choudhary,6,1,0,1,1,0,0.0,LOW
Hemangini Yohannan,6,1,0,1,1,0,0.0,LOW
Ranveer Krish,6,1,0,1,1,0,0.0,LOW
Bhavya Tara,6,1,0,1,1,0,0.0,LOW
Maya Shanker,6,1,0,1,1,0,0.0,LOW
Tanvi Sastry,6,1,0,1,1,0,0.0,LOW
Fitan Sha,6,1,0,1,1,0,0.0,LOW
Yatin Ravi,6,1,0,1,1,0,0.0,LOW
Abdul Grover,6,1,0,1,1,0,0.0,LOW
Mohini Cherian,6,1,0,1,1,0,0.0,LOW
Harita Biswas,6,1,0,1,1,0,0.0,LOW
Jacob Mutti,6,1,0,1,1,0,0.0,LOW
Udarsh Brar,6,1,0,1,1,0,0.0,LOW
Chavvi Mody,6,1,0,1,1,0,0.0,LOW
Laban Mangat,6,1,0,1,1,0,0.0,LOW
Faraj Kaul,6,1,0,1,1,0,0.0,LOW
Chanchal Shah,6,1,0,1,1,0,0.0,LOW
Megha Lall,6,1,0,1,1,0,0.0,LOW
Ria Dugar,6,1,0,1,1,0,0.0,LOW
Chaitanya Krishna,6,1,0,1,1,0,0.0,LOW
Pavani Dhillon,6,1,0,1,1,0,0.0,LOW
Parth Brar,6,1,0,1,1,0,0.0,LOW
Vidhi Nayak,6,1,0,1,1,0,0.0,LOW
Agastya Prasad,6,1,0,1,1,0,0.0,LOW
Ronith Bail,6,1,0,1,1,0,0.0,LOW
Aarav Gill,6,1,0,1,1,0,0.0,LOW
Pranit Gade,6,1,0,1,1,0,0.0,LOW
Vansha Dass,6,1,0,1,1,0,0.0,LOW
Qadim Ben,6,1,0,1,1,0,0.0,LOW
Rishi Garde,6,1,0,1,1,0,0.0,LOW
Madhav Kothari,6,1,0,1,1,0,0.0,LOW
Yashvi Walla,6,1,0,1,1,0,0.0,LOW
Kashvi Sami,6,1,0,1,1,0,0.0,LOW
Hema Wadhwa,6,1,0,1,1,0,0.0,LOW
Baljiwan Misra,6,1,0,1,1,0,0.0,LOW
Yutika Vig,6,1,0,1,1,0,0.0,LOW
Ria Basak,6,1,0,1,1,0,0.0,LOW
Harrison Buch,6,1,0,1,1,0,0.0,LOW
Jairaj Ramachandran,6,1,0,1,1,0,0.0,LOW
Jackson Gera,6,1,0,1,1,0,0.0,LOW
Tanveer Chopra,6,1,0,1,1,0,0.0,LOW
Raksha Manda,6,1,0,1,1,0,0.0,LOW
Baljiwan Chada,6,1,0,1,1,0,0.0,LOW
Vasudha Kapur,6,1,0,1,1,0,0.0,LOW
Frado Swaminathan,6,1,0,1,1,0,0.0,LOW
Aradhana Bhasin,6,1,0,1,1,0,0.0,LOW
Yauvani Shere,6,1,0,1,1,0,0.0,LOW
Madhav Handa,6,1,0,1,1,0,0.0,LOW
Tanish Varughese,6,1,0,1,1,0,0.0,LOW
Raagini Kadakia,6,1,0,1,1,0,0.0,LOW
Chakradhar Oak,6,1,0,1,1,0,0.0,LOW
Ekani Zachariah,6,1,0,1,1,0,0.0,LOW
Aadhya Vaidya,6,1,0,1,1,0,0.0,LOW
Mitali Munshi,6,1,0,1,1,0,0.0,LOW
Faqid Divan,6,1,0,1,1,0,0.0,LOW
Faras Pillay,6,1,0,1,1,0,0.0,LOW
Madhavi Magar,6,1,0,1,1,0,0.0,LOW
Harinakshi Sinha,6,1,0,1,1,0,0.0,LOW
Yuvraj Bahri,6,1,0,1,1,0,0.0,LOW
Yauvani Anne,6,1,0,1,1,0,0.0,LOW
Anamika Rao,6,1,0,1,1,0,0.0,LOW
Isha Bhasin,6,1,0,1,1,0,0.0,LOW
Vasatika Kohli,6,1,0,1,1,0,0.0,LOW
Anya Khanna,6,1,0,1,1,0,0.0,LOW
Alexander Narain,6,1,0,1,1,0,0.0,LOW
Mohammed Parikh,6,1,0,1,1,0,0.0,LOW
Isha Vora,6,1,0,1,1,0,0.0,LOW
Ekanta Chauhan,6,1,0,1,1,0,0.0,LOW
Harini Choudhary,6,1,0,1,1,0,0.0,LOW
Warjas Rattan,6,1,0,1,1,0,0.0,LOW
Ati Brar,6,1,0,1,1,0,0.0,LOW
Dhriti Malhotra,6,1,0,1,1,0,0.0,LOW
Darika Bir,6,1,0,1,1,0,0.0,LOW
Tanvi Sheth,6,1,0,1,1,0,0.0,LOW
Warhi Narasimhan,6,1,0,1,1,0,0.0,LOW
Wishi Purohit,6,1,0,1,1,0,0.0,LOW
Bishakha Jhaveri,6,1,0,1,1,0,0.0,LOW
Theodore Bali,6,1,0,1,1,0,0.0,LOW
Tanay Goyal,6,1,0,1,1,0,0.0,LOW
Gautami Khalsa,6,1,0,1,1,0,0.0,LOW
Riya Rastogi,6,1,0,1,1,0,0.0,LOW
Wriddhish Mandal,6,1,0,1,1,0,0.0,LOW
Tanish Palla,6,1,0,1,1,0,0.0,LOW
Barkha Issac,6,1,0,1,1,0,0.0,LOW
Jacob Mann,6,1,0,1,1,0,0.0,LOW
Charles Mistry,6,1,0,1,1,0,0.0,LOW
Bimala Choudhry,6,1,0,1,1,0,0.0,LOW
Wazir Nayar,6,1,0,1,1,0,0.0,LOW
Yatin Handa,6,1,0,1,1,0,0.0,LOW
Tara Nanda,6,1,0,1,1,0,0.0,LOW
Gaurav Dash,6,1,0,1,1,0,0.0,LOW
Bhavna Choudhary,6,1,0,1,1,0,0.0,LOW
Yashica Dhaliwal,6,1,0,1,1,0,0.0,LOW
Manya Pai,6,1,0,1,1,0,0.0,LOW
Liam Baral,6,1,0,1,1,0,0.0,LOW
Adya Shan,6,1,0,1,1,0,0.0,LOW
Arjun Soni,6,1,0,1,1,0,0.0,LOW
Zansi Sengupta,6,1,0,1,1,0,0.0,LOW
Dayamai Pant,6,1,0,1,1,0,0.0,LOW
Hamsini Balay,6,1,0,1,1,0,0.0,LOW
Champak Gole,6,1,0,1,1,0,0.0,LOW
Saanvi Jhaveri,6,1,0,1,1,0,0.0,LOW
Thomas Setty,6,1,0,1,1,0,0.0,LOW
Tanvi Chokshi,6,1,0,1,1,0,0.0,LOW
Charvi Bhalla,6,1,0,1,1,0,0.0,LOW
Manya Chaudhary,6,1,0,1,1,0,0.0,LOW
Nakul Divan,6,1,0,1,1,0,0.0,LOW
Aryan Jhaveri,6,1,0,1,1,0,0.0,LOW
Bishakha Rama,6,1,0,1,1,0,0.0,LOW
Saumya Deol,6,1,0,1,1,0,0.0,LOW
Yasti Garde,6,1,0,1,1,0,0.0,LOW
Sanya Narang,6,1,0,1,1,0,0.0,LOW
Gaurav Murthy,6,1,0,1,1,0,0.0,LOW
Waida Sinha,6,1,0,1,1,0,0.0,LOW
Sai Tella,6,1,0,1,1,0,0.0,LOW
Omya Shah,6,1,0,1,1,0,0.0,LOW
Nathaniel Mand,6,1,0,1,1,0,0.0,LOW
Advaith Chandran,6,1,0,1,1,0,0.0,LOW
Ubika Bahri,6,1,0,1,1,0,0.0,LOW
Yuvraj Desai,6,1,0,1,1,0,0.0,LOW
Ekaraj Hayer,6,1,0,1,1,0,0.0,LOW
Onveer Parmar,6,1,0,1,1,0,0.0,LOW
Tanish Bakshi,6,1,0,1,1,0,0.0,LOW
Nisha Mangat,6,1,0,1,1,0,0.0,LOW
Nitesh Seshadri,6,1,0,1,1,0,0.0,LOW
Zehaan Narasimhan,6,1,0,1,1,0,0.0,LOW
Yadavi Parikh,6,1,0,1,1,0,0.0,LOW
Yatan Morar,6,1,0,1,1,0,0.0,LOW
Isaac Chada,6,1,0,1,1,0,0.0,LOW
Avni Merchant,6,1,0,1,1,0,0.0,LOW
Mekhala Rao,6,1,0,1,1,0,0.0,LOW
Ria Mander,6,1,0,1,1,0,0.0,LOW
Falguni Vohra,6,1,0,1,1,0,0.0,LOW
Wazir Prabhu,6,1,0,1,1,0,0.0,LOW
Jason Chahal,6,1,0,1,1,0,0.0,LOW
Amruta Acharya,6,1,0,1,1,0,0.0,LOW
Indira Mohan,6,1,0,1,1,0,0.0,LOW
Timothy Vaidya,6,1,0,1,1,0,0.0,LOW
Baghyawati Kaur,6,1,0,1,1,0,0.0,LOW
Hardik Dhar,6,1,0,1,1,0,0.0,LOW
Nachiket Subramanian,6,1,0,1,1,0,0.0,LOW
Januja Ray,6,1,0,1,1,0,0.0,LOW
Ekapad Mahal,6,1,0,1,1,0,0.0,LOW
Shivani Rai,6,1,0,1,1,0,0.0,LOW
Agastya Bal,6,1,0,1,1,0,0.0,LOW
Charvi Palan,6,1,0,1,1,0,0.0,LOW
Jatin Malhotra,6,1,0,1,1,0,0.0,LOW
Mekhala Pillai,6,1,0,1,1,0,0.0,LOW
Yug Luthra,6,1,0,1,1,0,0.0,LOW
Deepa Kara,6,1,0,1,1,0,0.0,LOW
Zarna Bala,6,1,0,1,1,0,0.0,LOW
Gaurangi Behl,6,1,0,1,1,0,0.0,LOW
Yashoda Bajaj,6,1,0,1,1,0,0.0,LOW
Lopa Mody,6,1,0,1,1,0,0.0,LOW
Ridhi Wason,6,1,0,1,1,0,0.0,LOW
Diya Sampath,6,1,0,1,1,0,0.0,LOW
Yashvi Prakash,6,1,0,1,1,0,0.0,LOW
Zinal Korpal,6,1,0,1,1,0,0.0,LOW
Agastya Mishra,6,1,0,1,1,0,0.0,LOW
Xalak Vohra,6,1,0,1,1,0,0.0,LOW
Pahal Chana,6,1,0,1,1,0,0.0,LOW
Zinal Wali,6,1,0,1,1,0,0.0,LOW
Fariq Chakraborty,6,1,0,1,1,0,0.0,LOW
Ekantika Garg,6,1,0,1,1,0,0.0,LOW
Triya Rai,6,1,0,1,1,0,0.0,LOW
Deepa Vasa,6,1,0,1,1,0,0.0,LOW
Nathan Mahal,6,1,0,1,1,0,0.0,LOW
Chandani Mani,6,1,0,1,1,0,0.0,LOW
Krish Mannan,6,1,0,1,1,0,0.0,LOW
Ria Ray,6,1,0,1,1,0,0.0,LOW
Shaurya Lad,6,1,0,1,1,0,0.0,LOW
Chakradev Chacko,6,1,0,1,1,0,0.0,LOW
Adya Sethi,6,1,0,1,1,0,0.0,LOW
Rehaan Divan,6,1,0,1,1,0,0.0,LOW
Oni Bail,6,1,0,1,1,0,0.0,LOW
Hamsini Narayan,6,1,0,1,1,0,0.0,LOW
Logan Basu,6,1,0,1,1,0,0.0,LOW
Damini Nagi,6,1,0,1,1,0,0.0,LOW
Nachiket Wagle,6,1,0,1,1,0,0.0,LOW
Ishani Lall,6,1,0,1,1,0,0.0,LOW
Kashvi Varty,6,1,0,1,1,0,0.0,LOW
Chakradhar Mohan,6,1,0,1,1,0,0.0,LOW
Dalbir Hayre,6,1,0,1,1,0,0.0,LOW
Vedant Pingle,6,1,0,1,1,0,0.0,LOW
Jalsa Mukherjee,6,1,0,1,1,0,0.0,LOW
Divya Kale,6,1,0,1,1,0,0.0,LOW
Qarin Savant,6,1,0,1,1,0,0.0,LOW
Gautami Amble,6,1,0,1,1,0,0.0,LOW
Mahika Rajagopal,6,1,0,1,1,0,0.0,LOW
Aadhya Hans,6,1,0,1,1,0,0.0,LOW
Balhaar Dave,6,1,0,1,1,0,0.0,LOW
Ijaya Rajagopalan,6,1,0,1,1,0,0.0,LOW
Jyoti Rajagopalan,6,1,0,1,1,0,0.0,LOW
Aarush Korpal,6,1,0,1,1,0,0.0,LOW
Idika Kohli,6,1,0,1,1,0,0.0,LOW
Amruta Nigam,6,1,0,1,1,0,0.0,LOW
Qarin Chander,6,1,0,1,1,0,0.0,LOW
Finn Sankar,6,1,0,1,1,0,0.0,LOW
Charita Khalsa,6,1,0,1,1,0,0.0,LOW
Lavanya Manda,6,1,0,1,1,0,0.0,LOW
Atharv Subramaniam,6,1,0,1,1,0,0.0,LOW
Triveni Bose,6,1,0,1,1,0,0.0,LOW
Aarna Gaba,6,1,0,1,1,0,0.0,LOW
Triveni Korpal,6,1,0,1,1,0,0.0,LOW
Yashodhara Zachariah,6,1,0,1,1,0,0.0,LOW
Tara Mannan,6,1,0,1,1,0,0.0,LOW
Janya Issac,6,1,0,1,1,0,0.0,LOW
Eta Mann,6,1,0,1,1,0,0.0,LOW
Anamika Sharma,6,1,0,1,1,0,0.0,LOW
Neel Agate,6,1,0,1,1,0,0.0,LOW
Abha Sha,6,1,0,1,1,0,0.0,LOW
Sachi Bhargava,6,1,0,1,1,0,0.0,LOW
Max D’Alia,6,1,0,1,1,0,0.0,LOW
Ijaya Patla,6,1,0,1,1,0,0.0,LOW
Dhruv Raman,6,1,0,1,1,0,0.0,LOW
Yochana Mittal,6,1,0,1,1,0,0.0,LOW
Varsha Mohanty,6,1,0,1,1,0,0.0,LOW
Urvashi Kumar,6,1,0,1,1,0,0.0,LOW
Ekta Mohanty,6,1,0,1,1,0,0.0,LOW
Jack Rege,6,1,0,1,1,0,0.0,LOW
Ishanvi Wable,6,1,0,1,1,0,0.0,LOW
Rayaan Nath,6,1,0,1,1,0,0.0,LOW
Sai Khalsa,6,1,0,1,1,0,0.0,LOW
Gunbir Tandon,6,1,0,1,1,0,0.0,LOW
Niharika Mani,6,1,0,1,1,0,0.0,LOW
Vedant Mitra,6,1,0,1,1,0,0.0,LOW
Fitan Kara,6,1,0,1,1,0,0.0,LOW
Hritik Tak,6,1,0,1,1,0,0.0,LOW
Jhalak Mistry,6,1,0,1,1,0,0.0,LOW
Charvi Bhatia,6,1,0,1,1,0,0.0,LOW
Charita Rao,6,1,0,1,1,0,0.0,LOW
Kritika Jain,6,1,0,1,1,0,0.0,LOW
Januja Mukhopadhyay,6,1,0,1,1,0,0.0,LOW
Ikshita Muni,6,1,0,1,1,0,0.0,LOW
Aryan Rana,6,1,0,1,1,0,0.0,LOW
Veda Loke,6,1,0,1,1,0,0.0,LOW
Omkaar Balakrishnan,6,1,0,1,1,0,0.0,LOW
Ekansh Murthy,6,1,0,1,1,0,0.0,LOW
Azad Apte,6,1,0,1,1,0,0.0,LOW
Ekanta Ahluwalia,6,1,0,1,1,0,0.0,LOW
Krish Pingle,6,1,0,1,1,0,0.0,LOW
Ekaja Rao,6,1,0,1,1,0,0.0,LOW
Christopher Chahal,6,1,0,1,1,0,0.0,LOW
Faris Trivedi,6,1,0,1,1,0,0.0,LOW
Raksha Aggarwal,6,1,0,1,1,0,0.0,LOW
Mitesh Swamy,6,1,0,1,1,0,0.0,LOW
Chanakya Sheth,6,1,0,1,1,0,0.0,LOW
Sanaya Ramakrishnan,6,1,0,1,1,0,0.0,LOW
Ridhi Kota,6,1,0,1,1,0,0.0,LOW
Neha Wali,6,1,0,1,1,0,0.0,LOW
Samarth Golla,6,1,0,1,1,0,0.0,LOW
Yashasvi Prashad,6,1,0,1,1,0,0.0,LOW
Priya Sood,6,1,0,1,1,0,0.0,LOW
Harsh Khosla,6,1,0,1,1,0,0.0,LOW
Aarush Aggarwal,6,1,0,1,1,0,0.0,LOW
Oliver Sant,6,1,0,1,1,0,0.0,LOW
Vasudha Rajan,6,1,0,1,1,0,0.0,LOW
Eesha Mann,6,1,0,1,1,0,0.0,LOW
Chavvi Shah,6,1,0,1,1,0,0.0,LOW
Jagvi Bora,6,1,0,1,1,0,0.0,LOW
Luke Soman,6,1,0,1,1,0,0.0,LOW
Neha Puri,6,1,0,1,1,0,0.0,LOW
Dakshesh Sahni,6,1,0,1,1,0,0.0,LOW
Yashasvi Chhabra,6,1,0,1,1,0,0.0,LOW
Azaan Edwin,6,1,0,1,1,0,0.0,LOW
Pooja Sagar,6,1,0,1,1,0,0.0,LOW
Abeer Sengupta,6,1,0,1,1,0,0.0,LOW
Pranav Devi,6,1,0,1,1,0,0.0,LOW
Anirudh Mane,6,1,0,1,1,0,0.0,LOW
Anthony Deshpande,6,1,0,1,1,0,0.0,LOW
Liam Rastogi,6,1,0,1,1,0,0.0,LOW
Nidra Saxena,6,1,0,1,1,0,0.0,LOW
Nihal Ghose,6,1,0,1,1,0,0.0,LOW
Praneel Swaminathan,6,1,0,1,1,0,0.0,LOW
Abhimanyu Bumb,6,1,0,1,1,0,0.0,LOW
Urvashi Issac,6,1,0,1,1,0,0.0,LOW
Nidhi Patel,6,1,0,1,1,0,0.0,LOW
Nathan Rastogi,6,1,0,1,1,0,0.0,LOW
Theodore Narula,6,1,0,1,1,0,0.0,LOW
Triveni Vohra,6,1,0,1,1,0,0.0,LOW
Victor Hegde,6,1,0,1,1,0,0.0,LOW
Chandran Agarwal,6,1,0,1,1,0,0.0,LOW
Ekalinga Golla,6,1,0,1,1,0,0.0,LOW
Udyati Sheth,6,1,0,1,1,0,0.0,LOW
Janaki Bassi,6,1,0,1,1,0,0.0,LOW
Udant Morar,6,1,0,1,1,0,0.0,LOW
Jyoti Balan,6,1,0,1,1,0,0.0,LOW
Maanas Parikh,6,1,0,1,1,0,0.0,LOW
Turvi Soni,6,1,0,1,1,0,0.0,LOW
Jason Goyal,6,1,0,1,1,0,0.0,LOW
Dayita Chahal,6,1,0,1,1,0,0.0,LOW
Ekta Mutti,6,1,0,1,1,0,0.0,LOW
Yutika Dara,6,1,0,1,1,0,0.0,LOW
Balhaar Ghose,6,1,0,1,1,0,0.0,LOW
Luke Krishnan,6,1,0,1,1,0,0.0,LOW
Leena Venkatesh,6,1,0,1,1,0,0.0,LOW
Nakul Chokshi,6,1,0,1,1,0,0.0,LOW
Unnati Sani,6,1,0,1,1,0,0.0,LOW
Chanchal Dhar,6,1,0,1,1,0,0.0,LOW
Indrajit Toor,6,1,0,1,1,0,0.0,LOW
Saumya Majumdar,6,1,0,1,1,0,0.0,LOW
Raagini Hegde,6,1,0,1,1,0,0.0,LOW
Shravya Pandya,6,1,0,1,1,0,0.0,LOW
Amol Deep,6,1,0,1,1,0,0.0,LOW
Maya Kalita,6,1,0,1,1,0,0.0,LOW
Akshay Vala,6,1,0,1,1,0,0.0,LOW
Eesha Chaudry,6,1,0,1,1,0,0.0,LOW
Rayaan Datta,6,1,0,1,1,0,0.0,LOW
Chaitaly Kari,6,1,0,1,1,0,0.0,LOW
Ikbal Grewal,6,1,0,1,1,0,0.0,LOW
Veda Sengupta,6,1,0,1,1,0,0.0,LOW
Farhan Ray,6,1,0,1,1,0,0.0,LOW
Sneha Shan,6,1,0,1,1,0,0.0,LOW
Yagnesh Pau,6,1,0,1,1,0,0.0,LOW
Dipta Mander,6,1,0,1,1,0,0.0,LOW
Finn Bains,6,1,0,1,1,0,0.0,LOW
Avni Deshpande,6,1,0,1,1,0,0.0,LOW
Patrick Vala,6,1,0,1,1,0,0.0,LOW
Qasim Sant,6,1,0,1,1,0,0.0,LOW
Chandran Borde,6,1,0,1,1,0,0.0,LOW
Chatura Ahuja,6,1,0,1,1,0,0.0,LOW
Upma Deep,6,1,0,1,1,0,0.0,LOW
Hiral Ganesan,6,1,0,1,1,0,0.0,LOW
Yash Saraf,6,1,0,1,1,0,0.0,LOW
Saksham Swamy,6,1,0,1,1,0,0.0,LOW
Laban Nadig,6,1,0,1,1,0,0.0,LOW
Zaitra Sur,6,1,0,1,1,0,0.0,LOW
Aradhana Sharma,6,1,0,1,1,0,0.0,LOW
Kashish Biswas,6,1,0,1,1,0,0.0,LOW
Warinder Merchant,6,1,0,1,1,0,0.0,LOW
Wyatt Majumdar,6,1,0,1,1,0,0.0,LOW
Lekha Ganesan,6,1,0,1,1,0,0.0,LOW
Gayathri Sodhi,6,1,0,1,1,0,0.0,LOW
Urmi Panchal,6,1,0,1,1,0,0.0,LOW
Vasana Sharma,6,1,0,1,1,0,0.0,LOW
Umang Pandey,6,1,0,1,1,0,0.0,LOW
Chameli Seshadri,6,1,0,1,1,0,0.0,LOW
Varenya Bose,6,1,0,1,1,0,0.0,LOW
Jai Dugar,6,1,0,1,1,0,0.0,LOW
Jeevika Mane,6,1,0,1,1,0,0.0,LOW
Gautami Chahal,6,1,0,1,1,0,0.0,LOW
Damini Anne,6,1,0,1,1,0,0.0,LOW
Ishani Kadakia,6,1,0,1,1,0,0.0,LOW
Kai Behl,6,1,0,1,1,0,0.0,LOW
Akshay Banik,6,1,0,1,1,0,0.0,LOW
Wahab Dash,6,1,0,1,1,0,0.0,LOW
Samesh Dyal,6,1,0,1,1,0,0.0,LOW
Idika Kapadia,6,1,0,1,1,0,0.0,LOW
Indira Patla,6,1,0,1,1,0,0.0,LOW
Jai Som,6,1,0,1,1,0,0.0,LOW
Jacob Tara,6,1,0,1,1,0,0.0,LOW
Janani Sangha,6,1,0,1,1,0,0.0,LOW
Advay Dhingra,6,1,0,1,1,0,0.0,LOW
Vinaya Sarna,6,1,0,1,1,0,0.0,LOW
Qabil Dave,6,1,0,1,1,0,0.0,LOW
Omisha Atwal,6,1,0,1,1,0,0.0,LOW
Jacob Bhagat,6,1,0,1,1,0,0.0,LOW
Brijesh Chander,6,1,0,1,1,0,0.0,LOW
Timothy D’Alia,6,1,0,1,1,0,0.0,LOW
Victor Sastry,6,1,0,1,1,0,0.0,LOW
Indali Bawa,6,1,0,1,1,0,0.0,LOW
Pahal Chatterjee,6,1,0,1,1,0,0.0,LOW
Samaksh Bhargava,6,1,0,1,1,0,0.0,LOW
Janya Sachdev,6,1,0,1,1,0,0.0,LOW
Ojas Sehgal,6,1,0,1,1,0,0.0,LOW
Warda Bawa,6,1,0,1,1,0,0.0,LOW
Om Toor,6,1,0,1,1,0,0.0,LOW
Caleb Sule,6,1,0,1,1,0,0.0,LOW
Jason Dass,6,1,0,1,1,0,0.0,LOW
Pallavi Nayar,6,1,0,1,1,0,0.0,LOW
Ronith Balan,6,1,0,1,1,0,0.0,LOW
Abdul Sagar,6,1,0,1,1,0,0.0,LOW
Shivani Chaudhry,6,1,0,1,1,0,0.0,LOW
Damini Naik,6,1,0,1,1,0,0.0,LOW
Tara Radhakrishnan,6,1,0,1,1,0,0.0,LOW
Abdul Prabhu,6,1,0,1,1,0,0.0,LOW
Wahab Dass,6,1,0,1,1,0,0.0,LOW
Orinder Karan,6,1,0,1,1,0,0.0,LOW
Pallavi Konda,6,1,0,1,1,0,0.0,LOW
Chaitanya Garde,6,1,0,1,1,0,0.0,LOW
Lila Wadhwa,6,1,0,1,1,0,0.0,LOW
Priya Ray,6,1,0,1,1,0,0.0,LOW
Rachita Karan,6,1,0,1,1,0,0.0,LOW
Onkar Ramachandran,6,1,0,1,1,0,0.0,LOW
Aryan Nadkarni,6,1,0,1,1,0,0.0,LOW
Bhavya Jain,6,1,0,1,1,0,0.0,LOW
Harrison Rajan,6,1,0,1,1,0,0.0,LOW
Agastya Chandran,6,1,0,1,1,0,0.0,LOW
Naksh Wagle,6,1,0,1,1,0,0.0,LOW
Ati Dave,6,1,0,1,1,0,0.0,LOW
Theodore Chander,6,1,0,1,1,0,0.0,LOW
Owen Dalal,6,1,0,1,1,0,0.0,LOW
Kabir Shan,6,1,0,1,1,0,0.0,LOW
Upkaar Naik,6,1,0,1,1,0,0.0,LOW
Widisha Batta,6,1,0,1,1,0,0.0,LOW
Raagini Wagle,6,1,0,1,1,0,0.0,LOW
Abhiram Puri,6,1,0,1,1,0,0.0,LOW
Aarav Sule,6,1,0,1,1,0,0.0,LOW
Reva Wali,6,1,0,1,1,0,0.0,LOW
Yoshita Sachdev,6,1,0,1,1,0,0.0,LOW
Manthan Dhawan,6,1,0,1,1,0,0.0,LOW
Adya Vasa,6,1,0,1,1,0,0.0,LOW
Wyatt Prabhu,6,1,0,1,1,0,0.0,LOW
Ijaya Kota,6,1,0,1,1,0,0.0,LOW
Max Balay,6,1,0,1,1,0,0.0,LOW
Abha Dhingra,6,1,0,1,1,0,0.0,LOW
Vamakshi Narayanan,6,1,0,1,1,0,0.0,LOW
Warinder Sur,6,1,0,1,1,0,0.0,LOW
Aarna Ganguly,6,1,0,1,1,0,0.0,LOW
Vivaan Malhotra,6,1,0,1,1,0,0.0,LOW
Rachita Gopal,6,1,0,1,1,0,0.0,LOW
Kala Lalla,6,1,0,1,1,0,0.0,LOW
Hema Deo,6,1,0,1,1,0,0.0,LOW
Irya Sastry,6,1,0,1,1,0,0.0,LOW
Benjamin Gopal,6,1,0,1,1,0,0.0,LOW
Dakshesh Mohanty,6,1,0,1,1,0,0.0,LOW
Madhav Sunder,6,1,0,1,1,0,0.0,LOW
Brijesh Nadig,6,1,0,1,1,0,0.0,LOW
Dayamai Kapur,6,1,0,1,1,0,0.0,LOW
Dhruv Sharma,6,1,0,1,1,0,0.0,LOW
Yashawini Sachar,6,1,0,1,1,0,0.0,LOW
Urishilla Nagarajan,6,1,0,1,1,0,0.0,LOW
Jeremiah Bhagat,6,1,0,1,1,0,0.0,LOW
Aahana Mohanty,6,1,0,1,1,0,0.0,LOW
Shaurya Doctor,6,1,0,1,1,0,0.0,LOW
Kamala Shere,6,1,0,1,1,0,0.0,LOW
Ekavir Bawa,6,1,0,1,1,0,0.0,LOW
Harsh Koshy,6,1,0,1,1,0,0.0,LOW
Aditya Banerjee,6,1,0,1,1,0,0.0,LOW
Tanvi Savant,6,1,0,1,1,0,0.0,LOW
Inaya Varma,6,1,0,1,1,0,0.0,LOW
Harish Thakur,6,1,0,1,1,0,0.0,LOW
Damyanti Raj,6,1,0,1,1,0,0.0,LOW
Ekapad Natarajan,6,1,0,1,1,0,0.0,LOW
Edhitha Sahota,6,1,0,1,1,0,0.0,LOW
Guneet Bali,6,1,0,1,1,0,0.0,LOW
Ishita Palan,6,1,0,1,1,0,0.0,LOW
Harrison Magar,6,1,0,1,1,0,0.0,LOW
Amara Dhaliwal,6,1,0,1,1,0,0.0,LOW
Irya Sami,6,1,0,1,1,0,0.0,LOW
Sathvik Parsa,6,1,0,1,1,0,0.0,LOW
Reyansh Lal,6,1,0,1,1,0,0.0,LOW
Damini Chand,6,1,0,1,1,0,0.0,LOW
Jonathan Nath,6,1,0,1,1,0,0.0,LOW
Chakradhar Roy,6,1,0,1,1,0,0.0,LOW
Jeet Desai,6,1,0,1,1,0,0.0,LOW
Girindra Goswami,6,1,0,1,1,0,0.0,LOW
Leena Sibal,6,1,0,1,1,0,0.0,LOW
Vaishnavi Dani,6,1,0,1,1,0,0.0,LOW
Wakeeta Rout,6,1,0,1,1,0,0.0,LOW
Anika Krishnan,6,1,0,1,1,0,0.0,LOW
Naksh Radhakrishnan,6,1,0,1,1,0,0.0,LOW
Upma Chander,6,1,0,1,1,0,0.0,LOW
Jacob Sarna,6,1,0,1,1,0,0.0,LOW
Alka Oommen,6,1,0,1,1,0,0.0,LOW
Amrita Bobal,6,1,0,1,1,0,0.0,LOW
Hamsini Ramanathan,6,1,0,1,1,0,0.0,LOW
Wakeeta Chad,6,1,0,1,1,0,0.0,LOW
Matthew Ratta,6,1,0,1,1,0,0.0,LOW
Champak Rana,6,1,0,1,1,0,0.0,LOW
Jeet Hora,6,1,0,1,1,0,0.0,LOW
Anika Baria,6,1,0,1,1,0,0.0,LOW
Aachal Aurora,6,1,0,1,1,0,0.0,LOW
Ekiya Mammen,6,1,0,1,1,0,0.0,LOW
Jai Mannan,6,1,0,1,1,0,0.0,LOW
Shivansh Dubey,6,1,0,1,1,0,0.0,LOW
Upkaar Ranganathan,6,1,0,1,1,0,0.0,LOW
Ranveer Balan,6,1,0,1,1,0,0.0,LOW
Onveer Sabharwal,6,1,0,1,1,0,0.0,LOW
Dhriti Bajwa,6,1,0,1,1,0,0.0,LOW
Reyansh Karpe,6,1,0,1,1,0,0.0,LOW
Jhalak Gill,6,1,0,1,1,0,0.0,LOW
Nidhi Sami,6,1,0,1,1,0,0.0,LOW
Vivaan Swamy,6,1,0,1,1,0,0.0,LOW
Chakradev Sibal,6,1,0,1,1,0,0.0,LOW
Madhav Das,6,1,0,1,1,0,0.0,LOW
Gaurangi Naik,6,1,0,1,1,0,0.0,LOW
Kai Parekh,6,1,0,1,1,0,0.0,LOW
Mason Krish,6,1,0,1,1,0,0.0,LOW
Yoshita Choudhary,6,1,0,1,1,0,0.0,LOW
Sai Puri,6,1,0,1,1,0,0.0,LOW
Advaith Shere,6,1,0,1,1,0,0.0,LOW
Oni Memon,6,1,0,1,1,0,0.0,LOW
Abeer Boase,6,1,0,1,1,0,0.0,LOW
Devansh Goyal,6,1,0,1,1,0,0.0,LOW
Bhavani Chaudry,6,1,0,1,1,0,0.0,LOW
Atharv Sanghvi,6,1,0,1,1,0,0.0,LOW
Dominic Behl,6,1,0,1,1,0,0.0,LOW
Benjamin Merchant,6,1,0,1,1,0,0.0,LOW
Siya Pradhan,6,1,0,1,1,0,0.0,LOW
Aadi Kota,6,1,0,1,1,0,0.0,LOW
Garima Rajan,6,1,0,1,1,0,0.0,LOW
Jairaj Mander,6,1,0,1,1,0,0.0,LOW
Yug Nayak,6,1,0,1,1,0,0.0,LOW
Mahika Iyer,6,1,0,1,1,0,0.0,LOW
Vyanjana Narayan,6,1,0,1,1,0,0.0,LOW
Anirudh Gara,6,1,0,1,1,0,0.0,LOW
Warinder Oommen,6,1,0,1,1,0,0.0,LOW
Advik Borah,6,1,0,1,1,0,0.0,LOW
Hredhaan Patil,6,1,0,1,1,0,0.0,LOW
Yashasvi Rajagopal,6,1,0,1,1,0,0.0,LOW
Anita Tandon,6,1,0,1,1,0,0.0,LOW
Arunima Maharaj,6,1,0,1,1,0,0.0,LOW
Liam Gade,6,1,0,1,1,0,0.0,LOW
Aachal Buch,6,1,0,1,1,0,0.0,LOW
Chanchal Yogi,6,1,0,1,1,0,0.0,LOW
Yamini Pandit,6,1,0,1,1,0,0.0,LOW
Ekavir Malhotra,6,1,0,1,1,0,0.0,LOW
Wahab Dugal,6,1,0,1,1,0,0.0,LOW
Yashica Iyer,6,1,0,1,1,0,0.0,LOW
Lohit Solanki,6,1,0,1,1,0,0.0,LOW
Nimrat Ghose,6,1,0,1,1,0,0.0,LOW
Ayush Bhatti,6,1,0,1,1,0,0.0,LOW
Tripti Raghavan,6,1,0,1,1,0,0.0,LOW
Imaran Tak,6,1,0,1,1,0,0.0,LOW
Chakrika Dugar,6,1,0,1,1,0,0.0,LOW
Frederick Cheema,6,1,0,1,1,0,0.0,LOW
Ijaya Raju,6,1,0,1,1,0,0.0,LOW
Abhimanyu Mistry,6,1,0,1,1,0,0.0,LOW
Jeremiah Sarraf,6,1,0,1,1,0,0.0,LOW
Sathvik Khalsa,6,1,0,1,1,0,0.0,LOW
Arya Puri,6,1,0,1,1,0,0.0,LOW
Onkar Bhavsar,6,1,0,1,1,0,0.0,LOW
Dhriti Sampath,6,1,0,1,1,0,0.0,LOW
Pavani Thaman,6,1,0,1,1,0,0.0,LOW
Chandresh Mander,6,1,0,1,1,0,0.0,LOW
Ekalinga Varkey,6,1,0,1,1,0,0.0,LOW
Nitesh Parmer,6,1,0,1,1,0,0.0,LOW
Samar Dhar,6,1,0,1,1,0,0.0,LOW
Jack Soni,6,1,0,1,1,0,0.0,LOW
Samaksh Gaba,6,1,0,1,1,0,0.0,LOW
Gabriel Trivedi,6,1,0,1,1,0,0.0,LOW
Warda Vohra,6,1,0,1,1,0,0.0,LOW
Eesha Dutta,6,1,0,1,1,0,0.0,LOW
Xiti Ramachandran,6,1,0,1,1,0,0.0,LOW
Nihal Mitter,6,1,0,1,1,0,0.0,LOW
Pushti Grover,6,1,0,1,1,0,0.0,LOW
Hiral Sehgal,6,1,0,1,1,0,0.0,LOW
Ojasvi Bains,6,1,0,1,1,0,0.0,LOW
Maanas Borde,6,1,0,1,1,0,0.0,LOW
Aarav Desai,6,1,0,1,1,0,0.0,LOW
Faraj Tandon,6,1,0,1,1,0,0.0,LOW
Niharika Soman,6,1,0,1,1,0,0.0,LOW
Fariq Warrior,6,1,0,1,1,0,0.0,LOW
Avni Bedi,6,1,0,1,1,0,0.0,LOW
Forum Khanna,6,1,0,1,1,0,0.0,LOW
Manthan Mane,6,1,0,1,1,0,0.0,LOW
Nitara Ben,6,1,0,1,1,0,0.0,LOW
Anjali Jha,6,1,0,1,1,0,0.0,LOW
Aishani Pall,6,1,0,1,1,0,0.0,LOW
Urvashi Doshi,6,1,0,1,1,0,0.0,LOW
Dalbir Sundaram,6,1,0,1,1,0,0.0,LOW
Victor Rege,6,1,0,1,1,0,0.0,LOW
Upadhriti Mukhopadhyay,6,1,0,1,1,0,0.0,LOW
Shravya Kalla,6,1,0,1,1,0,0.0,LOW
Viraj Dayal,6,1,0,1,1,0,0.0,LOW
Girik Varkey,6,1,0,1,1,0,0.0,LOW
Advika Nadig,6,1,0,1,1,0,0.0,LOW
Banjeet Devi,6,1,0,1,1,0,0.0,LOW
Zarna Amble,6,1,0,1,1,0,0.0,LOW
Netra Sule,6,1,0,1,1,0,0.0,LOW
Alka Dhawan,6,1,0,1,1,0,0.0,LOW
Girindra Narayanan,6,1,0,1,1,0,0.0,LOW
Chaitaly Sami,6,1,0,1,1,0,0.0,LOW
Lila Kalita,6,1,0,1,1,0,0.0,LOW
Noah Krishna,6,1,0,1,1,0,0.0,LOW
Avi Sachdeva,6,1,0,1,1,0,0.0,LOW
Azad Bahl,6,1,0,1,1,0,0.0,LOW
Ria Kannan,6,1,0,1,1,0,0.0,LOW
Rachita Patel,6,1,0,1,1,0,0.0,LOW
Zayyan Taneja,6,1,0,1,1,0,0.0,LOW
Nikita Jain,6,1,0,1,1,0,0.0,LOW
Arya Seshadri,6,1,0,1,1,0,0.0,LOW
Zinal Kadakia,6,1,0,1,1,0,0.0,LOW
Farhan Borah,6,1,0,1,1,0,0.0,LOW
Rajata Rastogi,6,1,0,1,1,0,0.0,LOW
Nimrat Walia,6,1,0,1,1,0,0.0,LOW
Priya Barman,6,1,0,1,1,0,0.0,LOW
Baljiwan Kala,6,1,0,1,1,0,0.0,LOW
Caleb Barman,6,1,0,1,1,0,0.0,LOW
Adweta Loyal,6,1,0,1,1,0,0.0,LOW
Arjun Wagle,6,1,0,1,1,0,0.0,LOW
Viraj Sunder,6,1,0,1,1,0,0.0,LOW
Adya Grover,6,1,0,1,1,0,0.0,LOW
Jonathan Chhabra,6,1,0,1,1,0,0.0,LOW
Krishna Nagi,6,1,0,1,1,0,0.0,LOW
Madhavi Bhatt,6,1,0,1,1,0,0.0,LOW
Osha Sule,6,1,0,1,1,0,0.0,LOW
Bhavini Dass,6,1,0,1,1,0,0.0,LOW
Baljiwan Wable,6,1,0,1,1,0,0.0,LOW
Falan Karnik,6,1,0,1,1,0,0.0,LOW
Tristan Sama,6,1,0,1,1,0,0.0,LOW
Rishi Dugar,6,1,0,1,1,0,0.0,LOW
Ladli Goswami,6,1,0,1,1,0,0.0,LOW
Luke Dubey,6,1,0,1,1,0,0.0,LOW
Udant Wali,6,1,0,1,1,0,0.0,LOW
Tanveer Viswanathan,6,1,0,1,1,0,0.0,LOW
Brijesh Mane,6,1,0,1,1,0,0.0,LOW
Shivansh Jhaveri,6,1,0,1,1,0,0.0,LOW
Imaran Mukherjee,6,1,0,1,1,0,0.0,LOW
Tejas Chatterjee,6,1,0,1,1,0,0.0,LOW
Hritik Koshy,6,1,0,1,1,0,0.0,LOW
Advik Wagle,6,1,0,1,1,0,0.0,LOW
Azaan Chanda,6,1,0,1,1,0,0.0,LOW
Yashvi D’Alia,6,1,0,1,1,0,0.0,LOW
Jagat Deep,6,1,0,1,1,0,0.0,LOW
Pranit Dara,6,1,0,1,1,0,0.0,LOW
Adya Deol,6,1,0,1,1,0,0.0,LOW
Qarin Kuruvilla,6,1,0,1,1,0,0.0,LOW
Amara Dhingra,6,1,0,1,1,0,0.0,LOW
Eesha Vyas,6,1,0,1,1,0,0.0,LOW
Andrew Dalal,6,1,0,1,1,0,0.0,LOW
Pratyush Sood,6,1,0,1,1,0,0.0,LOW
Ranveer Borra,6,1,0,1,1,0,0.0,LOW
Quincy Sundaram,6,1,0,1,1,0,0.0,LOW
Indali Bora,6,1,0,1,1,0,0.0,LOW
Chameli Palla,6,1,0,1,1,0,0.0,LOW
Harsh Gara,6,1,0,1,1,0,0.0,LOW
Nakul Kannan,6,1,0,1,1,0,0.0,LOW
Yutika Khare,6,1,0,1,1,0,0.0,LOW
Nakul Babu,6,1,0,1,1,0,0.0,LOW
Kiaan Modi,6,1,0,1,1,0,0.0,LOW
Shivansh Patil,6,1,0,1,1,0,0.0,LOW
Aahana Bhakta,6,1,0,1,1,0,0.0,LOW
Hema Sehgal,6,1,0,1,1,0,0.0,LOW
Pallavi Ben,6,1,0,1,1,0,0.0,LOW
Maanav Chaudhary,6,1,0,1,1,0,0.0,LOW
Udarsh Khurana,6,1,0,1,1,0,0.0,LOW
Triveni Sarin,6,1,0,1,1,0,0.0,LOW
Mitali Bora,6,1,0,1,1,0,0.0,LOW
Mohini Goda,6,1,0,1,1,0,0.0,LOW
Fitan Dugal,6,1,0,1,1,0,0.0,LOW
Nachiket Sane,6,1,0,1,1,0,0.0,LOW
Nandini Borde,6,1,0,1,1,0,0.0,LOW
Gaurav Kalla,6,1,0,1,1,0,0.0,LOW
Rachana Bhat,6,1,0,1,1,0,0.0,LOW
Oliver Sheth,6,1,0,1,1,0,0.0,LOW
Arjun Kaul,6,1,0,1,1,0,0.0,LOW
Anjali Raghavan,6,1,0,1,1,0,0.0,LOW
Leela Radhakrishnan,6,1,0,1,1,0,0.0,LOW
Darsh Hegde,6,1,0,1,1,0,0.0,LOW
Yoshita Zachariah,6,1,0,1,1,0,0.0,LOW
Lila Oza,6,1,0,1,1,0,0.0,LOW
Daksh Mall,6,1,0,1,1,0,0.0,LOW
Arya Sachar,6,1,0,1,1,0,0.0,LOW
Karan Bhatnagar,6,1,0,1,1,0,0.0,LOW
Chakrika Bhavsar,6,1,0,1,1,0,0.0,LOW
Zinal Chandra,6,1,0,1,1,0,0.0,LOW
Kevin Ramanathan,6,1,0,1,1,0,0.0,LOW
Janya Goel,6,1,0,1,1,0,0.0,LOW
Ucchal Nadig,6,1,0,1,1,0,0.0,LOW
Chaaya Kannan,6,1,0,1,1,0,0.0,LOW
Vedant Balan,6,1,0,1,1,0,0.0,LOW
Zilmil Ben,6,1,0,1,1,0,0.0,LOW
Xavier Nagi,6,1,0,1,1,0,0.0,LOW
Fiyaz Zachariah,6,1,0,1,1,0,0.0,LOW
Ishita Joshi,6,1,0,1,1,0,0.0,LOW
Indira Pant,6,1,0,1,1,0,0.0,LOW
Kamala Kohli,6,1,0,1,1,0,0.0,LOW
Chavvi Sandhu,6,1,0,1,1,0,0.0,LOW
Ekanta Dhar,6,1,0,1,1,0,0.0,LOW
Dhriti Sahota,6,1,0,1,1,0,0.0,LOW
Jeremiah Deshpande,6,1,0,1,1,0,0.0,LOW
Osha Grewal,6,1,0,1,1,0,0.0,LOW
Ranbir Vora,6,1,0,1,1,0,0.0,LOW
Aarav Comar,6,1,0,1,1,0,0.0,LOW
Gaurav Shah,6,1,0,1,1,0,0.0,LOW
Dhruv Rau,6,1,0,1,1,0,0.0,LOW
Vrinda Khare,6,1,0,1,1,0,0.0,LOW
Tejas Savant,6,1,0,1,1,0,0.0,LOW
Anay Issac,6,1,0,1,1,0,0.0,LOW
Pahal Balasubramanian,6,1,0,1,1,0,0.0,LOW
Victor Kuruvilla,6,1,0,1,1,0,0.0,LOW
Atharv Devan,6,1,0,1,1,0,0.0,LOW
Chandran Chauhan,6,1,0,1,1,0,0.0,LOW
Oeshi Parmer,6,1,0,1,1,0,0.0,LOW
Janani Saran,6,1,0,1,1,0,0.0,LOW
Gautami Ramachandran,6,1,0,1,1,0,0.0,LOW
Aachal Aggarwal,6,1,0,1,1,0,0.0,LOW
Tarak Memon,6,1,0,1,1,0,0.0,LOW
Vaishnavi Kari,6,1,0,1,1,0,0.0,LOW
Sai Mangat,6,1,0,1,1,0,0.0,LOW
Pavani Bali,6,1,0,1,1,0,0.0,LOW
Ekavir Andra,6,1,0,1,1,0,0.0,LOW
Dhriti Nayak,6,1,0,1,1,0,0.0,LOW
Chatresh Shan,6,1,0,1,1,0,0.0,LOW
Eiravati Kade,6,1,0,1,1,0,0.0,LOW
Ekavir Shah,6,1,0,1,1,0,0.0,LOW
Madhavi Chahal,6,1,0,1,1,0,0.0,LOW
Yahvi Grewal,6,1,0,1,1,0,0.0,LOW
Praneel Mand,6,1,0,1,1,0,0.0,LOW
Aahana Agrawal,6,1,0,1,1,0,0.0,LOW
Owen Ramanathan,6,1,0,1,1,0,0.0,LOW
Chandresh Varughese,6,1,0,1,1,0,0.0,LOW
Ria Iyer,6,1,0,1,1,0,0.0,LOW
Aadhya Bajwa,6,1,0,1,1,0,0.0,LOW
Jackson Oak,6,1,0,1,1,0,0.0,LOW
Samesh Dara,6,1,0,1,1,0,0.0,LOW
Anmol Luthra,6,1,0,1,1,0,0.0,LOW
Nachiket Kala,6,1,0,1,1,0,0.0,LOW
Watika Mitra,6,1,0,1,1,0,0.0,LOW
Viraj Khare,6,1,0,1,1,0,0.0,LOW
Tanmayi Divan,6,1,0,1,1,0,0.0,LOW
Umang Saran,6,1,0,1,1,0,0.0,LOW
Tripti Jayaraman,6,1,0,1,1,0,0.0,LOW
Saksham Walia,6,1,0,1,1,0,0.0,LOW
Leena Comar,6,1,0,1,1,0,0.0,LOW
Ansh Karpe,6,1,0,1,1,0,0.0,LOW
Dayamai Tella,6,1,0,1,1,0,0.0,LOW
Hemani Shah,6,1,0,1,1,0,0.0,LOW
Lekha Pradhan,6,1,0,1,1,0,0.0,LOW
Rachana Subramaniam,6,1,0,1,1,0,0.0,LOW
Yahvi Ranganathan,6,1,0,1,1,0,0.0,LOW
Niharika Sahni,6,1,0,1,1,0,0.0,LOW
Maanav Parmar,6,1,0,1,1,0,0.0,LOW
Aarav Nori,6,1,0,1,1,0,0.0,LOW
Nicholas Kalita,6,1,0,1,1,0,0.0,LOW
Janani Seshadri,6,1,0,1,1,0,0.0,LOW
Geetika Krishnan,6,1,0,1,1,0,0.0,LOW
Ekiya Atwal,6,1,0,1,1,0,0.0,LOW
Siya Sridhar,6,1,0,1,1,0,0.0,LOW
Mekhala Basak,6,1,0,1,1,0,0.0,LOW
Sai Dass,6,1,0,1,1,0,0.0,LOW
Chatresh Mital,6,1,0,1,1,0,0.0,LOW
Oeshi Deo,6,1,0,1,1,0,0.0,LOW
Krisha Bhargava,6,1,0,1,1,0,0.0,LOW
Logan Kar,6,1,0,1,1,0,0.0,LOW
Rajeshri Chowdhury,6,1,0,1,1,0,0.0,LOW
Urmi Nair,6,1,0,1,1,0,0.0,LOW
Samesh Goyal,6,1,0,1,1,0,0.0,LOW
Daksha Radhakrishnan,6,1,0,1,1,0,0.0,LOW
Avni Shenoy,6,1,0,1,1,0,0.0,LOW
Gopal Pandya,6,1,0,1,1,0,0.0,LOW
Raghav Patil,6,1,0,1,1,0,0.0,LOW
Fiyaz Khalsa,6,1,0,1,1,0,0.0,LOW
Jeremiah Seshadri,6,1,0,1,1,0,0.0,LOW
Ojasvi Banik,6,1,0,1,1,0,0.0,LOW
Faris Iyer,6,1,0,1,1,0,0.0,LOW
Chandani Nagy,6,1,0,1,1,0,0.0,LOW
Jacob Mitra,6,1,0,1,1,0,0.0,LOW
Faris Pal,6,1,0,1,1,0,0.0,LOW
Vedant Nagi,6,1,0,1,1,0,0.0,LOW
Bhavna Tata,6,1,0,1,1,0,0.0,LOW
Tanmayi Mahajan,6,1,0,1,1,0,0.0,LOW
Bimala Hayer,6,1,0,1,1,0,0.0,LOW
Dev Munshi,6,1,0,1,1,0,0.0,LOW
Kai Mukherjee,6,1,0,1,1,0,0.0,LOW
Banjeet Minhas,6,1,0,1,1,0,0.0,LOW
Abha Kaul,6,1,0,1,1,0,0.0,LOW
Urmi Bhagat,6,1,0,1,1,0,0.0,LOW
Qasim Sastry,6,1,0,1,1,0,0.0,LOW
Yashawini Solanki,6,1,0,1,1,0,0.0,LOW
Charles Lal,6,1,0,1,1,0,0.0,LOW
Zayyan Barman,6,1,0,1,1,0,0.0,LOW
Watika Venkatesh,6,1,0,1,1,0,0.0,LOW
Nidra Nadkarni,6,1,0,1,1,0,0.0,LOW
Amara Chakraborty,6,1,0,1,1,0,0.0,LOW
Ekta Sheth,6,1,0,1,1,0,0.0,LOW
Lucky Mand,6,1,0,1,1,0,0.0,LOW
Mitali Kaul,6,1,0,1,1,0,0.0,LOW
Reyansh Chopra,6,1,0,1,1,0,0.0,LOW
Mugdha Borah,6,1,0,1,1,0,0.0,LOW
Rachit Bera,6,1,0,1,1,0,0.0,LOW
Ekaraj Menon,6,1,0,1,1,0,0.0,LOW
Hemani Shroff,6,1,0,1,1,0,0.0,LOW
Henry Ravi,6,1,0,1,1,0,0.0,LOW
Saksham Kashyap,6,1,0,1,1,0,0.0,LOW
Gopal Vala,6,1,0,1,1,0,0.0,LOW
Ladli Natarajan,6,1,0,1,1,0,0.0,LOW
Dakshesh Mand,6,1,0,1,1,0,0.0,LOW
Lakshit Balay,6,1,0,1,1,0,0.0,LOW
Hredhaan Aggarwal,6,1,0,1,1,0,0.0,LOW
Wahab Walla,6,1,0,1,1,0,0.0,LOW
Gagan Chawla,6,1,0,1,1,0,0.0,LOW
Chakradhar Dara,6,1,0,1,1,0,0.0,LOW
Robert Pai,6,1,0,1,1,0,0.0,LOW
Yatin Bawa,6,1,0,1,1,0,0.0,LOW
Saanvi Bajwa,6,1,0,1,1,0,0.0,LOW
David Patel,6,1,0,1,1,0,0.0,LOW
Girindra Sarma,6,1,0,1,1,0,0.0,LOW
Dalaja Brar,6,1,0,1,1,0,0.0,LOW
Ekanta Saha,6,1,0,1,1,0,0.0,LOW
Yachana Khanna,6,1,0,1,1,0,0.0,LOW
Yoshita Bhavsar,6,1,0,1,1,0,0.0,LOW
Vritti Murthy,6,1,0,1,1,0,0.0,LOW
Sai Kaur,6,1,0,1,1,0,0.0,LOW
Indrajit Khurana,6,1,0,1,1,0,0.0,LOW
Waida Krishnamurthy,6,1,0,1,1,0,0.0,LOW
Chatura Prabhakar,6,1,0,1,1,0,0.0,LOW
Chaaya Oza,6,1,0,1,1,0,0.0,LOW
Darika Shukla,6,1,0,1,1,0,0.0,LOW
Kritika Sastry,6,1,0,1,1,0,0.0,LOW
Krish Mutti,6,1,0,1,1,0,0.0,LOW
Ubika Sastry,6,1,0,1,1,0,0.0,LOW
Ekantika Chahal,6,1,0,1,1,0,0.0,LOW
Nitesh Rout,6,1,0,1,1,0,0.0,LOW
Harita Chaudry,6,1,0,1,1,0,0.0,LOW
Mohini Sekhon,6,1,0,1,1,0,0.0,LOW
Chandran Garg,6,1,0,1,1,0,0.0,LOW
Lajita Doshi,6,1,0,1,1,0,0.0,LOW
Nimrat Dave,6,1,0,1,1,0,0.0,LOW
Vasatika Handa,6,1,0,1,1,0,0.0,LOW
Harita Krishna,6,1,0,1,1,0,0.0,LOW
Oviya Mody,6,1,0,1,1,0,0.0,LOW
Ishaan Venkatesh,6,1,0,1,1,0,0.0,LOW
Gautam Pandya,6,1,0,1,1,0,0.0,LOW
Balendra Sem,6,1,0,1,1,0,0.0,LOW
Tanvi Uppal,6,1,0,1,1,0,0.0,LOW
Udant Sood,6,1,0,1,1,0,0.0,LOW
Dalaja Narasimhan,6,1,0,1,1,0,0.0,LOW
Edhitha Srinivas,6,1,0,1,1,0,0.0,LOW
Indrajit Arya,6,1,0,1,1,0,0.0,LOW
Raghav Bora,6,1,0,1,1,0,0.0,LOW
Upma Pillai,6,1,0,1,1,0,0.0,LOW
Sathvik Nair,6,1,0,1,1,0,0.0,LOW
Aarav Narula,6,1,0,1,1,0,0.0,LOW
Ekavir Mander,6,1,0,1,1,0,0.0,LOW
Brinda Sandal,6,1,0,1,1,0,0.0,LOW
Jagat Murty,6,1,0,1,1,0,0.0,LOW
Samar Chowdhury,6,1,0,1,1,0,0.0,LOW
Shivansh Oommen,6,1,0,1,1,0,0.0,LOW
Baghyawati Dass,6,1,0,1,1,0,0.0,LOW
Yahvi Panchal,6,1,0,1,1,0,0.0,LOW
Anya Sant,6,1,0,1,1,0,0.0,LOW
Samaksh Srinivas,6,1,0,1,1,0,0.0,LOW
Chatresh Kulkarni,6,1,0,1,1,0,0.0,LOW
Lipika Ahluwalia,6,1,0,1,1,0,0.0,LOW
Jacob Saraf,6,1,0,1,1,0,0.0,LOW
Sanaya Lala,6,1,0,1,1,0,0.0,LOW
Mugdha Sangha,6,1,0,1,1,0,0.0,LOW
Reva Ray,6,1,0,1,1,0,0.0,LOW
Manya Bhasin,6,1,0,1,1,0,0.0,LOW
Yoshita Ramesh,6,1,0,1,1,0,0.0,LOW
Janaki Kalita,6,1,0,1,1,0,0.0,LOW
Jyoti Chaudhry,6,1,0,1,1,0,0.0,LOW
Aadhya Ganesh,6,1,0,1,1,0,0.0,LOW
Chandresh Goel,6,1,0,1,1,0,0.0,LOW
Abeer Chakrabarti,6,1,0,1,1,0,0.0,LOW
Krish Dixit,6,1,0,1,1,0,0.0,LOW
Chanchal Parmar,6,1,0,1,1,0,0.0,LOW
Vidhi Bansal,6,1,0,1,1,0,0.0,LOW
Chaman Pall,6,1,0,1,1,0,0.0,LOW
Barkha Parmer,6,1,0,1,1,0,0.0,LOW
Rehaan Chauhan,6,1,0,1,1,0,0.0,LOW
Daksh Sachar,6,1,0,1,1,0,0.0,LOW
Yash Nayar,6,1,0,1,1,0,0.0,LOW
Utkarsh Sandhu,6,1,0,1,1,0,0.0,LOW
Tanveer Tata,6,1,0,1,1,0,0.0,LOW
Naksh Sarma,6,1,0,1,1,0,0.0,LOW
Brijesh Sura,6,1,0,1,1,0,0.0,LOW
Udant Ram,6,1,0,1,1,0,0.0,LOW
Aradhana Barman,6,1,0,1,1,0,0.0,LOW
Azad Sandhu,6,1,0,1,1,0,0.0,LOW
Tanvi Srivastava,6,1,0,1,1,0,0.0,LOW
Rachita Oommen,6,1,0,1,1,0,0.0,LOW
Nirja Mutti,6,1,0,1,1,0,0.0,LOW
Jairaj Banik,6,1,0,1,1,0,0.0,LOW
Ranveer Maharaj,6,1,0,1,1,0,0.0,LOW
Ekaja Mahal,6,1,0,1,1,0,0.0,LOW
Jyoti Wali,6,1,0,1,1,0,0.0,LOW
Upadhriti Natarajan,6,1,0,1,1,0,0.0,LOW
Atharv Khanna,6,1,0,1,1,0,0.0,LOW
Manya Memon,6,1,0,1,1,0,0.0,LOW
Aahana Vora,6,1,0,1,1,0,0.0,LOW
Anmol Seth,6,1,0,1,1,0,0.0,LOW
Ikshita Brahmbhatt,6,1,0,1,1,0,0.0,LOW
Dominic Tandon,6,1,0,1,1,0,0.0,LOW
Aradhana Nazareth,6,1,0,1,1,0,0.0,LOW
Vasana Basak,6,1,0,1,1,0,0.0,LOW
Frederick Saxena,6,1,0,1,1,0,0.0,LOW
Radha Balakrishnan,6,1,0,1,1,0,0.0,LOW
Ekanta Gade,6,1,0,1,1,0,0.0,LOW
Ojas Bava,6,1,0,1,1,0,0.0,LOW
Ekavir Maharaj,6,1,0,1,1,0,0.0,LOW
Darika Taneja,6,1,0,1,1,0,0.0,LOW
Ranveer Jayaraman,6,1,0,1,1,0,0.0,LOW
Mason Randhawa,6,1,0,1,1,0,0.0,LOW
Wazir Sastry,6,1,0,1,1,0,0.0,LOW
Nitesh Sethi,6,1,0,1,1,0,0.0,LOW
Gaurika Palla,6,1,0,1,1,0,0.0,LOW
Ekaja Sastry,6,1,0,1,1,0,0.0,LOW
Aadhya Yogi,6,1,0,1,1,0,0.0,LOW
Jonathan Krishnamurthy,6,1,0,1,1,0,0.0,LOW
Damyanti Kanda,6,1,0,1,1,0,0.0,LOW
Fiyaz Bal,6,1,0,1,1,0,0.0,LOW
Charles Kala,6,1,0,1,1,0,0.0,LOW
William Aggarwal,6,1,0,1,1,0,0.0,LOW
Naveen Oak,6,1,0,1,1,0,0.0,LOW
Gopal Bail,6,1,0,1,1,0,0.0,LOW
Hema Rau,6,1,0,1,1,0,0.0,LOW
Joshua Barad,6,1,0,1,1,0,0.0,LOW
Naveen Ghose,6,1,0,1,1,0,0.0,LOW
Hemangini Shenoy,6,1,0,1,1,0,0.0,LOW
Bishakha Sunder,6,1,0,1,1,0,0.0,LOW
Anika Sane,6,1,0,1,1,0,0.0,LOW
Zaitra Korpal,6,1,0,1,1,0,0.0,LOW
Unnati Walla,6,1,0,1,1,0,0.0,LOW
Elijah Gokhale,6,1,0,1,1,0,0.0,LOW
Vanya Sahota,6,1,0,1,1,0,0.0,LOW
Bhavani Srinivas,6,1,0,1,1,0,0.0,LOW
Jyoti Mandal,6,1,0,1,1,0,0.0,LOW
Bhavna Lal,6,1,0,1,1,0,0.0,LOW
Eshana Raju,6,1,0,1,1,0,0.0,LOW
Teerth Dey,6,1,0,1,1,0,0.0,LOW
Bina Sethi,6,1,0,1,1,0,0.0,LOW
Amol Zacharia,6,1,0,1,1,0,0.0,LOW
Azad Dave,6,1,0,1,1,0,0.0,LOW
Madhav Iyer,6,1,0,1,1,0,0.0,LOW
Chasmum Sanghvi,6,1,0,1,1,0,0.0,LOW
Nirja Vohra,6,1,0,1,1,0,0.0,LOW
Ethan Venkatesh,6,1,0,1,1,0,0.0,LOW
Andrew Palla,6,1,0,1,1,0,0.0,LOW
Quincy Sanghvi,6,1,0,1,1,0,0.0,LOW
Zayan Iyer,6,1,0,1,1,0,0.0,LOW
Ria Banerjee,6,1,0,1,1,0,0.0,LOW
Janani Mand,6,1,0,1,1,0,0.0,LOW
Kashvi Pingle,6,1,0,1,1,0,0.0,LOW
Daksh Prasad,6,1,0,1,1,0,0.0,LOW
Panini Bhatti,6,1,0,1,1,0,0.0,LOW
Vedant Shanker,6,1,0,1,1,0,0.0,LOW
Ranbir Borah,6,1,0,1,1,0,0.0,LOW
Anya Chana,6,1,0,1,1,0,0.0,LOW
Omisha Merchant,6,1,0,1,1,0,0.0,LOW
Brijesh Bali,6,1,0,1,1,0,0.0,LOW
Ekta Shere,6,1,0,1,1,0,0.0,LOW
Dalbir Narang,6,1,0,1,1,0,0.0,LOW
Aarini Dubey,6,1,0,1,1,0,0.0,LOW
Wakeeta Sami,6,1,0,1,1,0,0.0,LOW
Zashil Chakraborty,6,1,0,1,1,0,0.0,LOW
Pallavi Dyal,6,1,0,1,1,0,0.0,LOW
Jatin Boase,6,1,0,1,1,0,0.0,LOW
Advik Pillay,6,1,0,1,1,0,0.0,LOW
Anthony Upadhyay,6,1,0,1,1,0,0.0,LOW
Suhani Mangat,6,1,0,1,1,0,0.0,LOW
Ranveer Sant,6,1,0,1,1,0,0.0,LOW
Pahal Deol,6,1,0,1,1,0,0.0,LOW
Forum Agrawal,6,1,0,1,1,0,0.0,LOW
Abhimanyu Comar,6,1,0,1,1,0,0.0,LOW
Gayathri Palla,6,1,0,1,1,0,0.0,LOW
Advay Raman,6,1,0,1,1,0,0.0,LOW
Kevin Tripathi,6,1,0,1,1,0,0.0,LOW
Zaid Ganesan,6,1,0,1,1,0,0.0,LOW
Kevin Varughese,6,1,0,1,1,0,0.0,LOW
Rudra Shan,6,1,0,1,1,0,0.0,LOW
Tanvi Kohli,6,1,0,1,1,0,0.0,LOW
Urmi Atwal,6,1,0,1,1,0,0.0,LOW
Yahvi Balasubramanian,6,1,0,1,1,0,0.0,LOW
Warjas Bhagat,6,1,0,1,1,0,0.0,LOW
Kai Ramanathan,6,1,0,1,1,0,0.0,LOW
Advaith Bir,6,1,0,1,1,0,0.0,LOW
Qarin Mandal,6,1,0,1,1,0,0.0,LOW
Jack Swaminathan,6,1,0,1,1,0,0.0,LOW
Maanas Palla,6,1,0,1,1,0,0.0,LOW
Anamika Subramanian,6,1,0,1,1,0,0.0,LOW
Rushil Chakraborty,6,1,0,1,1,0,0.0,LOW
Eshana Master,6,1,0,1,1,0,0.0,LOW
Amruta Garg,6,1,0,1,1,0,0.0,LOW
Abhimanyu Dey,6,1,0,1,1,0,0.0,LOW
Lucky Guha,6,1,0,1,1,0,0.0,LOW
Chaman Dixit,6,1,0,1,1,0,0.0,LOW
Vrishti Puri,6,1,0,1,1,0,0.0,LOW
Yahvi Rastogi,6,1,0,1,1,0,0.0,LOW
Tarak Sehgal,6,1,0,1,1,0,0.0,LOW
Parth Aggarwal,6,1,0,1,1,0,0.0,LOW
Anmol Gupta,6,1,0,1,1,0,0.0,LOW
Christopher Lalla,6,1,0,1,1,0,0.0,LOW
Ikshita Chaudhuri,6,1,0,1,1,0,0.0,LOW
Zarna Chatterjee,6,1,0,1,1,0,0.0,LOW
Nandini Zacharia,6,1,0,1,1,0,0.0,LOW
Pushti Nazareth,6,1,0,1,1,0,0.0,LOW
Sai Sood,6,1,0,1,1,0,0.0,LOW
Ayaan Dhingra,6,1,0,1,1,0,0.0,LOW
Omisha Kamdar,6,1,0,1,1,0,0.0,LOW
Irya Banerjee,6,1,0,1,1,0,0.0,LOW
Chandresh Gade,6,1,0,1,1,0,0.0,LOW
Ekavir Walia,6,1,0,1,1,0,0.0,LOW
Ekta Butala,6,1,0,1,1,0,0.0,LOW
Shivani Patla,6,1,0,1,1,0,0.0,LOW
Anjali Prabhu,6,1,0,1,1,0,0.0,LOW
Shivani Mammen,6,1,0,1,1,0,0.0,LOW
Chaitaly Garde,6,1,0,1,1,0,0.0,LOW
Arya Wagle,6,1,0,1,1,0,0.0,LOW
Avni Singhal,6,1,0,1,1,0,0.0,LOW
Viraj Mangat,6,1,0,1,1,0,0.0,LOW
Baghyawati Boase,6,1,0,1,1,0,0.0,LOW
Lekha Choudhry,6,1,0,1,1,0,0.0,LOW
Yashica Nagarajan,6,1,0,1,1,0,0.0,LOW
Tristan Gaba,6,1,0,1,1,0,0.0,LOW
Damini Prasad,6,1,0,1,1,0,0.0,LOW
Nilima Bhatnagar,6,1,0,1,1,0,0.0,LOW
Yash Agarwal,6,1,0,1,1,0,0.0,LOW
Ekansh Pai,6,1,0,1,1,0,0.0,LOW
Omaja Kata,6,1,0,1,1,0,0.0,LOW
Ekaraj Shah,6,1,0,1,1,0,0.0,LOW
Falak Wali,6,1,0,1,1,0,0.0,LOW
Avni Anand,6,1,0,1,1,0,0.0,LOW
Tanvi Wadhwa,6,1,0,1,1,0,0.0,LOW
Rajeshri Lad,6,1,0,1,1,0,0.0,LOW
Zansi Anne,6,1,0,1,1,0,0.0,LOW
Amol Goswami,6,1,0,1,1,0,0.0,LOW
Anirudh Bora,6,1,0,1,1,0,0.0,LOW
Chameli Batra,6,1,0,1,1,0,0.0,LOW
Reva Jhaveri,6,1,0,1,1,0,0.0,LOW
Yauvani Barad,6,1,0,1,1,0,0.0,LOW
Charita Bedi,6,1,0,1,1,0,0.0,LOW
Christopher Chakrabarti,6,1,0,1,1,0,0.0,LOW
Jeremiah Karnik,6,1,0,1,1,0,0.0,LOW
Ishwar Sood,6,1,0,1,1,0,0.0,LOW
Wriddhish Chahal,6,1,0,1,1,0,0.0,LOW
Girik Murthy,6,1,0,1,1,0,0.0,LOW
Ira Sule,6,1,0,1,1,0,0.0,LOW
Agastya Hari,6,1,0,1,1,0,0.0,LOW
David Menon,6,1,0,1,1,0,0.0,LOW
Ekaraj Dash,6,1,0,1,1,0,0.0,LOW
Zansi Khanna,6,1,0,1,1,0,0.0,LOW
Umang Naik,6,1,0,1,1,0,0.0,LOW
Zarna Bora,6,1,0,1,1,0,0.0,LOW
Turvi Rao,6,1,0,1,1,0,0.0,LOW
Robert Loke,6,1,0,1,1,0,0.0,LOW
Rishi Zachariah,6,1,0,1,1,0,0.0,LOW
Ubika Verma,6,1,0,1,1,0,0.0,LOW
Hredhaan Sarna,6,1,0,1,1,0,0.0,LOW
Xalak De,6,1,0,1,1,0,0.0,LOW
Hitesh Panchal,6,1,0,1,1,0,0.0,LOW
Pratyush Lall,6,1,0,1,1,0,0.0,LOW
Harish Wali,6,1,0,1,1,0,0.0,LOW
Wakeeta Bail,6,1,0,1,1,0,0.0,LOW
Oviya Chauhan,6,1,0,1,1,0,0.0,LOW
Samar Raman,6,1,0,1,1,0,0.0,LOW
Aditya Sule,6,1,0,1,1,0,0.0,LOW
Bhavika Oak,6,1,0,1,1,0,0.0,LOW
Advay Sagar,6,1,0,1,1,0,0.0,LOW
Yochana Virk,6,1,0,1,1,0,0.0,LOW
Balendra Sinha,6,1,0,1,1,0,0.0,LOW
Onveer Naik,6,1,0,1,1,0,0.0,LOW
Jai Arya,6,1,0,1,1,0,0.0,LOW
Yamini Toor,6,1,0,1,1,0,0.0,LOW
Gayathri Wali,6,1,0,1,1,0,0.0,LOW
Aadi Sule,6,1,0,1,1,0,0.0,LOW
Urmi Ravel,6,1,0,1,1,0,0.0,LOW
Champak Bhasin,6,1,0,1,1,0,0.0,LOW
Rehaan Yogi,6,1,0,1,1,0,0.0,LOW
Joshua Dugar,6,1,0,1,1,0,0.0,LOW
Diya Mahal,6,1,0,1,1,0,0.0,LOW
Thomas Agrawal,6,1,0,1,1,0,0.0,LOW
Shivani Hayre,6,1,0,1,1,0,0.0,LOW
Robert Chhabra,6,1,0,1,1,0,0.0,LOW
Yamini Gandhi,6,1,0,1,1,0,0.0,LOW
Imaran Khanna,6,1,0,1,1,0,0.0,LOW
Harsh Krish,6,1,0,1,1,0,0.0,LOW
George Bobal,6,1,0,1,1,0,0.0,LOW
Ridhi Prabhu,6,1,0,1,1,0,0.0,LOW
Upasna Agarwal,6,1,0,1,1,0,0.0,LOW
Nihal Saran,6,1,0,1,1,0,0.0,LOW
Utkarsh Sodhi,6,1,0,1,1,0,0.0,LOW
Ria Dani,6,1,0,1,1,0,0.0,LOW
Dipta Karnik,6,1,0,1,1,0,0.0,LOW
Jagrati Hayer,6,1,0,1,1,0,0.0,LOW
Anusha Gole,6,1,0,1,1,0,0.0,LOW
Udarsh Sen,6,1,0,1,1,0,0.0,LOW
Hemangini Bhalla,6,1,0,1,1,0,0.0,LOW
Sara Ganesan,6,1,0,1,1,0,0.0,LOW
Nitesh Upadhyay,6,1,0,1,1,0,0.0,LOW
Tanveer More,6,1,0,1,1,0,0.0,LOW
Tanmayi Ratta,6,1,0,1,1,0,0.0,LOW
Wazir Bora,6,1,0,1,1,0,0.0,LOW
Lipika Bora,6,1,0,1,1,0,0.0,LOW
Oviya Kunda,6,1,0,1,1,0,0.0,LOW
Jasmit Chand,6,1,0,1,1,0,0.0,LOW
Rehaan Cherian,6,1,0,1,1,0,0.0,LOW
Hamsini Gour,6,1,0,1,1,0,0.0,LOW
Aarini Nanda,6,1,0,1,1,0,0.0,LOW
Turvi Jha,6,1,0,1,1,0,0.0,LOW
Jonathan Bawa,6,1,0,1,1,0,0.0,LOW
Gagan Bajwa,6,1,0,1,1,0,0.0,LOW
Warinder Vala,6,1,0,1,1,0,0.0,LOW
Mitesh Ahuja,6,1,0,1,1,0,0.0,LOW
Zaid Brahmbhatt,6,1,0,1,1,0,0.0,LOW
Udant Menon,6,1,0,1,1,0,0.0,LOW
Osha Shroff,6,1,0,1,1,0,0.0,LOW
Janani Maharaj,6,1,0,1,1,0,0.0,LOW
Vivaan Borde,6,1,0,1,1,0,0.0,LOW
Nitesh Deshmukh,6,1,0,1,1,0,0.0,LOW
Divya Soman,6,1,0,1,1,0,0.0,LOW
Aarini Sidhu,6,1,0,1,1,0,0.0,LOW
Sachi Rout,6,1,0,1,1,0,0.0,LOW
Oeshi Borde,6,1,0,1,1,0,0.0,LOW
Unnati Babu,6,1,0,1,1,0,0.0,LOW
Wishi Tank,6,1,0,1,1,0,0.0,LOW
Ijaya Arya,6,1,0,1,1,0,0.0,LOW
Pushti Chander,6,1,0,1,1,0,0.0,LOW
William Minhas,6,1,0,1,1,0,0.0,LOW
Lipika Dada,6,1,0,1,1,0,0.0,LOW
Samar Solanki,6,1,0,1,1,0,0.0,LOW
Isha Patil,6,1,0,1,1,0,0.0,LOW
Neha Balasubramanian,6,1,0,1,1,0,0.0,LOW
Gaurav Karnik,6,1,0,1,1,0,0.0,LOW
Raagini Yogi,6,1,0,1,1,0,0.0,LOW
Onveer Som,6,1,0,1,1,0,0.0,LOW
Manya Sachdeva,6,1,0,1,1,0,0.0,LOW
Panini Guha,6,1,0,1,1,0,0.0,LOW
Yashodhara Trivedi,6,1,0,1,1,0,0.0,LOW
Mahika Parekh,6,1,0,1,1,0,0.0,LOW
Meera Keer,6,1,0,1,1,0,0.0,LOW
Tarak Ghose,6,1,0,1,1,0,0.0,LOW
Triveni Aggarwal,6,1,0,1,1,0,0.0,LOW
Tanveer Kari,6,1,0,1,1,0,0.0,LOW
Ekbal Minhas,6,1,0,1,1,0,0.0,LOW
Aahana Chacko,6,1,0,1,1,0,0.0,LOW
Oni Kaul,6,1,0,1,1,0,0.0,LOW
Ijaya Mannan,6,1,0,1,1,0,0.0,LOW
Anthony Anne,6,1,0,1,1,0,0.0,LOW
Chandresh Ahuja,6,1,0,1,1,0,0.0,LOW
Balendra Pillai,6,1,0,1,1,0,0.0,LOW
Ojas Naik,6,1,0,1,1,0,0.0,LOW
Dalbir Dara,6,1,0,1,1,0,0.0,LOW
Jatin Sani,6,1,0,1,1,0,0.0,LOW
Anthony Hegde,6,1,0,1,1,0,0.0,LOW
Jhalak Nanda,6,1,0,1,1,0,0.0,LOW
Yuvraj Bala,6,1,0,1,1,0,0.0,LOW
Rajeshri Modi,6,1,0,1,1,0,0.0,LOW
Pavani Rajagopal,6,1,0,1,1,0,0.0,LOW
Azad Kapur,6,1,0,1,1,0,0.0,LOW
Pushti Kanda,6,1,0,1,1,0,0.0,LOW
Jacob Bava,6,1,0,1,1,0,0.0,LOW
Hema Sant,6,1,0,1,1,0,0.0,LOW
Abhiram Peri,6,1,0,1,1,0,0.0,LOW
Ridhi Bawa,6,1,0,1,1,0,0.0,LOW
Amara Bains,6,1,0,1,1,0,0.0,LOW
Maanav Dugar,6,1,0,1,1,0,0.0,LOW
Januja Ganesan,6,1,0,1,1,0,0.0,LOW
Siddharth Sibal,6,1,0,1,1,0,0.0,LOW
Chaaya Cherian,6,1,0,1,1,0,0.0,LOW
Abdul Ahluwalia,6,1,0,1,1,0,0.0,LOW
Panini Maharaj,6,1,0,1,1,0,0.0,LOW
Peter Madan,6,1,0,1,1,0,0.0,LOW
Bimala Varkey,6,1,0,1,1,0,0.0,LOW
Sai Kurian,6,1,0,1,1,0,0.0,LOW
William Modi,6,1,0,1,1,0,0.0,LOW
Ayushman Mitter,6,1,0,1,1,0,0.0,LOW
Chakradev Johal,6,1,0,1,1,0,0.0,LOW
Megha Biswas,6,1,0,1,1,0,0.0,LOW
Advika Chaudry,6,1,0,1,1,0,0.0,LOW
Eesha Sule,6,1,0,1,1,0,0.0,LOW
Simon Bhatti,6,1,0,1,1,0,0.0,LOW
Yagnesh Kashyap,6,1,0,1,1,0,0.0,LOW
Omaja Raman,6,1,0,1,1,0,0.0,LOW
Turvi Edwin,6,1,0,1,1,0,0.0,LOW
Frederick Sabharwal,6,1,0,1,1,0,0.0,LOW
Alexander Tara,6,1,0,1,1,0,0.0,LOW
Ekapad Sachdeva,6,1,0,1,1,0,0.0,LOW
Chanakya Bava,6,1,0,1,1,0,0.0,LOW
David Shukla,6,1,0,1,1,0,0.0,LOW
Parth Seshadri,6,1,0,1,1,0,0.0,LOW
Thomas Hayer,6,1,0,1,1,0,0.0,LOW
Indira Mani,6,1,0,1,1,0,0.0,LOW
Yatin Krishna,6,1,0,1,1,0,0.0,LOW
Abeer Hayre,6,1,0,1,1,0,0.0,LOW
Parth Rout,6,1,0,1,1,0,0.0,LOW
Sara Mane,6,1,0,1,1,0,0.0,LOW
Ishanvi Ratti,6,1,0,1,1,0,0.0,LOW
Om Dada,6,1,0,1,1,0,0.0,LOW
Anika Hora,6,1,0,1,1,0,0.0,LOW
Yashawini Mangat,6,1,0,1,1,0,0.0,LOW
Suhani Narasimhan,6,1,0,1,1,0,0.0,LOW
Charles Sawhney,6,1,0,1,1,0,0.0,LOW
Hardik Manne,6,1,0,1,1,0,0.0,LOW
Amol Sethi,6,1,0,1,1,0,0.0,LOW
Ekantika Dar,6,1,0,1,1,0,0.0,LOW
Raksha Sani,6,1,0,1,1,0,0.0,LOW
Onveer Cherian,6,1,0,1,1,0,0.0,LOW
Oliver Sundaram,6,1,0,1,1,0,0.0,LOW
Chaitanya Bhattacharyya,6,1,0,1,1,0,0.0,LOW
Chasmum Dhawan,6,1,0,1,1,0,0.0,LOW
Barkha Rana,6,1,0,1,1,0,0.0,LOW
Yochana Sura,6,1,0,1,1,0,0.0,LOW
Kai Bumb,6,1,0,1,1,0,0.0,LOW
Harrison Bedi,6,1,0,1,1,0,0.0,LOW
Qabil Kadakia,6,1,0,1,1,0,0.0,LOW
Yagnesh Gour,6,1,0,1,1,0,0.0,LOW
Leena Gopal,6,1,0,1,1,0,0.0,LOW
Hemani Dass,6,1,0,1,1,0,0.0,LOW
Rehaan Kalita,6,1,0,1,1,0,0.0,LOW
Azad Dugar,6,1,0,1,1,0,0.0,LOW
Oscar Sibal,6,1,0,1,1,0,0.0,LOW
Yagnesh Viswanathan,6,1,0,1,1,0,0.0,LOW
Balendra Date,6,1,0,1,1,0,0.0,LOW
Wridesh Kapur,6,1,0,1,1,0,0.0,LOW
Hitesh Nayar,6,1,0,1,1,0,0.0,LOW
Aditya Chauhan,6,1,0,1,1,0,0.0,LOW
Arya Mitter,6,1,0,1,1,0,0.0,LOW
Daksha Patla,6,1,0,1,1,0,0.0,LOW
Qasim Chand,6,1,0,1,1,0,0.0,LOW
Diya Manda,6,1,0,1,1,0,0.0,LOW
Pratyush Parmar,6,1,0,1,1,0,0.0,LOW
Henry Dhar,6,1,0,1,1,0,0.0,LOW
Urvashi Goyal,6,1,0,1,1,0,0.0,LOW
Bimala Sankaran,6,1,0,1,1,0,0.0,LOW
Ekta Sengupta,6,1,0,1,1,0,0.0,LOW
Darika Kohli,6,1,0,1,1,0,0.0,LOW
Utkarsh Gopal,6,1,0,1,1,0,0.0,LOW
Mitesh Suri,6,1,0,1,1,0,0.0,LOW
Urmi Chander,6,1,0,1,1,0,0.0,LOW
Saksham Pai,6,1,0,1,1,0,0.0,LOW
Advaith Rana,6,1,0,1,1,0,0.0,LOW
Neha Deshmukh,6,1,0,1,1,0,0.0,LOW
Upadhriti Chad,6,1,0,1,1,0,0.0,LOW
Viraj Kara,6,1,0,1,1,0,0.0,LOW
Lopa Balay,6,1,0,1,1,0,0.0,LOW
Charita Dave,6,1,0,1,1,0,0.0,LOW
Jason Gopal,6,1,0,1,1,0,0.0,LOW
Odika Mangal,6,1,0,1,1,0,0.0,LOW
Ishani Bahri,6,1,0,1,1,0,0.0,LOW
Akshay Choudhry,6,1,0,1,1,0,0.0,LOW
Ikshita Seshadri,6,1,0,1,1,0,0.0,LOW
Diya Dua,6,1,0,1,1,0,0.0,LOW
Niharika Dass,6,1,0,1,1,0,0.0,LOW
Yashica Badami,6,1,0,1,1,0,0.0,LOW
Vedant Gola,6,1,0,1,1,0,0.0,LOW
Triya Grewal,6,1,0,1,1,0,0.0,LOW
Faris Nagar,6,1,0,1,1,0,0.0,LOW
Janaki Natt,6,1,0,1,1,0,0.0,LOW
Yashawini Sethi,6,1,0,1,1,0,0.0,LOW
Hritik Gour,6,1,0,1,1,0,0.0,LOW
Jonathan Wable,6,1,0,1,1,0,0.0,LOW
Naveen Korpal,6,1,0,1,1,0,0.0,LOW
Chakradev Suresh,6,1,0,1,1,0,0.0,LOW
Omaja Sankaran,6,1,0,1,1,0,0.0,LOW
Aayush Raju,6,1,0,1,1,0,0.0,LOW
Ekani Manda,6,1,0,1,1,0,0.0,LOW
Girindra Rajagopalan,6,1,0,1,1,0,0.0,LOW
Bimala Kapoor,6,1,0,1,1,0,0.0,LOW
Wishi Pandit,6,1,0,1,1,0,0.0,LOW
Gautam Ramachandran,6,1,0,1,1,0,0.0,LOW
Harita Kala,6,1,0,1,1,0,0.0,LOW
Rajata Cheema,6,1,0,1,1,0,0.0,LOW
Zayyan Mohan,6,1,0,1,1,0,0.0,LOW
Widisha Bala,6,1,0,1,1,0,0.0,LOW
Hiral Khalsa,6,1,0,1,1,0,0.0,LOW
Maya Natarajan,6,1,0,1,1,0,0.0,LOW
Chakrika Naik,6,1,0,1,1,0,0.0,LOW
Dhriti Dugal,6,1,0,1,1,0,0.0,LOW
Sathvik Rastogi,6,1,0,1,1,0,0.0,LOW
Ishanvi Shukla,6,1,0,1,1,0,0.0,LOW
Chaaya Mital,6,1,0,1,1,0,0.0,LOW
Yasti Chahal,6,1,0,1,1,0,0.0,LOW
Nathaniel Dar,6,1,0,1,1,0,0.0,LOW
Timothy Chowdhury,6,1,0,1,1,0,0.0,LOW
Omaja Raval,6,1,0,1,1,0,0.0,LOW
Charles Rattan,6,1,0,1,1,0,0.0,LOW
Hritik Mandal,6,1,0,1,1,0,0.0,LOW
Yashodhara Gupta,6,1,0,1,1,0,0.0,LOW
Anita Subramaniam,6,1,0,1,1,0,0.0,LOW
Noah Ramakrishnan,6,1,0,1,1,0,0.0,LOW
Frederick Basak,6,1,0,1,1,0,0.0,LOW
Ishaan Batta,6,1,0,1,1,0,0.0,LOW
Daksha Guha,6,1,0,1,1,0,0.0,LOW
Chandani Khurana,6,1,0,1,1,0,0.0,LOW
Anthony Borde,6,1,0,1,1,0,0.0,LOW
Viraj Sanghvi,6,1,0,1,1,0,0.0,LOW
Alka Balay,6,1,0,1,1,0,0.0,LOW
Daksh Arya,6,1,0,1,1,0,0.0,LOW
Megha Shan,6,1,0,1,1,0,0.0,LOW
Christopher Karan,6,1,0,1,1,0,0.0,LOW
Advika Narasimhan,6,1,0,1,1,0,0.0,LOW
Guneet Suresh,6,1,0,1,1,0,0.0,LOW
Saumya Muni,6,1,0,1,1,0,0.0,LOW
Aadhya Kara,6,1,0,1,1,0,0.0,LOW
Dayamai Savant,6,1,0,1,1,0,0.0,LOW
Varsha Balay,6,1,0,1,1,0,0.0,LOW
Balhaar Tiwari,6,1,0,1,1,0,0.0,LOW
Unni Desai,6,1,0,1,1,0,0.0,LOW
Madhav Walla,6,1,0,1,1,0,0.0,LOW
Rohan Wadhwa,6,1,0,1,1,0,0.0,LOW
Gaurav Nazareth,6,1,0,1,1,0,0.0,LOW
Dayita Wable,6,1,0,1,1,0,0.0,LOW
Charita Ratti,6,1,0,1,1,0,0.0,LOW
Triveni Deol,6,1,0,1,1,0,0.0,LOW
Nimrat Vasa,6,1,0,1,1,0,0.0,LOW
Wakeeta Majumdar,6,1,0,1,1,0,0.0,LOW
Umang Dave,6,1,0,1,1,0,0.0,LOW
Ubika Gara,6,1,0,1,1,0,0.0,LOW
Nachiket Mall,6,1,0,1,1,0,0.0,LOW
Turvi Bhagat,6,1,0,1,1,0,0.0,LOW
Unni Chadha,6,1,0,1,1,0,0.0,LOW
Anvi Parsa,6,1,0,1,1,0,0.0,LOW
Varsha Kadakia,6,1,0,1,1,0,0.0,LOW
Kashvi Munshi,6,1,0,1,1,0,0.0,LOW
Bimala Bhavsar,6,1,0,1,1,0,0.0,LOW
Dominic Raghavan,6,1,0,1,1,0,0.0,LOW
Hemal Varkey,6,1,0,1,1,0,0.0,LOW
Avi Bandi,6,1,0,1,1,0,0.0,LOW
Osha Gera,6,1,0,1,1,0,0.0,LOW
Arunima Choudhary,6,1,0,1,1,0,0.0,LOW
Sara Chand,6,1,0,1,1,0,0.0,LOW
Jackson Master,6,1,0,1,1,0,0.0,LOW
Dipta Kumar,6,1,0,1,1,0,0.0,LOW
Kabir Ganguly,6,1,0,1,1,0,0.0,LOW
Azad Sanghvi,6,1,0,1,1,0,0.0,LOW
Manthan Bawa,6,1,0,1,1,0,0.0,LOW
Panini Chander,6,1,0,1,1,0,0.0,LOW
Rajeshri Shukla,6,1,0,1,1,0,0.0,LOW
Karan Khosla,6,1,0,1,1,0,0.0,LOW
Harinakshi Chaudhary,6,1,0,1,1,0,0.0,LOW
Mitesh Chanda,6,1,0,1,1,0,0.0,LOW
Dominic Hegde,6,1,0,1,1,0,0.0,LOW
Guneet Khare,6,1,0,1,1,0,0.0,LOW
Gaurang Rattan,6,1,0,1,1,0,0.0,LOW
Pooja Sengupta,6,1,0,1,1,0,0.0,LOW
Baghyawati Ramanathan,6,1,0,1,1,0,0.0,LOW
Ryan Nanda,6,1,0,1,1,0,0.0,LOW
Peter Natt,6,1,0,1,1,0,0.0,LOW
Qabil Mangat,6,1,0,1,1,0,0.0,LOW
Damyanti Parmer,6,1,0,1,1,0,0.0,LOW
Arjun Ranganathan,6,1,0,1,1,0,0.0,LOW
Brinda Swaminathan,6,1,0,1,1,0,0.0,LOW
Jai Srinivasan,6,1,0,1,1,0,0.0,LOW
Chatresh Chatterjee,6,1,0,1,1,0,0.0,LOW
Kamya Barman,6,1,0,1,1,0,0.0,LOW
Omisha Zacharia,6,1,0,1,1,0,0.0,LOW
Caleb Singh,6,1,0,1,1,0,0.0,LOW
Harinakshi Chhabra,6,1,0,1,1,0,0.0,LOW
Rayaan Borah,6,1,0,1,1,0,0.0,LOW
Warjas Narayanan,6,1,0,1,1,0,0.0,LOW
Orinder Mohan,6,1,0,1,1,0,0.0,LOW
Janya Dani,6,1,0,1,1,0,0.0,LOW
Garima Kapur,6,1,0,1,1,0,0.0,LOW
Qushi Grewal,6,1,0,1,1,0,0.0,LOW
Sarthak Raghavan,6,1,0,1,1,0,0.0,LOW
Rayaan Venkataraman,6,1,0,1,1,0,0.0,LOW
Neha Rattan,6,1,0,1,1,0,0.0,LOW
Libni Muni,6,1,0,1,1,0,0.0,LOW
Ridhi Sem,6,1,0,1,1,0,0.0,LOW
Amol Shanker,6,1,0,1,1,0,0.0,LOW
Manbir Rout,6,1,0,1,1,0,0.0,LOW
Amrita Bahri,6,1,0,1,1,0,0.0,LOW
Fariq Raghavan,6,1,0,1,1,0,0.0,LOW
Bachittar Muni,6,1,0,1,1,0,0.0,LOW
Panini Din,6,1,0,1,1,0,0.0,LOW
Ranveer Lata,6,1,0,1,1,0,0.0,LOW
Yash Dayal,6,1,0,1,1,0,0.0,LOW
David Balakrishnan,6,1,0,1,1,0,0.0,LOW
Jairaj Kala,6,1,0,1,1,0,0.0,LOW
Amaira Chauhan,6,1,0,1,1,0,0.0,LOW
Lavanya Kari,6,1,0,1,1,0,0.0,LOW
Upasna Batta,6,1,0,1,1,0,0.0,LOW
Chatresh Kapur,6,1,0,1,1,0,0.0,LOW
Ekansh Virk,6,1,0,1,1,0,0.0,LOW
Charles Sehgal,6,1,0,1,1,0,0.0,LOW
Finn Shah,6,1,0,1,1,0,0.0,LOW
Lohit Bansal,6,1,0,1,1,0,0.0,LOW
Samesh Ranganathan,6,1,0,1,1,0,0.0,LOW
Urmi Bhavsar,6,1,0,1,1,0,0.0,LOW
Yash Thaker,6,1,0,1,1,0,0.0,LOW
Anamika Pillay,6,1,0,1,1,0,0.0,LOW
Nandini Kade,6,1,0,1,1,0,0.0,LOW
Wakeeta Rana,6,1,0,1,1,0,0.0,LOW
Anamika Arya,6,1,0,1,1,0,0.0,LOW
Abha Parsa,6,1,0,1,1,0,0.0,LOW
Madhav Deo,6,1,0,1,1,0,0.0,LOW
Harshil Suri,6,1,0,1,1,0,0.0,LOW
Umang Malhotra,6,1,0,1,1,0,0.0,LOW
Nitesh Swaminathan,6,1,0,1,1,0,0.0,LOW
Bishakha Lanka,6,1,0,1,1,0,0.0,LOW
Indali Menon,6,1,0,1,1,0,0.0,LOW
Lohit Gaba,6,1,0,1,1,0,0.0,LOW
Bhavani Devan,6,1,0,1,1,0,0.0,LOW
Rachit Babu,6,1,0,1,1,0,0.0,LOW
Girindra Chandran,6,1,0,1,1,0,0.0,LOW
Ekavir Pant,6,1,0,1,1,0,0.0,LOW
Gabriel Sinha,6,1,0,1,1,0,0.0,LOW
Samarth Mahajan,6,1,0,1,1,0,0.0,LOW
Leena Mutti,6,1,0,1,1,0,0.0,LOW
Gagan Keer,6,1,0,1,1,0,0.0,LOW
Ronith Sawhney,6,1,0,1,1,0,0.0,LOW
Anthony Shanker,6,1,0,1,1,0,0.0,LOW
Chatura Suresh,6,1,0,1,1,0,0.0,LOW
Sarthak Murty,6,1,0,1,1,0,0.0,LOW
Reyansh Rajagopalan,6,1,0,1,1,0,0.0,LOW
Chaman Hayre,6,1,0,1,1,0,0.0,LOW
Chandran Rana,6,1,0,1,1,0,0.0,LOW
Jai Iyer,6,1,0,1,1,0,0.0,LOW
Joshua Patel,6,1,0,1,1,0,0.0,LOW
Lakshmi Palan,6,1,0,1,1,0,0.0,LOW
Lekha Keer,6,1,0,1,1,0,0.0,LOW
Lakshit Wason,6,1,0,1,1,0,0.0,LOW
Advika Patla,6,1,0,1,1,0,0.0,LOW
Amara Bajwa,6,1,0,1,1,0,0.0,LOW
Jagat Bhalla,6,1,0,1,1,0,0.0,LOW
Bahadurjit Mann,6,1,0,1,1,0,0.0,LOW
Arya Mann,6,1,0,1,1,0,0.0,LOW
Devansh Doctor,6,1,0,1,1,0,0.0,LOW
Umang Dash,6,1,0,1,1,0,0.0,LOW
Osha Nagarajan,6,1,0,1,1,0,0.0,LOW
Nitara Minhas,6,1,0,1,1,0,0.0,LOW
Oviya Chakraborty,6,1,0,1,1,0,0.0,LOW
Tanveer Kaur,6,1,0,1,1,0,0.0,LOW
Ayaan Nadkarni,6,1,0,1,1,0,0.0,LOW
Theodore Krishnan,6,1,0,1,1,0,0.0,LOW
Ekta Mammen,6,1,0,1,1,0,0.0,LOW
Gayathri Viswanathan,6,1,0,1,1,0,0.0,LOW
Gayathri Gokhale,6,1,0,1,1,0,0.0,LOW
Avi Sachdev,6,1,0,1,1,0,0.0,LOW
Niharika Mane,6,1,0,1,1,0,0.0,LOW
Prisha Tella,6,1,0,1,1,0,0.0,LOW
Indrajit Ramaswamy,6,1,0,1,1,0,0.0,LOW
Vincent Ganesh,6,1,0,1,1,0,0.0,LOW
Chandresh Sachar,6,1,0,1,1,0,0.0,LOW
Pushti Maharaj,6,1,0,1,1,0,0.0,LOW
Zaitra Dora,6,1,0,1,1,0,0.0,LOW
Arunima Chatterjee,6,1,0,1,1,0,0.0,LOW
Varsha Bhakta,6,1,0,1,1,0,0.0,LOW
Anusha Narasimhan,6,1,0,1,1,0,0.0,LOW
Peter Sule,6,1,0,1,1,0,0.0,LOW
Naveen Batta,6,1,0,1,1,0,0.0,LOW
Samarth Basu,6,1,0,1,1,0,0.0,LOW
Vaishnavi Dara,6,1,0,1,1,0,0.0,LOW
Wazir Bala,6,1,0,1,1,0,0.0,LOW
Vrinda Sundaram,6,1,0,1,1,0,0.0,LOW
Vasudha Dhingra,6,1,0,1,1,0,0.0,LOW
Girindra Rao,6,1,0,1,1,0,0.0,LOW
Adya Gandhi,6,1,0,1,1,0,0.0,LOW
Zarna Seshadri,6,1,0,1,1,0,0.0,LOW
Ekbal Modi,6,1,0,1,1,0,0.0,LOW
Rachana Kothari,6,1,0,1,1,0,0.0,LOW
Saumya Chokshi,6,1,0,1,1,0,0.0,LOW
Gunbir Issac,6,1,0,1,1,0,0.0,LOW
Aadhya Bahl,6,1,0,1,1,0,0.0,LOW
Ojas Apte,6,1,0,1,1,0,0.0,LOW
Jason Datta,6,1,0,1,1,0,0.0,LOW
Jagrati Borde,6,1,0,1,1,0,0.0,LOW
Ojas Dhingra,6,1,0,1,1,0,0.0,LOW
Triveni Pai,6,1,0,1,1,0,0.0,LOW
Upkaar Ghose,6,1,0,1,1,0,0.0,LOW
Nidra Patel,6,1,0,1,1,0,0.0,LOW
Yashica Bajaj,6,1,0,1,1,0,0.0,LOW
Ucchal Raj,6,1,0,1,1,0,0.0,LOW
Janani Guha,6,1,0,1,1,0,0.0,LOW
Atharv Nayak,6,1,0,1,1,0,0.0,LOW
Hemangini Muni,6,1,0,1,1,0,0.0,LOW
Sneha Lad,6,1,0,1,1,0,0.0,LOW
Dayita Tella,6,1,0,1,1,0,0.0,LOW
Garima Dutt,6,1,0,1,1,0,0.0,LOW
Abhimanyu Dhawan,6,1,0,1,1,0,0.0,LOW
Yutika Raman,6,1,0,1,1,0,0.0,LOW
Warda Mistry,6,1,0,1,1,0,0.0,LOW
Yoshita Oommen,6,1,0,1,1,0,0.0,LOW
Rachit Basak,6,1,0,1,1,0,0.0,LOW
Yashvi Borah,6,1,0,1,1,0,0.0,LOW
Nathan Dara,6,1,0,1,1,0,0.0,LOW
Rehaan Sridhar,6,1,0,1,1,0,0.0,LOW
Triya Bal,6,1,0,1,1,0,0.0,LOW
Gaurika Barad,6,1,0,1,1,0,0.0,LOW
Sai Dhingra,6,1,0,1,1,0,0.0,LOW
Ishita Roy,6,1,0,1,1,0,0.0,LOW
Aarush Ranganathan,6,1,0,1,1,0,0.0,LOW
Madhav Goswami,6,1,0,1,1,0,0.0,LOW
Zayan Khare,6,1,0,1,1,0,0.0,LOW
Jeremiah Goyal,6,1,0,1,1,0,0.0,LOW
Kamala Mann,6,1,0,1,1,0,0.0,LOW
Darika Dhillon,6,1,0,1,1,0,0.0,LOW
Girik Soni,6,1,0,1,1,0,0.0,LOW
Bhavika Minhas,6,1,0,1,1,0,0.0,LOW
Upasna Behl,6,1,0,1,1,0,0.0,LOW
Darsh Dhingra,6,1,0,1,1,0,0.0,LOW
Frado Mohanty,6,1,0,1,1,0,0.0,LOW
Saksham Bose,6,1,0,1,1,0,0.0,LOW
Oviya Wali,6,1,0,1,1,0,0.0,LOW
Janya Kumar,6,1,0,1,1,0,0.0,LOW
Ishani Gopal,6,1,0,1,1,0,0.0,LOW
William Singh,6,1,0,1,1,0,0.0,LOW
Oni Dey,6,1,0,1,1,0,0.0,LOW
Vidhi Chaudhuri,6,1,0,1,1,0,0.0,LOW
Abhimanyu Ganguly,6,1,0,1,1,0,0.0,LOW
Gunbir Wadhwa,6,1,0,1,1,0,0.0,LOW
Wridesh Patla,6,1,0,1,1,0,0.0,LOW
Alka Tak,6,1,0,1,1,0,0.0,LOW
Aayush Anand,6,1,0,1,1,0,0.0,LOW
Warinder Panchal,6,1,0,1,1,0,0.0,LOW
Mitali Pal,6,1,0,1,1,0,0.0,LOW
Chaaya Dada,6,1,0,1,1,0,0.0,LOW
Aarnav Kuruvilla,6,1,0,1,1,0,0.0,LOW
Pranit Khanna,6,1,0,1,1,0,0.0,LOW
David Das,6,1,0,1,1,0,0.0,LOW
Saanvi Chopra,6,1,0,1,1,0,0.0,LOW
Bhavika Pradhan,6,1,0,1,1,0,0.0,LOW
Keya Bassi,6,1,0,1,1,0,0.0,LOW
Libni Hora,6,1,0,1,1,0,0.0,LOW
Saksham Narula,6,1,0,1,1,0,0.0,LOW
Manthan Patla,6,1,0,1,1,0,0.0,LOW
Tripti Sibal,6,1,0,1,1,0,0.0,LOW
Ojas Comar,6,1,0,1,1,0,0.0,LOW
Leena D’Alia,6,1,0,1,1,0,0.0,LOW
Peter Sachdeva,6,1,0,1,1,0,0.0,LOW
Manan Viswanathan,6,1,0,1,1,0,0.0,LOW
Odika Behl,6,1,0,1,1,0,0.0,LOW
Udyati Garde,6,1,0,1,1,0,0.0,LOW
Kavya Varghese,6,1,0,1,1,0,0.0,LOW
Chakradev Acharya,6,1,0,1,1,0,0.0,LOW
Widisha Thaker,6,1,0,1,1,0,0.0,LOW
Dhruv Ganguly,6,1,0,1,1,0,0.0,LOW
Aarna Dhawan,6,1,0,1,1,0,0.0,LOW
Michael Ravel,6,1,0,1,1,0,0.0,LOW
Chanakya Sami,6,1,0,1,1,0,0.0,LOW
Baghyawati Jaggi,6,1,0,1,1,0,0.0,LOW
Amruta Dhawan,6,1,0,1,1,0,0.0,LOW
Deepa Babu,6,1,0,1,1,0,0.0,LOW
Parth Karan,6,1,0,1,1,0,0.0,LOW
Amrita Rege,6,1,0,1,1,0,0.0,LOW
Gopal Parmar,6,1,0,1,1,0,0.0,LOW
Jacob Choudhury,6,1,0,1,1,0,0.0,LOW
Darsh Wali,6,1,0,1,1,0,0.0,LOW
Suhani Kuruvilla,6,1,0,1,1,0,0.0,LOW
Lakshit Ram,6,1,0,1,1,0,0.0,LOW
Vrishti Andra,6,1,0,1,1,0,0.0,LOW
Vamakshi Batta,6,1,0,1,1,0,0.0,LOW
Harshil Mammen,6,1,0,1,1,0,0.0,LOW
Max Korpal,6,1,0,1,1,0,0.0,LOW
Jai Dua,6,1,0,1,1,0,0.0,LOW
Hamsini Roy,6,1,0,1,1,0,0.0,LOW
Saumya Dani,6,1,0,1,1,0,0.0,LOW
Zaitra Dewan,6,1,0,1,1,0,0.0,LOW
Geetika Kumar,6,1,0,1,1,0,0.0,LOW
Andrew Dube,6,1,0,1,1,0,0.0,LOW
Joshua Atwal,6,1,0,1,1,0,0.0,LOW
Harshil Mahajan,6,1,0,1,1,0,0.0,LOW
Darika Sandhu,6,1,0,1,1,0,0.0,LOW
Reyansh Walla,6,1,0,1,1,0,0.0,LOW
Rajata Nadkarni,6,1,0,1,1,0,0.0,LOW
Abeer Goswami,6,1,0,1,1,0,0.0,LOW
Yashasvi Gokhale,6,1,0,1,1,0,0.0,LOW
Chaitanya Toor,6,1,0,1,1,0,0.0,LOW
Harshil Basu,6,1,0,1,1,0,0.0,LOW
Pushti Grewal,6,1,0,1,1,0,0.0,LOW
Yadavi Morar,6,1,0,1,1,0,0.0,LOW
Siddharth Pau,6,1,0,1,1,0,0.0,LOW
Keya Brar,6,1,0,1,1,0,0.0,LOW
Hitesh Vala,6,1,0,1,1,0,0.0,LOW
Darsh Nazareth,6,1,0,1,1,0,0.0,LOW
Edhitha Nadig,6,1,0,1,1,0,0.0,LOW
Wriddhish Deep,6,1,0,1,1,0,0.0,LOW
Robert Kara,6,1,0,1,1,0,0.0,LOW
Bhavika Dalal,6,1,0,1,1,0,0.0,LOW
Ranbir Devi,6,1,0,1,1,0,0.0,LOW
Vyanjana Gandhi,6,1,0,1,1,0,0.0,LOW
Turvi Deo,6,1,0,1,1,0,0.0,LOW
Zayyan Chokshi,6,1,0,1,1,0,0.0,LOW
Nisha Radhakrishnan,6,1,0,1,1,0,0.0,LOW
Janani Pau,6,1,0,1,1,0,0.0,LOW
Ekalinga Kar,6,1,0,1,1,0,0.0,LOW
Anjali Bobal,6,1,0,1,1,0,0.0,LOW
Yashodhara Behl,6,1,0,1,1,0,0.0,LOW
Peter Dani,6,1,0,1,1,0,0.0,LOW
Zashil Nanda,6,1,0,1,1,0,0.0,LOW
Adweta Karpe,6,1,0,1,1,0,0.0,LOW
Matthew Varty,6,1,0,1,1,0,0.0,LOW
Girish Nadkarni,6,1,0,1,1,0,0.0,LOW
Dipta Sridhar,6,1,0,1,1,0,0.0,LOW
Siddharth Khosla,6,1,0,1,1,0,0.0,LOW
Lakshit Pradhan,6,1,0,1,1,0,0.0,LOW
Meghana Kala,6,1,0,1,1,0,0.0,LOW
Hemangini Raman,6,1,0,1,1,0,0.0,LOW
Ojasvi Madan,6,1,0,1,1,0,0.0,LOW
Jack Chacko,6,1,0,1,1,0,0.0,LOW
Hema Chand,6,1,0,1,1,0,0.0,LOW
Falak Halder,6,1,0,1,1,0,0.0,LOW
Warhi Gaba,6,1,0,1,1,0,0.0,LOW
Rehaan Nanda,6,1,0,1,1,0,0.0,LOW
Reva Gara,6,1,0,1,1,0,0.0,LOW
Geetika Babu,6,1,0,1,1,0,0.0,LOW
Hemangini Sahota,6,1,0,1,1,0,0.0,LOW
Parth Gola,6,1,0,1,1,0,0.0,LOW
Faraj Vyas,6,1,0,1,1,0,0.0,LOW
Kai Mangat,6,1,0,1,1,0,0.0,LOW
Adya Sood,6,1,0,1,1,0,0.0,LOW
Jeevika Pau,6,1,0,1,1,0,0.0,LOW
Pushti Chhabra,6,1,0,1,1,0,0.0,LOW
Sudiksha Goyal,6,1,0,1,1,0,0.0,LOW
Omkaar Raju,6,1,0,1,1,0,0.0,LOW
Priya Bawa,6,1,0,1,1,0,0.0,LOW
Riya Krishnan,6,1,0,1,1,0,0.0,LOW
Bahadurjit Morar,6,1,0,1,1,0,0.0,LOW
Baghyawati Kapoor,6,1,0,1,1,0,0.0,LOW
Girindra Nazareth,6,1,0,1,1,0,0.0,LOW
Theodore Chand,6,1,0,1,1,0,0.0,LOW
Chaitanya Kunda,6,1,0,1,1,0,0.0,LOW
Wyatt Dugar,6,1,0,1,1,0,0.0,LOW
Dayita Oak,6,1,0,1,1,0,0.0,LOW
Janaki Bajwa,6,1,0,1,1,0,0.0,LOW
Ganga Parmer,6,1,0,1,1,0,0.0,LOW
Brijesh Zachariah,6,1,0,1,1,0,0.0,LOW
Osha Rattan,6,1,0,1,1,0,0.0,LOW
Ekaja Chatterjee,6,1,0,1,1,0,0.0,LOW
Aditya Kata,6,1,0,1,1,0,0.0,LOW
Triya Iyengar,6,1,0,1,1,0,0.0,LOW
Yashoda Kulkarni,6,1,0,1,1,0,0.0,LOW
Yashodhara Patla,6,1,0,1,1,0,0.0,LOW
Tripti Shukla,6,1,0,1,1,0,0.0,LOW
Ojas Patil,6,1,0,1,1,0,0.0,LOW
Oliver Palla,6,1,0,1,1,0,0.0,LOW
Niharika Ahuja,6,1,0,1,1,0,0.0,LOW
Sathvik Ramachandran,6,1,0,1,1,0,0.0,LOW
Pratyush Bhalla,6,1,0,1,1,0,0.0,LOW
Falak Hans,6,1,0,1,1,0,0.0,LOW
Champak Rastogi,6,1,0,1,1,0,0.0,LOW
Vedant Parmer,6,1,0,1,1,0,0.0,LOW
Warjas Dara,6,1,0,1,1,0,0.0,LOW
Dipta Jayaraman,6,1,0,1,1,0,0.0,LOW
Saksham Raja,6,1,0,1,1,0,0.0,LOW
Ekanta Tailor,6,1,0,1,1,0,0.0,LOW
Ethan Varty,6,1,0,1,1,0,0.0,LOW
Ekaraj Boase,6,1,0,1,1,0,0.0,LOW
Zayan Mann,6,1,0,1,1,0,0.0,LOW
Rushil Nori,6,1,0,1,1,0,0.0,LOW
Hemal Balasubramanian,6,1,0,1,1,0,0.0,LOW
Saanvi Khare,6,1,0,1,1,0,0.0,LOW
Jacob Minhas,6,1,0,1,1,0,0.0,LOW
Fiyaz Pradhan,6,1,0,1,1,0,0.0,LOW
Owen Mangal,6,1,0,1,1,0,0.0,LOW
Yadavi Rastogi,6,1,0,1,1,0,0.0,LOW
Avni Jha,6,1,0,1,1,0,0.0,LOW
Widisha Bassi,6,1,0,1,1,0,0.0,LOW
Yauvani Nagi,6,1,0,1,1,0,0.0,LOW
Warda Varghese,6,1,0,1,1,0,0.0,LOW
Xiti Ben,6,1,0,1,1,0,0.0,LOW
Gagan Iyer,6,1,0,1,1,0,0.0,LOW
Januja Bal,6,1,0,1,1,0,0.0,LOW
Vasana Viswanathan,6,1,0,1,1,0,0.0,LOW
Bhavna Ganesan,6,1,0,1,1,0,0.0,LOW
Zayyan Apte,6,1,0,1,1,0,0.0,LOW
Adya Ahluwalia,6,1,0,1,1,0,0.0,LOW
Hritik Ben,6,1,0,1,1,0,0.0,LOW
Zashil Dhar,6,1,0,1,1,0,0.0,LOW
Bahadurjit Ghosh,6,1,0,1,1,0,0.0,LOW
Ethan Handa,6,1,0,1,1,0,0.0,LOW
Agastya Arya,6,1,0,1,1,0,0.0,LOW
Daksh Srinivasan,6,1,0,1,1,0,0.0,LOW
Ojasvi Warrior,6,1,0,1,1,0,0.0,LOW
Gayathri Bhattacharyya,6,1,0,1,1,0,0.0,LOW
Prisha Uppal,6,1,0,1,1,0,0.0,LOW
Kevin Keer,6,1,0,1,1,0,0.0,LOW
Ikshita Dhar,6,1,0,1,1,0,0.0,LOW
Ekani Dugar,6,1,0,1,1,0,0.0,LOW
Yuvraj Rana,6,1,0,1,1,0,0.0,LOW
Sudiksha Bose,6,1,0,1,1,0,0.0,LOW
Ridhi Narayan,6,1,0,1,1,0,0.0,LOW
Idika Wali,6,1,0,1,1,0,0.0,LOW
Omkaar Mani,6,1,0,1,1,0,0.0,LOW
Dhruv Handa,6,1,0,1,1,0,0.0,LOW
Niharika Khare,6,1,0,1,1,0,0.0,LOW
Oni Rout,6,1,0,1,1,0,0.0,LOW
Akshay Srinivas,6,1,0,1,1,0,0.0,LOW
Panini Patel,6,1,0,1,1,0,0.0,LOW
Max Salvi,6,1,0,1,1,0,0.0,LOW
Udyati Jaggi,6,1,0,1,1,0,0.0,LOW
Maanas Gaba,6,1,0,1,1,0,0.0,LOW
Nidhi Lad,6,1,0,1,1,0,0.0,LOW
Gautami Mutti,6,1,0,1,1,0,0.0,LOW
Agastya Chacko,6,1,0,1,1,0,0.0,LOW
Jagdish Char,6,1,0,1,1,0,0.0,LOW
Geetika Biswas,6,1,0,1,1,0,0.0,LOW
Varsha Bhavsar,6,1,0,1,1,0,0.0,LOW
Teerth Chandran,6,1,0,1,1,0,0.0,LOW
Balhaar Narain,6,1,0,1,1,0,0.0,LOW
Tanish Bir,6,1,0,1,1,0,0.0,LOW
Jairaj Batta,6,1,0,1,1,0,0.0,LOW
Mohammed Ghose,6,1,0,1,1,0,0.0,LOW
Fiyaz Dugar,6,1,0,1,1,0,0.0,LOW
Yahvi Sankar,6,1,0,1,1,0,0.0,LOW
Joshua Sha,6,1,0,1,1,0,0.0,LOW
Yahvi Mani,6,1,0,1,1,0,0.0,LOW
Madhavi Joshi,6,1,0,1,1,0,0.0,LOW
Frado Narasimhan,6,1,0,1,1,0,0.0,LOW
Janaki Nagarajan,6,1,0,1,1,0,0.0,LOW
Vanya Pillay,6,1,0,1,1,0,0.0,LOW
Meera Shetty,6,1,0,1,1,0,0.0,LOW
Sachi Sundaram,6,1,0,1,1,0,0.0,LOW
Shivani Chander,6,1,0,1,1,0,0.0,LOW
Christopher Deshpande,6,1,0,1,1,0,0.0,LOW
Girik Chokshi,6,1,0,1,1,0,0.0,LOW
Wridesh Bal,6,1,0,1,1,0,0.0,LOW
Vidhi De,6,1,0,1,1,0,0.0,LOW
Pahal Gill,6,1,0,1,1,0,0.0,LOW
Zehaan Comar,6,1,0,1,1,0,0.0,LOW
Upasna Butala,6,1,0,1,1,0,0.0,LOW
Max Choudhary,6,1,0,1,1,0,0.0,LOW
Omkaar Subramanian,6,1,0,1,1,0,0.0,LOW
Mekhala Chakrabarti,6,1,0,1,1,0,0.0,LOW
Xalak Din,6,1,0,1,1,0,0.0,LOW
Dev Koshy,6,1,0,1,1,0,0.0,LOW
Kamala Choudhary,6,1,0,1,1,0,0.0,LOW
Warda Khanna,6,1,0,1,1,0,0.0,LOW
Rachana Handa,6,1,0,1,1,0,0.0,LOW
Aarna Mittal,6,1,0,1,1,0,0.0,LOW
Nicholas Butala,6,1,0,1,1,0,0.0,LOW
Maanav Khalsa,6,1,0,1,1,0,0.0,LOW
Dipta Ahluwalia,6,1,0,1,1,0,0.0,LOW
Karan Kale,6,1,0,1,1,0,0.0,LOW
Hemani Subramaniam,6,1,0,1,1,0,0.0,LOW
Aarush Loyal,6,1,0,1,1,0,0.0,LOW
Barkha Rau,6,1,0,1,1,0,0.0,LOW
Fiyaz Chana,6,1,0,1,1,0,0.0,LOW
Ekiya Bal,6,1,0,1,1,0,0.0,LOW
Ekalinga Bir,6,1,0,1,1,0,0.0,LOW
Ati Kibe,6,1,0,1,1,0,0.0,LOW
Nisha Sampath,6,1,0,1,1,0,0.0,LOW
Zehaan Bansal,6,1,0,1,1,0,0.0,LOW
Upasna Hari,6,1,0,1,1,0,0.0,LOW
Yashasvi Behl,6,1,0,1,1,0,0.0,LOW
Falak Mallick,6,1,0,1,1,0,0.0,LOW
Nachiket Zachariah,6,1,0,1,1,0,0.0,LOW
Aarini Kalla,6,1,0,1,1,0,0.0,LOW
Naksh Suri,6,1,0,1,1,0,0.0,LOW
Zehaan Aggarwal,6,1,0,1,1,0,0.0,LOW
Amruta Khare,6,1,0,1,1,0,0.0,LOW
Amol Ramakrishnan,6,1,0,1,1,0,0.0,LOW
Falan Cheema,6,1,0,1,1,0,0.0,LOW
Bachittar Ranganathan,6,1,0,1,1,0,0.0,LOW
Chakrika Sahni,6,1,0,1,1,0,0.0,LOW
Tejas Lall,6,1,0,1,1,0,0.0,LOW
Idika Bali,6,1,0,1,1,0,0.0,LOW
Vaishnavi Mitter,6,1,0,1,1,0,0.0,LOW
Lila Swamy,6,1,0,1,1,0,0.0,LOW
Wridesh Bajaj,6,1,0,1,1,0,0.0,LOW
Hredhaan Goswami,6,1,0,1,1,0,0.0,LOW
Ayaan Bera,6,1,0,1,1,0,0.0,LOW
Ekapad Rai,6,1,0,1,1,0,0.0,LOW
Gaurav Jayaraman,6,1,0,1,1,0,0.0,LOW
Yashawini Mohanty,6,1,0,1,1,0,0.0,LOW
Abeer Nagy,6,1,0,1,1,0,0.0,LOW
Vrishti Varughese,6,1,0,1,1,0,0.0,LOW
Eesha Keer,6,1,0,1,1,0,0.0,LOW
Baghyawati Karnik,6,1,0,1,1,0,0.0,LOW
Lakshmi Radhakrishnan,6,1,0,1,1,0,0.0,LOW
Rachita Balan,6,1,0,1,1,0,0.0,LOW
Balveer Bali,6,1,0,1,1,0,0.0,LOW
Omkaar Thaman,6,1,0,1,1,0,0.0,LOW
Maanav Sandal,6,1,0,1,1,0,0.0,LOW
Frado Nazareth,6,1,0,1,1,0,0.0,LOW
Rehaan Agrawal,6,1,0,1,1,0,0.0,LOW
Faraj Iyer,6,1,0,1,1,0,0.0,LOW
Chaman Yohannan,6,1,0,1,1,0,0.0,LOW
Aarush Lad,6,1,0,1,1,0,0.0,LOW
Raagini Parsa,6,1,0,1,1,0,0.0,LOW
Wridesh Chanda,6,1,0,1,1,0,0.0,LOW
Ekanta Sur,6,1,0,1,1,0,0.0,LOW
Lila Seth,6,1,0,1,1,0,0.0,LOW
Faraj Prabhakar,6,1,0,1,1,0,0.0,LOW
Jacob Dasgupta,6,1,0,1,1,0,0.0,LOW
Sneha Kapur,6,1,0,1,1,0,0.0,LOW
Isaiah Handa,6,1,0,1,1,0,0.0,LOW
Aradhana Natarajan,6,1,0,1,1,0,0.0,LOW
Charan Sodhi,6,1,0,1,1,0,0.0,LOW
Chatresh Gole,6,1,0,1,1,0,0.0,LOW
Nathan Sidhu,6,1,0,1,1,0,0.0,LOW
Sai Saini,6,1,0,1,1,0,0.0,LOW
Ira Datta,6,1,0,1,1,0,0.0,LOW
Yatan Kannan,6,1,0,1,1,0,0.0,LOW
Qarin Goyal,6,1,0,1,1,0,0.0,LOW
Zehaan Bobal,6,1,0,1,1,0,0.0,LOW
Azaan Sankaran,6,1,0,1,1,0,0.0,LOW
Ati Wadhwa,6,1,0,1,1,0,0.0,LOW
Advika Goda,6,1,0,1,1,0,0.0,LOW
Gautami Thaker,6,1,0,1,1,0,0.0,LOW
Tristan Viswanathan,6,1,0,1,1,0,0.0,LOW
Arya Iyengar,6,1,0,1,1,0,0.0,LOW
Sachi Sem,6,1,0,1,1,0,0.0,LOW
Vedhika Agarwal,6,1,0,1,1,0,0.0,LOW
Jack Deo,6,1,0,1,1,0,0.0,LOW
Nathaniel Gole,6,1,0,1,1,0,0.0,LOW
Luke Bhakta,6,1,0,1,1,0,0.0,LOW
Siya Baria,6,1,0,1,1,0,0.0,LOW
Qasim Hora,6,1,0,1,1,0,0.0,LOW
Lajita Upadhyay,6,1,0,1,1,0,0.0,LOW
Yashasvi Sunder,6,1,0,1,1,0,0.0,LOW
Mahika Zachariah,6,1,0,1,1,0,0.0,LOW
Charita Garde,6,1,0,1,1,0,0.0,LOW
Janani Johal,6,1,0,1,1,0,0.0,LOW
Ayushman Dugal,6,1,0,1,1,0,0.0,LOW
Nathan Mangat,6,1,0,1,1,0,0.0,LOW
Qarin Pau,6,1,0,1,1,0,0.0,LOW
Sarthak Ahluwalia,6,1,0,1,1,0,0.0,LOW
Niharika Dhillon,6,1,0,1,1,0,0.0,LOW
Harshil Choudhry,6,1,0,1,1,0,0.0,LOW
Bhavya Lala,6,1,0,1,1,0,0.0,LOW
Qarin Bail,6,1,0,1,1,0,0.0,LOW
Neha Ram,6,1,0,1,1,0,0.0,LOW
Raghav Sami,6,1,0,1,1,0,0.0,LOW
Mitesh Srinivasan,6,1,0,1,1,0,0.0,LOW
Ayushman Kade,6,1,0,1,1,0,0.0,LOW
Daksh D’Alia,6,1,0,1,1,0,0.0,LOW
Luke Kohli,6,1,0,1,1,0,0.0,LOW
Rishi Viswanathan,6,1,0,1,1,0,0.0,LOW
Ethan Gulati,6,1,0,1,1,0,0.0,LOW
Vasudha Chana,6,1,0,1,1,0,0.0,LOW
Pallavi Mohanty,6,1,0,1,1,0,0.0,LOW
Rachana Tata,6,1,0,1,1,0,0.0,LOW
Ekavir Kota,6,1,0,1,1,0,0.0,LOW
Balendra Kar,6,1,0,1,1,0,0.0,LOW
Chakradev Bal,6,1,0,1,1,0,0.0,LOW
Saumya Kanda,6,1,0,1,1,0,0.0,LOW
Bachittar Walla,6,1,0,1,1,0,0.0,LOW
Anirudh De,6,1,0,1,1,0,0.0,LOW
Chatura Sandal,6,1,0,1,1,0,0.0,LOW
Agastya Panchal,6,1,0,1,1,0,0.0,LOW
Netra Babu,6,1,0,1,1,0,0.0,LOW
Indrajit Lala,6,1,0,1,1,0,0.0,LOW
Bakhshi Dey,6,1,0,1,1,0,0.0,LOW
Ekapad Keer,6,1,0,1,1,0,0.0,LOW
Anusha Gill,6,1,0,1,1,0,0.0,LOW
Geetika Karpe,6,1,0,1,1,0,0.0,LOW
Jai Rattan,6,1,0,1,1,0,0.0,LOW
Simon Devan,6,1,0,1,1,0,0.0,LOW
Sathvik Munshi,6,1,0,1,1,0,0.0,LOW
Noah Zachariah,6,1,0,1,1,0,0.0,LOW
Chandran Rao,6,1,0,1,1,0,0.0,LOW
Nimrat Kala,6,1,0,1,1,0,0.0,LOW
Zehaan Bawa,6,1,0,1,1,0,0.0,LOW
Isaac Rao,6,1,0,1,1,0,0.0,LOW
Mitali Mahajan,6,1,0,1,1,0,0.0,LOW
Gabriel Chowdhury,6,1,0,1,1,0,0.0,LOW
Kevin Taneja,6,1,0,1,1,0,0.0,LOW
Omaja Bhatt,6,1,0,1,1,0,0.0,LOW
Aadhya Ravi,6,1,0,1,1,0,0.0,LOW
Warhi Lata,6,1,0,1,1,0,0.0,LOW
Jagat Raghavan,6,1,0,1,1,0,0.0,LOW
Jeet Venkatesh,6,1,0,1,1,0,0.0,LOW
Ria Jayaraman,6,1,0,1,1,0,0.0,LOW
Madhav Bose,6,1,0,1,1,0,0.0,LOW
Riya Raju,6,1,0,1,1,0,0.0,LOW
Oliver Agate,6,1,0,1,1,0,0.0,LOW
Abhimanyu Patla,6,1,0,1,1,0,0.0,LOW
Anirudh Ravi,6,1,0,1,1,0,0.0,LOW
Luke Rajagopalan,6,1,0,1,1,0,0.0,LOW
Oviya Sethi,6,1,0,1,1,0,0.0,LOW
Januja Shroff,6,1,0,1,1,0,0.0,LOW
Victor Dayal,6,1,0,1,1,0,0.0,LOW
Nikita Balasubramanian,6,1,0,1,1,0,0.0,LOW
Anya Gulati,6,1,0,1,1,0,0.0,LOW
Falak Narain,6,1,0,1,1,0,0.0,LOW
Omkaar Gandhi,6,1,0,1,1,0,0.0,LOW
Netra Mangal,6,1,0,1,1,0,0.0,LOW
Yadavi Misra,6,1,0,1,1,0,0.0,LOW
Hemang Chandra,6,1,0,1,1,0,0.0,LOW
Anvi Mani,6,1,0,1,1,0,0.0,LOW
Madhavi Dutta,6,1,0,1,1,0,0.0,LOW
Guneet Butala,6,1,0,1,1,0,0.0,LOW
Yashoda Mall,6,1,0,1,1,0,0.0,LOW
Mekhala Nori,6,1,0,1,1,0,0.0,LOW
Theodore Mody,6,1,0,1,1,0,0.0,LOW
Akshay Dubey,6,1,0,1,1,0,0.0,LOW
Gavin Nayak,6,1,0,1,1,0,0.0,LOW
Nirja Bhalla,6,1,0,1,1,0,0.0,LOW
Kiaan Manda,6,1,0,1,1,0,0.0,LOW
Shivani Bhat,6,1,0,1,1,0,0.0,LOW
Yatan Shetty,6,1,0,1,1,0,0.0,LOW
Onveer Handa,6,1,0,1,1,0,0.0,LOW
Dakshesh Mahajan,6,1,0,1,1,0,0.0,LOW
Ekaja Bandi,6,1,0,1,1,0,0.0,LOW
Balendra Ray,6,1,0,1,1,0,0.0,LOW
Meera Sheth,6,1,0,1,1,0,0.0,LOW
Ishwar Mangat,6,1,0,1,1,0,0.0,LOW
Aradhana Swamy,6,1,0,1,1,0,0.0,LOW
Daniel Loyal,6,1,0,1,1,0,0.0,LOW
Pallavi Mander,6,1,0,1,1,0,0.0,LOW
Aashi Warrior,6,1,0,1,1,0,0.0,LOW
Kabir Vig,6,1,0,1,1,0,0.0,LOW
Amrita Bhatnagar,6,1,0,1,1,0,0.0,LOW
Vidhi Badami,6,1,0,1,1,0,0.0,LOW
Mitesh Sani,6,1,0,1,1,0,0.0,LOW
Yasti Rai,6,1,0,1,1,0,0.0,LOW
Bhavani Khalsa,6,1,0,1,1,0,0.0,LOW
Upma Mital,6,1,0,1,1,0,0.0,LOW
Devansh Sawhney,6,1,0,1,1,0,0.0,LOW
Lajita Sankar,6,1,0,1,1,0,0.0,LOW
Chasmum Oak,6,1,0,1,1,0,0.0,LOW
Raksha Kalla,6,1,0,1,1,0,0.0,LOW
Rajata Vohra,6,1,0,1,1,0,0.0,LOW
Aayush Chaudry,6,1,0,1,1,0,0.0,LOW
Jagrati Rege,6,1,0,1,1,0,0.0,LOW
Qasim Varma,6,1,0,1,1,0,0.0,LOW
Ekanta Bhatt,6,1,0,1,1,0,0.0,LOW
Theodore Murthy,6,1,0,1,1,0,0.0,LOW
Aadhya Varma,6,1,0,1,1,0,0.0,LOW
Gabriel Sura,6,1,0,1,1,0,0.0,LOW
Ria Mistry,6,1,0,1,1,0,0.0,LOW
Yauvani Mital,6,1,0,1,1,0,0.0,LOW
Thomas Sant,6,1,0,1,1,0,0.0,LOW
Aashi Deep,6,1,0,1,1,0,0.0,LOW
Ishaan Pathak,6,1,0,1,1,0,0.0,LOW
Daniel Puri,6,1,0,1,1,0,0.0,LOW
Yadavi Master,6,1,0,1,1,0,0.0,LOW
Anika Kadakia,6,1,0,1,1,0,0.0,LOW
Ekiya Puri,6,1,0,1,1,0,0.0,LOW
Vedant Mutti,6,1,0,1,1,0,0.0,LOW
Ekta Sahni,6,1,0,1,1,0,0.0,LOW
Sachi Golla,6,1,0,1,1,0,0.0,LOW
Amruta Balakrishnan,6,1,0,1,1,0,0.0,LOW
Rayaan Khatri,6,1,0,1,1,0,0.0,LOW
Gaurangi Kale,6,1,0,1,1,0,0.0,LOW
Tanmayi Parmer,6,1,0,1,1,0,0.0,LOW
Andrew Chowdhury,6,1,0,1,1,0,0.0,LOW
Aayush Tailor,6,1,0,1,1,0,0.0,LOW
Jagdish Kumer,6,1,0,1,1,0,0.0,LOW
Rajata Iyer,6,1,0,1,1,0,0.0,LOW
Ladli Sibal,6,1,0,1,1,0,0.0,LOW
Avi Gala,6,1,0,1,1,0,0.0,LOW
Frederick Gill,6,1,0,1,1,0,0.0,LOW
Aryan Rattan,6,1,0,1,1,0,0.0,LOW
Advay Din,6,1,0,1,1,0,0.0,LOW
Joshua Buch,6,1,0,1,1,0,0.0,LOW
Ati Sheth,6,1,0,1,1,0,0.0,LOW
Hardik Deol,6,1,0,1,1,0,0.0,LOW
Saanvi Bhandari,6,1,0,1,1,0,0.0,LOW
Yashasvi Nayar,6,1,0,1,1,0,0.0,LOW
Yoshita Ranganathan,6,1,0,1,1,0,0.0,LOW
Vaishnavi Kala,6,1,0,1,1,0,0.0,LOW
Baljiwan Bhargava,6,1,0,1,1,0,0.0,LOW
Matthew Chaudhry,6,1,0,1,1,0,0.0,LOW
Vasana Chanda,6,1,0,1,1,0,0.0,LOW
Luke Sem,6,1,0,1,1,0,0.0,LOW
Kevin Borde,6,1,0,1,1,0,0.0,LOW
Zinal Brahmbhatt,6,1,0,1,1,0,0.0,LOW
Tristan Saha,6,1,0,1,1,0,0.0,LOW
Divya Muni,6,1,0,1,1,0,0.0,LOW
Harshil Dave,6,1,0,1,1,0,0.0,LOW
Zehaan Lall,6,1,0,1,1,0,0.0,LOW
Amruta Loyal,6,1,0,1,1,0,0.0,LOW
Matthew Kapoor,6,1,0,1,1,0,0.0,LOW
Netra Kalita,6,1,0,1,1,0,0.0,LOW
Chandran Khosla,6,1,0,1,1,0,0.0,LOW
Faraj Menon,6,1,0,1,1,0,0.0,LOW
Sathvik Gopal,6,1,0,1,1,0,0.0,LOW
Rajeshri Srinivasan,6,1,0,1,1,0,0.0,LOW
Vansha Sahni,6,1,0,1,1,0,0.0,LOW
Baghyawati Zacharia,6,1,0,1,1,0,0.0,LOW
Arunima Sunder,6,1,0,1,1,0,0.0,LOW
Manthan Golla,6,1,0,1,1,0,0.0,LOW
Jackson Pradhan,6,1,0,1,1,0,0.0,LOW
Aashi Bakshi,6,1,0,1,1,0,0.0,LOW
Krishna Bajwa,6,1,0,1,1,0,0.0,LOW
Guneet Subramaniam,6,1,0,1,1,0,0.0,LOW
Reyansh Nanda,6,1,0,1,1,0,0.0,LOW
Qasim Jaggi,6,1,0,1,1,0,0.0,LOW
Yashodhara Sandhu,6,1,0,1,1,0,0.0,LOW
Riya Gupta,6,1,0,1,1,0,0.0,LOW
Wazir Nagy,6,1,0,1,1,0,0.0,LOW
Ojasvi Hayre,6,1,0,1,1,0,0.0,LOW
Nathaniel Suri,6,1,0,1,1,0,0.0,LOW
Dhriti Edwin,6,1,0,1,1,0,0.0,LOW
Yatan More,6,1,0,1,1,0,0.0,LOW
Christopher Tripathi,6,1,0,1,1,0,0.0,LOW
Eiravati Balan,6,1,0,1,1,0,0.0,LOW
Janani Srinivasan,6,1,0,1,1,0,0.0,LOW
Ojas Bobal,6,1,0,1,1,0,0.0,LOW
Adya Sandhu,6,1,0,1,1,0,0.0,LOW
Maya More,6,1,0,1,1,0,0.0,LOW
Yashasvi Tiwari,6,1,0,1,1,0,0.0,LOW
Upasna Kanda,6,1,0,1,1,0,0.0,LOW
Ekapad Patla,6,1,0,1,1,0,0.0,LOW
Naveen Sabharwal,6,1,0,1,1,0,0.0,LOW
Inaya Chakraborty,6,1,0,1,1,0,0.0,LOW
Krishna Maharaj,6,1,0,1,1,0,0.0,LOW
Adweta Cheema,6,1,0,1,1,0,0.0,LOW
Triveni Bedi,6,1,0,1,1,0,0.0,LOW
Nitesh Merchant,6,1,0,1,1,0,0.0,LOW
Oeshi Sidhu,6,1,0,1,1,0,0.0,LOW
Ekavir Solanki,6,1,0,1,1,0,0.0,LOW
Isaiah Randhawa,6,1,0,1,1,0,0.0,LOW
Dhriti Soni,6,1,0,1,1,0,0.0,LOW
Libni Babu,6,1,0,1,1,0,0.0,LOW
Maanas Sekhon,6,1,0,1,1,0,0.0,LOW
Waida Bath,6,1,0,1,1,0,0.0,LOW
Edhitha Natt,6,1,0,1,1,0,0.0,LOW
Robert Sanghvi,6,1,0,1,1,0,0.0,LOW
Nitesh Gera,6,1,0,1,1,0,0.0,LOW
Aishani Dara,6,1,0,1,1,0,0.0,LOW
Ishita Kade,6,1,0,1,1,0,0.0,LOW
Jairaj Basak,6,1,0,1,1,0,0.0,LOW
Adya Sengupta,6,1,0,1,1,0,0.0,LOW
Charita Chhabra,6,1,0,1,1,0,0.0,LOW
Balvan Jha,6,1,0,1,1,0,0.0,LOW
Shravya Dutta,6,1,0,1,1,0,0.0,LOW
Hritik Goswami,6,1,0,1,1,0,0.0,LOW
Girish Badal,6,1,0,1,1,0,0.0,LOW
Balhaar Joshi,6,1,0,1,1,0,0.0,LOW
Azad Andra,6,1,0,1,1,0,0.0,LOW
Manya Sarin,6,1,0,1,1,0,0.0,LOW
Lohit Nanda,6,1,0,1,1,0,0.0,LOW
Yashasvi Raj,6,1,0,1,1,0,0.0,LOW
Gaurangi Setty,6,1,0,1,1,0,0.0,LOW
Yasti Kari,6,1,0,1,1,0,0.0,LOW
Noah Aggarwal,6,1,0,1,1,0,0.0,LOW
Sanya Grewal,6,1,0,1,1,0,0.0,LOW
Balveer Ganesh,6,1,0,1,1,0,0.0,LOW
Priya Gole,6,1,0,1,1,0,0.0,LOW
Warhi Bhatt,6,1,0,1,1,0,0.0,LOW
Lucky Radhakrishnan,6,1,0,1,1,0,0.0,LOW
Yasti Hegde,6,1,0,1,1,0,0.0,LOW
Yutika Srivastava,6,1,0,1,1,0,0.0,LOW
Madhav Hayre,6,1,0,1,1,0,0.0,LOW
Watika Agate,6,1,0,1,1,0,0.0,LOW
Upasna Narayanan,6,1,0,1,1,0,0.0,LOW
Hema Gala,6,1,0,1,1,0,0.0,LOW
Ayushman Rattan,6,1,0,1,1,0,0.0,LOW
Eiravati Lal,6,1,0,1,1,0,0.0,LOW
Sudiksha Om,6,1,0,1,1,0,0.0,LOW
Nilima Rama,6,1,0,1,1,0,0.0,LOW
Chandani Bains,6,1,0,1,1,0,0.0,LOW
Rachana Uppal,6,1,0,1,1,0,0.0,LOW
Advaith Nath,6,1,0,1,1,0,0.0,LOW
Jai Kibe,6,1,0,1,1,0,0.0,LOW
Siddharth Kadakia,6,1,0,1,1,0,0.0,LOW
Veda Zachariah,6,1,0,1,1,0,0.0,LOW
Yasti Wali,6,1,0,1,1,0,0.0,LOW
Shivani Raju,6,1,0,1,1,0,0.0,LOW
Lila Nagar,6,1,0,1,1,0,0.0,LOW
Chanchal Contractor,6,1,0,1,1,0,0.0,LOW
Shaurya Bhagat,6,1,0,1,1,0,0.0,LOW
Arya Sachdev,6,1,0,1,1,0,0.0,LOW
Yuvraj Mitter,6,1,0,1,1,0,0.0,LOW
Isaac Zachariah,6,1,0,1,1,0,0.0,LOW
Andrew Jani,6,1,0,1,1,0,0.0,LOW
Indali Rout,6,1,0,1,1,0,0.0,LOW
Leela Vohra,6,1,0,1,1,0,0.0,LOW
Baljiwan Khosla,6,1,0,1,1,0,0.0,LOW
Wakeeta Sachdeva,6,1,0,1,1,0,0.0,LOW
Unni Khosla,6,1,0,1,1,0,0.0,LOW
Gavin Sabharwal,6,1,0,1,1,0,0.0,LOW
Yasti Ram,6,1,0,1,1,0,0.0,LOW
Ladli Doshi,6,1,0,1,1,0,0.0,LOW
Turvi Gulati,6,1,0,1,1,0,0.0,LOW
Frederick Hari,6,1,0,1,1,0,0.0,LOW
Qasim Walla,6,1,0,1,1,0,0.0,LOW
Neelima Chaudhari,6,1,0,1,1,0,0.0,LOW
Rajeshri Misra,6,1,0,1,1,0,0.0,LOW
Manan Tandon,6,1,0,1,1,0,0.0,LOW
Luke Sami,6,1,0,1,1,0,0.0,LOW
Faras Mishra,6,1,0,1,1,0,0.0,LOW
Zansi Gole,6,1,0,1,1,0,0.0,LOW
Sanaya Toor,6,1,0,1,1,0,0.0,LOW
Timothy Pradhan,6,1,0,1,1,0,0.0,LOW
Guneet Lalla,6,1,0,1,1,0,0.0,LOW
Vrinda Dugar,6,1,0,1,1,0,0.0,LOW
Waida Prashad,6,1,0,1,1,0,0.0,LOW
Nidra Kade,6,1,0,1,1,0,0.0,LOW
Tamanna Narasimhan,6,1,0,1,1,0,0.0,LOW
Champak Gulati,6,1,0,1,1,0,0.0,LOW
Darika Sabharwal,6,1,0,1,1,0,0.0,LOW
Nandini Doctor,6,1,0,1,1,0,0.0,LOW
Isaac Palan,6,1,0,1,1,0,0.0,LOW
Aayush Bali,6,1,0,1,1,0,0.0,LOW
Ishita Lalla,6,1,0,1,1,0,0.0,LOW
Rachana Bora,6,1,0,1,1,0,0.0,LOW
Gabriel Bhagat,6,1,0,1,1,0,0.0,LOW
Meera Prashad,6,1,0,1,1,0,0.0,LOW
Yagnesh Chand,6,1,0,1,1,0,0.0,LOW
Yahvi Chaudhary,6,1,0,1,1,0,0.0,LOW
Chandani Rege,6,1,0,1,1,0,0.0,LOW
Zaitra Verma,6,1,0,1,1,0,0.0,LOW
Reva Behl,6,1,0,1,1,0,0.0,LOW
Zinal Swamy,6,1,0,1,1,0,0.0,LOW
Darpan Chaudry,6,1,0,1,1,0,0.0,LOW
Jack Sani,6,1,0,1,1,0,0.0,LOW
Suhani Jain,6,1,0,1,1,0,0.0,LOW
Charvi Sagar,6,1,0,1,1,0,0.0,LOW
Omisha Chaudry,6,1,0,1,1,0,0.0,LOW
Abdul Tara,6,1,0,1,1,0,0.0,LOW
Gunbir Kant,6,1,0,1,1,0,0.0,LOW
Zansi Sani,6,1,0,1,1,0,0.0,LOW
Lila Om,6,1,0,1,1,0,0.0,LOW
Viraj Narain,6,1,0,1,1,0,0.0,LOW
Kashish Lanka,6,1,0,1,1,0,0.0,LOW
Rayaan Dutt,6,1,0,1,1,0,0.0,LOW
Kala Bajaj,6,1,0,1,1,0,0.0,LOW
Advay Krishnamurthy,6,1,0,1,1,0,0.0,LOW
Isha Gade,6,1,0,1,1,0,0.0,LOW
Ikshita Chadha,6,1,0,1,1,0,0.0,LOW
Gautam Randhawa,6,1,0,1,1,0,0.0,LOW
Tarak Keer,6,1,0,1,1,0,0.0,LOW
Ati Sibal,6,1,0,1,1,0,0.0,LOW
Laksh Srinivas,6,1,0,1,1,0,0.0,LOW
Ekapad Date,6,1,0,1,1,0,0.0,LOW
Yatin Sodhi,6,1,0,1,1,0,0.0,LOW
Urmi Wali,6,1,0,1,1,0,0.0,LOW
Januja Chakraborty,6,1,0,1,1,0,0.0,LOW
Veda Dhar,6,1,0,1,1,0,0.0,LOW
Nitesh Sarraf,6,1,0,1,1,0,0.0,LOW
Dalbir Maharaj,6,1,0,1,1,0,0.0,LOW
Agastya Nayak,6,1,0,1,1,0,0.0,LOW
Rishi Halder,6,1,0,1,1,0,0.0,LOW
Megha Keer,6,1,0,1,1,0,0.0,LOW
Charvi Sankar,6,1,0,1,1,0,0.0,LOW
Warjas Grover,6,1,0,1,1,0,0.0,LOW
Baghyawati Mahal,6,1,0,1,1,0,0.0,LOW
Anay Baral,6,1,0,1,1,0,0.0,LOW
Abha Hayer,6,1,0,1,1,0,0.0,LOW
Teerth Boase,6,1,0,1,1,0,0.0,LOW
Jairaj Bains,6,1,0,1,1,0,0.0,LOW
Amrita Morar,6,1,0,1,1,0,0.0,LOW
Ubika Deshmukh,6,1,0,1,1,0,0.0,LOW
Manthan Sastry,6,1,0,1,1,0,0.0,LOW
Ojas Kohli,6,1,0,1,1,0,0.0,LOW
Hredhaan Prabhu,6,1,0,1,1,0,0.0,LOW
Nathan Pau,6,1,0,1,1,0,0.0,LOW
Zansi Lata,6,1,0,1,1,0,0.0,LOW
Pooja Upadhyay,6,1,0,1,1,0,0.0,LOW
Gavin Gaba,6,1,0,1,1,0,0.0,LOW
Faraj Narain,6,1,0,1,1,0,0.0,LOW
Jagdish Cheema,6,1,0,1,1,0,0.0,LOW
Lajita Mittal,6,1,0,1,1,0,0.0,LOW
Jatin Chad,6,1,0,1,1,0,0.0,LOW
Watika Radhakrishnan,6,1,0,1,1,0,0.0,LOW
Arunima Pandya,6,1,0,1,1,0,0.0,LOW
Aarav Sunder,6,1,0,1,1,0,0.0,LOW
Balendra Nagar,6,1,0,1,1,0,0.0,LOW
Diya Singh,6,1,0,1,1,0,0.0,LOW
Pushti Kashyap,6,1,0,1,1,0,0.0,LOW
Nimrat Agate,6,1,0,1,1,0,0.0,LOW
Gaurangi Kade,6,1,0,1,1,0,0.0,LOW
Harini Handa,6,1,0,1,1,0,0.0,LOW
Wazir Kant,6,1,0,1,1,0,0.0,LOW
Dhruv Rajan,6,1,0,1,1,0,0.0,LOW
Aayush Vig,6,1,0,1,1,0,0.0,LOW
Rohan Sangha,6,1,0,1,1,0,0.0,LOW
Samar Rout,6,1,0,1,1,0,0.0,LOW
Aarush Anand,6,1,0,1,1,0,0.0,LOW
Anjali Issac,6,1,0,1,1,0,0.0,LOW
Farhan Balay,6,1,0,1,1,0,0.0,LOW
Chanakya Pillai,6,1,0,1,1,0,0.0,LOW
Wyatt Reddy,6,1,0,1,1,0,0.0,LOW
Ekapad Saini,6,1,0,1,1,0,0.0,LOW
Widisha Rajan,6,1,0,1,1,0,0.0,LOW
Pushti Dube,6,1,0,1,1,0,0.0,LOW
Henry Chand,6,1,0,1,1,0,0.0,LOW
Indrajit Sarma,6,1,0,1,1,0,0.0,LOW
Jackson Sarna,6,1,0,1,1,0,0.0,LOW
Elijah Kakar,6,1,0,1,1,0,0.0,LOW
Tanvi Hegde,6,1,0,1,1,0,0.0,LOW
Ladli Chad,6,1,0,1,1,0,0.0,LOW
Ojas Walla,6,1,0,1,1,0,0.0,LOW
Zashil Bassi,6,1,0,1,1,0,0.0,LOW
Mohini Kuruvilla,6,1,0,1,1,0,0.0,LOW
Faqid Sharma,6,1,0,1,1,0,0.0,LOW
Jeremiah Chaudhry,6,1,0,1,1,0,0.0,LOW
Triya Jain,6,1,0,1,1,0,0.0,LOW
Chakradev Nazareth,6,1,0,1,1,0,0.0,LOW
Vrishti Talwar,6,1,0,1,1,0,0.0,LOW
Upasna Kibe,6,1,0,1,1,0,0.0,LOW
Ishaan Ratta,6,1,0,1,1,0,0.0,LOW
Aadhya Chana,6,1,0,1,1,0,0.0,LOW
Vedika Lall,6,1,0,1,1,0,0.0,LOW
Niharika Mander,6,1,0,1,1,0,0.0,LOW
Anmol Arora,6,1,0,1,1,0,0.0,LOW
Ryan Raja,6,1,0,1,1,0,0.0,LOW
Balhaar Sahota,6,1,0,1,1,0,0.0,LOW
Ucchal Sankar,6,1,0,1,1,0,0.0,LOW
Aadi Sarkar,6,1,0,1,1,0,0.0,LOW
Nidhi Lanka,6,1,0,1,1,0,0.0,LOW
Saanvi Bera,6,1,0,1,1,0,0.0,LOW
Kavya Bath,6,1,0,1,1,0,0.0,LOW
Darika Thaman,6,1,0,1,1,0,0.0,LOW
Kala Dhar,6,1,0,1,1,0,0.0,LOW
Advika Mishra,6,1,0,1,1,0,0.0,LOW
Alka Soman,6,1,0,1,1,0,0.0,LOW
Jeevika Gola,6,1,0,1,1,0,0.0,LOW
Nandini Yadav,6,1,0,1,1,0,0.0,LOW
Tanvi Bedi,6,1,0,1,1,0,0.0,LOW
Pavani Bhavsar,6,1,0,1,1,0,0.0,LOW
Brinda Prashad,6,1,0,1,1,0,0.0,LOW
Manan Sarraf,6,1,0,1,1,0,0.0,LOW
Tanmayi Kari,6,1,0,1,1,0,0.0,LOW
Eta Deo,6,1,0,1,1,0,0.0,LOW
Nidhi Tara,6,1,0,1,1,0,0.0,LOW
Abhimanyu Devan,6,1,0,1,1,0,0.0,LOW
Isaac Natt,6,1,0,1,1,0,0.0,LOW
Eta Viswanathan,6,1,0,1,1,0,0.0,LOW
Yashica Radhakrishnan,6,1,0,1,1,0,0.0,LOW
Jai Gopal,6,1,0,1,1,0,0.0,LOW
Lavanya Dada,6,1,0,1,1,0,0.0,LOW
Diya Sachdev,6,1,0,1,1,0,0.0,LOW
Warinder Ghosh,6,1,0,1,1,0,0.0,LOW
Michael Deshpande,6,1,0,1,1,0,0.0,LOW
Ishani Bhasin,6,1,0,1,1,0,0.0,LOW
Vedika Sarkar,6,1,0,1,1,0,0.0,LOW
Mohammed Sundaram,6,1,0,1,1,0,0.0,LOW
Widisha Anne,6,1,0,1,1,0,0.0,LOW
Vasudha Keer,6,1,0,1,1,0,0.0,LOW
Lavanya Gole,6,1,0,1,1,0,0.0,LOW
Gagan Kala,6,1,0,1,1,0,0.0,LOW
Irya Dar,6,1,0,1,1,0,0.0,LOW
Jacob Tripathi,6,1,0,1,1,0,0.0,LOW
Gagan Chana,6,1,0,1,1,0,0.0,LOW
Omaja Gole,6,1,0,1,1,0,0.0,LOW
Vinaya Sandal,6,1,0,1,1,0,0.0,LOW
Reyansh Sankar,6,1,0,1,1,0,0.0,LOW
Bahadurjit Bhatia,6,1,0,1,1,0,0.0,LOW
Nathan Balay,6,1,0,1,1,0,0.0,LOW
Nakul Bath,6,1,0,1,1,0,0.0,LOW
Sanaya Date,6,1,0,1,1,0,0.0,LOW
Kavya Vohra,6,1,0,1,1,0,0.0,LOW
Gauri Dewan,6,1,0,1,1,0,0.0,LOW
Lakshit Panchal,6,1,0,1,1,0,0.0,LOW
Kabir Lal,6,1,0,1,1,0,0.0,LOW
Zayyan Dhingra,6,1,0,1,1,0,0.0,LOW
Hemang Lata,6,1,0,1,1,0,0.0,LOW
Dhruv Gill,6,1,0,1,1,0,0.0,LOW
Raksha Hari,6,1,0,1,1,0,0.0,LOW
Anvi Sood,6,1,0,1,1,0,0.0,LOW
Udarsh Bail,6,1,0,1,1,0,0.0,LOW
Samar Wable,6,1,0,1,1,0,0.0,LOW
Ekta Puri,6,1,0,1,1,0,0.0,LOW
Nilima Khatri,6,1,0,1,1,0,0.0,LOW
Pranit Sura,6,1,0,1,1,0,0.0,LOW
Dalaja Boase,6,1,0,1,1,0,0.0,LOW
Wriddhish Pillay,6,1,0,1,1,0,0.0,LOW
Garima Sule,6,1,0,1,1,0,0.0,LOW
Dominic Tara,6,1,0,1,1,0,0.0,LOW
Vincent Pandit,6,1,0,1,1,0,0.0,LOW
Frederick Krishna,6,1,0,1,1,0,0.0,LOW
Warda Sarna,6,1,0,1,1,0,0.0,LOW
Nilima Chatterjee,6,1,0,1,1,0,0.0,LOW
Gautam Kota,6,1,0,1,1,0,0.0,LOW
Ekbal Ravi,6,1,0,1,1,0,0.0,LOW
Aradhana Chokshi,6,1,0,1,1,0,0.0,LOW
Dalbir Panchal,6,1,0,1,1,0,0.0,LOW
Ikbal Sathe,6,1,0,1,1,0,0.0,LOW
Unnati Ram,6,1,0,1,1,0,0.0,LOW
Vamakshi Shan,6,1,0,1,1,0,0.0,LOW
Balvan Deep,6,1,0,1,1,0,0.0,LOW
Daniel Boase,6,1,0,1,1,0,0.0,LOW
Qadim Dixit,6,1,0,1,1,0,0.0,LOW
Krisha Sastry,6,1,0,1,1,0,0.0,LOW
Samesh Gour,6,1,0,1,1,0,0.0,LOW
Darika Raj,6,1,0,1,1,0,0.0,LOW
Wriddhish Kapur,6,1,0,1,1,0,0.0,LOW
Sarthak Sane,6,1,0,1,1,0,0.0,LOW
Abhiram Bhasin,6,1,0,1,1,0,0.0,LOW
Tripti Khurana,6,1,0,1,1,0,0.0,LOW
Girish Sodhi,6,1,0,1,1,0,0.0,LOW
Vasudha Khanna,6,1,0,1,1,0,0.0,LOW
Viraj Gera,6,1,0,1,1,0,0.0,LOW
Tanay Kadakia,6,1,0,1,1,0,0.0,LOW
Balendra Memon,6,1,0,1,1,0,0.0,LOW
Ronith Hayer,6,1,0,1,1,0,0.0,LOW
Yashoda Dhar,6,1,0,1,1,0,0.0,LOW
Raghav Chahal,6,1,0,1,1,0,0.0,LOW
Zaitra Solanki,6,1,0,1,1,0,0.0,LOW
Bimala Dyal,6,1,0,1,1,0,0.0,LOW
Rajeshri Chaudhary,6,1,0,1,1,0,0.0,LOW
Daksh Sur,6,1,0,1,1,0,0.0,LOW
Rachit Sarkar,6,1,0,1,1,0,0.0,LOW
Tanveer Chandra,6,1,0,1,1,0,0.0,LOW
Vrishti Patel,6,1,0,1,1,0,0.0,LOW
Chavvi Gola,6,1,0,1,1,0,0.0,LOW
Yuvraj Patil,6,1,0,1,1,0,0.0,LOW
Arjun Kothari,6,1,0,1,1,0,0.0,LOW
Gavin Tella,6,1,0,1,1,0,0.0,LOW
Lohit Misra,6,1,0,1,1,0,0.0,LOW
Omisha Contractor,6,1,0,1,1,0,0.0,LOW
Robert Mangal,6,1,0,1,1,0,0.0,LOW
Radhika Kaur,6,1,0,1,1,0,0.0,LOW
Gautami Verma,6,1,0,1,1,0,0.0,LOW
Harini Bhalla,6,1,0,1,1,0,0.0,LOW
Bina Lanka,6,1,0,1,1,0,0.0,LOW
Ubika Dixit,6,1,0,1,1,0,0.0,LOW
Neelima Bath,6,1,0,1,1,0,0.0,LOW
Dalaja Viswanathan,6,1,0,1,1,0,0.0,LOW
Owen Chana,6,1,0,1,1,0,0.0,LOW
Xalak Chhabra,6,1,0,1,1,0,0.0,LOW
Laban Prakash,6,1,0,1,1,0,0.0,LOW
Darsh Pai,6,1,0,1,1,0,0.0,LOW
Udant Mangal,6,1,0,1,1,0,0.0,LOW
Bakhshi Choudhury,6,1,0,1,1,0,0.0,LOW
Aditya Pall,6,1,0,1,1,0,0.0,LOW
Kamya Baral,6,1,0,1,1,0,0.0,LOW
Chaitaly Bains,6,1,0,1,1,0,0.0,LOW
Jagdish Chauhan,6,1,0,1,1,0,0.0,LOW
Timothy Reddy,6,1,0,1,1,0,0.0,LOW
Qushi Dhawan,6,1,0,1,1,0,0.0,LOW
Elijah Mital,6,1,0,1,1,0,0.0,LOW
Chaitaly Shanker,6,1,0,1,1,0,0.0,LOW
Chaitanya Pal,6,1,0,1,1,0,0.0,LOW
Simon D’Alia,6,1,0,1,1,0,0.0,LOW
Abha Parmar,6,1,0,1,1,0,0.0,LOW
Krishna Sengupta,6,1,0,1,1,0,0.0,LOW
Imaran Kadakia,6,1,0,1,1,0,0.0,LOW
Falan Narayan,6,1,0,1,1,0,0.0,LOW
Jeet Seshadri,6,1,0,1,1,0,0.0,LOW
Warinder Chaudhari,6,1,0,1,1,0,0.0,LOW
Prisha Ahuja,6,1,0,1,1,0,0.0,LOW
Sai Bala,6,1,0,1,1,0,0.0,LOW
Girish Jha,6,1,0,1,1,0,0.0,LOW
Amaira Lanka,6,1,0,1,1,0,0.0,LOW
Anusha Pandit,6,1,0,1,1,0,0.0,LOW
Dhriti Kibe,6,1,0,1,1,0,0.0,LOW
Leena Dora,6,1,0,1,1,0,0.0,LOW
Charles Chakraborty,6,1,0,1,1,0,0.0,LOW
Forum Contractor,6,1,0,1,1,0,0.0,LOW
Rohan Dutta,6,1,0,1,1,0,0.0,LOW
Vasana Mane,6,1,0,1,1,0,0.0,LOW
Vinaya Parekh,6,1,0,1,1,0,0.0,LOW
Mohammed Shah,6,1,0,1,1,0,0.0,LOW
Dalaja Tak,6,1,0,1,1,0,0.0,LOW
Aayush Basu,6,1,0,1,1,0,0.0,LOW
Watika Kala,6,1,0,1,1,0,0.0,LOW
Anirudh Sunder,6,1,0,1,1,0,0.0,LOW
Ekavir Dara,6,1,0,1,1,0,0.0,LOW
Ojasvi Keer,6,1,0,1,1,0,0.0,LOW
Gabriel Gaba,6,1,0,1,1,0,0.0,LOW
Akshay Acharya,6,1,0,1,1,0,0.0,LOW
Ati Jani,6,1,0,1,1,0,0.0,LOW
Lipika Palla,6,1,0,1,1,0,0.0,LOW
Praneel Ghosh,6,1,0,1,1,0,0.0,LOW
Eta Vohra,6,1,0,1,1,0,0.0,LOW
Hema Dada,6,1,0,1,1,0,0.0,LOW
Onkar Luthra,6,1,0,1,1,0,0.0,LOW
Bhavna Lalla,6,1,0,1,1,0,0.0,LOW
Jagvi Bansal,6,1,0,1,1,0,0.0,LOW
Samaksh Bora,6,1,0,1,1,0,0.0,LOW
Yahvi Goyal,6,1,0,1,1,0,0.0,LOW
Edhitha Kapadia,6,1,0,1,1,0,0.0,LOW
Wridesh Natt,6,1,0,1,1,0,0.0,LOW
Hamsini Bala,6,1,0,1,1,0,0.0,LOW
Frado Ramakrishnan,6,1,0,1,1,0,0.0,LOW
Charvi Reddy,6,1,0,1,1,0,0.0,LOW
Yashica Reddy,6,1,0,1,1,0,0.0,LOW
Libni Halder,6,1,0,1,1,0,0.0,LOW
Darpan Sani,6,1,0,1,1,0,0.0,LOW
Chavvi Murthy,6,1,0,1,1,0,0.0,LOW
Yashica Raval,6,1,0,1,1,0,0.0,LOW
Ekavir Sabharwal,6,1,0,1,1,0,0.0,LOW
Nicholas Sandhu,6,1,0,1,1,0,0.0,LOW
Pushti Sundaram,6,1,0,1,1,0,0.0,LOW
Jeremiah Sen,6,1,0,1,1,0,0.0,LOW
Kala Nanda,6,1,0,1,1,0,0.0,LOW
Azad Oommen,6,1,0,1,1,0,0.0,LOW
Triveni Ganesan,6,1,0,1,1,0,0.0,LOW
Quincy Mitra,6,1,0,1,1,0,0.0,LOW
Tamanna Ratta,6,1,0,1,1,0,0.0,LOW
Fariq Bhandari,6,1,0,1,1,0,0.0,LOW
Deepa Natt,6,1,0,1,1,0,0.0,LOW
Girik Dhingra,6,1,0,1,1,0,0.0,LOW
Saumya Brar,6,1,0,1,1,0,0.0,LOW
Charvi Nigam,6,1,0,1,1,0,0.0,LOW
Aahana Cheema,6,1,0,1,1,0,0.0,LOW
Max Iyer,6,1,0,1,1,0,0.0,LOW
Bishakha Sarna,6,1,0,1,1,0,0.0,LOW
Rachit Behl,6,1,0,1,1,0,0.0,LOW
Girindra Dhaliwal,6,1,0,1,1,0,0.0,LOW
Ekanta Loke,6,1,0,1,1,0,0.0,LOW
Nilima Nagi,6,1,0,1,1,0,0.0,LOW
Teerth Comar,6,1,0,1,1,0,0.0,LOW
Yashvi Reddy,6,1,0,1,1,0,0.0,LOW
Kabir Natt,6,1,0,1,1,0,0.0,LOW
Dhruv Malhotra,6,1,0,1,1,0,0.0,LOW
Jack Sood,6,1,0,1,1,0,0.0,LOW
Hemani Chhabra,6,1,0,1,1,0,0.0,LOW
Warinder Mangat,6,1,0,1,1,0,0.0,LOW
Wriddhish Badal,6,1,0,1,1,0,0.0,LOW
Dev Saran,6,1,0,1,1,0,0.0,LOW
Forum Thakur,6,1,0,1,1,0,0.0,LOW
Urvashi Subramaniam,6,1,0,1,1,0,0.0,LOW
Edhitha Khalsa,6,1,0,1,1,0,0.0,LOW
Samuel Jaggi,6,1,0,1,1,0,0.0,LOW
Abhiram Gandhi,6,1,0,1,1,0,0.0,LOW
Ethan Kapoor,6,1,0,1,1,0,0.0,LOW
Eshana Shankar,6,1,0,1,1,0,0.0,LOW
Warjas Rao,6,1,0,1,1,0,0.0,LOW
Chaitaly Batta,6,1,0,1,1,0,0.0,LOW
Akshay Bumb,6,1,0,1,1,0,0.0,LOW
Krisha Grover,6,1,0,1,1,0,0.0,LOW
Henry Saran,6,1,0,1,1,0,0.0,LOW
Tanveer Ganesan,6,1,0,1,1,0,0.0,LOW
Arya Sabharwal,6,1,0,1,1,0,0.0,LOW
Libni Mannan,6,1,0,1,1,0,0.0,LOW
Daksh Loke,6,1,0,1,1,0,0.0,LOW
Ikshita Comar,6,1,0,1,1,0,0.0,LOW
Zansi Keer,6,1,0,1,1,0,0.0,LOW
Jhalak Lanka,6,1,0,1,1,0,0.0,LOW
Gayathri Ravi,6,1,0,1,1,0,0.0,LOW
Rishi Chaudhuri,6,1,0,1,1,0,0.0,LOW
Nitesh Kari,6,1,0,1,1,0,0.0,LOW
Gavin Dube,6,1,0,1,1,0,0.0,LOW
Divya Ratti,6,1,0,1,1,0,0.0,LOW
Manan Mangat,6,1,0,1,1,0,0.0,LOW
Dalbir Sathe,6,1,0,1,1,0,0.0,LOW
Waida Parikh,6,1,0,1,1,0,0.0,LOW
Luke Varghese,6,1,0,1,1,0,0.0,LOW
Panini Chaudhuri,6,1,0,1,1,0,0.0,LOW
Zansi Dhar,6,1,0,1,1,0,0.0,LOW
Omkaar Sani,6,1,0,1,1,0,0.0,LOW
Brijesh Balakrishnan,6,1,0,1,1,0,0.0,LOW
Vasana Doctor,6,1,0,1,1,0,0.0,LOW
Osha Nanda,6,1,0,1,1,0,0.0,LOW
Raagini Chander,6,1,0,1,1,0,0.0,LOW
Upkaar Pal,6,1,0,1,1,0,0.0,LOW
Krishna Chaudhari,6,1,0,1,1,0,0.0,LOW
Qabil Pandey,6,1,0,1,1,0,0.0,LOW
Samarth Singh,6,1,0,1,1,0,0.0,LOW
Faras Venkatesh,6,1,0,1,1,0,0.0,LOW
Rushil Randhawa,6,1,0,1,1,0,0.0,LOW
Aishani Dube,6,1,0,1,1,0,0.0,LOW
Oeshi Gala,6,1,0,1,1,0,0.0,LOW
Chameli Tandon,6,1,0,1,1,0,0.0,LOW
Pranit Dubey,6,1,0,1,1,0,0.0,LOW
Chavvi Sekhon,6,1,0,1,1,0,0.0,LOW
Charles More,6,1,0,1,1,0,0.0,LOW
Vasatika Bakshi,6,1,0,1,1,0,0.0,LOW
Divya Sekhon,6,1,0,1,1,0,0.0,LOW
Atharv Savant,6,1,0,1,1,0,0.0,LOW
Omkaar Kadakia,6,1,0,1,1,0,0.0,LOW
Maanav Sathe,6,1,0,1,1,0,0.0,LOW
Radha Dhar,6,1,0,1,1,0,0.0,LOW
Ekta Iyer,6,1,0,1,1,0,0.0,LOW
Aayush Ratta,6,1,0,1,1,0,0.0,LOW
Upma Chad,6,1,0,1,1,0,0.0,LOW
Simon Pandya,6,1,0,1,1,0,0.0,LOW
Lekha Sen,6,1,0,1,1,0,0.0,LOW
Balvan Balan,6,1,0,1,1,0,0.0,LOW
Peter Ganesh,6,1,0,1,1,0,0.0,LOW
Ucchal Sarna,6,1,0,1,1,0,0.0,LOW
Veda Shenoy,6,1,0,1,1,0,0.0,LOW
Kai Banerjee,6,1,0,1,1,0,0.0,LOW
Parth Datta,6,1,0,1,1,0,0.0,LOW
Saumya Ghosh,6,1,0,1,1,0,0.0,LOW
Diya Sen,6,1,0,1,1,0,0.0,LOW
Nandini Thakur,6,1,0,1,1,0,0.0,LOW
Hamsini Bajaj,6,1,0,1,1,0,0.0,LOW
Luke Bhalla,6,1,0,1,1,0,0.0,LOW
Hredhaan Sarkar,6,1,0,1,1,0,0.0,LOW
Ekaraj Gupta,6,1,0,1,1,0,0.0,LOW
Nitesh Wable,6,1,0,1,1,0,0.0,LOW
Peter Wali,6,1,0,1,1,0,0.0,LOW
Benjamin Dubey,6,1,0,1,1,0,0.0,LOW
Chavvi Sridhar,6,1,0,1,1,0,0.0,LOW
Tara Barad,6,1,0,1,1,0,0.0,LOW
Abhimanyu Dara,6,1,0,1,1,0,0.0,LOW
Aryan Nori,6,1,0,1,1,0,0.0,LOW
Chanakya Bal,6,1,0,1,1,0,0.0,LOW
Ronith Ramachandran,6,1,0,1,1,0,0.0,LOW
William Hegde,6,1,0,1,1,0,0.0,LOW
Hiral Ramaswamy,6,1,0,1,1,0,0.0,LOW
Lipika Dua,6,1,0,1,1,0,0.0,LOW
Eiravati Chopra,6,1,0,1,1,0,0.0,LOW
Indira Malhotra,6,1,0,1,1,0,0.0,LOW
Pranit Chandra,6,1,0,1,1,0,0.0,LOW
Robert Bhargava,6,1,0,1,1,0,0.0,LOW
Viraj Dhaliwal,6,1,0,1,1,0,0.0,LOW
Adweta Contractor,6,1,0,1,1,0,0.0,LOW
Oeshi Chowdhury,6,1,0,1,1,0,0.0,LOW
Chaaya Divan,6,1,0,1,1,0,0.0,LOW
Gautam Master,6,1,0,1,1,0,0.0,LOW
Balvan Sethi,6,1,0,1,1,0,0.0,LOW
Pushti Kara,6,1,0,1,1,0,0.0,LOW
Lakshit Ghose,6,1,0,1,1,0,0.0,LOW
Lavanya Bhattacharyya,6,1,0,1,1,0,0.0,LOW
Mohammed Kade,6,1,0,1,1,0,0.0,LOW
Hritik Pandya,6,1,0,1,1,0,0.0,LOW
Amaira Kumar,6,1,0,1,1,0,0.0,LOW
Amruta Sangha,6,1,0,1,1,0,0.0,LOW
Amruta Arya,6,1,0,1,1,0,0.0,LOW
Saanvi Hayre,6,1,0,1,1,0,0.0,LOW
Pratyush Menon,6,1,0,1,1,0,0.0,LOW
Nathaniel Hayer,6,1,0,1,1,0,0.0,LOW
Warda Varughese,6,1,0,1,1,0,0.0,LOW
Avni Pall,6,1,0,1,1,0,0.0,LOW
Yashica Khanna,6,1,0,1,1,0,0.0,LOW
Finn Manda,6,1,0,1,1,0,0.0,LOW
Abeer Kamdar,6,1,0,1,1,0,0.0,LOW
Charvi Raghavan,6,1,0,1,1,0,0.0,LOW
Krishna Grewal,6,1,0,1,1,0,0.0,LOW
Jeet Nagar,6,1,0,1,1,0,0.0,LOW
Hema Lata,6,1,0,1,1,0,0.0,LOW
Jonathan Palla,6,1,0,1,1,0,0.0,LOW
Jairaj Sankar,6,1,0,1,1,0,0.0,LOW
Jyoti Raju,6,1,0,1,1,0,0.0,LOW
Warda Srinivas,6,1,0,1,1,0,0.0,LOW
Ishaan Krishnan,6,1,0,1,1,0,0.0,LOW
Rachana Badami,6,1,0,1,1,0,0.0,LOW
Faras Madan,6,1,0,1,1,0,0.0,LOW
Bachittar Purohit,6,1,0,1,1,0,0.0,LOW
Ekalinga Ratti,6,1,0,1,1,0,0.0,LOW
Janani Batra,6,1,0,1,1,0,0.0,LOW
Watika Aggarwal,6,1,0,1,1,0,0.0,LOW
Ranbir Dube,6,1,0,1,1,0,0.0,LOW
Aarnav Kalla,6,1,0,1,1,0,0.0,LOW
Ethan Dutt,6,1,0,1,1,0,0.0,LOW
Amrita Singhal,6,1,0,1,1,0,0.0,LOW
Kai Ranganathan,6,1,0,1,1,0,0.0,LOW
Arin Sen,6,1,0,1,1,0,0.0,LOW
Peter Kara,6,1,0,1,1,0,0.0,LOW
Frado Loke,6,1,0,1,1,0,0.0,LOW
Girish Nagarajan,6,1,0,1,1,0,0.0,LOW
Hiral Din,6,1,0,1,1,0,0.0,LOW
Fitan Sarraf,6,1,0,1,1,0,0.0,LOW
Matthew Deshpande,6,1,0,1,1,0,0.0,LOW
Luke Joshi,6,1,0,1,1,0,0.0,LOW
Triya Viswanathan,6,1,0,1,1,0,0.0,LOW
Anirudh Bhattacharyya,6,1,0,1,1,0,0.0,LOW
Theodore Hayre,6,1,0,1,1,0,0.0,LOW
Ekbal Toor,6,1,0,1,1,0,0.0,LOW
Onveer Mohanty,6,1,0,1,1,0,0.0,LOW
Liam Madan,6,1,0,1,1,0,0.0,LOW
Vrinda Bhasin,6,1,0,1,1,0,0.0,LOW
Jeevika Basak,6,1,0,1,1,0,0.0,LOW
Osha Agarwal,6,1,0,1,1,0,0.0,LOW
Yashica Gulati,6,1,0,1,1,0,0.0,LOW
Kalpit Dhar,6,1,0,1,1,0,0.0,LOW
Siddharth Sharaf,6,1,0,1,1,0,0.0,LOW
Chaitanya Badami,6,1,0,1,1,0,0.0,LOW
Chanchal Mishra,6,1,0,1,1,0,0.0,LOW
Chakradev Mallick,6,1,0,1,1,0,0.0,LOW
Manbir Gulati,6,1,0,1,1,0,0.0,LOW
Ira Rajan,6,1,0,1,1,0,0.0,LOW
Nidra Ghose,6,1,0,1,1,0,0.0,LOW
Onveer Issac,6,1,0,1,1,0,0.0,LOW
Udant Kota,6,1,0,1,1,0,0.0,LOW
Jyoti Devi,6,1,0,1,1,0,0.0,LOW
Hitesh Ahluwalia,6,1,0,1,1,0,0.0,LOW
Ishaan Chakrabarti,6,1,0,1,1,0,0.0,LOW
Raagini Misra,6,1,0,1,1,0,0.0,LOW
Anirudh Sankaran,6,1,0,1,1,0,0.0,LOW
Mason Nayak,6,1,0,1,1,0,0.0,LOW
Gagan Johal,6,1,0,1,1,0,0.0,LOW
Sanya Gandhi,6,1,0,1,1,0,0.0,LOW
Krisha Chandra,6,1,0,1,1,0,0.0,LOW
Kabir Badal,6,1,0,1,1,0,0.0,LOW
Fitan Solanki,6,1,0,1,1,0,0.0,LOW
Aahana Lal,6,1,0,1,1,0,0.0,LOW
Eiravati Maharaj,6,1,0,1,1,0,0.0,LOW
Mekhala Balakrishnan,6,1,0,1,1,0,0.0,LOW
Saumya Cheema,6,1,0,1,1,0,0.0,LOW
Warhi Sur,6,1,0,1,1,0,0.0,LOW
Wishi Seth,6,1,0,1,1,0,0.0,LOW
Netra Sanghvi,6,1,0,1,1,0,0.0,LOW
Hiral Khatri,6,1,0,1,1,0,0.0,LOW
Michael Thaker,6,1,0,1,1,0,0.0,LOW
Zehaan Anand,6,1,0,1,1,0,0.0,LOW
Theodore Chakraborty,6,1,0,1,1,0,0.0,LOW
Champak Deep,6,1,0,1,1,0,0.0,LOW
Rohan Thaker,6,1,0,1,1,0,0.0,LOW
Kai Devi,6,1,0,1,1,0,0.0,LOW
Mason Dhawan,6,1,0,1,1,0,0.0,LOW
Ayushman Parikh,6,1,0,1,1,0,0.0,LOW
Manan Bhandari,6,1,0,1,1,0,0.0,LOW
Aryan Bhatt,6,1,0,1,1,0,0.0,LOW
Yagnesh Patla,6,1,0,1,1,0,0.0,LOW
Nathaniel Kunda,6,1,0,1,1,0,0.0,LOW
Warda Lad,6,1,0,1,1,0,0.0,LOW
Jagvi Tripathi,6,1,0,1,1,0,0.0,LOW
Gautami Chada,6,1,0,1,1,0,0.0,LOW
Dipta Subramanian,6,1,0,1,1,0,0.0,LOW
Eiravati Choudhury,6,1,0,1,1,0,0.0,LOW
Yadavi Bali,6,1,0,1,1,0,0.0,LOW
Samuel Chaudhary,6,1,0,1,1,0,0.0,LOW
Rachana Barad,6,1,0,1,1,0,0.0,LOW
Daniel Karnik,6,1,0,1,1,0,0.0,LOW
Peter More,6,1,0,1,1,0,0.0,LOW
Unni Kaul,6,1,0,1,1,0,0.0,LOW
Siddharth Cherian,6,1,0,1,1,0,0.0,LOW
Aayush Nair,6,1,0,1,1,0,0.0,LOW
Rayaan Sidhu,6,1,0,1,1,0,0.0,LOW
Janani Sethi,6,1,0,1,1,0,0.0,LOW
Zilmil Bansal,6,1,0,1,1,0,0.0,LOW
Pooja Kashyap,6,1,0,1,1,0,0.0,LOW
Jeevika Chawla,6,1,0,1,1,0,0.0,LOW
Vincent Dugar,6,1,0,1,1,0,0.0,LOW
Azaan Sagar,6,1,0,1,1,0,0.0,LOW
Lipika Shah,6,1,0,1,1,0,0.0,LOW
Hamsini Lalla,6,1,0,1,1,0,0.0,LOW
Avi Dey,6,1,0,1,1,0,0.0,LOW
Agastya Kari,6,1,0,1,1,0,0.0,LOW
Frederick Krishnan,6,1,0,1,1,0,0.0,LOW
Sanaya Bassi,6,1,0,1,1,0,0.0,LOW
Henry Sandhu,6,1,0,1,1,0,0.0,LOW
Indali Sha,6,1,0,1,1,0,0.0,LOW
Yash Singh,6,1,0,1,1,0,0.0,LOW
Omya Rajagopal,6,1,0,1,1,0,0.0,LOW
Niharika Vig,6,1,0,1,1,0,0.0,LOW
Rachita Sankaran,6,1,0,1,1,0,0.0,LOW
Samaksh Parekh,6,1,0,1,1,0,0.0,LOW
Kashvi Ramesh,6,1,0,1,1,0,0.0,LOW
Sara Chaudhari,6,1,0,1,1,0,0.0,LOW
Fariq Goswami,6,1,0,1,1,0,0.0,LOW
Daksh Ratta,6,1,0,1,1,0,0.0,LOW
Meera Patil,6,1,0,1,1,0,0.0,LOW
Ekaraj Taneja,6,1,0,1,1,0,0.0,LOW
Aahana Choudhary,6,1,0,1,1,0,0.0,LOW
Wazir Chowdhury,6,1,0,1,1,0,0.0,LOW
Nikita Bhargava,6,1,0,1,1,0,0.0,LOW
Michael Sodhi,6,1,0,1,1,0,0.0,LOW
Max Pathak,6,1,0,1,1,0,0.0,LOW
Hemani Chand,6,1,0,1,1,0,0.0,LOW
Yagnesh Prakash,6,1,0,1,1,0,0.0,LOW
Veer Modi,6,1,0,1,1,0,0.0,LOW
Nakul Mane,6,1,0,1,1,0,0.0,LOW
Chandran Divan,6,1,0,1,1,0,0.0,LOW
Andrew Sathe,6,1,0,1,1,0,0.0,LOW
Upadhriti Deep,6,1,0,1,1,0,0.0,LOW
Kiaan Tripathi,6,1,0,1,1,0,0.0,LOW
Jatin Sethi,6,1,0,1,1,0,0.0,LOW
Lakshit Karnik,6,1,0,1,1,0,0.0,LOW
Ekiya Raval,6,1,0,1,1,0,0.0,LOW
Ekalinga Char,6,1,0,1,1,0,0.0,LOW
Vidhi Dalal,6,1,0,1,1,0,0.0,LOW
Watika Sahota,6,1,0,1,1,0,0.0,LOW
Faqid Solanki,6,1,0,1,1,0,0.0,LOW
Manan Tara,6,1,0,1,1,0,0.0,LOW
Aradhana Shenoy,6,1,0,1,1,0,0.0,LOW
Idika Bail,6,1,0,1,1,0,0.0,LOW
Vrinda Deep,6,1,0,1,1,0,0.0,LOW
Ganga Bains,6,1,0,1,1,0,0.0,LOW
Aishani Butala,6,1,0,1,1,0,0.0,LOW
Yashoda Padmanabhan,6,1,0,1,1,0,0.0,LOW
Aryan Pandit,6,1,0,1,1,0,0.0,LOW
Hema Som,6,1,0,1,1,0,0.0,LOW
Daksha Chaudry,6,1,0,1,1,0,0.0,LOW
Saksham Sharaf,6,1,0,1,1,0,0.0,LOW
Elijah Cherian,6,1,0,1,1,0,0.0,LOW
Akshay Zachariah,6,1,0,1,1,0,0.0,LOW
Nisha Ravi,6,1,0,1,1,0,0.0,LOW
Naksh Varughese,6,1,0,1,1,0,0.0,LOW
Chakradev Pall,6,1,0,1,1,0,0.0,LOW
Robert Prabhu,6,1,0,1,1,0,0.0,LOW
Ishani Chanda,6,1,0,1,1,0,0.0,LOW
Anvi Shroff,6,1,0,1,1,0,0.0,LOW
Azaan Dayal,6,1,0,1,1,0,0.0,LOW
Warda Palla,6,1,0,1,1,0,0.0,LOW
Vrishti Subramanian,6,1,0,1,1,0,0.0,LOW
Atharv Bhatt,6,1,0,1,1,0,0.0,LOW
Tristan Patil,6,1,0,1,1,0,0.0,LOW
Azaan Samra,6,1,0,1,1,0,0.0,LOW
Balvan Bava,6,1,0,1,1,0,0.0,LOW
Nachiket Nadig,6,1,0,1,1,0,0.0,LOW
Chakradhar Patel,6,1,0,1,1,0,0.0,LOW
Kabir Saxena,6,1,0,1,1,0,0.0,LOW
Umang Prashad,6,1,0,1,1,0,0.0,LOW
Edhitha Dubey,6,1,0,1,1,0,0.0,LOW
Oeshi Nazareth,6,1,0,1,1,0,0.0,LOW
Finn Seshadri,6,1,0,1,1,0,0.0,LOW
Gagan Narasimhan,6,1,0,1,1,0,0.0,LOW
Qabil Mann,6,1,0,1,1,0,0.0,LOW
Yashvi Bumb,6,1,0,1,1,0,0.0,LOW
Manthan Kadakia,6,1,0,1,1,0,0.0,LOW
Gauri Om,6,1,0,1,1,0,0.0,LOW
Aarna Tailor,6,1,0,1,1,0,0.0,LOW
Bahadurjit Bassi,6,1,0,1,1,0,0.0,LOW
Pushti Singhal,6,1,0,1,1,0,0.0,LOW
Ayaan Kashyap,6,1,0,1,1,0,0.0,LOW
Damini Loke,6,1,0,1,1,0,0.0,LOW
David Bath,6,1,0,1,1,0,0.0,LOW
Lucky Rege,6,1,0,1,1,0,0.0,LOW
Daniel Kadakia,6,1,0,1,1,0,0.0,LOW
Nitara Nanda,6,1,0,1,1,0,0.0,LOW
Omaja Dave,6,1,0,1,1,0,0.0,LOW
Gopal Kale,6,1,0,1,1,0,0.0,LOW
Tanveer Sarkar,6,1,0,1,1,0,0.0,LOW
Libni Narain,6,1,0,1,1,0,0.0,LOW
Kavya Kapur,6,1,0,1,1,0,0.0,LOW
Akshay Sachdev,6,1,0,1,1,0,0.0,LOW
Ati Upadhyay,6,1,0,1,1,0,0.0,LOW
Finn Arora,6,1,0,1,1,0,0.0,LOW
Krish Warrior,6,1,0,1,1,0,0.0,LOW
Upadhriti Khare,6,1,0,1,1,0,0.0,LOW
Akshay Sabharwal,6,1,0,1,1,0,0.0,LOW
Charvi Seshadri,6,1,0,1,1,0,0.0,LOW
Jack Chander,6,1,0,1,1,0,0.0,LOW
Krisha Narayan,6,1,0,1,1,0,0.0,LOW
Indira Loke,6,1,0,1,1,0,0.0,LOW
Shivansh Sundaram,6,1,0,1,1,0,0.0,LOW
Girindra Anne,6,1,0,1,1,0,0.0,LOW
Owen Mody,6,1,0,1,1,0,0.0,LOW
Gunbir Nazareth,6,1,0,1,1,0,0.0,LOW
Falan Sanghvi,6,1,0,1,1,0,0.0,LOW
Eesha Grewal,6,1,0,1,1,0,0.0,LOW
Ganga Borra,6,1,0,1,1,0,0.0,LOW
Charles Goel,6,1,0,1,1,0,0.0,LOW
Jagvi Chopra,6,1,0,1,1,0,0.0,LOW
Frederick Ramakrishnan,6,1,0,1,1,0,0.0,LOW
Jeremiah Singhal,6,1,0,1,1,0,0.0,LOW
Janani Gade,6,1,0,1,1,0,0.0,LOW
Tamanna Sankar,6,1,0,1,1,0,0.0,LOW
Omaja Menon,6,1,0,1,1,0,0.0,LOW
Faris Date,6,1,0,1,1,0,0.0,LOW
Damyanti Bava,6,1,0,1,1,0,0.0,LOW
Rayaan Uppal,6,1,0,1,1,0,0.0,LOW
Gaurang Pandey,6,1,0,1,1,0,0.0,LOW
Yachana Rana,6,1,0,1,1,0,0.0,LOW
Ansh Nayak,6,1,0,1,1,0,0.0,LOW
Fariq Sankaran,6,1,0,1,1,0,0.0,LOW
Amrita Lad,6,1,0,1,1,0,0.0,LOW
Alka Jani,6,1,0,1,1,0,0.0,LOW
Dominic Kuruvilla,6,1,0,1,1,0,0.0,LOW
Samaksh Ghose,6,1,0,1,1,0,0.0,LOW
Advika Kaul,6,1,0,1,1,0,0.0,LOW
Victor Nazareth,6,1,0,1,1,0,0.0,LOW
Anmol Seshadri,6,1,0,1,1,0,0.0,LOW
Mahika Prabhu,6,1,0,1,1,0,0.0,LOW
Mugdha Kala,6,1,0,1,1,0,0.0,LOW
Zashil Deshmukh,6,1,0,1,1,0,0.0,LOW
Triya Vala,6,1,0,1,1,0,0.0,LOW
Aarna Jani,6,1,0,1,1,0,0.0,LOW
Yuvraj Ratta,6,1,0,1,1,0,0.0,LOW
Timothy Banik,6,1,0,1,1,0,0.0,LOW
Dominic Desai,6,1,0,1,1,0,0.0,LOW
Chaitanya Rana,6,1,0,1,1,0,0.0,LOW
Hiral Parekh,6,1,0,1,1,0,0.0,LOW
Azaan Amble,6,1,0,1,1,0,0.0,LOW
Jeet Dey,6,1,0,1,1,0,0.0,LOW
Lakshmi Subramanian,6,1,0,1,1,0,0.0,LOW
Alexander Hari,6,1,0,1,1,0,0.0,LOW
Neha Kuruvilla,6,1,0,1,1,0,0.0,LOW
Imaran Krishnan,6,1,0,1,1,0,0.0,LOW
Wridesh Pau,6,1,0,1,1,0,0.0,LOW
Michael Johal,6,1,0,1,1,0,0.0,LOW
Neel Gole,6,1,0,1,1,0,0.0,LOW
Gavin Gupta,6,1,0,1,1,0,0.0,LOW
Saumya Peri,6,1,0,1,1,0,0.0,LOW
Lakshit Batra,6,1,0,1,1,0,0.0,LOW
Ucchal Rout,6,1,0,1,1,0,0.0,LOW
Finn Kari,6,1,0,1,1,0,0.0,LOW
Sachi Chaudhuri,6,1,0,1,1,0,0.0,LOW
Netra Nagarajan,6,1,0,1,1,0,0.0,LOW
Geetika Bhattacharyya,6,1,0,1,1,0,0.0,LOW
Dev Dutt,6,1,0,1,1,0,0.0,LOW
Akshay Madan,6,1,0,1,1,0,0.0,LOW
Raagini Nadig,6,1,0,1,1,0,0.0,LOW
Warda Wali,6,1,0,1,1,0,0.0,LOW
Anya Saini,6,1,0,1,1,0,0.0,LOW
Priya Samra,6,1,0,1,1,0,0.0,LOW
Pranav Palla,6,1,0,1,1,0,0.0,LOW
Ekalinga Kannan,6,1,0,1,1,0,0.0,LOW
Libni Ram,6,1,0,1,1,0,0.0,LOW
Daniel Ranganathan,6,1,0,1,1,0,0.0,LOW
Anita Bhakta,6,1,0,1,1,0,0.0,LOW
Madhavi Ben,6,1,0,1,1,0,0.0,LOW
Tanmayi Ganesan,6,1,0,1,1,0,0.0,LOW
Agastya Nagar,6,1,0,1,1,0,0.0,LOW
Atharv Mitter,6,1,0,1,1,0,0.0,LOW
Lucky Mistry,6,1,0,1,1,0,0.0,LOW
Advik Jhaveri,6,1,0,1,1,0,0.0,LOW
Yashawini Vaidya,6,1,0,1,1,0,0.0,LOW
Naksh Yohannan,6,1,0,1,1,0,0.0,LOW
Wahab Khurana,6,1,0,1,1,0,0.0,LOW
Nandini Gala,6,1,0,1,1,0,0.0,LOW
Irya Vasa,6,1,0,1,1,0,0.0,LOW
Vedhika Shenoy,6,1,0,1,1,0,0.0,LOW
Ekanta Thakur,6,1,0,1,1,0,0.0,LOW
Timothy Chaudry,6,1,0,1,1,0,0.0,LOW
Aditya Oommen,6,1,0,1,1,0,0.0,LOW
Wazir Khatri,6,1,0,1,1,0,0.0,LOW
Ikshita Nadkarni,6,1,0,1,1,0,0.0,LOW
Nicholas Choudhry,6,1,0,1,1,0,0.0,LOW
Andrew Thaker,6,1,0,1,1,0,0.0,LOW
Alexander Gala,6,1,0,1,1,0,0.0,LOW
Siya Ramaswamy,6,1,0,1,1,0,0.0,LOW
Irya Buch,6,1,0,1,1,0,0.0,LOW
Amaira Chad,6,1,0,1,1,0,0.0,LOW
Libni Mukherjee,6,1,0,1,1,0,0.0,LOW
Kiaan Bassi,6,1,0,1,1,0,0.0,LOW
Rajeshri Mody,6,1,0,1,1,0,0.0,LOW
Arya Hayer,6,1,0,1,1,0,0.0,LOW
Udyati Lanka,6,1,0,1,1,0,0.0,LOW
Deepa Narain,6,1,0,1,1,0,0.0,LOW
Manan Mitra,6,1,0,1,1,0,0.0,LOW
Rehaan Morar,6,1,0,1,1,0,0.0,LOW
Samaksh Karan,6,1,0,1,1,0,0.0,LOW
Ansh Pandit,6,1,0,1,1,0,0.0,LOW
Chanchal Mitra,6,1,0,1,1,0,0.0,LOW
Arjun Peri,6,1,0,1,1,0,0.0,LOW
Robert Wali,6,1,0,1,1,0,0.0,LOW
Idika Memon,6,1,0,1,1,0,0.0,LOW
Vinaya Sathe,6,1,0,1,1,0,0.0,LOW
Ekanta Wagle,6,1,0,1,1,0,0.0,LOW
Tarak Ghosh,6,1,0,1,1,0,0.0,LOW
Baljiwan Barad,6,1,0,1,1,0,0.0,LOW
Brijesh Sachdev,6,1,0,1,1,0,0.0,LOW
Gopal Naik,6,1,0,1,1,0,0.0,LOW
Charan Devan,6,1,0,1,1,0,0.0,LOW
Mahika Pillay,6,1,0,1,1,0,0.0,LOW
Baljiwan Arya,6,1,0,1,1,0,0.0,LOW
Urmi Kaur,6,1,0,1,1,0,0.0,LOW
Onkar Sha,6,1,0,1,1,0,0.0,LOW
Meghana Joshi,6,1,0,1,1,0,0.0,LOW
Jagrati Krishnan,6,1,0,1,1,0,0.0,LOW
Yagnesh Swaminathan,6,1,0,1,1,0,0.0,LOW
Vihaan Peri,6,1,0,1,1,0,0.0,LOW
Anthony Chana,6,1,0,1,1,0,0.0,LOW
Chanakya Mittal,6,1,0,1,1,0,0.0,LOW
Dalbir Sodhi,6,1,0,1,1,0,0.0,LOW
Chakrika Saini,6,1,0,1,1,0,0.0,LOW
Utkarsh Kapur,6,1,0,1,1,0,0.0,LOW
Ayushman Wason,6,1,0,1,1,0,0.0,LOW
Abhiram Yadav,6,1,0,1,1,0,0.0,LOW
Barkha Bail,6,1,0,1,1,0,0.0,LOW
Harshil Ramaswamy,6,1,0,1,1,0,0.0,LOW
Akshay Dhaliwal,6,1,0,1,1,0,0.0,LOW
Janaki Parikh,6,1,0,1,1,0,0.0,LOW
Chameli Naik,6,1,0,1,1,0,0.0,LOW
Geetika Kapadia,6,1,0,1,1,0,0.0,LOW
Rajata Chaudhary,6,1,0,1,1,0,0.0,LOW
Zaitra Mohanty,6,1,0,1,1,0,0.0,LOW
Manthan Gokhale,6,1,0,1,1,0,0.0,LOW
Balendra Raju,6,1,0,1,1,0,0.0,LOW
Oliver Bath,6,1,0,1,1,0,0.0,LOW
Yashodhara Kulkarni,6,1,0,1,1,0,0.0,LOW
Mason Dar,6,1,0,1,1,0,0.0,LOW
Ishani Pandit,6,1,0,1,1,0,0.0,LOW
Ekiya Guha,6,1,0,1,1,0,0.0,LOW
Panini Dani,6,1,0,1,1,0,0.0,LOW
Raksha Dugal,6,1,0,1,1,0,0.0,LOW
Sarthak Sen,6,1,0,1,1,0,0.0,LOW
Vedika Srinivasan,6,1,0,1,1,0,0.0,LOW
Kala Dalal,6,1,0,1,1,0,0.0,LOW
Jacob Bumb,6,1,0,1,1,0,0.0,LOW
Fiyaz Kaur,6,1,0,1,1,0,0.0,LOW
Shivansh Vasa,6,1,0,1,1,0,0.0,LOW
Urmi Agarwal,6,1,0,1,1,0,0.0,LOW
Nirja Madan,6,1,0,1,1,0,0.0,LOW
Krishna Nanda,6,1,0,1,1,0,0.0,LOW
Eta Bhatnagar,6,1,0,1,1,0,0.0,LOW
Jack Balakrishnan,6,1,0,1,1,0,0.0,LOW
Harrison Agarwal,6,1,0,1,1,0,0.0,LOW
Qabil Thakur,6,1,0,1,1,0,0.0,LOW
Anay Dave,6,1,0,1,1,0,0.0,LOW
Chanchal Saha,6,1,0,1,1,0,0.0,LOW
Imaran Pillay,6,1,0,1,1,0,0.0,LOW
Anirudh Oommen,6,1,0,1,1,0,0.0,LOW
Abdul Arya,6,1,0,1,1,0,0.0,LOW
Liam Munshi,6,1,0,1,1,0,0.0,LOW
Vasudha Hari,6,1,0,1,1,0,0.0,LOW
Hritik De,6,1,0,1,1,0,0.0,LOW
Balendra Raman,6,1,0,1,1,0,0.0,LOW
Hemangini Arya,6,1,0,1,1,0,0.0,LOW
Mohini Sheth,6,1,0,1,1,0,0.0,LOW
Pratyush Borde,6,1,0,1,1,0,0.0,LOW
Jagdish More,6,1,0,1,1,0,0.0,LOW
Kavya Sami,6,1,0,1,1,0,0.0,LOW
Mason Kurian,6,1,0,1,1,0,0.0,LOW
Alexander Oommen,6,1,0,1,1,0,0.0,LOW
Faraj Mander,6,1,0,1,1,0,0.0,LOW
Qushi Jaggi,6,1,0,1,1,0,0.0,LOW
Waida Rajan,6,1,0,1,1,0,0.0,LOW
Qarin Tandon,6,1,0,1,1,0,0.0,LOW
Zarna Sastry,6,1,0,1,1,0,0.0,LOW
Zaid Sharaf,6,1,0,1,1,0,0.0,LOW
Patrick Mall,6,1,0,1,1,0,0.0,LOW
Abhimanyu Kade,6,1,0,1,1,0,0.0,LOW
Urvashi Sarraf,6,1,0,1,1,0,0.0,LOW
Rajeshri Hora,6,1,0,1,1,0,0.0,LOW
Isaac Sethi,6,1,0,1,1,0,0.0,LOW
Anmol Mohan,6,1,0,1,1,0,0.0,LOW
Wyatt Mitra,6,1,0,1,1,0,0.0,LOW
Darpan Ram,6,1,0,1,1,0,0.0,LOW
Neel Sarkar,6,1,0,1,1,0,0.0,LOW
Bhanumati Shetty,6,1,0,1,1,0,0.0,LOW
Nathan Varughese,6,1,0,1,1,0,0.0,LOW
Neel Barman,6,1,0,1,1,0,0.0,LOW
Shivani Sethi,6,1,0,1,1,0,0.0,LOW
Unnati Nair,6,1,0,1,1,0,0.0,LOW
Daksha Nigam,6,1,0,1,1,0,0.0,LOW
Upkaar Vora,6,1,0,1,1,0,0.0,LOW
Pavani Sekhon,6,1,0,1,1,0,0.0,LOW
Gayathri Vala,6,1,0,1,1,0,0.0,LOW
Bhavini Varkey,6,1,0,1,1,0,0.0,LOW
Eta Saha,6,1,0,1,1,0,0.0,LOW
Eiravati Luthra,6,1,0,1,1,0,0.0,LOW
Yashawini Tiwari,6,1,0,1,1,0,0.0,LOW
Oeshi Jaggi,6,1,0,1,1,0,0.0,LOW
Bakhshi Randhawa,6,1,0,1,1,0,0.0,LOW
Arya Raman,6,1,0,1,1,0,0.0,LOW
Vidhi Manda,6,1,0,1,1,0,0.0,LOW
Bhavya Dalal,6,1,0,1,1,0,0.0,LOW
Gaurangi Mahajan,6,1,0,1,1,0,0.0,LOW
Forum Ramaswamy,6,1,0,1,1,0,0.0,LOW
Rohan Pandya,6,1,0,1,1,0,0.0,LOW
Ishanvi Baral,6,1,0,1,1,0,0.0,LOW
Janani Agarwal,6,1,0,1,1,0,0.0,LOW
Daksha Vasa,6,1,0,1,1,0,0.0,LOW
Bachittar Padmanabhan,6,1,0,1,1,0,0.0,LOW
Saanvi Chada,6,1,0,1,1,0,0.0,LOW
Libni Yadav,6,1,0,1,1,0,0.0,LOW
Pavani Sama,6,1,0,1,1,0,0.0,LOW
Samar Chaudhary,6,1,0,1,1,0,0.0,LOW
Onkar Ranganathan,6,1,0,1,1,0,0.0,LOW
Rachita Ramachandran,6,1,0,1,1,0,0.0,LOW
Bhavini Chowdhury,6,1,0,1,1,0,0.0,LOW
Harinakshi Dugar,6,1,0,1,1,0,0.0,LOW
Ekanta Peri,6,1,0,1,1,0,0.0,LOW
Urvi Dass,6,1,0,1,1,0,0.0,LOW
Chaitaly Sathe,6,1,0,1,1,0,0.0,LOW
Quincy Pandya,6,1,0,1,1,0,0.0,LOW
Yauvani Sama,6,1,0,1,1,0,0.0,LOW
Jairaj Patla,6,1,0,1,1,0,0.0,LOW
Eesha Master,6,1,0,1,1,0,0.0,LOW
Sanaya Din,6,1,0,1,1,0,0.0,LOW
Tanmayi Din,6,1,0,1,1,0,0.0,LOW
Kamya Nagi,6,1,0,1,1,0,0.0,LOW
Joshua Lal,6,1,0,1,1,0,0.0,LOW
Qarin Dalal,6,1,0,1,1,0,0.0,LOW
Matthew Samra,6,1,0,1,1,0,0.0,LOW
Nidra Guha,6,1,0,1,1,0,0.0,LOW
Harinakshi Gera,6,1,0,1,1,0,0.0,LOW
Faqid Shere,6,1,0,1,1,0,0.0,LOW
Suhani Lata,6,1,0,1,1,0,0.0,LOW
Yamini Andra,6,1,0,1,1,0,0.0,LOW
Jalsa Taneja,6,1,0,1,1,0,0.0,LOW
Aachal Divan,6,1,0,1,1,0,0.0,LOW
Rayaan Chakraborty,6,1,0,1,1,0,0.0,LOW
Saksham Setty,6,1,0,1,1,0,0.0,LOW
Nachiket Varghese,6,1,0,1,1,0,0.0,LOW
Vritti Narayanan,6,1,0,1,1,0,0.0,LOW
Eesha Aurora,6,1,0,1,1,0,0.0,LOW
Rachit Deshmukh,6,1,0,1,1,0,0.0,LOW
Advaith Khosla,6,1,0,1,1,0,0.0,LOW
Bhavika Khare,6,1,0,1,1,0,0.0,LOW
Aishani Kala,6,1,0,1,1,0,0.0,LOW
Ishaan Bhalla,6,1,0,1,1,0,0.0,LOW
Advay Shenoy,6,1,0,1,1,0,0.0,LOW
Ranbir Talwar,6,1,0,1,1,0,0.0,LOW
Fariq Joshi,6,1,0,1,1,0,0.0,LOW
Jairaj Srivastava,6,1,0,1,1,0,0.0,LOW
Triveni Shah,6,1,0,1,1,0,0.0,LOW
Henry Ghosh,6,1,0,1,1,0,0.0,LOW
Yasti Sarraf,6,1,0,1,1,0,0.0,LOW
Indira Bobal,6,1,0,1,1,0,0.0,LOW
Gauri Krishnan,6,1,0,1,1,0,0.0,LOW
Nikita Agate,6,1,0,1,1,0,0.0,LOW
Amrita Karpe,6,1,0,1,1,0,0.0,LOW
Aishani Menon,6,1,0,1,1,0,0.0,LOW
Qadim Balasubramanian,6,1,0,1,1,0,0.0,LOW
Radha Devi,6,1,0,1,1,0,0.0,LOW
Bina Krish,6,1,0,1,1,0,0.0,LOW
Jeremiah Dada,6,1,0,1,1,0,0.0,LOW
Indali Kota,6,1,0,1,1,0,0.0,LOW
Pooja Sachdev,6,1,0,1,1,0,0.0,LOW
Falak Mistry,6,1,0,1,1,0,0.0,LOW
Theodore Barman,6,1,0,1,1,0,0.0,LOW
Noah Pal,6,1,0,1,1,0,0.0,LOW
Mugdha Dave,6,1,0,1,1,0,0.0,LOW
Hitesh Sampath,6,1,0,1,1,0,0.0,LOW
Forum Hans,6,1,0,1,1,0,0.0,LOW
Inaya Chandra,6,1,0,1,1,0,0.0,LOW
Vedika Chandran,6,1,0,1,1,0,0.0,LOW
Libni Taneja,6,1,0,1,1,0,0.0,LOW
Abeer Kant,6,1,0,1,1,0,0.0,LOW
Chameli Ray,6,1,0,1,1,0,0.0,LOW
Zaitra Nagarajan,6,1,0,1,1,0,0.0,LOW
Patrick Ranganathan,6,1,0,1,1,0,0.0,LOW
Arjun Kari,6,1,0,1,1,0,0.0,LOW
Sai Dhillon,6,1,0,1,1,0,0.0,LOW
Yug Pai,6,1,0,1,1,0,0.0,LOW
Panini Chadha,6,1,0,1,1,0,0.0,LOW
Samuel Dayal,6,1,0,1,1,0,0.0,LOW
Yashodhara Bhalla,6,1,0,1,1,0,0.0,LOW
Neel Andra,6,1,0,1,1,0,0.0,LOW
Wyatt Zacharia,6,1,0,1,1,0,0.0,LOW
Oscar Mangat,6,1,0,1,1,0,0.0,LOW
Tanish Grewal,6,1,0,1,1,0,0.0,LOW
Jackson Saxena,6,1,0,1,1,0,0.0,LOW
Manya Gaba,6,1,0,1,1,0,0.0,LOW
Krish Sandal,6,1,0,1,1,0,0.0,LOW
Wridesh Lad,6,1,0,1,1,0,0.0,LOW
Imaran Sura,6,1,0,1,1,0,0.0,LOW
Harish Gopal,6,1,0,1,1,0,0.0,LOW
Kabir Mukhopadhyay,6,1,0,1,1,0,0.0,LOW
Ishanvi Saini,6,1,0,1,1,0,0.0,LOW
Kevin Wali,6,1,0,1,1,0,0.0,LOW
Bahadurjit Saha,6,1,0,1,1,0,0.0,LOW
Yochana Parekh,6,1,0,1,1,0,0.0,LOW
Deepa Sastry,6,1,0,1,1,0,0.0,LOW
Samar Misra,6,1,0,1,1,0,0.0,LOW
Aahana Patel,6,1,0,1,1,0,0.0,LOW
Warjas Kaur,6,1,0,1,1,0,0.0,LOW
Zayan Borra,6,1,0,1,1,0,0.0,LOW
Umang Sandhu,6,1,0,1,1,0,0.0,LOW
Krisha Jha,6,1,0,1,1,0,0.0,LOW
Varenya Bahri,6,1,0,1,1,0,0.0,LOW
Anvi Pandey,6,1,0,1,1,0,0.0,LOW
Max Mittal,6,1,0,1,1,0,0.0,LOW
Vinaya Jaggi,6,1,0,1,1,0,0.0,LOW
Xalak Badami,6,1,0,1,1,0,0.0,LOW
Osha Kadakia,6,1,0,1,1,0,0.0,LOW
Darika Kar,6,1,0,1,1,0,0.0,LOW
Varenya Chauhan,6,1,0,1,1,0,0.0,LOW
Pranav Sant,6,1,0,1,1,0,0.0,LOW
Anika Deshmukh,6,1,0,1,1,0,0.0,LOW
Ridhi Hayre,6,1,0,1,1,0,0.0,LOW
Jeet Sood,6,1,0,1,1,0,0.0,LOW
Bahadurjit Banik,6,1,0,1,1,0,0.0,LOW
Udyati Sabharwal,6,1,0,1,1,0,0.0,LOW
Tripti Tiwari,6,1,0,1,1,0,0.0,LOW
William Dara,6,1,0,1,1,0,0.0,LOW
Tanish Patla,6,1,0,1,1,0,0.0,LOW
Tara Modi,6,1,0,1,1,0,0.0,LOW
Warhi Prashad,6,1,0,1,1,0,0.0,LOW
Qadim Balakrishnan,6,1,0,1,1,0,0.0,LOW
Omisha Mistry,6,1,0,1,1,0,0.0,LOW
Arjun Rau,6,1,0,1,1,0,0.0,LOW
Jagat Minhas,6,1,0,1,1,0,0.0,LOW
Abhiram Mittal,6,1,0,1,1,0,0.0,LOW
Ethan Menon,6,1,0,1,1,0,0.0,LOW
Oliver Lala,6,1,0,1,1,0,0.0,LOW
Turvi Narain,6,1,0,1,1,0,0.0,LOW
Girindra Nigam,6,1,0,1,1,0,0.0,LOW
Jyoti Iyengar,6,1,0,1,1,0,0.0,LOW
Anita Radhakrishnan,6,1,0,1,1,0,0.0,LOW
Sarthak Srinivas,6,1,0,1,1,0,0.0,LOW
Hamsini Chaudhuri,6,1,0,1,1,0,0.0,LOW
Vedhika Bains,6,1,0,1,1,0,0.0,LOW
Farhan Rajan,6,1,0,1,1,0,0.0,LOW
Bhavya Kannan,6,1,0,1,1,0,0.0,LOW
Balvan Misra,6,1,0,1,1,0,0.0,LOW
Omya Bhargava,6,1,0,1,1,0,0.0,LOW
Ishwar Varkey,6,1,0,1,1,0,0.0,LOW
Balvan Nagar,6,1,0,1,1,0,0.0,LOW
Amruta Jha,6,1,0,1,1,0,0.0,LOW
Arin Kota,6,1,0,1,1,0,0.0,LOW
Dalaja Panchal,6,1,0,1,1,0,0.0,LOW
Aadhya Chada,6,1,0,1,1,0,0.0,LOW
Warda Acharya,6,1,0,1,1,0,0.0,LOW
Arya Choudhury,6,1,0,1,1,0,0.0,LOW
Jasmit Sekhon,6,1,0,1,1,0,0.0,LOW
Yashica Roy,6,1,0,1,1,0,0.0,LOW
Mason Bumb,6,1,0,1,1,0,0.0,LOW
Bishakha Chaudhry,6,1,0,1,1,0,0.0,LOW
Krishna Bose,6,1,0,1,1,0,0.0,LOW
Rehaan Parekh,6,1,0,1,1,0,0.0,LOW
Radha Comar,6,1,0,1,1,0,0.0,LOW
Chatresh Varma,6,1,0,1,1,0,0.0,LOW
Forum Purohit,6,1,0,1,1,0,0.0,LOW
Ayush Kamdar,6,1,0,1,1,0,0.0,LOW
Unni Koshy,6,1,0,1,1,0,0.0,LOW
Utkarsh Bora,6,1,0,1,1,0,0.0,LOW
Max Loyal,6,1,0,1,1,0,0.0,LOW
Liam Om,6,1,0,1,1,0,0.0,LOW
Jairaj Soni,6,1,0,1,1,0,0.0,LOW
Pranav Vora,6,1,0,1,1,0,0.0,LOW
Vedant Sengupta,6,1,0,1,1,0,0.0,LOW
Lila Rao,6,1,0,1,1,0,0.0,LOW
Raksha Wali,6,1,0,1,1,0,0.0,LOW
Yahvi Chakraborty,6,1,0,1,1,0,0.0,LOW
Aadi Mallick,6,1,0,1,1,0,0.0,LOW
Nidhi Parmar,6,1,0,1,1,0,0.0,LOW
Benjamin Rama,6,1,0,1,1,0,0.0,LOW
Darpan Gara,6,1,0,1,1,0,0.0,LOW
Harini Kaur,6,1,0,1,1,0,0.0,LOW
Waida Deol,6,1,0,1,1,0,0.0,LOW
Jagdish Kaul,6,1,0,1,1,0,0.0,LOW
Amaira Singh,6,1,0,1,1,0,0.0,LOW
Ekaja Shroff,6,1,0,1,1,0,0.0,LOW
Theodore Ravel,6,1,0,1,1,0,0.0,LOW
Leela Rao,6,1,0,1,1,0,0.0,LOW
Laksh Dube,6,1,0,1,1,0,0.0,LOW
Waida Choudhary,6,1,0,1,1,0,0.0,LOW
Vedant Boase,6,1,0,1,1,0,0.0,LOW
Xalak Kaul,6,1,0,1,1,0,0.0,LOW
Raghav Minhas,6,1,0,1,1,0,0.0,LOW
Vasatika Balay,6,1,0,1,1,0,0.0,LOW
Adweta Pai,6,1,0,1,1,0,0.0,LOW
Azaan Kata,6,1,0,1,1,0,0.0,LOW
Max Butala,6,1,0,1,1,0,0.0,LOW
Omya Munshi,6,1,0,1,1,0,0.0,LOW
Chaitaly Pandey,6,1,0,1,1,0,0.0,LOW
Ishwar Mukhopadhyay,6,1,0,1,1,0,0.0,LOW
Advika Varughese,6,1,0,1,1,0,0.0,LOW
Frado Mane,6,1,0,1,1,0,0.0,LOW
Zinal Sani,6,1,0,1,1,0,0.0,LOW
Yash Grewal,6,1,0,1,1,0,0.0,LOW
Adya Solanki,6,1,0,1,1,0,0.0,LOW
Raghav Shan,6,1,0,1,1,0,0.0,LOW
Utkarsh Cherian,6,1,0,1,1,0,0.0,LOW
Yatan Bhasin,6,1,0,1,1,0,0.0,LOW
Jacob Gill,6,1,0,1,1,0,0.0,LOW
Nandini Modi,6,1,0,1,1,0,0.0,LOW
Hitesh Dayal,6,1,0,1,1,0,0.0,LOW
Keya Sant,6,1,0,1,1,0,0.0,LOW
Gagan Pandey,6,1,0,1,1,0,0.0,LOW
Chaitaly Bose,6,1,0,1,1,0,0.0,LOW
Upkaar Raghavan,6,1,0,1,1,0,0.0,LOW
Alexander Deol,6,1,0,1,1,0,0.0,LOW
Ucchal Rajagopalan,6,1,0,1,1,0,0.0,LOW
Utkarsh Das,6,1,0,1,1,0,0.0,LOW
Vincent Khanna,6,1,0,1,1,0,0.0,LOW
Krisha Devan,6,1,0,1,1,0,0.0,LOW
Chaaya Saran,6,1,0,1,1,0,0.0,LOW
Kai Mahal,6,1,0,1,1,0,0.0,LOW
Oscar Master,6,1,0,1,1,0,0.0,LOW
Falguni Thakkar,6,1,0,1,1,0,0.0,LOW
Timothy Narasimhan,6,1,0,1,1,0,0.0,LOW
Janani Bhatti,6,1,0,1,1,0,0.0,LOW
Theodore Chhabra,6,1,0,1,1,0,0.0,LOW
Yochana Bir,6,1,0,1,1,0,0.0,LOW
Manbir Date,6,1,0,1,1,0,0.0,LOW
Ekansh Kade,6,1,0,1,1,0,0.0,LOW
Brijesh Karan,6,1,0,1,1,0,0.0,LOW
Chatura Sule,6,1,0,1,1,0,0.0,LOW
Charita Bhardwaj,6,1,0,1,1,0,0.0,LOW
Nimrat Peri,6,1,0,1,1,0,0.0,LOW
Balvan Raj,6,1,0,1,1,0,0.0,LOW
Viraj Gara,6,1,0,1,1,0,0.0,LOW
Anamika Gera,6,1,0,1,1,0,0.0,LOW
Aahana Yogi,6,1,0,1,1,0,0.0,LOW
David Rajan,6,1,0,1,1,0,0.0,LOW
Ekansh Nadkarni,6,1,0,1,1,0,0.0,LOW
Brinda Bassi,6,1,0,1,1,0,0.0,LOW
Rishi Kapoor,6,1,0,1,1,0,0.0,LOW
Upadhriti Luthra,6,1,0,1,1,0,0.0,LOW
Aahana Raghavan,6,1,0,1,1,0,0.0,LOW
Hamsini Sura,6,1,0,1,1,0,0.0,LOW
Zehaan Kulkarni,6,1,0,1,1,0,0.0,LOW
Yahvi Sheth,6,1,0,1,1,0,0.0,LOW
Kavya Dani,6,1,0,1,1,0,0.0,LOW
Krisha Jaggi,6,1,0,1,1,0,0.0,LOW
Utkarsh Lanka,6,1,0,1,1,0,0.0,LOW
Urmi Dubey,6,1,0,1,1,0,0.0,LOW
Neha Yadav,6,1,0,1,1,0,0.0,LOW
Balhaar Som,6,1,0,1,1,0,0.0,LOW
Avi Bail,6,1,0,1,1,0,0.0,LOW
Onveer Bhat,6,1,0,1,1,0,0.0,LOW
Kashvi Kamdar,6,1,0,1,1,0,0.0,LOW
Jhalak Jha,6,1,0,1,1,0,0.0,LOW
Ethan Bhatia,6,1,0,1,1,0,0.0,LOW
Yutika Kamdar,6,1,0,1,1,0,0.0,LOW
Advika Agrawal,6,1,0,1,1,0,0.0,LOW
Abhiram Zacharia,6,1,0,1,1,0,0.0,LOW
Ekansh Raghavan,6,1,0,1,1,0,0.0,LOW
Ekavir Sheth,6,1,0,1,1,0,0.0,LOW
Yadavi Lalla,6,1,0,1,1,0,0.0,LOW
Zashil Mangat,6,1,0,1,1,0,0.0,LOW
Bahadurjit Agarwal,6,1,0,1,1,0,0.0,LOW
Deepa Dani,6,1,0,1,1,0,0.0,LOW
Rajata Pall,6,1,0,1,1,0,0.0,LOW
Nikita Naik,6,1,0,1,1,0,0.0,LOW
Dalaja Char,6,1,0,1,1,0,0.0,LOW
Kashvi Walia,6,1,0,1,1,0,0.0,LOW
Kiaan Gour,6,1,0,1,1,0,0.0,LOW
Idika Lall,6,1,0,1,1,0,0.0,LOW
Ishani Ranganathan,6,1,0,1,1,0,0.0,LOW
Hemang Mukhopadhyay,6,1,0,1,1,0,0.0,LOW
Guneet Khurana,6,1,0,1,1,0,0.0,LOW
Hardik Saini,6,1,0,1,1,0,0.0,LOW
Nachiket Divan,6,1,0,1,1,0,0.0,LOW
Wakeeta Loke,6,1,0,1,1,0,0.0,LOW
Diya Dugal,6,1,0,1,1,0,0.0,LOW
Girik Chaudry,6,1,0,1,1,0,0.0,LOW
Vedant Gopal,6,1,0,1,1,0,0.0,LOW
Gagan Master,6,1,0,1,1,0,0.0,LOW
Anvi Buch,6,1,0,1,1,0,0.0,LOW
Ojasvi Parmer,6,1,0,1,1,0,0.0,LOW
Maanav Bhatt,6,1,0,1,1,0,0.0,LOW
Jhalak Date,6,1,0,1,1,0,0.0,LOW
Ayushman Nagi,6,1,0,1,1,0,0.0,LOW
Urvashi Warrior,6,1,0,1,1,0,0.0,LOW
Manbir Bera,6,1,0,1,1,0,0.0,LOW
Gaurangi Bhatt,6,1,0,1,1,0,0.0,LOW
Gopal Pant,6,1,0,1,1,0,0.0,LOW
Balveer Rajan,6,1,0,1,1,0,0.0,LOW
Isha Ben,6,1,0,1,1,0,0.0,LOW
Ekanta Sathe,6,1,0,1,1,0,0.0,LOW
Andrew Badal,6,1,0,1,1,0,0.0,LOW
Agastya Bhalla,6,1,0,1,1,0,0.0,LOW
Vihaan Wagle,6,1,0,1,1,0,0.0,LOW
Madhav Dewan,6,1,0,1,1,0,0.0,LOW
Zinal Walia,6,1,0,1,1,0,0.0,LOW
Ishita Vala,6,1,0,1,1,0,0.0,LOW
Kalpit Loke,6,1,0,1,1,0,0.0,LOW
Amrita Apte,6,1,0,1,1,0,0.0,LOW
Yashodhara Chana,6,1,0,1,1,0,0.0,LOW
Simon Gulati,6,1,0,1,1,0,0.0,LOW
Harish Gandhi,6,1,0,1,1,0,0.0,LOW
Krisha Sachdeva,6,1,0,1,1,0,0.0,LOW
Mohini Ramesh,6,1,0,1,1,0,0.0,LOW
Guneet Khosla,6,1,0,1,1,0,0.0,LOW
Gavin Gulati,6,1,0,1,1,0,0.0,LOW
Janaki Bhatia,6,1,0,1,1,0,0.0,LOW
Patrick Sarna,6,1,0,1,1,0,0.0,LOW
Oscar Singh,6,1,0,1,1,0,0.0,LOW
Aashi Banik,6,1,0,1,1,0,0.0,LOW
Rohan Chaudhary,6,1,0,1,1,0,0.0,LOW
Garima Batta,6,1,0,1,1,0,0.0,LOW
Krishna Pingle,6,1,0,1,1,0,0.0,LOW
Xalak Sachar,6,1,0,1,1,0,0.0,LOW
Xalak Rege,6,1,0,1,1,0,0.0,LOW
Brijesh Chaudhry,6,1,0,1,1,0,0.0,LOW
Patrick Vyas,6,1,0,1,1,0,0.0,LOW
Upma Keer,6,1,0,1,1,0,0.0,LOW
Xavier Varkey,6,1,0,1,1,0,0.0,LOW
Qadim Swamy,6,1,0,1,1,0,0.0,LOW
Viraj Baria,6,1,0,1,1,0,0.0,LOW
Devansh Pall,6,1,0,1,1,0,0.0,LOW
Meera Sur,6,1,0,1,1,0,0.0,LOW
Guneet Jayaraman,6,1,0,1,1,0,0.0,LOW
Aayush Mannan,6,1,0,1,1,0,0.0,LOW
Aayush Keer,6,1,0,1,1,0,0.0,LOW
Kashish Iyer,6,1,0,1,1,0,0.0,LOW
Ekbal Bawa,6,1,0,1,1,0,0.0,LOW
Chasmum Bhagat,6,1,0,1,1,0,0.0,LOW
Damini Purohit,6,1,0,1,1,0,0.0,LOW
Samarth Koshy,6,1,0,1,1,0,0.0,LOW
Yutika Balasubramanian,6,1,0,1,1,0,0.0,LOW
Urmi Prakash,6,1,0,1,1,0,0.0,LOW
Gautam Dhillon,6,1,0,1,1,0,0.0,LOW
Onkar Patil,6,1,0,1,1,0,0.0,LOW
Mekhala Dugal,6,1,0,1,1,0,0.0,LOW
Manthan Guha,6,1,0,1,1,0,0.0,LOW
Xiti Ganesh,6,1,0,1,1,0,0.0,LOW
Reva Choudhry,6,1,0,1,1,0,0.0,LOW
Yashasvi Kant,6,1,0,1,1,0,0.0,LOW
Rachit Raj,6,1,0,1,1,0,0.0,LOW
Ekta Mittal,6,1,0,1,1,0,0.0,LOW
Isaiah Subramaniam,6,1,0,1,1,0,0.0,LOW
Theodore Dave,6,1,0,1,1,0,0.0,LOW
Yamini Taneja,6,1,0,1,1,0,0.0,LOW
Dhriti Dave,6,1,0,1,1,0,0.0,LOW
Ekapad Bhasin,6,1,0,1,1,0,0.0,LOW
Ojasvi Varghese,6,1,0,1,1,0,0.0,LOW
Xiti Suri,6,1,0,1,1,0,0.0,LOW
Zehaan Chokshi,6,1,0,1,1,0,0.0,LOW
Mekhala Gandhi,6,1,0,1,1,0,0.0,LOW
Karan Thakur,6,1,0,1,1,0,0.0,LOW
Damini Krishnan,6,1,0,1,1,0,0.0,LOW
Alexander Nadkarni,6,1,0,1,1,0,0.0,LOW
Wazir Chand,6,1,0,1,1,0,0.0,LOW
Ayush Raman,6,1,0,1,1,0,0.0,LOW
Eshana Sidhu,6,1,0,1,1,0,0.0,LOW
Udarsh Sem,6,1,0,1,1,0,0.0,LOW
Keya Prakash,6,1,0,1,1,0,0.0,LOW
Champak Sarna,6,1,0,1,1,0,0.0,LOW
Deepa Jaggi,6,1,0,1,1,0,0.0,LOW
Arunima Biswas,6,1,0,1,1,0,0.0,LOW
Amaira Sarin,6,1,0,1,1,0,0.0,LOW
Mugdha Bhargava,6,1,0,1,1,0,0.0,LOW
Thomas Kata,6,1,0,1,1,0,0.0,LOW
Joshua Mannan,6,1,0,1,1,0,0.0,LOW
Kabir Mukherjee,6,1,0,1,1,0,0.0,LOW
Raagini Din,6,1,0,1,1,0,0.0,LOW
Lakshmi Chanda,6,1,0,1,1,0,0.0,LOW
Priya Kulkarni,6,1,0,1,1,0,0.0,LOW
Hemal Ratti,6,1,0,1,1,0,0.0,LOW
Zayan Devi,6,1,0,1,1,0,0.0,LOW
Tejas Misra,6,1,0,1,1,0,0.0,LOW
Arunima Gola,6,1,0,1,1,0,0.0,LOW
Nachiket Vala,6,1,0,1,1,0,0.0,LOW
Krishna Khare,6,1,0,1,1,0,0.0,LOW
Ryan Patel,6,1,0,1,1,0,0.0,LOW
Hemangini Kari,6,1,0,1,1,0,0.0,LOW
Eesha Mody,6,1,0,1,1,0,0.0,LOW
Arjun Muni,6,1,0,1,1,0,0.0,LOW
Hemal Kade,6,1,0,1,1,0,0.0,LOW
Ikbal Reddy,6,1,0,1,1,0,0.0,LOW
Chakrika Setty,6,1,0,1,1,0,0.0,LOW
Advik Dave,6,1,0,1,1,0,0.0,LOW
Arunima Dora,6,1,0,1,1,0,0.0,LOW
Alka Misra,6,1,0,1,1,0,0.0,LOW
Chandani Balasubramanian,6,1,0,1,1,0,0.0,LOW
Forum Sharaf,6,1,0,1,1,0,0.0,LOW
Qadim Karpe,6,1,0,1,1,0,0.0,LOW
Yashawini Yadav,6,1,0,1,1,0,0.0,LOW
Daksha Garde,6,1,0,1,1,0,0.0,LOW
Yashawini Balay,6,1,0,1,1,0,0.0,LOW
Yug Samra,6,1,0,1,1,0,0.0,LOW
Urishilla Ramakrishnan,6,1,0,1,1,0,0.0,LOW
Aryan Ganesh,6,1,0,1,1,0,0.0,LOW
Gautam Wason,6,1,0,1,1,0,0.0,LOW
Saksham Hayer,6,1,0,1,1,0,0.0,LOW
Michael Khatri,6,1,0,1,1,0,0.0,LOW
Anika Thaker,6,1,0,1,1,0,0.0,LOW
Aryan Randhawa,6,1,0,1,1,0,0.0,LOW
Netra Hayre,6,1,0,1,1,0,0.0,LOW
Tanmayi Dugar,6,1,0,1,1,0,0.0,LOW
Pranit Madan,6,1,0,1,1,0,0.0,LOW
Jagvi Patla,6,1,0,1,1,0,0.0,LOW
Lavanya Saran,6,1,0,1,1,0,0.0,LOW
Kashish Subramanian,6,1,0,1,1,0,0.0,LOW
Gabriel Bava,6,1,0,1,1,0,0.0,LOW
Benjamin Nazareth,6,1,0,1,1,0,0.0,LOW
Yatin Pant,6,1,0,1,1,0,0.0,LOW
Chanakya Edwin,6,1,0,1,1,0,0.0,LOW
Kiaan Brahmbhatt,6,1,0,1,1,0,0.0,LOW
Samuel Samra,6,1,0,1,1,0,0.0,LOW
Dalaja Agate,6,1,0,1,1,0,0.0,LOW
Wyatt Singh,6,1,0,1,1,0,0.0,LOW
Lavanya Atwal,6,1,0,1,1,0,0.0,LOW
Samuel Varghese,6,1,0,1,1,0,0.0,LOW
Zansi Bala,6,1,0,1,1,0,0.0,LOW
Qabil Bandi,6,1,0,1,1,0,0.0,LOW
Girish Badami,6,1,0,1,1,0,0.0,LOW
Fitan Kapadia,6,1,0,1,1,0,0.0,LOW
Damini Bath,6,1,0,1,1,0,0.0,LOW
Lucky Kalla,6,1,0,1,1,0,0.0,LOW
Abhimanyu Gole,6,1,0,1,1,0,0.0,LOW
Luke Goel,6,1,0,1,1,0,0.0,LOW
Balhaar Gala,6,1,0,1,1,0,0.0,LOW
Janaki Varghese,6,1,0,1,1,0,0.0,LOW
Janani Misra,6,1,0,1,1,0,0.0,LOW
Ganga Bassi,6,1,0,1,1,0,0.0,LOW
Lavanya Vala,6,1,0,1,1,0,0.0,LOW
Suhani Issac,6,1,0,1,1,0,0.0,LOW
Jeet Jaggi,6,1,0,1,1,0,0.0,LOW
Aashi Shukla,6,1,0,1,1,0,0.0,LOW
Dakshesh Shukla,6,1,0,1,1,0,0.0,LOW
Hritik Peri,6,1,0,1,1,0,0.0,LOW
Charles Patla,6,1,0,1,1,0,0.0,LOW
Tara Dyal,6,1,0,1,1,0,0.0,LOW
Gagan Sarma,6,1,0,1,1,0,0.0,LOW
Barkha Aggarwal,6,1,0,1,1,0,0.0,LOW
Anamika Babu,6,1,0,1,1,0,0.0,LOW
Chanakya Choudhary,6,1,0,1,1,0,0.0,LOW
Sanaya Balay,6,1,0,1,1,0,0.0,LOW
Tanmayi Chaudhari,6,1,0,1,1,0,0.0,LOW
Benjamin Date,6,1,0,1,1,0,0.0,LOW
Zilmil Suresh,6,1,0,1,1,0,0.0,LOW
Veer Rege,6,1,0,1,1,0,0.0,LOW
Yug Tailor,6,1,0,1,1,0,0.0,LOW
Pratyush Butala,6,1,0,1,1,0,0.0,LOW
Yatan Andra,6,1,0,1,1,0,0.0,LOW
Matthew Sarna,6,1,0,1,1,0,0.0,LOW
Ati Hayre,6,1,0,1,1,0,0.0,LOW
Sanaya Sarma,6,1,0,1,1,0,0.0,LOW
Abeer Devi,6,1,0,1,1,0,0.0,LOW
Jasmit Mohanty,6,1,0,1,1,0,0.0,LOW
Libni Mishra,6,1,0,1,1,0,0.0,LOW
Mason Hans,6,1,0,1,1,0,0.0,LOW
Qarin Bath,6,1,0,1,1,0,0.0,LOW
Champak Puri,6,1,0,1,1,0,0.0,LOW
Anvi Karpe,6,1,0,1,1,0,0.0,LOW
Rushil Dube,6,1,0,1,1,0,0.0,LOW
Aadhya Chandra,6,1,0,1,1,0,0.0,LOW
Nandini Gupta,6,1,0,1,1,0,0.0,LOW
Anay Rama,6,1,0,1,1,0,0.0,LOW
Rohan Konda,6,1,0,1,1,0,0.0,LOW
Lohit Bali,6,1,0,1,1,0,0.0,LOW
Nikita Saraf,6,1,0,1,1,0,0.0,LOW
Lakshit Khosla,6,1,0,1,1,0,0.0,LOW
Mohini Gandhi,6,1,0,1,1,0,0.0,LOW
Pallavi Sampath,6,1,0,1,1,0,0.0,LOW
Tamanna Kota,6,1,0,1,1,0,0.0,LOW
Nirja Zachariah,6,1,0,1,1,0,0.0,LOW
Falak Master,6,1,0,1,1,0,0.0,LOW
Inaya Mutti,6,1,0,1,1,0,0.0,LOW
Leela Muni,6,1,0,1,1,0,0.0,LOW
Chakrika Rastogi,6,1,0,1,1,0,0.0,LOW
Upasna Ramanathan,6,1,0,1,1,0,0.0,LOW
Yutika Handa,6,1,0,1,1,0,0.0,LOW
Lajita Yadav,6,1,0,1,1,0,0.0,LOW
Pooja Sami,6,1,0,1,1,0,0.0,LOW
Panini Sidhu,6,1,0,1,1,0,0.0,LOW
Pavani Gandhi,6,1,0,1,1,0,0.0,LOW
Nakul Mannan,6,1,0,1,1,0,0.0,LOW
Chaman Kamdar,6,1,0,1,1,0,0.0,LOW
Aarush Golla,6,1,0,1,1,0,0.0,LOW
Meghana Kapoor,6,1,0,1,1,0,0.0,LOW
Xalak Hegde,6,1,0,1,1,0,0.0,LOW
Baljiwan Kanda,6,1,0,1,1,0,0.0,LOW
Yagnesh Rastogi,6,1,0,1,1,0,0.0,LOW
Yauvani Chandra,6,1,0,1,1,0,0.0,LOW
Zaid Banerjee,6,1,0,1,1,0,0.0,LOW
Oni Pandey,6,1,0,1,1,0,0.0,LOW
Pahal Palan,6,1,0,1,1,0,0.0,LOW
Hamsini Patla,6,1,0,1,1,0,0.0,LOW
Faris Keer,6,1,0,1,1,0,0.0,LOW
Yauvani Sibal,6,1,0,1,1,0,0.0,LOW
Saksham Soni,6,1,0,1,1,0,0.0,LOW
Charvi Narayan,6,1,0,1,1,0,0.0,LOW
Nikita Doshi,6,1,0,1,1,0,0.0,LOW
Akshay Kale,6,1,0,1,1,0,0.0,LOW
Atharv Borra,6,1,0,1,1,0,0.0,LOW
Chatresh Shenoy,6,1,0,1,1,0,0.0,LOW
Yash Kaul,6,1,0,1,1,0,0.0,LOW
Ijaya Palla,6,1,0,1,1,0,0.0,LOW
Victor Nayak,6,1,0,1,1,0,0.0,LOW
Shivansh Palla,6,1,0,1,1,0,0.0,LOW
Jhalak Joshi,6,1,0,1,1,0,0.0,LOW
Falak Nayak,6,1,0,1,1,0,0.0,LOW
Sanya Ghosh,6,1,0,1,1,0,0.0,LOW
Divya Walla,6,1,0,1,1,0,0.0,LOW
Turvi Sunder,6,1,0,1,1,0,0.0,LOW
Xiti Kunda,6,1,0,1,1,0,0.0,LOW
Dominic Karpe,6,1,0,1,1,0,0.0,LOW
Daksha Manda,6,1,0,1,1,0,0.0,LOW
Theodore Reddy,6,1,0,1,1,0,0.0,LOW
Hredhaan Jain,6,1,0,1,1,0,0.0,LOW
Maanav Ratta,6,1,0,1,1,0,0.0,LOW
Maanav Sidhu,6,1,0,1,1,0,0.0,LOW
Anvi Maharaj,6,1,0,1,1,0,0.0,LOW
Vasana Walia,6,1,0,1,1,0,0.0,LOW
Zansi Tata,6,1,0,1,1,0,0.0,LOW
Tanveer Chauhan,6,1,0,1,1,0,0.0,LOW
Dev Ray,6,1,0,1,1,0,0.0,LOW
Geetika Bhatt,6,1,0,1,1,0,0.0,LOW
Gunbir Dani,6,1,0,1,1,0,0.0,LOW
Jagdish Sibal,6,1,0,1,1,0,0.0,LOW
Jacob Jha,6,1,0,1,1,0,0.0,LOW
Laksh Suri,6,1,0,1,1,0,0.0,LOW
Mugdha Varghese,6,1,0,1,1,0,0.0,LOW
Vedhika Dua,6,1,0,1,1,0,0.0,LOW
Rachit Sem,6,1,0,1,1,0,0.0,LOW
Vasana Virk,6,1,0,1,1,0,0.0,LOW
Chaitanya Ahluwalia,6,1,0,1,1,0,0.0,LOW
Jeremiah Bandi,6,1,0,1,1,0,0.0,LOW
Jagdish Bahl,6,1,0,1,1,0,0.0,LOW
Ganga Gade,6,1,0,1,1,0,0.0,LOW
Zashil Palla,6,1,0,1,1,0,0.0,LOW
Kritika Prabhakar,6,1,0,1,1,0,0.0,LOW
Vyanjana Biswas,6,1,0,1,1,0,0.0,LOW
Isaiah Chacko,6,1,0,1,1,0,0.0,LOW
Devansh Rama,6,1,0,1,1,0,0.0,LOW
Banjeet Sur,6,1,0,1,1,0,0.0,LOW
Xalak Sharaf,6,1,0,1,1,0,0.0,LOW
Urvi Baria,6,1,0,1,1,0,0.0,LOW
Theodore Sridhar,6,1,0,1,1,0,0.0,LOW
Jalsa Banerjee,6,1,0,1,1,0,0.0,LOW
Barkha Malhotra,6,1,0,1,1,0,0.0,LOW
Lipika Dyal,6,1,0,1,1,0,0.0,LOW
Ikbal Virk,6,1,0,1,1,0,0.0,LOW
Chaitaly Mittal,6,1,0,1,1,0,0.0,LOW
Omkaar Saran,6,1,0,1,1,0,0.0,LOW
Bahadurjit Sunder,6,1,0,1,1,0,0.0,LOW
Faqid Hegde,6,1,0,1,1,0,0.0,LOW
Gunbir Raman,6,1,0,1,1,0,0.0,LOW
Triya Karpe,6,1,0,1,1,0,0.0,LOW
Akshay Parikh,6,1,0,1,1,0,0.0,LOW
Jairaj Jaggi,6,1,0,1,1,0,0.0,LOW
Jagrati Sabharwal,6,1,0,1,1,0,0.0,LOW
Aayush Sridhar,6,1,0,1,1,0,0.0,LOW
Lakshit Khalsa,6,1,0,1,1,0,0.0,LOW
Shaurya Nadig,6,1,0,1,1,0,0.0,LOW
Arunima Rajan,6,1,0,1,1,0,0.0,LOW
Nitesh Kurian,6,1,0,1,1,0,0.0,LOW
Nitesh Kala,6,1,0,1,1,0,0.0,LOW
Inaya Dhawan,6,1,0,1,1,0,0.0,LOW
Zinal Deol,6,1,0,1,1,0,0.0,LOW
Upasna Raja,6,1,0,1,1,0,0.0,LOW
Lohit Sachdeva,6,1,0,1,1,0,0.0,LOW
Chaitaly Lata,6,1,0,1,1,0,0.0,LOW
Isaac Ram,6,1,0,1,1,0,0.0,LOW
Harini Merchant,6,1,0,1,1,0,0.0,LOW
Wishi Sahni,6,1,0,1,1,0,0.0,LOW
Jhalak Solanki,6,1,0,1,1,0,0.0,LOW
Falan Badal,6,1,0,1,1,0,0.0,LOW
Max Badami,6,1,0,1,1,0,0.0,LOW
Mahika Kale,6,1,0,1,1,0,0.0,LOW
Owen Raghavan,6,1,0,1,1,0,0.0,LOW
Ishita Nigam,6,1,0,1,1,0,0.0,LOW
Vansha Sharma,6,1,0,1,1,0,0.0,LOW
Falguni Khanna,6,1,0,1,1,0,0.0,LOW
Faraj Bajwa,6,1,0,1,1,0,0.0,LOW
Ayush Uppal,6,1,0,1,1,0,0.0,LOW
Tristan Menon,6,1,0,1,1,0,0.0,LOW
Farhan Dara,6,1,0,1,1,0,0.0,LOW
Tanveer Hora,6,1,0,1,1,0,0.0,LOW
Januja Kaur,6,1,0,1,1,0,0.0,LOW
Radha Nori,6,1,0,1,1,0,0.0,LOW
Ekansh Char,6,1,0,1,1,0,0.0,LOW
Chakradev Ghose,6,1,0,1,1,0,0.0,LOW
Waida Hari,6,1,0,1,1,0,0.0,LOW
Omya Bhavsar,6,1,0,1,1,0,0.0,LOW
Qushi Sarma,6,1,0,1,1,0,0.0,LOW
Januja Dar,6,1,0,1,1,0,0.0,LOW
Nidra Dhaliwal,6,1,0,1,1,0,0.0,LOW
Varenya Nazareth,6,1,0,1,1,0,0.0,LOW
Samaksh Gulati,6,1,0,1,1,0,0.0,LOW
Kevin Bassi,6,1,0,1,1,0,0.0,LOW
Pooja Agrawal,6,1,0,1,1,0,0.0,LOW
Gaurav Mani,6,1,0,1,1,0,0.0,LOW
Vasatika Saxena,6,1,0,1,1,0,0.0,LOW
Charita Brar,6,1,0,1,1,0,0.0,LOW
Fitan Jayaraman,6,1,0,1,1,0,0.0,LOW
Ojas Ravel,6,1,0,1,1,0,0.0,LOW
Tripti Kulkarni,6,1,0,1,1,0,0.0,LOW
Kashvi Saxena,6,1,0,1,1,0,0.0,LOW
Oni Badami,6,1,0,1,1,0,0.0,LOW
Wriddhish Ganguly,6,1,0,1,1,0,0.0,LOW
Advaith Grewal,6,1,0,1,1,0,0.0,LOW
Kashish Saini,6,1,0,1,1,0,0.0,LOW
Samar Din,6,1,0,1,1,0,0.0,LOW
Vrishti Pillay,6,1,0,1,1,0,0.0,LOW
Xalak Chahal,6,1,0,1,1,0,0.0,LOW
Janaki Mandal,6,1,0,1,1,0,0.0,LOW
Zaid Krishna,6,1,0,1,1,0,0.0,LOW
Bhavani Dugar,6,1,0,1,1,0,0.0,LOW
Tejas Om,6,1,0,1,1,0,0.0,LOW
Mohini Virk,6,1,0,1,1,0,0.0,LOW
Dominic Zachariah,6,1,0,1,1,0,0.0,LOW
Madhav Mannan,6,1,0,1,1,0,0.0,LOW
Ekalinga Bala,6,1,0,1,1,0,0.0,LOW
Ishaan Mangat,6,1,0,1,1,0,0.0,LOW
Rehaan Pathak,6,1,0,1,1,0,0.0,LOW
Simon Desai,6,1,0,1,1,0,0.0,LOW
Daniel Merchant,6,1,0,1,1,0,0.0,LOW
Tara Goyal,6,1,0,1,1,0,0.0,LOW
Rushil Choudhary,6,1,0,1,1,0,0.0,LOW
Ekapad Suresh,6,1,0,1,1,0,0.0,LOW
Darika Naidu,6,1,0,1,1,0,0.0,LOW
Nachiket Goda,6,1,0,1,1,0,0.0,LOW
Nilima Kadakia,6,1,0,1,1,0,0.0,LOW
Chaitaly Bora,6,1,0,1,1,0,0.0,LOW
Zilmil Agate,6,1,0,1,1,0,0.0,LOW
Hemang Kanda,6,1,0,1,1,0,0.0,LOW
Girindra Muni,6,1,0,1,1,0,0.0,LOW
Tanay Bhakta,6,1,0,1,1,0,0.0,LOW
Devansh Jaggi,6,1,0,1,1,0,0.0,LOW
Mason Deshpande,6,1,0,1,1,0,0.0,LOW
Mohammed Chana,6,1,0,1,1,0,0.0,LOW
Sneha Arya,6,1,0,1,1,0,0.0,LOW
Maanas Chawla,6,1,0,1,1,0,0.0,LOW
Yash Batta,6,1,0,1,1,0,0.0,LOW
Henry Dey,6,1,0,1,1,0,0.0,LOW
Gabriel Kala,6,1,0,1,1,0,0.0,LOW
Ekiya Deol,6,1,0,1,1,0,0.0,LOW
Laksh Rajan,6,1,0,1,1,0,0.0,LOW
Advika Chana,6,1,0,1,1,0,0.0,LOW
Charvi Chaudry,6,1,0,1,1,0,0.0,LOW
Harish Barad,6,1,0,1,1,0,0.0,LOW
Yashodhara Saxena,6,1,0,1,1,0,0.0,LOW
Omisha Aggarwal,6,1,0,1,1,0,0.0,LOW
Aadi Lad,6,1,0,1,1,0,0.0,LOW
Xalak Narang,6,1,0,1,1,0,0.0,LOW
Udant Chaudhuri,6,1,0,1,1,0,0.0,LOW
Dakshesh Tripathi,6,1,0,1,1,0,0.0,LOW
Parth Bahl,6,1,0,1,1,0,0.0,LOW
Ayaan Barman,6,1,0,1,1,0,0.0,LOW
Ekbal Menon,6,1,0,1,1,0,0.0,LOW
Kavya Dalal,6,1,0,1,1,0,0.0,LOW
Jeet Srinivasan,6,1,0,1,1,0,0.0,LOW
Unni Mall,6,1,0,1,1,0,0.0,LOW
Xalak Kapoor,6,1,0,1,1,0,0.0,LOW
Jalsa Radhakrishnan,6,1,0,1,1,0,0.0,LOW
Bimala Kibe,6,1,0,1,1,0,0.0,LOW
Laksh Hora,6,1,0,1,1,0,0.0,LOW
Laksh Krishnan,6,1,0,1,1,0,0.0,LOW
Lohit Chahal,6,1,0,1,1,0,0.0,LOW
Yochana Bava,6,1,0,1,1,0,0.0,LOW
Dhruv Virk,6,1,0,1,1,0,0.0,LOW
Radha Rout,6,1,0,1,1,0,0.0,LOW
Qasim Banerjee,6,1,0,1,1,0,0.0,LOW
Zinal Kamdar,6,1,0,1,1,0,0.0,LOW
Bakhshi Dixit,6,1,0,1,1,0,0.0,LOW
Yauvani Divan,6,1,0,1,1,0,0.0,LOW
Faris Dara,6,1,0,1,1,0,0.0,LOW
Ekaja Dave,6,1,0,1,1,0,0.0,LOW
Damyanti Bedi,6,1,0,1,1,0,0.0,LOW
Charita Tella,6,1,0,1,1,0,0.0,LOW
Yutika Narula,6,1,0,1,1,0,0.0,LOW
Rushil Dhaliwal,6,1,0,1,1,0,0.0,LOW
Vincent Pai,6,1,0,1,1,0,0.0,LOW
Aahana Nair,6,1,0,1,1,0,0.0,LOW
Yatin Raju,6,1,0,1,1,0,0.0,LOW
Nandini Goel,6,1,0,1,1,0,0.0,LOW
Finn Mahajan,6,1,0,1,1,0,0.0,LOW
Eta Ahuja,6,1,0,1,1,0,0.0,LOW
Mitali Narang,6,1,0,1,1,0,0.0,LOW
Anya Thakkar,6,1,0,1,1,0,0.0,LOW
Reyansh Narain,6,1,0,1,1,0,0.0,LOW
Zashil Gulati,6,1,0,1,1,0,0.0,LOW
Anthony Batra,6,1,0,1,1,0,0.0,LOW
Qasim Bath,6,1,0,1,1,0,0.0,LOW
Pushti Narang,6,1,0,1,1,0,0.0,LOW
Azad Johal,6,1,0,1,1,0,0.0,LOW
Pranav Oommen,6,1,0,1,1,0,0.0,LOW
Darika Bedi,6,1,0,1,1,0,0.0,LOW
Rishi Kaul,6,1,0,1,1,0,0.0,LOW
Saksham Ratta,6,1,0,1,1,0,0.0,LOW
Amaira Sampath,6,1,0,1,1,0,0.0,LOW
Yauvani Cherian,6,1,0,1,1,0,0.0,LOW
Dominic Yogi,6,1,0,1,1,0,0.0,LOW
Ganga Dugar,6,1,0,1,1,0,0.0,LOW
Maanas Bera,6,1,0,1,1,0,0.0,LOW
Bahadurjit Som,6,1,0,1,1,0,0.0,LOW
Hritik Hari,6,1,0,1,1,0,0.0,LOW
Samarth Warrior,6,1,0,1,1,0,0.0,LOW
Deepa Pillay,6,1,0,1,1,0,0.0,LOW
Garima Sandal,6,1,0,1,1,0,0.0,LOW
Chanakya Batta,6,1,0,1,1,0,0.0,LOW
Avni Bhat,6,1,0,1,1,0,0.0,LOW
Tamanna Dora,6,1,0,1,1,0,0.0,LOW
Yochana Dewan,6,1,0,1,1,0,0.0,LOW
Riya Mani,6,1,0,1,1,0,0.0,LOW
Oeshi Mandal,6,1,0,1,1,0,0.0,LOW
Hamsini Dhar,6,1,0,1,1,0,0.0,LOW
Aarna Seth,6,1,0,1,1,0,0.0,LOW
Rachita Hegde,6,1,0,1,1,0,0.0,LOW
Rehaan Sinha,6,1,0,1,1,0,0.0,LOW
Udarsh Pai,6,1,0,1,1,0,0.0,LOW
Deepa Bhattacharyya,6,1,0,1,1,0,0.0,LOW
Jagrati Lata,6,1,0,1,1,0,0.0,LOW
Chanchal Hora,6,1,0,1,1,0,0.0,LOW
Tarak Kalita,6,1,0,1,1,0,0.0,LOW
Warhi Nayak,6,1,0,1,1,0,0.0,LOW
Darsh Taneja,6,1,0,1,1,0,0.0,LOW
Balvan Radhakrishnan,6,1,0,1,1,0,0.0,LOW
Wazir Patla,6,1,0,1,1,0,0.0,LOW
Jason Gala,6,1,0,1,1,0,0.0,LOW
Sai Tara,6,1,0,1,1,0,0.0,LOW
Yochana Sekhon,6,1,0,1,1,0,0.0,LOW
Chakradev Sridhar,6,1,0,1,1,0,0.0,LOW
Xalak Pingle,6,1,0,1,1,0,0.0,LOW
Isaac Lala,6,1,0,1,1,0,0.0,LOW
Aachal Sharaf,6,1,0,1,1,0,0.0,LOW
Naveen Mukhopadhyay,6,1,0,1,1,0,0.0,LOW
Oeshi Bhat,6,1,0,1,1,0,0.0,LOW
Kamya Vasa,6,1,0,1,1,0,0.0,LOW
Henry Chauhan,6,1,0,1,1,0,0.0,LOW
Kiaan Gole,6,1,0,1,1,0,0.0,LOW
Manya Ramakrishnan,6,1,0,1,1,0,0.0,LOW
Xavier Bhalla,6,1,0,1,1,0,0.0,LOW
Upasna Salvi,6,1,0,1,1,0,0.0,LOW
Chaman Sangha,6,1,0,1,1,0,0.0,LOW
Owen Gaba,6,1,0,1,1,0,0.0,LOW
Vrinda Hora,6,1,0,1,1,0,0.0,LOW
Lipika Parmer,6,1,0,1,1,0,0.0,LOW
Samesh Comar,6,1,0,1,1,0,0.0,LOW
Lucky Thakkar,6,1,0,1,1,0,0.0,LOW
Janya Vora,6,1,0,1,1,0,0.0,LOW
Hamsini Dubey,6,1,0,1,1,0,0.0,LOW
Fitan Bakshi,6,1,0,1,1,0,0.0,LOW
Oviya Bhakta,6,1,0,1,1,0,0.0,LOW
Baghyawati Bumb,6,1,0,1,1,0,0.0,LOW
Abhiram Chander,6,1,0,1,1,0,0.0,LOW
Nitesh Reddy,6,1,0,1,1,0,0.0,LOW
Quincy Sharma,6,1,0,1,1,0,0.0,LOW
Caleb Bhatti,6,1,0,1,1,0,0.0,LOW
Harinakshi Keer,6,1,0,1,1,0,0.0,LOW
Vihaan Kamdar,6,1,0,1,1,0,0.0,LOW
Rachit Mand,6,1,0,1,1,0,0.0,LOW
Gauri Bassi,6,1,0,1,1,0,0.0,LOW
Priya Andra,6,1,0,1,1,0,0.0,LOW
Wyatt Ghosh,6,1,0,1,1,0,0.0,LOW
Aadhya Bhasin,6,1,0,1,1,0,0.0,LOW
Siddharth Mody,6,1,0,1,1,0,0.0,LOW
Alexander Kalita,6,1,0,1,1,0,0.0,LOW
Harish Jani,6,1,0,1,1,0,0.0,LOW
Varenya Bumb,6,1,0,1,1,0,0.0,LOW
Anamika Sankaran,6,1,0,1,1,0,0.0,LOW
Netra Rau,6,1,0,1,1,0,0.0,LOW
Neelima Karan,6,1,0,1,1,0,0.0,LOW
Harrison Memon,6,1,0,1,1,0,0.0,LOW
Pooja Taneja,6,1,0,1,1,0,0.0,LOW
Urmi Khanna,6,1,0,1,1,0,0.0,LOW
Krisha Toor,6,1,0,1,1,0,0.0,LOW
Janani Mani,6,1,0,1,1,0,0.0,LOW
Saanvi Dube,6,1,0,1,1,0,0.0,LOW
Benjamin Barad,6,1,0,1,1,0,0.0,LOW
Isaiah Bedi,6,1,0,1,1,0,0.0,LOW
Madhavi Dayal,6,1,0,1,1,0,0.0,LOW
Deepa Walla,6,1,0,1,1,0,0.0,LOW
Pallavi Boase,6,1,0,1,1,0,0.0,LOW
Aahana Chakraborty,6,1,0,1,1,0,0.0,LOW
Chanakya Savant,6,1,0,1,1,0,0.0,LOW
Vidhi Vasa,6,1,0,1,1,0,0.0,LOW
Ishani Lata,6,1,0,1,1,0,0.0,LOW
Anvi Krishna,6,1,0,1,1,0,0.0,LOW
Aadi Wagle,6,1,0,1,1,0,0.0,LOW
Luke Chandra,6,1,0,1,1,0,0.0,LOW
Ekta Trivedi,6,1,0,1,1,0,0.0,LOW
Aachal Sahota,6,1,0,1,1,0,0.0,LOW
Veer Shankar,6,1,0,1,1,0,0.0,LOW
Manan Mohanty,6,1,0,1,1,0,0.0,LOW
Zehaan Chhabra,6,1,0,1,1,0,0.0,LOW
Isaac Murty,6,1,0,1,1,0,0.0,LOW
Oliver Ahluwalia,6,1,0,1,1,0,0.0,LOW
Quincy Wagle,6,1,0,1,1,0,0.0,LOW
Yatin Lata,6,1,0,1,1,0,0.0,LOW
Anusha Cheema,6,1,0,1,1,0,0.0,LOW
Chaman Bobal,6,1,0,1,1,0,0.0,LOW
Chandresh Bedi,6,1,0,1,1,0,0.0,LOW
Kamya Sandhu,6,1,0,1,1,0,0.0,LOW
Irya Rout,6,1,0,1,1,0,0.0,LOW
Andrew Wable,6,1,0,1,1,0,0.0,LOW
Hredhaan Bhargava,6,1,0,1,1,0,0.0,LOW
Bachittar Hari,6,1,0,1,1,0,0.0,LOW
Ishita Batta,6,1,0,1,1,0,0.0,LOW
Yashawini Gera,6,1,0,1,1,0,0.0,LOW
Ranbir Dass,6,1,0,1,1,0,0.0,LOW
Guneet Garde,6,1,0,1,1,0,0.0,LOW
Indali Contractor,6,1,0,1,1,0,0.0,LOW
Balvan Saxena,6,1,0,1,1,0,0.0,LOW
Divya Brahmbhatt,6,1,0,1,1,0,0.0,LOW
Mohammed Sem,6,1,0,1,1,0,0.0,LOW
Lajita Gara,6,1,0,1,1,0,0.0,LOW
Watika Sharaf,6,1,0,1,1,0,0.0,LOW
Akshay Bhatia,6,1,0,1,1,0,0.0,LOW
Sarthak Kumer,6,1,0,1,1,0,0.0,LOW
Azad Srinivas,6,1,0,1,1,0,0.0,LOW
Charvi Manda,6,1,0,1,1,0,0.0,LOW
Sanya Sani,6,1,0,1,1,0,0.0,LOW
Jalsa Prakash,6,1,0,1,1,0,0.0,LOW
Timothy Pai,6,1,0,1,1,0,0.0,LOW
Jagat Kohli,6,1,0,1,1,0,0.0,LOW
Aadi Wable,6,1,0,1,1,0,0.0,LOW
Nathan Lanka,6,1,0,1,1,0,0.0,LOW
Qushi Raghavan,6,1,0,1,1,0,0.0,LOW
Madhavi Agate,6,1,0,1,1,0,0.0,LOW
Pavani Prakash,6,1,0,1,1,0,0.0,LOW
Eesha Choudhry,6,1,0,1,1,0,0.0,LOW
Vivaan Dhar,6,1,0,1,1,0,0.0,LOW
Raghav Parmer,6,1,0,1,1,0,0.0,LOW
Avni Palla,6,1,0,1,1,0,0.0,LOW
Elijah Suri,6,1,0,1,1,0,0.0,LOW
Priya Hari,6,1,0,1,1,0,0.0,LOW
Damyanti Ramakrishnan,6,1,0,1,1,0,0.0,LOW
Osha Kale,6,1,0,1,1,0,0.0,LOW
Chavvi Seshadri,6,1,0,1,1,0,0.0,LOW
Indali Setty,6,1,0,1,1,0,0.0,LOW
Banjeet Korpal,6,1,0,1,1,0,0.0,LOW
Dev Krishnan,6,1,0,1,1,0,0.0,LOW
Chaaya Chawla,6,1,0,1,1,0,0.0,LOW
Sara Nazareth,6,1,0,1,1,0,0.0,LOW
Bakhshi Batra,6,1,0,1,1,0,0.0,LOW
Brijesh Natarajan,6,1,0,1,1,0,0.0,LOW
Lila Warrior,6,1,0,1,1,0,0.0,LOW
Kamala Khosla,6,1,0,1,1,0,0.0,LOW
Indali Doshi,6,1,0,1,1,0,0.0,LOW
Jasmit Swamy,6,1,0,1,1,0,0.0,LOW
Umang Tella,6,1,0,1,1,0,0.0,LOW
Dayita Sheth,6,1,0,1,1,0,0.0,LOW
Advik Mander,6,1,0,1,1,0,0.0,LOW
Zehaan Manda,6,1,0,1,1,0,0.0,LOW
Christopher Bala,6,1,0,1,1,0,0.0,LOW
Gagan Jani,6,1,0,1,1,0,0.0,LOW
Saumya Arya,6,1,0,1,1,0,0.0,LOW
Avi Dube,6,1,0,1,1,0,0.0,LOW
Amaira Muni,6,1,0,1,1,0,0.0,LOW
Wazir Balan,6,1,0,1,1,0,0.0,LOW
Urvi Sastry,6,1,0,1,1,0,0.0,LOW
Leena Desai,6,1,0,1,1,0,0.0,LOW
Varenya Walia,6,1,0,1,1,0,0.0,LOW
Ucchal Luthra,6,1,0,1,1,0,0.0,LOW
Devika Keer,6,1,0,1,1,0,0.0,LOW
Lakshit Badami,6,1,0,1,1,0,0.0,LOW
Nitara Bahl,6,1,0,1,1,0,0.0,LOW
Jack Wali,6,1,0,1,1,0,0.0,LOW
Vedhika Balakrishnan,6,1,0,1,1,0,0.0,LOW
Yachana Sampath,6,1,0,1,1,0,0.0,LOW
Arjun Mander,6,1,0,1,1,0,0.0,LOW
Brinda Jhaveri,6,1,0,1,1,0,0.0,LOW
Azad Ahluwalia,6,1,0,1,1,0,0.0,LOW
Dalbir Peri,6,1,0,1,1,0,0.0,LOW
Charles Mutti,6,1,0,1,1,0,0.0,LOW
Girik Rajagopal,6,1,0,1,1,0,0.0,LOW
Anamika Amble,6,1,0,1,1,0,0.0,LOW
Saksham Nagi,6,1,0,1,1,0,0.0,LOW
Charita Chokshi,6,1,0,1,1,0,0.0,LOW
Sachi Samra,6,1,0,1,1,0,0.0,LOW
Dalaja Singh,6,1,0,1,1,0,0.0,LOW
Chatura Mammen,6,1,0,1,1,0,0.0,LOW
Hredhaan Varughese,6,1,0,1,1,0,0.0,LOW
Gaurang Minhas,6,1,0,1,1,0,0.0,LOW
Vihaan Vora,6,1,0,1,1,0,0.0,LOW
Balhaar Bahl,6,1,0,1,1,0,0.0,LOW
Krish Barman,6,1,0,1,1,0,0.0,LOW
Abhiram Karan,6,1,0,1,1,0,0.0,LOW
Michael Sen,6,1,0,1,1,0,0.0,LOW
Orinder Narayanan,6,1,0,1,1,0,0.0,LOW
Isaiah Dugar,6,1,0,1,1,0,0.0,LOW
Gagan Kari,6,1,0,1,1,0,0.0,LOW
Atharv Vora,6,1,0,1,1,0,0.0,LOW
Yasti Banik,6,1,0,1,1,0,0.0,LOW
Ekavir Baria,6,1,0,1,1,0,0.0,LOW
Liam Bobal,6,1,0,1,1,0,0.0,LOW
Simon Sharma,6,1,0,1,1,0,0.0,LOW
Yashodhara Ram,6,1,0,1,1,0,0.0,LOW
Lekha Kota,6,1,0,1,1,0,0.0,LOW
Falan Goswami,6,1,0,1,1,0,0.0,LOW
Bahadurjit Chaudhry,6,1,0,1,1,0,0.0,LOW
Yasti Uppal,6,1,0,1,1,0,0.0,LOW
Upkaar Kaur,6,1,0,1,1,0,0.0,LOW
Mohammed Boase,6,1,0,1,1,0,0.0,LOW
Ranbir Korpal,6,1,0,1,1,0,0.0,LOW
Tanvi Saraf,6,1,0,1,1,0,0.0,LOW
Yash Sha,6,1,0,1,1,0,0.0,LOW
Ekbal Ganguly,6,1,0,1,1,0,0.0,LOW
Balvan Edwin,6,1,0,1,1,0,0.0,LOW
Aditya Korpal,6,1,0,1,1,0,0.0,LOW
Manbir Lalla,6,1,0,1,1,0,0.0,LOW
Gayathri Gola,6,1,0,1,1,0,0.0,LOW
Falguni Handa,6,1,0,1,1,0,0.0,LOW
Viraj Shere,6,1,0,1,1,0,0.0,LOW
Aditya Soman,6,1,0,1,1,0,0.0,LOW
Liam Grover,6,1,0,1,1,0,0.0,LOW
Gayathri Acharya,6,1,0,1,1,0,0.0,LOW
Jagvi Bala,6,1,0,1,1,0,0.0,LOW
Dev Narasimhan,6,1,0,1,1,0,0.0,LOW
Chameli Kant,6,1,0,1,1,0,0.0,LOW
Lekha Prabhu,6,1,0,1,1,0,0.0,LOW
Odika Dasgupta,6,1,0,1,1,0,0.0,LOW
Daksh Shere,6,1,0,1,1,0,0.0,LOW
Janani Brar,6,1,0,1,1,0,0.0,LOW
Logan Sheth,6,1,0,1,1,0,0.0,LOW
Mitesh Mangal,6,1,0,1,1,0,0.0,LOW
Jason Nadig,6,1,0,1,1,0,0.0,LOW
Dev Bhat,6,1,0,1,1,0,0.0,LOW
Unni Chaudhuri,6,1,0,1,1,0,0.0,LOW
Ethan Atwal,6,1,0,1,1,0,0.0,LOW
Samesh Chaudhari,6,1,0,1,1,0,0.0,LOW
Eshana Khurana,6,1,0,1,1,0,0.0,LOW
Aryan Rau,6,1,0,1,1,0,0.0,LOW
Max Luthra,6,1,0,1,1,0,0.0,LOW
Rachita Krish,6,1,0,1,1,0,0.0,LOW
Hemang Sant,6,1,0,1,1,0,0.0,LOW
Eta Chakrabarti,6,1,0,1,1,0,0.0,LOW
Avni Shah,6,1,0,1,1,0,0.0,LOW
Darika Ben,6,1,0,1,1,0,0.0,LOW
Sneha Venkatesh,6,1,0,1,1,0,0.0,LOW
Adweta Doctor,6,1,0,1,1,0,0.0,LOW
Anika Choudhury,6,1,0,1,1,0,0.0,LOW
Alexander Gupta,6,1,0,1,1,0,0.0,LOW
Udant Padmanabhan,6,1,0,1,1,0,0.0,LOW
Raagini Savant,6,1,0,1,1,0,0.0,LOW
Jalsa Salvi,6,1,0,1,1,0,0.0,LOW
Elijah Dada,6,1,0,1,1,0,0.0,LOW
Gagan Bandi,6,1,0,1,1,0,0.0,LOW
Yatin Wagle,6,1,0,1,1,0,0.0,LOW
Yamini Madan,6,1,0,1,1,0,0.0,LOW
Kevin Biswas,6,1,0,1,1,0,0.0,LOW
Jonathan Kuruvilla,6,1,0,1,1,0,0.0,LOW
Mohammed Shenoy,6,1,0,1,1,0,0.0,LOW
Yash Khalsa,6,1,0,1,1,0,0.0,LOW
Charan Kadakia,6,1,0,1,1,0,0.0,LOW
Thomas Mall,6,1,0,1,1,0,0.0,LOW
Balendra Lad,6,1,0,1,1,0,0.0,LOW
Mohini Balasubramanian,6,1,0,1,1,0,0.0,LOW
Chaaya Minhas,6,1,0,1,1,0,0.0,LOW
Sara Seth,6,1,0,1,1,0,0.0,LOW
Dev Sarkar,6,1,0,1,1,0,0.0,LOW
Anthony Tara,6,1,0,1,1,0,0.0,LOW
Sanya Karpe,6,1,0,1,1,0,0.0,LOW
Watika Zachariah,6,1,0,1,1,0,0.0,LOW
Amol Bajwa,6,1,0,1,1,0,0.0,LOW
Januja Behl,6,1,0,1,1,0,0.0,LOW
Advik Dar,6,1,0,1,1,0,0.0,LOW
Ojas Mann,6,1,0,1,1,0,0.0,LOW
Harrison Bakshi,6,1,0,1,1,0,0.0,LOW
Nitesh Issac,6,1,0,1,1,0,0.0,LOW
Nidra Choudhary,6,1,0,1,1,0,0.0,LOW
Praneel Brahmbhatt,6,1,0,1,1,0,0.0,LOW
Faras Sood,6,1,0,1,1,0,0.0,LOW
Falan Lall,6,1,0,1,1,0,0.0,LOW
Damini Mangal,6,1,0,1,1,0,0.0,LOW
Varenya Yohannan,6,1,0,1,1,0,0.0,LOW
Charvi Uppal,6,1,0,1,1,0,0.0,LOW
Ishanvi Som,6,1,0,1,1,0,0.0,LOW
Chatresh Wali,6,1,0,1,1,0,0.0,LOW
Rishi Verma,6,1,0,1,1,0,0.0,LOW
Eta Misra,6,1,0,1,1,0,0.0,LOW
Diya Nair,6,1,0,1,1,0,0.0,LOW
Onkar Boase,6,1,0,1,1,0,0.0,LOW
Jagat Chacko,6,1,0,1,1,0,0.0,LOW
Nikita Prasad,6,1,0,1,1,0,0.0,LOW
Peter Sachar,6,1,0,1,1,0,0.0,LOW
Eshana Singh,6,1,0,1,1,0,0.0,LOW
Chandani Kala,6,1,0,1,1,0,0.0,LOW
Watika Bhalla,6,1,0,1,1,0,0.0,LOW
Vritti Dube,6,1,0,1,1,0,0.0,LOW
Oeshi Patla,6,1,0,1,1,0,0.0,LOW
Gauri Shah,6,1,0,1,1,0,0.0,LOW
Shivani Tak,6,1,0,1,1,0,0.0,LOW
Ladli Mohanty,6,1,0,1,1,0,0.0,LOW
Arin Sundaram,6,1,0,1,1,0,0.0,LOW
Gavin Taneja,6,1,0,1,1,0,0.0,LOW
Arin Nair,6,1,0,1,1,0,0.0,LOW
Ayush Mittal,6,1,0,1,1,0,0.0,LOW
Rachita Kamdar,6,1,0,1,1,0,0.0,LOW
Indira Mann,6,1,0,1,1,0,0.0,LOW
Mason Sarma,6,1,0,1,1,0,0.0,LOW
Yashodhara Gandhi,6,1,0,1,1,0,0.0,LOW
Yasti Bhasin,6,1,0,1,1,0,0.0,LOW
Varenya Chakraborty,6,1,0,1,1,0,0.0,LOW
Lopa Contractor,6,1,0,1,1,0,0.0,LOW
Xalak Goyal,6,1,0,1,1,0,0.0,LOW
Zayyan Kaul,6,1,0,1,1,0,0.0,LOW
Balendra Murty,6,1,0,1,1,0,0.0,LOW
Balveer Borah,6,1,0,1,1,0,0.0,LOW
Nisha Kant,6,1,0,1,1,0,0.0,LOW
Adweta Dewan,6,1,0,1,1,0,0.0,LOW
Hiral Seshadri,6,1,0,1,1,0,0.0,LOW
Yashvi Gole,6,1,0,1,1,0,0.0,LOW
Patrick Sachdev,6,1,0,1,1,0,0.0,LOW
Robert Chacko,6,1,0,1,1,0,0.0,LOW
Harinakshi Walla,6,1,0,1,1,0,0.0,LOW
Forum Mahajan,6,1,0,1,1,0,0.0,LOW
Chaitaly Sarin,6,1,0,1,1,0,0.0,LOW
Champak Ravi,6,1,0,1,1,0,0.0,LOW
Gopal Kohli,6,1,0,1,1,0,0.0,LOW
Advaith Virk,6,1,0,1,1,0,0.0,LOW
Amaira Bal,6,1,0,1,1,0,0.0,LOW
Urishilla Sahota,6,1,0,1,1,0,0.0,LOW
Omkaar Parsa,6,1,0,1,1,0,0.0,LOW
Udant Taneja,6,1,0,1,1,0,0.0,LOW
Falan Sha,6,1,0,1,1,0,0.0,LOW
Samarth Merchant,6,1,0,1,1,0,0.0,LOW
Faraj Choudhary,6,1,0,1,1,0,0.0,LOW
Ryan Chaudhuri,6,1,0,1,1,0,0.0,LOW
Jack Wason,6,1,0,1,1,0,0.0,LOW
Damini Rajagopalan,6,1,0,1,1,0,0.0,LOW
Eshana Kapur,6,1,0,1,1,0,0.0,LOW
Shravya Atwal,6,1,0,1,1,0,0.0,LOW
Sathvik Gara,6,1,0,1,1,0,0.0,LOW
Samarth Kannan,6,1,0,1,1,0,0.0,LOW
Nidhi Chander,6,1,0,1,1,0,0.0,LOW
Karan Wali,6,1,0,1,1,0,0.0,LOW
Abdul Chokshi,6,1,0,1,1,0,0.0,LOW
Unnati Kothari,6,1,0,1,1,0,0.0,LOW
Gunbir Biswas,6,1,0,1,1,0,0.0,LOW
Prisha Kade,6,1,0,1,1,0,0.0,LOW
Pavani Ahluwalia,6,1,0,1,1,0,0.0,LOW
Nisha Balay,6,1,0,1,1,0,0.0,LOW
Vedika Deep,6,1,0,1,1,0,0.0,LOW
Farhan Upadhyay,6,1,0,1,1,0,0.0,LOW
Panini Dhillon,6,1,0,1,1,0,0.0,LOW
Jagdish Dugal,6,1,0,1,1,0,0.0,LOW
Nisha Gera,6,1,0,1,1,0,0.0,LOW
Tanmayi Sampath,6,1,0,1,1,0,0.0,LOW
Neha Lala,6,1,0,1,1,0,0.0,LOW
Ayushman Hayer,6,1,0,1,1,0,0.0,LOW
Gauri Thakkar,6,1,0,1,1,0,0.0,LOW
Frado Mittal,6,1,0,1,1,0,0.0,LOW
Omkaar Pant,6,1,0,1,1,0,0.0,LOW
Lopa Atwal,6,1,0,1,1,0,0.0,LOW
Warjas Grewal,6,1,0,1,1,0,0.0,LOW
Yauvani Shroff,6,1,0,1,1,0,0.0,LOW
Om Radhakrishnan,6,1,0,1,1,0,0.0,LOW
Jeremiah Mallick,6,1,0,1,1,0,0.0,LOW
Bhavini Barad,6,1,0,1,1,0,0.0,LOW
Saumya Pant,6,1,0,1,1,0,0.0,LOW
Oni Chokshi,6,1,0,1,1,0,0.0,LOW
Krishna Agarwal,6,1,0,1,1,0,0.0,LOW
Guneet Virk,6,1,0,1,1,0,0.0,LOW
Guneet Varkey,6,1,0,1,1,0,0.0,LOW
Bakhshi Dara,6,1,0,1,1,0,0.0,LOW
Zayyan Toor,6,1,0,1,1,0,0.0,LOW
Aadi Ahluwalia,6,1,0,1,1,0,0.0,LOW
Bimala Nazareth,6,1,0,1,1,0,0.0,LOW
Ojasvi Raja,6,1,0,1,1,0,0.0,LOW
Kai Vyas,6,1,0,1,1,0,0.0,LOW
Harish Sidhu,6,1,0,1,1,0,0.0,LOW
Alexander Mukhopadhyay,6,1,0,1,1,0,0.0,LOW
Nihal Maharaj,6,1,0,1,1,0,0.0,LOW
Adweta Ravi,6,1,0,1,1,0,0.0,LOW
Owen Chaudhry,6,1,0,1,1,0,0.0,LOW
Advika Soni,6,1,0,1,1,0,0.0,LOW
Zilmil Mammen,6,1,0,1,1,0,0.0,LOW
Amol Bajaj,6,1,0,1,1,0,0.0,LOW
Balveer Krishnan,6,1,0,1,1,0,0.0,LOW
Chanakya Suri,6,1,0,1,1,0,0.0,LOW
Logan Jain,6,1,0,1,1,0,0.0,LOW
Bhavya Munshi,6,1,0,1,1,0,0.0,LOW
Amaira Ahuja,6,1,0,1,1,0,0.0,LOW
Avi Reddy,6,1,0,1,1,0,0.0,LOW
Azaan Chadha,6,1,0,1,1,0,0.0,LOW
Aarnav Naidu,6,1,0,1,1,0,0.0,LOW
Avni Yohannan,6,1,0,1,1,0,0.0,LOW
Adya Chauhan,6,1,0,1,1,0,0.0,LOW
Max Palan,6,1,0,1,1,0,0.0,LOW
Damyanti Cherian,6,1,0,1,1,0,0.0,LOW
Watika Guha,6,1,0,1,1,0,0.0,LOW
Utkarsh Taneja,6,1,0,1,1,0,0.0,LOW
Gaurangi Balasubramanian,6,1,0,1,1,0,0.0,LOW
Anirudh Gulati,6,1,0,1,1,0,0.0,LOW
Indira Bajaj,6,1,0,1,1,0,0.0,LOW
Warhi Soni,6,1,0,1,1,0,0.0,LOW
Nachiket Nagi,6,1,0,1,1,0,0.0,LOW
Idika Kalla,6,1,0,1,1,0,0.0,LOW
Naveen Rama,6,1,0,1,1,0,0.0,LOW
Devansh Padmanabhan,6,1,0,1,1,0,0.0,LOW
Darpan Raju,6,1,0,1,1,0,0.0,LOW
Devansh Ramakrishnan,6,1,0,1,1,0,0.0,LOW
Vyanjana Rajagopalan,6,1,0,1,1,0,0.0,LOW
Sneha Kala,6,1,0,1,1,0,0.0,LOW
Urmi Mann,6,1,0,1,1,0,0.0,LOW
Yashawini Mody,6,1,0,1,1,0,0.0,LOW
Amaira Pathak,6,1,0,1,1,0,0.0,LOW
Mason Dubey,6,1,0,1,1,0,0.0,LOW
Harish Chopra,6,1,0,1,1,0,0.0,LOW
Ryan Murty,6,1,0,1,1,0,0.0,LOW
Jacob Sandhu,6,1,0,1,1,0,0.0,LOW
Zehaan Raju,6,1,0,1,1,0,0.0,LOW
Kashvi Gandhi,6,1,0,1,1,0,0.0,LOW
Yashoda Naik,6,1,0,1,1,0,0.0,LOW
Alka Bora,6,1,0,1,1,0,0.0,LOW
Chandani Suresh,6,1,0,1,1,0,0.0,LOW
Hardik Mani,6,1,0,1,1,0,0.0,LOW
Samaksh Wadhwa,6,1,0,1,1,0,0.0,LOW
Adya Trivedi,6,1,0,1,1,0,0.0,LOW
Lila Sandal,6,1,0,1,1,0,0.0,LOW
Anirudh Golla,6,1,0,1,1,0,0.0,LOW
Ekaja Saha,6,1,0,1,1,0,0.0,LOW
Varsha Tailor,6,1,0,1,1,0,0.0,LOW
Anthony Seshadri,6,1,0,1,1,0,0.0,LOW
Abdul Soni,6,1,0,1,1,0,0.0,LOW
Sanaya Gera,6,1,0,1,1,0,0.0,LOW
Mugdha Shankar,6,1,0,1,1,0,0.0,LOW
Panini Bawa,6,1,0,1,1,0,0.0,LOW
Yashawini Mitter,6,1,0,1,1,0,0.0,LOW
Ekantika Ganguly,6,1,0,1,1,0,0.0,LOW
Anay Bhatti,6,1,0,1,1,0,0.0,LOW
Eshana Gill,6,1,0,1,1,0,0.0,LOW
Shivansh Jayaraman,6,1,0,1,1,0,0.0,LOW
Tanvi Bali,6,1,0,1,1,0,0.0,LOW
Sai Keer,6,1,0,1,1,0,0.0,LOW
Kalpit Karpe,6,1,0,1,1,0,0.0,LOW
Gayathri Pall,6,1,0,1,1,0,0.0,LOW
Agastya Uppal,6,1,0,1,1,0,0.0,LOW
Ansh Batra,6,1,0,1,1,0,0.0,LOW
Raagini Krishnan,6,1,0,1,1,0,0.0,LOW
Lavanya Pai,6,1,0,1,1,0,0.0,LOW
Champak Hari,6,1,0,1,1,0,0.0,LOW
Sanya Divan,6,1,0,1,1,0,0.0,LOW
Karan Brahmbhatt,6,1,0,1,1,0,0.0,LOW
Omisha Panchal,6,1,0,1,1,0,0.0,LOW
Tanay Ahluwalia,6,1,0,1,1,0,0.0,LOW
Shaurya Luthra,6,1,0,1,1,0,0.0,LOW
Chakradev Soni,6,1,0,1,1,0,0.0,LOW
Chanakya Nagarajan,6,1,0,1,1,0,0.0,LOW
Suhani Cheema,6,1,0,1,1,0,0.0,LOW
Jagdish Kapoor,6,1,0,1,1,0,0.0,LOW
Chaaya Karan,6,1,0,1,1,0,0.0,LOW
Damini Pathak,6,1,0,1,1,0,0.0,LOW
Vasatika Chatterjee,6,1,0,1,1,0,0.0,LOW
Reva Suresh,6,1,0,1,1,0,0.0,LOW
Ryan Sen,6,1,0,1,1,0,0.0,LOW
Azad Chawla,6,1,0,1,1,0,0.0,LOW
Chaaya Gupta,6,1,0,1,1,0,0.0,LOW
Vedika Sekhon,6,1,0,1,1,0,0.0,LOW
Barkha Hegde,6,1,0,1,1,0,0.0,LOW
Amara Balay,6,1,0,1,1,0,0.0,LOW
Adweta Shanker,6,1,0,1,1,0,0.0,LOW
Ekalinga Venkatesh,6,1,0,1,1,0,0.0,LOW
Manan Mangal,6,1,0,1,1,0,0.0,LOW
Ronith Malhotra,6,1,0,1,1,0,0.0,LOW
Pallavi Chaudhary,6,1,0,1,1,0,0.0,LOW
Anthony Subramanian,6,1,0,1,1,0,0.0,LOW
Brijesh Chanda,6,1,0,1,1,0,0.0,LOW
Parth Brahmbhatt,6,1,0,1,1,0,0.0,LOW
Jai Roy,6,1,0,1,1,0,0.0,LOW
Yatan Dubey,6,1,0,1,1,0,0.0,LOW
Xavier Bedi,6,1,0,1,1,0,0.0,LOW
Oviya Samra,6,1,0,1,1,0,0.0,LOW
Anthony Koshy,6,1,0,1,1,0,0.0,LOW
Ucchal Date,6,1,0,1,1,0,0.0,LOW
Yauvani Iyer,6,1,0,1,1,0,0.0,LOW
Samarth Shan,6,1,0,1,1,0,0.0,LOW
Warda Dass,6,1,0,1,1,0,0.0,LOW
Saumya Mann,6,1,0,1,1,0,0.0,LOW
Deepa Banerjee,6,1,0,1,1,0,0.0,LOW
Ekani Palla,6,1,0,1,1,0,0.0,LOW
Shivansh Cheema,6,1,0,1,1,0,0.0,LOW
Max Sant,6,1,0,1,1,0,0.0,LOW
Qadim Raj,6,1,0,1,1,0,0.0,LOW
Warda Brar,6,1,0,1,1,0,0.0,LOW
Hemal Salvi,6,1,0,1,1,0,0.0,LOW
Rehaan Agarwal,6,1,0,1,1,0,0.0,LOW
Gabriel Sule,6,1,0,1,1,0,0.0,LOW
Wriddhish Pai,6,1,0,1,1,0,0.0,LOW
Bimala Kurian,6,1,0,1,1,0,0.0,LOW
Daksha Banerjee,6,1,0,1,1,0,0.0,LOW
Jagrati Dhar,6,1,0,1,1,0,0.0,LOW
Vrishti Gandhi,6,1,0,1,1,0,0.0,LOW
Watika Lad,6,1,0,1,1,0,0.0,LOW
Varsha Sathe,6,1,0,1,1,0,0.0,LOW
Victor Dugal,6,1,0,1,1,0,0.0,LOW
Fiyaz Chhabra,6,1,0,1,1,0,0.0,LOW
Ishwar Parmar,6,1,0,1,1,0,0.0,LOW
Yatin Ganesan,6,1,0,1,1,0,0.0,LOW
Kamya Yohannan,6,1,0,1,1,0,0.0,LOW
Suhani Mand,6,1,0,1,1,0,0.0,LOW
Bhavika Datta,6,1,0,1,1,0,0.0,LOW
Harish Mangat,6,1,0,1,1,0,0.0,LOW
Praneel Varghese,6,1,0,1,1,0,0.0,LOW
Gautami Ravel,6,1,0,1,1,0,0.0,LOW
Indali Om,6,1,0,1,1,0,0.0,LOW
Zinal Sidhu,6,1,0,1,1,0,0.0,LOW
Raksha Borra,6,1,0,1,1,0,0.0,LOW
Eshana Dube,6,1,0,1,1,0,0.0,LOW
Nakul Bajwa,6,1,0,1,1,0,0.0,LOW
Zehaan Choudhary,6,1,0,1,1,0,0.0,LOW
Reyansh Kale,6,1,0,1,1,0,0.0,LOW
Aayush Chauhan,6,1,0,1,1,0,0.0,LOW
Manbir Shankar,6,1,0,1,1,0,0.0,LOW
Bhavani Naik,6,1,0,1,1,0,0.0,LOW
Arjun Mane,6,1,0,1,1,0,0.0,LOW
Ekanta Arya,6,1,0,1,1,0,0.0,LOW
Lohit Kamdar,6,1,0,1,1,0,0.0,LOW
Owen Vaidya,6,1,0,1,1,0,0.0,LOW
Oni Sampath,6,1,0,1,1,0,0.0,LOW
Pratyush Bali,6,1,0,1,1,0,0.0,LOW
Jai Mitter,6,1,0,1,1,0,0.0,LOW
Fiyaz Guha,6,1,0,1,1,0,0.0,LOW
Chakradhar Chaudhuri,6,1,0,1,1,0,0.0,LOW
Arya Shetty,6,1,0,1,1,0,0.0,LOW
Wishi Gola,6,1,0,1,1,0,0.0,LOW
Dhruv Deol,6,1,0,1,1,0,0.0,LOW
Frado Thakur,6,1,0,1,1,0,0.0,LOW
Yashica Sahota,6,1,0,1,1,0,0.0,LOW
Chaaya Prabhu,6,1,0,1,1,0,0.0,LOW
Peter Patel,6,1,0,1,1,0,0.0,LOW
Kalpit Trivedi,6,1,0,1,1,0,0.0,LOW
Vedika Kumar,6,1,0,1,1,0,0.0,LOW
Qarin Varma,6,1,0,1,1,0,0.0,LOW
Siddharth Parekh,6,1,0,1,1,0,0.0,LOW
Oni Swaminathan,6,1,0,1,1,0,0.0,LOW
Raksha Patil,6,1,0,1,1,0,0.0,LOW
Champak Shankar,6,1,0,1,1,0,0.0,LOW
David Krish,6,1,0,1,1,0,0.0,LOW
Karan Rai,6,1,0,1,1,0,0.0,LOW
Tristan Ratti,6,1,0,1,1,0,0.0,LOW
Timothy Dave,6,1,0,1,1,0,0.0,LOW
Udant Rajagopal,6,1,0,1,1,0,0.0,LOW
Jagat Comar,6,1,0,1,1,0,0.0,LOW
Bimala Sekhon,6,1,0,1,1,0,0.0,LOW
Pahal Tiwari,6,1,0,1,1,0,0.0,LOW
Balhaar Pant,6,1,0,1,1,0,0.0,LOW
Xiti Ahuja,6,1,0,1,1,0,0.0,LOW
Ubika Apte,6,1,0,1,1,0,0.0,LOW
Faras Keer,6,1,0,1,1,0,0.0,LOW
Neelima Narasimhan,6,1,0,1,1,0,0.0,LOW
Ekaraj Loyal,6,1,0,1,1,0,0.0,LOW
Veda Luthra,6,1,0,1,1,0,0.0,LOW
Yadavi Sur,6,1,0,1,1,0,0.0,LOW
Upkaar Borah,6,1,0,1,1,0,0.0,LOW
Chandani Vaidya,6,1,0,1,1,0,0.0,LOW
Anita Doctor,6,1,0,1,1,0,0.0,LOW
Guneet Ramakrishnan,6,1,0,1,1,0,0.0,LOW
Krishna Joshi,6,1,0,1,1,0,0.0,LOW
Wazir Tata,6,1,0,1,1,0,0.0,LOW
Ekansh Thaman,6,1,0,1,1,0,0.0,LOW
Faqid Mann,6,1,0,1,1,0,0.0,LOW
Naksh Arya,6,1,0,1,1,0,0.0,LOW
Mahika Bumb,6,1,0,1,1,0,0.0,LOW
Sneha Basak,6,1,0,1,1,0,0.0,LOW
Aashi Samra,6,1,0,1,1,0,0.0,LOW
Damini Bora,6,1,0,1,1,0,0.0,LOW
Wakeeta Borah,6,1,0,1,1,0,0.0,LOW
Qarin Dave,6,1,0,1,1,0,0.0,LOW
Pratyush Tara,6,1,0,1,1,0,0.0,LOW
Neel Ravel,6,1,0,1,1,0,0.0,LOW
Lila Ram,6,1,0,1,1,0,0.0,LOW
Warinder Raja,6,1,0,1,1,0,0.0,LOW
Shaurya Kata,6,1,0,1,1,0,0.0,LOW
Elijah Raj,6,1,0,1,1,0,0.0,LOW
Ishani Deol,6,1,0,1,1,0,0.0,LOW
Damyanti Kaur,6,1,0,1,1,0,0.0,LOW
Nidra Chakrabarti,6,1,0,1,1,0,0.0,LOW
Dayita Khatri,6,1,0,1,1,0,0.0,LOW
Gayathri Grover,6,1,0,1,1,0,0.0,LOW
Frederick Garg,6,1,0,1,1,0,0.0,LOW
Ojas Pai,6,1,0,1,1,0,0.0,LOW
Vyanjana Palla,6,1,0,1,1,0,0.0,LOW
Aachal Sankaran,6,1,0,1,1,0,0.0,LOW
Omya Doctor,6,1,0,1,1,0,0.0,LOW
Sarthak Tata,6,1,0,1,1,0,0.0,LOW
David Dass,6,1,0,1,1,0,0.0,LOW
Aarna Agate,6,1,0,1,1,0,0.0,LOW
Noah Dyal,6,1,0,1,1,0,0.0,LOW
Vasudha Banerjee,6,1,0,1,1,0,0.0,LOW
Reyansh Chaudhuri,6,1,0,1,1,0,0.0,LOW
Zinal Parsa,6,1,0,1,1,0,0.0,LOW
Balendra Gade,6,1,0,1,1,0,0.0,LOW
Garima Kade,6,1,0,1,1,0,0.0,LOW
Vihaan Khurana,6,1,0,1,1,0,0.0,LOW
Chaitaly Bhandari,6,1,0,1,1,0,0.0,LOW
Triya Ahluwalia,6,1,0,1,1,0,0.0,LOW
Nakul Deshmukh,6,1,0,1,1,0,0.0,LOW
Falan Yohannan,6,1,0,1,1,0,0.0,LOW
Jagvi Dara,6,1,0,1,1,0,0.0,LOW
Indrajit Swaminathan,6,1,0,1,1,0,0.0,LOW
Ganga Jaggi,6,1,0,1,1,0,0.0,LOW
Lohit Ahuja,6,1,0,1,1,0,0.0,LOW
Parth Nayak,6,1,0,1,1,0,0.0,LOW
Urvashi Bhagat,6,1,0,1,1,0,0.0,LOW
Krish Krishna,6,1,0,1,1,0,0.0,LOW
Rayaan Sundaram,6,1,0,1,1,0,0.0,LOW
Ati Chauhan,6,1,0,1,1,0,0.0,LOW
Geetika Dayal,6,1,0,1,1,0,0.0,LOW
Pranav Raghavan,6,1,0,1,1,0,0.0,LOW
Saanvi Ghosh,6,1,0,1,1,0,0.0,LOW
Aryan Vig,6,1,0,1,1,0,0.0,LOW
Aradhana Sahni,6,1,0,1,1,0,0.0,LOW
Krishna Khanna,6,1,0,1,1,0,0.0,LOW
Wahab Thaker,6,1,0,1,1,0,0.0,LOW
Girish Kashyap,6,1,0,1,1,0,0.0,LOW
Girik Murty,6,1,0,1,1,0,0.0,LOW
Tarak Sankaran,6,1,0,1,1,0,0.0,LOW
Faqid Pillay,6,1,0,1,1,0,0.0,LOW
Divya Reddy,6,1,0,1,1,0,0.0,LOW
Harini Garg,6,1,0,1,1,0,0.0,LOW
Vasatika Sastry,6,1,0,1,1,0,0.0,LOW
Udyati Parmar,6,1,0,1,1,0,0.0,LOW
William Sarraf,6,1,0,1,1,0,0.0,LOW
Jeevika Wali,6,1,0,1,1,0,0.0,LOW
Chasmum Gill,6,1,0,1,1,0,0.0,LOW
Januja Narasimhan,6,1,0,1,1,0,0.0,LOW
Benjamin Gala,6,1,0,1,1,0,0.0,LOW
Brinda Tripathi,6,1,0,1,1,0,0.0,LOW
Chakrika Garde,6,1,0,1,1,0,0.0,LOW
Abha Raju,6,1,0,1,1,0,0.0,LOW
Anamika Mukherjee,6,1,0,1,1,0,0.0,LOW
Aditya Baral,6,1,0,1,1,0,0.0,LOW
Upma Thakkar,6,1,0,1,1,0,0.0,LOW
Aarna Gara,6,1,0,1,1,0,0.0,LOW
Xavier Murthy,6,1,0,1,1,0,0.0,LOW
Gaurav Chacko,6,1,0,1,1,0,0.0,LOW
Arunima Khare,6,1,0,1,1,0,0.0,LOW
Anmol Sen,6,1,0,1,1,0,0.0,LOW
Vansha Parsa,6,1,0,1,1,0,0.0,LOW
Chavvi Thaman,6,1,0,1,1,0,0.0,LOW
Rajeshri Nigam,6,1,0,1,1,0,0.0,LOW
Gaurika Mall,6,1,0,1,1,0,0.0,LOW
Abhimanyu Agrawal,6,1,0,1,1,0,0.0,LOW
Patrick Gola,6,1,0,1,1,0,0.0,LOW
Ekani Bera,6,1,0,1,1,0,0.0,LOW
Shaurya Borah,6,1,0,1,1,0,0.0,LOW
Advaith Kurian,6,1,0,1,1,0,0.0,LOW
Rachana Taneja,6,1,0,1,1,0,0.0,LOW
Kai Dasgupta,6,1,0,1,1,0,0.0,LOW
Mohini Gaba,6,1,0,1,1,0,0.0,LOW
Owen Baral,6,1,0,1,1,0,0.0,LOW
Zaid Suri,6,1,0,1,1,0,0.0,LOW
Lopa Mander,6,1,0,1,1,0,0.0,LOW
Brijesh Narayan,6,1,0,1,1,0,0.0,LOW
Harish Khare,6,1,0,1,1,0,0.0,LOW
Maanas Chaudry,6,1,0,1,1,0,0.0,LOW
Bhavika Bhatia,6,1,0,1,1,0,0.0,LOW
Abha Bains,6,1,0,1,1,0,0.0,LOW
Pranav Jain,6,1,0,1,1,0,0.0,LOW
Yuvraj Jayaraman,6,1,0,1,1,0,0.0,LOW
Yadavi Basu,6,1,0,1,1,0,0.0,LOW
Jatin Mitter,6,1,0,1,1,0,0.0,LOW
Varsha Kalla,6,1,0,1,1,0,0.0,LOW
Jagat Sani,6,1,0,1,1,0,0.0,LOW
Maya Kaul,6,1,0,1,1,0,0.0,LOW
Harini Sehgal,6,1,0,1,1,0,0.0,LOW
Vincent Padmanabhan,6,1,0,1,1,0,0.0,LOW
Upma Chhabra,6,1,0,1,1,0,0.0,LOW
Advaith Ghosh,6,1,0,1,1,0,0.0,LOW
Aarush Borde,6,1,0,1,1,0,0.0,LOW
Daksha Rajagopal,6,1,0,1,1,0,0.0,LOW
Vinaya Sanghvi,6,1,0,1,1,0,0.0,LOW
Tanish Chokshi,6,1,0,1,1,0,0.0,LOW
Jeevika Kurian,6,1,0,1,1,0,0.0,LOW
Sai Upadhyay,6,1,0,1,1,0,0.0,LOW
Harini Khosla,6,1,0,1,1,0,0.0,LOW
Garima Dugar,6,1,0,1,1,0,0.0,LOW
Lohit Pillai,6,1,0,1,1,0,0.0,LOW
Ishita Jayaraman,6,1,0,1,1,0,0.0,LOW
Libni Hari,6,1,0,1,1,0,0.0,LOW
Teerth More,6,1,0,1,1,0,0.0,LOW
Lakshit Barman,6,1,0,1,1,0,0.0,LOW
Indrajit Bandi,6,1,0,1,1,0,0.0,LOW
Radha Khanna,6,1,0,1,1,0,0.0,LOW
Nidhi Shanker,6,1,0,1,1,0,0.0,LOW
Jagdish Khanna,6,1,0,1,1,0,0.0,LOW
Anamika Pradhan,6,1,0,1,1,0,0.0,LOW
Udyati Sarraf,6,1,0,1,1,0,0.0,LOW
Pranit Raval,6,1,0,1,1,0,0.0,LOW
Libni Ray,6,1,0,1,1,0,0.0,LOW
Ria Tiwari,6,1,0,1,1,0,0.0,LOW
Omya Dugar,6,1,0,1,1,0,0.0,LOW
Utkarsh Natt,6,1,0,1,1,0,0.0,LOW
Damyanti Grover,6,1,0,1,1,0,0.0,LOW
Sathvik Purohit,6,1,0,1,1,0,0.0,LOW
Dipta Soman,6,1,0,1,1,0,0.0,LOW
Ishita Wali,6,1,0,1,1,0,0.0,LOW
Liam Krishna,6,1,0,1,1,0,0.0,LOW
Faras Goel,6,1,0,1,1,0,0.0,LOW
Jeet Rout,6,1,0,1,1,0,0.0,LOW
Dalbir Oak,6,1,0,1,1,0,0.0,LOW
Naveen Hayer,6,1,0,1,1,0,0.0,LOW
Christopher Swamy,6,1,0,1,1,0,0.0,LOW
Jacob Ravel,6,1,0,1,1,0,0.0,LOW
Ansh Peri,6,1,0,1,1,0,0.0,LOW
Yauvani Aurora,6,1,0,1,1,0,0.0,LOW
Daksha Palla,6,1,0,1,1,0,0.0,LOW
Eshana Ghose,6,1,0,1,1,0,0.0,LOW
Victor Mandal,6,1,0,1,1,0,0.0,LOW
Bhavani Goswami,6,1,0,1,1,0,0.0,LOW
Balvan Sagar,6,1,0,1,1,0,0.0,LOW
Robert Rao,6,1,0,1,1,0,0.0,LOW
Ayaan Ravel,6,1,0,1,1,0,0.0,LOW
Mitali Sarna,6,1,0,1,1,0,0.0,LOW
Lavanya Wadhwa,6,1,0,1,1,0,0.0,LOW
Ekaja Balasubramanian,6,1,0,1,1,0,0.0,LOW
Leena Choudhury,6,1,0,1,1,0,0.0,LOW
Aadi Korpal,6,1,0,1,1,0,0.0,LOW
Nitesh Puri,6,1,0,1,1,0,0.0,LOW
Turvi Sengupta,6,1,0,1,1,0,0.0,LOW
Vaishnavi Bedi,6,1,0,1,1,0,0.0,LOW
Simon Rajagopal,6,1,0,1,1,0,0.0,LOW
Samarth Setty,6,1,0,1,1,0,0.0,LOW
Agastya Khosla,6,1,0,1,1,0,0.0,LOW
Anjali Bal,6,1,0,1,1,0,0.0,LOW
Yashodhara Pandey,6,1,0,1,1,0,0.0,LOW
Reyansh Raman,6,1,0,1,1,0,0.0,LOW
Udarsh Kaul,6,1,0,1,1,0,0.0,LOW
Amrita Bava,6,1,0,1,1,0,0.0,LOW
Rajeshri Shankar,6,1,0,1,1,0,0.0,LOW
Devika Majumdar,6,1,0,1,1,0,0.0,LOW
Bachittar Dhingra,6,1,0,1,1,0,0.0,LOW
Balendra Ramaswamy,6,1,0,1,1,0,0.0,LOW
Chanakya Sinha,6,1,0,1,1,0,0.0,LOW
Pahal Date,6,1,0,1,1,0,0.0,LOW
Gayathri Deo,6,1,0,1,1,0,0.0,LOW
Thomas Patla,6,1,0,1,1,0,0.0,LOW
Aashi Murthy,6,1,0,1,1,0,0.0,LOW
Ati Rao,6,1,0,1,1,0,0.0,LOW
Azaan Jain,6,1,0,1,1,0,0.0,LOW
Vedika Kashyap,6,1,0,1,1,0,0.0,LOW
Girindra Shah,6,1,0,1,1,0,0.0,LOW
Nitara Ghosh,6,1,0,1,1,0,0.0,LOW
Krishna Din,6,1,0,1,1,0,0.0,LOW
Shaurya Krishna,6,1,0,1,1,0,0.0,LOW
Chakradev Hayre,6,1,0,1,1,0,0.0,LOW
Yuvraj Kulkarni,6,1,0,1,1,0,0.0,LOW
Daksh Hari,6,1,0,1,1,0,0.0,LOW
Kabir Mistry,6,1,0,1,1,0,0.0,LOW
Pranit Devi,6,1,0,1,1,0,0.0,LOW
Parth Mohanty,6,1,0,1,1,0,0.0,LOW
Aayush Basak,6,1,0,1,1,0,0.0,LOW
Upkaar Krishna,6,1,0,1,1,0,0.0,LOW
Ryan Gokhale,6,1,0,1,1,0,0.0,LOW
Turvi Bajaj,6,1,0,1,1,0,0.0,LOW
Chameli Vora,6,1,0,1,1,0,0.0,LOW
Kala Choudhary,6,1,0,1,1,0,0.0,LOW
Wridesh Agate,6,1,0,1,1,0,0.0,LOW
David Dora,6,1,0,1,1,0,0.0,LOW
Wakeeta Bala,6,1,0,1,1,0,0.0,LOW
Vasudha Bose,6,1,0,1,1,0,0.0,LOW
Daniel Seshadri,6,1,0,1,1,0,0.0,LOW
Charles Dua,6,1,0,1,1,0,0.0,LOW
Gaurika Khanna,6,1,0,1,1,0,0.0,LOW
Chaitanya Ray,6,1,0,1,1,0,0.0,LOW
Girik Pau,6,1,0,1,1,0,0.0,LOW
Oliver Vala,6,1,0,1,1,0,0.0,LOW
Kashvi Patel,6,1,0,1,1,0,0.0,LOW
Kavya Purohit,6,1,0,1,1,0,0.0,LOW
Hitesh Nagi,6,1,0,1,1,0,0.0,LOW
Omkaar Pandey,6,1,0,1,1,0,0.0,LOW
Simon Shere,6,1,0,1,1,0,0.0,LOW
Yamini Rastogi,6,1,0,1,1,0,0.0,LOW
Nidhi Banerjee,6,1,0,1,1,0,0.0,LOW
Saksham Sarna,6,1,0,1,1,0,0.0,LOW
Veda Varty,6,1,0,1,1,0,0.0,LOW
Yachana Chandran,6,1,0,1,1,0,0.0,LOW
Joshua Deshpande,6,1,0,1,1,0,0.0,LOW
Faras Hayre,6,1,0,1,1,0,0.0,LOW
Saanvi Uppal,6,1,0,1,1,0,0.0,LOW
Ronith Thaker,6,1,0,1,1,0,0.0,LOW
Edhitha Zacharia,6,1,0,1,1,0,0.0,LOW
Hemani Chandra,6,1,0,1,1,0,0.0,LOW
Panini Dass,6,1,0,1,1,0,0.0,LOW
Madhav Menon,6,1,0,1,1,0,0.0,LOW
Anjali Padmanabhan,6,1,0,1,1,0,0.0,LOW
Abhimanyu Date,6,1,0,1,1,0,0.0,LOW
Ekani Narasimhan,6,1,0,1,1,0,0.0,LOW
Prisha Oak,6,1,0,1,1,0,0.0,LOW
Yashodhara Shetty,6,1,0,1,1,0,0.0,LOW
Aradhana Mani,6,1,0,1,1,0,0.0,LOW
Ijaya Parikh,6,1,0,1,1,0,0.0,LOW
Gopal Viswanathan,6,1,0,1,1,0,0.0,LOW
Chandran Aurora,6,1,0,1,1,0,0.0,LOW
Chaitaly Sengupta,6,1,0,1,1,0,0.0,LOW
Siya Mangal,6,1,0,1,1,0,0.0,LOW
Christopher Varkey,6,1,0,1,1,0,0.0,LOW
Girish Naidu,6,1,0,1,1,0,0.0,LOW
Victor Modi,6,1,0,1,1,0,0.0,LOW
Gayathri Thakur,6,1,0,1,1,0,0.0,LOW
Sanya Garg,6,1,0,1,1,0,0.0,LOW
Laksh Lala,6,1,0,1,1,0,0.0,LOW
Chakrika Nagi,6,1,0,1,1,0,0.0,LOW
Ira Apte,6,1,0,1,1,0,0.0,LOW
Eshana Lala,6,1,0,1,1,0,0.0,LOW
Sathvik Oza,6,1,0,1,1,0,0.0,LOW
Chavvi Kumer,6,1,0,1,1,0,0.0,LOW
Peter Ratta,6,1,0,1,1,0,0.0,LOW
Vyanjana Shenoy,6,1,0,1,1,0,0.0,LOW
Caleb Brahmbhatt,6,1,0,1,1,0,0.0,LOW
Oliver Sabharwal,6,1,0,1,1,0,0.0,LOW
Arjun Shroff,6,1,0,1,1,0,0.0,LOW
Nilima Sarraf,6,1,0,1,1,0,0.0,LOW
Baghyawati Yogi,6,1,0,1,1,0,0.0,LOW
Thomas Muni,6,1,0,1,1,0,0.0,LOW
Yadavi Nayak,6,1,0,1,1,0,0.0,LOW
Andrew De,6,1,0,1,1,0,0.0,LOW
Rachit Naik,6,1,0,1,1,0,0.0,LOW
Tripti Wagle,6,1,0,1,1,0,0.0,LOW
Aahana Nagarajan,6,1,0,1,1,0,0.0,LOW
Yashasvi Apte,6,1,0,1,1,0,0.0,LOW
Agastya Mohan,6,1,0,1,1,0,0.0,LOW
Ladli Deshpande,6,1,0,1,1,0,0.0,LOW
Brinda Subramanian,6,1,0,1,1,0,0.0,LOW
Robert Kuruvilla,6,1,0,1,1,0,0.0,LOW
Ekaja Rattan,6,1,0,1,1,0,0.0,LOW
Anusha Salvi,6,1,0,1,1,0,0.0,LOW
Pallavi Hari,6,1,0,1,1,0,0.0,LOW
Gopal Sibal,6,1,0,1,1,0,0.0,LOW
Sai Kumer,6,1,0,1,1,0,0.0,LOW
Alexander Karan,6,1,0,1,1,0,0.0,LOW
Kashish Sekhon,6,1,0,1,1,0,0.0,LOW
David Shanker,6,1,0,1,1,0,0.0,LOW
Ayushman Bail,6,1,0,1,1,0,0.0,LOW
Adweta Ben,6,1,0,1,1,0,0.0,LOW
Pushti Vohra,6,1,0,1,1,0,0.0,LOW
Ojas Verma,6,1,0,1,1,0,0.0,LOW
Vansha Lala,6,1,0,1,1,0,0.0,LOW
Unni Banerjee,6,1,0,1,1,0,0.0,LOW
Krisha Taneja,6,1,0,1,1,0,0.0,LOW
Zashil Natarajan,6,1,0,1,1,0,0.0,LOW
Chanchal Gokhale,6,1,0,1,1,0,0.0,LOW
Ekani Kota,6,1,0,1,1,0,0.0,LOW
Jai Pau,6,1,0,1,1,0,0.0,LOW
Bachittar Rama,6,1,0,1,1,0,0.0,LOW
Veer Kurian,6,1,0,1,1,0,0.0,LOW
Rachita Tank,6,1,0,1,1,0,0.0,LOW
Ubika Dhar,6,1,0,1,1,0,0.0,LOW
Chaitanya Bava,6,1,0,1,1,0,0.0,LOW
Balvan Bahl,6,1,0,1,1,0,0.0,LOW
Advik Sahota,6,1,0,1,1,0,0.0,LOW
Ekalinga Rajan,6,1,0,1,1,0,0.0,LOW
Anika Gaba,6,1,0,1,1,0,0.0,LOW
Ladli Srivastava,6,1,0,1,1,0,0.0,LOW
Yashawini Lad,6,1,0,1,1,0,0.0,LOW
Idika Behl,6,1,0,1,1,0,0.0,LOW
Bahadurjit Balan,6,1,0,1,1,0,0.0,LOW
Kamya Misra,6,1,0,1,1,0,0.0,LOW
Hritik Dua,6,1,0,1,1,0,0.0,LOW
Anita Char,6,1,0,1,1,0,0.0,LOW
Peter Subramanian,6,1,0,1,1,0,0.0,LOW
Jonathan Mangal,6,1,0,1,1,0,0.0,LOW
Vasudha Chaudhuri,6,1,0,1,1,0,0.0,LOW
Udant Nigam,6,1,0,1,1,0,0.0,LOW
Ekansh Raju,6,1,0,1,1,0,0.0,LOW
Karan Parekh,6,1,0,1,1,0,0.0,LOW
Caleb Deshpande,6,1,0,1,1,0,0.0,LOW
Jagdish Suresh,6,1,0,1,1,0,0.0,LOW
Frederick Kanda,6,1,0,1,1,0,0.0,LOW
Jagdish Kurian,6,1,0,1,1,0,0.0,LOW
Jagat Ramesh,6,1,0,1,1,0,0.0,LOW
Wishi Kurian,6,1,0,1,1,0,0.0,LOW
Janaki Sarkar,6,1,0,1,1,0,0.0,LOW
Oscar Bose,6,1,0,1,1,0,0.0,LOW
Daksha Sanghvi,6,1,0,1,1,0,0.0,LOW
Baljiwan Lal,6,1,0,1,1,0,0.0,LOW
Andrew Narain,6,1,0,1,1,0,0.0,LOW
Meghana Wable,6,1,0,1,1,0,0.0,LOW
Ekansh Mand,6,1,0,1,1,0,0.0,LOW
Chakradev Raj,6,1,0,1,1,0,0.0,LOW
Ayushman Parsa,6,1,0,1,1,0,0.0,LOW
Falguni Bera,6,1,0,1,1,0,0.0,LOW
Charvi Varkey,6,1,0,1,1,0,0.0,LOW
Hardik Pal,6,1,0,1,1,0,0.0,LOW
Jeremiah Tata,6,1,0,1,1,0,0.0,LOW
Wishi Bobal,6,1,0,1,1,0,0.0,LOW
Amaira Dugar,6,1,0,1,1,0,0.0,LOW
Krishna Baral,6,1,0,1,1,0,0.0,LOW
Vasatika Sethi,6,1,0,1,1,0,0.0,LOW
Ayush Sur,6,1,0,1,1,0,0.0,LOW
Falguni Mangat,6,1,0,1,1,0,0.0,LOW
Riya Deep,6,1,0,1,1,0,0.0,LOW
Sudiksha Raval,6,1,0,1,1,0,0.0,LOW
Omkaar Talwar,6,1,0,1,1,0,0.0,LOW
Quincy Joshi,6,1,0,1,1,0,0.0,LOW
Harish Goel,6,1,0,1,1,0,0.0,LOW
Abeer Varma,6,1,0,1,1,0,0.0,LOW
Nandini Bhatnagar,6,1,0,1,1,0,0.0,LOW
Adya Merchant,6,1,0,1,1,0,0.0,LOW
Vansha Dutt,6,1,0,1,1,0,0.0,LOW
Oeshi Iyer,6,1,0,1,1,0,0.0,LOW
Kiaan Lanka,6,1,0,1,1,0,0.0,LOW
Idika Dhaliwal,6,1,0,1,1,0,0.0,LOW
Ekalinga Kumar,6,1,0,1,1,0,0.0,LOW
Liam Kunda,6,1,0,1,1,0,0.0,LOW
Adweta Cherian,6,1,0,1,1,0,0.0,LOW
Vaishnavi Loyal,6,1,0,1,1,0,0.0,LOW
Zashil Dutt,6,1,0,1,1,0,0.0,LOW
Gautami Contractor,6,1,0,1,1,0,0.0,LOW
Arjun Mistry,6,1,0,1,1,0,0.0,LOW
Upadhriti Batra,6,1,0,1,1,0,0.0,LOW
Omaja Chokshi,6,1,0,1,1,0,0.0,LOW
Zarna Bhalla,6,1,0,1,1,0,0.0,LOW
Lohit Nayar,6,1,0,1,1,0,0.0,LOW
Bhavini Lata,6,1,0,1,1,0,0.0,LOW
Anvi Atwal,6,1,0,1,1,0,0.0,LOW
Ekapad Warrior,6,1,0,1,1,0,0.0,LOW
Tanay Kothari,6,1,0,1,1,0,0.0,LOW
Ishani Sekhon,6,1,0,1,1,0,0.0,LOW
Sanaya Mangal,6,1,0,1,1,0,0.0,LOW
Bina Ratti,6,1,0,1,1,0,0.0,LOW
Hemani Kothari,6,1,0,1,1,0,0.0,LOW
Radhika Patel,6,1,0,1,1,0,0.0,LOW
Gagan Natt,6,1,0,1,1,0,0.0,LOW
Radhika Kumar,6,1,0,1,1,0,0.0,LOW
Rachana Badal,6,1,0,1,1,0,0.0,LOW
Faqid Patil,6,1,0,1,1,0,0.0,LOW
Hemang Nadkarni,6,1,0,1,1,0,0.0,LOW
Viraj Cherian,6,1,0,1,1,0,0.0,LOW
Wazir Bail,6,1,0,1,1,0,0.0,LOW
Dakshesh Nayak,6,1,0,1,1,0,0.0,LOW
Unnati Singh,6,1,0,1,1,0,0.0,LOW
Panini Ramanathan,6,1,0,1,1,0,0.0,LOW
Devika Bhattacharyya,6,1,0,1,1,0,0.0,LOW
Upasna Bedi,6,1,0,1,1,0,0.0,LOW
Darika Majumdar,6,1,0,1,1,0,0.0,LOW
Dipta Lad,6,1,0,1,1,0,0.0,LOW
Ojas Gade,6,1,0,1,1,0,0.0,LOW
Bhavna Arora,6,1,0,1,1,0,0.0,LOW
Jacob Thaman,6,1,0,1,1,0,0.0,LOW
Pooja Sule,6,1,0,1,1,0,0.0,LOW
Michael Bandi,6,1,0,1,1,0,0.0,LOW
Simon Parikh,6,1,0,1,1,0,0.0,LOW
Ridhi Walla,6,1,0,1,1,0,0.0,LOW
Champak Atwal,6,1,0,1,1,0,0.0,LOW
Vedant Nori,6,1,0,1,1,0,0.0,LOW
Amara Deshpande,6,1,0,1,1,0,0.0,LOW
Chatura Dugar,6,1,0,1,1,0,0.0,LOW
Saanvi Brar,6,1,0,1,1,0,0.0,LOW
Watika Rajagopal,6,1,0,1,1,0,0.0,LOW
Ekantika Sridhar,6,1,0,1,1,0,0.0,LOW
Advika Mohan,6,1,0,1,1,0,0.0,LOW
Rachit Bhavsar,6,1,0,1,1,0,0.0,LOW
Isha Maharaj,6,1,0,1,1,0,0.0,LOW
Oni Rai,6,1,0,1,1,0,0.0,LOW
Raksha Madan,6,1,0,1,1,0,0.0,LOW
Harita Mall,6,1,0,1,1,0,0.0,LOW
Gautam Nagy,6,1,0,1,1,0,0.0,LOW
Falan Uppal,6,1,0,1,1,0,0.0,LOW
Om Sagar,6,1,0,1,1,0,0.0,LOW
Gaurang Vyas,6,1,0,1,1,0,0.0,LOW
Urmi Sastry,6,1,0,1,1,0,0.0,LOW
Yadavi Shroff,6,1,0,1,1,0,0.0,LOW
Bhavna Rege,6,1,0,1,1,0,0.0,LOW
Finn Dada,6,1,0,1,1,0,0.0,LOW
Hemal Raghavan,6,1,0,1,1,0,0.0,LOW
Samesh Karan,6,1,0,1,1,0,0.0,LOW
Saksham Morar,6,1,0,1,1,0,0.0,LOW
Dalaja Date,6,1,0,1,1,0,0.0,LOW
Libni Purohit,6,1,0,1,1,0,0.0,LOW
Chaaya Pandey,6,1,0,1,1,0,0.0,LOW
Pushti Dey,6,1,0,1,1,0,0.0,LOW
Jason Jhaveri,6,1,0,1,1,0,0.0,LOW
Hemang Lala,6,1,0,1,1,0,0.0,LOW
Waida Yadav,6,1,0,1,1,0,0.0,LOW
Quincy Chadha,6,1,0,1,1,0,0.0,LOW
Aarini Kaur,6,1,0,1,1,0,0.0,LOW
Onveer Sinha,6,1,0,1,1,0,0.0,LOW
Yatan Balasubramanian,6,1,0,1,1,0,0.0,LOW
Isaac Keer,6,1,0,1,1,0,0.0,LOW
Maanav Kalla,6,1,0,1,1,0,0.0,LOW
Ekaraj Rege,6,1,0,1,1,0,0.0,LOW
Damini Lall,6,1,0,1,1,0,0.0,LOW
Kevin Arya,6,1,0,1,1,0,0.0,LOW
Henry Sastry,6,1,0,1,1,0,0.0,LOW
Yuvraj Krish,6,1,0,1,1,0,0.0,LOW
Aadi Chaudhari,6,1,0,1,1,0,0.0,LOW
Dominic Mammen,6,1,0,1,1,0,0.0,LOW
Oviya Kota,6,1,0,1,1,0,0.0,LOW
Tanay Bawa,6,1,0,1,1,0,0.0,LOW
Sanaya Murthy,6,1,0,1,1,0,0.0,LOW
Varenya Palla,6,1,0,1,1,0,0.0,LOW
Jatin Devan,6,1,0,1,1,0,0.0,LOW
Leela Dube,6,1,0,1,1,0,0.0,LOW
Jeevika Dora,6,1,0,1,1,0,0.0,LOW
Jack Bhattacharyya,6,1,0,1,1,0,0.0,LOW
Mekhala Ghose,6,1,0,1,1,0,0.0,LOW
Turvi Sharaf,6,1,0,1,1,0,0.0,LOW
Ati Tata,6,1,0,1,1,0,0.0,LOW
Upma Shukla,6,1,0,1,1,0,0.0,LOW
Isaiah Patla,6,1,0,1,1,0,0.0,LOW
Ayush Mahal,6,1,0,1,1,0,0.0,LOW
Peter Golla,6,1,0,1,1,0,0.0,LOW
Kala Tandon,6,1,0,1,1,0,0.0,LOW
Aarna Shanker,6,1,0,1,1,0,0.0,LOW
Urmi Chadha,6,1,0,1,1,0,0.0,LOW
Vasudha Natarajan,6,1,0,1,1,0,0.0,LOW
Upasna Bali,6,1,0,1,1,0,0.0,LOW
Yashawini Deep,6,1,0,1,1,0,0.0,LOW
Vyanjana Mandal,6,1,0,1,1,0,0.0,LOW
Ubika Choudhury,6,1,0,1,1,0,0.0,LOW
Aditya Bains,6,1,0,1,1,0,0.0,LOW
Azad Nanda,6,1,0,1,1,0,0.0,LOW
Luke Yadav,6,1,0,1,1,0,0.0,LOW
Lopa Salvi,6,1,0,1,1,0,0.0,LOW
Warinder Sathe,6,1,0,1,1,0,0.0,LOW
Anjali Lall,6,1,0,1,1,0,0.0,LOW
Finn Narula,6,1,0,1,1,0,0.0,LOW
Aadi Prabhu,6,1,0,1,1,0,0.0,LOW
Vanya Taneja,6,1,0,1,1,0,0.0,LOW
Kabir Chawla,6,1,0,1,1,0,0.0,LOW
Pushti Bhat,6,1,0,1,1,0,0.0,LOW
Pallavi Chaudhuri,6,1,0,1,1,0,0.0,LOW
Ekbal Ranganathan,6,1,0,1,1,0,0.0,LOW
Neel Johal,6,1,0,1,1,0,0.0,LOW
Shivansh Uppal,6,1,0,1,1,0,0.0,LOW
Darpan Grover,6,1,0,1,1,0,0.0,LOW
Nathaniel Guha,6,1,0,1,1,0,0.0,LOW
Aarush Behl,6,1,0,1,1,0,0.0,LOW
Janaki Rajagopalan,6,1,0,1,1,0,0.0,LOW
Zarna Dua,6,1,0,1,1,0,0.0,LOW
Pranit Sen,6,1,0,1,1,0,0.0,LOW
Ayush Grover,6,1,0,1,1,0,0.0,LOW
Gautam Dhingra,6,1,0,1,1,0,0.0,LOW
Udyati Muni,6,1,0,1,1,0,0.0,LOW
Hitesh Dhaliwal,6,1,0,1,1,0,0.0,LOW
Gayathri Kothari,6,1,0,1,1,0,0.0,LOW
Upkaar Nori,6,1,0,1,1,0,0.0,LOW
Kavya Bassi,6,1,0,1,1,0,0.0,LOW
Bhavya Divan,6,1,0,1,1,0,0.0,LOW
Atharv Randhawa,6,1,0,1,1,0,0.0,LOW
Amaira Kanda,6,1,0,1,1,0,0.0,LOW
Daksha Bhasin,6,1,0,1,1,0,0.0,LOW
Wakeeta Sankaran,6,1,0,1,1,0,0.0,LOW
Dominic Saran,6,1,0,1,1,0,0.0,LOW
Yashawini Varty,6,1,0,1,1,0,0.0,LOW
Xalak Babu,6,1,0,1,1,0,0.0,LOW
Wahab Magar,6,1,0,1,1,0,0.0,LOW
Sai Venkataraman,6,1,0,1,1,0,0.0,LOW
Kavya Pall,6,1,0,1,1,0,0.0,LOW
Aarini Sarraf,6,1,0,1,1,0,0.0,LOW
Anay Bhatnagar,6,1,0,1,1,0,0.0,LOW
Udarsh Varghese,6,1,0,1,1,0,0.0,LOW
Parth Nath,6,1,0,1,1,0,0.0,LOW
Pushti Purohit,6,1,0,1,1,0,0.0,LOW
Chasmum Baral,6,1,0,1,1,0,0.0,LOW
Bachittar Pall,6,1,0,1,1,0,0.0,LOW
Eiravati Patel,6,1,0,1,1,0,0.0,LOW
Gaurav Jani,6,1,0,1,1,0,0.0,LOW
Yatan Mohan,6,1,0,1,1,0,0.0,LOW
Harrison Tara,6,1,0,1,1,0,0.0,LOW
Pranit Chad,6,1,0,1,1,0,0.0,LOW
Falak Mohanty,6,1,0,1,1,0,0.0,LOW
Ojasvi Dugal,6,1,0,1,1,0,0.0,LOW
Jeevika Bath,6,1,0,1,1,0,0.0,LOW
Oni Dara,6,1,0,1,1,0,0.0,LOW
Nidra Mittal,6,1,0,1,1,0,0.0,LOW
Gauri Ramesh,6,1,0,1,1,0,0.0,LOW
Krishna Chanda,6,1,0,1,1,0,0.0,LOW
Aditya Warrior,6,1,0,1,1,0,0.0,LOW
Shivani Oommen,6,1,0,1,1,0,0.0,LOW
Anirudh Bhatia,6,1,0,1,1,0,0.0,LOW
Victor Sengupta,6,1,0,1,1,0,0.0,LOW
Tarak Jaggi,6,1,0,1,1,0,0.0,LOW
Patrick Prabhu,6,1,0,1,1,0,0.0,LOW
Vasatika Thaker,6,1,0,1,1,0,0.0,LOW
Vyanjana Pall,6,1,0,1,1,0,0.0,LOW
Xiti Mukhopadhyay,6,1,0,1,1,0,0.0,LOW
Meghana Garde,6,1,0,1,1,0,0.0,LOW
Idika Baral,6,1,0,1,1,0,0.0,LOW
Mahika Kota,6,1,0,1,1,0,0.0,LOW
Ira Narayan,6,1,0,1,1,0,0.0,LOW
Benjamin Sheth,6,1,0,1,1,0,0.0,LOW
Reyansh Swamy,6,1,0,1,1,0,0.0,LOW
Ira Char,6,1,0,1,1,0,0.0,LOW
Omaja Pathak,6,1,0,1,1,0,0.0,LOW
Netra Kaur,6,1,0,1,1,0,0.0,LOW
Adweta Sandhu,6,1,0,1,1,0,0.0,LOW
Harini Pall,6,1,0,1,1,0,0.0,LOW
Chakradhar Som,6,1,0,1,1,0,0.0,LOW
Shravya Banik,6,1,0,1,1,0,0.0,LOW
Bachittar Oak,6,1,0,1,1,0,0.0,LOW
Guneet Bera,6,1,0,1,1,0,0.0,LOW
Tejas Sangha,6,1,0,1,1,0,0.0,LOW
Yug Subramanian,6,1,0,1,1,0,0.0,LOW
Teerth Vig,6,1,0,1,1,0,0.0,LOW
Abhimanyu Chopra,6,1,0,1,1,0,0.0,LOW
Arin Yogi,6,1,0,1,1,0,0.0,LOW
Chaitaly Kadakia,6,1,0,1,1,0,0.0,LOW
Adweta Murty,6,1,0,1,1,0,0.0,LOW
Bhavna Uppal,6,1,0,1,1,0,0.0,LOW
Wakeeta Sampath,6,1,0,1,1,0,0.0,LOW
Ethan Minhas,6,1,0,1,1,0,0.0,LOW
Ekta Parsa,6,1,0,1,1,0,0.0,LOW
Shivani Narula,6,1,0,1,1,0,0.0,LOW
Ekalinga Singh,6,1,0,1,1,0,0.0,LOW
Vincent Gala,6,1,0,1,1,0,0.0,LOW
Warinder Gera,6,1,0,1,1,0,0.0,LOW
Anvi Toor,6,1,0,1,1,0,0.0,LOW
Frado Kunda,6,1,0,1,1,0,0.0,LOW
Samuel Chopra,6,1,0,1,1,0,0.0,LOW
Abhimanyu Banik,6,1,0,1,1,0,0.0,LOW
Pranav Kota,6,1,0,1,1,0,0.0,LOW
Kala Dave,6,1,0,1,1,0,0.0,LOW
Raghav Rout,6,1,0,1,1,0,0.0,LOW
Yadavi Venkataraman,6,1,0,1,1,0,0.0,LOW
Umang Balan,6,1,0,1,1,0,0.0,LOW
Nathan Soni,6,1,0,1,1,0,0.0,LOW
Avi Kakar,6,1,0,1,1,0,0.0,LOW
Mugdha Behl,6,1,0,1,1,0,0.0,LOW
Finn Kumar,6,1,0,1,1,0,0.0,LOW
Urvi Bakshi,6,1,0,1,1,0,0.0,LOW
Dhriti Khatri,6,1,0,1,1,0,0.0,LOW
Vrinda Natarajan,6,1,0,1,1,0,0.0,LOW
Ira Balan,6,1,0,1,1,0,0.0,LOW
Bhavani Chandra,6,1,0,1,1,0,0.0,LOW
Hemal Pandit,6,1,0,1,1,0,0.0,LOW
Gautami Mody,6,1,0,1,1,0,0.0,LOW
Udarsh Sheth,6,1,0,1,1,0,0.0,LOW
Ayaan Deshpande,6,1,0,1,1,0,0.0,LOW
Bhavini Baral,6,1,0,1,1,0,0.0,LOW
Zaitra Basak,6,1,0,1,1,0,0.0,LOW
Anvi Ghose,6,1,0,1,1,0,0.0,LOW
Azaan Kumer,6,1,0,1,1,0,0.0,LOW
Advay Manne,6,1,0,1,1,0,0.0,LOW
Lohit Acharya,6,1,0,1,1,0,0.0,LOW
Manthan Manda,6,1,0,1,1,0,0.0,LOW
Yamini Parsa,6,1,0,1,1,0,0.0,LOW
Maanas Sinha,6,1,0,1,1,0,0.0,LOW
Hiral Gandhi,6,1,0,1,1,0,0.0,LOW
Umang Vora,6,1,0,1,1,0,0.0,LOW
Aarush Mitra,6,1,0,1,1,0,0.0,LOW
Krish Baria,6,1,0,1,1,0,0.0,LOW
Vamakshi Hayre,6,1,0,1,1,0,0.0,LOW
Dominic Shere,6,1,0,1,1,0,0.0,LOW
Ranveer Kapur,6,1,0,1,1,0,0.0,LOW
Tanveer Vora,6,1,0,1,1,0,0.0,LOW
Wahab Kade,6,1,0,1,1,0,0.0,LOW
Yashvi Sagar,6,1,0,1,1,0,0.0,LOW
Neel Sibal,6,1,0,1,1,0,0.0,LOW
Devansh Shukla,6,1,0,1,1,0,0.0,LOW
Anthony Hari,6,1,0,1,1,0,0.0,LOW
Chakradev Sinha,6,1,0,1,1,0,0.0,LOW
Jairaj Srinivasan,6,1,0,1,1,0,0.0,LOW
Mitali Krishnamurthy,6,1,0,1,1,0,0.0,LOW
Dalaja Deshpande,6,1,0,1,1,0,0.0,LOW
Max Aurora,6,1,0,1,1,0,0.0,LOW
Samar Gera,6,1,0,1,1,0,0.0,LOW
Dayita Sabharwal,6,1,0,1,1,0,0.0,LOW
Vidhi Jha,6,1,0,1,1,0,0.0,LOW
Jatin Sawhney,6,1,0,1,1,0,0.0,LOW
Mason Ramesh,6,1,0,1,1,0,0.0,LOW
Upasna Yogi,6,1,0,1,1,0,0.0,LOW
Neha Bumb,6,1,0,1,1,0,0.0,LOW
Rehaan Prashad,6,1,0,1,1,0,0.0,LOW
Tanmayi Sachdev,6,1,0,1,1,0,0.0,LOW
Tejas Venkataraman,6,1,0,1,1,0,0.0,LOW
Matthew Raj,6,1,0,1,1,0,0.0,LOW
Dominic Shankar,6,1,0,1,1,0,0.0,LOW
Amara Goel,6,1,0,1,1,0,0.0,LOW
Zinal Agrawal,6,1,0,1,1,0,0.0,LOW
Gaurav Mallick,6,1,0,1,1,0,0.0,LOW
Ekavir Sekhon,6,1,0,1,1,0,0.0,LOW
Chavvi Kibe,6,1,0,1,1,0,0.0,LOW
Falan Tak,6,1,0,1,1,0,0.0,LOW
Arunima Kurian,6,1,0,1,1,0,0.0,LOW
Farhan Hari,6,1,0,1,1,0,0.0,LOW
Anika Sabharwal,6,1,0,1,1,0,0.0,LOW
Abdul Sahota,6,1,0,1,1,0,0.0,LOW
Robert Bala,6,1,0,1,1,0,0.0,LOW
Aarav Behl,6,1,0,1,1,0,0.0,LOW
Liam Soman,6,1,0,1,1,0,0.0,LOW
Samesh Dani,6,1,0,1,1,0,0.0,LOW
Vidhi Khare,6,1,0,1,1,0,0.0,LOW
Vasudha Dua,6,1,0,1,1,0,0.0,LOW
Januja Guha,6,1,0,1,1,0,0.0,LOW
Upma Mallick,6,1,0,1,1,0,0.0,LOW
Vedhika Sane,6,1,0,1,1,0,0.0,LOW
Kai Gola,6,1,0,1,1,0,0.0,LOW
Bhavya Patla,6,1,0,1,1,0,0.0,LOW
Arjun Wadhwa,6,1,0,1,1,0,0.0,LOW
Zinal Cherian,6,1,0,1,1,0,0.0,LOW
Luke Lal,6,1,0,1,1,0,0.0,LOW
Samarth Sachdev,6,1,0,1,1,0,0.0,LOW
Agastya Sagar,6,1,0,1,1,0,0.0,LOW
Yagnesh Thakkar,6,1,0,1,1,0,0.0,LOW
Bakhshi Bains,6,1,0,1,1,0,0.0,LOW
Yasti Modi,6,1,0,1,1,0,0.0,LOW
Dev Pant,6,1,0,1,1,0,0.0,LOW
Shaurya Bera,6,1,0,1,1,0,0.0,LOW
Ridhi Saha,6,1,0,1,1,0,0.0,LOW
Daksh Padmanabhan,6,1,0,1,1,0,0.0,LOW
Chakradev Mishra,6,1,0,1,1,0,0.0,LOW
Samarth Hari,6,1,0,1,1,0,0.0,LOW
Timothy Dayal,6,1,0,1,1,0,0.0,LOW
Yug Varughese,6,1,0,1,1,0,0.0,LOW
Anita Trivedi,6,1,0,1,1,0,0.0,LOW
Ganga Bora,6,1,0,1,1,0,0.0,LOW
Hamsini Tank,6,1,0,1,1,0,0.0,LOW
Aarush Memon,6,1,0,1,1,0,0.0,LOW
Harrison Kibe,6,1,0,1,1,0,0.0,LOW
Praneel Sandal,6,1,0,1,1,0,0.0,LOW
Zayan Viswanathan,6,1,0,1,1,0,0.0,LOW
Ekantika Bail,6,1,0,1,1,0,0.0,LOW
Hemal Ramaswamy,6,1,0,1,1,0,0.0,LOW
Onkar Nori,6,1,0,1,1,0,0.0,LOW
Jonathan Lanka,6,1,0,1,1,0,0.0,LOW
Brinda Rout,6,1,0,1,1,0,0.0,LOW
Warhi Kade,6,1,0,1,1,0,0.0,LOW
Sachi Tak,6,1,0,1,1,0,0.0,LOW
Pratyush Ramachandran,6,1,0,1,1,0,0.0,LOW
Eesha Shetty,6,1,0,1,1,0,0.0,LOW
Udarsh Trivedi,6,1,0,1,1,0,0.0,LOW
Abha Sen,6,1,0,1,1,0,0.0,LOW
Maanas Gandhi,6,1,0,1,1,0,0.0,LOW
Rachit Shroff,6,1,0,1,1,0,0.0,LOW
Rachana Trivedi,6,1,0,1,1,0,0.0,LOW
Rushil Sarkar,6,1,0,1,1,0,0.0,LOW
Parth Sachar,6,1,0,1,1,0,0.0,LOW
Kalpit Kakar,6,1,0,1,1,0,0.0,LOW
Warhi Kalla,6,1,0,1,1,0,0.0,LOW
Vrinda Parikh,6,1,0,1,1,0,0.0,LOW
Lavanya Chaudhuri,6,1,0,1,1,0,0.0,LOW
Baghyawati Sinha,6,1,0,1,1,0,0.0,LOW
Samesh Grewal,6,1,0,1,1,0,0.0,LOW
Aarini Suresh,6,1,0,1,1,0,0.0,LOW
Dalaja Bhatt,6,1,0,1,1,0,0.0,LOW
Ridhi Dara,6,1,0,1,1,0,0.0,LOW
Advik Tiwari,6,1,0,1,1,0,0.0,LOW
Udyati Karnik,6,1,0,1,1,0,0.0,LOW
Warda Vala,6,1,0,1,1,0,0.0,LOW
Timothy Bhargava,6,1,0,1,1,0,0.0,LOW
Sudiksha Gandhi,6,1,0,1,1,0,0.0,LOW
Anjali Reddy,6,1,0,1,1,0,0.0,LOW
Ansh Sharma,6,1,0,1,1,0,0.0,LOW
Matthew Tandon,6,1,0,1,1,0,0.0,LOW
Aradhana Kothari,6,1,0,1,1,0,0.0,LOW
Sai Chowdhury,6,1,0,1,1,0,0.0,LOW
Ucchal Chatterjee,6,1,0,1,1,0,0.0,LOW
Samaksh Sama,6,1,0,1,1,0,0.0,LOW
Maanav Sachdev,6,1,0,1,1,0,0.0,LOW
Wriddhish Sarraf,6,1,0,1,1,0,0.0,LOW
Jairaj Tella,6,1,0,1,1,0,0.0,LOW
Yatin Char,6,1,0,1,1,0,0.0,LOW
Sudiksha Sangha,6,1,0,1,1,0,0.0,LOW
Qasim Chaudhry,6,1,0,1,1,0,0.0,LOW
Daksh Baral,6,1,0,1,1,0,0.0,LOW
Oscar Seshadri,6,1,0,1,1,0,0.0,LOW
Rehaan Lala,6,1,0,1,1,0,0.0,LOW
Samesh Dube,6,1,0,1,1,0,0.0,LOW
Unnati Comar,6,1,0,1,1,0,0.0,LOW
Advik Bhavsar,6,1,0,1,1,0,0.0,LOW
Chaitaly Chad,6,1,0,1,1,0,0.0,LOW
Indira Pathak,6,1,0,1,1,0,0.0,LOW
Arjun Goswami,6,1,0,1,1,0,0.0,LOW
Vedant Thakkar,6,1,0,1,1,0,0.0,LOW
Bina Sura,6,1,0,1,1,0,0.0,LOW
Michael Dara,6,1,0,1,1,0,0.0,LOW
Imaran Minhas,6,1,0,1,1,0,0.0,LOW
Chaitaly Virk,6,1,0,1,1,0,0.0,LOW
Azaan Goel,6,1,0,1,1,0,0.0,LOW
Orinder Setty,6,1,0,1,1,0,0.0,LOW
Lopa Morar,6,1,0,1,1,0,0.0,LOW
Raksha Jani,6,1,0,1,1,0,0.0,LOW
Qarin Om,6,1,0,1,1,0,0.0,LOW
Eiravati Oak,6,1,0,1,1,0,0.0,LOW
Hemang Babu,6,1,0,1,1,0,0.0,LOW
Viraj Gade,6,1,0,1,1,0,0.0,LOW
Wriddhish Ranganathan,6,1,0,1,1,0,0.0,LOW
Janani Anand,6,1,0,1,1,0,0.0,LOW
Ikbal Khurana,6,1,0,1,1,0,0.0,LOW
Aahana Saran,6,1,0,1,1,0,0.0,LOW
Anita Shere,6,1,0,1,1,0,0.0,LOW
Bhavani Jha,6,1,0,1,1,0,0.0,LOW
Baghyawati Hegde,6,1,0,1,1,0,0.0,LOW
Jonathan Bhasin,6,1,0,1,1,0,0.0,LOW
Yuvraj Rege,6,1,0,1,1,0,0.0,LOW
Falguni Mand,6,1,0,1,1,0,0.0,LOW
Udarsh Sidhu,6,1,0,1,1,0,0.0,LOW
Onkar Anand,6,1,0,1,1,0,0.0,LOW
Zehaan Dube,6,1,0,1,1,0,0.0,LOW
Yashvi Ranganathan,6,1,0,1,1,0,0.0,LOW
Nirja Dyal,6,1,0,1,1,0,0.0,LOW
Harinakshi Wadhwa,6,1,0,1,1,0,0.0,LOW
Aahana Agate,6,1,0,1,1,0,0.0,LOW
Yochana Saran,6,1,0,1,1,0,0.0,LOW
Mohini Mittal,6,1,0,1,1,0,0.0,LOW
Adweta Chada,6,1,0,1,1,0,0.0,LOW
Ronith Chana,6,1,0,1,1,0,0.0,LOW
Baljiwan Date,6,1,0,1,1,0,0.0,LOW
Gabriel Khanna,6,1,0,1,1,0,0.0,LOW
Inaya Bakshi,6,1,0,1,1,0,0.0,LOW
Oscar Mohan,6,1,0,1,1,0,0.0,LOW
Lila Kala,6,1,0,1,1,0,0.0,LOW
Ira Solanki,6,1,0,1,1,0,0.0,LOW
Maanav Mital,6,1,0,1,1,0,0.0,LOW
Zinal Bhatia,6,1,0,1,1,0,0.0,LOW
Zarna Kibe,6,1,0,1,1,0,0.0,LOW
Bhavani Talwar,6,1,0,1,1,0,0.0,LOW
Siya Ranganathan,6,1,0,1,1,0,0.0,LOW
Nakul Tara,6,1,0,1,1,0,0.0,LOW
Anamika Venkataraman,6,1,0,1,1,0,0.0,LOW
Atharv Venkataraman,6,1,0,1,1,0,0.0,LOW
Gaurika Bala,6,1,0,1,1,0,0.0,LOW
Mohini Chadha,6,1,0,1,1,0,0.0,LOW
Avni Mohan,6,1,0,1,1,0,0.0,LOW
Farhan Tank,6,1,0,1,1,0,0.0,LOW
Osha Kapoor,6,1,0,1,1,0,0.0,LOW
Eesha Pingle,6,1,0,1,1,0,0.0,LOW
Eesha Padmanabhan,6,1,0,1,1,0,0.0,LOW
Vedika Grover,6,1,0,1,1,0,0.0,LOW
Krish Puri,6,1,0,1,1,0,0.0,LOW
Ekantika Agrawal,6,1,0,1,1,0,0.0,LOW
Farhan Sinha,6,1,0,1,1,0,0.0,LOW
Vivaan Nori,6,1,0,1,1,0,0.0,LOW
Chaitanya Das,6,1,0,1,1,0,0.0,LOW
Shaurya Verma,6,1,0,1,1,0,0.0,LOW
Wishi Zacharia,6,1,0,1,1,0,0.0,LOW
Bachittar Nagarajan,6,1,0,1,1,0,0.0,LOW
Urvashi Chadha,6,1,0,1,1,0,0.0,LOW
Owen Sawhney,6,1,0,1,1,0,0.0,LOW
Lohit Padmanabhan,6,1,0,1,1,0,0.0,LOW
Bimala Chaudry,6,1,0,1,1,0,0.0,LOW
Vrishti Gopal,6,1,0,1,1,0,0.0,LOW
Oliver Raghavan,6,1,0,1,1,0,0.0,LOW
Udarsh Kara,6,1,0,1,1,0,0.0,LOW
Tanish Kari,6,1,0,1,1,0,0.0,LOW
Mason Sehgal,6,1,0,1,1,0,0.0,LOW
Qushi Sinha,6,1,0,1,1,0,0.0,LOW
Ojasvi Borra,6,1,0,1,1,0,0.0,LOW
Nidhi Sem,6,1,0,1,1,0,0.0,LOW
Balhaar Parikh,6,1,0,1,1,0,0.0,LOW
Pallavi Som,6,1,0,1,1,0,0.0,LOW
Naksh Dutta,6,1,0,1,1,0,0.0,LOW
Laban Mistry,6,1,0,1,1,0,0.0,LOW
Bishakha Nayak,6,1,0,1,1,0,0.0,LOW
Hitesh Sarma,6,1,0,1,1,0,0.0,LOW
Ethan Parsa,6,1,0,1,1,0,0.0,LOW
Advaith Sabharwal,6,1,0,1,1,0,0.0,LOW
Harinakshi Dhar,6,1,0,1,1,0,0.0,LOW
Yochana Dayal,6,1,0,1,1,0,0.0,LOW
Samaksh Bajwa,6,1,0,1,1,0,0.0,LOW
Vasatika Brar,6,1,0,1,1,0,0.0,LOW
Farhan Karnik,6,1,0,1,1,0,0.0,LOW
Vritti Dugal,6,1,0,1,1,0,0.0,LOW
Triveni Muni,6,1,0,1,1,0,0.0,LOW
Chandran Bali,6,1,0,1,1,0,0.0,LOW
Harini Reddy,6,1,0,1,1,0,0.0,LOW
Aadi Chadha,6,1,0,1,1,0,0.0,LOW
Pranit Ghose,6,1,0,1,1,0,0.0,LOW
Aadhya Sule,6,1,0,1,1,0,0.0,LOW
Yachana Garde,6,1,0,1,1,0,0.0,LOW
Anita Padmanabhan,6,1,0,1,1,0,0.0,LOW
Christopher Sane,6,1,0,1,1,0,0.0,LOW
Jagrati Sunder,6,1,0,1,1,0,0.0,LOW
Omisha Kar,6,1,0,1,1,0,0.0,LOW
Arya Khosla,6,1,0,1,1,0,0.0,LOW
Robert Gade,6,1,0,1,1,0,0.0,LOW
Advaith Sandal,6,1,0,1,1,0,0.0,LOW
Wishi Nagi,6,1,0,1,1,0,0.0,LOW
Rajeshri Hayer,6,1,0,1,1,0,0.0,LOW
Nandini Narayanan,6,1,0,1,1,0,0.0,LOW
Priya Khurana,6,1,0,1,1,0,0.0,LOW
Ranveer Grewal,6,1,0,1,1,0,0.0,LOW
Tanveer Chandran,6,1,0,1,1,0,0.0,LOW
Bhavani Gola,6,1,0,1,1,0,0.0,LOW
Bhavya Shah,6,1,0,1,1,0,0.0,LOW
Megha Khosla,6,1,0,1,1,0,0.0,LOW
Faraj Lad,6,1,0,1,1,0,0.0,LOW
Amaira Kala,6,1,0,1,1,0,0.0,LOW
Wridesh Din,6,1,0,1,1,0,0.0,LOW
Dhriti Setty,6,1,0,1,1,0,0.0,LOW
Girish Chanda,6,1,0,1,1,0,0.0,LOW
Karan Panchal,6,1,0,1,1,0,0.0,LOW
Chaitanya Deshmukh,6,1,0,1,1,0,0.0,LOW
Dhruv Yogi,6,1,0,1,1,0,0.0,LOW
Ucchal Kadakia,6,1,0,1,1,0,0.0,LOW
Rudra Kara,6,1,0,1,1,0,0.0,LOW
Ijaya Lad,6,1,0,1,1,0,0.0,LOW
Waida Kanda,6,1,0,1,1,0,0.0,LOW
Zehaan Sidhu,6,1,0,1,1,0,0.0,LOW
Mohini Subramanian,6,1,0,1,1,0,0.0,LOW
Zehaan Dhingra,6,1,0,1,1,0,0.0,LOW
Nakul Sanghvi,6,1,0,1,1,0,0.0,LOW
Gauri Krish,6,1,0,1,1,0,0.0,LOW
Aarini Dada,6,1,0,1,1,0,0.0,LOW
Rudra Kalla,6,1,0,1,1,0,0.0,LOW
Ranveer Sani,6,1,0,1,1,0,0.0,LOW
Vasudha Verma,6,1,0,1,1,0,0.0,LOW
Eta Pandey,6,1,0,1,1,0,0.0,LOW
Anirudh Patil,6,1,0,1,1,0,0.0,LOW
Urvi Tailor,6,1,0,1,1,0,0.0,LOW
Shravya Ramesh,6,1,0,1,1,0,0.0,LOW
Anvi Chandra,6,1,0,1,1,0,0.0,LOW
Ekantika Natt,6,1,0,1,1,0,0.0,LOW
Ati Sandal,6,1,0,1,1,0,0.0,LOW
Kai Chakraborty,6,1,0,1,1,0,0.0,LOW
Falguni De,6,1,0,1,1,0,0.0,LOW
Hemangini Jani,6,1,0,1,1,0,0.0,LOW
Harini Mall,6,1,0,1,1,0,0.0,LOW
Kala Sarkar,6,1,0,1,1,0,0.0,LOW
Dayita Rastogi,6,1,0,1,1,0,0.0,LOW
Zayan Panchal,6,1,0,1,1,0,0.0,LOW
Victor Nanda,6,1,0,1,1,0,0.0,LOW
Ranveer Desai,6,1,0,1,1,0,0.0,LOW
Damini Gokhale,6,1,0,1,1,0,0.0,LOW
Tanmayi Mittal,6,1,0,1,1,0,0.0,LOW
Samaksh Venkataraman,6,1,0,1,1,0,0.0,LOW
Anika Sandal,6,1,0,1,1,0,0.0,LOW
Indali Balakrishnan,6,1,0,1,1,0,0.0,LOW
Waida Misra,6,1,0,1,1,0,0.0,LOW
Urishilla Brar,6,1,0,1,1,0,0.0,LOW
Warhi Varughese,6,1,0,1,1,0,0.0,LOW
Jhalak Ganesan,6,1,0,1,1,0,0.0,LOW
Harini Ravel,6,1,0,1,1,0,0.0,LOW
Anthony Thaker,6,1,0,1,1,0,0.0,LOW
Ayushman Koshy,6,1,0,1,1,0,0.0,LOW
Yatan Lata,6,1,0,1,1,0,0.0,LOW
Anamika Kala,6,1,0,1,1,0,0.0,LOW
Vansha Pal,6,1,0,1,1,0,0.0,LOW
Frederick Swamy,6,1,0,1,1,0,0.0,LOW
Christopher Nair,6,1,0,1,1,0,0.0,LOW
Gaurangi Sanghvi,6,1,0,1,1,0,0.0,LOW
Tara Wadhwa,6,1,0,1,1,0,0.0,LOW
Nathaniel Dass,6,1,0,1,1,0,0.0,LOW
Tanay Goswami,6,1,0,1,1,0,0.0,LOW
Ranbir Nadkarni,6,1,0,1,1,0,0.0,LOW
Nikita Lalla,6,1,0,1,1,0,0.0,LOW
Harsh Char,6,1,0,1,1,0,0.0,LOW
Siya Barad,6,1,0,1,1,0,0.0,LOW
Upkaar Srinivasan,6,1,0,1,1,0,0.0,LOW
Kalpit Lall,6,1,0,1,1,0,0.0,LOW
Ekta Sachdeva,6,1,0,1,1,0,0.0,LOW
Warhi Muni,6,1,0,1,1,0,0.0,LOW
Karan Balasubramanian,6,1,0,1,1,0,0.0,LOW
Charvi Chokshi,6,1,0,1,1,0,0.0,LOW
Vidhi Sant,6,1,0,1,1,0,0.0,LOW
Chaitanya Kant,6,1,0,1,1,0,0.0,LOW
Ishanvi Khurana,6,1,0,1,1,0,0.0,LOW
Christopher Sule,6,1,0,1,1,0,0.0,LOW
Bachittar Bath,6,1,0,1,1,0,0.0,LOW
Samarth Cheema,6,1,0,1,1,0,0.0,LOW
Yochana Doctor,6,1,0,1,1,0,0.0,LOW
Saksham Palla,6,1,0,1,1,0,0.0,LOW
Siya Kohli,6,1,0,1,1,0,0.0,LOW
Ekansh Gour,6,1,0,1,1,0,0.0,LOW
Riya Rao,6,1,0,1,1,0,0.0,LOW
Vasana Prabhakar,6,1,0,1,1,0,0.0,LOW
Balvan Bhavsar,6,1,0,1,1,0,0.0,LOW
Eshana Ramanathan,6,1,0,1,1,0,0.0,LOW
Ayushman Ravi,6,1,0,1,1,0,0.0,LOW
Anirudh Dutt,6,1,0,1,1,0,0.0,LOW
Urvashi Jaggi,6,1,0,1,1,0,0.0,LOW
Dhriti Om,6,1,0,1,1,0,0.0,LOW
Saumya Hari,6,1,0,1,1,0,0.0,LOW
Yashvi Char,6,1,0,1,1,0,0.0,LOW
Zarna Sem,6,1,0,1,1,0,0.0,LOW
Amaira Sastry,6,1,0,1,1,0,0.0,LOW
Indira Sharma,6,1,0,1,1,0,0.0,LOW
Kalpit Patel,6,1,0,1,1,0,0.0,LOW
Yagnesh Peri,6,1,0,1,1,0,0.0,LOW
Gabriel Kakar,6,1,0,1,1,0,0.0,LOW
Mugdha Modi,6,1,0,1,1,0,0.0,LOW
Nidra Behl,6,1,0,1,1,0,0.0,LOW
Pooja Hari,6,1,0,1,1,0,0.0,LOW
Manbir Bath,6,1,0,1,1,0,0.0,LOW
Shivansh Ramesh,6,1,0,1,1,0,0.0,LOW
Warinder Madan,6,1,0,1,1,0,0.0,LOW
Vidhi Talwar,6,1,0,1,1,0,0.0,LOW
Veda Salvi,6,1,0,1,1,0,0.0,LOW
Nachiket Chahal,6,1,0,1,1,0,0.0,LOW
Guneet Nadkarni,6,1,0,1,1,0,0.0,LOW
Kabir Rana,6,1,0,1,1,0,0.0,LOW
Praneel Singhal,6,1,0,1,1,0,0.0,LOW
Chaman Naik,6,1,0,1,1,0,0.0,LOW
Nakul Parsa,6,1,0,1,1,0,0.0,LOW
Tanmayi Warrior,6,1,0,1,1,0,0.0,LOW
Radhika Agrawal,6,1,0,1,1,0,0.0,LOW
Chanakya Krishna,6,1,0,1,1,0,0.0,LOW
Radhika Ghosh,6,1,0,1,1,0,0.0,LOW
Maanas Balay,6,1,0,1,1,0,0.0,LOW
Shivani Dhaliwal,6,1,0,1,1,0,0.0,LOW
Nihal Kothari,6,1,0,1,1,0,0.0,LOW
Ekanta Srinivasan,6,1,0,1,1,0,0.0,LOW
Qarin Setty,6,1,0,1,1,0,0.0,LOW
Kiaan Dhaliwal,6,1,0,1,1,0,0.0,LOW
Joshua Balasubramanian,6,1,0,1,1,0,0.0,LOW
Wazir Mall,6,1,0,1,1,0,0.0,LOW
Tara Devi,6,1,0,1,1,0,0.0,LOW
Banjeet Sodhi,6,1,0,1,1,0,0.0,LOW
Saanvi Muni,6,1,0,1,1,0,0.0,LOW
Gaurika Chowdhury,6,1,0,1,1,0,0.0,LOW
Benjamin Sane,6,1,0,1,1,0,0.0,LOW
Ganga Modi,6,1,0,1,1,0,0.0,LOW
Eta Bava,6,1,0,1,1,0,0.0,LOW
Vamakshi Jhaveri,6,1,0,1,1,0,0.0,LOW
Jagat Kota,6,1,0,1,1,0,0.0,LOW
Wyatt More,6,1,0,1,1,0,0.0,LOW
Pushti Kibe,6,1,0,1,1,0,0.0,LOW
Shaurya Nayak,6,1,0,1,1,0,0.0,LOW
Rachit Sarma,6,1,0,1,1,0,0.0,LOW
Vivaan Gaba,6,1,0,1,1,0,0.0,LOW
Priya Loyal,6,1,0,1,1,0,0.0,LOW
Ekiya Saha,6,1,0,1,1,0,0.0,LOW
Krish Sharma,6,1,0,1,1,0,0.0,LOW
Ishwar Mishra,6,1,0,1,1,0,0.0,LOW
Lila Nayak,6,1,0,1,1,0,0.0,LOW
Reva Tata,6,1,0,1,1,0,0.0,LOW
Dipta Dara,6,1,0,1,1,0,0.0,LOW
Madhav Gara,6,1,0,1,1,0,0.0,LOW
Jalsa Palla,6,1,0,1,1,0,0.0,LOW
Brinda Sule,6,1,0,1,1,0,0.0,LOW
Oni Manne,6,1,0,1,1,0,0.0,LOW
Nachiket Dash,6,1,0,1,1,0,0.0,LOW
Ridhi Tella,6,1,0,1,1,0,0.0,LOW
Gaurangi Narayan,6,1,0,1,1,0,0.0,LOW
Mason Naik,6,1,0,1,1,0,0.0,LOW
Vamakshi Swamy,6,1,0,1,1,0,0.0,LOW
Balendra Kunda,6,1,0,1,1,0,0.0,LOW
Urvi Dugar,6,1,0,1,1,0,0.0,LOW
Benjamin Bhat,6,1,0,1,1,0,0.0,LOW
Falan Mishra,6,1,0,1,1,0,0.0,LOW
Oscar Suri,6,1,0,1,1,0,0.0,LOW
Amruta Soni,6,1,0,1,1,0,0.0,LOW
Fiyaz Srinivasan,6,1,0,1,1,0,0.0,LOW
Maya Goswami,6,1,0,1,1,0,0.0,LOW
Nidra Bali,6,1,0,1,1,0,0.0,LOW
Anya Sem,6,1,0,1,1,0,0.0,LOW
Leela Jain,6,1,0,1,1,0,0.0,LOW
Isaiah Golla,6,1,0,1,1,0,0.0,LOW
Ansh Dhar,6,1,0,1,1,0,0.0,LOW
Neha Pall,6,1,0,1,1,0,0.0,LOW
Oviya Rajan,6,1,0,1,1,0,0.0,LOW
Farhan Chana,6,1,0,1,1,0,0.0,LOW
Girik Lall,6,1,0,1,1,0,0.0,LOW
Advaith Raval,6,1,0,1,1,0,0.0,LOW
Naveen Sharma,6,1,0,1,1,0,0.0,LOW
Omisha Tella,6,1,0,1,1,0,0.0,LOW
Gagan Sathe,6,1,0,1,1,0,0.0,LOW
Ekta Sharaf,6,1,0,1,1,0,0.0,LOW
Alka Rout,6,1,0,1,1,0,0.0,LOW
Rajata Pal,6,1,0,1,1,0,0.0,LOW
Advik Chanda,6,1,0,1,1,0,0.0,LOW
Aarush Bhavsar,6,1,0,1,1,0,0.0,LOW
Sara Mannan,6,1,0,1,1,0,0.0,LOW
Divya Pal,6,1,0,1,1,0,0.0,LOW
Harish Mohanty,6,1,0,1,1,0,0.0,LOW
Jonathan Lata,6,1,0,1,1,0,0.0,LOW
Sudiksha Oommen,6,1,0,1,1,0,0.0,LOW
Deepa Suresh,6,1,0,1,1,0,0.0,LOW
Lajita Rau,6,1,0,1,1,0,0.0,LOW
Nihal Koshy,6,1,0,1,1,0,0.0,LOW
Idika Dugal,6,1,0,1,1,0,0.0,LOW
Umang Singhal,6,1,0,1,1,0,0.0,LOW
Jeremiah Manda,6,1,0,1,1,0,0.0,LOW
Tanmayi Talwar,6,1,0,1,1,0,0.0,LOW
Nathaniel Mann,6,1,0,1,1,0,0.0,LOW
Xavier Prabhu,6,1,0,1,1,0,0.0,LOW
Krish Dhaliwal,6,1,0,1,1,0,0.0,LOW
Rachit Chhabra,6,1,0,1,1,0,0.0,LOW
Naveen Suresh,6,1,0,1,1,0,0.0,LOW
Jatin Karnik,6,1,0,1,1,0,0.0,LOW
Rudra Bhakta,6,1,0,1,1,0,0.0,LOW
Brijesh Hayre,6,1,0,1,1,0,0.0,LOW
Aarush Contractor,6,1,0,1,1,0,0.0,LOW
Maya Kale,6,1,0,1,1,0,0.0,LOW
Ijaya Kumer,6,1,0,1,1,0,0.0,LOW
Anika Borde,6,1,0,1,1,0,0.0,LOW
Chakradev Pau,6,1,0,1,1,0,0.0,LOW
Yuvraj Bhagat,6,1,0,1,1,0,0.0,LOW
Harsh Viswanathan,6,1,0,1,1,0,0.0,LOW
Bimala Sarkar,6,1,0,1,1,0,0.0,LOW
Tristan Nigam,6,1,0,1,1,0,0.0,LOW
David Mohanty,6,1,0,1,1,0,0.0,LOW
Nisha Dhingra,6,1,0,1,1,0,0.0,LOW
Zarna Tailor,6,1,0,1,1,0,0.0,LOW
Mitesh Morar,6,1,0,1,1,0,0.0,LOW
Ati Parekh,6,1,0,1,1,0,0.0,LOW
Simon Prakash,6,1,0,1,1,0,0.0,LOW
Dayita Raval,6,1,0,1,1,0,0.0,LOW
Varsha Dubey,6,1,0,1,1,0,0.0,LOW
Patrick Som,6,1,0,1,1,0,0.0,LOW
Umang Mistry,6,1,0,1,1,0,0.0,LOW
Laban Warrior,6,1,0,1,1,0,0.0,LOW
Wridesh Oza,6,1,0,1,1,0,0.0,LOW
Janya Ghose,6,1,0,1,1,0,0.0,LOW
Hiral Acharya,6,1,0,1,1,0,0.0,LOW
Hiral Raju,6,1,0,1,1,0,0.0,LOW
Isha Gupta,6,1,0,1,1,0,0.0,LOW
Nidra Seth,6,1,0,1,1,0,0.0,LOW
Inaya Issac,6,1,0,1,1,0,0.0,LOW
Balveer Warrior,6,1,0,1,1,0,0.0,LOW
Osha Pandit,6,1,0,1,1,0,0.0,LOW
Rachit Mandal,6,1,0,1,1,0,0.0,LOW
Tanay Sastry,6,1,0,1,1,0,0.0,LOW
Urvashi Tiwari,6,1,0,1,1,0,0.0,LOW
Kalpit Sani,6,1,0,1,1,0,0.0,LOW
Kala Dhaliwal,6,1,0,1,1,0,0.0,LOW
Chaaya Shan,6,1,0,1,1,0,0.0,LOW
Henry Sarraf,6,1,0,1,1,0,0.0,LOW
Pranit Korpal,6,1,0,1,1,0,0.0,LOW
Qushi Yohannan,6,1,0,1,1,0,0.0,LOW
Kai Apte,6,1,0,1,1,0,0.0,LOW
Zayyan Garde,6,1,0,1,1,0,0.0,LOW
Ekapad Gera,6,1,0,1,1,0,0.0,LOW
Michael Radhakrishnan,6,1,0,1,1,0,0.0,LOW
Yasti Wason,6,1,0,1,1,0,0.0,LOW
Tamanna Peri,6,1,0,1,1,0,0.0,LOW
Lakshmi Sem,6,1,0,1,1,0,0.0,LOW
Libni Dhaliwal,6,1,0,1,1,0,0.0,LOW
Ekbal Chanda,6,1,0,1,1,0,0.0,LOW
Ucchal Radhakrishnan,6,1,0,1,1,0,0.0,LOW
Forum Srinivas,6,1,0,1,1,0,0.0,LOW
Balvan Bhagat,6,1,0,1,1,0,0.0,LOW
Udyati Sachdeva,6,1,0,1,1,0,0.0,LOW
Anya Issac,6,1,0,1,1,0,0.0,LOW
Andrew Handa,6,1,0,1,1,0,0.0,LOW
Ayushman Buch,6,1,0,1,1,0,0.0,LOW
Ganga Ravel,6,1,0,1,1,0,0.0,LOW
Zilmil Lata,6,1,0,1,1,0,0.0,LOW
Simon Subramaniam,6,1,0,1,1,0,0.0,LOW
Siddharth Gade,6,1,0,1,1,0,0.0,LOW
Zashil Ahuja,6,1,0,1,1,0,0.0,LOW
Bishakha Narang,6,1,0,1,1,0,0.0,LOW
Hemal Bora,6,1,0,1,1,0,0.0,LOW
Jeremiah Bhatti,6,1,0,1,1,0,0.0,LOW
Triya Borde,6,1,0,1,1,0,0.0,LOW
Yasti Prashad,6,1,0,1,1,0,0.0,LOW
Azad Biswas,6,1,0,1,1,0,0.0,LOW
Vasana Toor,6,1,0,1,1,0,0.0,LOW
Urvashi Mody,6,1,0,1,1,0,0.0,LOW
Akshay Joshi,6,1,0,1,1,0,0.0,LOW
Sara Prabhu,6,1,0,1,1,0,0.0,LOW
Patrick Sengupta,6,1,0,1,1,0,0.0,LOW
Urvashi Gupta,6,1,0,1,1,0,0.0,LOW
Qushi Kala,6,1,0,1,1,0,0.0,LOW
Sai Halder,6,1,0,1,1,0,0.0,LOW
Indali Varty,6,1,0,1,1,0,0.0,LOW
Bhavya Tata,6,1,0,1,1,0,0.0,LOW
Nitesh Narula,6,1,0,1,1,0,0.0,LOW
Rayaan Singhal,6,1,0,1,1,0,0.0,LOW
Lohit Shetty,6,1,0,1,1,0,0.0,LOW
Ekansh Gaba,6,1,0,1,1,0,0.0,LOW
Kashvi Vig,6,1,0,1,1,0,0.0,LOW
Gavin Cherian,6,1,0,1,1,0,0.0,LOW
Lavanya Khatri,6,1,0,1,1,0,0.0,LOW
Ojasvi Andra,6,1,0,1,1,0,0.0,LOW
Bhavini Zachariah,6,1,0,1,1,0,0.0,LOW
Nicholas Nazareth,6,1,0,1,1,0,0.0,LOW
Advika Comar,6,1,0,1,1,0,0.0,LOW
Ishwar Pingle,6,1,0,1,1,0,0.0,LOW
Azad Mahajan,6,1,0,1,1,0,0.0,LOW
Yasti Lata,6,1,0,1,1,0,0.0,LOW
Turvi Babu,6,1,0,1,1,0,0.0,LOW
Tanvi Borde,6,1,0,1,1,0,0.0,LOW
David Gera,6,1,0,1,1,0,0.0,LOW
Anika Randhawa,6,1,0,1,1,0,0.0,LOW
Tanvi Nagy,6,1,0,1,1,0,0.0,LOW
Bhavya Ramaswamy,6,1,0,1,1,0,0.0,LOW
Daksha Kala,6,1,0,1,1,0,0.0,LOW
Anmol Devan,6,1,0,1,1,0,0.0,LOW
Ganga Jhaveri,6,1,0,1,1,0,0.0,LOW
Girik Sami,6,1,0,1,1,0,0.0,LOW
Qarin Amble,6,1,0,1,1,0,0.0,LOW
Saumya Master,6,1,0,1,1,0,0.0,LOW
Ekani Chaudhry,6,1,0,1,1,0,0.0,LOW
Hritik Natarajan,6,1,0,1,1,0,0.0,LOW
Hredhaan Setty,6,1,0,1,1,0,0.0,LOW
Aayush Om,6,1,0,1,1,0,0.0,LOW
Arunima Desai,6,1,0,1,1,0,0.0,LOW
Damyanti Dara,6,1,0,1,1,0,0.0,LOW
Anamika Banerjee,6,1,0,1,1,0,0.0,LOW
Bhanumati Gala,6,1,0,1,1,0,0.0,LOW
Chandran Kohli,6,1,0,1,1,0,0.0,LOW
Chatura Borah,6,1,0,1,1,0,0.0,LOW
Bhavini Khosla,6,1,0,1,1,0,0.0,LOW
Saumya Bhargava,6,1,0,1,1,0,0.0,LOW
Vidhi Choudhary,6,1,0,1,1,0,0.0,LOW
Pooja Brahmbhatt,6,1,0,1,1,0,0.0,LOW
Jacob Buch,6,1,0,1,1,0,0.0,LOW
Ikshita Dutta,6,1,0,1,1,0,0.0,LOW
Mekhala Som,6,1,0,1,1,0,0.0,LOW
Irya Ahuja,6,1,0,1,1,0,0.0,LOW
Wriddhish Kalita,6,1,0,1,1,0,0.0,LOW
Yug Prabhu,6,1,0,1,1,0,0.0,LOW
Anika Mitra,6,1,0,1,1,0,0.0,LOW
Kashvi Suri,6,1,0,1,1,0,0.0,LOW
Dayita Modi,6,1,0,1,1,0,0.0,LOW
Aryan Varughese,6,1,0,1,1,0,0.0,LOW
Gauri Bains,6,1,0,1,1,0,0.0,LOW
Michael Bajwa,6,1,0,1,1,0,0.0,LOW
Arunima Raghavan,6,1,0,1,1,0,0.0,LOW
Niharika Bali,6,1,0,1,1,0,0.0,LOW
Anika Bajwa,6,1,0,1,1,0,0.0,LOW
Azad Nagi,6,1,0,1,1,0,0.0,LOW
Raghav Lanka,6,1,0,1,1,0,0.0,LOW
Vivaan Borra,6,1,0,1,1,0,0.0,LOW
Onkar Srinivas,6,1,0,1,1,0,0.0,LOW
Tripti Taneja,6,1,0,1,1,0,0.0,LOW
Kashvi Tandon,6,1,0,1,1,0,0.0,LOW
Kalpit Dewan,6,1,0,1,1,0,0.0,LOW
Nitesh Bhargava,6,1,0,1,1,0,0.0,LOW
Rohan Chadha,6,1,0,1,1,0,0.0,LOW
Nandini Dara,6,1,0,1,1,0,0.0,LOW
Mohammed Bail,6,1,0,1,1,0,0.0,LOW
Fitan Hans,6,1,0,1,1,0,0.0,LOW
Edhitha Johal,6,1,0,1,1,0,0.0,LOW
Aarush Gokhale,6,1,0,1,1,0,0.0,LOW
Lakshmi Sehgal,6,1,0,1,1,0,0.0,LOW
Amrita Chaudhuri,6,1,0,1,1,0,0.0,LOW
Sai Chopra,6,1,0,1,1,0,0.0,LOW
Chandresh Khanna,6,1,0,1,1,0,0.0,LOW
Gautam Nair,6,1,0,1,1,0,0.0,LOW
Ekalinga Mand,6,1,0,1,1,0,0.0,LOW
Sai Suresh,6,1,0,1,1,0,0.0,LOW
Yoshita Balasubramanian,6,1,0,1,1,0,0.0,LOW
Ubika Nori,6,1,0,1,1,0,0.0,LOW
Jeremiah Narayanan,6,1,0,1,1,0,0.0,LOW
Hritik Parikh,6,1,0,1,1,0,0.0,LOW
Eta Prasad,6,1,0,1,1,0,0.0,LOW
Mohammed Bumb,6,1,0,1,1,0,0.0,LOW
Quincy Panchal,6,1,0,1,1,0,0.0,LOW
Samar Ganesh,6,1,0,1,1,0,0.0,LOW
Umang Shere,6,1,0,1,1,0,0.0,LOW
Varsha Sheth,6,1,0,1,1,0,0.0,LOW
Abeer Bhardwaj,6,1,0,1,1,0,0.0,LOW
Yahvi Nadkarni,6,1,0,1,1,0,0.0,LOW
Ati Ben,6,1,0,1,1,0,0.0,LOW
Vedhika Bhatti,6,1,0,1,1,0,0.0,LOW
Darpan Mani,6,1,0,1,1,0,0.0,LOW
Bhavika Sandal,6,1,0,1,1,0,0.0,LOW
Charita Lala,6,1,0,1,1,0,0.0,LOW
Chandani Kata,6,1,0,1,1,0,0.0,LOW
Janaki Saini,6,1,0,1,1,0,0.0,LOW
Chaman Madan,6,1,0,1,1,0,0.0,LOW
Daniel Batra,6,1,0,1,1,0,0.0,LOW
Nilima Chana,6,1,0,1,1,0,0.0,LOW
Noah Nazareth,6,1,0,1,1,0,0.0,LOW
Zilmil Basak,6,1,0,1,1,0,0.0,LOW
Saumya Memon,6,1,0,1,1,0,0.0,LOW
Triveni Rajagopal,6,1,0,1,1,0,0.0,LOW
Udyati Kamdar,6,1,0,1,1,0,0.0,LOW
Isha Sharma,6,1,0,1,1,0,0.0,LOW
Samar Mahajan,6,1,0,1,1,0,0.0,LOW
Ucchal Jha,6,1,0,1,1,0,0.0,LOW
Yatan Sibal,6,1,0,1,1,0,0.0,LOW
Mekhala Cherian,6,1,0,1,1,0,0.0,LOW
Aayush Sekhon,6,1,0,1,1,0,0.0,LOW
Riya Bhat,6,1,0,1,1,0,0.0,LOW
Vihaan Ranganathan,6,1,0,1,1,0,0.0,LOW
Tejas Nair,6,1,0,1,1,0,0.0,LOW
Forum Sanghvi,6,1,0,1,1,0,0.0,LOW
Jalsa Jain,6,1,0,1,1,0,0.0,LOW
Varsha Parsa,6,1,0,1,1,0,0.0,LOW
Krishna Sethi,6,1,0,1,1,0,0.0,LOW
Krish Sani,6,1,0,1,1,0,0.0,LOW
Mekhala Suri,6,1,0,1,1,0,0.0,LOW
Shivansh Chopra,6,1,0,1,1,0,0.0,LOW
Aarush Wali,6,1,0,1,1,0,0.0,LOW
Ekansh Bandi,6,1,0,1,1,0,0.0,LOW
Nirja Wali,6,1,0,1,1,0,0.0,LOW
Widisha Gill,6,1,0,1,1,0,0.0,LOW
Dakshesh Hans,6,1,0,1,1,0,0.0,LOW
Hardik Narang,6,1,0,1,1,0,0.0,LOW
Anjali Gola,6,1,0,1,1,0,0.0,LOW
Benjamin Mitter,6,1,0,1,1,0,0.0,LOW
Januja Tella,6,1,0,1,1,0,0.0,LOW
Bhavini Kale,6,1,0,1,1,0,0.0,LOW
Yashvi Vasa,6,1,0,1,1,0,0.0,LOW
Ansh Agarwal,6,1,0,1,1,0,0.0,LOW
Pallavi Gupta,6,1,0,1,1,0,0.0,LOW
Kala Nath,6,1,0,1,1,0,0.0,LOW
Kamala Tak,6,1,0,1,1,0,0.0,LOW
Bishakha Dubey,6,1,0,1,1,0,0.0,LOW
Simon Saxena,6,1,0,1,1,0,0.0,LOW
Lavanya Chakrabarti,6,1,0,1,1,0,0.0,LOW
Samar Shah,6,1,0,1,1,0,0.0,LOW
Krisha Karpe,6,1,0,1,1,0,0.0,LOW
Yashvi Mukherjee,6,1,0,1,1,0,0.0,LOW
Libni Chatterjee,6,1,0,1,1,0,0.0,LOW
Yutika De,6,1,0,1,1,0,0.0,LOW
Chasmum Kala,6,1,0,1,1,0,0.0,LOW
Liam Balasubramanian,6,1,0,1,1,0,0.0,LOW
Ishita Sabharwal,6,1,0,1,1,0,0.0,LOW
Finn Sha,6,1,0,1,1,0,0.0,LOW
Ladli Sandhu,6,1,0,1,1,0,0.0,LOW
Girindra Kibe,6,1,0,1,1,0,0.0,LOW
Amaira Dave,6,1,0,1,1,0,0.0,LOW
Luke Arora,6,1,0,1,1,0,0.0,LOW
Kashish Taneja,6,1,0,1,1,0,0.0,LOW
Zayan Sani,6,1,0,1,1,0,0.0,LOW
Pratyush Char,6,1,0,1,1,0,0.0,LOW
Ira Shan,6,1,0,1,1,0,0.0,LOW
Nakul Nath,6,1,0,1,1,0,0.0,LOW
Faris Shan,6,1,0,1,1,0,0.0,LOW
Jason Raval,6,1,0,1,1,0,0.0,LOW
Eshana Prashad,6,1,0,1,1,0,0.0,LOW
Hiral Raja,6,1,0,1,1,0,0.0,LOW
Frederick Barman,6,1,0,1,1,0,0.0,LOW
Nikita Parikh,6,1,0,1,1,0,0.0,LOW
Manbir Raj,6,1,0,1,1,0,0.0,LOW
Shivani Thaman,6,1,0,1,1,0,0.0,LOW
Faqid Andra,6,1,0,1,1,0,0.0,LOW
Zansi Basak,6,1,0,1,1,0,0.0,LOW
Shaurya Anne,6,1,0,1,1,0,0.0,LOW
Kritika Ben,6,1,0,1,1,0,0.0,LOW
Hitesh Vasa,6,1,0,1,1,0,0.0,LOW
Rajeshri Loyal,6,1,0,1,1,0,0.0,LOW
Aradhana Som,6,1,0,1,1,0,0.0,LOW
Siddharth Dora,6,1,0,1,1,0,0.0,LOW
Faraj Dara,6,1,0,1,1,0,0.0,LOW
Theodore Pant,6,1,0,1,1,0,0.0,LOW
Aarush Sathe,6,1,0,1,1,0,0.0,LOW
Balendra Tiwari,6,1,0,1,1,0,0.0,LOW
Maanas Sastry,6,1,0,1,1,0,0.0,LOW
Saumya Sandhu,6,1,0,1,1,0,0.0,LOW
Gunbir Mander,6,1,0,1,1,0,0.0,LOW
Harrison Ahluwalia,6,1,0,1,1,0,0.0,LOW
Liam Sarin,6,1,0,1,1,0,0.0,LOW
Hamsini Ganesh,6,1,0,1,1,0,0.0,LOW
Oni Devan,6,1,0,1,1,0,0.0,LOW
Sudiksha Dube,6,1,0,1,1,0,0.0,LOW
Jai Bhandari,6,1,0,1,1,0,0.0,LOW
Wazir Prabhakar,6,1,0,1,1,0,0.0,LOW
Damyanti Tara,6,1,0,1,1,0,0.0,LOW
Rayaan Vala,6,1,0,1,1,0,0.0,LOW
Geetika Hayre,6,1,0,1,1,0,0.0,LOW
Ishita Bandi,6,1,0,1,1,0,0.0,LOW
Farhan Nath,6,1,0,1,1,0,0.0,LOW
Arunima Dhawan,6,1,0,1,1,0,0.0,LOW
Unnati Mistry,6,1,0,1,1,0,0.0,LOW
Imaran Parekh,6,1,0,1,1,0,0.0,LOW
Sanya Kota,6,1,0,1,1,0,0.0,LOW
Jalsa Lall,6,1,0,1,1,0,0.0,LOW
Naveen Tandon,6,1,0,1,1,0,0.0,LOW
Garima Mallick,6,1,0,1,1,0,0.0,LOW
Anirudh Atwal,6,1,0,1,1,0,0.0,LOW
Kabir Dutta,6,1,0,1,1,0,0.0,LOW
Janya Nath,6,1,0,1,1,0,0.0,LOW
Dayita Ratti,6,1,0,1,1,0,0.0,LOW
Bina Mand,6,1,0,1,1,0,0.0,LOW
Qushi Minhas,6,1,0,1,1,0,0.0,LOW
Bina Singhal,6,1,0,1,1,0,0.0,LOW
Girik Dutta,6,1,0,1,1,0,0.0,LOW
Ethan Taneja,6,1,0,1,1,0,0.0,LOW
Gaurav Pillay,6,1,0,1,1,0,0.0,LOW
Falguni Rama,6,1,0,1,1,0,0.0,LOW
Pooja Misra,6,1,0,1,1,0,0.0,LOW
Ekanta Ravi,6,1,0,1,1,0,0.0,LOW
Kabir Sule,6,1,0,1,1,0,0.0,LOW
Shravya Zachariah,6,1,0,1,1,0,0.0,LOW
Qarin Kale,6,1,0,1,1,0,0.0,LOW
Yoshita Krishnan,6,1,0,1,1,0,0.0,LOW
Janani Venkatesh,6,1,0,1,1,0,0.0,LOW
Chaaya Iyer,6,1,0,1,1,0,0.0,LOW
Triya Ramakrishnan,6,1,0,1,1,0,0.0,LOW
Balvan Balay,6,1,0,1,1,0,0.0,LOW
Bakhshi Nazareth,6,1,0,1,1,0,0.0,LOW
Jeremiah Srivastava,6,1,0,1,1,0,0.0,LOW
Champak Dhar,6,1,0,1,1,0,0.0,LOW
Neel Warrior,6,1,0,1,1,0,0.0,LOW
Veer Virk,6,1,0,1,1,0,0.0,LOW
Urmi Iyengar,6,1,0,1,1,0,0.0,LOW
Dakshesh Malhotra,6,1,0,1,1,0,0.0,LOW
Wyatt Krishnan,6,1,0,1,1,0,0.0,LOW
Vrinda Kamdar,6,1,0,1,1,0,0.0,LOW
Oliver Nagi,6,1,0,1,1,0,0.0,LOW
Zashil Suresh,6,1,0,1,1,0,0.0,LOW
Adya Sekhon,6,1,0,1,1,0,0.0,LOW
Varenya Bora,6,1,0,1,1,0,0.0,LOW
Reyansh Thaman,6,1,0,1,1,0,0.0,LOW
Pranav Suresh,6,1,0,1,1,0,0.0,LOW
Utkarsh Gandhi,6,1,0,1,1,0,0.0,LOW
Veer Chaudhary,6,1,0,1,1,0,0.0,LOW
Bachittar Sathe,6,1,0,1,1,0,0.0,LOW
Aarnav Barad,6,1,0,1,1,0,0.0,LOW
Warhi Pai,6,1,0,1,1,0,0.0,LOW
Akshay Dash,6,1,0,1,1,0,0.0,LOW
Advaith Bhatia,6,1,0,1,1,0,0.0,LOW
Fitan Sehgal,6,1,0,1,1,0,0.0,LOW
Jasmit Mann,6,1,0,1,1,0,0.0,LOW
Pratyush Taneja,6,1,0,1,1,0,0.0,LOW
Laksh Agrawal,6,1,0,1,1,0,0.0,LOW
Jagdish Bal,6,1,0,1,1,0,0.0,LOW
Bhavini Goswami,6,1,0,1,1,0,0.0,LOW
Maya Narula,6,1,0,1,1,0,0.0,LOW
Keya Lall,6,1,0,1,1,0,0.0,LOW
Advik Raj,6,1,0,1,1,0,0.0,LOW
Abhiram Pandey,6,1,0,1,1,0,0.0,LOW
Krishna Brahmbhatt,6,1,0,1,1,0,0.0,LOW
Raghav Sandal,6,1,0,1,1,0,0.0,LOW
Kamya Wali,6,1,0,1,1,0,0.0,LOW
Qadim Loke,6,1,0,1,1,0,0.0,LOW
Thomas Ramachandran,6,1,0,1,1,0,0.0,LOW
Zayan Manne,6,1,0,1,1,0,0.0,LOW
Tamanna Reddy,6,1,0,1,1,0,0.0,LOW
Harini Goswami,6,1,0,1,1,0,0.0,LOW
Faris Rau,6,1,0,1,1,0,0.0,LOW
Ishani Kohli,6,1,0,1,1,0,0.0,LOW
Ranbir Goel,6,1,0,1,1,0,0.0,LOW
Azad Upadhyay,6,1,0,1,1,0,0.0,LOW
Zaid Sami,6,1,0,1,1,0,0.0,LOW
Anika Sodhi,6,1,0,1,1,0,0.0,LOW
Gayathri Varughese,6,1,0,1,1,0,0.0,LOW
Elijah Dash,6,1,0,1,1,0,0.0,LOW
Faras Batta,6,1,0,1,1,0,0.0,LOW
Owen Panchal,6,1,0,1,1,0,0.0,LOW
Bhavani Rao,6,1,0,1,1,0,0.0,LOW
Dayamai Sunder,6,1,0,1,1,0,0.0,LOW
Ekiya Mohanty,6,1,0,1,1,0,0.0,LOW
Quincy Oak,6,1,0,1,1,0,0.0,LOW
Yamini Chada,6,1,0,1,1,0,0.0,LOW
Nimrat Rajagopalan,6,1,0,1,1,0,0.0,LOW
Aarnav Basak,6,1,0,1,1,0,0.0,LOW
Tristan Rege,6,1,0,1,1,0,0.0,LOW
Abhimanyu Borah,6,1,0,1,1,0,0.0,LOW
Ridhi Krishnamurthy,6,1,0,1,1,0,0.0,LOW
Chanakya Sarraf,6,1,0,1,1,0,0.0,LOW
Nisha Subramaniam,6,1,0,1,1,0,0.0,LOW
Anthony Oza,6,1,0,1,1,0,0.0,LOW
Radha Aurora,6,1,0,1,1,0,0.0,LOW
Vritti Chana,6,1,0,1,1,0,0.0,LOW
Advik Chakraborty,6,1,0,1,1,0,0.0,LOW
Vedhika De,6,1,0,1,1,0,0.0,LOW
Rushil Bobal,6,1,0,1,1,0,0.0,LOW
Isaac Borah,6,1,0,1,1,0,0.0,LOW
Kalpit Halder,6,1,0,1,1,0,0.0,LOW
Omaja Tara,6,1,0,1,1,0,0.0,LOW
Omkaar Bansal,6,1,0,1,1,0,0.0,LOW
Vyanjana Deol,6,1,0,1,1,0,0.0,LOW
Oliver Sarraf,6,1,0,1,1,0,0.0,LOW
Nakul Garg,6,1,0,1,1,0,0.0,LOW
Gauri Agrawal,6,1,0,1,1,0,0.0,LOW
Yashasvi Bhakta,6,1,0,1,1,0,0.0,LOW
Vrishti Tandon,6,1,0,1,1,0,0.0,LOW
Madhavi Khosla,6,1,0,1,1,0,0.0,LOW
Rudra Khurana,6,1,0,1,1,0,0.0,LOW
Patrick Sankar,6,1,0,1,1,0,0.0,LOW
Balhaar Mitra,6,1,0,1,1,0,0.0,LOW
Nachiket Chakraborty,6,1,0,1,1,0,0.0,LOW
Aarini Hora,6,1,0,1,1,0,0.0,LOW
Praneel Thakkar,6,1,0,1,1,0,0.0,LOW
Daksh Loyal,6,1,0,1,1,0,0.0,LOW
Darpan Kumer,6,1,0,1,1,0,0.0,LOW
Garima Ramaswamy,6,1,0,1,1,0,0.0,LOW
Thomas Kara,6,1,0,1,1,0,0.0,LOW
Janya Mane,6,1,0,1,1,0,0.0,LOW
Laksh Panchal,6,1,0,1,1,0,0.0,LOW
Oviya Chada,6,1,0,1,1,0,0.0,LOW
Sanya Zachariah,6,1,0,1,1,0,0.0,LOW
Utkarsh Bansal,6,1,0,1,1,0,0.0,LOW
Upma Gala,6,1,0,1,1,0,0.0,LOW
Rajata Barman,6,1,0,1,1,0,0.0,LOW
Janya Sachar,6,1,0,1,1,0,0.0,LOW
Chanchal Dhaliwal,6,1,0,1,1,0,0.0,LOW
Hemang Sha,6,1,0,1,1,0,0.0,LOW
Varenya Ben,6,1,0,1,1,0,0.0,LOW
Jeremiah Dixit,6,1,0,1,1,0,0.0,LOW
Watika Upadhyay,6,1,0,1,1,0,0.0,LOW
Leena Bakshi,6,1,0,1,1,0,0.0,LOW
Peter Keer,6,1,0,1,1,0,0.0,LOW
Amara Sodhi,6,1,0,1,1,0,0.0,LOW
Oviya Chawla,6,1,0,1,1,0,0.0,LOW
Imaran Savant,6,1,0,1,1,0,0.0,LOW
Chanchal Guha,6,1,0,1,1,0,0.0,LOW
Tanveer Buch,6,1,0,1,1,0,0.0,LOW
Krisha Chana,6,1,0,1,1,0,0.0,LOW
Anika Hans,6,1,0,1,1,0,0.0,LOW
Ojasvi Patel,6,1,0,1,1,0,0.0,LOW
Vincent Chakrabarti,6,1,0,1,1,0,0.0,LOW
Triya Iyer,6,1,0,1,1,0,0.0,LOW
Nachiket Chopra,6,1,0,1,1,0,0.0,LOW
Urvashi Konda,6,1,0,1,1,0,0.0,LOW
Liam Lanka,6,1,0,1,1,0,0.0,LOW
Pranit Thaman,6,1,0,1,1,0,0.0,LOW
Ekiya Pau,6,1,0,1,1,0,0.0,LOW
Vinaya Khare,6,1,0,1,1,0,0.0,LOW
Upma Date,6,1,0,1,1,0,0.0,LOW
Ryan Sant,6,1,0,1,1,0,0.0,LOW
Pahal Buch,6,1,0,1,1,0,0.0,LOW
Manbir Sahota,6,1,0,1,1,0,0.0,LOW
Gaurang Amble,6,1,0,1,1,0,0.0,LOW
Krishna Datta,6,1,0,1,1,0,0.0,LOW
Kala Ravi,6,1,0,1,1,0,0.0,LOW
Ekbal Choudhury,6,1,0,1,1,0,0.0,LOW
Yahvi Gera,6,1,0,1,1,0,0.0,LOW
Dalbir Divan,6,1,0,1,1,0,0.0,LOW
Tarak Zacharia,6,1,0,1,1,0,0.0,LOW
Lipika Doshi,6,1,0,1,1,0,0.0,LOW
Indira Mitter,6,1,0,1,1,0,0.0,LOW
Januja Dixit,6,1,0,1,1,0,0.0,LOW
Ranveer Pai,6,1,0,1,1,0,0.0,LOW
Aarna Randhawa,6,1,0,1,1,0,0.0,LOW
Kashvi Rajan,6,1,0,1,1,0,0.0,LOW
Hemal Mukhopadhyay,6,1,0,1,1,0,0.0,LOW
Azad Tak,6,1,0,1,1,0,0.0,LOW
Vedant Tailor,6,1,0,1,1,0,0.0,LOW
Isaiah Dhar,6,1,0,1,1,0,0.0,LOW
Caleb Mand,6,1,0,1,1,0,0.0,LOW
Yatin Bir,6,1,0,1,1,0,0.0,LOW
Kavya Anne,6,1,0,1,1,0,0.0,LOW
Vamakshi Thaman,6,1,0,1,1,0,0.0,LOW
Dayita Subramaniam,6,1,0,1,1,0,0.0,LOW
Tanmayi Wable,6,1,0,1,1,0,0.0,LOW
Yatan Rao,6,1,0,1,1,0,0.0,LOW
Chaitaly Rastogi,6,1,0,1,1,0,0.0,LOW
Oviya Sama,6,1,0,1,1,0,0.0,LOW
Baljiwan Badal,6,1,0,1,1,0,0.0,LOW
Oni Munshi,6,1,0,1,1,0,0.0,LOW
Azad Behl,6,1,0,1,1,0,0.0,LOW
Ubika Nadkarni,6,1,0,1,1,0,0.0,LOW
Dayita Grewal,6,1,0,1,1,0,0.0,LOW
Raghav Ramanathan,6,1,0,1,1,0,0.0,LOW
Upasna Khosla,6,1,0,1,1,0,0.0,LOW
Pushti Suri,6,1,0,1,1,0,0.0,LOW
Gaurangi Agarwal,6,1,0,1,1,0,0.0,LOW
Ansh Gara,6,1,0,1,1,0,0.0,LOW
Dhruv Johal,6,1,0,1,1,0,0.0,LOW
Samesh Dixit,6,1,0,1,1,0,0.0,LOW
Mitesh Thakkar,6,1,0,1,1,0,0.0,LOW
Anika Rai,6,1,0,1,1,0,0.0,LOW
Hritik Jaggi,6,1,0,1,1,0,0.0,LOW
Mekhala Prashad,6,1,0,1,1,0,0.0,LOW
Fariq Ramakrishnan,6,1,0,1,1,0,0.0,LOW
Vidhi Dugar,6,1,0,1,1,0,0.0,LOW
Dhruv Bobal,6,1,0,1,1,0,0.0,LOW
Chandani Talwar,6,1,0,1,1,0,0.0,LOW
Akshay Wali,6,1,0,1,1,0,0.0,LOW
Anamika Rajagopalan,6,1,0,1,1,0,0.0,LOW
Dalaja Raj,6,1,0,1,1,0,0.0,LOW
Simon Setty,6,1,0,1,1,0,0.0,LOW
Pranav Singh,6,1,0,1,1,0,0.0,LOW
Dakshesh Bhattacharyya,6,1,0,1,1,0,0.0,LOW
Vinaya Sarraf,6,1,0,1,1,0,0.0,LOW
Qarin Pall,6,1,0,1,1,0,0.0,LOW
Thomas D’Alia,6,1,0,1,1,0,0.0,LOW
Vedant Dara,6,1,0,1,1,0,0.0,LOW
Hitesh Oza,6,1,0,1,1,0,0.0,LOW
Riya Parekh,6,1,0,1,1,0,0.0,LOW
Shivansh Khanna,6,1,0,1,1,0,0.0,LOW
Saanvi Pall,6,1,0,1,1,0,0.0,LOW
Sathvik Badal,6,1,0,1,1,0,0.0,LOW
Dev Trivedi,6,1,0,1,1,0,0.0,LOW
Udarsh Krishnamurthy,6,1,0,1,1,0,0.0,LOW
Kala Narula,6,1,0,1,1,0,0.0,LOW
Anmol Ramachandran,6,1,0,1,1,0,0.0,LOW
Frado Parikh,6,1,0,1,1,0,0.0,LOW
Anya Parekh,6,1,0,1,1,0,0.0,LOW
Viraj Menon,6,1,0,1,1,0,0.0,LOW
Vivaan Jaggi,6,1,0,1,1,0,0.0,LOW
Balveer Karpe,6,1,0,1,1,0,0.0,LOW
Pranit Mangat,6,1,0,1,1,0,0.0,LOW
Sneha Mallick,6,1,0,1,1,0,0.0,LOW
Omya Hegde,6,1,0,1,1,0,0.0,LOW
Damyanti Mandal,6,1,0,1,1,0,0.0,LOW
Unnati Sethi,6,1,0,1,1,0,0.0,LOW
Chameli Bhasin,6,1,0,1,1,0,0.0,LOW
Wyatt Gala,6,1,0,1,1,0,0.0,LOW
Eshana Gara,6,1,0,1,1,0,0.0,LOW
Vyanjana Murthy,6,1,0,1,1,0,0.0,LOW
Matthew Hayer,6,1,0,1,1,0,0.0,LOW
Triya Vora,6,1,0,1,1,0,0.0,LOW
Jatin Sengupta,6,1,0,1,1,0,0.0,LOW
Harinakshi Gole,6,1,0,1,1,0,0.0,LOW
Anika Raju,6,1,0,1,1,0,0.0,LOW
Ekbal Sura,6,1,0,1,1,0,0.0,LOW
Manthan Swaminathan,6,1,0,1,1,0,0.0,LOW
Siya Mukherjee,6,1,0,1,1,0,0.0,LOW
Darpan Vyas,6,1,0,1,1,0,0.0,LOW
Ladli Hayre,6,1,0,1,1,0,0.0,LOW
Finn Thaman,6,1,0,1,1,0,0.0,LOW
Harshil Raju,6,1,0,1,1,0,0.0,LOW
Theodore Bhakta,6,1,0,1,1,0,0.0,LOW
Ronith Oak,6,1,0,1,1,0,0.0,LOW
Balvan Vora,6,1,0,1,1,0,0.0,LOW
Gaurika Goda,6,1,0,1,1,0,0.0,LOW
Charvi Lanka,6,1,0,1,1,0,0.0,LOW
Siya Dhaliwal,6,1,0,1,1,0,0.0,LOW
Rajeshri Mukherjee,6,1,0,1,1,0,0.0,LOW
Henry Badal,6,1,0,1,1,0,0.0,LOW
Advika Batta,6,1,0,1,1,0,0.0,LOW
Yash Thakkar,6,1,0,1,1,0,0.0,LOW
Nirja Ratti,6,1,0,1,1,0,0.0,LOW
Ayushman Sunder,6,1,0,1,1,0,0.0,LOW
Samar Nair,6,1,0,1,1,0,0.0,LOW
Aditya Sehgal,6,1,0,1,1,0,0.0,LOW
Chanchal Bali,6,1,0,1,1,0,0.0,LOW
Reyansh Bir,6,1,0,1,1,0,0.0,LOW
Gagan Mukherjee,6,1,0,1,1,0,0.0,LOW
Gavin Arora,6,1,0,1,1,0,0.0,LOW
Mahika Oommen,6,1,0,1,1,0,0.0,LOW
Pratyush Bhargava,6,1,0,1,1,0,0.0,LOW
Lekha Srinivas,6,1,0,1,1,0,0.0,LOW
Champak Patla,6,1,0,1,1,0,0.0,LOW
Zayan Reddy,6,1,0,1,1,0,0.0,LOW
Anika Madan,6,1,0,1,1,0,0.0,LOW
Jeremiah Mital,6,1,0,1,1,0,0.0,LOW
Ojasvi Chander,6,1,0,1,1,0,0.0,LOW
Banjeet Khurana,6,1,0,1,1,0,0.0,LOW
Nidra Ray,6,1,0,1,1,0,0.0,LOW
Triya Pau,6,1,0,1,1,0,0.0,LOW
Lekha Chand,6,1,0,1,1,0,0.0,LOW
Keya Kothari,6,1,0,1,1,0,0.0,LOW
Ranveer Devi,6,1,0,1,1,0,0.0,LOW
Yahvi Hans,6,1,0,1,1,0,0.0,LOW
Jagvi Vyas,6,1,0,1,1,0,0.0,LOW
Dalbir Mangat,6,1,0,1,1,0,0.0,LOW
Advik Dhawan,6,1,0,1,1,0,0.0,LOW
Odika Chhabra,6,1,0,1,1,0,0.0,LOW
Yash Bath,6,1,0,1,1,0,0.0,LOW
Wakeeta Rao,6,1,0,1,1,0,0.0,LOW
Nakul Gupta,6,1,0,1,1,0,0.0,LOW
Balvan Thakur,6,1,0,1,1,0,0.0,LOW
Udant Palla,6,1,0,1,1,0,0.0,LOW
Hredhaan Raju,6,1,0,1,1,0,0.0,LOW
Avi Varghese,6,1,0,1,1,0,0.0,LOW
Quincy Choudhury,6,1,0,1,1,0,0.0,LOW
Daksha Varkey,6,1,0,1,1,0,0.0,LOW
Keya Mangal,6,1,0,1,1,0,0.0,LOW
Warinder Kunda,6,1,0,1,1,0,0.0,LOW
Gabriel Chand,6,1,0,1,1,0,0.0,LOW
Mahika Gopal,6,1,0,1,1,0,0.0,LOW
Zayyan Mander,6,1,0,1,1,0,0.0,LOW
Fitan Sundaram,6,1,0,1,1,0,0.0,LOW
Noah Mukhopadhyay,6,1,0,1,1,0,0.0,LOW
Bahadurjit Sawhney,6,1,0,1,1,0,0.0,LOW
Ishita Bedi,6,1,0,1,1,0,0.0,LOW
Kritika Deol,6,1,0,1,1,0,0.0,LOW
Ucchal Butala,6,1,0,1,1,0,0.0,LOW
Gauri Manne,6,1,0,1,1,0,0.0,LOW
Chandresh Mallick,6,1,0,1,1,0,0.0,LOW
Guneet Sule,6,1,0,1,1,0,0.0,LOW
Balvan Mammen,6,1,0,1,1,0,0.0,LOW
Sudiksha Sahni,6,1,0,1,1,0,0.0,LOW
Chakradhar Narayanan,6,1,0,1,1,0,0.0,LOW
Leela Kurian,6,1,0,1,1,0,0.0,LOW
Kashvi Bera,6,1,0,1,1,0,0.0,LOW
Saanvi Kapadia,6,1,0,1,1,0,0.0,LOW
Anirudh Dugal,6,1,0,1,1,0,0.0,LOW
Yatan Randhawa,6,1,0,1,1,0,0.0,LOW
Bhavika Khurana,6,1,0,1,1,0,0.0,LOW
Chavvi Aurora,6,1,0,1,1,0,0.0,LOW
Manan Mishra,6,1,0,1,1,0,0.0,LOW
Manya Sidhu,6,1,0,1,1,0,0.0,LOW
Tanish Sundaram,6,1,0,1,1,0,0.0,LOW
Harinakshi Salvi,6,1,0,1,1,0,0.0,LOW
Ishani Anand,6,1,0,1,1,0,0.0,LOW
Jason Ray,6,1,0,1,1,0,0.0,LOW
Warhi Sangha,6,1,0,1,1,0,0.0,LOW
Dominic Modi,6,1,0,1,1,0,0.0,LOW
Oni Goswami,6,1,0,1,1,0,0.0,LOW
Radhika Bhargava,6,1,0,1,1,0,0.0,LOW
Falguni Venkatesh,6,1,0,1,1,0,0.0,LOW
Pahal Korpal,6,1,0,1,1,0,0.0,LOW
Bhavna Buch,6,1,0,1,1,0,0.0,LOW
Hema Sunder,6,1,0,1,1,0,0.0,LOW
Azad Dutt,6,1,0,1,1,0,0.0,LOW
Kala Chadha,6,1,0,1,1,0,0.0,LOW
Shivani Barad,6,1,0,1,1,0,0.0,LOW
Isha Kannan,6,1,0,1,1,0,0.0,LOW
Tanay Devan,6,1,0,1,1,0,0.0,LOW
Benjamin Vora,6,1,0,1,1,0,0.0,LOW
Samesh Kar,6,1,0,1,1,0,0.0,LOW
Leela Shenoy,6,1,0,1,1,0,0.0,LOW
Gaurav Natt,6,1,0,1,1,0,0.0,LOW
Udarsh Chawla,6,1,0,1,1,0,0.0,LOW
Zinal Barad,6,1,0,1,1,0,0.0,LOW
Oni Subramanian,6,1,0,1,1,0,0.0,LOW
Ira Batra,6,1,0,1,1,0,0.0,LOW
Nakul Bains,6,1,0,1,1,0,0.0,LOW
Daksha Chander,6,1,0,1,1,0,0.0,LOW
Turvi Chana,6,1,0,1,1,0,0.0,LOW
Inaya Pillai,6,1,0,1,1,0,0.0,LOW
Darsh Narasimhan,6,1,0,1,1,0,0.0,LOW
Shivani Tella,6,1,0,1,1,0,0.0,LOW
Leena Ramaswamy,6,1,0,1,1,0,0.0,LOW
Baljiwan Saha,6,1,0,1,1,0,0.0,LOW
Chandani Rai,6,1,0,1,1,0,0.0,LOW
Fitan Patla,6,1,0,1,1,0,0.0,LOW
Faras Khatri,6,1,0,1,1,0,0.0,LOW
Nitara Murthy,6,1,0,1,1,0,0.0,LOW
Rajeshri Singh,6,1,0,1,1,0,0.0,LOW
Kai Shanker,6,1,0,1,1,0,0.0,LOW
Indrajit Krishnan,6,1,0,1,1,0,0.0,LOW
Ekansh Gopal,6,1,0,1,1,0,0.0,LOW
Dhriti Bajaj,6,1,0,1,1,0,0.0,LOW
Christopher Korpal,6,1,0,1,1,0,0.0,LOW
Manan Hans,6,1,0,1,1,0,0.0,LOW
Charles Gour,6,1,0,1,1,0,0.0,LOW
Hemang Atwal,6,1,0,1,1,0,0.0,LOW
Sarthak Palla,6,1,0,1,1,0,0.0,LOW
Jhalak Singh,6,1,0,1,1,0,0.0,LOW
Logan Prabhu,6,1,0,1,1,0,0.0,LOW
Zinal Morar,6,1,0,1,1,0,0.0,LOW
Panini Ghose,6,1,0,1,1,0,0.0,LOW
Sanya Kashyap,6,1,0,1,1,0,0.0,LOW
Baljiwan Saini,6,1,0,1,1,0,0.0,LOW
Michael Divan,6,1,0,1,1,0,0.0,LOW
Vanya Kata,6,1,0,1,1,0,0.0,LOW
Bakhshi Comar,6,1,0,1,1,0,0.0,LOW
Anya Majumdar,6,1,0,1,1,0,0.0,LOW
Aashi Batta,6,1,0,1,1,0,0.0,LOW
Jatin Narang,6,1,0,1,1,0,0.0,LOW
Sneha Sani,6,1,0,1,1,0,0.0,LOW
Aarnav Wason,6,1,0,1,1,0,0.0,LOW
Warhi Contractor,6,1,0,1,1,0,0.0,LOW
Jeremiah Ramesh,6,1,0,1,1,0,0.0,LOW
Sneha Comar,6,1,0,1,1,0,0.0,LOW
Henry Kibe,6,1,0,1,1,0,0.0,LOW
Niharika Edwin,6,1,0,1,1,0,0.0,LOW
Chakradhar Bava,6,1,0,1,1,0,0.0,LOW
Hitesh Kapadia,6,1,0,1,1,0,0.0,LOW
Krish Ratta,6,1,0,1,1,0,0.0,LOW
Aachal Kaur,6,1,0,1,1,0,0.0,LOW
Ridhi Bhatti,6,1,0,1,1,0,0.0,LOW
Adya Bhatti,6,1,0,1,1,0,0.0,LOW
Gaurika Khurana,6,1,0,1,1,0,0.0,LOW
Utkarsh Bera,6,1,0,1,1,0,0.0,LOW
Advaith Anne,6,1,0,1,1,0,0.0,LOW
Amara Chakrabarti,6,1,0,1,1,0,0.0,LOW
Chanakya Talwar,6,1,0,1,1,0,0.0,LOW
Liam Hegde,6,1,0,1,1,0,0.0,LOW
Yamini Venkataraman,6,1,0,1,1,0,0.0,LOW
Shravya Bains,6,1,0,1,1,0,0.0,LOW
Anusha Issac,6,1,0,1,1,0,0.0,LOW
Pratyush Sidhu,6,1,0,1,1,0,0.0,LOW
Ayushman Grewal,6,1,0,1,1,0,0.0,LOW
Sachi Balan,6,1,0,1,1,0,0.0,LOW
Aradhana Gour,6,1,0,1,1,0,0.0,LOW
Lakshit Parsa,6,1,0,1,1,0,0.0,LOW
Kavya Mody,6,1,0,1,1,0,0.0,LOW
Tanish Keer,6,1,0,1,1,0,0.0,LOW
Vedhika Savant,6,1,0,1,1,0,0.0,LOW
Ladli Bir,6,1,0,1,1,0,0.0,LOW
Kashish Manne,6,1,0,1,1,0,0.0,LOW
Dev Mohan,6,1,0,1,1,0,0.0,LOW
Chaitanya Dugar,6,1,0,1,1,0,0.0,LOW
Vidhi Brar,6,1,0,1,1,0,0.0,LOW
Darika Bose,6,1,0,1,1,0,0.0,LOW
Sathvik Bedi,6,1,0,1,1,0,0.0,LOW
Bishakha Dani,6,1,0,1,1,0,0.0,LOW
Megha Ramesh,6,1,0,1,1,0,0.0,LOW
Sanya Amble,6,1,0,1,1,0,0.0,LOW
Mohammed Mangal,6,1,0,1,1,0,0.0,LOW
Abdul Chaudhry,6,1,0,1,1,0,0.0,LOW
Warda Soni,6,1,0,1,1,0,0.0,LOW
Janani Savant,6,1,0,1,1,0,0.0,LOW
Jagvi Chaudhary,6,1,0,1,1,0,0.0,LOW
Faris Khare,6,1,0,1,1,0,0.0,LOW
Krish Mistry,6,1,0,1,1,0,0.0,LOW
Hredhaan Contractor,6,1,0,1,1,0,0.0,LOW
Chaman Sodhi,6,1,0,1,1,0,0.0,LOW
Onveer Bhatti,6,1,0,1,1,0,0.0,LOW
Qasim Chacko,6,1,0,1,1,0,0.0,LOW
Parth Suri,6,1,0,1,1,0,0.0,LOW
Balvan Borah,6,1,0,1,1,0,0.0,LOW
Vamakshi Bobal,6,1,0,1,1,0,0.0,LOW
Xavier Sandal,6,1,0,1,1,0,0.0,LOW
Pallavi Shroff,6,1,0,1,1,0,0.0,LOW
Arunima Reddy,6,1,0,1,1,0,0.0,LOW
Jason Prabhakar,6,1,0,1,1,0,0.0,LOW
Jagrati Chahal,6,1,0,1,1,0,0.0,LOW
Isha Dugal,6,1,0,1,1,0,0.0,LOW
Rachit Yohannan,6,1,0,1,1,0,0.0,LOW
Riya Sabharwal,6,1,0,1,1,0,0.0,LOW
Charita Wagle,6,1,0,1,1,0,0.0,LOW
Jagdish Tella,6,1,0,1,1,0,0.0,LOW
Gunbir Sen,6,1,0,1,1,0,0.0,LOW
Darpan Date,6,1,0,1,1,0,0.0,LOW
Vanya Date,6,1,0,1,1,0,0.0,LOW
Fitan D’Alia,6,1,0,1,1,0,0.0,LOW
Ekapad Varkey,6,1,0,1,1,0,0.0,LOW
Udarsh Nath,6,1,0,1,1,0,0.0,LOW
Netra Krishnan,6,1,0,1,1,0,0.0,LOW
Hamsini Barad,6,1,0,1,1,0,0.0,LOW
Lipika Vala,6,1,0,1,1,0,0.0,LOW
Ikbal Bala,6,1,0,1,1,0,0.0,LOW
Pranit Bansal,6,1,0,1,1,0,0.0,LOW
Hritik Dayal,6,1,0,1,1,0,0.0,LOW
Fariq Dass,6,1,0,1,1,0,0.0,LOW
Indira Sem,6,1,0,1,1,0,0.0,LOW
Manbir Kar,6,1,0,1,1,0,0.0,LOW
Lila Padmanabhan,6,1,0,1,1,0,0.0,LOW
Ryan Dhawan,6,1,0,1,1,0,0.0,LOW
Hemal Soni,6,1,0,1,1,0,0.0,LOW
Urishilla Sura,6,1,0,1,1,0,0.0,LOW
Aryan Tak,6,1,0,1,1,0,0.0,LOW
Nathan Goel,6,1,0,1,1,0,0.0,LOW
Chandran Pal,6,1,0,1,1,0,0.0,LOW
Rushil Tailor,6,1,0,1,1,0,0.0,LOW
Abdul Konda,6,1,0,1,1,0,0.0,LOW
Yuvraj Kashyap,6,1,0,1,1,0,0.0,LOW
Divya Bail,6,1,0,1,1,0,0.0,LOW
Chatresh Chander,6,1,0,1,1,0,0.0,LOW
Zaid Halder,6,1,0,1,1,0,0.0,LOW
Advaith Badami,6,1,0,1,1,0,0.0,LOW
Om Chad,6,1,0,1,1,0,0.0,LOW
Falak Parikh,6,1,0,1,1,0,0.0,LOW
Mitali Pandey,6,1,0,1,1,0,0.0,LOW
Alexander Bajwa,6,1,0,1,1,0,0.0,LOW
Hema Ravi,6,1,0,1,1,0,0.0,LOW
Odika Hans,6,1,0,1,1,0,0.0,LOW
Idika Swaminathan,6,1,0,1,1,0,0.0,LOW
Ekani Butala,6,1,0,1,1,0,0.0,LOW
Eiravati Dave,6,1,0,1,1,0,0.0,LOW
Darpan Goyal,6,1,0,1,1,0,0.0,LOW
Qabil Bava,6,1,0,1,1,0,0.0,LOW
Suhani Peri,6,1,0,1,1,0,0.0,LOW
Zehaan Tripathi,6,1,0,1,1,0,0.0,LOW
Radha Pall,6,1,0,1,1,0,0.0,LOW
Zansi Dave,6,1,0,1,1,0,0.0,LOW
Ojas Gara,6,1,0,1,1,0,0.0,LOW
Kashvi Sankaran,6,1,0,1,1,0,0.0,LOW
Upma Char,6,1,0,1,1,0,0.0,LOW
Isaiah Mander,6,1,0,1,1,0,0.0,LOW
Widisha Iyengar,6,1,0,1,1,0,0.0,LOW
Nakul Dhingra,6,1,0,1,1,0,0.0,LOW
Veda Yohannan,6,1,0,1,1,0,0.0,LOW
Kalpit Sami,6,1,0,1,1,0,0.0,LOW
Prisha Mistry,6,1,0,1,1,0,0.0,LOW
Wridesh Bhardwaj,6,1,0,1,1,0,0.0,LOW
Shivansh Chatterjee,6,1,0,1,1,0,0.0,LOW
Harshil Varughese,6,1,0,1,1,0,0.0,LOW
Avni Radhakrishnan,6,1,0,1,1,0,0.0,LOW
Jyoti Natt,6,1,0,1,1,0,0.0,LOW
Wyatt Brar,6,1,0,1,1,0,0.0,LOW
Kavya Din,6,1,0,1,1,0,0.0,LOW
Quincy Prakash,6,1,0,1,1,0,0.0,LOW
Vinaya Mallick,6,1,0,1,1,0,0.0,LOW
Bhavini Parekh,6,1,0,1,1,0,0.0,LOW
Zarna Mammen,6,1,0,1,1,0,0.0,LOW
Yagnesh Kaur,6,1,0,1,1,0,0.0,LOW
Jagvi Agrawal,6,1,0,1,1,0,0.0,LOW
Samuel Bobal,6,1,0,1,1,0,0.0,LOW
Chanchal Rastogi,6,1,0,1,1,0,0.0,LOW
Sanya Chand,6,1,0,1,1,0,0.0,LOW
Amaira Kulkarni,6,1,0,1,1,0,0.0,LOW
Hitesh Gara,6,1,0,1,1,0,0.0,LOW
Inaya Soni,6,1,0,1,1,0,0.0,LOW
Libni Sami,6,1,0,1,1,0,0.0,LOW
Luke Deshmukh,6,1,0,1,1,0,0.0,LOW
Yashawini D’Alia,6,1,0,1,1,0,0.0,LOW
Bimala Kaul,6,1,0,1,1,0,0.0,LOW
Jai Barman,6,1,0,1,1,0,0.0,LOW
Avni Ahluwalia,6,1,0,1,1,0,0.0,LOW
Balveer Mani,6,1,0,1,1,0,0.0,LOW
Aarav Issac,6,1,0,1,1,0,0.0,LOW
Dalbir Parikh,6,1,0,1,1,0,0.0,LOW
Janani Nadig,6,1,0,1,1,0,0.0,LOW
Aadi Kapoor,6,1,0,1,1,0,0.0,LOW
Anjali Agrawal,6,1,0,1,1,0,0.0,LOW
Dalaja Kohli,6,1,0,1,1,0,0.0,LOW
Amrita Reddy,6,1,0,1,1,0,0.0,LOW
Kavya Pradhan,6,1,0,1,1,0,0.0,LOW
Bakhshi Dhingra,6,1,0,1,1,0,0.0,LOW
Forum Ratti,6,1,0,1,1,0,0.0,LOW
Vasudha Vaidya,6,1,0,1,1,0,0.0,LOW
Manya Prabhu,6,1,0,1,1,0,0.0,LOW
Dakshesh Keer,6,1,0,1,1,0,0.0,LOW
Aahana Bahri,6,1,0,1,1,0,0.0,LOW
Yatin Krishnamurthy,6,1,0,1,1,0,0.0,LOW
Arin Kala,6,1,0,1,1,0,0.0,LOW
Girik Vasa,6,1,0,1,1,0,0.0,LOW
Dhruv Iyer,6,1,0,1,1,0,0.0,LOW
Rehaan Sekhon,6,1,0,1,1,0,0.0,LOW
Bhavika Shukla,6,1,0,1,1,0,0.0,LOW
Oeshi Gade,6,1,0,1,1,0,0.0,LOW
Tarak Ganguly,6,1,0,1,1,0,0.0,LOW
Yashodhara Natarajan,6,1,0,1,1,0,0.0,LOW
Nikita Mitter,6,1,0,1,1,0,0.0,LOW
Aradhana Basak,6,1,0,1,1,0,0.0,LOW
Jonathan Anne,6,1,0,1,1,0,0.0,LOW
Vrishti Purohit,6,1,0,1,1,0,0.0,LOW
Logan Vaidya,6,1,0,1,1,0,0.0,LOW
Wridesh Sunder,6,1,0,1,1,0,0.0,LOW
Amol Biswas,6,1,0,1,1,0,0.0,LOW
Yashoda Wadhwa,6,1,0,1,1,0,0.0,LOW
Ekanta Sankaran,6,1,0,1,1,0,0.0,LOW
Ojasvi Chad,6,1,0,1,1,0,0.0,LOW
Eiravati Soni,6,1,0,1,1,0,0.0,LOW
Zilmil Choudhury,6,1,0,1,1,0,0.0,LOW
Omya Butala,6,1,0,1,1,0,0.0,LOW
Nidhi Sen,6,1,0,1,1,0,0.0,LOW
Aarnav Majumdar,6,1,0,1,1,0,0.0,LOW
Waida Dani,6,1,0,1,1,0,0.0,LOW
Urmi Basak,6,1,0,1,1,0,0.0,LOW
Reva Chawla,6,1,0,1,1,0,0.0,LOW
Mitali Parekh,6,1,0,1,1,0,0.0,LOW
Varenya Mahal,6,1,0,1,1,0,0.0,LOW
Lajita Chaudry,6,1,0,1,1,0,0.0,LOW
Adweta Kapoor,6,1,0,1,1,0,0.0,LOW
Tanveer Tara,6,1,0,1,1,0,0.0,LOW
Zashil Devi,6,1,0,1,1,0,0.0,LOW
Upkaar Deo,6,1,0,1,1,0,0.0,LOW
Raghav Kuruvilla,6,1,0,1,1,0,0.0,LOW
Onveer Thakur,6,1,0,1,1,0,0.0,LOW
Daksh Pandey,6,1,0,1,1,0,0.0,LOW
Unni Raja,6,1,0,1,1,0,0.0,LOW
Dakshesh Bala,6,1,0,1,1,0,0.0,LOW
Ekani Nori,6,1,0,1,1,0,0.0,LOW
Aarnav Mammen,6,1,0,1,1,0,0.0,LOW
Ishwar Tella,6,1,0,1,1,0,0.0,LOW
Krish Pall,6,1,0,1,1,0,0.0,LOW
Dhruv Kata,6,1,0,1,1,0,0.0,LOW
Mekhala Mukhopadhyay,6,1,0,1,1,0,0.0,LOW
Jagvi Rau,6,1,0,1,1,0,0.0,LOW
Ethan Ghosh,6,1,0,1,1,0,0.0,LOW
Nikita Sarkar,6,1,0,1,1,0,0.0,LOW
Maya Bose,6,1,0,1,1,0,0.0,LOW
Shivani Nayak,6,1,0,1,1,0,0.0,LOW
Ayaan Gandhi,6,1,0,1,1,0,0.0,LOW
Krishna Bhargava,6,1,0,1,1,0,0.0,LOW
Ekalinga Madan,6,1,0,1,1,0,0.0,LOW
Shaurya Sastry,6,1,0,1,1,0,0.0,LOW
Baljiwan Khurana,6,1,0,1,1,0,0.0,LOW
Wyatt Char,6,1,0,1,1,0,0.0,LOW
Anya Ramanathan,6,1,0,1,1,0,0.0,LOW
Bhavini Ratta,6,1,0,1,1,0,0.0,LOW
Dev Tiwari,6,1,0,1,1,0,0.0,LOW
Owen Anne,6,1,0,1,1,0,0.0,LOW
Chandran Brar,6,1,0,1,1,0,0.0,LOW
Atharv Raman,6,1,0,1,1,0,0.0,LOW
Warda Ramaswamy,6,1,0,1,1,0,0.0,LOW
Ronith Khanna,6,1,0,1,1,0,0.0,LOW
Tripti Thaman,6,1,0,1,1,0,0.0,LOW
Ridhi Sarraf,6,1,0,1,1,0,0.0,LOW
Radhika Parmar,6,1,0,1,1,0,0.0,LOW
Amara Tak,6,1,0,1,1,0,0.0,LOW
Tanmayi Parsa,6,1,0,1,1,0,0.0,LOW
Nirja Saran,6,1,0,1,1,0,0.0,LOW
Prisha Bhagat,6,1,0,1,1,0,0.0,LOW
Lipika Kanda,6,1,0,1,1,0,0.0,LOW
Maanas Golla,6,1,0,1,1,0,0.0,LOW
Samesh Rau,6,1,0,1,1,0,0.0,LOW
Divya Cheema,6,1,0,1,1,0,0.0,LOW
Kamya Chatterjee,6,1,0,1,1,0,0.0,LOW
Upadhriti Tailor,6,1,0,1,1,0,0.0,LOW
Qabil Mitter,6,1,0,1,1,0,0.0,LOW
Anirudh Babu,6,1,0,1,1,0,0.0,LOW
Chandran Oza,6,1,0,1,1,0,0.0,LOW
Avi Prabhakar,6,1,0,1,1,0,0.0,LOW
Chaitaly Rajagopal,6,1,0,1,1,0,0.0,LOW
Faras Saran,6,1,0,1,1,0,0.0,LOW
Krish Madan,6,1,0,1,1,0,0.0,LOW
Nandini Mangal,6,1,0,1,1,0,0.0,LOW
Fitan Garg,6,1,0,1,1,0,0.0,LOW
Nilima Chad,6,1,0,1,1,0,0.0,LOW
Nakul Aurora,6,1,0,1,1,0,0.0,LOW
Bhavani Uppal,6,1,0,1,1,0,0.0,LOW
Indali Nadig,6,1,0,1,1,0,0.0,LOW
Gaurang Soman,6,1,0,1,1,0,0.0,LOW
Ekapad Sood,6,1,0,1,1,0,0.0,LOW
Daksha Boase,6,1,0,1,1,0,0.0,LOW
Girik Chaudhari,6,1,0,1,1,0,0.0,LOW
Noah Badami,6,1,0,1,1,0,0.0,LOW
Yuvraj Oak,6,1,0,1,1,0,0.0,LOW
Hema Edwin,6,1,0,1,1,0,0.0,LOW
Hardik Kade,6,1,0,1,1,0,0.0,LOW
Lekha Mishra,6,1,0,1,1,0,0.0,LOW
Girindra Parekh,6,1,0,1,1,0,0.0,LOW
Chaaya Bhatti,6,1,0,1,1,0,0.0,LOW
Chasmum Borde,6,1,0,1,1,0,0.0,LOW
Eesha Manne,6,1,0,1,1,0,0.0,LOW
Darsh Kale,6,1,0,1,1,0,0.0,LOW
Ucchal Bhatia,6,1,0,1,1,0,0.0,LOW
Aayush Deshpande,6,1,0,1,1,0,0.0,LOW
Rayaan Golla,6,1,0,1,1,0,0.0,LOW
Isaac Koshy,6,1,0,1,1,0,0.0,LOW
Michael Hans,6,1,0,1,1,0,0.0,LOW
Anika Lad,6,1,0,1,1,0,0.0,LOW
Mitali Halder,6,1,0,1,1,0,0.0,LOW
Ishani Mitra,6,1,0,1,1,0,0.0,LOW
Chaaya Bhavsar,6,1,0,1,1,0,0.0,LOW
Isaac Butala,6,1,0,1,1,0,0.0,LOW
Tanmayi Rajagopalan,6,1,0,1,1,0,0.0,LOW
Darsh Hans,6,1,0,1,1,0,0.0,LOW
Girik Sundaram,6,1,0,1,1,0,0.0,LOW
Devika Raman,6,1,0,1,1,0,0.0,LOW
Chatresh Ghose,6,1,0,1,1,0,0.0,LOW
Xavier Gulati,6,1,0,1,1,0,0.0,LOW
Jasmit Doshi,6,1,0,1,1,0,0.0,LOW
Patrick Kadakia,6,1,0,1,1,0,0.0,LOW
Nihal Chaudhuri,6,1,0,1,1,0,0.0,LOW
Aashi Mohanty,6,1,0,1,1,0,0.0,LOW
Vansha Shah,6,1,0,1,1,0,0.0,LOW
Neha Sarna,6,1,0,1,1,0,0.0,LOW
Yadavi Bhatt,6,1,0,1,1,0,0.0,LOW
Nitara Mitra,6,1,0,1,1,0,0.0,LOW
Vincent Rout,6,1,0,1,1,0,0.0,LOW
Xalak Amble,6,1,0,1,1,0,0.0,LOW
Jalsa Bansal,6,1,0,1,1,0,0.0,LOW
Jason Panchal,6,1,0,1,1,0,0.0,LOW
Zarna Das,6,1,0,1,1,0,0.0,LOW
Sachi Seshadri,6,1,0,1,1,0,0.0,LOW
Xiti Sanghvi,6,1,0,1,1,0,0.0,LOW
Samarth Bhat,6,1,0,1,1,0,0.0,LOW
Falak Rattan,6,1,0,1,1,0,0.0,LOW
Vritti Wali,6,1,0,1,1,0,0.0,LOW
Hemang Kuruvilla,6,1,0,1,1,0,0.0,LOW
Ikbal Lanka,6,1,0,1,1,0,0.0,LOW
Xiti Grover,6,1,0,1,1,0,0.0,LOW
Dakshesh Savant,6,1,0,1,1,0,0.0,LOW
Atharv Lanka,6,1,0,1,1,0,0.0,LOW
Robert D’Alia,6,1,0,1,1,0,0.0,LOW
Isaac Sibal,6,1,0,1,1,0,0.0,LOW
Reva Bose,6,1,0,1,1,0,0.0,LOW
Harrison Ramanathan,6,1,0,1,1,0,0.0,LOW
Onveer Sami,6,1,0,1,1,0,0.0,LOW
Jack Tank,6,1,0,1,1,0,0.0,LOW
Vasana Rama,6,1,0,1,1,0,0.0,LOW
Siya Talwar,6,1,0,1,1,0,0.0,LOW
Ucchal Rau,6,1,0,1,1,0,0.0,LOW
Ekalinga Kanda,6,1,0,1,1,0,0.0,LOW
Jai Chaudry,6,1,0,1,1,0,0.0,LOW
Faraj Murty,6,1,0,1,1,0,0.0,LOW
Abdul Pingle,6,1,0,1,1,0,0.0,LOW
Darpan Natarajan,6,1,0,1,1,0,0.0,LOW
Hamsini Vora,6,1,0,1,1,0,0.0,LOW
Varenya Tiwari,6,1,0,1,1,0,0.0,LOW
Yash Chander,6,1,0,1,1,0,0.0,LOW
Rayaan Dhaliwal,6,1,0,1,1,0,0.0,LOW
Yochana Mody,6,1,0,1,1,0,0.0,LOW
Yauvani Buch,6,1,0,1,1,0,0.0,LOW
Rajeshri Dutta,6,1,0,1,1,0,0.0,LOW
Amara Bal,6,1,0,1,1,0,0.0,LOW
Aradhana Jha,6,1,0,1,1,0,0.0,LOW
Jeevika Deol,6,1,0,1,1,0,0.0,LOW
Yashvi Murthy,6,1,0,1,1,0,0.0,LOW
Vinaya Raman,6,1,0,1,1,0,0.0,LOW
Bakhshi Balay,6,1,0,1,1,0,0.0,LOW
Anay Pandit,6,1,0,1,1,0,0.0,LOW
Yashodhara Vaidya,6,1,0,1,1,0,0.0,LOW
Chandani Dave,6,1,0,1,1,0,0.0,LOW
